2022-05-25 14:03:54 WARNING  Starting
2022-05-25 14:03:57 ERROR    Failure: 172717110701069407241174406021285620737 : http://localhost:3000/pagekit/index.php/admin/dashboard -> Failed to load resource: the server responded with a status of 404 (Not Found)
2022-05-25 14:03:57 ERROR    Failure: 105300557729261157098417819715091919465 : http://localhost:3000/pagekit/index.php/admin/dashboard -> status code(404) -> 
2022-05-25 14:03:59 ERROR    Failure: 172717110701069407241174406021285620737 : http://localhost:3000/pagekit/index.php/admin/dashboard -> Failed to load resource: the server responded with a status of 404 (Not Found)
2022-05-25 14:03:59 ERROR    Failure: 80165734902288621318310788211409255354 : http://localhost:3000/pagekit/admin/system/update -> status code(404) -> <!DOCTYPE HTML PUBLIC "-//IETF//DTD HTML 2.0//EN">	<html><head>	<title>404 Not Found</title>	</head><body>	<h1>Not Found</h1>	<p>The requested URL /pagekit/admin/system/update was not found on this server.</p>	<hr>	<address>Apache/2.4.18 (Ubuntu) Server at localhost Port 3000</address>	</body></html>	
2022-05-25 14:04:00 ERROR    Failure: 172717110701069407241174406021285620737 : http://localhost:3000/pagekit/index.php/admin/dashboard -> Failed to load resource: the server responded with a status of 404 (Not Found)
2022-05-25 14:04:00 ERROR    Failure: 105300557729261157098417819715091919465 : http://localhost:3000/pagekit/index.php/admin/dashboard -> status code(404) -> 
2022-05-25 14:04:09 ERROR    Failure: 172717110701069407241174406021285620737 : http://localhost:3000/pagekit/index.php/admin/dashboard -> Failed to load resource: the server responded with a status of 404 (Not Found)
2022-05-25 14:04:09 ERROR    Failure: 105300557729261157098417819715091919465 : http://localhost:3000/pagekit/index.php/admin/dashboard -> status code(404) -> 
2022-05-25 14:04:13 ERROR    Failure: 262513326802567628094931167029883077585 : http://localhost:3000/pagekit/index.php/admin/user/edit?id=1 -> net::ERR_ABORTED
2022-05-25 14:04:16 ERROR    Failure: 172717110701069407241174406021285620737 : http://localhost:3000/pagekit/index.php/admin/dashboard -> Failed to load resource: the server responded with a status of 404 (Not Found)
2022-05-25 14:04:16 ERROR    Failure: 105300557729261157098417819715091919465 : http://localhost:3000/pagekit/index.php/admin/dashboard -> status code(404) -> 
2022-05-25 14:04:26 ERROR    Failure: 172717110701069407241174406021285620737 : http://localhost:3000/pagekit/index.php/admin/dashboard -> Failed to load resource: the server responded with a status of 404 (Not Found)
2022-05-25 14:04:26 ERROR    Failure: 105300557729261157098417819715091919465 : http://localhost:3000/pagekit/index.php/admin/dashboard -> status code(404) -> 
2022-05-25 14:04:30 ERROR    Failure: 172717110701069407241174406021285620737 : http://localhost:3000/pagekit/index.php/admin/dashboard -> Failed to load resource: the server responded with a status of 404 (Not Found)
2022-05-25 14:04:30 ERROR    Failure: 80165734902288621318310788211409255354 : http://localhost:3000/pagekit/admin/system/update -> status code(404) -> <!DOCTYPE HTML PUBLIC "-//IETF//DTD HTML 2.0//EN">	<html><head>	<title>404 Not Found</title>	</head><body>	<h1>Not Found</h1>	<p>The requested URL /pagekit/admin/system/update was not found on this server.</p>	<hr>	<address>Apache/2.4.18 (Ubuntu) Server at localhost Port 3000</address>	</body></html>	
2022-05-25 14:04:31 ERROR    Failure: 172717110701069407241174406021285620737 : http://localhost:3000/pagekit/index.php/admin/dashboard -> Failed to load resource: the server responded with a status of 404 (Not Found)
2022-05-25 14:04:31 ERROR    Failure: 105300557729261157098417819715091919465 : http://localhost:3000/pagekit/index.php/admin/dashboard -> status code(404) -> 
2022-05-25 14:04:39 ERROR    Failure: 172717110701069407241174406021285620737 : http://localhost:3000/pagekit/index.php/admin/dashboard -> Failed to load resource: the server responded with a status of 404 (Not Found)
2022-05-25 14:04:39 ERROR    Failure: 105300557729261157098417819715091919465 : http://localhost:3000/pagekit/index.php/admin/dashboard -> status code(404) -> 
2022-05-25 14:04:46 ERROR    Failure: 172717110701069407241174406021285620737 : http://localhost:3000/pagekit/index.php/admin/dashboard -> Failed to load resource: the server responded with a status of 404 (Not Found)
2022-05-25 14:04:46 ERROR    Failure: 105300557729261157098417819715091919465 : http://localhost:3000/pagekit/index.php/admin/dashboard -> status code(404) -> 
2022-05-25 14:04:54 ERROR    Failure: 172717110701069407241174406021285620737 : http://localhost:3000/pagekit/index.php/admin/dashboard -> Failed to load resource: the server responded with a status of 404 (Not Found)
2022-05-25 14:04:54 ERROR    Failure: 105300557729261157098417819715091919465 : http://localhost:3000/pagekit/index.php/admin/dashboard -> status code(404) -> 
2022-05-25 14:04:57 ERROR    Failure: 63661048957111971139043659084403729172 : http://localhost:3000/pagekit/index.php/admin/user# -> Failed to load resource: the server responded with a status of 400 (Bad Request)
2022-05-25 14:04:57 ERROR    Failure: 108454993266047261493729590968796755788 : http://localhost:3000/pagekit/index.php/admin/user# -> status code(400) -> "Unable to block yourself."
2022-05-25 14:05:03 ERROR    Failure: 172717110701069407241174406021285620737 : http://localhost:3000/pagekit/index.php/admin/dashboard -> Failed to load resource: the server responded with a status of 404 (Not Found)
2022-05-25 14:05:03 ERROR    Failure: 105300557729261157098417819715091919465 : http://localhost:3000/pagekit/index.php/admin/dashboard -> status code(404) -> 
2022-05-25 14:05:05 ERROR    Failure: 172717110701069407241174406021285620737 : http://localhost:3000/pagekit/index.php/admin/dashboard -> Failed to load resource: the server responded with a status of 404 (Not Found)
2022-05-25 14:05:05 ERROR    Failure: 80165734902288621318310788211409255354 : http://localhost:3000/pagekit/admin/system/update -> status code(404) -> <!DOCTYPE HTML PUBLIC "-//IETF//DTD HTML 2.0//EN">	<html><head>	<title>404 Not Found</title>	</head><body>	<h1>Not Found</h1>	<p>The requested URL /pagekit/admin/system/update was not found on this server.</p>	<hr>	<address>Apache/2.4.18 (Ubuntu) Server at localhost Port 3000</address>	</body></html>	
2022-05-25 14:05:06 ERROR    Failure: 172717110701069407241174406021285620737 : http://localhost:3000/pagekit/index.php/admin/dashboard -> Failed to load resource: the server responded with a status of 404 (Not Found)
2022-05-25 14:05:06 ERROR    Failure: 105300557729261157098417819715091919465 : http://localhost:3000/pagekit/index.php/admin/dashboard -> status code(404) -> 
2022-05-25 14:05:16 ERROR    Failure: 172717110701069407241174406021285620737 : http://localhost:3000/pagekit/index.php/admin/dashboard -> Failed to load resource: the server responded with a status of 404 (Not Found)
2022-05-25 14:05:16 ERROR    Failure: 105300557729261157098417819715091919465 : http://localhost:3000/pagekit/index.php/admin/dashboard -> status code(404) -> 
2022-05-25 14:05:22 ERROR    Failure: 172717110701069407241174406021285620737 : http://localhost:3000/pagekit/index.php/admin/dashboard -> Failed to load resource: the server responded with a status of 404 (Not Found)
2022-05-25 14:05:22 ERROR    Failure: 105300557729261157098417819715091919465 : http://localhost:3000/pagekit/index.php/admin/dashboard -> status code(404) -> 
2022-05-25 14:05:31 ERROR    Failure: 172717110701069407241174406021285620737 : http://localhost:3000/pagekit/index.php/admin/dashboard -> Failed to load resource: the server responded with a status of 404 (Not Found)
2022-05-25 14:05:31 ERROR    Failure: 105300557729261157098417819715091919465 : http://localhost:3000/pagekit/index.php/admin/dashboard -> status code(404) -> 
2022-05-25 14:05:32 ERROR    Failure: 172717110701069407241174406021285620737 : http://localhost:3000/pagekit/index.php/admin/dashboard -> Failed to load resource: the server responded with a status of 404 (Not Found)
2022-05-25 14:05:32 ERROR    Failure: 80165734902288621318310788211409255354 : http://localhost:3000/pagekit/admin/system/update -> status code(404) -> <!DOCTYPE HTML PUBLIC "-//IETF//DTD HTML 2.0//EN">	<html><head>	<title>404 Not Found</title>	</head><body>	<h1>Not Found</h1>	<p>The requested URL /pagekit/admin/system/update was not found on this server.</p>	<hr>	<address>Apache/2.4.18 (Ubuntu) Server at localhost Port 3000</address>	</body></html>	
2022-05-25 14:05:33 ERROR    Failure: 172717110701069407241174406021285620737 : http://localhost:3000/pagekit/index.php/admin/dashboard -> Failed to load resource: the server responded with a status of 404 (Not Found)
2022-05-25 14:05:33 ERROR    Failure: 105300557729261157098417819715091919465 : http://localhost:3000/pagekit/index.php/admin/dashboard -> status code(404) -> 
2022-05-25 14:05:39 ERROR    Failure: 172717110701069407241174406021285620737 : http://localhost:3000/pagekit/index.php/admin/dashboard -> Failed to load resource: the server responded with a status of 404 (Not Found)
2022-05-25 14:05:39 ERROR    Failure: 105300557729261157098417819715091919465 : http://localhost:3000/pagekit/index.php/admin/dashboard -> status code(404) -> 
2022-05-25 14:05:46 ERROR    Failure: 172717110701069407241174406021285620737 : http://localhost:3000/pagekit/index.php/admin/dashboard -> Failed to load resource: the server responded with a status of 404 (Not Found)
2022-05-25 14:05:46 ERROR    Failure: 105300557729261157098417819715091919465 : http://localhost:3000/pagekit/index.php/admin/dashboard -> status code(404) -> 
2022-05-25 14:05:50 ERROR    Failure: 172717110701069407241174406021285620737 : http://localhost:3000/pagekit/index.php/admin/dashboard -> Failed to load resource: the server responded with a status of 404 (Not Found)
2022-05-25 14:05:50 ERROR    Failure: 105300557729261157098417819715091919465 : http://localhost:3000/pagekit/index.php/admin/dashboard -> status code(404) -> 
2022-05-25 14:05:57 ERROR    Failure: 172717110701069407241174406021285620737 : http://localhost:3000/pagekit/index.php/admin/dashboard -> Failed to load resource: the server responded with a status of 404 (Not Found)
2022-05-25 14:05:57 ERROR    Failure: 105300557729261157098417819715091919465 : http://localhost:3000/pagekit/index.php/admin/dashboard -> status code(404) -> 
2022-05-25 14:06:07 ERROR    Failure: 172717110701069407241174406021285620737 : http://localhost:3000/pagekit/index.php/admin/dashboard -> Failed to load resource: the server responded with a status of 404 (Not Found)
2022-05-25 14:06:07 ERROR    Failure: 105300557729261157098417819715091919465 : http://localhost:3000/pagekit/index.php/admin/dashboard -> status code(404) -> 
2022-05-25 14:06:08 ERROR    Failure: 172717110701069407241174406021285620737 : http://localhost:3000/pagekit/index.php/admin/dashboard -> Failed to load resource: the server responded with a status of 404 (Not Found)
2022-05-25 14:06:08 ERROR    Failure: 80165734902288621318310788211409255354 : http://localhost:3000/pagekit/admin/system/update -> status code(404) -> <!DOCTYPE HTML PUBLIC "-//IETF//DTD HTML 2.0//EN">	<html><head>	<title>404 Not Found</title>	</head><body>	<h1>Not Found</h1>	<p>The requested URL /pagekit/admin/system/update was not found on this server.</p>	<hr>	<address>Apache/2.4.18 (Ubuntu) Server at localhost Port 3000</address>	</body></html>	
2022-05-25 14:06:09 ERROR    Failure: 172717110701069407241174406021285620737 : http://localhost:3000/pagekit/index.php/admin/dashboard -> Failed to load resource: the server responded with a status of 404 (Not Found)
2022-05-25 14:06:09 ERROR    Failure: 105300557729261157098417819715091919465 : http://localhost:3000/pagekit/index.php/admin/dashboard -> status code(404) -> 
2022-05-25 14:06:16 ERROR    Failure: 172717110701069407241174406021285620737 : http://localhost:3000/pagekit/index.php/admin/dashboard -> Failed to load resource: the server responded with a status of 404 (Not Found)
2022-05-25 14:06:16 ERROR    Failure: 105300557729261157098417819715091919465 : http://localhost:3000/pagekit/index.php/admin/dashboard -> status code(404) -> 
2022-05-25 14:06:21 ERROR    Failure: 172717110701069407241174406021285620737 : http://localhost:3000/pagekit/index.php/admin/dashboard -> Failed to load resource: the server responded with a status of 404 (Not Found)
2022-05-25 14:06:21 ERROR    Failure: 105300557729261157098417819715091919465 : http://localhost:3000/pagekit/index.php/admin/dashboard -> status code(404) -> 
2022-05-25 14:06:29 ERROR    Failure: 172717110701069407241174406021285620737 : http://localhost:3000/pagekit/index.php/admin/dashboard -> Failed to load resource: the server responded with a status of 404 (Not Found)
2022-05-25 14:06:29 ERROR    Failure: 105300557729261157098417819715091919465 : http://localhost:3000/pagekit/index.php/admin/dashboard -> status code(404) -> 
2022-05-25 14:06:35 ERROR    Failure: 172717110701069407241174406021285620737 : http://localhost:3000/pagekit/index.php/admin/dashboard -> Failed to load resource: the server responded with a status of 404 (Not Found)
2022-05-25 14:06:35 ERROR    Failure: 105300557729261157098417819715091919465 : http://localhost:3000/pagekit/index.php/admin/dashboard -> status code(404) -> 
2022-05-25 14:06:36 ERROR    Failure: 172717110701069407241174406021285620737 : http://localhost:3000/pagekit/index.php/admin/dashboard -> Failed to load resource: the server responded with a status of 404 (Not Found)
2022-05-25 14:06:36 ERROR    Failure: 80165734902288621318310788211409255354 : http://localhost:3000/pagekit/admin/system/update -> status code(404) -> <!DOCTYPE HTML PUBLIC "-//IETF//DTD HTML 2.0//EN">	<html><head>	<title>404 Not Found</title>	</head><body>	<h1>Not Found</h1>	<p>The requested URL /pagekit/admin/system/update was not found on this server.</p>	<hr>	<address>Apache/2.4.18 (Ubuntu) Server at localhost Port 3000</address>	</body></html>	
2022-05-25 14:06:37 ERROR    Failure: 172717110701069407241174406021285620737 : http://localhost:3000/pagekit/index.php/admin/dashboard -> Failed to load resource: the server responded with a status of 404 (Not Found)
2022-05-25 14:06:37 ERROR    Failure: 105300557729261157098417819715091919465 : http://localhost:3000/pagekit/index.php/admin/dashboard -> status code(404) -> 
2022-05-25 14:06:42 ERROR    Failure: 172717110701069407241174406021285620737 : http://localhost:3000/pagekit/index.php/admin/dashboard -> Failed to load resource: the server responded with a status of 404 (Not Found)
2022-05-25 14:06:42 ERROR    Failure: 105300557729261157098417819715091919465 : http://localhost:3000/pagekit/index.php/admin/dashboard -> status code(404) -> 
2022-05-25 14:06:46 ERROR    Failure: 172717110701069407241174406021285620737 : http://localhost:3000/pagekit/index.php/admin/dashboard -> Failed to load resource: the server responded with a status of 404 (Not Found)
2022-05-25 14:06:46 ERROR    Failure: 80165734902288621318310788211409255354 : http://localhost:3000/pagekit/admin/system/update -> status code(404) -> <!DOCTYPE HTML PUBLIC "-//IETF//DTD HTML 2.0//EN">	<html><head>	<title>404 Not Found</title>	</head><body>	<h1>Not Found</h1>	<p>The requested URL /pagekit/admin/system/update was not found on this server.</p>	<hr>	<address>Apache/2.4.18 (Ubuntu) Server at localhost Port 3000</address>	</body></html>	
2022-05-25 14:06:47 ERROR    Failure: 172717110701069407241174406021285620737 : http://localhost:3000/pagekit/index.php/admin/dashboard -> Failed to load resource: the server responded with a status of 404 (Not Found)
2022-05-25 14:06:47 ERROR    Failure: 105300557729261157098417819715091919465 : http://localhost:3000/pagekit/index.php/admin/dashboard -> status code(404) -> 
2022-05-25 14:06:54 ERROR    Failure: 172717110701069407241174406021285620737 : http://localhost:3000/pagekit/index.php/admin/dashboard -> Failed to load resource: the server responded with a status of 404 (Not Found)
2022-05-25 14:06:54 ERROR    Failure: 105300557729261157098417819715091919465 : http://localhost:3000/pagekit/index.php/admin/dashboard -> status code(404) -> 
2022-05-25 14:07:00 ERROR    Failure: 172717110701069407241174406021285620737 : http://localhost:3000/pagekit/index.php/admin/dashboard -> Failed to load resource: the server responded with a status of 404 (Not Found)
2022-05-25 14:07:00 ERROR    Failure: 105300557729261157098417819715091919465 : http://localhost:3000/pagekit/index.php/admin/dashboard -> status code(404) -> 
2022-05-25 14:07:06 ERROR    Failure: 172717110701069407241174406021285620737 : http://localhost:3000/pagekit/index.php/admin/dashboard -> Failed to load resource: the server responded with a status of 404 (Not Found)
2022-05-25 14:07:06 ERROR    Failure: 105300557729261157098417819715091919465 : http://localhost:3000/pagekit/index.php/admin/dashboard -> status code(404) -> 
2022-05-25 14:07:10 ERROR    Failure: 172717110701069407241174406021285620737 : http://localhost:3000/pagekit/index.php/admin/dashboard -> Failed to load resource: the server responded with a status of 404 (Not Found)
2022-05-25 14:07:10 ERROR    Failure: 80165734902288621318310788211409255354 : http://localhost:3000/pagekit/admin/system/update -> status code(404) -> <!DOCTYPE HTML PUBLIC "-//IETF//DTD HTML 2.0//EN">	<html><head>	<title>404 Not Found</title>	</head><body>	<h1>Not Found</h1>	<p>The requested URL /pagekit/admin/system/update was not found on this server.</p>	<hr>	<address>Apache/2.4.18 (Ubuntu) Server at localhost Port 3000</address>	</body></html>	
2022-05-25 14:07:11 ERROR    Failure: 172717110701069407241174406021285620737 : http://localhost:3000/pagekit/index.php/admin/dashboard -> Failed to load resource: the server responded with a status of 404 (Not Found)
2022-05-25 14:07:11 ERROR    Failure: 105300557729261157098417819715091919465 : http://localhost:3000/pagekit/index.php/admin/dashboard -> status code(404) -> 
2022-05-25 14:07:15 ERROR    Failure: 262513326802567628094931167029883077585 : http://localhost:3000/pagekit/index.php/admin/user/edit?id=1 -> net::ERR_ABORTED
2022-05-25 14:07:17 ERROR    Failure: 172717110701069407241174406021285620737 : http://localhost:3000/pagekit/index.php/admin/dashboard -> Failed to load resource: the server responded with a status of 404 (Not Found)
2022-05-25 14:07:17 ERROR    Failure: 105300557729261157098417819715091919465 : http://localhost:3000/pagekit/index.php/admin/dashboard -> status code(404) -> 
2022-05-25 14:07:23 ERROR    Failure: 172717110701069407241174406021285620737 : http://localhost:3000/pagekit/index.php/admin/dashboard -> Failed to load resource: the server responded with a status of 404 (Not Found)
2022-05-25 14:07:23 ERROR    Failure: 105300557729261157098417819715091919465 : http://localhost:3000/pagekit/index.php/admin/dashboard -> status code(404) -> 
2022-05-25 14:07:29 ERROR    Failure: 172717110701069407241174406021285620737 : http://localhost:3000/pagekit/index.php/admin/dashboard -> Failed to load resource: the server responded with a status of 404 (Not Found)
2022-05-25 14:07:29 ERROR    Failure: 105300557729261157098417819715091919465 : http://localhost:3000/pagekit/index.php/admin/dashboard -> status code(404) -> 
2022-05-25 14:07:36 ERROR    Failure: 172717110701069407241174406021285620737 : http://localhost:3000/pagekit/index.php/admin/dashboard -> Failed to load resource: the server responded with a status of 404 (Not Found)
2022-05-25 14:07:36 ERROR    Failure: 105300557729261157098417819715091919465 : http://localhost:3000/pagekit/index.php/admin/dashboard -> status code(404) -> 
2022-05-25 14:07:41 ERROR    Failure: 172717110701069407241174406021285620737 : http://localhost:3000/pagekit/index.php/admin/dashboard -> Failed to load resource: the server responded with a status of 404 (Not Found)
2022-05-25 14:07:41 ERROR    Failure: 105300557729261157098417819715091919465 : http://localhost:3000/pagekit/index.php/admin/dashboard -> status code(404) -> 
2022-05-25 14:07:47 ERROR    Failure: 172717110701069407241174406021285620737 : http://localhost:3000/pagekit/index.php/admin/dashboard -> Failed to load resource: the server responded with a status of 404 (Not Found)
2022-05-25 14:07:47 ERROR    Failure: 105300557729261157098417819715091919465 : http://localhost:3000/pagekit/index.php/admin/dashboard -> status code(404) -> 
2022-05-25 14:07:49 ERROR    Failure: 172717110701069407241174406021285620737 : http://localhost:3000/pagekit/index.php/admin/dashboard -> Failed to load resource: the server responded with a status of 404 (Not Found)
2022-05-25 14:07:49 ERROR    Failure: 105300557729261157098417819715091919465 : http://localhost:3000/pagekit/index.php/admin/dashboard -> status code(404) -> 
2022-05-25 14:07:55 ERROR    Failure: 172717110701069407241174406021285620737 : http://localhost:3000/pagekit/index.php/admin/dashboard -> Failed to load resource: the server responded with a status of 404 (Not Found)
2022-05-25 14:07:55 ERROR    Failure: 172717110701069407241174406021285620737 : http://localhost:3000/pagekit/index.php/admin/dashboard -> Failed to load resource: the server responded with a status of 404 (Not Found)
2022-05-25 14:07:55 ERROR    Failure: 105300557729261157098417819715091919465 : http://localhost:3000/pagekit/index.php/admin/dashboard -> status code(404) -> 
2022-05-25 14:07:55 ERROR    Failure: 105300557729261157098417819715091919465 : http://localhost:3000/pagekit/index.php/admin/dashboard -> status code(404) -> 
2022-05-25 14:08:00 ERROR    Failure: 172717110701069407241174406021285620737 : http://localhost:3000/pagekit/index.php/admin/dashboard -> Failed to load resource: the server responded with a status of 404 (Not Found)
2022-05-25 14:08:00 ERROR    Failure: 172717110701069407241174406021285620737 : http://localhost:3000/pagekit/index.php/admin/dashboard -> Failed to load resource: the server responded with a status of 404 (Not Found)
2022-05-25 14:08:00 ERROR    Failure: 105300557729261157098417819715091919465 : http://localhost:3000/pagekit/index.php/admin/dashboard -> status code(404) -> 
2022-05-25 14:08:00 ERROR    Failure: 105300557729261157098417819715091919465 : http://localhost:3000/pagekit/index.php/admin/dashboard -> status code(404) -> 
2022-05-25 14:08:08 ERROR    Failure: 262513326802567628094931167029883077585 : http://localhost:3000/pagekit/index.php/admin/user -> net::ERR_ABORTED
2022-05-25 14:08:09 ERROR    Failure: 172717110701069407241174406021285620737 : http://localhost:3000/pagekit/index.php/admin/dashboard -> Failed to load resource: the server responded with a status of 404 (Not Found)
2022-05-25 14:08:09 ERROR    Failure: 172717110701069407241174406021285620737 : http://localhost:3000/pagekit/index.php/admin/dashboard -> Failed to load resource: the server responded with a status of 404 (Not Found)
2022-05-25 14:08:09 ERROR    Failure: 105300557729261157098417819715091919465 : http://localhost:3000/pagekit/index.php/admin/dashboard -> status code(404) -> 
2022-05-25 14:08:09 ERROR    Failure: 105300557729261157098417819715091919465 : http://localhost:3000/pagekit/index.php/admin/dashboard -> status code(404) -> 
2022-05-25 14:08:15 ERROR    Failure: 172717110701069407241174406021285620737 : http://localhost:3000/pagekit/index.php/admin/dashboard -> Failed to load resource: the server responded with a status of 404 (Not Found)
2022-05-25 14:08:15 ERROR    Failure: 172717110701069407241174406021285620737 : http://localhost:3000/pagekit/index.php/admin/dashboard -> Failed to load resource: the server responded with a status of 404 (Not Found)
2022-05-25 14:08:15 ERROR    Failure: 105300557729261157098417819715091919465 : http://localhost:3000/pagekit/index.php/admin/dashboard -> status code(404) -> 
2022-05-25 14:08:15 ERROR    Failure: 105300557729261157098417819715091919465 : http://localhost:3000/pagekit/index.php/admin/dashboard -> status code(404) -> 
2022-05-25 14:08:27 ERROR    Failure: 172717110701069407241174406021285620737 : http://localhost:3000/pagekit/index.php/admin/dashboard -> Failed to load resource: the server responded with a status of 404 (Not Found)
2022-05-25 14:08:27 ERROR    Failure: 172717110701069407241174406021285620737 : http://localhost:3000/pagekit/index.php/admin/dashboard -> Failed to load resource: the server responded with a status of 404 (Not Found)
2022-05-25 14:08:27 ERROR    Failure: 105300557729261157098417819715091919465 : http://localhost:3000/pagekit/index.php/admin/dashboard -> status code(404) -> 
2022-05-25 14:08:27 ERROR    Failure: 105300557729261157098417819715091919465 : http://localhost:3000/pagekit/index.php/admin/dashboard -> status code(404) -> 
2022-05-25 14:08:29 ERROR    Failure: 172717110701069407241174406021285620737 : http://localhost:3000/pagekit/index.php/admin/dashboard -> Failed to load resource: the server responded with a status of 404 (Not Found)
2022-05-25 14:08:29 ERROR    Failure: 80165734902288621318310788211409255354 : http://localhost:3000/pagekit/admin/system/update -> status code(404) -> <!DOCTYPE HTML PUBLIC "-//IETF//DTD HTML 2.0//EN">	<html><head>	<title>404 Not Found</title>	</head><body>	<h1>Not Found</h1>	<p>The requested URL /pagekit/admin/system/update was not found on this server.</p>	<hr>	<address>Apache/2.4.18 (Ubuntu) Server at localhost Port 3000</address>	</body></html>	
2022-05-25 14:08:30 ERROR    Failure: 172717110701069407241174406021285620737 : http://localhost:3000/pagekit/index.php/admin/dashboard -> Failed to load resource: the server responded with a status of 404 (Not Found)
2022-05-25 14:08:30 ERROR    Failure: 172717110701069407241174406021285620737 : http://localhost:3000/pagekit/index.php/admin/dashboard -> Failed to load resource: the server responded with a status of 404 (Not Found)
2022-05-25 14:08:30 ERROR    Failure: 105300557729261157098417819715091919465 : http://localhost:3000/pagekit/index.php/admin/dashboard -> status code(404) -> 
2022-05-25 14:08:30 ERROR    Failure: 105300557729261157098417819715091919465 : http://localhost:3000/pagekit/index.php/admin/dashboard -> status code(404) -> 
2022-05-25 14:08:37 ERROR    Failure: 172717110701069407241174406021285620737 : http://localhost:3000/pagekit/index.php/admin/dashboard -> Failed to load resource: the server responded with a status of 404 (Not Found)
2022-05-25 14:08:37 ERROR    Failure: 172717110701069407241174406021285620737 : http://localhost:3000/pagekit/index.php/admin/dashboard -> Failed to load resource: the server responded with a status of 404 (Not Found)
2022-05-25 14:08:37 ERROR    Failure: 105300557729261157098417819715091919465 : http://localhost:3000/pagekit/index.php/admin/dashboard -> status code(404) -> 
2022-05-25 14:08:37 ERROR    Failure: 105300557729261157098417819715091919465 : http://localhost:3000/pagekit/index.php/admin/dashboard -> status code(404) -> 
2022-05-25 14:08:44 ERROR    Failure: 172717110701069407241174406021285620737 : http://localhost:3000/pagekit/index.php/admin/dashboard -> Failed to load resource: the server responded with a status of 404 (Not Found)
2022-05-25 14:08:44 ERROR    Failure: 172717110701069407241174406021285620737 : http://localhost:3000/pagekit/index.php/admin/dashboard -> Failed to load resource: the server responded with a status of 404 (Not Found)
2022-05-25 14:08:44 ERROR    Failure: 105300557729261157098417819715091919465 : http://localhost:3000/pagekit/index.php/admin/dashboard -> status code(404) -> 
2022-05-25 14:08:44 ERROR    Failure: 105300557729261157098417819715091919465 : http://localhost:3000/pagekit/index.php/admin/dashboard -> status code(404) -> 
2022-05-25 14:08:51 ERROR    Failure: 172717110701069407241174406021285620737 : http://localhost:3000/pagekit/index.php/admin/dashboard -> Failed to load resource: the server responded with a status of 404 (Not Found)
2022-05-25 14:08:51 ERROR    Failure: 172717110701069407241174406021285620737 : http://localhost:3000/pagekit/index.php/admin/dashboard -> Failed to load resource: the server responded with a status of 404 (Not Found)
2022-05-25 14:08:51 ERROR    Failure: 105300557729261157098417819715091919465 : http://localhost:3000/pagekit/index.php/admin/dashboard -> status code(404) -> 
2022-05-25 14:08:51 ERROR    Failure: 105300557729261157098417819715091919465 : http://localhost:3000/pagekit/index.php/admin/dashboard -> status code(404) -> 
2022-05-25 14:08:57 ERROR    Failure: 172717110701069407241174406021285620737 : http://localhost:3000/pagekit/index.php/admin/dashboard -> Failed to load resource: the server responded with a status of 404 (Not Found)
2022-05-25 14:08:57 ERROR    Failure: 172717110701069407241174406021285620737 : http://localhost:3000/pagekit/index.php/admin/dashboard -> Failed to load resource: the server responded with a status of 404 (Not Found)
2022-05-25 14:08:57 ERROR    Failure: 105300557729261157098417819715091919465 : http://localhost:3000/pagekit/index.php/admin/dashboard -> status code(404) -> 
2022-05-25 14:08:57 ERROR    Failure: 105300557729261157098417819715091919465 : http://localhost:3000/pagekit/index.php/admin/dashboard -> status code(404) -> 
2022-05-25 14:09:03 ERROR    Failure: 63661048957111971139043659084403729172 : http://localhost:3000/pagekit/index.php/admin/user# -> Failed to load resource: the server responded with a status of 400 (Bad Request)
2022-05-25 14:09:03 ERROR    Failure: 108454993266047261493729590968796755788 : http://localhost:3000/pagekit/index.php/admin/user# -> status code(400) -> "Unable to block yourself."
2022-05-25 14:09:06 ERROR    Failure: 172717110701069407241174406021285620737 : http://localhost:3000/pagekit/index.php/admin/dashboard -> Failed to load resource: the server responded with a status of 404 (Not Found)
2022-05-25 14:09:06 ERROR    Failure: 105300557729261157098417819715091919465 : http://localhost:3000/pagekit/index.php/admin/dashboard -> status code(404) -> 
2022-05-25 14:09:06 ERROR    Failure: 172717110701069407241174406021285620737 : http://localhost:3000/pagekit/index.php/admin/dashboard -> Failed to load resource: the server responded with a status of 404 (Not Found)
2022-05-25 14:09:06 ERROR    Failure: 105300557729261157098417819715091919465 : http://localhost:3000/pagekit/index.php/admin/dashboard -> status code(404) -> 
2022-05-25 14:09:13 ERROR    Failure: 172717110701069407241174406021285620737 : http://localhost:3000/pagekit/index.php/admin/dashboard -> Failed to load resource: the server responded with a status of 404 (Not Found)
2022-05-25 14:09:13 ERROR    Failure: 172717110701069407241174406021285620737 : http://localhost:3000/pagekit/index.php/admin/dashboard -> Failed to load resource: the server responded with a status of 404 (Not Found)
2022-05-25 14:09:13 ERROR    Failure: 105300557729261157098417819715091919465 : http://localhost:3000/pagekit/index.php/admin/dashboard -> status code(404) -> 
2022-05-25 14:09:13 ERROR    Failure: 105300557729261157098417819715091919465 : http://localhost:3000/pagekit/index.php/admin/dashboard -> status code(404) -> 
2022-05-25 14:09:20 ERROR    Failure: 222203509631151183416754876323321821974 : http://localhost:3000/pagekit/index.php/admin/user/edit?id=1 -> Failed to load resource: the server responded with a status of 500 (Internal Server Error)
2022-05-25 14:09:20 ERROR    Failure: 140648655923019538876825560048743368617 : http://localhost:3000/pagekit/index.php/admin/user/edit?id=1 -> status code(500) -> <!DOCTYPE html>	<html>	    <head>	        <meta charset="UTF-8" />	        <meta name="robots" content="noindex,nofollow" />	        <style>	            /* Copyright (c) 2010, Yahoo! Inc. All rights reserved. Code licensed under the BSD License: http://developer.yahoo.com/yui/license.html */	            html{color:#000;background:#FFF;}body,div,dl,dt,dd,ul,ol,li,h1,h2,h3,h4,h5,h6,pre,code,form,fieldset,legend,input,textarea,p,blockquote,th,td{margin:0;padding:0;}table{border-collapse:collapse;border-spacing:0;}fieldset,img{border:0;}address,caption,cite,code,dfn,em,strong,th,var{font-style:normal;font-weight:normal;}li{list-style:none;}caption,th{text-align:left;}h1,h2,h3,h4,h5,h6{font-size:100%;font-weight:normal;}q:before,q:after{content:'';}abbr,acronym{border:0;font-variant:normal;}sup{vertical-align:text-top;}sub{vertical-align:text-bottom;}input,textarea,select{font-family:inherit;font-size:inherit;font-weight:inherit;}input,textarea,select{*font-size:100%;}legend{color:#000;}		            html { background: #eee; padding: 10px }	            img { border: 0; }	            #sf-resetcontent { width:970px; margin:0 auto; }	                        .sf-reset { font: 11px Verdana, Arial, sans-serif; color: #333 }	            .sf-reset .clear { clear:both; height:0; font-size:0; line-height:0; }	            .sf-reset .clear_fix:after { display:block; height:0; clear:both; visibility:hidden; }	            .sf-reset .clear_fix { display:inline-block; }	            .sf-reset * html .clear_fix { height:1%; }	            .sf-reset .clear_fix { display:block; }	            .sf-reset, .sf-reset .block { margin: auto }	            .sf-reset abbr { border-bottom: 1px dotted #000; cursor: help; }	            .sf-reset p { font-size:14px; line-height:20px; color:#868686; padding-bottom:20px }	            .sf-reset strong { font-weight:bold; }	            .sf-reset a { color:#6c6159; cursor: default; }	            .sf-reset a img { border:none; }	            .sf-reset a:hover { text-decoration:underline; }	            .sf-reset em { font-style:italic; }	            .sf-reset h1, .sf-reset h2 { font: 20px Georgia, "Times New Roman", Times, serif }	            .sf-reset .exception_counter { background-color: #fff; color: #333; padding: 6px; float: left; margin-right: 10px; float: left; display: block; }	            .sf-reset .exception_title { margin-left: 3em; margin-bottom: 0.7em; display: block; }	            .sf-reset .exception_message { margin-left: 3em; display: block; }	            .sf-reset .traces li { font-size:12px; padding: 2px 4px; list-style-type:decimal; margin-left:20px; }	            .sf-reset .block { background-color:#FFFFFF; padding:10px 28px; margin-bottom:20px;	                -webkit-border-bottom-right-radius: 16px;	                -webkit-border-bottom-left-radius: 16px;	                -moz-border-radius-bottomright: 16px;	                -moz-border-radius-bottomleft: 16px;	                border-bottom-right-radius: 16px;	                border-bottom-left-radius: 16px;	                border-bottom:1px solid #ccc;	                border-right:1px solid #ccc;	                border-left:1px solid #ccc;	            }	            .sf-reset .block_exception { background-color:#ddd; color: #333; padding:20px;	                -webkit-border-top-left-radius: 16px;	                -webkit-border-top-right-radius: 16px;	                -moz-border-radius-topleft: 16px;	                -moz-border-radius-topright: 16px;	                border-top-left-radius: 16px;	                border-top-right-radius: 16px;	                border-top:1px solid #ccc;	                border-right:1px solid #ccc;	                border-left:1px solid #ccc;	                overflow: hidden;	                word-wrap: break-word;	            }	            .sf-reset a { background:none; color:#868686; text-decoration:none; }	            .sf-reset a:hover { background:none; color:#313131; text-decoration:underline; }	            .sf-reset ol { padding: 10px 0; }	            .sf-reset h1 { background-color:#FFFFFF; padding: 15px 28px; margin-bottom: 20px;	                -webkit-border-radius: 10px;	                -moz-border-radius: 10px;	                border-radius: 10px;	                border: 1px solid #ccc;	            }	        </style>	    </head>	    <body>	                    <div id="sf-resetcontent" class="sf-reset">	                <h1>Whoops, looks like something went wrong.</h1>	                	            </div>	    </body>	</html>
2022-05-25 14:09:24 ERROR    Failure: 172717110701069407241174406021285620737 : http://localhost:3000/pagekit/index.php/admin/dashboard -> Failed to load resource: the server responded with a status of 404 (Not Found)
2022-05-25 14:09:24 ERROR    Failure: 105300557729261157098417819715091919465 : http://localhost:3000/pagekit/index.php/admin/dashboard -> status code(404) -> 
2022-05-25 14:09:24 ERROR    Failure: 172717110701069407241174406021285620737 : http://localhost:3000/pagekit/index.php/admin/dashboard -> Failed to load resource: the server responded with a status of 404 (Not Found)
2022-05-25 14:09:24 ERROR    Failure: 105300557729261157098417819715091919465 : http://localhost:3000/pagekit/index.php/admin/dashboard -> status code(404) -> 
2022-05-25 14:09:26 ERROR    Failure: 172717110701069407241174406021285620737 : http://localhost:3000/pagekit/index.php/admin/dashboard -> Failed to load resource: the server responded with a status of 404 (Not Found)
2022-05-25 14:09:26 ERROR    Failure: 80165734902288621318310788211409255354 : http://localhost:3000/pagekit/admin/system/update -> status code(404) -> <!DOCTYPE HTML PUBLIC "-//IETF//DTD HTML 2.0//EN">	<html><head>	<title>404 Not Found</title>	</head><body>	<h1>Not Found</h1>	<p>The requested URL /pagekit/admin/system/update was not found on this server.</p>	<hr>	<address>Apache/2.4.18 (Ubuntu) Server at localhost Port 3000</address>	</body></html>	
2022-05-25 14:09:27 ERROR    Failure: 172717110701069407241174406021285620737 : http://localhost:3000/pagekit/index.php/admin/dashboard -> Failed to load resource: the server responded with a status of 404 (Not Found)
2022-05-25 14:09:27 ERROR    Failure: 172717110701069407241174406021285620737 : http://localhost:3000/pagekit/index.php/admin/dashboard -> Failed to load resource: the server responded with a status of 404 (Not Found)
2022-05-25 14:09:27 ERROR    Failure: 105300557729261157098417819715091919465 : http://localhost:3000/pagekit/index.php/admin/dashboard -> status code(404) -> 
2022-05-25 14:09:27 ERROR    Failure: 105300557729261157098417819715091919465 : http://localhost:3000/pagekit/index.php/admin/dashboard -> status code(404) -> 
2022-05-25 14:09:35 ERROR    Failure: 262513326802567628094931167029883077585 : http://localhost:3000/pagekit/index.php/admin/user -> net::ERR_ABORTED
2022-05-25 14:09:36 ERROR    Failure: 172717110701069407241174406021285620737 : http://localhost:3000/pagekit/index.php/admin/dashboard -> Failed to load resource: the server responded with a status of 404 (Not Found)
2022-05-25 14:09:36 ERROR    Failure: 105300557729261157098417819715091919465 : http://localhost:3000/pagekit/index.php/admin/dashboard -> status code(404) -> 
2022-05-25 14:09:37 ERROR    Failure: 172717110701069407241174406021285620737 : http://localhost:3000/pagekit/index.php/admin/dashboard -> Failed to load resource: the server responded with a status of 404 (Not Found)
2022-05-25 14:09:37 ERROR    Failure: 105300557729261157098417819715091919465 : http://localhost:3000/pagekit/index.php/admin/dashboard -> status code(404) -> 
2022-05-25 14:09:37 ERROR    Failure: 172717110701069407241174406021285620737 : http://localhost:3000/pagekit/index.php/admin/dashboard -> Failed to load resource: the server responded with a status of 404 (Not Found)
2022-05-25 14:09:37 ERROR    Failure: 80165734902288621318310788211409255354 : http://localhost:3000/pagekit/admin/system/update -> status code(404) -> <!DOCTYPE HTML PUBLIC "-//IETF//DTD HTML 2.0//EN">	<html><head>	<title>404 Not Found</title>	</head><body>	<h1>Not Found</h1>	<p>The requested URL /pagekit/admin/system/update was not found on this server.</p>	<hr>	<address>Apache/2.4.18 (Ubuntu) Server at localhost Port 3000</address>	</body></html>	
2022-05-25 14:09:38 ERROR    Failure: 172717110701069407241174406021285620737 : http://localhost:3000/pagekit/index.php/admin/dashboard -> Failed to load resource: the server responded with a status of 404 (Not Found)
2022-05-25 14:09:38 ERROR    Failure: 172717110701069407241174406021285620737 : http://localhost:3000/pagekit/index.php/admin/dashboard -> Failed to load resource: the server responded with a status of 404 (Not Found)
2022-05-25 14:09:38 ERROR    Failure: 105300557729261157098417819715091919465 : http://localhost:3000/pagekit/index.php/admin/dashboard -> status code(404) -> 
2022-05-25 14:09:38 ERROR    Failure: 105300557729261157098417819715091919465 : http://localhost:3000/pagekit/index.php/admin/dashboard -> status code(404) -> 
2022-05-25 14:09:44 ERROR    Failure: 172717110701069407241174406021285620737 : http://localhost:3000/pagekit/index.php/admin/dashboard -> Failed to load resource: the server responded with a status of 404 (Not Found)
2022-05-25 14:09:44 ERROR    Failure: 172717110701069407241174406021285620737 : http://localhost:3000/pagekit/index.php/admin/dashboard -> Failed to load resource: the server responded with a status of 404 (Not Found)
2022-05-25 14:09:44 ERROR    Failure: 105300557729261157098417819715091919465 : http://localhost:3000/pagekit/index.php/admin/dashboard -> status code(404) -> 
2022-05-25 14:09:44 ERROR    Failure: 105300557729261157098417819715091919465 : http://localhost:3000/pagekit/index.php/admin/dashboard -> status code(404) -> 
2022-05-25 14:09:54 ERROR    Failure: 172717110701069407241174406021285620737 : http://localhost:3000/pagekit/index.php/admin/dashboard -> Failed to load resource: the server responded with a status of 404 (Not Found)
2022-05-25 14:09:54 ERROR    Failure: 172717110701069407241174406021285620737 : http://localhost:3000/pagekit/index.php/admin/dashboard -> Failed to load resource: the server responded with a status of 404 (Not Found)
2022-05-25 14:09:54 ERROR    Failure: 105300557729261157098417819715091919465 : http://localhost:3000/pagekit/index.php/admin/dashboard -> status code(404) -> 
2022-05-25 14:09:54 ERROR    Failure: 105300557729261157098417819715091919465 : http://localhost:3000/pagekit/index.php/admin/dashboard -> status code(404) -> 
2022-05-25 14:10:02 ERROR    Failure: 172717110701069407241174406021285620737 : http://localhost:3000/pagekit/index.php/admin/dashboard -> Failed to load resource: the server responded with a status of 404 (Not Found)
2022-05-25 14:10:02 ERROR    Failure: 172717110701069407241174406021285620737 : http://localhost:3000/pagekit/index.php/admin/dashboard -> Failed to load resource: the server responded with a status of 404 (Not Found)
2022-05-25 14:10:02 ERROR    Failure: 105300557729261157098417819715091919465 : http://localhost:3000/pagekit/index.php/admin/dashboard -> status code(404) -> 
2022-05-25 14:10:02 ERROR    Failure: 105300557729261157098417819715091919465 : http://localhost:3000/pagekit/index.php/admin/dashboard -> status code(404) -> 
2022-05-25 14:10:07 ERROR    Failure: 172717110701069407241174406021285620737 : http://localhost:3000/pagekit/index.php/admin/dashboard -> Failed to load resource: the server responded with a status of 404 (Not Found)
2022-05-25 14:10:07 ERROR    Failure: 80165734902288621318310788211409255354 : http://localhost:3000/pagekit/admin/system/update -> status code(404) -> <!DOCTYPE HTML PUBLIC "-//IETF//DTD HTML 2.0//EN">	<html><head>	<title>404 Not Found</title>	</head><body>	<h1>Not Found</h1>	<p>The requested URL /pagekit/admin/system/update was not found on this server.</p>	<hr>	<address>Apache/2.4.18 (Ubuntu) Server at localhost Port 3000</address>	</body></html>	
2022-05-25 14:10:08 ERROR    Failure: 172717110701069407241174406021285620737 : http://localhost:3000/pagekit/index.php/admin/dashboard -> Failed to load resource: the server responded with a status of 404 (Not Found)
2022-05-25 14:10:08 ERROR    Failure: 105300557729261157098417819715091919465 : http://localhost:3000/pagekit/index.php/admin/dashboard -> status code(404) -> 
2022-05-25 14:10:08 ERROR    Failure: 172717110701069407241174406021285620737 : http://localhost:3000/pagekit/index.php/admin/dashboard -> Failed to load resource: the server responded with a status of 404 (Not Found)
2022-05-25 14:10:08 ERROR    Failure: 105300557729261157098417819715091919465 : http://localhost:3000/pagekit/index.php/admin/dashboard -> status code(404) -> 
2022-05-25 14:10:12 ERROR    Failure: 172717110701069407241174406021285620737 : http://localhost:3000/pagekit/index.php/admin/dashboard -> Failed to load resource: the server responded with a status of 404 (Not Found)
2022-05-25 14:10:12 ERROR    Failure: 105300557729261157098417819715091919465 : http://localhost:3000/pagekit/index.php/admin/dashboard -> status code(404) -> 
2022-05-25 14:10:12 ERROR    Failure: 172717110701069407241174406021285620737 : http://localhost:3000/pagekit/index.php/admin/dashboard -> Failed to load resource: the server responded with a status of 404 (Not Found)
2022-05-25 14:10:12 ERROR    Failure: 105300557729261157098417819715091919465 : http://localhost:3000/pagekit/index.php/admin/dashboard -> status code(404) -> 
2022-05-25 14:10:12 ERROR    Failure: 172717110701069407241174406021285620737 : http://localhost:3000/pagekit/index.php/admin/dashboard -> Failed to load resource: the server responded with a status of 404 (Not Found)
2022-05-25 14:10:12 ERROR    Failure: 105300557729261157098417819715091919465 : http://localhost:3000/pagekit/index.php/admin/dashboard -> status code(404) -> 
2022-05-25 14:10:16 ERROR    Failure: 172717110701069407241174406021285620737 : http://localhost:3000/pagekit/index.php/admin/dashboard -> Failed to load resource: the server responded with a status of 404 (Not Found)
2022-05-25 14:10:16 ERROR    Failure: 105300557729261157098417819715091919465 : http://localhost:3000/pagekit/index.php/admin/dashboard -> status code(404) -> 
2022-05-25 14:10:23 ERROR    Failure: 172717110701069407241174406021285620737 : http://localhost:3000/pagekit/index.php/admin/dashboard -> Failed to load resource: the server responded with a status of 404 (Not Found)
2022-05-25 14:10:23 ERROR    Failure: 105300557729261157098417819715091919465 : http://localhost:3000/pagekit/index.php/admin/dashboard -> status code(404) -> 
2022-05-25 14:10:29 ERROR    Failure: 172717110701069407241174406021285620737 : http://localhost:3000/pagekit/index.php/admin/dashboard -> Failed to load resource: the server responded with a status of 404 (Not Found)
2022-05-25 14:10:29 ERROR    Failure: 105300557729261157098417819715091919465 : http://localhost:3000/pagekit/index.php/admin/dashboard -> status code(404) -> 
2022-05-25 14:10:31 ERROR    Failure: 172717110701069407241174406021285620737 : http://localhost:3000/pagekit/index.php/admin/dashboard -> Failed to load resource: the server responded with a status of 404 (Not Found)
2022-05-25 14:10:31 ERROR    Failure: 80165734902288621318310788211409255354 : http://localhost:3000/pagekit/admin/system/update -> status code(404) -> <!DOCTYPE HTML PUBLIC "-//IETF//DTD HTML 2.0//EN">	<html><head>	<title>404 Not Found</title>	</head><body>	<h1>Not Found</h1>	<p>The requested URL /pagekit/admin/system/update was not found on this server.</p>	<hr>	<address>Apache/2.4.18 (Ubuntu) Server at localhost Port 3000</address>	</body></html>	
2022-05-25 14:10:32 ERROR    Failure: 172717110701069407241174406021285620737 : http://localhost:3000/pagekit/index.php/admin/dashboard -> Failed to load resource: the server responded with a status of 404 (Not Found)
2022-05-25 14:10:32 ERROR    Failure: 105300557729261157098417819715091919465 : http://localhost:3000/pagekit/index.php/admin/dashboard -> status code(404) -> 
2022-05-25 14:10:35 ERROR    Failure: 262513326802567628094931167029883077585 : http://localhost:3000/pagekit/index.php/admin/user/edit?id=1 -> net::ERR_ABORTED
2022-05-25 14:10:40 ERROR    Failure: 172717110701069407241174406021285620737 : http://localhost:3000/pagekit/index.php/admin/dashboard -> Failed to load resource: the server responded with a status of 404 (Not Found)
2022-05-25 14:10:40 ERROR    Failure: 105300557729261157098417819715091919465 : http://localhost:3000/pagekit/index.php/admin/dashboard -> status code(404) -> 
2022-05-25 14:10:48 ERROR    Failure: 172717110701069407241174406021285620737 : http://localhost:3000/pagekit/index.php/admin/dashboard -> Failed to load resource: the server responded with a status of 404 (Not Found)
2022-05-25 14:10:48 ERROR    Failure: 105300557729261157098417819715091919465 : http://localhost:3000/pagekit/index.php/admin/dashboard -> status code(404) -> 
2022-05-25 14:10:54 ERROR    Failure: 172717110701069407241174406021285620737 : http://localhost:3000/pagekit/index.php/admin/dashboard -> Failed to load resource: the server responded with a status of 404 (Not Found)
2022-05-25 14:10:54 ERROR    Failure: 105300557729261157098417819715091919465 : http://localhost:3000/pagekit/index.php/admin/dashboard -> status code(404) -> 
2022-05-25 14:10:59 ERROR    Failure: 172717110701069407241174406021285620737 : http://localhost:3000/pagekit/index.php/admin/dashboard -> Failed to load resource: the server responded with a status of 404 (Not Found)
2022-05-25 14:10:59 ERROR    Failure: 105300557729261157098417819715091919465 : http://localhost:3000/pagekit/index.php/admin/dashboard -> status code(404) -> 
2022-05-25 14:11:02 ERROR    Failure: 172717110701069407241174406021285620737 : http://localhost:3000/pagekit/index.php/admin/dashboard -> Failed to load resource: the server responded with a status of 404 (Not Found)
2022-05-25 14:11:02 ERROR    Failure: 80165734902288621318310788211409255354 : http://localhost:3000/pagekit/admin/system/update -> status code(404) -> <!DOCTYPE HTML PUBLIC "-//IETF//DTD HTML 2.0//EN">	<html><head>	<title>404 Not Found</title>	</head><body>	<h1>Not Found</h1>	<p>The requested URL /pagekit/admin/system/update was not found on this server.</p>	<hr>	<address>Apache/2.4.18 (Ubuntu) Server at localhost Port 3000</address>	</body></html>	
2022-05-25 14:11:03 ERROR    Failure: 172717110701069407241174406021285620737 : http://localhost:3000/pagekit/index.php/admin/dashboard -> Failed to load resource: the server responded with a status of 404 (Not Found)
2022-05-25 14:11:03 ERROR    Failure: 105300557729261157098417819715091919465 : http://localhost:3000/pagekit/index.php/admin/dashboard -> status code(404) -> 
2022-05-25 14:11:09 ERROR    Failure: 172717110701069407241174406021285620737 : http://localhost:3000/pagekit/index.php/admin/dashboard -> Failed to load resource: the server responded with a status of 404 (Not Found)
2022-05-25 14:11:09 ERROR    Failure: 105300557729261157098417819715091919465 : http://localhost:3000/pagekit/index.php/admin/dashboard -> status code(404) -> 
2022-05-25 14:11:17 ERROR    Failure: 172717110701069407241174406021285620737 : http://localhost:3000/pagekit/index.php/admin/dashboard -> Failed to load resource: the server responded with a status of 404 (Not Found)
2022-05-25 14:11:17 ERROR    Failure: 105300557729261157098417819715091919465 : http://localhost:3000/pagekit/index.php/admin/dashboard -> status code(404) -> 
2022-05-25 14:11:27 ERROR    Failure: 172717110701069407241174406021285620737 : http://localhost:3000/pagekit/index.php/admin/dashboard -> Failed to load resource: the server responded with a status of 404 (Not Found)
2022-05-25 14:11:27 ERROR    Failure: 105300557729261157098417819715091919465 : http://localhost:3000/pagekit/index.php/admin/dashboard -> status code(404) -> 
2022-05-25 14:11:37 ERROR    Failure: 172717110701069407241174406021285620737 : http://localhost:3000/pagekit/index.php/admin/dashboard -> Failed to load resource: the server responded with a status of 404 (Not Found)
2022-05-25 14:11:37 ERROR    Failure: 105300557729261157098417819715091919465 : http://localhost:3000/pagekit/index.php/admin/dashboard -> status code(404) -> 
2022-05-25 14:11:46 ERROR    Failure: 172717110701069407241174406021285620737 : http://localhost:3000/pagekit/index.php/admin/dashboard -> Failed to load resource: the server responded with a status of 404 (Not Found)
2022-05-25 14:11:46 ERROR    Failure: 105300557729261157098417819715091919465 : http://localhost:3000/pagekit/index.php/admin/dashboard -> status code(404) -> 
2022-05-25 14:11:56 ERROR    Failure: 172717110701069407241174406021285620737 : http://localhost:3000/pagekit/index.php/admin/dashboard -> Failed to load resource: the server responded with a status of 404 (Not Found)
2022-05-25 14:11:56 ERROR    Failure: 105300557729261157098417819715091919465 : http://localhost:3000/pagekit/index.php/admin/dashboard -> status code(404) -> 
2022-05-25 14:12:03 ERROR    Failure: 172717110701069407241174406021285620737 : http://localhost:3000/pagekit/index.php/admin/dashboard -> Failed to load resource: the server responded with a status of 404 (Not Found)
2022-05-25 14:12:03 ERROR    Failure: 105300557729261157098417819715091919465 : http://localhost:3000/pagekit/index.php/admin/dashboard -> status code(404) -> 
2022-05-25 14:12:09 ERROR    Failure: 172717110701069407241174406021285620737 : http://localhost:3000/pagekit/index.php/admin/dashboard -> Failed to load resource: the server responded with a status of 404 (Not Found)
2022-05-25 14:12:09 ERROR    Failure: 105300557729261157098417819715091919465 : http://localhost:3000/pagekit/index.php/admin/dashboard -> status code(404) -> 
2022-05-25 14:12:15 ERROR    Failure: 172717110701069407241174406021285620737 : http://localhost:3000/pagekit/index.php/admin/dashboard -> Failed to load resource: the server responded with a status of 404 (Not Found)
2022-05-25 14:12:15 ERROR    Failure: 105300557729261157098417819715091919465 : http://localhost:3000/pagekit/index.php/admin/dashboard -> status code(404) -> 
2022-05-25 14:12:25 ERROR    Failure: 172717110701069407241174406021285620737 : http://localhost:3000/pagekit/index.php/admin/dashboard -> Failed to load resource: the server responded with a status of 404 (Not Found)
2022-05-25 14:12:25 ERROR    Failure: 105300557729261157098417819715091919465 : http://localhost:3000/pagekit/index.php/admin/dashboard -> status code(404) -> 
2022-05-25 14:12:27 ERROR    Failure: 222203509631151183416754876323321821974 : http://localhost:3000/pagekit/index.php/admin/user/edit?id=1 -> Failed to load resource: the server responded with a status of 500 (Internal Server Error)
2022-05-25 14:12:27 ERROR    Failure: 140648655923019538876825560048743368617 : http://localhost:3000/pagekit/index.php/admin/user/edit?id=1 -> status code(500) -> <!DOCTYPE html>	<html>	    <head>	        <meta charset="UTF-8" />	        <meta name="robots" content="noindex,nofollow" />	        <style>	            /* Copyright (c) 2010, Yahoo! Inc. All rights reserved. Code licensed under the BSD License: http://developer.yahoo.com/yui/license.html */	            html{color:#000;background:#FFF;}body,div,dl,dt,dd,ul,ol,li,h1,h2,h3,h4,h5,h6,pre,code,form,fieldset,legend,input,textarea,p,blockquote,th,td{margin:0;padding:0;}table{border-collapse:collapse;border-spacing:0;}fieldset,img{border:0;}address,caption,cite,code,dfn,em,strong,th,var{font-style:normal;font-weight:normal;}li{list-style:none;}caption,th{text-align:left;}h1,h2,h3,h4,h5,h6{font-size:100%;font-weight:normal;}q:before,q:after{content:'';}abbr,acronym{border:0;font-variant:normal;}sup{vertical-align:text-top;}sub{vertical-align:text-bottom;}input,textarea,select{font-family:inherit;font-size:inherit;font-weight:inherit;}input,textarea,select{*font-size:100%;}legend{color:#000;}		            html { background: #eee; padding: 10px }	            img { border: 0; }	            #sf-resetcontent { width:970px; margin:0 auto; }	                        .sf-reset { font: 11px Verdana, Arial, sans-serif; color: #333 }	            .sf-reset .clear { clear:both; height:0; font-size:0; line-height:0; }	            .sf-reset .clear_fix:after { display:block; height:0; clear:both; visibility:hidden; }	            .sf-reset .clear_fix { display:inline-block; }	            .sf-reset * html .clear_fix { height:1%; }	            .sf-reset .clear_fix { display:block; }	            .sf-reset, .sf-reset .block { margin: auto }	            .sf-reset abbr { border-bottom: 1px dotted #000; cursor: help; }	            .sf-reset p { font-size:14px; line-height:20px; color:#868686; padding-bottom:20px }	            .sf-reset strong { font-weight:bold; }	            .sf-reset a { color:#6c6159; cursor: default; }	            .sf-reset a img { border:none; }	            .sf-reset a:hover { text-decoration:underline; }	            .sf-reset em { font-style:italic; }	            .sf-reset h1, .sf-reset h2 { font: 20px Georgia, "Times New Roman", Times, serif }	            .sf-reset .exception_counter { background-color: #fff; color: #333; padding: 6px; float: left; margin-right: 10px; float: left; display: block; }	            .sf-reset .exception_title { margin-left: 3em; margin-bottom: 0.7em; display: block; }	            .sf-reset .exception_message { margin-left: 3em; display: block; }	            .sf-reset .traces li { font-size:12px; padding: 2px 4px; list-style-type:decimal; margin-left:20px; }	            .sf-reset .block { background-color:#FFFFFF; padding:10px 28px; margin-bottom:20px;	                -webkit-border-bottom-right-radius: 16px;	                -webkit-border-bottom-left-radius: 16px;	                -moz-border-radius-bottomright: 16px;	                -moz-border-radius-bottomleft: 16px;	                border-bottom-right-radius: 16px;	                border-bottom-left-radius: 16px;	                border-bottom:1px solid #ccc;	                border-right:1px solid #ccc;	                border-left:1px solid #ccc;	            }	            .sf-reset .block_exception { background-color:#ddd; color: #333; padding:20px;	                -webkit-border-top-left-radius: 16px;	                -webkit-border-top-right-radius: 16px;	                -moz-border-radius-topleft: 16px;	                -moz-border-radius-topright: 16px;	                border-top-left-radius: 16px;	                border-top-right-radius: 16px;	                border-top:1px solid #ccc;	                border-right:1px solid #ccc;	                border-left:1px solid #ccc;	                overflow: hidden;	                word-wrap: break-word;	            }	            .sf-reset a { background:none; color:#868686; text-decoration:none; }	            .sf-reset a:hover { background:none; color:#313131; text-decoration:underline; }	            .sf-reset ol { padding: 10px 0; }	            .sf-reset h1 { background-color:#FFFFFF; padding: 15px 28px; margin-bottom: 20px;	                -webkit-border-radius: 10px;	                -moz-border-radius: 10px;	                border-radius: 10px;	                border: 1px solid #ccc;	            }	        </style>	    </head>	    <body>	                    <div id="sf-resetcontent" class="sf-reset">	                <h1>Whoops, looks like something went wrong.</h1>	                	            </div>	    </body>	</html>
2022-05-25 14:12:34 ERROR    Failure: 172717110701069407241174406021285620737 : http://localhost:3000/pagekit/index.php/admin/dashboard -> Failed to load resource: the server responded with a status of 404 (Not Found)
2022-05-25 14:12:34 ERROR    Failure: 105300557729261157098417819715091919465 : http://localhost:3000/pagekit/index.php/admin/dashboard -> status code(404) -> 
2022-05-25 14:12:39 ERROR    Failure: 172717110701069407241174406021285620737 : http://localhost:3000/pagekit/index.php/admin/dashboard -> Failed to load resource: the server responded with a status of 404 (Not Found)
2022-05-25 14:12:39 ERROR    Failure: 105300557729261157098417819715091919465 : http://localhost:3000/pagekit/index.php/admin/dashboard -> status code(404) -> 
2022-05-25 14:12:45 ERROR    Failure: 172717110701069407241174406021285620737 : http://localhost:3000/pagekit/index.php/admin/dashboard -> Failed to load resource: the server responded with a status of 404 (Not Found)
2022-05-25 14:12:45 ERROR    Failure: 105300557729261157098417819715091919465 : http://localhost:3000/pagekit/index.php/admin/dashboard -> status code(404) -> 
2022-05-25 14:12:48 ERROR    Failure: 172717110701069407241174406021285620737 : http://localhost:3000/pagekit/index.php/admin/dashboard -> Failed to load resource: the server responded with a status of 404 (Not Found)
2022-05-25 14:12:48 ERROR    Failure: 105300557729261157098417819715091919465 : http://localhost:3000/pagekit/index.php/admin/dashboard -> status code(404) -> 
2022-05-25 14:12:55 ERROR    Failure: 172717110701069407241174406021285620737 : http://localhost:3000/pagekit/index.php/admin/dashboard -> Failed to load resource: the server responded with a status of 404 (Not Found)
2022-05-25 14:12:55 ERROR    Failure: 172717110701069407241174406021285620737 : http://localhost:3000/pagekit/index.php/admin/dashboard -> Failed to load resource: the server responded with a status of 404 (Not Found)
2022-05-25 14:12:55 ERROR    Failure: 105300557729261157098417819715091919465 : http://localhost:3000/pagekit/index.php/admin/dashboard -> status code(404) -> 
2022-05-25 14:12:55 ERROR    Failure: 105300557729261157098417819715091919465 : http://localhost:3000/pagekit/index.php/admin/dashboard -> status code(404) -> 
2022-05-25 14:13:01 ERROR    Failure: 172717110701069407241174406021285620737 : http://localhost:3000/pagekit/index.php/admin/dashboard -> Failed to load resource: the server responded with a status of 404 (Not Found)
2022-05-25 14:13:01 ERROR    Failure: 172717110701069407241174406021285620737 : http://localhost:3000/pagekit/index.php/admin/dashboard -> Failed to load resource: the server responded with a status of 404 (Not Found)
2022-05-25 14:13:01 ERROR    Failure: 105300557729261157098417819715091919465 : http://localhost:3000/pagekit/index.php/admin/dashboard -> status code(404) -> 
2022-05-25 14:13:01 ERROR    Failure: 105300557729261157098417819715091919465 : http://localhost:3000/pagekit/index.php/admin/dashboard -> status code(404) -> 
2022-05-25 14:13:09 ERROR    Failure: 172717110701069407241174406021285620737 : http://localhost:3000/pagekit/index.php/admin/dashboard -> Failed to load resource: the server responded with a status of 404 (Not Found)
2022-05-25 14:13:09 ERROR    Failure: 172717110701069407241174406021285620737 : http://localhost:3000/pagekit/index.php/admin/dashboard -> Failed to load resource: the server responded with a status of 404 (Not Found)
2022-05-25 14:13:09 ERROR    Failure: 105300557729261157098417819715091919465 : http://localhost:3000/pagekit/index.php/admin/dashboard -> status code(404) -> 
2022-05-25 14:13:09 ERROR    Failure: 105300557729261157098417819715091919465 : http://localhost:3000/pagekit/index.php/admin/dashboard -> status code(404) -> 
2022-05-25 14:13:16 ERROR    Failure: 172717110701069407241174406021285620737 : http://localhost:3000/pagekit/index.php/admin/dashboard -> Failed to load resource: the server responded with a status of 404 (Not Found)
2022-05-25 14:13:16 ERROR    Failure: 172717110701069407241174406021285620737 : http://localhost:3000/pagekit/index.php/admin/dashboard -> Failed to load resource: the server responded with a status of 404 (Not Found)
2022-05-25 14:13:16 ERROR    Failure: 105300557729261157098417819715091919465 : http://localhost:3000/pagekit/index.php/admin/dashboard -> status code(404) -> 
2022-05-25 14:13:16 ERROR    Failure: 105300557729261157098417819715091919465 : http://localhost:3000/pagekit/index.php/admin/dashboard -> status code(404) -> 
2022-05-25 14:13:18 ERROR    Failure: 172717110701069407241174406021285620737 : http://localhost:3000/pagekit/index.php/admin/dashboard -> Failed to load resource: the server responded with a status of 404 (Not Found)
2022-05-25 14:13:18 ERROR    Failure: 80165734902288621318310788211409255354 : http://localhost:3000/pagekit/admin/system/update -> status code(404) -> <!DOCTYPE HTML PUBLIC "-//IETF//DTD HTML 2.0//EN">	<html><head>	<title>404 Not Found</title>	</head><body>	<h1>Not Found</h1>	<p>The requested URL /pagekit/admin/system/update was not found on this server.</p>	<hr>	<address>Apache/2.4.18 (Ubuntu) Server at localhost Port 3000</address>	</body></html>	
2022-05-25 14:13:19 ERROR    Failure: 172717110701069407241174406021285620737 : http://localhost:3000/pagekit/index.php/admin/dashboard -> Failed to load resource: the server responded with a status of 404 (Not Found)
2022-05-25 14:13:19 ERROR    Failure: 172717110701069407241174406021285620737 : http://localhost:3000/pagekit/index.php/admin/dashboard -> Failed to load resource: the server responded with a status of 404 (Not Found)
2022-05-25 14:13:19 ERROR    Failure: 105300557729261157098417819715091919465 : http://localhost:3000/pagekit/index.php/admin/dashboard -> status code(404) -> 
2022-05-25 14:13:19 ERROR    Failure: 105300557729261157098417819715091919465 : http://localhost:3000/pagekit/index.php/admin/dashboard -> status code(404) -> 
2022-05-25 14:13:26 ERROR    Failure: 172717110701069407241174406021285620737 : http://localhost:3000/pagekit/index.php/admin/dashboard -> Failed to load resource: the server responded with a status of 404 (Not Found)
2022-05-25 14:13:26 ERROR    Failure: 172717110701069407241174406021285620737 : http://localhost:3000/pagekit/index.php/admin/dashboard -> Failed to load resource: the server responded with a status of 404 (Not Found)
2022-05-25 14:13:26 ERROR    Failure: 105300557729261157098417819715091919465 : http://localhost:3000/pagekit/index.php/admin/dashboard -> status code(404) -> 
2022-05-25 14:13:26 ERROR    Failure: 105300557729261157098417819715091919465 : http://localhost:3000/pagekit/index.php/admin/dashboard -> status code(404) -> 
2022-05-25 14:13:31 ERROR    Failure: 172717110701069407241174406021285620737 : http://localhost:3000/pagekit/index.php/admin/dashboard -> Failed to load resource: the server responded with a status of 404 (Not Found)
2022-05-25 14:13:31 ERROR    Failure: 172717110701069407241174406021285620737 : http://localhost:3000/pagekit/index.php/admin/dashboard -> Failed to load resource: the server responded with a status of 404 (Not Found)
2022-05-25 14:13:31 ERROR    Failure: 105300557729261157098417819715091919465 : http://localhost:3000/pagekit/index.php/admin/dashboard -> status code(404) -> 
2022-05-25 14:13:31 ERROR    Failure: 105300557729261157098417819715091919465 : http://localhost:3000/pagekit/index.php/admin/dashboard -> status code(404) -> 
2022-05-25 14:13:37 ERROR    Failure: 172717110701069407241174406021285620737 : http://localhost:3000/pagekit/index.php/admin/dashboard -> Failed to load resource: the server responded with a status of 404 (Not Found)
2022-05-25 14:13:37 ERROR    Failure: 172717110701069407241174406021285620737 : http://localhost:3000/pagekit/index.php/admin/dashboard -> Failed to load resource: the server responded with a status of 404 (Not Found)
2022-05-25 14:13:37 ERROR    Failure: 105300557729261157098417819715091919465 : http://localhost:3000/pagekit/index.php/admin/dashboard -> status code(404) -> 
2022-05-25 14:13:37 ERROR    Failure: 105300557729261157098417819715091919465 : http://localhost:3000/pagekit/index.php/admin/dashboard -> status code(404) -> 
2022-05-25 14:13:44 ERROR    Failure: 172717110701069407241174406021285620737 : http://localhost:3000/pagekit/index.php/admin/dashboard -> Failed to load resource: the server responded with a status of 404 (Not Found)
2022-05-25 14:13:44 ERROR    Failure: 172717110701069407241174406021285620737 : http://localhost:3000/pagekit/index.php/admin/dashboard -> Failed to load resource: the server responded with a status of 404 (Not Found)
2022-05-25 14:13:44 ERROR    Failure: 105300557729261157098417819715091919465 : http://localhost:3000/pagekit/index.php/admin/dashboard -> status code(404) -> 
2022-05-25 14:13:44 ERROR    Failure: 105300557729261157098417819715091919465 : http://localhost:3000/pagekit/index.php/admin/dashboard -> status code(404) -> 
2022-05-25 14:13:50 ERROR    Failure: 172717110701069407241174406021285620737 : http://localhost:3000/pagekit/index.php/admin/dashboard -> Failed to load resource: the server responded with a status of 404 (Not Found)
2022-05-25 14:13:50 ERROR    Failure: 105300557729261157098417819715091919465 : http://localhost:3000/pagekit/index.php/admin/dashboard -> status code(404) -> 
2022-05-25 14:13:52 ERROR    Failure: 172717110701069407241174406021285620737 : http://localhost:3000/pagekit/index.php/admin/dashboard -> Failed to load resource: the server responded with a status of 404 (Not Found)
2022-05-25 14:13:52 ERROR    Failure: 105300557729261157098417819715091919465 : http://localhost:3000/pagekit/index.php/admin/dashboard -> status code(404) -> 
2022-05-25 14:13:52 ERROR    Failure: 172717110701069407241174406021285620737 : http://localhost:3000/pagekit/index.php/admin/dashboard -> Failed to load resource: the server responded with a status of 404 (Not Found)
2022-05-25 14:13:52 ERROR    Failure: 105300557729261157098417819715091919465 : http://localhost:3000/pagekit/index.php/admin/dashboard -> status code(404) -> 
2022-05-25 14:13:53 ERROR    Failure: 262513326802567628094931167029883077585 : http://localhost:3000/pagekit/index.php/admin/dashboard -> net::ERR_ABORTED
2022-05-25 14:13:54 ERROR    Failure: 172717110701069407241174406021285620737 : http://localhost:3000/pagekit/index.php/admin/dashboard -> Failed to load resource: the server responded with a status of 404 (Not Found)
2022-05-25 14:13:54 ERROR    Failure: 172717110701069407241174406021285620737 : http://localhost:3000/pagekit/index.php/admin/dashboard -> Failed to load resource: the server responded with a status of 404 (Not Found)
2022-05-25 14:13:54 ERROR    Failure: 172717110701069407241174406021285620737 : http://localhost:3000/pagekit/index.php/admin/dashboard -> Failed to load resource: the server responded with a status of 404 (Not Found)
2022-05-25 14:13:54 ERROR    Failure: 105300557729261157098417819715091919465 : http://localhost:3000/pagekit/index.php/admin/dashboard -> status code(404) -> 
2022-05-25 14:13:54 ERROR    Failure: 105300557729261157098417819715091919465 : http://localhost:3000/pagekit/index.php/admin/dashboard -> status code(404) -> 
2022-05-25 14:13:54 ERROR    Failure: 105300557729261157098417819715091919465 : http://localhost:3000/pagekit/index.php/admin/dashboard -> status code(404) -> 
2022-05-25 14:13:58 ERROR    Failure: 262513326802567628094931167029883077585 : http://localhost:3000/pagekit/index.php/admin/user/edit?id=1 -> net::ERR_ABORTED
2022-05-25 14:14:01 ERROR    Failure: 172717110701069407241174406021285620737 : http://localhost:3000/pagekit/index.php/admin/dashboard -> Failed to load resource: the server responded with a status of 404 (Not Found)
2022-05-25 14:14:01 ERROR    Failure: 172717110701069407241174406021285620737 : http://localhost:3000/pagekit/index.php/admin/dashboard -> Failed to load resource: the server responded with a status of 404 (Not Found)
2022-05-25 14:14:01 ERROR    Failure: 172717110701069407241174406021285620737 : http://localhost:3000/pagekit/index.php/admin/dashboard -> Failed to load resource: the server responded with a status of 404 (Not Found)
2022-05-25 14:14:01 ERROR    Failure: 105300557729261157098417819715091919465 : http://localhost:3000/pagekit/index.php/admin/dashboard -> status code(404) -> 
2022-05-25 14:14:01 ERROR    Failure: 105300557729261157098417819715091919465 : http://localhost:3000/pagekit/index.php/admin/dashboard -> status code(404) -> 
2022-05-25 14:14:01 ERROR    Failure: 105300557729261157098417819715091919465 : http://localhost:3000/pagekit/index.php/admin/dashboard -> status code(404) -> 
2022-05-25 14:14:03 ERROR    Failure: 262513326802567628094931167029883077585 : http://localhost:3000/pagekit/index.php/admin/user/edit?id=1 -> net::ERR_ABORTED
2022-05-25 14:14:07 ERROR    Failure: 172717110701069407241174406021285620737 : http://localhost:3000/pagekit/index.php/admin/dashboard -> Failed to load resource: the server responded with a status of 404 (Not Found)
2022-05-25 14:14:07 ERROR    Failure: 172717110701069407241174406021285620737 : http://localhost:3000/pagekit/index.php/admin/dashboard -> Failed to load resource: the server responded with a status of 404 (Not Found)
2022-05-25 14:14:07 ERROR    Failure: 172717110701069407241174406021285620737 : http://localhost:3000/pagekit/index.php/admin/dashboard -> Failed to load resource: the server responded with a status of 404 (Not Found)
2022-05-25 14:14:07 ERROR    Failure: 105300557729261157098417819715091919465 : http://localhost:3000/pagekit/index.php/admin/dashboard -> status code(404) -> 
2022-05-25 14:14:07 ERROR    Failure: 105300557729261157098417819715091919465 : http://localhost:3000/pagekit/index.php/admin/dashboard -> status code(404) -> 
2022-05-25 14:14:07 ERROR    Failure: 105300557729261157098417819715091919465 : http://localhost:3000/pagekit/index.php/admin/dashboard -> status code(404) -> 
2022-05-25 14:14:15 ERROR    Failure: 172717110701069407241174406021285620737 : http://localhost:3000/pagekit/index.php/admin/dashboard -> Failed to load resource: the server responded with a status of 404 (Not Found)
2022-05-25 14:14:15 ERROR    Failure: 172717110701069407241174406021285620737 : http://localhost:3000/pagekit/index.php/admin/dashboard -> Failed to load resource: the server responded with a status of 404 (Not Found)
2022-05-25 14:14:15 ERROR    Failure: 172717110701069407241174406021285620737 : http://localhost:3000/pagekit/index.php/admin/dashboard -> Failed to load resource: the server responded with a status of 404 (Not Found)
2022-05-25 14:14:15 ERROR    Failure: 105300557729261157098417819715091919465 : http://localhost:3000/pagekit/index.php/admin/dashboard -> status code(404) -> 
2022-05-25 14:14:15 ERROR    Failure: 105300557729261157098417819715091919465 : http://localhost:3000/pagekit/index.php/admin/dashboard -> status code(404) -> 
2022-05-25 14:14:15 ERROR    Failure: 105300557729261157098417819715091919465 : http://localhost:3000/pagekit/index.php/admin/dashboard -> status code(404) -> 
2022-05-25 14:14:23 ERROR    Failure: 172717110701069407241174406021285620737 : http://localhost:3000/pagekit/index.php/admin/dashboard -> Failed to load resource: the server responded with a status of 404 (Not Found)
2022-05-25 14:14:23 ERROR    Failure: 172717110701069407241174406021285620737 : http://localhost:3000/pagekit/index.php/admin/dashboard -> Failed to load resource: the server responded with a status of 404 (Not Found)
2022-05-25 14:14:23 ERROR    Failure: 172717110701069407241174406021285620737 : http://localhost:3000/pagekit/index.php/admin/dashboard -> Failed to load resource: the server responded with a status of 404 (Not Found)
2022-05-25 14:14:23 ERROR    Failure: 105300557729261157098417819715091919465 : http://localhost:3000/pagekit/index.php/admin/dashboard -> status code(404) -> 
2022-05-25 14:14:23 ERROR    Failure: 105300557729261157098417819715091919465 : http://localhost:3000/pagekit/index.php/admin/dashboard -> status code(404) -> 
2022-05-25 14:14:23 ERROR    Failure: 105300557729261157098417819715091919465 : http://localhost:3000/pagekit/index.php/admin/dashboard -> status code(404) -> 
2022-05-25 14:14:31 ERROR    Failure: 172717110701069407241174406021285620737 : http://localhost:3000/pagekit/index.php/admin/dashboard -> Failed to load resource: the server responded with a status of 404 (Not Found)
2022-05-25 14:14:31 ERROR    Failure: 172717110701069407241174406021285620737 : http://localhost:3000/pagekit/index.php/admin/dashboard -> Failed to load resource: the server responded with a status of 404 (Not Found)
2022-05-25 14:14:31 ERROR    Failure: 172717110701069407241174406021285620737 : http://localhost:3000/pagekit/index.php/admin/dashboard -> Failed to load resource: the server responded with a status of 404 (Not Found)
2022-05-25 14:14:31 ERROR    Failure: 105300557729261157098417819715091919465 : http://localhost:3000/pagekit/index.php/admin/dashboard -> status code(404) -> 
2022-05-25 14:14:31 ERROR    Failure: 105300557729261157098417819715091919465 : http://localhost:3000/pagekit/index.php/admin/dashboard -> status code(404) -> 
2022-05-25 14:14:31 ERROR    Failure: 105300557729261157098417819715091919465 : http://localhost:3000/pagekit/index.php/admin/dashboard -> status code(404) -> 
2022-05-25 14:14:37 ERROR    Failure: 172717110701069407241174406021285620737 : http://localhost:3000/pagekit/index.php/admin/dashboard -> Failed to load resource: the server responded with a status of 404 (Not Found)
2022-05-25 14:14:37 ERROR    Failure: 172717110701069407241174406021285620737 : http://localhost:3000/pagekit/index.php/admin/dashboard -> Failed to load resource: the server responded with a status of 404 (Not Found)
2022-05-25 14:14:37 ERROR    Failure: 172717110701069407241174406021285620737 : http://localhost:3000/pagekit/index.php/admin/dashboard -> Failed to load resource: the server responded with a status of 404 (Not Found)
2022-05-25 14:14:37 ERROR    Failure: 105300557729261157098417819715091919465 : http://localhost:3000/pagekit/index.php/admin/dashboard -> status code(404) -> 
2022-05-25 14:14:37 ERROR    Failure: 105300557729261157098417819715091919465 : http://localhost:3000/pagekit/index.php/admin/dashboard -> status code(404) -> 
2022-05-25 14:14:37 ERROR    Failure: 105300557729261157098417819715091919465 : http://localhost:3000/pagekit/index.php/admin/dashboard -> status code(404) -> 
2022-05-25 14:14:45 ERROR    Failure: 172717110701069407241174406021285620737 : http://localhost:3000/pagekit/index.php/admin/dashboard -> Failed to load resource: the server responded with a status of 404 (Not Found)
2022-05-25 14:14:45 ERROR    Failure: 172717110701069407241174406021285620737 : http://localhost:3000/pagekit/index.php/admin/dashboard -> Failed to load resource: the server responded with a status of 404 (Not Found)
2022-05-25 14:14:45 ERROR    Failure: 172717110701069407241174406021285620737 : http://localhost:3000/pagekit/index.php/admin/dashboard -> Failed to load resource: the server responded with a status of 404 (Not Found)
2022-05-25 14:14:45 ERROR    Failure: 105300557729261157098417819715091919465 : http://localhost:3000/pagekit/index.php/admin/dashboard -> status code(404) -> 
2022-05-25 14:14:45 ERROR    Failure: 105300557729261157098417819715091919465 : http://localhost:3000/pagekit/index.php/admin/dashboard -> status code(404) -> 
2022-05-25 14:14:45 ERROR    Failure: 105300557729261157098417819715091919465 : http://localhost:3000/pagekit/index.php/admin/dashboard -> status code(404) -> 
2022-05-25 14:14:47 ERROR    Failure: 262513326802567628094931167029883077585 : http://localhost:3000/pagekit/index.php/admin/user/edit?id=1 -> net::ERR_ABORTED
2022-05-25 14:14:48 ERROR    Failure: 262513326802567628094931167029883077585 : http://localhost:3000/pagekit/index.php/admin/user -> net::ERR_ABORTED
2022-05-25 14:14:51 ERROR    Failure: 172717110701069407241174406021285620737 : http://localhost:3000/pagekit/index.php/admin/dashboard -> Failed to load resource: the server responded with a status of 404 (Not Found)
2022-05-25 14:14:51 ERROR    Failure: 172717110701069407241174406021285620737 : http://localhost:3000/pagekit/index.php/admin/dashboard -> Failed to load resource: the server responded with a status of 404 (Not Found)
2022-05-25 14:14:51 ERROR    Failure: 172717110701069407241174406021285620737 : http://localhost:3000/pagekit/index.php/admin/dashboard -> Failed to load resource: the server responded with a status of 404 (Not Found)
2022-05-25 14:14:51 ERROR    Failure: 105300557729261157098417819715091919465 : http://localhost:3000/pagekit/index.php/admin/dashboard -> status code(404) -> 
2022-05-25 14:14:51 ERROR    Failure: 105300557729261157098417819715091919465 : http://localhost:3000/pagekit/index.php/admin/dashboard -> status code(404) -> 
2022-05-25 14:14:51 ERROR    Failure: 105300557729261157098417819715091919465 : http://localhost:3000/pagekit/index.php/admin/dashboard -> status code(404) -> 
2022-05-25 14:14:58 ERROR    Failure: 172717110701069407241174406021285620737 : http://localhost:3000/pagekit/index.php/admin/dashboard -> Failed to load resource: the server responded with a status of 404 (Not Found)
2022-05-25 14:14:58 ERROR    Failure: 172717110701069407241174406021285620737 : http://localhost:3000/pagekit/index.php/admin/dashboard -> Failed to load resource: the server responded with a status of 404 (Not Found)
2022-05-25 14:14:58 ERROR    Failure: 172717110701069407241174406021285620737 : http://localhost:3000/pagekit/index.php/admin/dashboard -> Failed to load resource: the server responded with a status of 404 (Not Found)
2022-05-25 14:14:58 ERROR    Failure: 105300557729261157098417819715091919465 : http://localhost:3000/pagekit/index.php/admin/dashboard -> status code(404) -> 
2022-05-25 14:14:58 ERROR    Failure: 105300557729261157098417819715091919465 : http://localhost:3000/pagekit/index.php/admin/dashboard -> status code(404) -> 
2022-05-25 14:14:58 ERROR    Failure: 105300557729261157098417819715091919465 : http://localhost:3000/pagekit/index.php/admin/dashboard -> status code(404) -> 
2022-05-25 14:15:05 ERROR    Failure: 172717110701069407241174406021285620737 : http://localhost:3000/pagekit/index.php/admin/dashboard -> Failed to load resource: the server responded with a status of 404 (Not Found)
2022-05-25 14:15:05 ERROR    Failure: 172717110701069407241174406021285620737 : http://localhost:3000/pagekit/index.php/admin/dashboard -> Failed to load resource: the server responded with a status of 404 (Not Found)
2022-05-25 14:15:05 ERROR    Failure: 105300557729261157098417819715091919465 : http://localhost:3000/pagekit/index.php/admin/dashboard -> status code(404) -> 
2022-05-25 14:15:05 ERROR    Failure: 105300557729261157098417819715091919465 : http://localhost:3000/pagekit/index.php/admin/dashboard -> status code(404) -> 
2022-05-25 14:15:05 ERROR    Failure: 172717110701069407241174406021285620737 : http://localhost:3000/pagekit/index.php/admin/dashboard -> Failed to load resource: the server responded with a status of 404 (Not Found)
2022-05-25 14:15:05 ERROR    Failure: 105300557729261157098417819715091919465 : http://localhost:3000/pagekit/index.php/admin/dashboard -> status code(404) -> 
2022-05-25 14:15:09 ERROR    Failure: 172717110701069407241174406021285620737 : http://localhost:3000/pagekit/index.php/admin/dashboard -> Failed to load resource: the server responded with a status of 404 (Not Found)
2022-05-25 14:15:09 ERROR    Failure: 80165734902288621318310788211409255354 : http://localhost:3000/pagekit/admin/system/update -> status code(404) -> <!DOCTYPE HTML PUBLIC "-//IETF//DTD HTML 2.0//EN">	<html><head>	<title>404 Not Found</title>	</head><body>	<h1>Not Found</h1>	<p>The requested URL /pagekit/admin/system/update was not found on this server.</p>	<hr>	<address>Apache/2.4.18 (Ubuntu) Server at localhost Port 3000</address>	</body></html>	
2022-05-25 14:15:10 ERROR    Failure: 172717110701069407241174406021285620737 : http://localhost:3000/pagekit/index.php/admin/dashboard -> Failed to load resource: the server responded with a status of 404 (Not Found)
2022-05-25 14:15:10 ERROR    Failure: 172717110701069407241174406021285620737 : http://localhost:3000/pagekit/index.php/admin/dashboard -> Failed to load resource: the server responded with a status of 404 (Not Found)
2022-05-25 14:15:10 ERROR    Failure: 172717110701069407241174406021285620737 : http://localhost:3000/pagekit/index.php/admin/dashboard -> Failed to load resource: the server responded with a status of 404 (Not Found)
2022-05-25 14:15:10 ERROR    Failure: 105300557729261157098417819715091919465 : http://localhost:3000/pagekit/index.php/admin/dashboard -> status code(404) -> 
2022-05-25 14:15:10 ERROR    Failure: 105300557729261157098417819715091919465 : http://localhost:3000/pagekit/index.php/admin/dashboard -> status code(404) -> 
2022-05-25 14:15:10 ERROR    Failure: 105300557729261157098417819715091919465 : http://localhost:3000/pagekit/index.php/admin/dashboard -> status code(404) -> 
2022-05-25 14:15:19 ERROR    Failure: 172717110701069407241174406021285620737 : http://localhost:3000/pagekit/index.php/admin/dashboard -> Failed to load resource: the server responded with a status of 404 (Not Found)
2022-05-25 14:15:19 ERROR    Failure: 172717110701069407241174406021285620737 : http://localhost:3000/pagekit/index.php/admin/dashboard -> Failed to load resource: the server responded with a status of 404 (Not Found)
2022-05-25 14:15:19 ERROR    Failure: 172717110701069407241174406021285620737 : http://localhost:3000/pagekit/index.php/admin/dashboard -> Failed to load resource: the server responded with a status of 404 (Not Found)
2022-05-25 14:15:19 ERROR    Failure: 105300557729261157098417819715091919465 : http://localhost:3000/pagekit/index.php/admin/dashboard -> status code(404) -> 
2022-05-25 14:15:19 ERROR    Failure: 105300557729261157098417819715091919465 : http://localhost:3000/pagekit/index.php/admin/dashboard -> status code(404) -> 
2022-05-25 14:15:19 ERROR    Failure: 105300557729261157098417819715091919465 : http://localhost:3000/pagekit/index.php/admin/dashboard -> status code(404) -> 
2022-05-25 14:15:27 ERROR    Failure: 172717110701069407241174406021285620737 : http://localhost:3000/pagekit/index.php/admin/dashboard -> Failed to load resource: the server responded with a status of 404 (Not Found)
2022-05-25 14:15:27 ERROR    Failure: 172717110701069407241174406021285620737 : http://localhost:3000/pagekit/index.php/admin/dashboard -> Failed to load resource: the server responded with a status of 404 (Not Found)
2022-05-25 14:15:27 ERROR    Failure: 172717110701069407241174406021285620737 : http://localhost:3000/pagekit/index.php/admin/dashboard -> Failed to load resource: the server responded with a status of 404 (Not Found)
2022-05-25 14:15:27 ERROR    Failure: 105300557729261157098417819715091919465 : http://localhost:3000/pagekit/index.php/admin/dashboard -> status code(404) -> 
2022-05-25 14:15:27 ERROR    Failure: 105300557729261157098417819715091919465 : http://localhost:3000/pagekit/index.php/admin/dashboard -> status code(404) -> 
2022-05-25 14:15:27 ERROR    Failure: 105300557729261157098417819715091919465 : http://localhost:3000/pagekit/index.php/admin/dashboard -> status code(404) -> 
2022-05-25 14:15:34 ERROR    Failure: 172717110701069407241174406021285620737 : http://localhost:3000/pagekit/index.php/admin/dashboard -> Failed to load resource: the server responded with a status of 404 (Not Found)
2022-05-25 14:15:34 ERROR    Failure: 172717110701069407241174406021285620737 : http://localhost:3000/pagekit/index.php/admin/dashboard -> Failed to load resource: the server responded with a status of 404 (Not Found)
2022-05-25 14:15:34 ERROR    Failure: 105300557729261157098417819715091919465 : http://localhost:3000/pagekit/index.php/admin/dashboard -> status code(404) -> 
2022-05-25 14:15:34 ERROR    Failure: 172717110701069407241174406021285620737 : http://localhost:3000/pagekit/index.php/admin/dashboard -> Failed to load resource: the server responded with a status of 404 (Not Found)
2022-05-25 14:15:34 ERROR    Failure: 105300557729261157098417819715091919465 : http://localhost:3000/pagekit/index.php/admin/dashboard -> status code(404) -> 
2022-05-25 14:15:34 ERROR    Failure: 105300557729261157098417819715091919465 : http://localhost:3000/pagekit/index.php/admin/dashboard -> status code(404) -> 
2022-05-25 14:15:41 ERROR    Failure: 172717110701069407241174406021285620737 : http://localhost:3000/pagekit/index.php/admin/dashboard -> Failed to load resource: the server responded with a status of 404 (Not Found)
2022-05-25 14:15:41 ERROR    Failure: 172717110701069407241174406021285620737 : http://localhost:3000/pagekit/index.php/admin/dashboard -> Failed to load resource: the server responded with a status of 404 (Not Found)
2022-05-25 14:15:41 ERROR    Failure: 105300557729261157098417819715091919465 : http://localhost:3000/pagekit/index.php/admin/dashboard -> status code(404) -> 
2022-05-25 14:15:41 ERROR    Failure: 172717110701069407241174406021285620737 : http://localhost:3000/pagekit/index.php/admin/dashboard -> Failed to load resource: the server responded with a status of 404 (Not Found)
2022-05-25 14:15:41 ERROR    Failure: 105300557729261157098417819715091919465 : http://localhost:3000/pagekit/index.php/admin/dashboard -> status code(404) -> 
2022-05-25 14:15:41 ERROR    Failure: 105300557729261157098417819715091919465 : http://localhost:3000/pagekit/index.php/admin/dashboard -> status code(404) -> 
2022-05-25 14:15:49 ERROR    Failure: 172717110701069407241174406021285620737 : http://localhost:3000/pagekit/index.php/admin/dashboard -> Failed to load resource: the server responded with a status of 404 (Not Found)
2022-05-25 14:15:49 ERROR    Failure: 172717110701069407241174406021285620737 : http://localhost:3000/pagekit/index.php/admin/dashboard -> Failed to load resource: the server responded with a status of 404 (Not Found)
2022-05-25 14:15:49 ERROR    Failure: 105300557729261157098417819715091919465 : http://localhost:3000/pagekit/index.php/admin/dashboard -> status code(404) -> 
2022-05-25 14:15:49 ERROR    Failure: 105300557729261157098417819715091919465 : http://localhost:3000/pagekit/index.php/admin/dashboard -> status code(404) -> 
2022-05-25 14:15:49 ERROR    Failure: 172717110701069407241174406021285620737 : http://localhost:3000/pagekit/index.php/admin/dashboard -> Failed to load resource: the server responded with a status of 404 (Not Found)
2022-05-25 14:15:49 ERROR    Failure: 105300557729261157098417819715091919465 : http://localhost:3000/pagekit/index.php/admin/dashboard -> status code(404) -> 
2022-05-25 14:15:56 ERROR    Failure: 172717110701069407241174406021285620737 : http://localhost:3000/pagekit/index.php/admin/dashboard -> Failed to load resource: the server responded with a status of 404 (Not Found)
2022-05-25 14:15:56 ERROR    Failure: 172717110701069407241174406021285620737 : http://localhost:3000/pagekit/index.php/admin/dashboard -> Failed to load resource: the server responded with a status of 404 (Not Found)
2022-05-25 14:15:56 ERROR    Failure: 172717110701069407241174406021285620737 : http://localhost:3000/pagekit/index.php/admin/dashboard -> Failed to load resource: the server responded with a status of 404 (Not Found)
2022-05-25 14:15:56 ERROR    Failure: 105300557729261157098417819715091919465 : http://localhost:3000/pagekit/index.php/admin/dashboard -> status code(404) -> 
2022-05-25 14:15:56 ERROR    Failure: 105300557729261157098417819715091919465 : http://localhost:3000/pagekit/index.php/admin/dashboard -> status code(404) -> 
2022-05-25 14:15:56 ERROR    Failure: 105300557729261157098417819715091919465 : http://localhost:3000/pagekit/index.php/admin/dashboard -> status code(404) -> 
2022-05-25 14:16:05 ERROR    Failure: 172717110701069407241174406021285620737 : http://localhost:3000/pagekit/index.php/admin/dashboard -> Failed to load resource: the server responded with a status of 404 (Not Found)
2022-05-25 14:16:05 ERROR    Failure: 172717110701069407241174406021285620737 : http://localhost:3000/pagekit/index.php/admin/dashboard -> Failed to load resource: the server responded with a status of 404 (Not Found)
2022-05-25 14:16:05 ERROR    Failure: 172717110701069407241174406021285620737 : http://localhost:3000/pagekit/index.php/admin/dashboard -> Failed to load resource: the server responded with a status of 404 (Not Found)
2022-05-25 14:16:05 ERROR    Failure: 105300557729261157098417819715091919465 : http://localhost:3000/pagekit/index.php/admin/dashboard -> status code(404) -> 
2022-05-25 14:16:05 ERROR    Failure: 105300557729261157098417819715091919465 : http://localhost:3000/pagekit/index.php/admin/dashboard -> status code(404) -> 
2022-05-25 14:16:05 ERROR    Failure: 105300557729261157098417819715091919465 : http://localhost:3000/pagekit/index.php/admin/dashboard -> status code(404) -> 
2022-05-25 14:16:12 ERROR    Failure: 172717110701069407241174406021285620737 : http://localhost:3000/pagekit/index.php/admin/dashboard -> Failed to load resource: the server responded with a status of 404 (Not Found)
2022-05-25 14:16:12 ERROR    Failure: 172717110701069407241174406021285620737 : http://localhost:3000/pagekit/index.php/admin/dashboard -> Failed to load resource: the server responded with a status of 404 (Not Found)
2022-05-25 14:16:12 ERROR    Failure: 172717110701069407241174406021285620737 : http://localhost:3000/pagekit/index.php/admin/dashboard -> Failed to load resource: the server responded with a status of 404 (Not Found)
2022-05-25 14:16:12 ERROR    Failure: 105300557729261157098417819715091919465 : http://localhost:3000/pagekit/index.php/admin/dashboard -> status code(404) -> 
2022-05-25 14:16:12 ERROR    Failure: 105300557729261157098417819715091919465 : http://localhost:3000/pagekit/index.php/admin/dashboard -> status code(404) -> 
2022-05-25 14:16:12 ERROR    Failure: 105300557729261157098417819715091919465 : http://localhost:3000/pagekit/index.php/admin/dashboard -> status code(404) -> 
2022-05-25 14:16:27 ERROR    Failure: 172717110701069407241174406021285620737 : http://localhost:3000/pagekit/index.php/admin/dashboard -> Failed to load resource: the server responded with a status of 404 (Not Found)
2022-05-25 14:16:27 ERROR    Failure: 172717110701069407241174406021285620737 : http://localhost:3000/pagekit/index.php/admin/dashboard -> Failed to load resource: the server responded with a status of 404 (Not Found)
2022-05-25 14:16:27 ERROR    Failure: 172717110701069407241174406021285620737 : http://localhost:3000/pagekit/index.php/admin/dashboard -> Failed to load resource: the server responded with a status of 404 (Not Found)
2022-05-25 14:16:27 ERROR    Failure: 105300557729261157098417819715091919465 : http://localhost:3000/pagekit/index.php/admin/dashboard -> status code(404) -> 
2022-05-25 14:16:27 ERROR    Failure: 105300557729261157098417819715091919465 : http://localhost:3000/pagekit/index.php/admin/dashboard -> status code(404) -> 
2022-05-25 14:16:27 ERROR    Failure: 105300557729261157098417819715091919465 : http://localhost:3000/pagekit/index.php/admin/dashboard -> status code(404) -> 
2022-05-25 14:16:34 ERROR    Failure: 172717110701069407241174406021285620737 : http://localhost:3000/pagekit/index.php/admin/dashboard -> Failed to load resource: the server responded with a status of 404 (Not Found)
2022-05-25 14:16:34 ERROR    Failure: 172717110701069407241174406021285620737 : http://localhost:3000/pagekit/index.php/admin/dashboard -> Failed to load resource: the server responded with a status of 404 (Not Found)
2022-05-25 14:16:34 ERROR    Failure: 105300557729261157098417819715091919465 : http://localhost:3000/pagekit/index.php/admin/dashboard -> status code(404) -> 
2022-05-25 14:16:34 ERROR    Failure: 172717110701069407241174406021285620737 : http://localhost:3000/pagekit/index.php/admin/dashboard -> Failed to load resource: the server responded with a status of 404 (Not Found)
2022-05-25 14:16:34 ERROR    Failure: 105300557729261157098417819715091919465 : http://localhost:3000/pagekit/index.php/admin/dashboard -> status code(404) -> 
2022-05-25 14:16:34 ERROR    Failure: 105300557729261157098417819715091919465 : http://localhost:3000/pagekit/index.php/admin/dashboard -> status code(404) -> 
2022-05-25 14:16:38 ERROR    Failure: 63661048957111971139043659084403729172 : http://localhost:3000/pagekit/index.php/admin/user# -> Failed to load resource: the server responded with a status of 400 (Bad Request)
2022-05-25 14:16:38 ERROR    Failure: 108454993266047261493729590968796755788 : http://localhost:3000/pagekit/index.php/admin/user# -> status code(400) -> "Unable to block yourself."
2022-05-25 14:16:41 ERROR    Failure: 172717110701069407241174406021285620737 : http://localhost:3000/pagekit/index.php/admin/dashboard -> Failed to load resource: the server responded with a status of 404 (Not Found)
2022-05-25 14:16:41 ERROR    Failure: 172717110701069407241174406021285620737 : http://localhost:3000/pagekit/index.php/admin/dashboard -> Failed to load resource: the server responded with a status of 404 (Not Found)
2022-05-25 14:16:41 ERROR    Failure: 105300557729261157098417819715091919465 : http://localhost:3000/pagekit/index.php/admin/dashboard -> status code(404) -> 
2022-05-25 14:16:41 ERROR    Failure: 172717110701069407241174406021285620737 : http://localhost:3000/pagekit/index.php/admin/dashboard -> Failed to load resource: the server responded with a status of 404 (Not Found)
2022-05-25 14:16:41 ERROR    Failure: 105300557729261157098417819715091919465 : http://localhost:3000/pagekit/index.php/admin/dashboard -> status code(404) -> 
2022-05-25 14:16:41 ERROR    Failure: 105300557729261157098417819715091919465 : http://localhost:3000/pagekit/index.php/admin/dashboard -> status code(404) -> 
2022-05-25 14:16:45 ERROR    Failure: 63661048957111971139043659084403729172 : http://localhost:3000/pagekit/index.php/admin/user# -> Failed to load resource: the server responded with a status of 400 (Bad Request)
2022-05-25 14:16:45 ERROR    Failure: 108454993266047261493729590968796755788 : http://localhost:3000/pagekit/index.php/admin/user# -> status code(400) -> "Unable to block yourself."
2022-05-25 14:16:48 ERROR    Failure: 172717110701069407241174406021285620737 : http://localhost:3000/pagekit/index.php/admin/dashboard -> Failed to load resource: the server responded with a status of 404 (Not Found)
2022-05-25 14:16:48 ERROR    Failure: 172717110701069407241174406021285620737 : http://localhost:3000/pagekit/index.php/admin/dashboard -> Failed to load resource: the server responded with a status of 404 (Not Found)
2022-05-25 14:16:48 ERROR    Failure: 172717110701069407241174406021285620737 : http://localhost:3000/pagekit/index.php/admin/dashboard -> Failed to load resource: the server responded with a status of 404 (Not Found)
2022-05-25 14:16:48 ERROR    Failure: 105300557729261157098417819715091919465 : http://localhost:3000/pagekit/index.php/admin/dashboard -> status code(404) -> 
2022-05-25 14:16:48 ERROR    Failure: 105300557729261157098417819715091919465 : http://localhost:3000/pagekit/index.php/admin/dashboard -> status code(404) -> 
2022-05-25 14:16:48 ERROR    Failure: 105300557729261157098417819715091919465 : http://localhost:3000/pagekit/index.php/admin/dashboard -> status code(404) -> 
2022-05-25 14:16:57 ERROR    Failure: 172717110701069407241174406021285620737 : http://localhost:3000/pagekit/index.php/admin/dashboard -> Failed to load resource: the server responded with a status of 404 (Not Found)
2022-05-25 14:16:57 ERROR    Failure: 172717110701069407241174406021285620737 : http://localhost:3000/pagekit/index.php/admin/dashboard -> Failed to load resource: the server responded with a status of 404 (Not Found)
2022-05-25 14:16:57 ERROR    Failure: 172717110701069407241174406021285620737 : http://localhost:3000/pagekit/index.php/admin/dashboard -> Failed to load resource: the server responded with a status of 404 (Not Found)
2022-05-25 14:16:57 ERROR    Failure: 105300557729261157098417819715091919465 : http://localhost:3000/pagekit/index.php/admin/dashboard -> status code(404) -> 
2022-05-25 14:16:57 ERROR    Failure: 105300557729261157098417819715091919465 : http://localhost:3000/pagekit/index.php/admin/dashboard -> status code(404) -> 
2022-05-25 14:16:57 ERROR    Failure: 105300557729261157098417819715091919465 : http://localhost:3000/pagekit/index.php/admin/dashboard -> status code(404) -> 
2022-05-25 14:17:02 ERROR    Failure: 172717110701069407241174406021285620737 : http://localhost:3000/pagekit/index.php/admin/dashboard -> Failed to load resource: the server responded with a status of 404 (Not Found)
2022-05-25 14:17:02 ERROR    Failure: 172717110701069407241174406021285620737 : http://localhost:3000/pagekit/index.php/admin/dashboard -> Failed to load resource: the server responded with a status of 404 (Not Found)
2022-05-25 14:17:02 ERROR    Failure: 172717110701069407241174406021285620737 : http://localhost:3000/pagekit/index.php/admin/dashboard -> Failed to load resource: the server responded with a status of 404 (Not Found)
2022-05-25 14:17:02 ERROR    Failure: 105300557729261157098417819715091919465 : http://localhost:3000/pagekit/index.php/admin/dashboard -> status code(404) -> 
2022-05-25 14:17:02 ERROR    Failure: 105300557729261157098417819715091919465 : http://localhost:3000/pagekit/index.php/admin/dashboard -> status code(404) -> 
2022-05-25 14:17:02 ERROR    Failure: 105300557729261157098417819715091919465 : http://localhost:3000/pagekit/index.php/admin/dashboard -> status code(404) -> 
2022-05-25 14:17:08 ERROR    Failure: 172717110701069407241174406021285620737 : http://localhost:3000/pagekit/index.php/admin/dashboard -> Failed to load resource: the server responded with a status of 404 (Not Found)
2022-05-25 14:17:08 ERROR    Failure: 172717110701069407241174406021285620737 : http://localhost:3000/pagekit/index.php/admin/dashboard -> Failed to load resource: the server responded with a status of 404 (Not Found)
2022-05-25 14:17:08 ERROR    Failure: 172717110701069407241174406021285620737 : http://localhost:3000/pagekit/index.php/admin/dashboard -> Failed to load resource: the server responded with a status of 404 (Not Found)
2022-05-25 14:17:08 ERROR    Failure: 105300557729261157098417819715091919465 : http://localhost:3000/pagekit/index.php/admin/dashboard -> status code(404) -> 
2022-05-25 14:17:08 ERROR    Failure: 105300557729261157098417819715091919465 : http://localhost:3000/pagekit/index.php/admin/dashboard -> status code(404) -> 
2022-05-25 14:17:08 ERROR    Failure: 105300557729261157098417819715091919465 : http://localhost:3000/pagekit/index.php/admin/dashboard -> status code(404) -> 
2022-05-25 14:17:15 ERROR    Failure: 172717110701069407241174406021285620737 : http://localhost:3000/pagekit/index.php/admin/dashboard -> Failed to load resource: the server responded with a status of 404 (Not Found)
2022-05-25 14:17:15 ERROR    Failure: 172717110701069407241174406021285620737 : http://localhost:3000/pagekit/index.php/admin/dashboard -> Failed to load resource: the server responded with a status of 404 (Not Found)
2022-05-25 14:17:15 ERROR    Failure: 172717110701069407241174406021285620737 : http://localhost:3000/pagekit/index.php/admin/dashboard -> Failed to load resource: the server responded with a status of 404 (Not Found)
2022-05-25 14:17:15 ERROR    Failure: 105300557729261157098417819715091919465 : http://localhost:3000/pagekit/index.php/admin/dashboard -> status code(404) -> 
2022-05-25 14:17:15 ERROR    Failure: 105300557729261157098417819715091919465 : http://localhost:3000/pagekit/index.php/admin/dashboard -> status code(404) -> 
2022-05-25 14:17:15 ERROR    Failure: 105300557729261157098417819715091919465 : http://localhost:3000/pagekit/index.php/admin/dashboard -> status code(404) -> 
2022-05-25 14:17:20 ERROR    Failure: 262513326802567628094931167029883077585 : http://localhost:3000/pagekit/index.php/admin/user/edit?id=1 -> net::ERR_ABORTED
2022-05-25 14:17:21 ERROR    Failure: 222203509631151183416754876323321821974 : http://localhost:3000/pagekit/index.php/admin/user/edit?id=1 -> Failed to load resource: the server responded with a status of 500 (Internal Server Error)
2022-05-25 14:17:21 ERROR    Failure: 140648655923019538876825560048743368617 : http://localhost:3000/pagekit/index.php/admin/user/edit?id=1 -> status code(500) -> <!DOCTYPE html>	<html>	    <head>	        <meta charset="UTF-8" />	        <meta name="robots" content="noindex,nofollow" />	        <style>	            /* Copyright (c) 2010, Yahoo! Inc. All rights reserved. Code licensed under the BSD License: http://developer.yahoo.com/yui/license.html */	            html{color:#000;background:#FFF;}body,div,dl,dt,dd,ul,ol,li,h1,h2,h3,h4,h5,h6,pre,code,form,fieldset,legend,input,textarea,p,blockquote,th,td{margin:0;padding:0;}table{border-collapse:collapse;border-spacing:0;}fieldset,img{border:0;}address,caption,cite,code,dfn,em,strong,th,var{font-style:normal;font-weight:normal;}li{list-style:none;}caption,th{text-align:left;}h1,h2,h3,h4,h5,h6{font-size:100%;font-weight:normal;}q:before,q:after{content:'';}abbr,acronym{border:0;font-variant:normal;}sup{vertical-align:text-top;}sub{vertical-align:text-bottom;}input,textarea,select{font-family:inherit;font-size:inherit;font-weight:inherit;}input,textarea,select{*font-size:100%;}legend{color:#000;}		            html { background: #eee; padding: 10px }	            img { border: 0; }	            #sf-resetcontent { width:970px; margin:0 auto; }	                        .sf-reset { font: 11px Verdana, Arial, sans-serif; color: #333 }	            .sf-reset .clear { clear:both; height:0; font-size:0; line-height:0; }	            .sf-reset .clear_fix:after { display:block; height:0; clear:both; visibility:hidden; }	            .sf-reset .clear_fix { display:inline-block; }	            .sf-reset * html .clear_fix { height:1%; }	            .sf-reset .clear_fix { display:block; }	            .sf-reset, .sf-reset .block { margin: auto }	            .sf-reset abbr { border-bottom: 1px dotted #000; cursor: help; }	            .sf-reset p { font-size:14px; line-height:20px; color:#868686; padding-bottom:20px }	            .sf-reset strong { font-weight:bold; }	            .sf-reset a { color:#6c6159; cursor: default; }	            .sf-reset a img { border:none; }	            .sf-reset a:hover { text-decoration:underline; }	            .sf-reset em { font-style:italic; }	            .sf-reset h1, .sf-reset h2 { font: 20px Georgia, "Times New Roman", Times, serif }	            .sf-reset .exception_counter { background-color: #fff; color: #333; padding: 6px; float: left; margin-right: 10px; float: left; display: block; }	            .sf-reset .exception_title { margin-left: 3em; margin-bottom: 0.7em; display: block; }	            .sf-reset .exception_message { margin-left: 3em; display: block; }	            .sf-reset .traces li { font-size:12px; padding: 2px 4px; list-style-type:decimal; margin-left:20px; }	            .sf-reset .block { background-color:#FFFFFF; padding:10px 28px; margin-bottom:20px;	                -webkit-border-bottom-right-radius: 16px;	                -webkit-border-bottom-left-radius: 16px;	                -moz-border-radius-bottomright: 16px;	                -moz-border-radius-bottomleft: 16px;	                border-bottom-right-radius: 16px;	                border-bottom-left-radius: 16px;	                border-bottom:1px solid #ccc;	                border-right:1px solid #ccc;	                border-left:1px solid #ccc;	            }	            .sf-reset .block_exception { background-color:#ddd; color: #333; padding:20px;	                -webkit-border-top-left-radius: 16px;	                -webkit-border-top-right-radius: 16px;	                -moz-border-radius-topleft: 16px;	                -moz-border-radius-topright: 16px;	                border-top-left-radius: 16px;	                border-top-right-radius: 16px;	                border-top:1px solid #ccc;	                border-right:1px solid #ccc;	                border-left:1px solid #ccc;	                overflow: hidden;	                word-wrap: break-word;	            }	            .sf-reset a { background:none; color:#868686; text-decoration:none; }	            .sf-reset a:hover { background:none; color:#313131; text-decoration:underline; }	            .sf-reset ol { padding: 10px 0; }	            .sf-reset h1 { background-color:#FFFFFF; padding: 15px 28px; margin-bottom: 20px;	                -webkit-border-radius: 10px;	                -moz-border-radius: 10px;	                border-radius: 10px;	                border: 1px solid #ccc;	            }	        </style>	    </head>	    <body>	                    <div id="sf-resetcontent" class="sf-reset">	                <h1>Whoops, looks like something went wrong.</h1>	                	            </div>	    </body>	</html>
2022-05-25 14:17:24 ERROR    Failure: 172717110701069407241174406021285620737 : http://localhost:3000/pagekit/index.php/admin/dashboard -> Failed to load resource: the server responded with a status of 404 (Not Found)
2022-05-25 14:17:24 ERROR    Failure: 172717110701069407241174406021285620737 : http://localhost:3000/pagekit/index.php/admin/dashboard -> Failed to load resource: the server responded with a status of 404 (Not Found)
2022-05-25 14:17:24 ERROR    Failure: 172717110701069407241174406021285620737 : http://localhost:3000/pagekit/index.php/admin/dashboard -> Failed to load resource: the server responded with a status of 404 (Not Found)
2022-05-25 14:17:24 ERROR    Failure: 105300557729261157098417819715091919465 : http://localhost:3000/pagekit/index.php/admin/dashboard -> status code(404) -> 
2022-05-25 14:17:24 ERROR    Failure: 105300557729261157098417819715091919465 : http://localhost:3000/pagekit/index.php/admin/dashboard -> status code(404) -> 
2022-05-25 14:17:24 ERROR    Failure: 105300557729261157098417819715091919465 : http://localhost:3000/pagekit/index.php/admin/dashboard -> status code(404) -> 
2022-05-25 14:17:30 ERROR    Failure: 172717110701069407241174406021285620737 : http://localhost:3000/pagekit/index.php/admin/dashboard -> Failed to load resource: the server responded with a status of 404 (Not Found)
2022-05-25 14:17:30 ERROR    Failure: 172717110701069407241174406021285620737 : http://localhost:3000/pagekit/index.php/admin/dashboard -> Failed to load resource: the server responded with a status of 404 (Not Found)
2022-05-25 14:17:30 ERROR    Failure: 172717110701069407241174406021285620737 : http://localhost:3000/pagekit/index.php/admin/dashboard -> Failed to load resource: the server responded with a status of 404 (Not Found)
2022-05-25 14:17:30 ERROR    Failure: 105300557729261157098417819715091919465 : http://localhost:3000/pagekit/index.php/admin/dashboard -> status code(404) -> 
2022-05-25 14:17:30 ERROR    Failure: 105300557729261157098417819715091919465 : http://localhost:3000/pagekit/index.php/admin/dashboard -> status code(404) -> 
2022-05-25 14:17:30 ERROR    Failure: 105300557729261157098417819715091919465 : http://localhost:3000/pagekit/index.php/admin/dashboard -> status code(404) -> 
2022-05-25 14:17:38 ERROR    Failure: 172717110701069407241174406021285620737 : http://localhost:3000/pagekit/index.php/admin/dashboard -> Failed to load resource: the server responded with a status of 404 (Not Found)
2022-05-25 14:17:38 ERROR    Failure: 172717110701069407241174406021285620737 : http://localhost:3000/pagekit/index.php/admin/dashboard -> Failed to load resource: the server responded with a status of 404 (Not Found)
2022-05-25 14:17:38 ERROR    Failure: 172717110701069407241174406021285620737 : http://localhost:3000/pagekit/index.php/admin/dashboard -> Failed to load resource: the server responded with a status of 404 (Not Found)
2022-05-25 14:17:38 ERROR    Failure: 105300557729261157098417819715091919465 : http://localhost:3000/pagekit/index.php/admin/dashboard -> status code(404) -> 
2022-05-25 14:17:38 ERROR    Failure: 105300557729261157098417819715091919465 : http://localhost:3000/pagekit/index.php/admin/dashboard -> status code(404) -> 
2022-05-25 14:17:38 ERROR    Failure: 105300557729261157098417819715091919465 : http://localhost:3000/pagekit/index.php/admin/dashboard -> status code(404) -> 
2022-05-25 14:17:49 ERROR    Failure: 172717110701069407241174406021285620737 : http://localhost:3000/pagekit/index.php/admin/dashboard -> Failed to load resource: the server responded with a status of 404 (Not Found)
2022-05-25 14:17:49 ERROR    Failure: 172717110701069407241174406021285620737 : http://localhost:3000/pagekit/index.php/admin/dashboard -> Failed to load resource: the server responded with a status of 404 (Not Found)
2022-05-25 14:17:49 ERROR    Failure: 172717110701069407241174406021285620737 : http://localhost:3000/pagekit/index.php/admin/dashboard -> Failed to load resource: the server responded with a status of 404 (Not Found)
2022-05-25 14:17:49 ERROR    Failure: 105300557729261157098417819715091919465 : http://localhost:3000/pagekit/index.php/admin/dashboard -> status code(404) -> 
2022-05-25 14:17:49 ERROR    Failure: 105300557729261157098417819715091919465 : http://localhost:3000/pagekit/index.php/admin/dashboard -> status code(404) -> 
2022-05-25 14:17:49 ERROR    Failure: 105300557729261157098417819715091919465 : http://localhost:3000/pagekit/index.php/admin/dashboard -> status code(404) -> 
2022-05-25 14:17:52 ERROR    Failure: 262513326802567628094931167029883077585 : http://localhost:3000/pagekit/index.php/admin/user/edit?id=1 -> net::ERR_ABORTED
2022-05-25 14:17:56 ERROR    Failure: 172717110701069407241174406021285620737 : http://localhost:3000/pagekit/index.php/admin/dashboard -> Failed to load resource: the server responded with a status of 404 (Not Found)
2022-05-25 14:17:56 ERROR    Failure: 172717110701069407241174406021285620737 : http://localhost:3000/pagekit/index.php/admin/dashboard -> Failed to load resource: the server responded with a status of 404 (Not Found)
2022-05-25 14:17:56 ERROR    Failure: 172717110701069407241174406021285620737 : http://localhost:3000/pagekit/index.php/admin/dashboard -> Failed to load resource: the server responded with a status of 404 (Not Found)
2022-05-25 14:17:56 ERROR    Failure: 105300557729261157098417819715091919465 : http://localhost:3000/pagekit/index.php/admin/dashboard -> status code(404) -> 
2022-05-25 14:17:56 ERROR    Failure: 105300557729261157098417819715091919465 : http://localhost:3000/pagekit/index.php/admin/dashboard -> status code(404) -> 
2022-05-25 14:17:56 ERROR    Failure: 105300557729261157098417819715091919465 : http://localhost:3000/pagekit/index.php/admin/dashboard -> status code(404) -> 
2022-05-25 14:18:02 ERROR    Failure: 172717110701069407241174406021285620737 : http://localhost:3000/pagekit/index.php/admin/dashboard -> Failed to load resource: the server responded with a status of 404 (Not Found)
2022-05-25 14:18:02 ERROR    Failure: 172717110701069407241174406021285620737 : http://localhost:3000/pagekit/index.php/admin/dashboard -> Failed to load resource: the server responded with a status of 404 (Not Found)
2022-05-25 14:18:02 ERROR    Failure: 172717110701069407241174406021285620737 : http://localhost:3000/pagekit/index.php/admin/dashboard -> Failed to load resource: the server responded with a status of 404 (Not Found)
2022-05-25 14:18:02 ERROR    Failure: 105300557729261157098417819715091919465 : http://localhost:3000/pagekit/index.php/admin/dashboard -> status code(404) -> 
2022-05-25 14:18:02 ERROR    Failure: 105300557729261157098417819715091919465 : http://localhost:3000/pagekit/index.php/admin/dashboard -> status code(404) -> 
2022-05-25 14:18:02 ERROR    Failure: 105300557729261157098417819715091919465 : http://localhost:3000/pagekit/index.php/admin/dashboard -> status code(404) -> 
2022-05-25 14:18:07 ERROR    Failure: 172717110701069407241174406021285620737 : http://localhost:3000/pagekit/index.php/admin/dashboard -> Failed to load resource: the server responded with a status of 404 (Not Found)
2022-05-25 14:18:07 ERROR    Failure: 172717110701069407241174406021285620737 : http://localhost:3000/pagekit/index.php/admin/dashboard -> Failed to load resource: the server responded with a status of 404 (Not Found)
2022-05-25 14:18:07 ERROR    Failure: 172717110701069407241174406021285620737 : http://localhost:3000/pagekit/index.php/admin/dashboard -> Failed to load resource: the server responded with a status of 404 (Not Found)
2022-05-25 14:18:07 ERROR    Failure: 105300557729261157098417819715091919465 : http://localhost:3000/pagekit/index.php/admin/dashboard -> status code(404) -> 
2022-05-25 14:18:07 ERROR    Failure: 105300557729261157098417819715091919465 : http://localhost:3000/pagekit/index.php/admin/dashboard -> status code(404) -> 
2022-05-25 14:18:07 ERROR    Failure: 105300557729261157098417819715091919465 : http://localhost:3000/pagekit/index.php/admin/dashboard -> status code(404) -> 
2022-05-25 14:18:15 ERROR    Failure: 172717110701069407241174406021285620737 : http://localhost:3000/pagekit/index.php/admin/dashboard -> Failed to load resource: the server responded with a status of 404 (Not Found)
2022-05-25 14:18:15 ERROR    Failure: 172717110701069407241174406021285620737 : http://localhost:3000/pagekit/index.php/admin/dashboard -> Failed to load resource: the server responded with a status of 404 (Not Found)
2022-05-25 14:18:15 ERROR    Failure: 172717110701069407241174406021285620737 : http://localhost:3000/pagekit/index.php/admin/dashboard -> Failed to load resource: the server responded with a status of 404 (Not Found)
2022-05-25 14:18:15 ERROR    Failure: 105300557729261157098417819715091919465 : http://localhost:3000/pagekit/index.php/admin/dashboard -> status code(404) -> 
2022-05-25 14:18:15 ERROR    Failure: 105300557729261157098417819715091919465 : http://localhost:3000/pagekit/index.php/admin/dashboard -> status code(404) -> 
2022-05-25 14:18:15 ERROR    Failure: 105300557729261157098417819715091919465 : http://localhost:3000/pagekit/index.php/admin/dashboard -> status code(404) -> 
2022-05-25 14:18:18 ERROR    Failure: 262513326802567628094931167029883077585 : http://localhost:3000/pagekit/index.php/admin/user -> net::ERR_ABORTED
2022-05-25 14:18:20 ERROR    Failure: 172717110701069407241174406021285620737 : http://localhost:3000/pagekit/index.php/admin/dashboard -> Failed to load resource: the server responded with a status of 404 (Not Found)
2022-05-25 14:18:20 ERROR    Failure: 172717110701069407241174406021285620737 : http://localhost:3000/pagekit/index.php/admin/dashboard -> Failed to load resource: the server responded with a status of 404 (Not Found)
2022-05-25 14:18:20 ERROR    Failure: 172717110701069407241174406021285620737 : http://localhost:3000/pagekit/index.php/admin/dashboard -> Failed to load resource: the server responded with a status of 404 (Not Found)
2022-05-25 14:18:20 ERROR    Failure: 105300557729261157098417819715091919465 : http://localhost:3000/pagekit/index.php/admin/dashboard -> status code(404) -> 
2022-05-25 14:18:20 ERROR    Failure: 105300557729261157098417819715091919465 : http://localhost:3000/pagekit/index.php/admin/dashboard -> status code(404) -> 
2022-05-25 14:18:20 ERROR    Failure: 105300557729261157098417819715091919465 : http://localhost:3000/pagekit/index.php/admin/dashboard -> status code(404) -> 
2022-05-25 14:18:27 ERROR    Failure: 172717110701069407241174406021285620737 : http://localhost:3000/pagekit/index.php/admin/dashboard -> Failed to load resource: the server responded with a status of 404 (Not Found)
2022-05-25 14:18:27 ERROR    Failure: 172717110701069407241174406021285620737 : http://localhost:3000/pagekit/index.php/admin/dashboard -> Failed to load resource: the server responded with a status of 404 (Not Found)
2022-05-25 14:18:27 ERROR    Failure: 172717110701069407241174406021285620737 : http://localhost:3000/pagekit/index.php/admin/dashboard -> Failed to load resource: the server responded with a status of 404 (Not Found)
2022-05-25 14:18:27 ERROR    Failure: 105300557729261157098417819715091919465 : http://localhost:3000/pagekit/index.php/admin/dashboard -> status code(404) -> 
2022-05-25 14:18:27 ERROR    Failure: 105300557729261157098417819715091919465 : http://localhost:3000/pagekit/index.php/admin/dashboard -> status code(404) -> 
2022-05-25 14:18:27 ERROR    Failure: 105300557729261157098417819715091919465 : http://localhost:3000/pagekit/index.php/admin/dashboard -> status code(404) -> 
2022-05-25 14:18:31 ERROR    Failure: 63661048957111971139043659084403729172 : http://localhost:3000/pagekit/index.php/admin/user# -> Failed to load resource: the server responded with a status of 400 (Bad Request)
2022-05-25 14:18:31 ERROR    Failure: 108454993266047261493729590968796755788 : http://localhost:3000/pagekit/index.php/admin/user# -> status code(400) -> "Unable to block yourself."
2022-05-25 14:18:35 ERROR    Failure: 172717110701069407241174406021285620737 : http://localhost:3000/pagekit/index.php/admin/dashboard -> Failed to load resource: the server responded with a status of 404 (Not Found)
2022-05-25 14:18:35 ERROR    Failure: 172717110701069407241174406021285620737 : http://localhost:3000/pagekit/index.php/admin/dashboard -> Failed to load resource: the server responded with a status of 404 (Not Found)
2022-05-25 14:18:35 ERROR    Failure: 172717110701069407241174406021285620737 : http://localhost:3000/pagekit/index.php/admin/dashboard -> Failed to load resource: the server responded with a status of 404 (Not Found)
2022-05-25 14:18:35 ERROR    Failure: 105300557729261157098417819715091919465 : http://localhost:3000/pagekit/index.php/admin/dashboard -> status code(404) -> 
2022-05-25 14:18:35 ERROR    Failure: 105300557729261157098417819715091919465 : http://localhost:3000/pagekit/index.php/admin/dashboard -> status code(404) -> 
2022-05-25 14:18:35 ERROR    Failure: 105300557729261157098417819715091919465 : http://localhost:3000/pagekit/index.php/admin/dashboard -> status code(404) -> 
2022-05-25 14:18:42 ERROR    Failure: 172717110701069407241174406021285620737 : http://localhost:3000/pagekit/index.php/admin/dashboard -> Failed to load resource: the server responded with a status of 404 (Not Found)
2022-05-25 14:18:42 ERROR    Failure: 172717110701069407241174406021285620737 : http://localhost:3000/pagekit/index.php/admin/dashboard -> Failed to load resource: the server responded with a status of 404 (Not Found)
2022-05-25 14:18:42 ERROR    Failure: 172717110701069407241174406021285620737 : http://localhost:3000/pagekit/index.php/admin/dashboard -> Failed to load resource: the server responded with a status of 404 (Not Found)
2022-05-25 14:18:42 ERROR    Failure: 105300557729261157098417819715091919465 : http://localhost:3000/pagekit/index.php/admin/dashboard -> status code(404) -> 
2022-05-25 14:18:42 ERROR    Failure: 105300557729261157098417819715091919465 : http://localhost:3000/pagekit/index.php/admin/dashboard -> status code(404) -> 
2022-05-25 14:18:42 ERROR    Failure: 105300557729261157098417819715091919465 : http://localhost:3000/pagekit/index.php/admin/dashboard -> status code(404) -> 
2022-05-25 14:18:50 ERROR    Failure: 172717110701069407241174406021285620737 : http://localhost:3000/pagekit/index.php/admin/dashboard -> Failed to load resource: the server responded with a status of 404 (Not Found)
2022-05-25 14:18:50 ERROR    Failure: 172717110701069407241174406021285620737 : http://localhost:3000/pagekit/index.php/admin/dashboard -> Failed to load resource: the server responded with a status of 404 (Not Found)
2022-05-25 14:18:50 ERROR    Failure: 172717110701069407241174406021285620737 : http://localhost:3000/pagekit/index.php/admin/dashboard -> Failed to load resource: the server responded with a status of 404 (Not Found)
2022-05-25 14:18:50 ERROR    Failure: 105300557729261157098417819715091919465 : http://localhost:3000/pagekit/index.php/admin/dashboard -> status code(404) -> 
2022-05-25 14:18:50 ERROR    Failure: 105300557729261157098417819715091919465 : http://localhost:3000/pagekit/index.php/admin/dashboard -> status code(404) -> 
2022-05-25 14:18:50 ERROR    Failure: 105300557729261157098417819715091919465 : http://localhost:3000/pagekit/index.php/admin/dashboard -> status code(404) -> 
2022-05-25 14:18:56 ERROR    Failure: 172717110701069407241174406021285620737 : http://localhost:3000/pagekit/index.php/admin/dashboard -> Failed to load resource: the server responded with a status of 404 (Not Found)
2022-05-25 14:18:56 ERROR    Failure: 172717110701069407241174406021285620737 : http://localhost:3000/pagekit/index.php/admin/dashboard -> Failed to load resource: the server responded with a status of 404 (Not Found)
2022-05-25 14:18:56 ERROR    Failure: 172717110701069407241174406021285620737 : http://localhost:3000/pagekit/index.php/admin/dashboard -> Failed to load resource: the server responded with a status of 404 (Not Found)
2022-05-25 14:18:56 ERROR    Failure: 105300557729261157098417819715091919465 : http://localhost:3000/pagekit/index.php/admin/dashboard -> status code(404) -> 
2022-05-25 14:18:56 ERROR    Failure: 105300557729261157098417819715091919465 : http://localhost:3000/pagekit/index.php/admin/dashboard -> status code(404) -> 
2022-05-25 14:18:56 ERROR    Failure: 105300557729261157098417819715091919465 : http://localhost:3000/pagekit/index.php/admin/dashboard -> status code(404) -> 
2022-05-25 14:19:03 ERROR    Failure: 172717110701069407241174406021285620737 : http://localhost:3000/pagekit/index.php/admin/dashboard -> Failed to load resource: the server responded with a status of 404 (Not Found)
2022-05-25 14:19:03 ERROR    Failure: 172717110701069407241174406021285620737 : http://localhost:3000/pagekit/index.php/admin/dashboard -> Failed to load resource: the server responded with a status of 404 (Not Found)
2022-05-25 14:19:03 ERROR    Failure: 105300557729261157098417819715091919465 : http://localhost:3000/pagekit/index.php/admin/dashboard -> status code(404) -> 
2022-05-25 14:19:03 ERROR    Failure: 172717110701069407241174406021285620737 : http://localhost:3000/pagekit/index.php/admin/dashboard -> Failed to load resource: the server responded with a status of 404 (Not Found)
2022-05-25 14:19:03 ERROR    Failure: 105300557729261157098417819715091919465 : http://localhost:3000/pagekit/index.php/admin/dashboard -> status code(404) -> 
2022-05-25 14:19:03 ERROR    Failure: 105300557729261157098417819715091919465 : http://localhost:3000/pagekit/index.php/admin/dashboard -> status code(404) -> 
2022-05-25 14:19:10 ERROR    Failure: 172717110701069407241174406021285620737 : http://localhost:3000/pagekit/index.php/admin/dashboard -> Failed to load resource: the server responded with a status of 404 (Not Found)
2022-05-25 14:19:10 ERROR    Failure: 172717110701069407241174406021285620737 : http://localhost:3000/pagekit/index.php/admin/dashboard -> Failed to load resource: the server responded with a status of 404 (Not Found)
2022-05-25 14:19:10 ERROR    Failure: 172717110701069407241174406021285620737 : http://localhost:3000/pagekit/index.php/admin/dashboard -> Failed to load resource: the server responded with a status of 404 (Not Found)
2022-05-25 14:19:10 ERROR    Failure: 105300557729261157098417819715091919465 : http://localhost:3000/pagekit/index.php/admin/dashboard -> status code(404) -> 
2022-05-25 14:19:10 ERROR    Failure: 105300557729261157098417819715091919465 : http://localhost:3000/pagekit/index.php/admin/dashboard -> status code(404) -> 
2022-05-25 14:19:10 ERROR    Failure: 105300557729261157098417819715091919465 : http://localhost:3000/pagekit/index.php/admin/dashboard -> status code(404) -> 
2022-05-25 14:19:12 ERROR    Failure: 262513326802567628094931167029883077585 : http://localhost:3000/pagekit/index.php/admin/user/edit?id=1 -> net::ERR_ABORTED
2022-05-25 14:19:13 ERROR    Failure: 63661048957111971139043659084403729172 : http://localhost:3000/pagekit/index.php/admin/user# -> Failed to load resource: the server responded with a status of 400 (Bad Request)
2022-05-25 14:19:13 ERROR    Failure: 108454993266047261493729590968796755788 : http://localhost:3000/pagekit/index.php/admin/user# -> status code(400) -> "Unable to block yourself."
2022-05-25 14:19:13 ERROR    Failure: 63661048957111971139043659084403729172 : http://localhost:3000/pagekit/index.php/admin/user# -> Failed to load resource: the server responded with a status of 400 (Bad Request)
2022-05-25 14:19:13 ERROR    Failure: 108454993266047261493729590968796755788 : http://localhost:3000/pagekit/index.php/admin/user# -> status code(400) -> "Unable to block yourself."
2022-05-25 14:19:14 ERROR    Failure: 172717110701069407241174406021285620737 : http://localhost:3000/pagekit/index.php/admin/dashboard -> Failed to load resource: the server responded with a status of 404 (Not Found)
2022-05-25 14:19:14 ERROR    Failure: 172717110701069407241174406021285620737 : http://localhost:3000/pagekit/index.php/admin/dashboard -> Failed to load resource: the server responded with a status of 404 (Not Found)
2022-05-25 14:19:14 ERROR    Failure: 172717110701069407241174406021285620737 : http://localhost:3000/pagekit/index.php/admin/dashboard -> Failed to load resource: the server responded with a status of 404 (Not Found)
2022-05-25 14:19:14 ERROR    Failure: 105300557729261157098417819715091919465 : http://localhost:3000/pagekit/index.php/admin/dashboard -> status code(404) -> 
2022-05-25 14:19:14 ERROR    Failure: 105300557729261157098417819715091919465 : http://localhost:3000/pagekit/index.php/admin/dashboard -> status code(404) -> 
2022-05-25 14:19:14 ERROR    Failure: 105300557729261157098417819715091919465 : http://localhost:3000/pagekit/index.php/admin/dashboard -> status code(404) -> 
2022-05-25 14:19:23 ERROR    Failure: 172717110701069407241174406021285620737 : http://localhost:3000/pagekit/index.php/admin/dashboard -> Failed to load resource: the server responded with a status of 404 (Not Found)
2022-05-25 14:19:23 ERROR    Failure: 172717110701069407241174406021285620737 : http://localhost:3000/pagekit/index.php/admin/dashboard -> Failed to load resource: the server responded with a status of 404 (Not Found)
2022-05-25 14:19:23 ERROR    Failure: 105300557729261157098417819715091919465 : http://localhost:3000/pagekit/index.php/admin/dashboard -> status code(404) -> 
2022-05-25 14:19:23 ERROR    Failure: 172717110701069407241174406021285620737 : http://localhost:3000/pagekit/index.php/admin/dashboard -> Failed to load resource: the server responded with a status of 404 (Not Found)
2022-05-25 14:19:23 ERROR    Failure: 105300557729261157098417819715091919465 : http://localhost:3000/pagekit/index.php/admin/dashboard -> status code(404) -> 
2022-05-25 14:19:23 ERROR    Failure: 105300557729261157098417819715091919465 : http://localhost:3000/pagekit/index.php/admin/dashboard -> status code(404) -> 
2022-05-25 14:19:30 ERROR    Failure: 172717110701069407241174406021285620737 : http://localhost:3000/pagekit/index.php/admin/dashboard -> Failed to load resource: the server responded with a status of 404 (Not Found)
2022-05-25 14:19:30 ERROR    Failure: 105300557729261157098417819715091919465 : http://localhost:3000/pagekit/index.php/admin/dashboard -> status code(404) -> 
2022-05-25 14:19:30 ERROR    Failure: 172717110701069407241174406021285620737 : http://localhost:3000/pagekit/index.php/admin/dashboard -> Failed to load resource: the server responded with a status of 404 (Not Found)
2022-05-25 14:19:30 ERROR    Failure: 172717110701069407241174406021285620737 : http://localhost:3000/pagekit/index.php/admin/dashboard -> Failed to load resource: the server responded with a status of 404 (Not Found)
2022-05-25 14:19:30 ERROR    Failure: 105300557729261157098417819715091919465 : http://localhost:3000/pagekit/index.php/admin/dashboard -> status code(404) -> 
2022-05-25 14:19:30 ERROR    Failure: 105300557729261157098417819715091919465 : http://localhost:3000/pagekit/index.php/admin/dashboard -> status code(404) -> 
2022-05-25 14:19:36 ERROR    Failure: 172717110701069407241174406021285620737 : http://localhost:3000/pagekit/index.php/admin/dashboard -> Failed to load resource: the server responded with a status of 404 (Not Found)
2022-05-25 14:19:36 ERROR    Failure: 172717110701069407241174406021285620737 : http://localhost:3000/pagekit/index.php/admin/dashboard -> Failed to load resource: the server responded with a status of 404 (Not Found)
2022-05-25 14:19:36 ERROR    Failure: 105300557729261157098417819715091919465 : http://localhost:3000/pagekit/index.php/admin/dashboard -> status code(404) -> 
2022-05-25 14:19:36 ERROR    Failure: 105300557729261157098417819715091919465 : http://localhost:3000/pagekit/index.php/admin/dashboard -> status code(404) -> 
2022-05-25 14:19:36 ERROR    Failure: 172717110701069407241174406021285620737 : http://localhost:3000/pagekit/index.php/admin/dashboard -> Failed to load resource: the server responded with a status of 404 (Not Found)
2022-05-25 14:19:36 ERROR    Failure: 105300557729261157098417819715091919465 : http://localhost:3000/pagekit/index.php/admin/dashboard -> status code(404) -> 
2022-05-25 14:19:44 ERROR    Failure: 172717110701069407241174406021285620737 : http://localhost:3000/pagekit/index.php/admin/dashboard -> Failed to load resource: the server responded with a status of 404 (Not Found)
2022-05-25 14:19:44 ERROR    Failure: 172717110701069407241174406021285620737 : http://localhost:3000/pagekit/index.php/admin/dashboard -> Failed to load resource: the server responded with a status of 404 (Not Found)
2022-05-25 14:19:44 ERROR    Failure: 105300557729261157098417819715091919465 : http://localhost:3000/pagekit/index.php/admin/dashboard -> status code(404) -> 
2022-05-25 14:19:44 ERROR    Failure: 172717110701069407241174406021285620737 : http://localhost:3000/pagekit/index.php/admin/dashboard -> Failed to load resource: the server responded with a status of 404 (Not Found)
2022-05-25 14:19:44 ERROR    Failure: 105300557729261157098417819715091919465 : http://localhost:3000/pagekit/index.php/admin/dashboard -> status code(404) -> 
2022-05-25 14:19:44 ERROR    Failure: 105300557729261157098417819715091919465 : http://localhost:3000/pagekit/index.php/admin/dashboard -> status code(404) -> 
2022-05-25 14:19:51 ERROR    Failure: 172717110701069407241174406021285620737 : http://localhost:3000/pagekit/index.php/admin/dashboard -> Failed to load resource: the server responded with a status of 404 (Not Found)
2022-05-25 14:19:51 ERROR    Failure: 172717110701069407241174406021285620737 : http://localhost:3000/pagekit/index.php/admin/dashboard -> Failed to load resource: the server responded with a status of 404 (Not Found)
2022-05-25 14:19:51 ERROR    Failure: 105300557729261157098417819715091919465 : http://localhost:3000/pagekit/index.php/admin/dashboard -> status code(404) -> 
2022-05-25 14:19:51 ERROR    Failure: 172717110701069407241174406021285620737 : http://localhost:3000/pagekit/index.php/admin/dashboard -> Failed to load resource: the server responded with a status of 404 (Not Found)
2022-05-25 14:19:51 ERROR    Failure: 105300557729261157098417819715091919465 : http://localhost:3000/pagekit/index.php/admin/dashboard -> status code(404) -> 
2022-05-25 14:19:51 ERROR    Failure: 105300557729261157098417819715091919465 : http://localhost:3000/pagekit/index.php/admin/dashboard -> status code(404) -> 
2022-05-25 14:19:58 ERROR    Failure: 172717110701069407241174406021285620737 : http://localhost:3000/pagekit/index.php/admin/dashboard -> Failed to load resource: the server responded with a status of 404 (Not Found)
2022-05-25 14:19:58 ERROR    Failure: 105300557729261157098417819715091919465 : http://localhost:3000/pagekit/index.php/admin/dashboard -> status code(404) -> 
2022-05-25 14:19:58 ERROR    Failure: 172717110701069407241174406021285620737 : http://localhost:3000/pagekit/index.php/admin/dashboard -> Failed to load resource: the server responded with a status of 404 (Not Found)
2022-05-25 14:19:58 ERROR    Failure: 172717110701069407241174406021285620737 : http://localhost:3000/pagekit/index.php/admin/dashboard -> Failed to load resource: the server responded with a status of 404 (Not Found)
2022-05-25 14:19:58 ERROR    Failure: 105300557729261157098417819715091919465 : http://localhost:3000/pagekit/index.php/admin/dashboard -> status code(404) -> 
2022-05-25 14:19:58 ERROR    Failure: 105300557729261157098417819715091919465 : http://localhost:3000/pagekit/index.php/admin/dashboard -> status code(404) -> 
2022-05-25 14:20:08 ERROR    Failure: 172717110701069407241174406021285620737 : http://localhost:3000/pagekit/index.php/admin/dashboard -> Failed to load resource: the server responded with a status of 404 (Not Found)
2022-05-25 14:20:08 ERROR    Failure: 172717110701069407241174406021285620737 : http://localhost:3000/pagekit/index.php/admin/dashboard -> Failed to load resource: the server responded with a status of 404 (Not Found)
2022-05-25 14:20:08 ERROR    Failure: 172717110701069407241174406021285620737 : http://localhost:3000/pagekit/index.php/admin/dashboard -> Failed to load resource: the server responded with a status of 404 (Not Found)
2022-05-25 14:20:08 ERROR    Failure: 105300557729261157098417819715091919465 : http://localhost:3000/pagekit/index.php/admin/dashboard -> status code(404) -> 
2022-05-25 14:20:08 ERROR    Failure: 105300557729261157098417819715091919465 : http://localhost:3000/pagekit/index.php/admin/dashboard -> status code(404) -> 
2022-05-25 14:20:08 ERROR    Failure: 105300557729261157098417819715091919465 : http://localhost:3000/pagekit/index.php/admin/dashboard -> status code(404) -> 
2022-05-25 14:20:14 ERROR    Failure: 172717110701069407241174406021285620737 : http://localhost:3000/pagekit/index.php/admin/dashboard -> Failed to load resource: the server responded with a status of 404 (Not Found)
2022-05-25 14:20:14 ERROR    Failure: 172717110701069407241174406021285620737 : http://localhost:3000/pagekit/index.php/admin/dashboard -> Failed to load resource: the server responded with a status of 404 (Not Found)
2022-05-25 14:20:14 ERROR    Failure: 105300557729261157098417819715091919465 : http://localhost:3000/pagekit/index.php/admin/dashboard -> status code(404) -> 
2022-05-25 14:20:14 ERROR    Failure: 105300557729261157098417819715091919465 : http://localhost:3000/pagekit/index.php/admin/dashboard -> status code(404) -> 
2022-05-25 14:20:14 ERROR    Failure: 172717110701069407241174406021285620737 : http://localhost:3000/pagekit/index.php/admin/dashboard -> Failed to load resource: the server responded with a status of 404 (Not Found)
2022-05-25 14:20:14 ERROR    Failure: 105300557729261157098417819715091919465 : http://localhost:3000/pagekit/index.php/admin/dashboard -> status code(404) -> 
2022-05-25 14:20:20 ERROR    Failure: 172717110701069407241174406021285620737 : http://localhost:3000/pagekit/index.php/admin/dashboard -> Failed to load resource: the server responded with a status of 404 (Not Found)
2022-05-25 14:20:20 ERROR    Failure: 172717110701069407241174406021285620737 : http://localhost:3000/pagekit/index.php/admin/dashboard -> Failed to load resource: the server responded with a status of 404 (Not Found)
2022-05-25 14:20:20 ERROR    Failure: 172717110701069407241174406021285620737 : http://localhost:3000/pagekit/index.php/admin/dashboard -> Failed to load resource: the server responded with a status of 404 (Not Found)
2022-05-25 14:20:20 ERROR    Failure: 105300557729261157098417819715091919465 : http://localhost:3000/pagekit/index.php/admin/dashboard -> status code(404) -> 
2022-05-25 14:20:20 ERROR    Failure: 105300557729261157098417819715091919465 : http://localhost:3000/pagekit/index.php/admin/dashboard -> status code(404) -> 
2022-05-25 14:20:20 ERROR    Failure: 105300557729261157098417819715091919465 : http://localhost:3000/pagekit/index.php/admin/dashboard -> status code(404) -> 
2022-05-25 14:20:24 ERROR    Failure: 172717110701069407241174406021285620737 : http://localhost:3000/pagekit/index.php/admin/dashboard -> Failed to load resource: the server responded with a status of 404 (Not Found)
2022-05-25 14:20:24 ERROR    Failure: 80165734902288621318310788211409255354 : http://localhost:3000/pagekit/admin/system/update -> status code(404) -> <!DOCTYPE HTML PUBLIC "-//IETF//DTD HTML 2.0//EN">	<html><head>	<title>404 Not Found</title>	</head><body>	<h1>Not Found</h1>	<p>The requested URL /pagekit/admin/system/update was not found on this server.</p>	<hr>	<address>Apache/2.4.18 (Ubuntu) Server at localhost Port 3000</address>	</body></html>	
2022-05-25 14:20:25 ERROR    Failure: 172717110701069407241174406021285620737 : http://localhost:3000/pagekit/index.php/admin/dashboard -> Failed to load resource: the server responded with a status of 404 (Not Found)
2022-05-25 14:20:25 ERROR    Failure: 172717110701069407241174406021285620737 : http://localhost:3000/pagekit/index.php/admin/dashboard -> Failed to load resource: the server responded with a status of 404 (Not Found)
2022-05-25 14:20:25 ERROR    Failure: 172717110701069407241174406021285620737 : http://localhost:3000/pagekit/index.php/admin/dashboard -> Failed to load resource: the server responded with a status of 404 (Not Found)
2022-05-25 14:20:25 ERROR    Failure: 105300557729261157098417819715091919465 : http://localhost:3000/pagekit/index.php/admin/dashboard -> status code(404) -> 
2022-05-25 14:20:25 ERROR    Failure: 105300557729261157098417819715091919465 : http://localhost:3000/pagekit/index.php/admin/dashboard -> status code(404) -> 
2022-05-25 14:20:25 ERROR    Failure: 105300557729261157098417819715091919465 : http://localhost:3000/pagekit/index.php/admin/dashboard -> status code(404) -> 
2022-05-25 14:20:34 ERROR    Failure: 172717110701069407241174406021285620737 : http://localhost:3000/pagekit/index.php/admin/dashboard -> Failed to load resource: the server responded with a status of 404 (Not Found)
2022-05-25 14:20:34 ERROR    Failure: 172717110701069407241174406021285620737 : http://localhost:3000/pagekit/index.php/admin/dashboard -> Failed to load resource: the server responded with a status of 404 (Not Found)
2022-05-25 14:20:34 ERROR    Failure: 105300557729261157098417819715091919465 : http://localhost:3000/pagekit/index.php/admin/dashboard -> status code(404) -> 
2022-05-25 14:20:34 ERROR    Failure: 172717110701069407241174406021285620737 : http://localhost:3000/pagekit/index.php/admin/dashboard -> Failed to load resource: the server responded with a status of 404 (Not Found)
2022-05-25 14:20:34 ERROR    Failure: 105300557729261157098417819715091919465 : http://localhost:3000/pagekit/index.php/admin/dashboard -> status code(404) -> 
2022-05-25 14:20:34 ERROR    Failure: 105300557729261157098417819715091919465 : http://localhost:3000/pagekit/index.php/admin/dashboard -> status code(404) -> 
2022-05-25 14:20:45 ERROR    Failure: 172717110701069407241174406021285620737 : http://localhost:3000/pagekit/index.php/admin/dashboard -> Failed to load resource: the server responded with a status of 404 (Not Found)
2022-05-25 14:20:45 ERROR    Failure: 172717110701069407241174406021285620737 : http://localhost:3000/pagekit/index.php/admin/dashboard -> Failed to load resource: the server responded with a status of 404 (Not Found)
2022-05-25 14:20:45 ERROR    Failure: 105300557729261157098417819715091919465 : http://localhost:3000/pagekit/index.php/admin/dashboard -> status code(404) -> 
2022-05-25 14:20:45 ERROR    Failure: 172717110701069407241174406021285620737 : http://localhost:3000/pagekit/index.php/admin/dashboard -> Failed to load resource: the server responded with a status of 404 (Not Found)
2022-05-25 14:20:45 ERROR    Failure: 105300557729261157098417819715091919465 : http://localhost:3000/pagekit/index.php/admin/dashboard -> status code(404) -> 
2022-05-25 14:20:45 ERROR    Failure: 105300557729261157098417819715091919465 : http://localhost:3000/pagekit/index.php/admin/dashboard -> status code(404) -> 
2022-05-25 14:20:53 ERROR    Failure: 172717110701069407241174406021285620737 : http://localhost:3000/pagekit/index.php/admin/dashboard -> Failed to load resource: the server responded with a status of 404 (Not Found)
2022-05-25 14:20:53 ERROR    Failure: 172717110701069407241174406021285620737 : http://localhost:3000/pagekit/index.php/admin/dashboard -> Failed to load resource: the server responded with a status of 404 (Not Found)
2022-05-25 14:20:53 ERROR    Failure: 172717110701069407241174406021285620737 : http://localhost:3000/pagekit/index.php/admin/dashboard -> Failed to load resource: the server responded with a status of 404 (Not Found)
2022-05-25 14:20:53 ERROR    Failure: 105300557729261157098417819715091919465 : http://localhost:3000/pagekit/index.php/admin/dashboard -> status code(404) -> 
2022-05-25 14:20:53 ERROR    Failure: 105300557729261157098417819715091919465 : http://localhost:3000/pagekit/index.php/admin/dashboard -> status code(404) -> 
2022-05-25 14:20:53 ERROR    Failure: 105300557729261157098417819715091919465 : http://localhost:3000/pagekit/index.php/admin/dashboard -> status code(404) -> 
2022-05-25 14:21:00 ERROR    Failure: 172717110701069407241174406021285620737 : http://localhost:3000/pagekit/index.php/admin/dashboard -> Failed to load resource: the server responded with a status of 404 (Not Found)
2022-05-25 14:21:00 ERROR    Failure: 172717110701069407241174406021285620737 : http://localhost:3000/pagekit/index.php/admin/dashboard -> Failed to load resource: the server responded with a status of 404 (Not Found)
2022-05-25 14:21:00 ERROR    Failure: 172717110701069407241174406021285620737 : http://localhost:3000/pagekit/index.php/admin/dashboard -> Failed to load resource: the server responded with a status of 404 (Not Found)
2022-05-25 14:21:00 ERROR    Failure: 105300557729261157098417819715091919465 : http://localhost:3000/pagekit/index.php/admin/dashboard -> status code(404) -> 
2022-05-25 14:21:00 ERROR    Failure: 105300557729261157098417819715091919465 : http://localhost:3000/pagekit/index.php/admin/dashboard -> status code(404) -> 
2022-05-25 14:21:00 ERROR    Failure: 105300557729261157098417819715091919465 : http://localhost:3000/pagekit/index.php/admin/dashboard -> status code(404) -> 
2022-05-25 14:21:10 ERROR    Failure: 172717110701069407241174406021285620737 : http://localhost:3000/pagekit/index.php/admin/dashboard -> Failed to load resource: the server responded with a status of 404 (Not Found)
2022-05-25 14:21:10 ERROR    Failure: 172717110701069407241174406021285620737 : http://localhost:3000/pagekit/index.php/admin/dashboard -> Failed to load resource: the server responded with a status of 404 (Not Found)
2022-05-25 14:21:10 ERROR    Failure: 172717110701069407241174406021285620737 : http://localhost:3000/pagekit/index.php/admin/dashboard -> Failed to load resource: the server responded with a status of 404 (Not Found)
2022-05-25 14:21:10 ERROR    Failure: 105300557729261157098417819715091919465 : http://localhost:3000/pagekit/index.php/admin/dashboard -> status code(404) -> 
2022-05-25 14:21:10 ERROR    Failure: 105300557729261157098417819715091919465 : http://localhost:3000/pagekit/index.php/admin/dashboard -> status code(404) -> 
2022-05-25 14:21:10 ERROR    Failure: 105300557729261157098417819715091919465 : http://localhost:3000/pagekit/index.php/admin/dashboard -> status code(404) -> 
2022-05-25 14:21:12 ERROR    Failure: 262513326802567628094931167029883077585 : http://localhost:3000/pagekit/index.php/admin/user/edit?id=1 -> net::ERR_ABORTED
2022-05-25 14:21:16 ERROR    Failure: 172717110701069407241174406021285620737 : http://localhost:3000/pagekit/index.php/admin/dashboard -> Failed to load resource: the server responded with a status of 404 (Not Found)
2022-05-25 14:21:16 ERROR    Failure: 172717110701069407241174406021285620737 : http://localhost:3000/pagekit/index.php/admin/dashboard -> Failed to load resource: the server responded with a status of 404 (Not Found)
2022-05-25 14:21:16 ERROR    Failure: 172717110701069407241174406021285620737 : http://localhost:3000/pagekit/index.php/admin/dashboard -> Failed to load resource: the server responded with a status of 404 (Not Found)
2022-05-25 14:21:16 ERROR    Failure: 105300557729261157098417819715091919465 : http://localhost:3000/pagekit/index.php/admin/dashboard -> status code(404) -> 
2022-05-25 14:21:16 ERROR    Failure: 105300557729261157098417819715091919465 : http://localhost:3000/pagekit/index.php/admin/dashboard -> status code(404) -> 
2022-05-25 14:21:16 ERROR    Failure: 105300557729261157098417819715091919465 : http://localhost:3000/pagekit/index.php/admin/dashboard -> status code(404) -> 
2022-05-25 14:21:26 ERROR    Failure: 172717110701069407241174406021285620737 : http://localhost:3000/pagekit/index.php/admin/dashboard -> Failed to load resource: the server responded with a status of 404 (Not Found)
2022-05-25 14:21:26 ERROR    Failure: 172717110701069407241174406021285620737 : http://localhost:3000/pagekit/index.php/admin/dashboard -> Failed to load resource: the server responded with a status of 404 (Not Found)
2022-05-25 14:21:26 ERROR    Failure: 105300557729261157098417819715091919465 : http://localhost:3000/pagekit/index.php/admin/dashboard -> status code(404) -> 
2022-05-25 14:21:26 ERROR    Failure: 172717110701069407241174406021285620737 : http://localhost:3000/pagekit/index.php/admin/dashboard -> Failed to load resource: the server responded with a status of 404 (Not Found)
2022-05-25 14:21:26 ERROR    Failure: 105300557729261157098417819715091919465 : http://localhost:3000/pagekit/index.php/admin/dashboard -> status code(404) -> 
2022-05-25 14:21:26 ERROR    Failure: 105300557729261157098417819715091919465 : http://localhost:3000/pagekit/index.php/admin/dashboard -> status code(404) -> 
2022-05-25 14:21:27 ERROR    Failure: 172717110701069407241174406021285620737 : http://localhost:3000/pagekit/index.php/admin/dashboard -> Failed to load resource: the server responded with a status of 404 (Not Found)
2022-05-25 14:21:27 ERROR    Failure: 80165734902288621318310788211409255354 : http://localhost:3000/pagekit/admin/system/update -> status code(404) -> <!DOCTYPE HTML PUBLIC "-//IETF//DTD HTML 2.0//EN">	<html><head>	<title>404 Not Found</title>	</head><body>	<h1>Not Found</h1>	<p>The requested URL /pagekit/admin/system/update was not found on this server.</p>	<hr>	<address>Apache/2.4.18 (Ubuntu) Server at localhost Port 3000</address>	</body></html>	
2022-05-25 14:21:28 ERROR    Failure: 172717110701069407241174406021285620737 : http://localhost:3000/pagekit/index.php/admin/dashboard -> Failed to load resource: the server responded with a status of 404 (Not Found)
2022-05-25 14:21:28 ERROR    Failure: 172717110701069407241174406021285620737 : http://localhost:3000/pagekit/index.php/admin/dashboard -> Failed to load resource: the server responded with a status of 404 (Not Found)
2022-05-25 14:21:28 ERROR    Failure: 105300557729261157098417819715091919465 : http://localhost:3000/pagekit/index.php/admin/dashboard -> status code(404) -> 
2022-05-25 14:21:28 ERROR    Failure: 172717110701069407241174406021285620737 : http://localhost:3000/pagekit/index.php/admin/dashboard -> Failed to load resource: the server responded with a status of 404 (Not Found)
2022-05-25 14:21:28 ERROR    Failure: 105300557729261157098417819715091919465 : http://localhost:3000/pagekit/index.php/admin/dashboard -> status code(404) -> 
2022-05-25 14:21:28 ERROR    Failure: 105300557729261157098417819715091919465 : http://localhost:3000/pagekit/index.php/admin/dashboard -> status code(404) -> 
2022-05-25 14:21:35 ERROR    Failure: 172717110701069407241174406021285620737 : http://localhost:3000/pagekit/index.php/admin/dashboard -> Failed to load resource: the server responded with a status of 404 (Not Found)
2022-05-25 14:21:35 ERROR    Failure: 172717110701069407241174406021285620737 : http://localhost:3000/pagekit/index.php/admin/dashboard -> Failed to load resource: the server responded with a status of 404 (Not Found)
2022-05-25 14:21:35 ERROR    Failure: 172717110701069407241174406021285620737 : http://localhost:3000/pagekit/index.php/admin/dashboard -> Failed to load resource: the server responded with a status of 404 (Not Found)
2022-05-25 14:21:35 ERROR    Failure: 105300557729261157098417819715091919465 : http://localhost:3000/pagekit/index.php/admin/dashboard -> status code(404) -> 
2022-05-25 14:21:35 ERROR    Failure: 105300557729261157098417819715091919465 : http://localhost:3000/pagekit/index.php/admin/dashboard -> status code(404) -> 
2022-05-25 14:21:35 ERROR    Failure: 105300557729261157098417819715091919465 : http://localhost:3000/pagekit/index.php/admin/dashboard -> status code(404) -> 
2022-05-25 14:21:42 ERROR    Failure: 172717110701069407241174406021285620737 : http://localhost:3000/pagekit/index.php/admin/dashboard -> Failed to load resource: the server responded with a status of 404 (Not Found)
2022-05-25 14:21:42 ERROR    Failure: 172717110701069407241174406021285620737 : http://localhost:3000/pagekit/index.php/admin/dashboard -> Failed to load resource: the server responded with a status of 404 (Not Found)
2022-05-25 14:21:42 ERROR    Failure: 172717110701069407241174406021285620737 : http://localhost:3000/pagekit/index.php/admin/dashboard -> Failed to load resource: the server responded with a status of 404 (Not Found)
2022-05-25 14:21:42 ERROR    Failure: 105300557729261157098417819715091919465 : http://localhost:3000/pagekit/index.php/admin/dashboard -> status code(404) -> 
2022-05-25 14:21:42 ERROR    Failure: 105300557729261157098417819715091919465 : http://localhost:3000/pagekit/index.php/admin/dashboard -> status code(404) -> 
2022-05-25 14:21:42 ERROR    Failure: 105300557729261157098417819715091919465 : http://localhost:3000/pagekit/index.php/admin/dashboard -> status code(404) -> 
2022-05-25 14:21:52 ERROR    Failure: 172717110701069407241174406021285620737 : http://localhost:3000/pagekit/index.php/admin/dashboard -> Failed to load resource: the server responded with a status of 404 (Not Found)
2022-05-25 14:21:52 ERROR    Failure: 172717110701069407241174406021285620737 : http://localhost:3000/pagekit/index.php/admin/dashboard -> Failed to load resource: the server responded with a status of 404 (Not Found)
2022-05-25 14:21:52 ERROR    Failure: 172717110701069407241174406021285620737 : http://localhost:3000/pagekit/index.php/admin/dashboard -> Failed to load resource: the server responded with a status of 404 (Not Found)
2022-05-25 14:21:52 ERROR    Failure: 105300557729261157098417819715091919465 : http://localhost:3000/pagekit/index.php/admin/dashboard -> status code(404) -> 
2022-05-25 14:21:52 ERROR    Failure: 105300557729261157098417819715091919465 : http://localhost:3000/pagekit/index.php/admin/dashboard -> status code(404) -> 
2022-05-25 14:21:52 ERROR    Failure: 105300557729261157098417819715091919465 : http://localhost:3000/pagekit/index.php/admin/dashboard -> status code(404) -> 
2022-05-25 14:21:59 ERROR    Failure: 172717110701069407241174406021285620737 : http://localhost:3000/pagekit/index.php/admin/dashboard -> Failed to load resource: the server responded with a status of 404 (Not Found)
2022-05-25 14:21:59 ERROR    Failure: 172717110701069407241174406021285620737 : http://localhost:3000/pagekit/index.php/admin/dashboard -> Failed to load resource: the server responded with a status of 404 (Not Found)
2022-05-25 14:21:59 ERROR    Failure: 105300557729261157098417819715091919465 : http://localhost:3000/pagekit/index.php/admin/dashboard -> status code(404) -> 
2022-05-25 14:21:59 ERROR    Failure: 172717110701069407241174406021285620737 : http://localhost:3000/pagekit/index.php/admin/dashboard -> Failed to load resource: the server responded with a status of 404 (Not Found)
2022-05-25 14:21:59 ERROR    Failure: 105300557729261157098417819715091919465 : http://localhost:3000/pagekit/index.php/admin/dashboard -> status code(404) -> 
2022-05-25 14:21:59 ERROR    Failure: 105300557729261157098417819715091919465 : http://localhost:3000/pagekit/index.php/admin/dashboard -> status code(404) -> 
2022-05-25 14:22:09 ERROR    Failure: 172717110701069407241174406021285620737 : http://localhost:3000/pagekit/index.php/admin/dashboard -> Failed to load resource: the server responded with a status of 404 (Not Found)
2022-05-25 14:22:09 ERROR    Failure: 172717110701069407241174406021285620737 : http://localhost:3000/pagekit/index.php/admin/dashboard -> Failed to load resource: the server responded with a status of 404 (Not Found)
2022-05-25 14:22:09 ERROR    Failure: 105300557729261157098417819715091919465 : http://localhost:3000/pagekit/index.php/admin/dashboard -> status code(404) -> 
2022-05-25 14:22:09 ERROR    Failure: 105300557729261157098417819715091919465 : http://localhost:3000/pagekit/index.php/admin/dashboard -> status code(404) -> 
2022-05-25 14:22:09 ERROR    Failure: 172717110701069407241174406021285620737 : http://localhost:3000/pagekit/index.php/admin/dashboard -> Failed to load resource: the server responded with a status of 404 (Not Found)
2022-05-25 14:22:09 ERROR    Failure: 105300557729261157098417819715091919465 : http://localhost:3000/pagekit/index.php/admin/dashboard -> status code(404) -> 
2022-05-25 14:22:14 ERROR    Failure: 172717110701069407241174406021285620737 : http://localhost:3000/pagekit/index.php/admin/dashboard -> Failed to load resource: the server responded with a status of 404 (Not Found)
2022-05-25 14:22:14 ERROR    Failure: 80165734902288621318310788211409255354 : http://localhost:3000/pagekit/admin/system/update -> status code(404) -> <!DOCTYPE HTML PUBLIC "-//IETF//DTD HTML 2.0//EN">	<html><head>	<title>404 Not Found</title>	</head><body>	<h1>Not Found</h1>	<p>The requested URL /pagekit/admin/system/update was not found on this server.</p>	<hr>	<address>Apache/2.4.18 (Ubuntu) Server at localhost Port 3000</address>	</body></html>	
2022-05-25 14:22:16 ERROR    Failure: 172717110701069407241174406021285620737 : http://localhost:3000/pagekit/index.php/admin/dashboard -> Failed to load resource: the server responded with a status of 404 (Not Found)
2022-05-25 14:22:16 ERROR    Failure: 172717110701069407241174406021285620737 : http://localhost:3000/pagekit/index.php/admin/dashboard -> Failed to load resource: the server responded with a status of 404 (Not Found)
2022-05-25 14:22:16 ERROR    Failure: 172717110701069407241174406021285620737 : http://localhost:3000/pagekit/index.php/admin/dashboard -> Failed to load resource: the server responded with a status of 404 (Not Found)
2022-05-25 14:22:16 ERROR    Failure: 105300557729261157098417819715091919465 : http://localhost:3000/pagekit/index.php/admin/dashboard -> status code(404) -> 
2022-05-25 14:22:16 ERROR    Failure: 105300557729261157098417819715091919465 : http://localhost:3000/pagekit/index.php/admin/dashboard -> status code(404) -> 
2022-05-25 14:22:16 ERROR    Failure: 105300557729261157098417819715091919465 : http://localhost:3000/pagekit/index.php/admin/dashboard -> status code(404) -> 
2022-05-25 14:22:22 ERROR    Failure: 172717110701069407241174406021285620737 : http://localhost:3000/pagekit/index.php/admin/dashboard -> Failed to load resource: the server responded with a status of 404 (Not Found)
2022-05-25 14:22:22 ERROR    Failure: 172717110701069407241174406021285620737 : http://localhost:3000/pagekit/index.php/admin/dashboard -> Failed to load resource: the server responded with a status of 404 (Not Found)
2022-05-25 14:22:22 ERROR    Failure: 172717110701069407241174406021285620737 : http://localhost:3000/pagekit/index.php/admin/dashboard -> Failed to load resource: the server responded with a status of 404 (Not Found)
2022-05-25 14:22:22 ERROR    Failure: 105300557729261157098417819715091919465 : http://localhost:3000/pagekit/index.php/admin/dashboard -> status code(404) -> 
2022-05-25 14:22:22 ERROR    Failure: 105300557729261157098417819715091919465 : http://localhost:3000/pagekit/index.php/admin/dashboard -> status code(404) -> 
2022-05-25 14:22:22 ERROR    Failure: 105300557729261157098417819715091919465 : http://localhost:3000/pagekit/index.php/admin/dashboard -> status code(404) -> 
2022-05-25 14:22:27 ERROR    Failure: 172717110701069407241174406021285620737 : http://localhost:3000/pagekit/index.php/admin/dashboard -> Failed to load resource: the server responded with a status of 404 (Not Found)
2022-05-25 14:22:27 ERROR    Failure: 172717110701069407241174406021285620737 : http://localhost:3000/pagekit/index.php/admin/dashboard -> Failed to load resource: the server responded with a status of 404 (Not Found)
2022-05-25 14:22:27 ERROR    Failure: 172717110701069407241174406021285620737 : http://localhost:3000/pagekit/index.php/admin/dashboard -> Failed to load resource: the server responded with a status of 404 (Not Found)
2022-05-25 14:22:27 ERROR    Failure: 105300557729261157098417819715091919465 : http://localhost:3000/pagekit/index.php/admin/dashboard -> status code(404) -> 
2022-05-25 14:22:27 ERROR    Failure: 105300557729261157098417819715091919465 : http://localhost:3000/pagekit/index.php/admin/dashboard -> status code(404) -> 
2022-05-25 14:22:27 ERROR    Failure: 105300557729261157098417819715091919465 : http://localhost:3000/pagekit/index.php/admin/dashboard -> status code(404) -> 
2022-05-25 14:22:30 ERROR    Failure: 172717110701069407241174406021285620737 : http://localhost:3000/pagekit/index.php/admin/dashboard -> Failed to load resource: the server responded with a status of 404 (Not Found)
2022-05-25 14:22:30 ERROR    Failure: 80165734902288621318310788211409255354 : http://localhost:3000/pagekit/admin/system/update -> status code(404) -> <!DOCTYPE HTML PUBLIC "-//IETF//DTD HTML 2.0//EN">	<html><head>	<title>404 Not Found</title>	</head><body>	<h1>Not Found</h1>	<p>The requested URL /pagekit/admin/system/update was not found on this server.</p>	<hr>	<address>Apache/2.4.18 (Ubuntu) Server at localhost Port 3000</address>	</body></html>	
2022-05-25 14:22:32 ERROR    Failure: 172717110701069407241174406021285620737 : http://localhost:3000/pagekit/index.php/admin/dashboard -> Failed to load resource: the server responded with a status of 404 (Not Found)
2022-05-25 14:22:32 ERROR    Failure: 172717110701069407241174406021285620737 : http://localhost:3000/pagekit/index.php/admin/dashboard -> Failed to load resource: the server responded with a status of 404 (Not Found)
2022-05-25 14:22:32 ERROR    Failure: 172717110701069407241174406021285620737 : http://localhost:3000/pagekit/index.php/admin/dashboard -> Failed to load resource: the server responded with a status of 404 (Not Found)
2022-05-25 14:22:32 ERROR    Failure: 105300557729261157098417819715091919465 : http://localhost:3000/pagekit/index.php/admin/dashboard -> status code(404) -> 
2022-05-25 14:22:32 ERROR    Failure: 105300557729261157098417819715091919465 : http://localhost:3000/pagekit/index.php/admin/dashboard -> status code(404) -> 
2022-05-25 14:22:32 ERROR    Failure: 105300557729261157098417819715091919465 : http://localhost:3000/pagekit/index.php/admin/dashboard -> status code(404) -> 
2022-05-25 14:22:36 ERROR    Failure: 63661048957111971139043659084403729172 : http://localhost:3000/pagekit/index.php/admin/user -> Failed to load resource: the server responded with a status of 400 (Bad Request)
2022-05-25 14:22:36 ERROR    Failure: 108454993266047261493729590968796755788 : http://localhost:3000/pagekit/index.php/admin/user -> status code(400) -> "Unable to block yourself."
2022-05-25 14:22:37 ERROR    Failure: 63661048957111971139043659084403729172 : http://localhost:3000/pagekit/index.php/admin/user -> Failed to load resource: the server responded with a status of 400 (Bad Request)
2022-05-25 14:22:37 ERROR    Failure: 108454993266047261493729590968796755788 : http://localhost:3000/pagekit/index.php/admin/user -> status code(400) -> "Unable to block yourself."
2022-05-25 14:22:40 ERROR    Failure: 172717110701069407241174406021285620737 : http://localhost:3000/pagekit/index.php/admin/dashboard -> Failed to load resource: the server responded with a status of 404 (Not Found)
2022-05-25 14:22:40 ERROR    Failure: 172717110701069407241174406021285620737 : http://localhost:3000/pagekit/index.php/admin/dashboard -> Failed to load resource: the server responded with a status of 404 (Not Found)
2022-05-25 14:22:40 ERROR    Failure: 172717110701069407241174406021285620737 : http://localhost:3000/pagekit/index.php/admin/dashboard -> Failed to load resource: the server responded with a status of 404 (Not Found)
2022-05-25 14:22:40 ERROR    Failure: 105300557729261157098417819715091919465 : http://localhost:3000/pagekit/index.php/admin/dashboard -> status code(404) -> 
2022-05-25 14:22:40 ERROR    Failure: 105300557729261157098417819715091919465 : http://localhost:3000/pagekit/index.php/admin/dashboard -> status code(404) -> 
2022-05-25 14:22:40 ERROR    Failure: 105300557729261157098417819715091919465 : http://localhost:3000/pagekit/index.php/admin/dashboard -> status code(404) -> 
2022-05-25 14:22:48 ERROR    Failure: 172717110701069407241174406021285620737 : http://localhost:3000/pagekit/index.php/admin/dashboard -> Failed to load resource: the server responded with a status of 404 (Not Found)
2022-05-25 14:22:48 ERROR    Failure: 172717110701069407241174406021285620737 : http://localhost:3000/pagekit/index.php/admin/dashboard -> Failed to load resource: the server responded with a status of 404 (Not Found)
2022-05-25 14:22:48 ERROR    Failure: 105300557729261157098417819715091919465 : http://localhost:3000/pagekit/index.php/admin/dashboard -> status code(404) -> 
2022-05-25 14:22:48 ERROR    Failure: 172717110701069407241174406021285620737 : http://localhost:3000/pagekit/index.php/admin/dashboard -> Failed to load resource: the server responded with a status of 404 (Not Found)
2022-05-25 14:22:48 ERROR    Failure: 105300557729261157098417819715091919465 : http://localhost:3000/pagekit/index.php/admin/dashboard -> status code(404) -> 
2022-05-25 14:22:48 ERROR    Failure: 105300557729261157098417819715091919465 : http://localhost:3000/pagekit/index.php/admin/dashboard -> status code(404) -> 
2022-05-25 14:22:53 ERROR    Failure: 172717110701069407241174406021285620737 : http://localhost:3000/pagekit/index.php/admin/dashboard -> Failed to load resource: the server responded with a status of 404 (Not Found)
2022-05-25 14:22:53 ERROR    Failure: 172717110701069407241174406021285620737 : http://localhost:3000/pagekit/index.php/admin/dashboard -> Failed to load resource: the server responded with a status of 404 (Not Found)
2022-05-25 14:22:53 ERROR    Failure: 105300557729261157098417819715091919465 : http://localhost:3000/pagekit/index.php/admin/dashboard -> status code(404) -> 
2022-05-25 14:22:53 ERROR    Failure: 105300557729261157098417819715091919465 : http://localhost:3000/pagekit/index.php/admin/dashboard -> status code(404) -> 
2022-05-25 14:22:53 ERROR    Failure: 172717110701069407241174406021285620737 : http://localhost:3000/pagekit/index.php/admin/dashboard -> Failed to load resource: the server responded with a status of 404 (Not Found)
2022-05-25 14:22:53 ERROR    Failure: 105300557729261157098417819715091919465 : http://localhost:3000/pagekit/index.php/admin/dashboard -> status code(404) -> 
2022-05-25 14:23:01 ERROR    Failure: 172717110701069407241174406021285620737 : http://localhost:3000/pagekit/index.php/admin/dashboard -> Failed to load resource: the server responded with a status of 404 (Not Found)
2022-05-25 14:23:01 ERROR    Failure: 172717110701069407241174406021285620737 : http://localhost:3000/pagekit/index.php/admin/dashboard -> Failed to load resource: the server responded with a status of 404 (Not Found)
2022-05-25 14:23:01 ERROR    Failure: 172717110701069407241174406021285620737 : http://localhost:3000/pagekit/index.php/admin/dashboard -> Failed to load resource: the server responded with a status of 404 (Not Found)
2022-05-25 14:23:01 ERROR    Failure: 105300557729261157098417819715091919465 : http://localhost:3000/pagekit/index.php/admin/dashboard -> status code(404) -> 
2022-05-25 14:23:01 ERROR    Failure: 105300557729261157098417819715091919465 : http://localhost:3000/pagekit/index.php/admin/dashboard -> status code(404) -> 
2022-05-25 14:23:01 ERROR    Failure: 105300557729261157098417819715091919465 : http://localhost:3000/pagekit/index.php/admin/dashboard -> status code(404) -> 
2022-05-25 14:23:09 ERROR    Failure: 172717110701069407241174406021285620737 : http://localhost:3000/pagekit/index.php/admin/dashboard -> Failed to load resource: the server responded with a status of 404 (Not Found)
2022-05-25 14:23:09 ERROR    Failure: 172717110701069407241174406021285620737 : http://localhost:3000/pagekit/index.php/admin/dashboard -> Failed to load resource: the server responded with a status of 404 (Not Found)
2022-05-25 14:23:09 ERROR    Failure: 172717110701069407241174406021285620737 : http://localhost:3000/pagekit/index.php/admin/dashboard -> Failed to load resource: the server responded with a status of 404 (Not Found)
2022-05-25 14:23:09 ERROR    Failure: 105300557729261157098417819715091919465 : http://localhost:3000/pagekit/index.php/admin/dashboard -> status code(404) -> 
2022-05-25 14:23:09 ERROR    Failure: 105300557729261157098417819715091919465 : http://localhost:3000/pagekit/index.php/admin/dashboard -> status code(404) -> 
2022-05-25 14:23:09 ERROR    Failure: 105300557729261157098417819715091919465 : http://localhost:3000/pagekit/index.php/admin/dashboard -> status code(404) -> 
2022-05-25 14:23:20 ERROR    Failure: 172717110701069407241174406021285620737 : http://localhost:3000/pagekit/index.php/admin/dashboard -> Failed to load resource: the server responded with a status of 404 (Not Found)
2022-05-25 14:23:20 ERROR    Failure: 172717110701069407241174406021285620737 : http://localhost:3000/pagekit/index.php/admin/dashboard -> Failed to load resource: the server responded with a status of 404 (Not Found)
2022-05-25 14:23:20 ERROR    Failure: 172717110701069407241174406021285620737 : http://localhost:3000/pagekit/index.php/admin/dashboard -> Failed to load resource: the server responded with a status of 404 (Not Found)
2022-05-25 14:23:20 ERROR    Failure: 105300557729261157098417819715091919465 : http://localhost:3000/pagekit/index.php/admin/dashboard -> status code(404) -> 
2022-05-25 14:23:20 ERROR    Failure: 105300557729261157098417819715091919465 : http://localhost:3000/pagekit/index.php/admin/dashboard -> status code(404) -> 
2022-05-25 14:23:20 ERROR    Failure: 105300557729261157098417819715091919465 : http://localhost:3000/pagekit/index.php/admin/dashboard -> status code(404) -> 
2022-05-25 14:23:26 ERROR    Failure: 172717110701069407241174406021285620737 : http://localhost:3000/pagekit/index.php/admin/dashboard -> Failed to load resource: the server responded with a status of 404 (Not Found)
2022-05-25 14:23:26 ERROR    Failure: 80165734902288621318310788211409255354 : http://localhost:3000/pagekit/admin/system/update -> status code(404) -> <!DOCTYPE HTML PUBLIC "-//IETF//DTD HTML 2.0//EN">	<html><head>	<title>404 Not Found</title>	</head><body>	<h1>Not Found</h1>	<p>The requested URL /pagekit/admin/system/update was not found on this server.</p>	<hr>	<address>Apache/2.4.18 (Ubuntu) Server at localhost Port 3000</address>	</body></html>	
2022-05-25 14:23:27 ERROR    Failure: 172717110701069407241174406021285620737 : http://localhost:3000/pagekit/index.php/admin/dashboard -> Failed to load resource: the server responded with a status of 404 (Not Found)
2022-05-25 14:23:27 ERROR    Failure: 172717110701069407241174406021285620737 : http://localhost:3000/pagekit/index.php/admin/dashboard -> Failed to load resource: the server responded with a status of 404 (Not Found)
2022-05-25 14:23:27 ERROR    Failure: 172717110701069407241174406021285620737 : http://localhost:3000/pagekit/index.php/admin/dashboard -> Failed to load resource: the server responded with a status of 404 (Not Found)
2022-05-25 14:23:27 ERROR    Failure: 105300557729261157098417819715091919465 : http://localhost:3000/pagekit/index.php/admin/dashboard -> status code(404) -> 
2022-05-25 14:23:27 ERROR    Failure: 105300557729261157098417819715091919465 : http://localhost:3000/pagekit/index.php/admin/dashboard -> status code(404) -> 
2022-05-25 14:23:27 ERROR    Failure: 105300557729261157098417819715091919465 : http://localhost:3000/pagekit/index.php/admin/dashboard -> status code(404) -> 
2022-05-25 14:23:39 ERROR    Failure: 172717110701069407241174406021285620737 : http://localhost:3000/pagekit/index.php/admin/dashboard -> Failed to load resource: the server responded with a status of 404 (Not Found)
2022-05-25 14:23:39 ERROR    Failure: 172717110701069407241174406021285620737 : http://localhost:3000/pagekit/index.php/admin/dashboard -> Failed to load resource: the server responded with a status of 404 (Not Found)
2022-05-25 14:23:39 ERROR    Failure: 105300557729261157098417819715091919465 : http://localhost:3000/pagekit/index.php/admin/dashboard -> status code(404) -> 
2022-05-25 14:23:39 ERROR    Failure: 172717110701069407241174406021285620737 : http://localhost:3000/pagekit/index.php/admin/dashboard -> Failed to load resource: the server responded with a status of 404 (Not Found)
2022-05-25 14:23:39 ERROR    Failure: 105300557729261157098417819715091919465 : http://localhost:3000/pagekit/index.php/admin/dashboard -> status code(404) -> 
2022-05-25 14:23:39 ERROR    Failure: 105300557729261157098417819715091919465 : http://localhost:3000/pagekit/index.php/admin/dashboard -> status code(404) -> 
2022-05-25 14:23:43 ERROR    Failure: 63661048957111971139043659084403729172 : http://localhost:3000/pagekit/index.php/admin/user# -> Failed to load resource: the server responded with a status of 400 (Bad Request)
2022-05-25 14:23:43 ERROR    Failure: 108454993266047261493729590968796755788 : http://localhost:3000/pagekit/index.php/admin/user# -> status code(400) -> "Unable to block yourself."
2022-05-25 14:23:47 ERROR    Failure: 172717110701069407241174406021285620737 : http://localhost:3000/pagekit/index.php/admin/dashboard -> Failed to load resource: the server responded with a status of 404 (Not Found)
2022-05-25 14:23:47 ERROR    Failure: 172717110701069407241174406021285620737 : http://localhost:3000/pagekit/index.php/admin/dashboard -> Failed to load resource: the server responded with a status of 404 (Not Found)
2022-05-25 14:23:47 ERROR    Failure: 105300557729261157098417819715091919465 : http://localhost:3000/pagekit/index.php/admin/dashboard -> status code(404) -> 
2022-05-25 14:23:47 ERROR    Failure: 172717110701069407241174406021285620737 : http://localhost:3000/pagekit/index.php/admin/dashboard -> Failed to load resource: the server responded with a status of 404 (Not Found)
2022-05-25 14:23:47 ERROR    Failure: 105300557729261157098417819715091919465 : http://localhost:3000/pagekit/index.php/admin/dashboard -> status code(404) -> 
2022-05-25 14:23:47 ERROR    Failure: 105300557729261157098417819715091919465 : http://localhost:3000/pagekit/index.php/admin/dashboard -> status code(404) -> 
2022-05-25 14:23:59 ERROR    Failure: 172717110701069407241174406021285620737 : http://localhost:3000/pagekit/index.php/admin/dashboard -> Failed to load resource: the server responded with a status of 404 (Not Found)
2022-05-25 14:23:59 ERROR    Failure: 172717110701069407241174406021285620737 : http://localhost:3000/pagekit/index.php/admin/dashboard -> Failed to load resource: the server responded with a status of 404 (Not Found)
2022-05-25 14:23:59 ERROR    Failure: 105300557729261157098417819715091919465 : http://localhost:3000/pagekit/index.php/admin/dashboard -> status code(404) -> 
2022-05-25 14:23:59 ERROR    Failure: 105300557729261157098417819715091919465 : http://localhost:3000/pagekit/index.php/admin/dashboard -> status code(404) -> 
2022-05-25 14:23:59 ERROR    Failure: 172717110701069407241174406021285620737 : http://localhost:3000/pagekit/index.php/admin/dashboard -> Failed to load resource: the server responded with a status of 404 (Not Found)
2022-05-25 14:23:59 ERROR    Failure: 105300557729261157098417819715091919465 : http://localhost:3000/pagekit/index.php/admin/dashboard -> status code(404) -> 
2022-05-25 14:24:07 ERROR    Failure: 172717110701069407241174406021285620737 : http://localhost:3000/pagekit/index.php/admin/dashboard -> Failed to load resource: the server responded with a status of 404 (Not Found)
2022-05-25 14:24:07 ERROR    Failure: 80165734902288621318310788211409255354 : http://localhost:3000/pagekit/admin/system/update -> status code(404) -> <!DOCTYPE HTML PUBLIC "-//IETF//DTD HTML 2.0//EN">	<html><head>	<title>404 Not Found</title>	</head><body>	<h1>Not Found</h1>	<p>The requested URL /pagekit/admin/system/update was not found on this server.</p>	<hr>	<address>Apache/2.4.18 (Ubuntu) Server at localhost Port 3000</address>	</body></html>	
2022-05-25 14:24:08 ERROR    Failure: 172717110701069407241174406021285620737 : http://localhost:3000/pagekit/index.php/admin/dashboard -> Failed to load resource: the server responded with a status of 404 (Not Found)
2022-05-25 14:24:08 ERROR    Failure: 172717110701069407241174406021285620737 : http://localhost:3000/pagekit/index.php/admin/dashboard -> Failed to load resource: the server responded with a status of 404 (Not Found)
2022-05-25 14:24:08 ERROR    Failure: 105300557729261157098417819715091919465 : http://localhost:3000/pagekit/index.php/admin/dashboard -> status code(404) -> 
2022-05-25 14:24:08 ERROR    Failure: 172717110701069407241174406021285620737 : http://localhost:3000/pagekit/index.php/admin/dashboard -> Failed to load resource: the server responded with a status of 404 (Not Found)
2022-05-25 14:24:08 ERROR    Failure: 105300557729261157098417819715091919465 : http://localhost:3000/pagekit/index.php/admin/dashboard -> status code(404) -> 
2022-05-25 14:24:08 ERROR    Failure: 105300557729261157098417819715091919465 : http://localhost:3000/pagekit/index.php/admin/dashboard -> status code(404) -> 
2022-05-25 14:24:18 ERROR    Failure: 172717110701069407241174406021285620737 : http://localhost:3000/pagekit/index.php/admin/dashboard -> Failed to load resource: the server responded with a status of 404 (Not Found)
2022-05-25 14:24:18 ERROR    Failure: 172717110701069407241174406021285620737 : http://localhost:3000/pagekit/index.php/admin/dashboard -> Failed to load resource: the server responded with a status of 404 (Not Found)
2022-05-25 14:24:18 ERROR    Failure: 172717110701069407241174406021285620737 : http://localhost:3000/pagekit/index.php/admin/dashboard -> Failed to load resource: the server responded with a status of 404 (Not Found)
2022-05-25 14:24:18 ERROR    Failure: 105300557729261157098417819715091919465 : http://localhost:3000/pagekit/index.php/admin/dashboard -> status code(404) -> 
2022-05-25 14:24:18 ERROR    Failure: 105300557729261157098417819715091919465 : http://localhost:3000/pagekit/index.php/admin/dashboard -> status code(404) -> 
2022-05-25 14:24:18 ERROR    Failure: 105300557729261157098417819715091919465 : http://localhost:3000/pagekit/index.php/admin/dashboard -> status code(404) -> 
2022-05-25 14:24:29 ERROR    Failure: 172717110701069407241174406021285620737 : http://localhost:3000/pagekit/index.php/admin/dashboard -> Failed to load resource: the server responded with a status of 404 (Not Found)
2022-05-25 14:24:29 ERROR    Failure: 80165734902288621318310788211409255354 : http://localhost:3000/pagekit/admin/system/update -> status code(404) -> <!DOCTYPE HTML PUBLIC "-//IETF//DTD HTML 2.0//EN">	<html><head>	<title>404 Not Found</title>	</head><body>	<h1>Not Found</h1>	<p>The requested URL /pagekit/admin/system/update was not found on this server.</p>	<hr>	<address>Apache/2.4.18 (Ubuntu) Server at localhost Port 3000</address>	</body></html>	
2022-05-25 14:24:30 ERROR    Failure: 172717110701069407241174406021285620737 : http://localhost:3000/pagekit/index.php/admin/dashboard -> Failed to load resource: the server responded with a status of 404 (Not Found)
2022-05-25 14:24:30 ERROR    Failure: 172717110701069407241174406021285620737 : http://localhost:3000/pagekit/index.php/admin/dashboard -> Failed to load resource: the server responded with a status of 404 (Not Found)
2022-05-25 14:24:30 ERROR    Failure: 105300557729261157098417819715091919465 : http://localhost:3000/pagekit/index.php/admin/dashboard -> status code(404) -> 
2022-05-25 14:24:30 ERROR    Failure: 172717110701069407241174406021285620737 : http://localhost:3000/pagekit/index.php/admin/dashboard -> Failed to load resource: the server responded with a status of 404 (Not Found)
2022-05-25 14:24:30 ERROR    Failure: 105300557729261157098417819715091919465 : http://localhost:3000/pagekit/index.php/admin/dashboard -> status code(404) -> 
2022-05-25 14:24:30 ERROR    Failure: 105300557729261157098417819715091919465 : http://localhost:3000/pagekit/index.php/admin/dashboard -> status code(404) -> 
2022-05-25 14:24:35 ERROR    Failure: 172717110701069407241174406021285620737 : http://localhost:3000/pagekit/index.php/admin/dashboard -> Failed to load resource: the server responded with a status of 404 (Not Found)
2022-05-25 14:24:35 ERROR    Failure: 105300557729261157098417819715091919465 : http://localhost:3000/pagekit/index.php/admin/dashboard -> status code(404) -> 
2022-05-25 14:24:38 ERROR    Failure: 172717110701069407241174406021285620737 : http://localhost:3000/pagekit/index.php/admin/dashboard -> Failed to load resource: the server responded with a status of 404 (Not Found)
2022-05-25 14:24:38 ERROR    Failure: 80165734902288621318310788211409255354 : http://localhost:3000/pagekit/admin/system/update -> status code(404) -> <!DOCTYPE HTML PUBLIC "-//IETF//DTD HTML 2.0//EN">	<html><head>	<title>404 Not Found</title>	</head><body>	<h1>Not Found</h1>	<p>The requested URL /pagekit/admin/system/update was not found on this server.</p>	<hr>	<address>Apache/2.4.18 (Ubuntu) Server at localhost Port 3000</address>	</body></html>	
2022-05-25 14:24:39 ERROR    Failure: 172717110701069407241174406021285620737 : http://localhost:3000/pagekit/index.php/admin/dashboard -> Failed to load resource: the server responded with a status of 404 (Not Found)
2022-05-25 14:24:39 ERROR    Failure: 172717110701069407241174406021285620737 : http://localhost:3000/pagekit/index.php/admin/dashboard -> Failed to load resource: the server responded with a status of 404 (Not Found)
2022-05-25 14:24:39 ERROR    Failure: 172717110701069407241174406021285620737 : http://localhost:3000/pagekit/index.php/admin/dashboard -> Failed to load resource: the server responded with a status of 404 (Not Found)
2022-05-25 14:24:39 ERROR    Failure: 172717110701069407241174406021285620737 : http://localhost:3000/pagekit/index.php/admin/dashboard -> Failed to load resource: the server responded with a status of 404 (Not Found)
2022-05-25 14:24:39 ERROR    Failure: 105300557729261157098417819715091919465 : http://localhost:3000/pagekit/index.php/admin/dashboard -> status code(404) -> 
2022-05-25 14:24:39 ERROR    Failure: 105300557729261157098417819715091919465 : http://localhost:3000/pagekit/index.php/admin/dashboard -> status code(404) -> 
2022-05-25 14:24:39 ERROR    Failure: 105300557729261157098417819715091919465 : http://localhost:3000/pagekit/index.php/admin/dashboard -> status code(404) -> 
2022-05-25 14:24:39 ERROR    Failure: 105300557729261157098417819715091919465 : http://localhost:3000/pagekit/index.php/admin/dashboard -> status code(404) -> 
2022-05-25 14:24:44 ERROR    Failure: 172717110701069407241174406021285620737 : http://localhost:3000/pagekit/index.php/admin/dashboard -> Failed to load resource: the server responded with a status of 404 (Not Found)
2022-05-25 14:24:44 ERROR    Failure: 105300557729261157098417819715091919465 : http://localhost:3000/pagekit/index.php/admin/dashboard -> status code(404) -> 
2022-05-25 14:24:45 ERROR    Failure: 172717110701069407241174406021285620737 : http://localhost:3000/pagekit/index.php/admin/dashboard -> Failed to load resource: the server responded with a status of 404 (Not Found)
2022-05-25 14:24:45 ERROR    Failure: 105300557729261157098417819715091919465 : http://localhost:3000/pagekit/index.php/admin/dashboard -> status code(404) -> 
2022-05-25 14:24:50 ERROR    Failure: 172717110701069407241174406021285620737 : http://localhost:3000/pagekit/index.php/admin/dashboard -> Failed to load resource: the server responded with a status of 404 (Not Found)
2022-05-25 14:24:50 ERROR    Failure: 172717110701069407241174406021285620737 : http://localhost:3000/pagekit/index.php/admin/dashboard -> Failed to load resource: the server responded with a status of 404 (Not Found)
2022-05-25 14:24:50 ERROR    Failure: 172717110701069407241174406021285620737 : http://localhost:3000/pagekit/index.php/admin/dashboard -> Failed to load resource: the server responded with a status of 404 (Not Found)
2022-05-25 14:24:50 ERROR    Failure: 172717110701069407241174406021285620737 : http://localhost:3000/pagekit/index.php/admin/dashboard -> Failed to load resource: the server responded with a status of 404 (Not Found)
2022-05-25 14:24:50 ERROR    Failure: 105300557729261157098417819715091919465 : http://localhost:3000/pagekit/index.php/admin/dashboard -> status code(404) -> 
2022-05-25 14:24:50 ERROR    Failure: 105300557729261157098417819715091919465 : http://localhost:3000/pagekit/index.php/admin/dashboard -> status code(404) -> 
2022-05-25 14:24:50 ERROR    Failure: 105300557729261157098417819715091919465 : http://localhost:3000/pagekit/index.php/admin/dashboard -> status code(404) -> 
2022-05-25 14:24:50 ERROR    Failure: 105300557729261157098417819715091919465 : http://localhost:3000/pagekit/index.php/admin/dashboard -> status code(404) -> 
2022-05-25 14:24:59 ERROR    Failure: 172717110701069407241174406021285620737 : http://localhost:3000/pagekit/index.php/admin/dashboard -> Failed to load resource: the server responded with a status of 404 (Not Found)
2022-05-25 14:24:59 ERROR    Failure: 105300557729261157098417819715091919465 : http://localhost:3000/pagekit/index.php/admin/dashboard -> status code(404) -> 
2022-05-25 14:24:59 ERROR    Failure: 172717110701069407241174406021285620737 : http://localhost:3000/pagekit/index.php/admin/dashboard -> Failed to load resource: the server responded with a status of 404 (Not Found)
2022-05-25 14:24:59 ERROR    Failure: 105300557729261157098417819715091919465 : http://localhost:3000/pagekit/index.php/admin/dashboard -> status code(404) -> 
2022-05-25 14:24:59 ERROR    Failure: 172717110701069407241174406021285620737 : http://localhost:3000/pagekit/index.php/admin/dashboard -> Failed to load resource: the server responded with a status of 404 (Not Found)
2022-05-25 14:24:59 ERROR    Failure: 172717110701069407241174406021285620737 : http://localhost:3000/pagekit/index.php/admin/dashboard -> Failed to load resource: the server responded with a status of 404 (Not Found)
2022-05-25 14:24:59 ERROR    Failure: 105300557729261157098417819715091919465 : http://localhost:3000/pagekit/index.php/admin/dashboard -> status code(404) -> 
2022-05-25 14:24:59 ERROR    Failure: 105300557729261157098417819715091919465 : http://localhost:3000/pagekit/index.php/admin/dashboard -> status code(404) -> 
2022-05-25 14:25:07 ERROR    Failure: 172717110701069407241174406021285620737 : http://localhost:3000/pagekit/index.php/admin/dashboard -> Failed to load resource: the server responded with a status of 404 (Not Found)
2022-05-25 14:25:07 ERROR    Failure: 172717110701069407241174406021285620737 : http://localhost:3000/pagekit/index.php/admin/dashboard -> Failed to load resource: the server responded with a status of 404 (Not Found)
2022-05-25 14:25:07 ERROR    Failure: 172717110701069407241174406021285620737 : http://localhost:3000/pagekit/index.php/admin/dashboard -> Failed to load resource: the server responded with a status of 404 (Not Found)
2022-05-25 14:25:07 ERROR    Failure: 172717110701069407241174406021285620737 : http://localhost:3000/pagekit/index.php/admin/dashboard -> Failed to load resource: the server responded with a status of 404 (Not Found)
2022-05-25 14:25:07 ERROR    Failure: 105300557729261157098417819715091919465 : http://localhost:3000/pagekit/index.php/admin/dashboard -> status code(404) -> 
2022-05-25 14:25:07 ERROR    Failure: 105300557729261157098417819715091919465 : http://localhost:3000/pagekit/index.php/admin/dashboard -> status code(404) -> 
2022-05-25 14:25:07 ERROR    Failure: 105300557729261157098417819715091919465 : http://localhost:3000/pagekit/index.php/admin/dashboard -> status code(404) -> 
2022-05-25 14:25:07 ERROR    Failure: 105300557729261157098417819715091919465 : http://localhost:3000/pagekit/index.php/admin/dashboard -> status code(404) -> 
2022-05-25 14:25:16 ERROR    Failure: 172717110701069407241174406021285620737 : http://localhost:3000/pagekit/index.php/admin/dashboard -> Failed to load resource: the server responded with a status of 404 (Not Found)
2022-05-25 14:25:16 ERROR    Failure: 172717110701069407241174406021285620737 : http://localhost:3000/pagekit/index.php/admin/dashboard -> Failed to load resource: the server responded with a status of 404 (Not Found)
2022-05-25 14:25:16 ERROR    Failure: 172717110701069407241174406021285620737 : http://localhost:3000/pagekit/index.php/admin/dashboard -> Failed to load resource: the server responded with a status of 404 (Not Found)
2022-05-25 14:25:16 ERROR    Failure: 172717110701069407241174406021285620737 : http://localhost:3000/pagekit/index.php/admin/dashboard -> Failed to load resource: the server responded with a status of 404 (Not Found)
2022-05-25 14:25:16 ERROR    Failure: 105300557729261157098417819715091919465 : http://localhost:3000/pagekit/index.php/admin/dashboard -> status code(404) -> 
2022-05-25 14:25:16 ERROR    Failure: 105300557729261157098417819715091919465 : http://localhost:3000/pagekit/index.php/admin/dashboard -> status code(404) -> 
2022-05-25 14:25:16 ERROR    Failure: 105300557729261157098417819715091919465 : http://localhost:3000/pagekit/index.php/admin/dashboard -> status code(404) -> 
2022-05-25 14:25:16 ERROR    Failure: 105300557729261157098417819715091919465 : http://localhost:3000/pagekit/index.php/admin/dashboard -> status code(404) -> 
2022-05-25 14:25:23 ERROR    Failure: 172717110701069407241174406021285620737 : http://localhost:3000/pagekit/index.php/admin/dashboard -> Failed to load resource: the server responded with a status of 404 (Not Found)
2022-05-25 14:25:23 ERROR    Failure: 172717110701069407241174406021285620737 : http://localhost:3000/pagekit/index.php/admin/dashboard -> Failed to load resource: the server responded with a status of 404 (Not Found)
2022-05-25 14:25:23 ERROR    Failure: 172717110701069407241174406021285620737 : http://localhost:3000/pagekit/index.php/admin/dashboard -> Failed to load resource: the server responded with a status of 404 (Not Found)
2022-05-25 14:25:23 ERROR    Failure: 172717110701069407241174406021285620737 : http://localhost:3000/pagekit/index.php/admin/dashboard -> Failed to load resource: the server responded with a status of 404 (Not Found)
2022-05-25 14:25:23 ERROR    Failure: 105300557729261157098417819715091919465 : http://localhost:3000/pagekit/index.php/admin/dashboard -> status code(404) -> 
2022-05-25 14:25:23 ERROR    Failure: 105300557729261157098417819715091919465 : http://localhost:3000/pagekit/index.php/admin/dashboard -> status code(404) -> 
2022-05-25 14:25:23 ERROR    Failure: 105300557729261157098417819715091919465 : http://localhost:3000/pagekit/index.php/admin/dashboard -> status code(404) -> 
2022-05-25 14:25:23 ERROR    Failure: 105300557729261157098417819715091919465 : http://localhost:3000/pagekit/index.php/admin/dashboard -> status code(404) -> 
2022-05-25 14:25:30 ERROR    Failure: 172717110701069407241174406021285620737 : http://localhost:3000/pagekit/index.php/admin/dashboard -> Failed to load resource: the server responded with a status of 404 (Not Found)
2022-05-25 14:25:30 ERROR    Failure: 172717110701069407241174406021285620737 : http://localhost:3000/pagekit/index.php/admin/dashboard -> Failed to load resource: the server responded with a status of 404 (Not Found)
2022-05-25 14:25:30 ERROR    Failure: 172717110701069407241174406021285620737 : http://localhost:3000/pagekit/index.php/admin/dashboard -> Failed to load resource: the server responded with a status of 404 (Not Found)
2022-05-25 14:25:30 ERROR    Failure: 105300557729261157098417819715091919465 : http://localhost:3000/pagekit/index.php/admin/dashboard -> status code(404) -> 
2022-05-25 14:25:30 ERROR    Failure: 172717110701069407241174406021285620737 : http://localhost:3000/pagekit/index.php/admin/dashboard -> Failed to load resource: the server responded with a status of 404 (Not Found)
2022-05-25 14:25:30 ERROR    Failure: 105300557729261157098417819715091919465 : http://localhost:3000/pagekit/index.php/admin/dashboard -> status code(404) -> 
2022-05-25 14:25:30 ERROR    Failure: 105300557729261157098417819715091919465 : http://localhost:3000/pagekit/index.php/admin/dashboard -> status code(404) -> 
2022-05-25 14:25:30 ERROR    Failure: 105300557729261157098417819715091919465 : http://localhost:3000/pagekit/index.php/admin/dashboard -> status code(404) -> 
2022-05-25 14:25:34 ERROR    Failure: 222203509631151183416754876323321821974 : http://localhost:3000/pagekit/index.php/admin/user/edit?id=1 -> Failed to load resource: the server responded with a status of 500 (Internal Server Error)
2022-05-25 14:25:34 ERROR    Failure: 140648655923019538876825560048743368617 : http://localhost:3000/pagekit/index.php/admin/user/edit?id=1 -> status code(500) -> <!DOCTYPE html>	<html>	    <head>	        <meta charset="UTF-8" />	        <meta name="robots" content="noindex,nofollow" />	        <style>	            /* Copyright (c) 2010, Yahoo! Inc. All rights reserved. Code licensed under the BSD License: http://developer.yahoo.com/yui/license.html */	            html{color:#000;background:#FFF;}body,div,dl,dt,dd,ul,ol,li,h1,h2,h3,h4,h5,h6,pre,code,form,fieldset,legend,input,textarea,p,blockquote,th,td{margin:0;padding:0;}table{border-collapse:collapse;border-spacing:0;}fieldset,img{border:0;}address,caption,cite,code,dfn,em,strong,th,var{font-style:normal;font-weight:normal;}li{list-style:none;}caption,th{text-align:left;}h1,h2,h3,h4,h5,h6{font-size:100%;font-weight:normal;}q:before,q:after{content:'';}abbr,acronym{border:0;font-variant:normal;}sup{vertical-align:text-top;}sub{vertical-align:text-bottom;}input,textarea,select{font-family:inherit;font-size:inherit;font-weight:inherit;}input,textarea,select{*font-size:100%;}legend{color:#000;}		            html { background: #eee; padding: 10px }	            img { border: 0; }	            #sf-resetcontent { width:970px; margin:0 auto; }	                        .sf-reset { font: 11px Verdana, Arial, sans-serif; color: #333 }	            .sf-reset .clear { clear:both; height:0; font-size:0; line-height:0; }	            .sf-reset .clear_fix:after { display:block; height:0; clear:both; visibility:hidden; }	            .sf-reset .clear_fix { display:inline-block; }	            .sf-reset * html .clear_fix { height:1%; }	            .sf-reset .clear_fix { display:block; }	            .sf-reset, .sf-reset .block { margin: auto }	            .sf-reset abbr { border-bottom: 1px dotted #000; cursor: help; }	            .sf-reset p { font-size:14px; line-height:20px; color:#868686; padding-bottom:20px }	            .sf-reset strong { font-weight:bold; }	            .sf-reset a { color:#6c6159; cursor: default; }	            .sf-reset a img { border:none; }	            .sf-reset a:hover { text-decoration:underline; }	            .sf-reset em { font-style:italic; }	            .sf-reset h1, .sf-reset h2 { font: 20px Georgia, "Times New Roman", Times, serif }	            .sf-reset .exception_counter { background-color: #fff; color: #333; padding: 6px; float: left; margin-right: 10px; float: left; display: block; }	            .sf-reset .exception_title { margin-left: 3em; margin-bottom: 0.7em; display: block; }	            .sf-reset .exception_message { margin-left: 3em; display: block; }	            .sf-reset .traces li { font-size:12px; padding: 2px 4px; list-style-type:decimal; margin-left:20px; }	            .sf-reset .block { background-color:#FFFFFF; padding:10px 28px; margin-bottom:20px;	                -webkit-border-bottom-right-radius: 16px;	                -webkit-border-bottom-left-radius: 16px;	                -moz-border-radius-bottomright: 16px;	                -moz-border-radius-bottomleft: 16px;	                border-bottom-right-radius: 16px;	                border-bottom-left-radius: 16px;	                border-bottom:1px solid #ccc;	                border-right:1px solid #ccc;	                border-left:1px solid #ccc;	            }	            .sf-reset .block_exception { background-color:#ddd; color: #333; padding:20px;	                -webkit-border-top-left-radius: 16px;	                -webkit-border-top-right-radius: 16px;	                -moz-border-radius-topleft: 16px;	                -moz-border-radius-topright: 16px;	                border-top-left-radius: 16px;	                border-top-right-radius: 16px;	                border-top:1px solid #ccc;	                border-right:1px solid #ccc;	                border-left:1px solid #ccc;	                overflow: hidden;	                word-wrap: break-word;	            }	            .sf-reset a { background:none; color:#868686; text-decoration:none; }	            .sf-reset a:hover { background:none; color:#313131; text-decoration:underline; }	            .sf-reset ol { padding: 10px 0; }	            .sf-reset h1 { background-color:#FFFFFF; padding: 15px 28px; margin-bottom: 20px;	                -webkit-border-radius: 10px;	                -moz-border-radius: 10px;	                border-radius: 10px;	                border: 1px solid #ccc;	            }	        </style>	    </head>	    <body>	                    <div id="sf-resetcontent" class="sf-reset">	                <h1>Whoops, looks like something went wrong.</h1>	                	            </div>	    </body>	</html>
2022-05-25 14:25:36 ERROR    Failure: 262513326802567628094931167029883077585 : http://localhost:3000/pagekit/index.php/admin/user -> net::ERR_ABORTED
2022-05-25 14:25:37 ERROR    Failure: 172717110701069407241174406021285620737 : http://localhost:3000/pagekit/index.php/admin/dashboard -> Failed to load resource: the server responded with a status of 404 (Not Found)
2022-05-25 14:25:37 ERROR    Failure: 172717110701069407241174406021285620737 : http://localhost:3000/pagekit/index.php/admin/dashboard -> Failed to load resource: the server responded with a status of 404 (Not Found)
2022-05-25 14:25:37 ERROR    Failure: 172717110701069407241174406021285620737 : http://localhost:3000/pagekit/index.php/admin/dashboard -> Failed to load resource: the server responded with a status of 404 (Not Found)
2022-05-25 14:25:37 ERROR    Failure: 105300557729261157098417819715091919465 : http://localhost:3000/pagekit/index.php/admin/dashboard -> status code(404) -> 
2022-05-25 14:25:37 ERROR    Failure: 105300557729261157098417819715091919465 : http://localhost:3000/pagekit/index.php/admin/dashboard -> status code(404) -> 
2022-05-25 14:25:37 ERROR    Failure: 105300557729261157098417819715091919465 : http://localhost:3000/pagekit/index.php/admin/dashboard -> status code(404) -> 
2022-05-25 14:25:37 ERROR    Failure: 172717110701069407241174406021285620737 : http://localhost:3000/pagekit/index.php/admin/dashboard -> Failed to load resource: the server responded with a status of 404 (Not Found)
2022-05-25 14:25:37 ERROR    Failure: 105300557729261157098417819715091919465 : http://localhost:3000/pagekit/index.php/admin/dashboard -> status code(404) -> 
2022-05-25 14:25:40 ERROR    Failure: 262513326802567628094931167029883077585 : http://localhost:3000/pagekit/index.php/admin/user/edit?id=1 -> net::ERR_ABORTED
2022-05-25 14:25:46 ERROR    Failure: 172717110701069407241174406021285620737 : http://localhost:3000/pagekit/index.php/admin/dashboard -> Failed to load resource: the server responded with a status of 404 (Not Found)
2022-05-25 14:25:46 ERROR    Failure: 172717110701069407241174406021285620737 : http://localhost:3000/pagekit/index.php/admin/dashboard -> Failed to load resource: the server responded with a status of 404 (Not Found)
2022-05-25 14:25:46 ERROR    Failure: 172717110701069407241174406021285620737 : http://localhost:3000/pagekit/index.php/admin/dashboard -> Failed to load resource: the server responded with a status of 404 (Not Found)
2022-05-25 14:25:46 ERROR    Failure: 172717110701069407241174406021285620737 : http://localhost:3000/pagekit/index.php/admin/dashboard -> Failed to load resource: the server responded with a status of 404 (Not Found)
2022-05-25 14:25:46 ERROR    Failure: 105300557729261157098417819715091919465 : http://localhost:3000/pagekit/index.php/admin/dashboard -> status code(404) -> 
2022-05-25 14:25:46 ERROR    Failure: 105300557729261157098417819715091919465 : http://localhost:3000/pagekit/index.php/admin/dashboard -> status code(404) -> 
2022-05-25 14:25:46 ERROR    Failure: 105300557729261157098417819715091919465 : http://localhost:3000/pagekit/index.php/admin/dashboard -> status code(404) -> 
2022-05-25 14:25:46 ERROR    Failure: 105300557729261157098417819715091919465 : http://localhost:3000/pagekit/index.php/admin/dashboard -> status code(404) -> 
2022-05-25 14:25:53 ERROR    Failure: 172717110701069407241174406021285620737 : http://localhost:3000/pagekit/index.php/admin/dashboard -> Failed to load resource: the server responded with a status of 404 (Not Found)
2022-05-25 14:25:53 ERROR    Failure: 172717110701069407241174406021285620737 : http://localhost:3000/pagekit/index.php/admin/dashboard -> Failed to load resource: the server responded with a status of 404 (Not Found)
2022-05-25 14:25:53 ERROR    Failure: 172717110701069407241174406021285620737 : http://localhost:3000/pagekit/index.php/admin/dashboard -> Failed to load resource: the server responded with a status of 404 (Not Found)
2022-05-25 14:25:53 ERROR    Failure: 105300557729261157098417819715091919465 : http://localhost:3000/pagekit/index.php/admin/dashboard -> status code(404) -> 
2022-05-25 14:25:53 ERROR    Failure: 172717110701069407241174406021285620737 : http://localhost:3000/pagekit/index.php/admin/dashboard -> Failed to load resource: the server responded with a status of 404 (Not Found)
2022-05-25 14:25:53 ERROR    Failure: 105300557729261157098417819715091919465 : http://localhost:3000/pagekit/index.php/admin/dashboard -> status code(404) -> 
2022-05-25 14:25:53 ERROR    Failure: 105300557729261157098417819715091919465 : http://localhost:3000/pagekit/index.php/admin/dashboard -> status code(404) -> 
2022-05-25 14:25:53 ERROR    Failure: 105300557729261157098417819715091919465 : http://localhost:3000/pagekit/index.php/admin/dashboard -> status code(404) -> 
2022-05-25 14:26:02 ERROR    Failure: 172717110701069407241174406021285620737 : http://localhost:3000/pagekit/index.php/admin/dashboard -> Failed to load resource: the server responded with a status of 404 (Not Found)
2022-05-25 14:26:02 ERROR    Failure: 172717110701069407241174406021285620737 : http://localhost:3000/pagekit/index.php/admin/dashboard -> Failed to load resource: the server responded with a status of 404 (Not Found)
2022-05-25 14:26:02 ERROR    Failure: 172717110701069407241174406021285620737 : http://localhost:3000/pagekit/index.php/admin/dashboard -> Failed to load resource: the server responded with a status of 404 (Not Found)
2022-05-25 14:26:02 ERROR    Failure: 105300557729261157098417819715091919465 : http://localhost:3000/pagekit/index.php/admin/dashboard -> status code(404) -> 
2022-05-25 14:26:02 ERROR    Failure: 172717110701069407241174406021285620737 : http://localhost:3000/pagekit/index.php/admin/dashboard -> Failed to load resource: the server responded with a status of 404 (Not Found)
2022-05-25 14:26:02 ERROR    Failure: 105300557729261157098417819715091919465 : http://localhost:3000/pagekit/index.php/admin/dashboard -> status code(404) -> 
2022-05-25 14:26:02 ERROR    Failure: 105300557729261157098417819715091919465 : http://localhost:3000/pagekit/index.php/admin/dashboard -> status code(404) -> 
2022-05-25 14:26:02 ERROR    Failure: 105300557729261157098417819715091919465 : http://localhost:3000/pagekit/index.php/admin/dashboard -> status code(404) -> 
2022-05-25 14:26:09 ERROR    Failure: 172717110701069407241174406021285620737 : http://localhost:3000/pagekit/index.php/admin/dashboard -> Failed to load resource: the server responded with a status of 404 (Not Found)
2022-05-25 14:26:09 ERROR    Failure: 105300557729261157098417819715091919465 : http://localhost:3000/pagekit/index.php/admin/dashboard -> status code(404) -> 
2022-05-25 14:26:09 ERROR    Failure: 172717110701069407241174406021285620737 : http://localhost:3000/pagekit/index.php/admin/dashboard -> Failed to load resource: the server responded with a status of 404 (Not Found)
2022-05-25 14:26:09 ERROR    Failure: 105300557729261157098417819715091919465 : http://localhost:3000/pagekit/index.php/admin/dashboard -> status code(404) -> 
2022-05-25 14:26:09 ERROR    Failure: 172717110701069407241174406021285620737 : http://localhost:3000/pagekit/index.php/admin/dashboard -> Failed to load resource: the server responded with a status of 404 (Not Found)
2022-05-25 14:26:09 ERROR    Failure: 172717110701069407241174406021285620737 : http://localhost:3000/pagekit/index.php/admin/dashboard -> Failed to load resource: the server responded with a status of 404 (Not Found)
2022-05-25 14:26:09 ERROR    Failure: 105300557729261157098417819715091919465 : http://localhost:3000/pagekit/index.php/admin/dashboard -> status code(404) -> 
2022-05-25 14:26:09 ERROR    Failure: 105300557729261157098417819715091919465 : http://localhost:3000/pagekit/index.php/admin/dashboard -> status code(404) -> 
2022-05-25 14:26:16 ERROR    Failure: 172717110701069407241174406021285620737 : http://localhost:3000/pagekit/index.php/admin/dashboard -> Failed to load resource: the server responded with a status of 404 (Not Found)
2022-05-25 14:26:16 ERROR    Failure: 172717110701069407241174406021285620737 : http://localhost:3000/pagekit/index.php/admin/dashboard -> Failed to load resource: the server responded with a status of 404 (Not Found)
2022-05-25 14:26:16 ERROR    Failure: 172717110701069407241174406021285620737 : http://localhost:3000/pagekit/index.php/admin/dashboard -> Failed to load resource: the server responded with a status of 404 (Not Found)
2022-05-25 14:26:16 ERROR    Failure: 105300557729261157098417819715091919465 : http://localhost:3000/pagekit/index.php/admin/dashboard -> status code(404) -> 
2022-05-25 14:26:16 ERROR    Failure: 105300557729261157098417819715091919465 : http://localhost:3000/pagekit/index.php/admin/dashboard -> status code(404) -> 
2022-05-25 14:26:16 ERROR    Failure: 105300557729261157098417819715091919465 : http://localhost:3000/pagekit/index.php/admin/dashboard -> status code(404) -> 
2022-05-25 14:26:17 ERROR    Failure: 172717110701069407241174406021285620737 : http://localhost:3000/pagekit/index.php/admin/dashboard -> Failed to load resource: the server responded with a status of 404 (Not Found)
2022-05-25 14:26:17 ERROR    Failure: 105300557729261157098417819715091919465 : http://localhost:3000/pagekit/index.php/admin/dashboard -> status code(404) -> 
2022-05-25 14:26:21 ERROR    Failure: 172717110701069407241174406021285620737 : http://localhost:3000/pagekit/index.php/admin/dashboard -> Failed to load resource: the server responded with a status of 404 (Not Found)
2022-05-25 14:26:21 ERROR    Failure: 105300557729261157098417819715091919465 : http://localhost:3000/pagekit/index.php/admin/dashboard -> status code(404) -> 
2022-05-25 14:26:21 ERROR    Failure: 172717110701069407241174406021285620737 : http://localhost:3000/pagekit/index.php/admin/dashboard -> Failed to load resource: the server responded with a status of 404 (Not Found)
2022-05-25 14:26:21 ERROR    Failure: 105300557729261157098417819715091919465 : http://localhost:3000/pagekit/index.php/admin/dashboard -> status code(404) -> 
2022-05-25 14:26:21 ERROR    Failure: 172717110701069407241174406021285620737 : http://localhost:3000/pagekit/index.php/admin/dashboard -> Failed to load resource: the server responded with a status of 404 (Not Found)
2022-05-25 14:26:21 ERROR    Failure: 105300557729261157098417819715091919465 : http://localhost:3000/pagekit/index.php/admin/dashboard -> status code(404) -> 
2022-05-25 14:26:22 ERROR    Failure: 172717110701069407241174406021285620737 : http://localhost:3000/pagekit/index.php/admin/dashboard -> Failed to load resource: the server responded with a status of 404 (Not Found)
2022-05-25 14:26:22 ERROR    Failure: 105300557729261157098417819715091919465 : http://localhost:3000/pagekit/index.php/admin/dashboard -> status code(404) -> 
2022-05-25 14:26:27 ERROR    Failure: 172717110701069407241174406021285620737 : http://localhost:3000/pagekit/index.php/admin/dashboard -> Failed to load resource: the server responded with a status of 404 (Not Found)
2022-05-25 14:26:27 ERROR    Failure: 172717110701069407241174406021285620737 : http://localhost:3000/pagekit/index.php/admin/dashboard -> Failed to load resource: the server responded with a status of 404 (Not Found)
2022-05-25 14:26:27 ERROR    Failure: 105300557729261157098417819715091919465 : http://localhost:3000/pagekit/index.php/admin/dashboard -> status code(404) -> 
2022-05-25 14:26:27 ERROR    Failure: 105300557729261157098417819715091919465 : http://localhost:3000/pagekit/index.php/admin/dashboard -> status code(404) -> 
2022-05-25 14:26:27 ERROR    Failure: 172717110701069407241174406021285620737 : http://localhost:3000/pagekit/index.php/admin/dashboard -> Failed to load resource: the server responded with a status of 404 (Not Found)
2022-05-25 14:26:27 ERROR    Failure: 105300557729261157098417819715091919465 : http://localhost:3000/pagekit/index.php/admin/dashboard -> status code(404) -> 
2022-05-25 14:26:27 ERROR    Failure: 172717110701069407241174406021285620737 : http://localhost:3000/pagekit/index.php/admin/dashboard -> Failed to load resource: the server responded with a status of 404 (Not Found)
2022-05-25 14:26:27 ERROR    Failure: 105300557729261157098417819715091919465 : http://localhost:3000/pagekit/index.php/admin/dashboard -> status code(404) -> 
2022-05-25 14:26:31 ERROR    Failure: 262513326802567628094931167029883077585 : http://localhost:3000/pagekit/index.php/admin/user/edit?id=1 -> net::ERR_ABORTED
2022-05-25 14:26:37 ERROR    Failure: 172717110701069407241174406021285620737 : http://localhost:3000/pagekit/index.php/admin/dashboard -> Failed to load resource: the server responded with a status of 404 (Not Found)
2022-05-25 14:26:37 ERROR    Failure: 105300557729261157098417819715091919465 : http://localhost:3000/pagekit/index.php/admin/dashboard -> status code(404) -> 
2022-05-25 14:26:37 ERROR    Failure: 172717110701069407241174406021285620737 : http://localhost:3000/pagekit/index.php/admin/dashboard -> Failed to load resource: the server responded with a status of 404 (Not Found)
2022-05-25 14:26:37 ERROR    Failure: 172717110701069407241174406021285620737 : http://localhost:3000/pagekit/index.php/admin/dashboard -> Failed to load resource: the server responded with a status of 404 (Not Found)
2022-05-25 14:26:37 ERROR    Failure: 172717110701069407241174406021285620737 : http://localhost:3000/pagekit/index.php/admin/dashboard -> Failed to load resource: the server responded with a status of 404 (Not Found)
2022-05-25 14:26:37 ERROR    Failure: 105300557729261157098417819715091919465 : http://localhost:3000/pagekit/index.php/admin/dashboard -> status code(404) -> 
2022-05-25 14:26:37 ERROR    Failure: 105300557729261157098417819715091919465 : http://localhost:3000/pagekit/index.php/admin/dashboard -> status code(404) -> 
2022-05-25 14:26:37 ERROR    Failure: 105300557729261157098417819715091919465 : http://localhost:3000/pagekit/index.php/admin/dashboard -> status code(404) -> 
2022-05-25 14:26:45 ERROR    Failure: 172717110701069407241174406021285620737 : http://localhost:3000/pagekit/index.php/admin/dashboard -> Failed to load resource: the server responded with a status of 404 (Not Found)
2022-05-25 14:26:45 ERROR    Failure: 172717110701069407241174406021285620737 : http://localhost:3000/pagekit/index.php/admin/dashboard -> Failed to load resource: the server responded with a status of 404 (Not Found)
2022-05-25 14:26:45 ERROR    Failure: 172717110701069407241174406021285620737 : http://localhost:3000/pagekit/index.php/admin/dashboard -> Failed to load resource: the server responded with a status of 404 (Not Found)
2022-05-25 14:26:45 ERROR    Failure: 172717110701069407241174406021285620737 : http://localhost:3000/pagekit/index.php/admin/dashboard -> Failed to load resource: the server responded with a status of 404 (Not Found)
2022-05-25 14:26:45 ERROR    Failure: 105300557729261157098417819715091919465 : http://localhost:3000/pagekit/index.php/admin/dashboard -> status code(404) -> 
2022-05-25 14:26:45 ERROR    Failure: 105300557729261157098417819715091919465 : http://localhost:3000/pagekit/index.php/admin/dashboard -> status code(404) -> 
2022-05-25 14:26:45 ERROR    Failure: 105300557729261157098417819715091919465 : http://localhost:3000/pagekit/index.php/admin/dashboard -> status code(404) -> 
2022-05-25 14:26:45 ERROR    Failure: 105300557729261157098417819715091919465 : http://localhost:3000/pagekit/index.php/admin/dashboard -> status code(404) -> 
2022-05-25 14:26:48 ERROR    Failure: 262513326802567628094931167029883077585 : http://localhost:3000/pagekit/index.php/admin/user/edit?id=1 -> net::ERR_ABORTED
2022-05-25 14:26:48 ERROR    Failure: 262513326802567628094931167029883077585 : http://localhost:3000/pagekit/index.php/admin/user/edit?id=1 -> net::ERR_ABORTED
2022-05-25 14:26:49 ERROR    Failure: 63661048957111971139043659084403729172 : http://localhost:3000/pagekit/index.php/admin/user# -> Failed to load resource: the server responded with a status of 400 (Bad Request)
2022-05-25 14:26:49 ERROR    Failure: 108454993266047261493729590968796755788 : http://localhost:3000/pagekit/index.php/admin/user# -> status code(400) -> "Unable to block yourself."
2022-05-25 14:26:51 ERROR    Failure: 172717110701069407241174406021285620737 : http://localhost:3000/pagekit/index.php/admin/dashboard -> Failed to load resource: the server responded with a status of 404 (Not Found)
2022-05-25 14:26:51 ERROR    Failure: 172717110701069407241174406021285620737 : http://localhost:3000/pagekit/index.php/admin/dashboard -> Failed to load resource: the server responded with a status of 404 (Not Found)
2022-05-25 14:26:51 ERROR    Failure: 172717110701069407241174406021285620737 : http://localhost:3000/pagekit/index.php/admin/dashboard -> Failed to load resource: the server responded with a status of 404 (Not Found)
2022-05-25 14:26:51 ERROR    Failure: 105300557729261157098417819715091919465 : http://localhost:3000/pagekit/index.php/admin/dashboard -> status code(404) -> 
2022-05-25 14:26:51 ERROR    Failure: 105300557729261157098417819715091919465 : http://localhost:3000/pagekit/index.php/admin/dashboard -> status code(404) -> 
2022-05-25 14:26:51 ERROR    Failure: 172717110701069407241174406021285620737 : http://localhost:3000/pagekit/index.php/admin/dashboard -> Failed to load resource: the server responded with a status of 404 (Not Found)
2022-05-25 14:26:51 ERROR    Failure: 105300557729261157098417819715091919465 : http://localhost:3000/pagekit/index.php/admin/dashboard -> status code(404) -> 
2022-05-25 14:26:51 ERROR    Failure: 105300557729261157098417819715091919465 : http://localhost:3000/pagekit/index.php/admin/dashboard -> status code(404) -> 
2022-05-25 14:26:54 ERROR    Failure: 63661048957111971139043659084403729172 : http://localhost:3000/pagekit/index.php/admin/user# -> Failed to load resource: the server responded with a status of 400 (Bad Request)
2022-05-25 14:26:54 ERROR    Failure: 108454993266047261493729590968796755788 : http://localhost:3000/pagekit/index.php/admin/user# -> status code(400) -> "Unable to block yourself."
2022-05-25 14:26:58 ERROR    Failure: 172717110701069407241174406021285620737 : http://localhost:3000/pagekit/index.php/admin/dashboard -> Failed to load resource: the server responded with a status of 404 (Not Found)
2022-05-25 14:26:58 ERROR    Failure: 172717110701069407241174406021285620737 : http://localhost:3000/pagekit/index.php/admin/dashboard -> Failed to load resource: the server responded with a status of 404 (Not Found)
2022-05-25 14:26:58 ERROR    Failure: 105300557729261157098417819715091919465 : http://localhost:3000/pagekit/index.php/admin/dashboard -> status code(404) -> 
2022-05-25 14:26:58 ERROR    Failure: 172717110701069407241174406021285620737 : http://localhost:3000/pagekit/index.php/admin/dashboard -> Failed to load resource: the server responded with a status of 404 (Not Found)
2022-05-25 14:26:58 ERROR    Failure: 105300557729261157098417819715091919465 : http://localhost:3000/pagekit/index.php/admin/dashboard -> status code(404) -> 
2022-05-25 14:26:58 ERROR    Failure: 172717110701069407241174406021285620737 : http://localhost:3000/pagekit/index.php/admin/dashboard -> Failed to load resource: the server responded with a status of 404 (Not Found)
2022-05-25 14:26:58 ERROR    Failure: 105300557729261157098417819715091919465 : http://localhost:3000/pagekit/index.php/admin/dashboard -> status code(404) -> 
2022-05-25 14:26:58 ERROR    Failure: 105300557729261157098417819715091919465 : http://localhost:3000/pagekit/index.php/admin/dashboard -> status code(404) -> 
2022-05-25 14:27:06 ERROR    Failure: 172717110701069407241174406021285620737 : http://localhost:3000/pagekit/index.php/admin/dashboard -> Failed to load resource: the server responded with a status of 404 (Not Found)
2022-05-25 14:27:06 ERROR    Failure: 172717110701069407241174406021285620737 : http://localhost:3000/pagekit/index.php/admin/dashboard -> Failed to load resource: the server responded with a status of 404 (Not Found)
2022-05-25 14:27:06 ERROR    Failure: 172717110701069407241174406021285620737 : http://localhost:3000/pagekit/index.php/admin/dashboard -> Failed to load resource: the server responded with a status of 404 (Not Found)
2022-05-25 14:27:06 ERROR    Failure: 105300557729261157098417819715091919465 : http://localhost:3000/pagekit/index.php/admin/dashboard -> status code(404) -> 
2022-05-25 14:27:06 ERROR    Failure: 105300557729261157098417819715091919465 : http://localhost:3000/pagekit/index.php/admin/dashboard -> status code(404) -> 
2022-05-25 14:27:06 ERROR    Failure: 105300557729261157098417819715091919465 : http://localhost:3000/pagekit/index.php/admin/dashboard -> status code(404) -> 
2022-05-25 14:27:06 ERROR    Failure: 172717110701069407241174406021285620737 : http://localhost:3000/pagekit/index.php/admin/dashboard -> Failed to load resource: the server responded with a status of 404 (Not Found)
2022-05-25 14:27:06 ERROR    Failure: 105300557729261157098417819715091919465 : http://localhost:3000/pagekit/index.php/admin/dashboard -> status code(404) -> 
2022-05-25 14:27:09 ERROR    Failure: 172717110701069407241174406021285620737 : http://localhost:3000/pagekit/index.php/admin/dashboard -> Failed to load resource: the server responded with a status of 404 (Not Found)
2022-05-25 14:27:09 ERROR    Failure: 80165734902288621318310788211409255354 : http://localhost:3000/pagekit/admin/system/update -> status code(404) -> <!DOCTYPE HTML PUBLIC "-//IETF//DTD HTML 2.0//EN">	<html><head>	<title>404 Not Found</title>	</head><body>	<h1>Not Found</h1>	<p>The requested URL /pagekit/admin/system/update was not found on this server.</p>	<hr>	<address>Apache/2.4.18 (Ubuntu) Server at localhost Port 3000</address>	</body></html>	
2022-05-25 14:27:10 ERROR    Failure: 172717110701069407241174406021285620737 : http://localhost:3000/pagekit/index.php/admin/dashboard -> Failed to load resource: the server responded with a status of 404 (Not Found)
2022-05-25 14:27:10 ERROR    Failure: 172717110701069407241174406021285620737 : http://localhost:3000/pagekit/index.php/admin/dashboard -> Failed to load resource: the server responded with a status of 404 (Not Found)
2022-05-25 14:27:10 ERROR    Failure: 172717110701069407241174406021285620737 : http://localhost:3000/pagekit/index.php/admin/dashboard -> Failed to load resource: the server responded with a status of 404 (Not Found)
2022-05-25 14:27:10 ERROR    Failure: 105300557729261157098417819715091919465 : http://localhost:3000/pagekit/index.php/admin/dashboard -> status code(404) -> 
2022-05-25 14:27:10 ERROR    Failure: 172717110701069407241174406021285620737 : http://localhost:3000/pagekit/index.php/admin/dashboard -> Failed to load resource: the server responded with a status of 404 (Not Found)
2022-05-25 14:27:10 ERROR    Failure: 105300557729261157098417819715091919465 : http://localhost:3000/pagekit/index.php/admin/dashboard -> status code(404) -> 
2022-05-25 14:27:10 ERROR    Failure: 105300557729261157098417819715091919465 : http://localhost:3000/pagekit/index.php/admin/dashboard -> status code(404) -> 
2022-05-25 14:27:10 ERROR    Failure: 105300557729261157098417819715091919465 : http://localhost:3000/pagekit/index.php/admin/dashboard -> status code(404) -> 
2022-05-25 14:27:13 ERROR    Failure: 262513326802567628094931167029883077585 : http://localhost:3000/pagekit/index.php/admin/user/edit?id=1 -> net::ERR_ABORTED
2022-05-25 14:27:17 ERROR    Failure: 172717110701069407241174406021285620737 : http://localhost:3000/pagekit/index.php/admin/dashboard -> Failed to load resource: the server responded with a status of 404 (Not Found)
2022-05-25 14:27:17 ERROR    Failure: 172717110701069407241174406021285620737 : http://localhost:3000/pagekit/index.php/admin/dashboard -> Failed to load resource: the server responded with a status of 404 (Not Found)
2022-05-25 14:27:17 ERROR    Failure: 172717110701069407241174406021285620737 : http://localhost:3000/pagekit/index.php/admin/dashboard -> Failed to load resource: the server responded with a status of 404 (Not Found)
2022-05-25 14:27:17 ERROR    Failure: 105300557729261157098417819715091919465 : http://localhost:3000/pagekit/index.php/admin/dashboard -> status code(404) -> 
2022-05-25 14:27:17 ERROR    Failure: 172717110701069407241174406021285620737 : http://localhost:3000/pagekit/index.php/admin/dashboard -> Failed to load resource: the server responded with a status of 404 (Not Found)
2022-05-25 14:27:17 ERROR    Failure: 105300557729261157098417819715091919465 : http://localhost:3000/pagekit/index.php/admin/dashboard -> status code(404) -> 
2022-05-25 14:27:17 ERROR    Failure: 105300557729261157098417819715091919465 : http://localhost:3000/pagekit/index.php/admin/dashboard -> status code(404) -> 
2022-05-25 14:27:17 ERROR    Failure: 105300557729261157098417819715091919465 : http://localhost:3000/pagekit/index.php/admin/dashboard -> status code(404) -> 
2022-05-25 14:27:27 ERROR    Failure: 172717110701069407241174406021285620737 : http://localhost:3000/pagekit/index.php/admin/dashboard -> Failed to load resource: the server responded with a status of 404 (Not Found)
2022-05-25 14:27:27 ERROR    Failure: 172717110701069407241174406021285620737 : http://localhost:3000/pagekit/index.php/admin/dashboard -> Failed to load resource: the server responded with a status of 404 (Not Found)
2022-05-25 14:27:27 ERROR    Failure: 172717110701069407241174406021285620737 : http://localhost:3000/pagekit/index.php/admin/dashboard -> Failed to load resource: the server responded with a status of 404 (Not Found)
2022-05-25 14:27:27 ERROR    Failure: 105300557729261157098417819715091919465 : http://localhost:3000/pagekit/index.php/admin/dashboard -> status code(404) -> 
2022-05-25 14:27:27 ERROR    Failure: 172717110701069407241174406021285620737 : http://localhost:3000/pagekit/index.php/admin/dashboard -> Failed to load resource: the server responded with a status of 404 (Not Found)
2022-05-25 14:27:27 ERROR    Failure: 105300557729261157098417819715091919465 : http://localhost:3000/pagekit/index.php/admin/dashboard -> status code(404) -> 
2022-05-25 14:27:27 ERROR    Failure: 105300557729261157098417819715091919465 : http://localhost:3000/pagekit/index.php/admin/dashboard -> status code(404) -> 
2022-05-25 14:27:27 ERROR    Failure: 105300557729261157098417819715091919465 : http://localhost:3000/pagekit/index.php/admin/dashboard -> status code(404) -> 
2022-05-25 14:27:31 ERROR    Failure: 262513326802567628094931167029883077585 : http://localhost:3000/pagekit/index.php/admin/user -> net::ERR_ABORTED
2022-05-25 14:27:33 ERROR    Failure: 172717110701069407241174406021285620737 : http://localhost:3000/pagekit/index.php/admin/dashboard -> Failed to load resource: the server responded with a status of 404 (Not Found)
2022-05-25 14:27:33 ERROR    Failure: 172717110701069407241174406021285620737 : http://localhost:3000/pagekit/index.php/admin/dashboard -> Failed to load resource: the server responded with a status of 404 (Not Found)
2022-05-25 14:27:33 ERROR    Failure: 105300557729261157098417819715091919465 : http://localhost:3000/pagekit/index.php/admin/dashboard -> status code(404) -> 
2022-05-25 14:27:33 ERROR    Failure: 172717110701069407241174406021285620737 : http://localhost:3000/pagekit/index.php/admin/dashboard -> Failed to load resource: the server responded with a status of 404 (Not Found)
2022-05-25 14:27:34 ERROR    Failure: 105300557729261157098417819715091919465 : http://localhost:3000/pagekit/index.php/admin/dashboard -> status code(404) -> 
2022-05-25 14:27:34 ERROR    Failure: 105300557729261157098417819715091919465 : http://localhost:3000/pagekit/index.php/admin/dashboard -> status code(404) -> 
2022-05-25 14:27:34 ERROR    Failure: 172717110701069407241174406021285620737 : http://localhost:3000/pagekit/index.php/admin/dashboard -> Failed to load resource: the server responded with a status of 404 (Not Found)
2022-05-25 14:27:34 ERROR    Failure: 105300557729261157098417819715091919465 : http://localhost:3000/pagekit/index.php/admin/dashboard -> status code(404) -> 
2022-05-25 14:27:40 ERROR    Failure: 172717110701069407241174406021285620737 : http://localhost:3000/pagekit/index.php/admin/dashboard -> Failed to load resource: the server responded with a status of 404 (Not Found)
2022-05-25 14:27:40 ERROR    Failure: 105300557729261157098417819715091919465 : http://localhost:3000/pagekit/index.php/admin/dashboard -> status code(404) -> 
2022-05-25 14:27:40 ERROR    Failure: 172717110701069407241174406021285620737 : http://localhost:3000/pagekit/index.php/admin/dashboard -> Failed to load resource: the server responded with a status of 404 (Not Found)
2022-05-25 14:27:40 ERROR    Failure: 105300557729261157098417819715091919465 : http://localhost:3000/pagekit/index.php/admin/dashboard -> status code(404) -> 
2022-05-25 14:27:40 ERROR    Failure: 172717110701069407241174406021285620737 : http://localhost:3000/pagekit/index.php/admin/dashboard -> Failed to load resource: the server responded with a status of 404 (Not Found)
2022-05-25 14:27:40 ERROR    Failure: 105300557729261157098417819715091919465 : http://localhost:3000/pagekit/index.php/admin/dashboard -> status code(404) -> 
2022-05-25 14:27:40 ERROR    Failure: 172717110701069407241174406021285620737 : http://localhost:3000/pagekit/index.php/admin/dashboard -> Failed to load resource: the server responded with a status of 404 (Not Found)
2022-05-25 14:27:40 ERROR    Failure: 105300557729261157098417819715091919465 : http://localhost:3000/pagekit/index.php/admin/dashboard -> status code(404) -> 
2022-05-25 14:27:48 ERROR    Failure: 262513326802567628094931167029883077585 : http://localhost:3000/pagekit/index.php/admin/user/edit?id=1 -> net::ERR_ABORTED
2022-05-25 14:27:50 ERROR    Failure: 172717110701069407241174406021285620737 : http://localhost:3000/pagekit/index.php/admin/dashboard -> Failed to load resource: the server responded with a status of 404 (Not Found)
2022-05-25 14:27:50 ERROR    Failure: 172717110701069407241174406021285620737 : http://localhost:3000/pagekit/index.php/admin/dashboard -> Failed to load resource: the server responded with a status of 404 (Not Found)
2022-05-25 14:27:50 ERROR    Failure: 105300557729261157098417819715091919465 : http://localhost:3000/pagekit/index.php/admin/dashboard -> status code(404) -> 
2022-05-25 14:27:50 ERROR    Failure: 105300557729261157098417819715091919465 : http://localhost:3000/pagekit/index.php/admin/dashboard -> status code(404) -> 
2022-05-25 14:27:50 ERROR    Failure: 172717110701069407241174406021285620737 : http://localhost:3000/pagekit/index.php/admin/dashboard -> Failed to load resource: the server responded with a status of 404 (Not Found)
2022-05-25 14:27:50 ERROR    Failure: 105300557729261157098417819715091919465 : http://localhost:3000/pagekit/index.php/admin/dashboard -> status code(404) -> 
2022-05-25 14:27:50 ERROR    Failure: 172717110701069407241174406021285620737 : http://localhost:3000/pagekit/index.php/admin/dashboard -> Failed to load resource: the server responded with a status of 404 (Not Found)
2022-05-25 14:27:50 ERROR    Failure: 105300557729261157098417819715091919465 : http://localhost:3000/pagekit/index.php/admin/dashboard -> status code(404) -> 
2022-05-25 14:27:57 ERROR    Failure: 172717110701069407241174406021285620737 : http://localhost:3000/pagekit/index.php/admin/dashboard -> Failed to load resource: the server responded with a status of 404 (Not Found)
2022-05-25 14:27:57 ERROR    Failure: 172717110701069407241174406021285620737 : http://localhost:3000/pagekit/index.php/admin/dashboard -> Failed to load resource: the server responded with a status of 404 (Not Found)
2022-05-25 14:27:57 ERROR    Failure: 105300557729261157098417819715091919465 : http://localhost:3000/pagekit/index.php/admin/dashboard -> status code(404) -> 
2022-05-25 14:27:57 ERROR    Failure: 172717110701069407241174406021285620737 : http://localhost:3000/pagekit/index.php/admin/dashboard -> Failed to load resource: the server responded with a status of 404 (Not Found)
2022-05-25 14:27:57 ERROR    Failure: 105300557729261157098417819715091919465 : http://localhost:3000/pagekit/index.php/admin/dashboard -> status code(404) -> 
2022-05-25 14:27:57 ERROR    Failure: 105300557729261157098417819715091919465 : http://localhost:3000/pagekit/index.php/admin/dashboard -> status code(404) -> 
2022-05-25 14:27:57 ERROR    Failure: 172717110701069407241174406021285620737 : http://localhost:3000/pagekit/index.php/admin/dashboard -> Failed to load resource: the server responded with a status of 404 (Not Found)
2022-05-25 14:27:57 ERROR    Failure: 105300557729261157098417819715091919465 : http://localhost:3000/pagekit/index.php/admin/dashboard -> status code(404) -> 
2022-05-25 14:28:02 ERROR    Failure: 172717110701069407241174406021285620737 : http://localhost:3000/pagekit/index.php/admin/dashboard -> Failed to load resource: the server responded with a status of 404 (Not Found)
2022-05-25 14:28:02 ERROR    Failure: 172717110701069407241174406021285620737 : http://localhost:3000/pagekit/index.php/admin/dashboard -> Failed to load resource: the server responded with a status of 404 (Not Found)
2022-05-25 14:28:02 ERROR    Failure: 172717110701069407241174406021285620737 : http://localhost:3000/pagekit/index.php/admin/dashboard -> Failed to load resource: the server responded with a status of 404 (Not Found)
2022-05-25 14:28:02 ERROR    Failure: 172717110701069407241174406021285620737 : http://localhost:3000/pagekit/index.php/admin/dashboard -> Failed to load resource: the server responded with a status of 404 (Not Found)
2022-05-25 14:28:02 ERROR    Failure: 105300557729261157098417819715091919465 : http://localhost:3000/pagekit/index.php/admin/dashboard -> status code(404) -> 
2022-05-25 14:28:02 ERROR    Failure: 105300557729261157098417819715091919465 : http://localhost:3000/pagekit/index.php/admin/dashboard -> status code(404) -> 
2022-05-25 14:28:02 ERROR    Failure: 105300557729261157098417819715091919465 : http://localhost:3000/pagekit/index.php/admin/dashboard -> status code(404) -> 
2022-05-25 14:28:02 ERROR    Failure: 105300557729261157098417819715091919465 : http://localhost:3000/pagekit/index.php/admin/dashboard -> status code(404) -> 
2022-05-25 14:28:09 ERROR    Failure: 172717110701069407241174406021285620737 : http://localhost:3000/pagekit/index.php/admin/dashboard -> Failed to load resource: the server responded with a status of 404 (Not Found)
2022-05-25 14:28:09 ERROR    Failure: 105300557729261157098417819715091919465 : http://localhost:3000/pagekit/index.php/admin/dashboard -> status code(404) -> 
2022-05-25 14:28:09 ERROR    Failure: 172717110701069407241174406021285620737 : http://localhost:3000/pagekit/index.php/admin/dashboard -> Failed to load resource: the server responded with a status of 404 (Not Found)
2022-05-25 14:28:09 ERROR    Failure: 105300557729261157098417819715091919465 : http://localhost:3000/pagekit/index.php/admin/dashboard -> status code(404) -> 
2022-05-25 14:28:09 ERROR    Failure: 172717110701069407241174406021285620737 : http://localhost:3000/pagekit/index.php/admin/dashboard -> Failed to load resource: the server responded with a status of 404 (Not Found)
2022-05-25 14:28:09 ERROR    Failure: 105300557729261157098417819715091919465 : http://localhost:3000/pagekit/index.php/admin/dashboard -> status code(404) -> 
2022-05-25 14:28:09 ERROR    Failure: 172717110701069407241174406021285620737 : http://localhost:3000/pagekit/index.php/admin/dashboard -> Failed to load resource: the server responded with a status of 404 (Not Found)
2022-05-25 14:28:09 ERROR    Failure: 105300557729261157098417819715091919465 : http://localhost:3000/pagekit/index.php/admin/dashboard -> status code(404) -> 
2022-05-25 14:28:15 ERROR    Failure: 172717110701069407241174406021285620737 : http://localhost:3000/pagekit/index.php/admin/dashboard -> Failed to load resource: the server responded with a status of 404 (Not Found)
2022-05-25 14:28:15 ERROR    Failure: 172717110701069407241174406021285620737 : http://localhost:3000/pagekit/index.php/admin/dashboard -> Failed to load resource: the server responded with a status of 404 (Not Found)
2022-05-25 14:28:15 ERROR    Failure: 105300557729261157098417819715091919465 : http://localhost:3000/pagekit/index.php/admin/dashboard -> status code(404) -> 
2022-05-25 14:28:15 ERROR    Failure: 172717110701069407241174406021285620737 : http://localhost:3000/pagekit/index.php/admin/dashboard -> Failed to load resource: the server responded with a status of 404 (Not Found)
2022-05-25 14:28:15 ERROR    Failure: 105300557729261157098417819715091919465 : http://localhost:3000/pagekit/index.php/admin/dashboard -> status code(404) -> 
2022-05-25 14:28:15 ERROR    Failure: 172717110701069407241174406021285620737 : http://localhost:3000/pagekit/index.php/admin/dashboard -> Failed to load resource: the server responded with a status of 404 (Not Found)
2022-05-25 14:28:15 ERROR    Failure: 105300557729261157098417819715091919465 : http://localhost:3000/pagekit/index.php/admin/dashboard -> status code(404) -> 
2022-05-25 14:28:15 ERROR    Failure: 105300557729261157098417819715091919465 : http://localhost:3000/pagekit/index.php/admin/dashboard -> status code(404) -> 
2022-05-25 14:28:22 ERROR    Failure: 172717110701069407241174406021285620737 : http://localhost:3000/pagekit/index.php/admin/dashboard -> Failed to load resource: the server responded with a status of 404 (Not Found)
2022-05-25 14:28:22 ERROR    Failure: 172717110701069407241174406021285620737 : http://localhost:3000/pagekit/index.php/admin/dashboard -> Failed to load resource: the server responded with a status of 404 (Not Found)
2022-05-25 14:28:22 ERROR    Failure: 172717110701069407241174406021285620737 : http://localhost:3000/pagekit/index.php/admin/dashboard -> Failed to load resource: the server responded with a status of 404 (Not Found)
2022-05-25 14:28:22 ERROR    Failure: 172717110701069407241174406021285620737 : http://localhost:3000/pagekit/index.php/admin/dashboard -> Failed to load resource: the server responded with a status of 404 (Not Found)
2022-05-25 14:28:22 ERROR    Failure: 105300557729261157098417819715091919465 : http://localhost:3000/pagekit/index.php/admin/dashboard -> status code(404) -> 
2022-05-25 14:28:22 ERROR    Failure: 105300557729261157098417819715091919465 : http://localhost:3000/pagekit/index.php/admin/dashboard -> status code(404) -> 
2022-05-25 14:28:22 ERROR    Failure: 105300557729261157098417819715091919465 : http://localhost:3000/pagekit/index.php/admin/dashboard -> status code(404) -> 
2022-05-25 14:28:22 ERROR    Failure: 105300557729261157098417819715091919465 : http://localhost:3000/pagekit/index.php/admin/dashboard -> status code(404) -> 
2022-05-25 14:28:25 ERROR    Failure: 222203509631151183416754876323321821974 : http://localhost:3000/pagekit/index.php/admin/user/edit?id=1 -> Failed to load resource: the server responded with a status of 500 (Internal Server Error)
2022-05-25 14:28:25 ERROR    Failure: 140648655923019538876825560048743368617 : http://localhost:3000/pagekit/index.php/admin/user/edit?id=1 -> status code(500) -> <!DOCTYPE html>	<html>	    <head>	        <meta charset="UTF-8" />	        <meta name="robots" content="noindex,nofollow" />	        <style>	            /* Copyright (c) 2010, Yahoo! Inc. All rights reserved. Code licensed under the BSD License: http://developer.yahoo.com/yui/license.html */	            html{color:#000;background:#FFF;}body,div,dl,dt,dd,ul,ol,li,h1,h2,h3,h4,h5,h6,pre,code,form,fieldset,legend,input,textarea,p,blockquote,th,td{margin:0;padding:0;}table{border-collapse:collapse;border-spacing:0;}fieldset,img{border:0;}address,caption,cite,code,dfn,em,strong,th,var{font-style:normal;font-weight:normal;}li{list-style:none;}caption,th{text-align:left;}h1,h2,h3,h4,h5,h6{font-size:100%;font-weight:normal;}q:before,q:after{content:'';}abbr,acronym{border:0;font-variant:normal;}sup{vertical-align:text-top;}sub{vertical-align:text-bottom;}input,textarea,select{font-family:inherit;font-size:inherit;font-weight:inherit;}input,textarea,select{*font-size:100%;}legend{color:#000;}		            html { background: #eee; padding: 10px }	            img { border: 0; }	            #sf-resetcontent { width:970px; margin:0 auto; }	                        .sf-reset { font: 11px Verdana, Arial, sans-serif; color: #333 }	            .sf-reset .clear { clear:both; height:0; font-size:0; line-height:0; }	            .sf-reset .clear_fix:after { display:block; height:0; clear:both; visibility:hidden; }	            .sf-reset .clear_fix { display:inline-block; }	            .sf-reset * html .clear_fix { height:1%; }	            .sf-reset .clear_fix { display:block; }	            .sf-reset, .sf-reset .block { margin: auto }	            .sf-reset abbr { border-bottom: 1px dotted #000; cursor: help; }	            .sf-reset p { font-size:14px; line-height:20px; color:#868686; padding-bottom:20px }	            .sf-reset strong { font-weight:bold; }	            .sf-reset a { color:#6c6159; cursor: default; }	            .sf-reset a img { border:none; }	            .sf-reset a:hover { text-decoration:underline; }	            .sf-reset em { font-style:italic; }	            .sf-reset h1, .sf-reset h2 { font: 20px Georgia, "Times New Roman", Times, serif }	            .sf-reset .exception_counter { background-color: #fff; color: #333; padding: 6px; float: left; margin-right: 10px; float: left; display: block; }	            .sf-reset .exception_title { margin-left: 3em; margin-bottom: 0.7em; display: block; }	            .sf-reset .exception_message { margin-left: 3em; display: block; }	            .sf-reset .traces li { font-size:12px; padding: 2px 4px; list-style-type:decimal; margin-left:20px; }	            .sf-reset .block { background-color:#FFFFFF; padding:10px 28px; margin-bottom:20px;	                -webkit-border-bottom-right-radius: 16px;	                -webkit-border-bottom-left-radius: 16px;	                -moz-border-radius-bottomright: 16px;	                -moz-border-radius-bottomleft: 16px;	                border-bottom-right-radius: 16px;	                border-bottom-left-radius: 16px;	                border-bottom:1px solid #ccc;	                border-right:1px solid #ccc;	                border-left:1px solid #ccc;	            }	            .sf-reset .block_exception { background-color:#ddd; color: #333; padding:20px;	                -webkit-border-top-left-radius: 16px;	                -webkit-border-top-right-radius: 16px;	                -moz-border-radius-topleft: 16px;	                -moz-border-radius-topright: 16px;	                border-top-left-radius: 16px;	                border-top-right-radius: 16px;	                border-top:1px solid #ccc;	                border-right:1px solid #ccc;	                border-left:1px solid #ccc;	                overflow: hidden;	                word-wrap: break-word;	            }	            .sf-reset a { background:none; color:#868686; text-decoration:none; }	            .sf-reset a:hover { background:none; color:#313131; text-decoration:underline; }	            .sf-reset ol { padding: 10px 0; }	            .sf-reset h1 { background-color:#FFFFFF; padding: 15px 28px; margin-bottom: 20px;	                -webkit-border-radius: 10px;	                -moz-border-radius: 10px;	                border-radius: 10px;	                border: 1px solid #ccc;	            }	        </style>	    </head>	    <body>	                    <div id="sf-resetcontent" class="sf-reset">	                <h1>Whoops, looks like something went wrong.</h1>	                	            </div>	    </body>	</html>
2022-05-25 14:28:26 ERROR    Failure: 262513326802567628094931167029883077585 : http://localhost:3000/pagekit/index.php/admin/user/edit?id=1 -> net::ERR_ABORTED
2022-05-25 14:28:30 ERROR    Failure: 172717110701069407241174406021285620737 : http://localhost:3000/pagekit/index.php/admin/dashboard -> Failed to load resource: the server responded with a status of 404 (Not Found)
2022-05-25 14:28:30 ERROR    Failure: 172717110701069407241174406021285620737 : http://localhost:3000/pagekit/index.php/admin/dashboard -> Failed to load resource: the server responded with a status of 404 (Not Found)
2022-05-25 14:28:30 ERROR    Failure: 172717110701069407241174406021285620737 : http://localhost:3000/pagekit/index.php/admin/dashboard -> Failed to load resource: the server responded with a status of 404 (Not Found)
2022-05-25 14:28:30 ERROR    Failure: 172717110701069407241174406021285620737 : http://localhost:3000/pagekit/index.php/admin/dashboard -> Failed to load resource: the server responded with a status of 404 (Not Found)
2022-05-25 14:28:30 ERROR    Failure: 105300557729261157098417819715091919465 : http://localhost:3000/pagekit/index.php/admin/dashboard -> status code(404) -> 
2022-05-25 14:28:30 ERROR    Failure: 105300557729261157098417819715091919465 : http://localhost:3000/pagekit/index.php/admin/dashboard -> status code(404) -> 
2022-05-25 14:28:30 ERROR    Failure: 105300557729261157098417819715091919465 : http://localhost:3000/pagekit/index.php/admin/dashboard -> status code(404) -> 
2022-05-25 14:28:30 ERROR    Failure: 105300557729261157098417819715091919465 : http://localhost:3000/pagekit/index.php/admin/dashboard -> status code(404) -> 
2022-05-25 14:28:40 ERROR    Failure: 172717110701069407241174406021285620737 : http://localhost:3000/pagekit/index.php/admin/dashboard -> Failed to load resource: the server responded with a status of 404 (Not Found)
2022-05-25 14:28:40 ERROR    Failure: 172717110701069407241174406021285620737 : http://localhost:3000/pagekit/index.php/admin/dashboard -> Failed to load resource: the server responded with a status of 404 (Not Found)
2022-05-25 14:28:40 ERROR    Failure: 172717110701069407241174406021285620737 : http://localhost:3000/pagekit/index.php/admin/dashboard -> Failed to load resource: the server responded with a status of 404 (Not Found)
2022-05-25 14:28:40 ERROR    Failure: 172717110701069407241174406021285620737 : http://localhost:3000/pagekit/index.php/admin/dashboard -> Failed to load resource: the server responded with a status of 404 (Not Found)
2022-05-25 14:28:40 ERROR    Failure: 105300557729261157098417819715091919465 : http://localhost:3000/pagekit/index.php/admin/dashboard -> status code(404) -> 
2022-05-25 14:28:40 ERROR    Failure: 105300557729261157098417819715091919465 : http://localhost:3000/pagekit/index.php/admin/dashboard -> status code(404) -> 
2022-05-25 14:28:40 ERROR    Failure: 105300557729261157098417819715091919465 : http://localhost:3000/pagekit/index.php/admin/dashboard -> status code(404) -> 
2022-05-25 14:28:40 ERROR    Failure: 105300557729261157098417819715091919465 : http://localhost:3000/pagekit/index.php/admin/dashboard -> status code(404) -> 
2022-05-25 14:28:46 ERROR    Failure: 172717110701069407241174406021285620737 : http://localhost:3000/pagekit/index.php/admin/dashboard -> Failed to load resource: the server responded with a status of 404 (Not Found)
2022-05-25 14:28:46 ERROR    Failure: 172717110701069407241174406021285620737 : http://localhost:3000/pagekit/index.php/admin/dashboard -> Failed to load resource: the server responded with a status of 404 (Not Found)
2022-05-25 14:28:46 ERROR    Failure: 105300557729261157098417819715091919465 : http://localhost:3000/pagekit/index.php/admin/dashboard -> status code(404) -> 
2022-05-25 14:28:46 ERROR    Failure: 172717110701069407241174406021285620737 : http://localhost:3000/pagekit/index.php/admin/dashboard -> Failed to load resource: the server responded with a status of 404 (Not Found)
2022-05-25 14:28:46 ERROR    Failure: 105300557729261157098417819715091919465 : http://localhost:3000/pagekit/index.php/admin/dashboard -> status code(404) -> 
2022-05-25 14:28:46 ERROR    Failure: 105300557729261157098417819715091919465 : http://localhost:3000/pagekit/index.php/admin/dashboard -> status code(404) -> 
2022-05-25 14:28:46 ERROR    Failure: 172717110701069407241174406021285620737 : http://localhost:3000/pagekit/index.php/admin/dashboard -> Failed to load resource: the server responded with a status of 404 (Not Found)
2022-05-25 14:28:46 ERROR    Failure: 105300557729261157098417819715091919465 : http://localhost:3000/pagekit/index.php/admin/dashboard -> status code(404) -> 
2022-05-25 14:28:53 ERROR    Failure: 172717110701069407241174406021285620737 : http://localhost:3000/pagekit/index.php/admin/dashboard -> Failed to load resource: the server responded with a status of 404 (Not Found)
2022-05-25 14:28:53 ERROR    Failure: 172717110701069407241174406021285620737 : http://localhost:3000/pagekit/index.php/admin/dashboard -> Failed to load resource: the server responded with a status of 404 (Not Found)
2022-05-25 14:28:53 ERROR    Failure: 105300557729261157098417819715091919465 : http://localhost:3000/pagekit/index.php/admin/dashboard -> status code(404) -> 
2022-05-25 14:28:53 ERROR    Failure: 172717110701069407241174406021285620737 : http://localhost:3000/pagekit/index.php/admin/dashboard -> Failed to load resource: the server responded with a status of 404 (Not Found)
2022-05-25 14:28:53 ERROR    Failure: 105300557729261157098417819715091919465 : http://localhost:3000/pagekit/index.php/admin/dashboard -> status code(404) -> 
2022-05-25 14:28:53 ERROR    Failure: 172717110701069407241174406021285620737 : http://localhost:3000/pagekit/index.php/admin/dashboard -> Failed to load resource: the server responded with a status of 404 (Not Found)
2022-05-25 14:28:53 ERROR    Failure: 105300557729261157098417819715091919465 : http://localhost:3000/pagekit/index.php/admin/dashboard -> status code(404) -> 
2022-05-25 14:28:53 ERROR    Failure: 105300557729261157098417819715091919465 : http://localhost:3000/pagekit/index.php/admin/dashboard -> status code(404) -> 
2022-05-25 14:29:01 ERROR    Failure: 172717110701069407241174406021285620737 : http://localhost:3000/pagekit/index.php/admin/dashboard -> Failed to load resource: the server responded with a status of 404 (Not Found)
2022-05-25 14:29:01 ERROR    Failure: 172717110701069407241174406021285620737 : http://localhost:3000/pagekit/index.php/admin/dashboard -> Failed to load resource: the server responded with a status of 404 (Not Found)
2022-05-25 14:29:01 ERROR    Failure: 105300557729261157098417819715091919465 : http://localhost:3000/pagekit/index.php/admin/dashboard -> status code(404) -> 
2022-05-25 14:29:01 ERROR    Failure: 172717110701069407241174406021285620737 : http://localhost:3000/pagekit/index.php/admin/dashboard -> Failed to load resource: the server responded with a status of 404 (Not Found)
2022-05-25 14:29:01 ERROR    Failure: 105300557729261157098417819715091919465 : http://localhost:3000/pagekit/index.php/admin/dashboard -> status code(404) -> 
2022-05-25 14:29:01 ERROR    Failure: 172717110701069407241174406021285620737 : http://localhost:3000/pagekit/index.php/admin/dashboard -> Failed to load resource: the server responded with a status of 404 (Not Found)
2022-05-25 14:29:01 ERROR    Failure: 105300557729261157098417819715091919465 : http://localhost:3000/pagekit/index.php/admin/dashboard -> status code(404) -> 
2022-05-25 14:29:01 ERROR    Failure: 105300557729261157098417819715091919465 : http://localhost:3000/pagekit/index.php/admin/dashboard -> status code(404) -> 
2022-05-25 14:29:09 ERROR    Failure: 172717110701069407241174406021285620737 : http://localhost:3000/pagekit/index.php/admin/dashboard -> Failed to load resource: the server responded with a status of 404 (Not Found)
2022-05-25 14:29:09 ERROR    Failure: 172717110701069407241174406021285620737 : http://localhost:3000/pagekit/index.php/admin/dashboard -> Failed to load resource: the server responded with a status of 404 (Not Found)
2022-05-25 14:29:09 ERROR    Failure: 172717110701069407241174406021285620737 : http://localhost:3000/pagekit/index.php/admin/dashboard -> Failed to load resource: the server responded with a status of 404 (Not Found)
2022-05-25 14:29:09 ERROR    Failure: 172717110701069407241174406021285620737 : http://localhost:3000/pagekit/index.php/admin/dashboard -> Failed to load resource: the server responded with a status of 404 (Not Found)
2022-05-25 14:29:09 ERROR    Failure: 105300557729261157098417819715091919465 : http://localhost:3000/pagekit/index.php/admin/dashboard -> status code(404) -> 
2022-05-25 14:29:09 ERROR    Failure: 105300557729261157098417819715091919465 : http://localhost:3000/pagekit/index.php/admin/dashboard -> status code(404) -> 
2022-05-25 14:29:09 ERROR    Failure: 105300557729261157098417819715091919465 : http://localhost:3000/pagekit/index.php/admin/dashboard -> status code(404) -> 
2022-05-25 14:29:09 ERROR    Failure: 105300557729261157098417819715091919465 : http://localhost:3000/pagekit/index.php/admin/dashboard -> status code(404) -> 
2022-05-25 14:29:17 ERROR    Failure: 172717110701069407241174406021285620737 : http://localhost:3000/pagekit/index.php/admin/dashboard -> Failed to load resource: the server responded with a status of 404 (Not Found)
2022-05-25 14:29:17 ERROR    Failure: 172717110701069407241174406021285620737 : http://localhost:3000/pagekit/index.php/admin/dashboard -> Failed to load resource: the server responded with a status of 404 (Not Found)
2022-05-25 14:29:17 ERROR    Failure: 172717110701069407241174406021285620737 : http://localhost:3000/pagekit/index.php/admin/dashboard -> Failed to load resource: the server responded with a status of 404 (Not Found)
2022-05-25 14:29:17 ERROR    Failure: 172717110701069407241174406021285620737 : http://localhost:3000/pagekit/index.php/admin/dashboard -> Failed to load resource: the server responded with a status of 404 (Not Found)
2022-05-25 14:29:17 ERROR    Failure: 105300557729261157098417819715091919465 : http://localhost:3000/pagekit/index.php/admin/dashboard -> status code(404) -> 
2022-05-25 14:29:17 ERROR    Failure: 105300557729261157098417819715091919465 : http://localhost:3000/pagekit/index.php/admin/dashboard -> status code(404) -> 
2022-05-25 14:29:17 ERROR    Failure: 105300557729261157098417819715091919465 : http://localhost:3000/pagekit/index.php/admin/dashboard -> status code(404) -> 
2022-05-25 14:29:17 ERROR    Failure: 105300557729261157098417819715091919465 : http://localhost:3000/pagekit/index.php/admin/dashboard -> status code(404) -> 
2022-05-25 14:29:24 ERROR    Failure: 172717110701069407241174406021285620737 : http://localhost:3000/pagekit/index.php/admin/dashboard -> Failed to load resource: the server responded with a status of 404 (Not Found)
2022-05-25 14:29:24 ERROR    Failure: 172717110701069407241174406021285620737 : http://localhost:3000/pagekit/index.php/admin/dashboard -> Failed to load resource: the server responded with a status of 404 (Not Found)
2022-05-25 14:29:24 ERROR    Failure: 172717110701069407241174406021285620737 : http://localhost:3000/pagekit/index.php/admin/dashboard -> Failed to load resource: the server responded with a status of 404 (Not Found)
2022-05-25 14:29:24 ERROR    Failure: 172717110701069407241174406021285620737 : http://localhost:3000/pagekit/index.php/admin/dashboard -> Failed to load resource: the server responded with a status of 404 (Not Found)
2022-05-25 14:29:24 ERROR    Failure: 105300557729261157098417819715091919465 : http://localhost:3000/pagekit/index.php/admin/dashboard -> status code(404) -> 
2022-05-25 14:29:24 ERROR    Failure: 105300557729261157098417819715091919465 : http://localhost:3000/pagekit/index.php/admin/dashboard -> status code(404) -> 
2022-05-25 14:29:24 ERROR    Failure: 105300557729261157098417819715091919465 : http://localhost:3000/pagekit/index.php/admin/dashboard -> status code(404) -> 
2022-05-25 14:29:24 ERROR    Failure: 105300557729261157098417819715091919465 : http://localhost:3000/pagekit/index.php/admin/dashboard -> status code(404) -> 
2022-05-25 14:29:31 ERROR    Failure: 172717110701069407241174406021285620737 : http://localhost:3000/pagekit/index.php/admin/dashboard -> Failed to load resource: the server responded with a status of 404 (Not Found)
2022-05-25 14:29:31 ERROR    Failure: 172717110701069407241174406021285620737 : http://localhost:3000/pagekit/index.php/admin/dashboard -> Failed to load resource: the server responded with a status of 404 (Not Found)
2022-05-25 14:29:31 ERROR    Failure: 172717110701069407241174406021285620737 : http://localhost:3000/pagekit/index.php/admin/dashboard -> Failed to load resource: the server responded with a status of 404 (Not Found)
2022-05-25 14:29:31 ERROR    Failure: 172717110701069407241174406021285620737 : http://localhost:3000/pagekit/index.php/admin/dashboard -> Failed to load resource: the server responded with a status of 404 (Not Found)
2022-05-25 14:29:31 ERROR    Failure: 105300557729261157098417819715091919465 : http://localhost:3000/pagekit/index.php/admin/dashboard -> status code(404) -> 
2022-05-25 14:29:31 ERROR    Failure: 105300557729261157098417819715091919465 : http://localhost:3000/pagekit/index.php/admin/dashboard -> status code(404) -> 
2022-05-25 14:29:31 ERROR    Failure: 105300557729261157098417819715091919465 : http://localhost:3000/pagekit/index.php/admin/dashboard -> status code(404) -> 
2022-05-25 14:29:31 ERROR    Failure: 105300557729261157098417819715091919465 : http://localhost:3000/pagekit/index.php/admin/dashboard -> status code(404) -> 
2022-05-25 14:29:34 ERROR    Failure: 262513326802567628094931167029883077585 : http://localhost:3000/pagekit/index.php/admin/user/edit?id=1 -> net::ERR_ABORTED
2022-05-25 14:29:34 ERROR    Failure: 262513326802567628094931167029883077585 : http://localhost:3000/pagekit/index.php/admin/user/edit?id=1 -> net::ERR_ABORTED
2022-05-25 14:29:38 ERROR    Failure: 172717110701069407241174406021285620737 : http://localhost:3000/pagekit/index.php/admin/dashboard -> Failed to load resource: the server responded with a status of 404 (Not Found)
2022-05-25 14:29:38 ERROR    Failure: 172717110701069407241174406021285620737 : http://localhost:3000/pagekit/index.php/admin/dashboard -> Failed to load resource: the server responded with a status of 404 (Not Found)
2022-05-25 14:29:38 ERROR    Failure: 172717110701069407241174406021285620737 : http://localhost:3000/pagekit/index.php/admin/dashboard -> Failed to load resource: the server responded with a status of 404 (Not Found)
2022-05-25 14:29:38 ERROR    Failure: 105300557729261157098417819715091919465 : http://localhost:3000/pagekit/index.php/admin/dashboard -> status code(404) -> 
2022-05-25 14:29:38 ERROR    Failure: 105300557729261157098417819715091919465 : http://localhost:3000/pagekit/index.php/admin/dashboard -> status code(404) -> 
2022-05-25 14:29:38 ERROR    Failure: 105300557729261157098417819715091919465 : http://localhost:3000/pagekit/index.php/admin/dashboard -> status code(404) -> 
2022-05-25 14:29:38 ERROR    Failure: 172717110701069407241174406021285620737 : http://localhost:3000/pagekit/index.php/admin/dashboard -> Failed to load resource: the server responded with a status of 404 (Not Found)
2022-05-25 14:29:38 ERROR    Failure: 105300557729261157098417819715091919465 : http://localhost:3000/pagekit/index.php/admin/dashboard -> status code(404) -> 
2022-05-25 14:29:43 ERROR    Failure: 172717110701069407241174406021285620737 : http://localhost:3000/pagekit/index.php/admin/dashboard -> Failed to load resource: the server responded with a status of 404 (Not Found)
2022-05-25 14:29:43 ERROR    Failure: 172717110701069407241174406021285620737 : http://localhost:3000/pagekit/index.php/admin/dashboard -> Failed to load resource: the server responded with a status of 404 (Not Found)
2022-05-25 14:29:43 ERROR    Failure: 172717110701069407241174406021285620737 : http://localhost:3000/pagekit/index.php/admin/dashboard -> Failed to load resource: the server responded with a status of 404 (Not Found)
2022-05-25 14:29:43 ERROR    Failure: 105300557729261157098417819715091919465 : http://localhost:3000/pagekit/index.php/admin/dashboard -> status code(404) -> 
2022-05-25 14:29:43 ERROR    Failure: 105300557729261157098417819715091919465 : http://localhost:3000/pagekit/index.php/admin/dashboard -> status code(404) -> 
2022-05-25 14:29:43 ERROR    Failure: 172717110701069407241174406021285620737 : http://localhost:3000/pagekit/index.php/admin/dashboard -> Failed to load resource: the server responded with a status of 404 (Not Found)
2022-05-25 14:29:43 ERROR    Failure: 105300557729261157098417819715091919465 : http://localhost:3000/pagekit/index.php/admin/dashboard -> status code(404) -> 
2022-05-25 14:29:43 ERROR    Failure: 105300557729261157098417819715091919465 : http://localhost:3000/pagekit/index.php/admin/dashboard -> status code(404) -> 
2022-05-25 14:29:46 ERROR    Failure: 262513326802567628094931167029883077585 : http://localhost:3000/pagekit/index.php/admin/user/edit?id=1 -> net::ERR_ABORTED
2022-05-25 14:29:50 ERROR    Failure: 172717110701069407241174406021285620737 : http://localhost:3000/pagekit/index.php/admin/dashboard -> Failed to load resource: the server responded with a status of 404 (Not Found)
2022-05-25 14:29:50 ERROR    Failure: 172717110701069407241174406021285620737 : http://localhost:3000/pagekit/index.php/admin/dashboard -> Failed to load resource: the server responded with a status of 404 (Not Found)
2022-05-25 14:29:50 ERROR    Failure: 172717110701069407241174406021285620737 : http://localhost:3000/pagekit/index.php/admin/dashboard -> Failed to load resource: the server responded with a status of 404 (Not Found)
2022-05-25 14:29:50 ERROR    Failure: 172717110701069407241174406021285620737 : http://localhost:3000/pagekit/index.php/admin/dashboard -> Failed to load resource: the server responded with a status of 404 (Not Found)
2022-05-25 14:29:50 ERROR    Failure: 105300557729261157098417819715091919465 : http://localhost:3000/pagekit/index.php/admin/dashboard -> status code(404) -> 
2022-05-25 14:29:50 ERROR    Failure: 105300557729261157098417819715091919465 : http://localhost:3000/pagekit/index.php/admin/dashboard -> status code(404) -> 
2022-05-25 14:29:50 ERROR    Failure: 105300557729261157098417819715091919465 : http://localhost:3000/pagekit/index.php/admin/dashboard -> status code(404) -> 
2022-05-25 14:29:50 ERROR    Failure: 105300557729261157098417819715091919465 : http://localhost:3000/pagekit/index.php/admin/dashboard -> status code(404) -> 
2022-05-25 14:29:55 ERROR    Failure: 63661048957111971139043659084403729172 : http://localhost:3000/pagekit/index.php/admin/user# -> Failed to load resource: the server responded with a status of 400 (Bad Request)
2022-05-25 14:29:55 ERROR    Failure: 108454993266047261493729590968796755788 : http://localhost:3000/pagekit/index.php/admin/user# -> status code(400) -> "Unable to block yourself."
2022-05-25 14:29:56 ERROR    Failure: 172717110701069407241174406021285620737 : http://localhost:3000/pagekit/index.php/admin/dashboard -> Failed to load resource: the server responded with a status of 404 (Not Found)
2022-05-25 14:29:56 ERROR    Failure: 172717110701069407241174406021285620737 : http://localhost:3000/pagekit/index.php/admin/dashboard -> Failed to load resource: the server responded with a status of 404 (Not Found)
2022-05-25 14:29:56 ERROR    Failure: 105300557729261157098417819715091919465 : http://localhost:3000/pagekit/index.php/admin/dashboard -> status code(404) -> 
2022-05-25 14:29:56 ERROR    Failure: 172717110701069407241174406021285620737 : http://localhost:3000/pagekit/index.php/admin/dashboard -> Failed to load resource: the server responded with a status of 404 (Not Found)
2022-05-25 14:29:56 ERROR    Failure: 105300557729261157098417819715091919465 : http://localhost:3000/pagekit/index.php/admin/dashboard -> status code(404) -> 
2022-05-25 14:29:56 ERROR    Failure: 172717110701069407241174406021285620737 : http://localhost:3000/pagekit/index.php/admin/dashboard -> Failed to load resource: the server responded with a status of 404 (Not Found)
2022-05-25 14:29:56 ERROR    Failure: 105300557729261157098417819715091919465 : http://localhost:3000/pagekit/index.php/admin/dashboard -> status code(404) -> 
2022-05-25 14:29:56 ERROR    Failure: 105300557729261157098417819715091919465 : http://localhost:3000/pagekit/index.php/admin/dashboard -> status code(404) -> 
2022-05-25 14:30:00 ERROR    Failure: 63661048957111971139043659084403729172 : http://localhost:3000/pagekit/index.php/admin/user# -> Failed to load resource: the server responded with a status of 400 (Bad Request)
2022-05-25 14:30:00 ERROR    Failure: 108454993266047261493729590968796755788 : http://localhost:3000/pagekit/index.php/admin/user# -> status code(400) -> "Unable to block yourself."
2022-05-25 14:30:02 ERROR    Failure: 172717110701069407241174406021285620737 : http://localhost:3000/pagekit/index.php/admin/dashboard -> Failed to load resource: the server responded with a status of 404 (Not Found)
2022-05-25 14:30:02 ERROR    Failure: 172717110701069407241174406021285620737 : http://localhost:3000/pagekit/index.php/admin/dashboard -> Failed to load resource: the server responded with a status of 404 (Not Found)
2022-05-25 14:30:02 ERROR    Failure: 172717110701069407241174406021285620737 : http://localhost:3000/pagekit/index.php/admin/dashboard -> Failed to load resource: the server responded with a status of 404 (Not Found)
2022-05-25 14:30:02 ERROR    Failure: 105300557729261157098417819715091919465 : http://localhost:3000/pagekit/index.php/admin/dashboard -> status code(404) -> 
2022-05-25 14:30:02 ERROR    Failure: 172717110701069407241174406021285620737 : http://localhost:3000/pagekit/index.php/admin/dashboard -> Failed to load resource: the server responded with a status of 404 (Not Found)
2022-05-25 14:30:02 ERROR    Failure: 105300557729261157098417819715091919465 : http://localhost:3000/pagekit/index.php/admin/dashboard -> status code(404) -> 
2022-05-25 14:30:02 ERROR    Failure: 105300557729261157098417819715091919465 : http://localhost:3000/pagekit/index.php/admin/dashboard -> status code(404) -> 
2022-05-25 14:30:02 ERROR    Failure: 105300557729261157098417819715091919465 : http://localhost:3000/pagekit/index.php/admin/dashboard -> status code(404) -> 
2022-05-25 14:30:09 ERROR    Failure: 172717110701069407241174406021285620737 : http://localhost:3000/pagekit/index.php/admin/dashboard -> Failed to load resource: the server responded with a status of 404 (Not Found)
2022-05-25 14:30:09 ERROR    Failure: 172717110701069407241174406021285620737 : http://localhost:3000/pagekit/index.php/admin/dashboard -> Failed to load resource: the server responded with a status of 404 (Not Found)
2022-05-25 14:30:09 ERROR    Failure: 172717110701069407241174406021285620737 : http://localhost:3000/pagekit/index.php/admin/dashboard -> Failed to load resource: the server responded with a status of 404 (Not Found)
2022-05-25 14:30:09 ERROR    Failure: 105300557729261157098417819715091919465 : http://localhost:3000/pagekit/index.php/admin/dashboard -> status code(404) -> 
2022-05-25 14:30:09 ERROR    Failure: 105300557729261157098417819715091919465 : http://localhost:3000/pagekit/index.php/admin/dashboard -> status code(404) -> 
2022-05-25 14:30:09 ERROR    Failure: 172717110701069407241174406021285620737 : http://localhost:3000/pagekit/index.php/admin/dashboard -> Failed to load resource: the server responded with a status of 404 (Not Found)
2022-05-25 14:30:09 ERROR    Failure: 105300557729261157098417819715091919465 : http://localhost:3000/pagekit/index.php/admin/dashboard -> status code(404) -> 
2022-05-25 14:30:09 ERROR    Failure: 105300557729261157098417819715091919465 : http://localhost:3000/pagekit/index.php/admin/dashboard -> status code(404) -> 
2022-05-25 14:30:16 ERROR    Failure: 172717110701069407241174406021285620737 : http://localhost:3000/pagekit/index.php/admin/dashboard -> Failed to load resource: the server responded with a status of 404 (Not Found)
2022-05-25 14:30:16 ERROR    Failure: 172717110701069407241174406021285620737 : http://localhost:3000/pagekit/index.php/admin/dashboard -> Failed to load resource: the server responded with a status of 404 (Not Found)
2022-05-25 14:30:16 ERROR    Failure: 172717110701069407241174406021285620737 : http://localhost:3000/pagekit/index.php/admin/dashboard -> Failed to load resource: the server responded with a status of 404 (Not Found)
2022-05-25 14:30:16 ERROR    Failure: 172717110701069407241174406021285620737 : http://localhost:3000/pagekit/index.php/admin/dashboard -> Failed to load resource: the server responded with a status of 404 (Not Found)
2022-05-25 14:30:16 ERROR    Failure: 105300557729261157098417819715091919465 : http://localhost:3000/pagekit/index.php/admin/dashboard -> status code(404) -> 
2022-05-25 14:30:16 ERROR    Failure: 105300557729261157098417819715091919465 : http://localhost:3000/pagekit/index.php/admin/dashboard -> status code(404) -> 
2022-05-25 14:30:16 ERROR    Failure: 105300557729261157098417819715091919465 : http://localhost:3000/pagekit/index.php/admin/dashboard -> status code(404) -> 
2022-05-25 14:30:16 ERROR    Failure: 105300557729261157098417819715091919465 : http://localhost:3000/pagekit/index.php/admin/dashboard -> status code(404) -> 
2022-05-25 14:30:22 ERROR    Failure: 172717110701069407241174406021285620737 : http://localhost:3000/pagekit/index.php/admin/dashboard -> Failed to load resource: the server responded with a status of 404 (Not Found)
2022-05-25 14:30:22 ERROR    Failure: 172717110701069407241174406021285620737 : http://localhost:3000/pagekit/index.php/admin/dashboard -> Failed to load resource: the server responded with a status of 404 (Not Found)
2022-05-25 14:30:22 ERROR    Failure: 172717110701069407241174406021285620737 : http://localhost:3000/pagekit/index.php/admin/dashboard -> Failed to load resource: the server responded with a status of 404 (Not Found)
2022-05-25 14:30:22 ERROR    Failure: 172717110701069407241174406021285620737 : http://localhost:3000/pagekit/index.php/admin/dashboard -> Failed to load resource: the server responded with a status of 404 (Not Found)
2022-05-25 14:30:22 ERROR    Failure: 105300557729261157098417819715091919465 : http://localhost:3000/pagekit/index.php/admin/dashboard -> status code(404) -> 
2022-05-25 14:30:22 ERROR    Failure: 105300557729261157098417819715091919465 : http://localhost:3000/pagekit/index.php/admin/dashboard -> status code(404) -> 
2022-05-25 14:30:22 ERROR    Failure: 105300557729261157098417819715091919465 : http://localhost:3000/pagekit/index.php/admin/dashboard -> status code(404) -> 
2022-05-25 14:30:22 ERROR    Failure: 105300557729261157098417819715091919465 : http://localhost:3000/pagekit/index.php/admin/dashboard -> status code(404) -> 
2022-05-25 14:30:29 ERROR    Failure: 172717110701069407241174406021285620737 : http://localhost:3000/pagekit/index.php/admin/dashboard -> Failed to load resource: the server responded with a status of 404 (Not Found)
2022-05-25 14:30:29 ERROR    Failure: 172717110701069407241174406021285620737 : http://localhost:3000/pagekit/index.php/admin/dashboard -> Failed to load resource: the server responded with a status of 404 (Not Found)
2022-05-25 14:30:29 ERROR    Failure: 172717110701069407241174406021285620737 : http://localhost:3000/pagekit/index.php/admin/dashboard -> Failed to load resource: the server responded with a status of 404 (Not Found)
2022-05-25 14:30:29 ERROR    Failure: 105300557729261157098417819715091919465 : http://localhost:3000/pagekit/index.php/admin/dashboard -> status code(404) -> 
2022-05-25 14:30:29 ERROR    Failure: 172717110701069407241174406021285620737 : http://localhost:3000/pagekit/index.php/admin/dashboard -> Failed to load resource: the server responded with a status of 404 (Not Found)
2022-05-25 14:30:29 ERROR    Failure: 105300557729261157098417819715091919465 : http://localhost:3000/pagekit/index.php/admin/dashboard -> status code(404) -> 
2022-05-25 14:30:29 ERROR    Failure: 105300557729261157098417819715091919465 : http://localhost:3000/pagekit/index.php/admin/dashboard -> status code(404) -> 
2022-05-25 14:30:29 ERROR    Failure: 105300557729261157098417819715091919465 : http://localhost:3000/pagekit/index.php/admin/dashboard -> status code(404) -> 
2022-05-25 14:30:39 ERROR    Failure: 172717110701069407241174406021285620737 : http://localhost:3000/pagekit/index.php/admin/dashboard -> Failed to load resource: the server responded with a status of 404 (Not Found)
2022-05-25 14:30:39 ERROR    Failure: 172717110701069407241174406021285620737 : http://localhost:3000/pagekit/index.php/admin/dashboard -> Failed to load resource: the server responded with a status of 404 (Not Found)
2022-05-25 14:30:39 ERROR    Failure: 172717110701069407241174406021285620737 : http://localhost:3000/pagekit/index.php/admin/dashboard -> Failed to load resource: the server responded with a status of 404 (Not Found)
2022-05-25 14:30:39 ERROR    Failure: 172717110701069407241174406021285620737 : http://localhost:3000/pagekit/index.php/admin/dashboard -> Failed to load resource: the server responded with a status of 404 (Not Found)
2022-05-25 14:30:39 ERROR    Failure: 105300557729261157098417819715091919465 : http://localhost:3000/pagekit/index.php/admin/dashboard -> status code(404) -> 
2022-05-25 14:30:39 ERROR    Failure: 105300557729261157098417819715091919465 : http://localhost:3000/pagekit/index.php/admin/dashboard -> status code(404) -> 
2022-05-25 14:30:39 ERROR    Failure: 105300557729261157098417819715091919465 : http://localhost:3000/pagekit/index.php/admin/dashboard -> status code(404) -> 
2022-05-25 14:30:39 ERROR    Failure: 105300557729261157098417819715091919465 : http://localhost:3000/pagekit/index.php/admin/dashboard -> status code(404) -> 
2022-05-25 14:30:47 ERROR    Failure: 172717110701069407241174406021285620737 : http://localhost:3000/pagekit/index.php/admin/dashboard -> Failed to load resource: the server responded with a status of 404 (Not Found)
2022-05-25 14:30:47 ERROR    Failure: 172717110701069407241174406021285620737 : http://localhost:3000/pagekit/index.php/admin/dashboard -> Failed to load resource: the server responded with a status of 404 (Not Found)
2022-05-25 14:30:47 ERROR    Failure: 172717110701069407241174406021285620737 : http://localhost:3000/pagekit/index.php/admin/dashboard -> Failed to load resource: the server responded with a status of 404 (Not Found)
2022-05-25 14:30:47 ERROR    Failure: 105300557729261157098417819715091919465 : http://localhost:3000/pagekit/index.php/admin/dashboard -> status code(404) -> 
2022-05-25 14:30:47 ERROR    Failure: 105300557729261157098417819715091919465 : http://localhost:3000/pagekit/index.php/admin/dashboard -> status code(404) -> 
2022-05-25 14:30:47 ERROR    Failure: 172717110701069407241174406021285620737 : http://localhost:3000/pagekit/index.php/admin/dashboard -> Failed to load resource: the server responded with a status of 404 (Not Found)
2022-05-25 14:30:47 ERROR    Failure: 105300557729261157098417819715091919465 : http://localhost:3000/pagekit/index.php/admin/dashboard -> status code(404) -> 
2022-05-25 14:30:47 ERROR    Failure: 105300557729261157098417819715091919465 : http://localhost:3000/pagekit/index.php/admin/dashboard -> status code(404) -> 
2022-05-25 14:30:54 ERROR    Failure: 172717110701069407241174406021285620737 : http://localhost:3000/pagekit/index.php/admin/dashboard -> Failed to load resource: the server responded with a status of 404 (Not Found)
2022-05-25 14:30:54 ERROR    Failure: 172717110701069407241174406021285620737 : http://localhost:3000/pagekit/index.php/admin/dashboard -> Failed to load resource: the server responded with a status of 404 (Not Found)
2022-05-25 14:30:54 ERROR    Failure: 172717110701069407241174406021285620737 : http://localhost:3000/pagekit/index.php/admin/dashboard -> Failed to load resource: the server responded with a status of 404 (Not Found)
2022-05-25 14:30:54 ERROR    Failure: 105300557729261157098417819715091919465 : http://localhost:3000/pagekit/index.php/admin/dashboard -> status code(404) -> 
2022-05-25 14:30:54 ERROR    Failure: 172717110701069407241174406021285620737 : http://localhost:3000/pagekit/index.php/admin/dashboard -> Failed to load resource: the server responded with a status of 404 (Not Found)
2022-05-25 14:30:54 ERROR    Failure: 105300557729261157098417819715091919465 : http://localhost:3000/pagekit/index.php/admin/dashboard -> status code(404) -> 
2022-05-25 14:30:54 ERROR    Failure: 105300557729261157098417819715091919465 : http://localhost:3000/pagekit/index.php/admin/dashboard -> status code(404) -> 
2022-05-25 14:30:54 ERROR    Failure: 105300557729261157098417819715091919465 : http://localhost:3000/pagekit/index.php/admin/dashboard -> status code(404) -> 
2022-05-25 14:31:06 ERROR    Failure: 172717110701069407241174406021285620737 : http://localhost:3000/pagekit/index.php/admin/dashboard -> Failed to load resource: the server responded with a status of 404 (Not Found)
2022-05-25 14:31:06 ERROR    Failure: 172717110701069407241174406021285620737 : http://localhost:3000/pagekit/index.php/admin/dashboard -> Failed to load resource: the server responded with a status of 404 (Not Found)
2022-05-25 14:31:06 ERROR    Failure: 105300557729261157098417819715091919465 : http://localhost:3000/pagekit/index.php/admin/dashboard -> status code(404) -> 
2022-05-25 14:31:06 ERROR    Failure: 105300557729261157098417819715091919465 : http://localhost:3000/pagekit/index.php/admin/dashboard -> status code(404) -> 
2022-05-25 14:31:06 ERROR    Failure: 172717110701069407241174406021285620737 : http://localhost:3000/pagekit/index.php/admin/dashboard -> Failed to load resource: the server responded with a status of 404 (Not Found)
2022-05-25 14:31:06 ERROR    Failure: 105300557729261157098417819715091919465 : http://localhost:3000/pagekit/index.php/admin/dashboard -> status code(404) -> 
2022-05-25 14:31:06 ERROR    Failure: 172717110701069407241174406021285620737 : http://localhost:3000/pagekit/index.php/admin/dashboard -> Failed to load resource: the server responded with a status of 404 (Not Found)
2022-05-25 14:31:06 ERROR    Failure: 105300557729261157098417819715091919465 : http://localhost:3000/pagekit/index.php/admin/dashboard -> status code(404) -> 
2022-05-25 14:31:10 ERROR    Failure: 172717110701069407241174406021285620737 : http://localhost:3000/pagekit/index.php/admin/dashboard -> Failed to load resource: the server responded with a status of 404 (Not Found)
2022-05-25 14:31:10 ERROR    Failure: 80165734902288621318310788211409255354 : http://localhost:3000/pagekit/admin/system/update -> status code(404) -> <!DOCTYPE HTML PUBLIC "-//IETF//DTD HTML 2.0//EN">	<html><head>	<title>404 Not Found</title>	</head><body>	<h1>Not Found</h1>	<p>The requested URL /pagekit/admin/system/update was not found on this server.</p>	<hr>	<address>Apache/2.4.18 (Ubuntu) Server at localhost Port 3000</address>	</body></html>	
2022-05-25 14:31:11 ERROR    Failure: 172717110701069407241174406021285620737 : http://localhost:3000/pagekit/index.php/admin/dashboard -> Failed to load resource: the server responded with a status of 404 (Not Found)
2022-05-25 14:31:11 ERROR    Failure: 172717110701069407241174406021285620737 : http://localhost:3000/pagekit/index.php/admin/dashboard -> Failed to load resource: the server responded with a status of 404 (Not Found)
2022-05-25 14:31:11 ERROR    Failure: 105300557729261157098417819715091919465 : http://localhost:3000/pagekit/index.php/admin/dashboard -> status code(404) -> 
2022-05-25 14:31:11 ERROR    Failure: 105300557729261157098417819715091919465 : http://localhost:3000/pagekit/index.php/admin/dashboard -> status code(404) -> 
2022-05-25 14:31:11 ERROR    Failure: 172717110701069407241174406021285620737 : http://localhost:3000/pagekit/index.php/admin/dashboard -> Failed to load resource: the server responded with a status of 404 (Not Found)
2022-05-25 14:31:11 ERROR    Failure: 105300557729261157098417819715091919465 : http://localhost:3000/pagekit/index.php/admin/dashboard -> status code(404) -> 
2022-05-25 14:31:11 ERROR    Failure: 172717110701069407241174406021285620737 : http://localhost:3000/pagekit/index.php/admin/dashboard -> Failed to load resource: the server responded with a status of 404 (Not Found)
2022-05-25 14:31:11 ERROR    Failure: 105300557729261157098417819715091919465 : http://localhost:3000/pagekit/index.php/admin/dashboard -> status code(404) -> 
2022-05-25 14:31:20 ERROR    Failure: 172717110701069407241174406021285620737 : http://localhost:3000/pagekit/index.php/admin/dashboard -> Failed to load resource: the server responded with a status of 404 (Not Found)
2022-05-25 14:31:20 ERROR    Failure: 172717110701069407241174406021285620737 : http://localhost:3000/pagekit/index.php/admin/dashboard -> Failed to load resource: the server responded with a status of 404 (Not Found)
2022-05-25 14:31:20 ERROR    Failure: 105300557729261157098417819715091919465 : http://localhost:3000/pagekit/index.php/admin/dashboard -> status code(404) -> 
2022-05-25 14:31:20 ERROR    Failure: 105300557729261157098417819715091919465 : http://localhost:3000/pagekit/index.php/admin/dashboard -> status code(404) -> 
2022-05-25 14:31:20 ERROR    Failure: 172717110701069407241174406021285620737 : http://localhost:3000/pagekit/index.php/admin/dashboard -> Failed to load resource: the server responded with a status of 404 (Not Found)
2022-05-25 14:31:20 ERROR    Failure: 105300557729261157098417819715091919465 : http://localhost:3000/pagekit/index.php/admin/dashboard -> status code(404) -> 
2022-05-25 14:31:20 ERROR    Failure: 172717110701069407241174406021285620737 : http://localhost:3000/pagekit/index.php/admin/dashboard -> Failed to load resource: the server responded with a status of 404 (Not Found)
2022-05-25 14:31:20 ERROR    Failure: 105300557729261157098417819715091919465 : http://localhost:3000/pagekit/index.php/admin/dashboard -> status code(404) -> 
2022-05-25 14:31:24 ERROR    Failure: 262513326802567628094931167029883077585 : http://localhost:3000/pagekit/index.php/admin/user/edit?id=1 -> net::ERR_ABORTED
2022-05-25 14:31:25 ERROR    Failure: 262513326802567628094931167029883077585 : http://localhost:3000/pagekit/index.php/admin/user/edit?id=1 -> net::ERR_ABORTED
2022-05-25 14:31:28 ERROR    Failure: 172717110701069407241174406021285620737 : http://localhost:3000/pagekit/index.php/admin/dashboard -> Failed to load resource: the server responded with a status of 404 (Not Found)
2022-05-25 14:31:28 ERROR    Failure: 172717110701069407241174406021285620737 : http://localhost:3000/pagekit/index.php/admin/dashboard -> Failed to load resource: the server responded with a status of 404 (Not Found)
2022-05-25 14:31:28 ERROR    Failure: 105300557729261157098417819715091919465 : http://localhost:3000/pagekit/index.php/admin/dashboard -> status code(404) -> 
2022-05-25 14:31:28 ERROR    Failure: 172717110701069407241174406021285620737 : http://localhost:3000/pagekit/index.php/admin/dashboard -> Failed to load resource: the server responded with a status of 404 (Not Found)
2022-05-25 14:31:28 ERROR    Failure: 172717110701069407241174406021285620737 : http://localhost:3000/pagekit/index.php/admin/dashboard -> Failed to load resource: the server responded with a status of 404 (Not Found)
2022-05-25 14:31:28 ERROR    Failure: 105300557729261157098417819715091919465 : http://localhost:3000/pagekit/index.php/admin/dashboard -> status code(404) -> 
2022-05-25 14:31:28 ERROR    Failure: 105300557729261157098417819715091919465 : http://localhost:3000/pagekit/index.php/admin/dashboard -> status code(404) -> 
2022-05-25 14:31:28 ERROR    Failure: 105300557729261157098417819715091919465 : http://localhost:3000/pagekit/index.php/admin/dashboard -> status code(404) -> 
2022-05-25 14:31:35 ERROR    Failure: 262513326802567628094931167029883077585 : http://localhost:3000/pagekit/index.php/admin/user/edit?id=1 -> net::ERR_ABORTED
2022-05-25 14:31:36 ERROR    Failure: 63661048957111971139043659084403729172 : http://localhost:3000/pagekit/index.php/admin/user# -> Failed to load resource: the server responded with a status of 400 (Bad Request)
2022-05-25 14:31:36 ERROR    Failure: 108454993266047261493729590968796755788 : http://localhost:3000/pagekit/index.php/admin/user# -> status code(400) -> "Unable to block yourself."
2022-05-25 14:31:39 ERROR    Failure: 172717110701069407241174406021285620737 : http://localhost:3000/pagekit/index.php/admin/dashboard -> Failed to load resource: the server responded with a status of 404 (Not Found)
2022-05-25 14:31:39 ERROR    Failure: 172717110701069407241174406021285620737 : http://localhost:3000/pagekit/index.php/admin/dashboard -> Failed to load resource: the server responded with a status of 404 (Not Found)
2022-05-25 14:31:39 ERROR    Failure: 172717110701069407241174406021285620737 : http://localhost:3000/pagekit/index.php/admin/dashboard -> Failed to load resource: the server responded with a status of 404 (Not Found)
2022-05-25 14:31:39 ERROR    Failure: 172717110701069407241174406021285620737 : http://localhost:3000/pagekit/index.php/admin/dashboard -> Failed to load resource: the server responded with a status of 404 (Not Found)
2022-05-25 14:31:39 ERROR    Failure: 105300557729261157098417819715091919465 : http://localhost:3000/pagekit/index.php/admin/dashboard -> status code(404) -> 
2022-05-25 14:31:39 ERROR    Failure: 105300557729261157098417819715091919465 : http://localhost:3000/pagekit/index.php/admin/dashboard -> status code(404) -> 
2022-05-25 14:31:39 ERROR    Failure: 105300557729261157098417819715091919465 : http://localhost:3000/pagekit/index.php/admin/dashboard -> status code(404) -> 
2022-05-25 14:31:39 ERROR    Failure: 105300557729261157098417819715091919465 : http://localhost:3000/pagekit/index.php/admin/dashboard -> status code(404) -> 
2022-05-25 14:31:48 ERROR    Failure: 172717110701069407241174406021285620737 : http://localhost:3000/pagekit/index.php/admin/dashboard -> Failed to load resource: the server responded with a status of 404 (Not Found)
2022-05-25 14:31:48 ERROR    Failure: 172717110701069407241174406021285620737 : http://localhost:3000/pagekit/index.php/admin/dashboard -> Failed to load resource: the server responded with a status of 404 (Not Found)
2022-05-25 14:31:48 ERROR    Failure: 172717110701069407241174406021285620737 : http://localhost:3000/pagekit/index.php/admin/dashboard -> Failed to load resource: the server responded with a status of 404 (Not Found)
2022-05-25 14:31:48 ERROR    Failure: 172717110701069407241174406021285620737 : http://localhost:3000/pagekit/index.php/admin/dashboard -> Failed to load resource: the server responded with a status of 404 (Not Found)
2022-05-25 14:31:48 ERROR    Failure: 105300557729261157098417819715091919465 : http://localhost:3000/pagekit/index.php/admin/dashboard -> status code(404) -> 
2022-05-25 14:31:48 ERROR    Failure: 105300557729261157098417819715091919465 : http://localhost:3000/pagekit/index.php/admin/dashboard -> status code(404) -> 
2022-05-25 14:31:48 ERROR    Failure: 105300557729261157098417819715091919465 : http://localhost:3000/pagekit/index.php/admin/dashboard -> status code(404) -> 
2022-05-25 14:31:48 ERROR    Failure: 105300557729261157098417819715091919465 : http://localhost:3000/pagekit/index.php/admin/dashboard -> status code(404) -> 
2022-05-25 14:31:57 ERROR    Failure: 262513326802567628094931167029883077585 : http://localhost:3000/pagekit/index.php/admin/user/edit?id=1 -> net::ERR_ABORTED
2022-05-25 14:31:58 ERROR    Failure: 172717110701069407241174406021285620737 : http://localhost:3000/pagekit/index.php/admin/dashboard -> Failed to load resource: the server responded with a status of 404 (Not Found)
2022-05-25 14:31:58 ERROR    Failure: 172717110701069407241174406021285620737 : http://localhost:3000/pagekit/index.php/admin/dashboard -> Failed to load resource: the server responded with a status of 404 (Not Found)
2022-05-25 14:31:58 ERROR    Failure: 172717110701069407241174406021285620737 : http://localhost:3000/pagekit/index.php/admin/dashboard -> Failed to load resource: the server responded with a status of 404 (Not Found)
2022-05-25 14:31:58 ERROR    Failure: 105300557729261157098417819715091919465 : http://localhost:3000/pagekit/index.php/admin/dashboard -> status code(404) -> 
2022-05-25 14:31:58 ERROR    Failure: 172717110701069407241174406021285620737 : http://localhost:3000/pagekit/index.php/admin/dashboard -> Failed to load resource: the server responded with a status of 404 (Not Found)
2022-05-25 14:31:58 ERROR    Failure: 105300557729261157098417819715091919465 : http://localhost:3000/pagekit/index.php/admin/dashboard -> status code(404) -> 
2022-05-25 14:31:58 ERROR    Failure: 105300557729261157098417819715091919465 : http://localhost:3000/pagekit/index.php/admin/dashboard -> status code(404) -> 
2022-05-25 14:31:58 ERROR    Failure: 105300557729261157098417819715091919465 : http://localhost:3000/pagekit/index.php/admin/dashboard -> status code(404) -> 
2022-05-25 14:32:07 ERROR    Failure: 172717110701069407241174406021285620737 : http://localhost:3000/pagekit/index.php/admin/dashboard -> Failed to load resource: the server responded with a status of 404 (Not Found)
2022-05-25 14:32:07 ERROR    Failure: 172717110701069407241174406021285620737 : http://localhost:3000/pagekit/index.php/admin/dashboard -> Failed to load resource: the server responded with a status of 404 (Not Found)
2022-05-25 14:32:07 ERROR    Failure: 172717110701069407241174406021285620737 : http://localhost:3000/pagekit/index.php/admin/dashboard -> Failed to load resource: the server responded with a status of 404 (Not Found)
2022-05-25 14:32:07 ERROR    Failure: 172717110701069407241174406021285620737 : http://localhost:3000/pagekit/index.php/admin/dashboard -> Failed to load resource: the server responded with a status of 404 (Not Found)
2022-05-25 14:32:07 ERROR    Failure: 105300557729261157098417819715091919465 : http://localhost:3000/pagekit/index.php/admin/dashboard -> status code(404) -> 
2022-05-25 14:32:07 ERROR    Failure: 105300557729261157098417819715091919465 : http://localhost:3000/pagekit/index.php/admin/dashboard -> status code(404) -> 
2022-05-25 14:32:07 ERROR    Failure: 105300557729261157098417819715091919465 : http://localhost:3000/pagekit/index.php/admin/dashboard -> status code(404) -> 
2022-05-25 14:32:07 ERROR    Failure: 105300557729261157098417819715091919465 : http://localhost:3000/pagekit/index.php/admin/dashboard -> status code(404) -> 
2022-05-25 14:32:17 ERROR    Failure: 172717110701069407241174406021285620737 : http://localhost:3000/pagekit/index.php/admin/dashboard -> Failed to load resource: the server responded with a status of 404 (Not Found)
2022-05-25 14:32:17 ERROR    Failure: 172717110701069407241174406021285620737 : http://localhost:3000/pagekit/index.php/admin/dashboard -> Failed to load resource: the server responded with a status of 404 (Not Found)
2022-05-25 14:32:17 ERROR    Failure: 172717110701069407241174406021285620737 : http://localhost:3000/pagekit/index.php/admin/dashboard -> Failed to load resource: the server responded with a status of 404 (Not Found)
2022-05-25 14:32:17 ERROR    Failure: 105300557729261157098417819715091919465 : http://localhost:3000/pagekit/index.php/admin/dashboard -> status code(404) -> 
2022-05-25 14:32:17 ERROR    Failure: 172717110701069407241174406021285620737 : http://localhost:3000/pagekit/index.php/admin/dashboard -> Failed to load resource: the server responded with a status of 404 (Not Found)
2022-05-25 14:32:17 ERROR    Failure: 105300557729261157098417819715091919465 : http://localhost:3000/pagekit/index.php/admin/dashboard -> status code(404) -> 
2022-05-25 14:32:17 ERROR    Failure: 105300557729261157098417819715091919465 : http://localhost:3000/pagekit/index.php/admin/dashboard -> status code(404) -> 
2022-05-25 14:32:17 ERROR    Failure: 105300557729261157098417819715091919465 : http://localhost:3000/pagekit/index.php/admin/dashboard -> status code(404) -> 
2022-05-25 14:32:24 ERROR    Failure: 172717110701069407241174406021285620737 : http://localhost:3000/pagekit/index.php/admin/dashboard -> Failed to load resource: the server responded with a status of 404 (Not Found)
2022-05-25 14:32:24 ERROR    Failure: 172717110701069407241174406021285620737 : http://localhost:3000/pagekit/index.php/admin/dashboard -> Failed to load resource: the server responded with a status of 404 (Not Found)
2022-05-25 14:32:24 ERROR    Failure: 172717110701069407241174406021285620737 : http://localhost:3000/pagekit/index.php/admin/dashboard -> Failed to load resource: the server responded with a status of 404 (Not Found)
2022-05-25 14:32:24 ERROR    Failure: 105300557729261157098417819715091919465 : http://localhost:3000/pagekit/index.php/admin/dashboard -> status code(404) -> 
2022-05-25 14:32:24 ERROR    Failure: 172717110701069407241174406021285620737 : http://localhost:3000/pagekit/index.php/admin/dashboard -> Failed to load resource: the server responded with a status of 404 (Not Found)
2022-05-25 14:32:24 ERROR    Failure: 105300557729261157098417819715091919465 : http://localhost:3000/pagekit/index.php/admin/dashboard -> status code(404) -> 
2022-05-25 14:32:24 ERROR    Failure: 105300557729261157098417819715091919465 : http://localhost:3000/pagekit/index.php/admin/dashboard -> status code(404) -> 
2022-05-25 14:32:24 ERROR    Failure: 105300557729261157098417819715091919465 : http://localhost:3000/pagekit/index.php/admin/dashboard -> status code(404) -> 
2022-05-25 14:32:32 ERROR    Failure: 172717110701069407241174406021285620737 : http://localhost:3000/pagekit/index.php/admin/dashboard -> Failed to load resource: the server responded with a status of 404 (Not Found)
2022-05-25 14:32:32 ERROR    Failure: 105300557729261157098417819715091919465 : http://localhost:3000/pagekit/index.php/admin/dashboard -> status code(404) -> 
2022-05-25 14:32:32 ERROR    Failure: 172717110701069407241174406021285620737 : http://localhost:3000/pagekit/index.php/admin/dashboard -> Failed to load resource: the server responded with a status of 404 (Not Found)
2022-05-25 14:32:32 ERROR    Failure: 105300557729261157098417819715091919465 : http://localhost:3000/pagekit/index.php/admin/dashboard -> status code(404) -> 
2022-05-25 14:32:33 ERROR    Failure: 172717110701069407241174406021285620737 : http://localhost:3000/pagekit/index.php/admin/dashboard -> Failed to load resource: the server responded with a status of 404 (Not Found)
2022-05-25 14:32:33 ERROR    Failure: 105300557729261157098417819715091919465 : http://localhost:3000/pagekit/index.php/admin/dashboard -> status code(404) -> 
2022-05-25 14:32:35 ERROR    Failure: 172717110701069407241174406021285620737 : http://localhost:3000/pagekit/index.php/admin/dashboard -> Failed to load resource: the server responded with a status of 404 (Not Found)
2022-05-25 14:32:35 ERROR    Failure: 172717110701069407241174406021285620737 : http://localhost:3000/pagekit/index.php/admin/dashboard -> Failed to load resource: the server responded with a status of 404 (Not Found)
2022-05-25 14:32:35 ERROR    Failure: 172717110701069407241174406021285620737 : http://localhost:3000/pagekit/index.php/admin/dashboard -> Failed to load resource: the server responded with a status of 404 (Not Found)
2022-05-25 14:32:35 ERROR    Failure: 105300557729261157098417819715091919465 : http://localhost:3000/pagekit/index.php/admin/dashboard -> status code(404) -> 
2022-05-25 14:32:35 ERROR    Failure: 172717110701069407241174406021285620737 : http://localhost:3000/pagekit/index.php/admin/dashboard -> Failed to load resource: the server responded with a status of 404 (Not Found)
2022-05-25 14:32:35 ERROR    Failure: 105300557729261157098417819715091919465 : http://localhost:3000/pagekit/index.php/admin/dashboard -> status code(404) -> 
2022-05-25 14:32:35 ERROR    Failure: 105300557729261157098417819715091919465 : http://localhost:3000/pagekit/index.php/admin/dashboard -> status code(404) -> 
2022-05-25 14:32:35 ERROR    Failure: 105300557729261157098417819715091919465 : http://localhost:3000/pagekit/index.php/admin/dashboard -> status code(404) -> 
2022-05-25 14:32:42 ERROR    Failure: 172717110701069407241174406021285620737 : http://localhost:3000/pagekit/index.php/admin/dashboard -> Failed to load resource: the server responded with a status of 404 (Not Found)
2022-05-25 14:32:42 ERROR    Failure: 172717110701069407241174406021285620737 : http://localhost:3000/pagekit/index.php/admin/dashboard -> Failed to load resource: the server responded with a status of 404 (Not Found)
2022-05-25 14:32:42 ERROR    Failure: 172717110701069407241174406021285620737 : http://localhost:3000/pagekit/index.php/admin/dashboard -> Failed to load resource: the server responded with a status of 404 (Not Found)
2022-05-25 14:32:42 ERROR    Failure: 172717110701069407241174406021285620737 : http://localhost:3000/pagekit/index.php/admin/dashboard -> Failed to load resource: the server responded with a status of 404 (Not Found)
2022-05-25 14:32:42 ERROR    Failure: 105300557729261157098417819715091919465 : http://localhost:3000/pagekit/index.php/admin/dashboard -> status code(404) -> 
2022-05-25 14:32:42 ERROR    Failure: 105300557729261157098417819715091919465 : http://localhost:3000/pagekit/index.php/admin/dashboard -> status code(404) -> 
2022-05-25 14:32:42 ERROR    Failure: 105300557729261157098417819715091919465 : http://localhost:3000/pagekit/index.php/admin/dashboard -> status code(404) -> 
2022-05-25 14:32:42 ERROR    Failure: 105300557729261157098417819715091919465 : http://localhost:3000/pagekit/index.php/admin/dashboard -> status code(404) -> 
2022-05-25 14:32:48 ERROR    Failure: 172717110701069407241174406021285620737 : http://localhost:3000/pagekit/index.php/admin/dashboard -> Failed to load resource: the server responded with a status of 404 (Not Found)
2022-05-25 14:32:48 ERROR    Failure: 172717110701069407241174406021285620737 : http://localhost:3000/pagekit/index.php/admin/dashboard -> Failed to load resource: the server responded with a status of 404 (Not Found)
2022-05-25 14:32:48 ERROR    Failure: 172717110701069407241174406021285620737 : http://localhost:3000/pagekit/index.php/admin/dashboard -> Failed to load resource: the server responded with a status of 404 (Not Found)
2022-05-25 14:32:48 ERROR    Failure: 105300557729261157098417819715091919465 : http://localhost:3000/pagekit/index.php/admin/dashboard -> status code(404) -> 
2022-05-25 14:32:48 ERROR    Failure: 105300557729261157098417819715091919465 : http://localhost:3000/pagekit/index.php/admin/dashboard -> status code(404) -> 
2022-05-25 14:32:48 ERROR    Failure: 105300557729261157098417819715091919465 : http://localhost:3000/pagekit/index.php/admin/dashboard -> status code(404) -> 
2022-05-25 14:32:48 ERROR    Failure: 172717110701069407241174406021285620737 : http://localhost:3000/pagekit/index.php/admin/dashboard -> Failed to load resource: the server responded with a status of 404 (Not Found)
2022-05-25 14:32:48 ERROR    Failure: 105300557729261157098417819715091919465 : http://localhost:3000/pagekit/index.php/admin/dashboard -> status code(404) -> 
2022-05-25 14:32:54 ERROR    Failure: 172717110701069407241174406021285620737 : http://localhost:3000/pagekit/index.php/admin/dashboard -> Failed to load resource: the server responded with a status of 404 (Not Found)
2022-05-25 14:32:54 ERROR    Failure: 80165734902288621318310788211409255354 : http://localhost:3000/pagekit/admin/system/update -> status code(404) -> <!DOCTYPE HTML PUBLIC "-//IETF//DTD HTML 2.0//EN">	<html><head>	<title>404 Not Found</title>	</head><body>	<h1>Not Found</h1>	<p>The requested URL /pagekit/admin/system/update was not found on this server.</p>	<hr>	<address>Apache/2.4.18 (Ubuntu) Server at localhost Port 3000</address>	</body></html>	
2022-05-25 14:32:55 ERROR    Failure: 172717110701069407241174406021285620737 : http://localhost:3000/pagekit/index.php/admin/dashboard -> Failed to load resource: the server responded with a status of 404 (Not Found)
2022-05-25 14:32:55 ERROR    Failure: 172717110701069407241174406021285620737 : http://localhost:3000/pagekit/index.php/admin/dashboard -> Failed to load resource: the server responded with a status of 404 (Not Found)
2022-05-25 14:32:55 ERROR    Failure: 172717110701069407241174406021285620737 : http://localhost:3000/pagekit/index.php/admin/dashboard -> Failed to load resource: the server responded with a status of 404 (Not Found)
2022-05-25 14:32:55 ERROR    Failure: 105300557729261157098417819715091919465 : http://localhost:3000/pagekit/index.php/admin/dashboard -> status code(404) -> 
2022-05-25 14:32:55 ERROR    Failure: 172717110701069407241174406021285620737 : http://localhost:3000/pagekit/index.php/admin/dashboard -> Failed to load resource: the server responded with a status of 404 (Not Found)
2022-05-25 14:32:55 ERROR    Failure: 105300557729261157098417819715091919465 : http://localhost:3000/pagekit/index.php/admin/dashboard -> status code(404) -> 
2022-05-25 14:32:55 ERROR    Failure: 105300557729261157098417819715091919465 : http://localhost:3000/pagekit/index.php/admin/dashboard -> status code(404) -> 
2022-05-25 14:32:55 ERROR    Failure: 105300557729261157098417819715091919465 : http://localhost:3000/pagekit/index.php/admin/dashboard -> status code(404) -> 
2022-05-25 14:33:07 ERROR    Failure: 172717110701069407241174406021285620737 : http://localhost:3000/pagekit/index.php/admin/dashboard -> Failed to load resource: the server responded with a status of 404 (Not Found)
2022-05-25 14:33:07 ERROR    Failure: 172717110701069407241174406021285620737 : http://localhost:3000/pagekit/index.php/admin/dashboard -> Failed to load resource: the server responded with a status of 404 (Not Found)
2022-05-25 14:33:07 ERROR    Failure: 172717110701069407241174406021285620737 : http://localhost:3000/pagekit/index.php/admin/dashboard -> Failed to load resource: the server responded with a status of 404 (Not Found)
2022-05-25 14:33:07 ERROR    Failure: 172717110701069407241174406021285620737 : http://localhost:3000/pagekit/index.php/admin/dashboard -> Failed to load resource: the server responded with a status of 404 (Not Found)
2022-05-25 14:33:07 ERROR    Failure: 105300557729261157098417819715091919465 : http://localhost:3000/pagekit/index.php/admin/dashboard -> status code(404) -> 
2022-05-25 14:33:07 ERROR    Failure: 105300557729261157098417819715091919465 : http://localhost:3000/pagekit/index.php/admin/dashboard -> status code(404) -> 
2022-05-25 14:33:07 ERROR    Failure: 105300557729261157098417819715091919465 : http://localhost:3000/pagekit/index.php/admin/dashboard -> status code(404) -> 
2022-05-25 14:33:07 ERROR    Failure: 105300557729261157098417819715091919465 : http://localhost:3000/pagekit/index.php/admin/dashboard -> status code(404) -> 
2022-05-25 14:33:15 ERROR    Failure: 172717110701069407241174406021285620737 : http://localhost:3000/pagekit/index.php/admin/dashboard -> Failed to load resource: the server responded with a status of 404 (Not Found)
2022-05-25 14:33:15 ERROR    Failure: 105300557729261157098417819715091919465 : http://localhost:3000/pagekit/index.php/admin/dashboard -> status code(404) -> 
2022-05-25 14:33:15 ERROR    Failure: 172717110701069407241174406021285620737 : http://localhost:3000/pagekit/index.php/admin/dashboard -> Failed to load resource: the server responded with a status of 404 (Not Found)
2022-05-25 14:33:15 ERROR    Failure: 172717110701069407241174406021285620737 : http://localhost:3000/pagekit/index.php/admin/dashboard -> Failed to load resource: the server responded with a status of 404 (Not Found)
2022-05-25 14:33:15 ERROR    Failure: 172717110701069407241174406021285620737 : http://localhost:3000/pagekit/index.php/admin/dashboard -> Failed to load resource: the server responded with a status of 404 (Not Found)
2022-05-25 14:33:15 ERROR    Failure: 105300557729261157098417819715091919465 : http://localhost:3000/pagekit/index.php/admin/dashboard -> status code(404) -> 
2022-05-25 14:33:15 ERROR    Failure: 105300557729261157098417819715091919465 : http://localhost:3000/pagekit/index.php/admin/dashboard -> status code(404) -> 
2022-05-25 14:33:15 ERROR    Failure: 105300557729261157098417819715091919465 : http://localhost:3000/pagekit/index.php/admin/dashboard -> status code(404) -> 
2022-05-25 14:33:22 ERROR    Failure: 172717110701069407241174406021285620737 : http://localhost:3000/pagekit/index.php/admin/dashboard -> Failed to load resource: the server responded with a status of 404 (Not Found)
2022-05-25 14:33:22 ERROR    Failure: 172717110701069407241174406021285620737 : http://localhost:3000/pagekit/index.php/admin/dashboard -> Failed to load resource: the server responded with a status of 404 (Not Found)
2022-05-25 14:33:22 ERROR    Failure: 172717110701069407241174406021285620737 : http://localhost:3000/pagekit/index.php/admin/dashboard -> Failed to load resource: the server responded with a status of 404 (Not Found)
2022-05-25 14:33:22 ERROR    Failure: 172717110701069407241174406021285620737 : http://localhost:3000/pagekit/index.php/admin/dashboard -> Failed to load resource: the server responded with a status of 404 (Not Found)
2022-05-25 14:33:22 ERROR    Failure: 105300557729261157098417819715091919465 : http://localhost:3000/pagekit/index.php/admin/dashboard -> status code(404) -> 
2022-05-25 14:33:22 ERROR    Failure: 105300557729261157098417819715091919465 : http://localhost:3000/pagekit/index.php/admin/dashboard -> status code(404) -> 
2022-05-25 14:33:22 ERROR    Failure: 105300557729261157098417819715091919465 : http://localhost:3000/pagekit/index.php/admin/dashboard -> status code(404) -> 
2022-05-25 14:33:22 ERROR    Failure: 105300557729261157098417819715091919465 : http://localhost:3000/pagekit/index.php/admin/dashboard -> status code(404) -> 
2022-05-25 14:33:31 ERROR    Failure: 172717110701069407241174406021285620737 : http://localhost:3000/pagekit/index.php/admin/dashboard -> Failed to load resource: the server responded with a status of 404 (Not Found)
2022-05-25 14:33:31 ERROR    Failure: 172717110701069407241174406021285620737 : http://localhost:3000/pagekit/index.php/admin/dashboard -> Failed to load resource: the server responded with a status of 404 (Not Found)
2022-05-25 14:33:31 ERROR    Failure: 105300557729261157098417819715091919465 : http://localhost:3000/pagekit/index.php/admin/dashboard -> status code(404) -> 
2022-05-25 14:33:31 ERROR    Failure: 105300557729261157098417819715091919465 : http://localhost:3000/pagekit/index.php/admin/dashboard -> status code(404) -> 
2022-05-25 14:33:31 ERROR    Failure: 172717110701069407241174406021285620737 : http://localhost:3000/pagekit/index.php/admin/dashboard -> Failed to load resource: the server responded with a status of 404 (Not Found)
2022-05-25 14:33:31 ERROR    Failure: 172717110701069407241174406021285620737 : http://localhost:3000/pagekit/index.php/admin/dashboard -> Failed to load resource: the server responded with a status of 404 (Not Found)
2022-05-25 14:33:31 ERROR    Failure: 105300557729261157098417819715091919465 : http://localhost:3000/pagekit/index.php/admin/dashboard -> status code(404) -> 
2022-05-25 14:33:31 ERROR    Failure: 105300557729261157098417819715091919465 : http://localhost:3000/pagekit/index.php/admin/dashboard -> status code(404) -> 
2022-05-25 14:33:37 ERROR    Failure: 172717110701069407241174406021285620737 : http://localhost:3000/pagekit/index.php/admin/dashboard -> Failed to load resource: the server responded with a status of 404 (Not Found)
2022-05-25 14:33:37 ERROR    Failure: 172717110701069407241174406021285620737 : http://localhost:3000/pagekit/index.php/admin/dashboard -> Failed to load resource: the server responded with a status of 404 (Not Found)
2022-05-25 14:33:37 ERROR    Failure: 172717110701069407241174406021285620737 : http://localhost:3000/pagekit/index.php/admin/dashboard -> Failed to load resource: the server responded with a status of 404 (Not Found)
2022-05-25 14:33:37 ERROR    Failure: 172717110701069407241174406021285620737 : http://localhost:3000/pagekit/index.php/admin/dashboard -> Failed to load resource: the server responded with a status of 404 (Not Found)
2022-05-25 14:33:37 ERROR    Failure: 105300557729261157098417819715091919465 : http://localhost:3000/pagekit/index.php/admin/dashboard -> status code(404) -> 
2022-05-25 14:33:37 ERROR    Failure: 105300557729261157098417819715091919465 : http://localhost:3000/pagekit/index.php/admin/dashboard -> status code(404) -> 
2022-05-25 14:33:37 ERROR    Failure: 105300557729261157098417819715091919465 : http://localhost:3000/pagekit/index.php/admin/dashboard -> status code(404) -> 
2022-05-25 14:33:37 ERROR    Failure: 105300557729261157098417819715091919465 : http://localhost:3000/pagekit/index.php/admin/dashboard -> status code(404) -> 
2022-05-25 14:33:46 ERROR    Failure: 172717110701069407241174406021285620737 : http://localhost:3000/pagekit/index.php/admin/dashboard -> Failed to load resource: the server responded with a status of 404 (Not Found)
2022-05-25 14:33:46 ERROR    Failure: 172717110701069407241174406021285620737 : http://localhost:3000/pagekit/index.php/admin/dashboard -> Failed to load resource: the server responded with a status of 404 (Not Found)
2022-05-25 14:33:46 ERROR    Failure: 172717110701069407241174406021285620737 : http://localhost:3000/pagekit/index.php/admin/dashboard -> Failed to load resource: the server responded with a status of 404 (Not Found)
2022-05-25 14:33:46 ERROR    Failure: 105300557729261157098417819715091919465 : http://localhost:3000/pagekit/index.php/admin/dashboard -> status code(404) -> 
2022-05-25 14:33:46 ERROR    Failure: 105300557729261157098417819715091919465 : http://localhost:3000/pagekit/index.php/admin/dashboard -> status code(404) -> 
2022-05-25 14:33:46 ERROR    Failure: 172717110701069407241174406021285620737 : http://localhost:3000/pagekit/index.php/admin/dashboard -> Failed to load resource: the server responded with a status of 404 (Not Found)
2022-05-25 14:33:46 ERROR    Failure: 105300557729261157098417819715091919465 : http://localhost:3000/pagekit/index.php/admin/dashboard -> status code(404) -> 
2022-05-25 14:33:46 ERROR    Failure: 105300557729261157098417819715091919465 : http://localhost:3000/pagekit/index.php/admin/dashboard -> status code(404) -> 
2022-05-25 14:33:55 ERROR    Failure: 172717110701069407241174406021285620737 : http://localhost:3000/pagekit/index.php/admin/dashboard -> Failed to load resource: the server responded with a status of 404 (Not Found)
2022-05-25 14:33:55 ERROR    Failure: 172717110701069407241174406021285620737 : http://localhost:3000/pagekit/index.php/admin/dashboard -> Failed to load resource: the server responded with a status of 404 (Not Found)
2022-05-25 14:33:55 ERROR    Failure: 172717110701069407241174406021285620737 : http://localhost:3000/pagekit/index.php/admin/dashboard -> Failed to load resource: the server responded with a status of 404 (Not Found)
2022-05-25 14:33:55 ERROR    Failure: 172717110701069407241174406021285620737 : http://localhost:3000/pagekit/index.php/admin/dashboard -> Failed to load resource: the server responded with a status of 404 (Not Found)
2022-05-25 14:33:55 ERROR    Failure: 105300557729261157098417819715091919465 : http://localhost:3000/pagekit/index.php/admin/dashboard -> status code(404) -> 
2022-05-25 14:33:55 ERROR    Failure: 105300557729261157098417819715091919465 : http://localhost:3000/pagekit/index.php/admin/dashboard -> status code(404) -> 
2022-05-25 14:33:55 ERROR    Failure: 105300557729261157098417819715091919465 : http://localhost:3000/pagekit/index.php/admin/dashboard -> status code(404) -> 
2022-05-25 14:33:55 ERROR    Failure: 105300557729261157098417819715091919465 : http://localhost:3000/pagekit/index.php/admin/dashboard -> status code(404) -> 
2022-05-25 14:34:03 WARNING  Finished
2022-05-25 14:34:04 WARNING  (Failure Count, Coverage Percentage) : (8, 92.64651245049073)
2022-05-25 14:34:04 ERROR    172717110701069407241174406021285620737 : http://localhost:3000/pagekit/index.php/admin/dashboard -> Failed to load resource: the server responded with a status of 404 (Not Found)
2022-05-25 14:34:04 ERROR    105300557729261157098417819715091919465 : http://localhost:3000/pagekit/index.php/admin/dashboard -> status code(404) -> 
2022-05-25 14:34:04 ERROR    80165734902288621318310788211409255354 : http://localhost:3000/pagekit/admin/system/update -> status code(404) -> <!DOCTYPE HTML PUBLIC "-//IETF//DTD HTML 2.0//EN">	<html><head>	<title>404 Not Found</title>	</head><body>	<h1>Not Found</h1>	<p>The requested URL /pagekit/admin/system/update was not found on this server.</p>	<hr>	<address>Apache/2.4.18 (Ubuntu) Server at localhost Port 3000</address>	</body></html>	
2022-05-25 14:34:04 ERROR    262513326802567628094931167029883077585 : http://localhost:3000/pagekit/index.php/admin/user/edit?id=1 -> net::ERR_ABORTED
2022-05-25 14:34:04 ERROR    63661048957111971139043659084403729172 : http://localhost:3000/pagekit/index.php/admin/user# -> Failed to load resource: the server responded with a status of 400 (Bad Request)
2022-05-25 14:34:04 ERROR    108454993266047261493729590968796755788 : http://localhost:3000/pagekit/index.php/admin/user# -> status code(400) -> "Unable to block yourself."
2022-05-25 14:34:04 ERROR    222203509631151183416754876323321821974 : http://localhost:3000/pagekit/index.php/admin/user/edit?id=1 -> Failed to load resource: the server responded with a status of 500 (Internal Server Error)
2022-05-25 14:34:04 ERROR    140648655923019538876825560048743368617 : http://localhost:3000/pagekit/index.php/admin/user/edit?id=1 -> status code(500) -> <!DOCTYPE html>	<html>	    <head>	        <meta charset="UTF-8" />	        <meta name="robots" content="noindex,nofollow" />	        <style>	            /* Copyright (c) 2010, Yahoo! Inc. All rights reserved. Code licensed under the BSD License: http://developer.yahoo.com/yui/license.html */	            html{color:#000;background:#FFF;}body,div,dl,dt,dd,ul,ol,li,h1,h2,h3,h4,h5,h6,pre,code,form,fieldset,legend,input,textarea,p,blockquote,th,td{margin:0;padding:0;}table{border-collapse:collapse;border-spacing:0;}fieldset,img{border:0;}address,caption,cite,code,dfn,em,strong,th,var{font-style:normal;font-weight:normal;}li{list-style:none;}caption,th{text-align:left;}h1,h2,h3,h4,h5,h6{font-size:100%;font-weight:normal;}q:before,q:after{content:'';}abbr,acronym{border:0;font-variant:normal;}sup{vertical-align:text-top;}sub{vertical-align:text-bottom;}input,textarea,select{font-family:inherit;font-size:inherit;font-weight:inherit;}input,textarea,select{*font-size:100%;}legend{color:#000;}		            html { background: #eee; padding: 10px }	            img { border: 0; }	            #sf-resetcontent { width:970px; margin:0 auto; }	                        .sf-reset { font: 11px Verdana, Arial, sans-serif; color: #333 }	            .sf-reset .clear { clear:both; height:0; font-size:0; line-height:0; }	            .sf-reset .clear_fix:after { display:block; height:0; clear:both; visibility:hidden; }	            .sf-reset .clear_fix { display:inline-block; }	            .sf-reset * html .clear_fix { height:1%; }	            .sf-reset .clear_fix { display:block; }	            .sf-reset, .sf-reset .block { margin: auto }	            .sf-reset abbr { border-bottom: 1px dotted #000; cursor: help; }	            .sf-reset p { font-size:14px; line-height:20px; color:#868686; padding-bottom:20px }	            .sf-reset strong { font-weight:bold; }	            .sf-reset a { color:#6c6159; cursor: default; }	            .sf-reset a img { border:none; }	            .sf-reset a:hover { text-decoration:underline; }	            .sf-reset em { font-style:italic; }	            .sf-reset h1, .sf-reset h2 { font: 20px Georgia, "Times New Roman", Times, serif }	            .sf-reset .exception_counter { background-color: #fff; color: #333; padding: 6px; float: left; margin-right: 10px; float: left; display: block; }	            .sf-reset .exception_title { margin-left: 3em; margin-bottom: 0.7em; display: block; }	            .sf-reset .exception_message { margin-left: 3em; display: block; }	            .sf-reset .traces li { font-size:12px; padding: 2px 4px; list-style-type:decimal; margin-left:20px; }	            .sf-reset .block { background-color:#FFFFFF; padding:10px 28px; margin-bottom:20px;	                -webkit-border-bottom-right-radius: 16px;	                -webkit-border-bottom-left-radius: 16px;	                -moz-border-radius-bottomright: 16px;	                -moz-border-radius-bottomleft: 16px;	                border-bottom-right-radius: 16px;	                border-bottom-left-radius: 16px;	                border-bottom:1px solid #ccc;	                border-right:1px solid #ccc;	                border-left:1px solid #ccc;	            }	            .sf-reset .block_exception { background-color:#ddd; color: #333; padding:20px;	                -webkit-border-top-left-radius: 16px;	                -webkit-border-top-right-radius: 16px;	                -moz-border-radius-topleft: 16px;	                -moz-border-radius-topright: 16px;	                border-top-left-radius: 16px;	                border-top-right-radius: 16px;	                border-top:1px solid #ccc;	                border-right:1px solid #ccc;	                border-left:1px solid #ccc;	                overflow: hidden;	                word-wrap: break-word;	            }	            .sf-reset a { background:none; color:#868686; text-decoration:none; }	            .sf-reset a:hover { background:none; color:#313131; text-decoration:underline; }	            .sf-reset ol { padding: 10px 0; }	            .sf-reset h1 { background-color:#FFFFFF; padding: 15px 28px; margin-bottom: 20px;	                -webkit-border-radius: 10px;	                -moz-border-radius: 10px;	                border-radius: 10px;	                border: 1px solid #ccc;	            }	        </style>	    </head>	    <body>	                    <div id="sf-resetcontent" class="sf-reset">	                <h1>Whoops, looks like something went wrong.</h1>	                	            </div>	    </body>	</html>
