49422149324400457114317816287120169614, None, 49422149324400457114317816287120169614, http://localhost:8080/petclinic/
49422149324400457114317816287120169614, 278136609187380873440489350246657424508 -> a ['Owners', <span _ngcontent-bgj-c45="" class="caret", 203789904488100118908646339278060037750, http://localhost:8080/petclinic/
203789904488100118908646339278060037750, 297114641587828552388947157761172217011 -> a [<span _ngcontent-bgj-c45="" aria-hidden="true" class="glyphicon glyphicon-search", 192707741666091566240352799848887721267, http://localhost:8080/petclinic/owners
192707741666091566240352799848887721267, 35411154353297193025945388409949616949 -> a [<span _ngcontent-bgj-c45="" aria-hidden="true" class="glyphicon glyphicon-home", 233426145574943821352606517966566132163, http://localhost:8080/petclinic/welcome
233426145574943821352606517966566132163, 278136609187380873440489350246657424508 -> a ['Owners', <span _ngcontent-bgj-c45="" class="caret", 227835630353743896636286229706560382285, http://localhost:8080/petclinic/welcome
227835630353743896636286229706560382285, 3035046986343108676988380759571045975 -> a [<span _ngcontent-bgj-c45="" aria-hidden="true" class="glyphicon glyphicon-plus", 196370683163298305697357578125185634226, http://localhost:8080/petclinic/owners/add
196370683163298305697357578125185634226, 238474374349217677347686957050889901559 -> button ['Add Owner']{'_ngcontent-bgj-c': '', 'type': 'submit', 'class': 'btnbtn-default', 'disabled': ''}, 196370683163298305697357578125185634226, http://localhost:8080/petclinic/owners/add
196370683163298305697357578125185634226, 269662241021333525536572075845370342656 -> input []{'_ngcontent-bgj-c': '', 'type': 'text', 'id': 'telephone', 'name': 'telephone', 'required': '', 'maxlength': '', 'pattern': '^[-]{,}$', 'class': 'form-controlng-untouchedng-pristineng-invalid', 'ng-reflect-name': 'telephone', 'ng-reflect-required': '', 'ng-reflect-maxlength': '', 'ng-reflect-pattern': '^[-]{,}$'}, 173931605883101138045133233438479218526, http://localhost:8080/petclinic/owners/add
173931605883101138045133233438479218526, 299007919602503312088786984089711639446 -> input []{'_ngcontent-bgj-c': '', 'type': 'text', 'id': 'city', 'name': 'city', 'required': '', 'class': 'form-controlng-untouchedng-pristineng-invalid', 'ng-reflect-name': 'city', 'ng-reflect-required': ''}, 255195129250370095641042379324533125924, http://localhost:8080/petclinic/owners/add
49422149324400457114317816287120169614, None, 49422149324400457114317816287120169614, http://localhost:8080/petclinic/
49422149324400457114317816287120169614, 163995738118907428136945087010105864040 -> a ['Owners', <span _ngcontent-pve-c45="" class="caret", 203789904488100118908646339278060037750, http://localhost:8080/petclinic/
203789904488100118908646339278060037750, 308022468384400203070076680392716751786 -> a [<span _ngcontent-pve-c45="" aria-hidden="true" class="glyphicon glyphicon-plus", 196370683163298305697357578125185634226, http://localhost:8080/petclinic/owners/add
196370683163298305697357578125185634226, 330911674761079477581514887054689815902 -> input []{'_ngcontent-pve-c': '', 'type': 'text', 'id': 'lastName', 'name': 'lastName', 'minlength': '', 'required': '', 'class': 'form-controlng-untouchedng-pristineng-invalid', 'ng-reflect-name': 'lastName', 'ng-reflect-minlength': '', 'ng-reflect-required': ''}, 56072431362138224251825318419881107280, http://localhost:8080/petclinic/owners/add
56072431362138224251825318419881107280, 163995738118907428136945087010105864040 -> a ['Owners', <span _ngcontent-pve-c45="" class="caret", 269553935041821255207249090654277182602, http://localhost:8080/petclinic/owners/add
269553935041821255207249090654277182602, 20620815230962957605997553535466994808 -> input []{'_ngcontent-pve-c': '', 'type': 'text', 'id': 'address', 'name': 'address', 'required': '', 'class': 'form-controlng-untouchedng-pristineng-invalid', 'ng-reflect-name': 'address', 'ng-reflect-required': ''}, 269761169714536889957359571021382796959, http://localhost:8080/petclinic/owners/add
269761169714536889957359571021382796959, 38987497590640255867843631074880647718 -> a ['Owners', <span _ngcontent-pve-c45="" class="caret", 320088082209719634261654240517954736187, http://localhost:8080/petclinic/owners/add
320088082209719634261654240517954736187, 103889945553793571074420605298603659654 -> button ['Add Owner']{'_ngcontent-pve-c': '', 'type': 'submit', 'class': 'btnbtn-default', 'disabled': ''}, 320088082209719634261654240517954736187, http://localhost:8080/petclinic/owners/add
320088082209719634261654240517954736187, 72070103645052938080924779776964274356 -> button ['Back']{'_ngcontent-pve-c': '', 'type': 'button', 'class': 'btnbtn-default'}, 192707741666091566240352799848887721267, http://localhost:8080/petclinic/owners
49422149324400457114317816287120169614, None, 49422149324400457114317816287120169614, http://localhost:8080/petclinic/
49422149324400457114317816287120169614, None, 49422149324400457114317816287120169614, http://localhost:8080/petclinic/
49422149324400457114317816287120169614, 329619388451540048959115103691025251113 -> a [<span _ngcontent-efs-c45="" aria-hidden="true" class="glyphicon glyphicon-th-list", 288837384050435833154613713335591823145, http://localhost:8080/petclinic/specialties
288837384050435833154613713335591823145, 227266281567781562235000132464735295368 -> a [<span _ngcontent-efs-c45="" aria-hidden="true" class="glyphicon glyphicon-th-list", 153333956493652669533881615647501471098, http://localhost:8080/petclinic/pettypes
49422149324400457114317816287120169614, None, 49422149324400457114317816287120169614, http://localhost:8080/petclinic/
49422149324400457114317816287120169614, 165781246093583089987298491515677033600 -> a [<span _ngcontent-aed-c45="" aria-hidden="true" class="glyphicon glyphicon-th-list", 29471666746861938259470438044637749945, http://localhost:8080/petclinic/specialties
49422149324400457114317816287120169614, None, 49422149324400457114317816287120169614, http://localhost:8080/petclinic/
49422149324400457114317816287120169614, 314965729387963501305185158590564569604 -> a [<span _ngcontent-lff-c45="" aria-hidden="true" class="glyphicon glyphicon-th-list", 153333956493652669533881615647501471098, http://localhost:8080/petclinic/pettypes
153333956493652669533881615647501471098, 255558179519722640798794840125582118886 -> a [<span _ngcontent-lff-c45="" aria-hidden="true" class="glyphicon glyphicon-home", 233426145574943821352606517966566132163, http://localhost:8080/petclinic/welcome
233426145574943821352606517966566132163, 158293145175964902729496038943845737961 -> a ['Veterinarians', <span _ngcontent-lff-c45="" class="caret", 192306625620991217132025247140004257967, http://localhost:8080/petclinic/welcome
192306625620991217132025247140004257967, 105477543634147101149754404882278956177 -> a [<span _ngcontent-lff-c45="" aria-hidden="true" class="glyphicon glyphicon-th-list", 153333956493652669533881615647501471098, http://localhost:8080/petclinic/pettypes
153333956493652669533881615647501471098, 24860440032063089343022856790835278615 -> button ['Home']{'_ngcontent-lff-c': '', 'class': 'btnbtn-default'}, 108293023272059840788360475304945068641, http://localhost:8080/petclinic/pettypes
108293023272059840788360475304945068641, 278859434821593142523443146629252511126 -> input []{'_ngcontent-lff-c': '', 'type': 'text', 'name': 'pettype_name', 'class': 'form-controlng-untouchedng-pristineng-valid', 'ng-reflect-name': 'pettype_name', 'id': '', 'readonly': '', 'ng-reflect-model': 'hamster'}, 127506921161296527765213594439826959686, http://localhost:8080/petclinic/pettypes
127506921161296527765213594439826959686, 277962354712661448701252884901033920737 -> button ['Edit']{'_ngcontent-lff-c': '', 'class': 'btnbtn-default'}, 152239562191268467223081674236845552389, http://localhost:8080/petclinic/pettypes
152239562191268467223081674236845552389, 324225403363936977678949943913340066219 -> a [<span _ngcontent-lff-c45="" aria-hidden="true" class="glyphicon glyphicon-th-list", 288837384050435833154613713335591823145, http://localhost:8080/petclinic/specialties
49422149324400457114317816287120169614, None, 49422149324400457114317816287120169614, http://localhost:8080/petclinic/
49422149324400457114317816287120169614, 225947626182957948152903337041333719437 -> a ['Veterinarians', <span _ngcontent-jtx-c45="" class="caret", 74849793808848032408097070206027864246, http://localhost:8080/petclinic/
74849793808848032408097070206027864246, 27173394753850465851827090308512735876 -> a ['Veterinarians', <span _ngcontent-jtx-c45="" class="caret", 49422149324400457114317816287120169614, http://localhost:8080/petclinic/
49422149324400457114317816287120169614, 225947626182957948152903337041333719437 -> a ['Veterinarians', <span _ngcontent-jtx-c45="" class="caret", 74849793808848032408097070206027864246, http://localhost:8080/petclinic/
74849793808848032408097070206027864246, 62436041017882844136125580164297855359 -> a ['Owners', <span _ngcontent-jtx-c45="" class="caret", 203789904488100118908646339278060037750, http://localhost:8080/petclinic/
49422149324400457114317816287120169614, None, 49422149324400457114317816287120169614, http://localhost:8080/petclinic/
49422149324400457114317816287120169614, None, 49422149324400457114317816287120169614, http://localhost:8080/petclinic/
49422149324400457114317816287120169614, 123980393273334937648494531104371405749 -> a ['Veterinarians', <span _ngcontent-hyc-c45="" class="caret", 74849793808848032408097070206027864246, http://localhost:8080/petclinic/
74849793808848032408097070206027864246, 189234727646457093087387013019372549440 -> a [<span _ngcontent-hyc-c45="" aria-hidden="true" class="glyphicon glyphicon-search", 120962431678690102558501945372758632054, http://localhost:8080/petclinic/vets
120962431678690102558501945372758632054, 297815712541359431233492165305471718103 -> a ['Owners', <span _ngcontent-hyc-c45="" class="caret", 282653128033163893523726261699200418552, http://localhost:8080/petclinic/vets
282653128033163893523726261699200418552, 13747959534766300644118506849851505191 -> a ['Owners', <span _ngcontent-hyc-c45="" class="caret", 276139206715468410231977343122131958458, http://localhost:8080/petclinic/vets
276139206715468410231977343122131958458, 174598912836256212561724941580946939812 -> button ['Delete Vet']{'_ngcontent-hyc-c': '', 'class': 'btnbtn-default'}, 276139206715468410231977343122131958458, http://localhost:8080/petclinic/vets
276139206715468410231977343122131958458, 152395450168764120696228133207817958749 -> a [<span _ngcontent-hyc-c45="" aria-hidden="true" class="glyphicon glyphicon-th-list", 29471666746861938259470438044637749945, http://localhost:8080/petclinic/specialties
29471666746861938259470438044637749945, 236174460029743252650783906633438734978 -> a [<span _ngcontent-hyc-c45="" aria-hidden="true" class="glyphicon glyphicon-home", 233426145574943821352606517966566132163, http://localhost:8080/petclinic/welcome
233426145574943821352606517966566132163, 9694729046565162231374888704358832438 -> a [<span _ngcontent-hyc-c45="" aria-hidden="true" class="glyphicon glyphicon-th-list", 288837384050435833154613713335591823145, http://localhost:8080/petclinic/specialties
49422149324400457114317816287120169614, None, 49422149324400457114317816287120169614, http://localhost:8080/petclinic/
49422149324400457114317816287120169614, 1098179191216318897811392503039917405 -> a ['Owners', <span _ngcontent-wia-c45="" class="caret", 203789904488100118908646339278060037750, http://localhost:8080/petclinic/
49422149324400457114317816287120169614, None, 49422149324400457114317816287120169614, http://localhost:8080/petclinic/
49422149324400457114317816287120169614, 189894437808980726749890350366952735443 -> a [<span _ngcontent-wva-c45="" aria-hidden="true" class="glyphicon glyphicon-home", 233426145574943821352606517966566132163, http://localhost:8080/petclinic/welcome
233426145574943821352606517966566132163, 210658773140740481615433372710666142542 -> a [<span _ngcontent-wva-c45="" aria-hidden="true" class="glyphicon glyphicon-th-list", 153333956493652669533881615647501471098, http://localhost:8080/petclinic/pettypes
153333956493652669533881615647501471098, 136467005137677320955337292749955026955 -> a [<span _ngcontent-wva-c45="" aria-hidden="true" class="glyphicon glyphicon-th-list", 108293023272059840788360475304945068641, http://localhost:8080/petclinic/pettypes
108293023272059840788360475304945068641, 185548227591548686792699429524049269892 -> a ['Veterinarians', <span _ngcontent-wva-c45="" class="caret", 131894143802363113724312647612665280708, http://localhost:8080/petclinic/pettypes
131894143802363113724312647612665280708, 36804476472309459235024375140202855794 -> input []{'_ngcontent-wva-c': '', 'type': 'text', 'name': 'pettype_name', 'class': 'form-controlng-untouchedng-pristineng-valid', 'ng-reflect-name': 'pettype_name', 'id': '', 'readonly': '', 'ng-reflect-model': 'hamster'}, 131894143802363113724312647612665280708, http://localhost:8080/petclinic/pettypes
131894143802363113724312647612665280708, 136467005137677320955337292749955026955 -> a [<span _ngcontent-wva-c45="" aria-hidden="true" class="glyphicon glyphicon-th-list", 108293023272059840788360475304945068641, http://localhost:8080/petclinic/pettypes
108293023272059840788360475304945068641, 185548227591548686792699429524049269892 -> a ['Veterinarians', <span _ngcontent-wva-c45="" class="caret", 131894143802363113724312647612665280708, http://localhost:8080/petclinic/pettypes
131894143802363113724312647612665280708, 145270533868933061539173788826204124598 -> button [' Add ']{'_ngcontent-wva-c': '', 'class': 'btnbtn-default'}, 147027694311372569153892110972006964166, http://localhost:8080/petclinic/pettypes
49422149324400457114317816287120169614, None, 49422149324400457114317816287120169614, http://localhost:8080/petclinic/
49422149324400457114317816287120169614, 179722461006365975449476766211812081656 -> a [<span _ngcontent-cav-c45="" aria-hidden="true" class="glyphicon glyphicon-th-list", 29471666746861938259470438044637749945, http://localhost:8080/petclinic/specialties
49422149324400457114317816287120169614, None, 49422149324400457114317816287120169614, http://localhost:8080/petclinic/
49422149324400457114317816287120169614, 212114109545745246868322797923453247307 -> a [<span _ngcontent-klr-c45="" aria-hidden="true" class="glyphicon glyphicon-th-list", 108293023272059840788360475304945068641, http://localhost:8080/petclinic/pettypes
108293023272059840788360475304945068641, 92397722778621092689380707167662066475 -> input []{'_ngcontent-klr-c': '', 'type': 'text', 'name': 'pettype_name', 'class': 'form-controlng-untouchedng-pristineng-valid', 'ng-reflect-name': 'pettype_name', 'id': '', 'readonly': '', 'ng-reflect-model': 'hamster'}, 108293023272059840788360475304945068641, http://localhost:8080/petclinic/pettypes
108293023272059840788360475304945068641, 244371461982500760871972858101215533309 -> input []{'_ngcontent-klr-c': '', 'type': 'text', 'name': 'pettype_name', 'class': 'form-controlng-untouchedng-pristineng-valid', 'ng-reflect-name': 'pettype_name', 'id': '', 'readonly': '', 'ng-reflect-model': 'bird'}, 108293023272059840788360475304945068641, http://localhost:8080/petclinic/pettypes
108293023272059840788360475304945068641, 152364742757889753249746992017335983889 -> input []{'_ngcontent-klr-c': '', 'type': 'text', 'name': 'pettype_name', 'class': 'form-controlng-untouchedng-pristineng-valid', 'ng-reflect-name': 'pettype_name', 'id': '', 'readonly': '', 'ng-reflect-model': 'cat'}, 143067584569572845564737962212475191790, http://localhost:8080/petclinic/pettypes
143067584569572845564737962212475191790, 56115792290676307898283656386856566479 -> button ['Edit']{'_ngcontent-klr-c': '', 'class': 'btnbtn-default'}, 19143094554188135078068840158212767213, http://localhost:8080/petclinic/pettypes/1/edit
19143094554188135078068840158212767213, 246333480112870380856055791152017313752 -> a ['Veterinarians', <span _ngcontent-klr-c45="" class="caret", 60065081883148707193763818578095482468, http://localhost:8080/petclinic/pettypes/1/edit
60065081883148707193763818578095482468, 185848270838133659014497584280356636534 -> a ['Owners', <span _ngcontent-klr-c45="" class="caret", 71873865268411641139575947861507005125, http://localhost:8080/petclinic/pettypes/1/edit
49422149324400457114317816287120169614, None, 49422149324400457114317816287120169614, http://localhost:8080/petclinic/
49422149324400457114317816287120169614, 229040109230994539622552461262172606472 -> a ['Owners', <span _ngcontent-mfx-c45="" class="caret", 203789904488100118908646339278060037750, http://localhost:8080/petclinic/
203789904488100118908646339278060037750, 178908787703952609621996679780828580877 -> a [<span _ngcontent-mfx-c45="" aria-hidden="true" class="glyphicon glyphicon-th-list", 29471666746861938259470438044637749945, http://localhost:8080/petclinic/specialties
29471666746861938259470438044637749945, 81975779183479756681927568472257882751 -> button [' Add ']{'_ngcontent-mfx-c': '', 'class': 'btnbtn-default'}, 35742322003424371479105068301184530812, http://localhost:8080/petclinic/specialties
35742322003424371479105068301184530812, 78966631079838810990281227285502977365 -> button ['Edit']{'_ngcontent-mfx-c': '', 'class': 'btnbtn-default'}, 83846097102934712265922040739446818067, http://localhost:8080/petclinic/specialties
83846097102934712265922040739446818067, 68191736816154818097610895966301810882 -> button ['Cancel']{'_ngcontent-mfx-c': '', 'class': 'btnbtn-default'}, 29471666746861938259470438044637749945, http://localhost:8080/petclinic/specialties
29471666746861938259470438044637749945, 81975779183479756681927568472257882751 -> button [' Add ']{'_ngcontent-mfx-c': '', 'class': 'btnbtn-default'}, 35742322003424371479105068301184530812, http://localhost:8080/petclinic/specialties
35742322003424371479105068301184530812, 283998612724514777900990358837899292343 -> button ['Home']{'_ngcontent-mfx-c': '', 'class': 'btnbtn-default'}, 90924957358455097642166425674986735534, http://localhost:8080/petclinic/specialties
90924957358455097642166425674986735534, 277734860570049430337313570860088245467 -> a [<span _ngcontent-mfx-c45="" aria-hidden="true" class="glyphicon glyphicon-th-list", 153333956493652669533881615647501471098, http://localhost:8080/petclinic/pettypes
49422149324400457114317816287120169614, None, 49422149324400457114317816287120169614, http://localhost:8080/petclinic/
49422149324400457114317816287120169614, 91776176587293090773185627020963720784 -> a [<span _ngcontent-roa-c45="" aria-hidden="true" class="glyphicon glyphicon-home", 233426145574943821352606517966566132163, http://localhost:8080/petclinic/welcome
233426145574943821352606517966566132163, 283957511431342758444972960939381287620 -> a ['Veterinarians', <span _ngcontent-roa-c45="" class="caret", 192306625620991217132025247140004257967, http://localhost:8080/petclinic/welcome
192306625620991217132025247140004257967, 170664755746297764492479719672304966936 -> a [<span _ngcontent-roa-c45="" aria-hidden="true" class="glyphicon glyphicon-search", 157160640445751975500720621752664039441, http://localhost:8080/petclinic/vets
157160640445751975500720621752664039441, 3599578559500089169402268581061965584 -> a [<span _ngcontent-roa-c45="" aria-hidden="true" class="glyphicon glyphicon-th-list", 153333956493652669533881615647501471098, http://localhost:8080/petclinic/pettypes
153333956493652669533881615647501471098, 283957511431342758444972960939381287620 -> a ['Veterinarians', <span _ngcontent-roa-c45="" class="caret", 131894143802363113724312647612665280708, http://localhost:8080/petclinic/pettypes
131894143802363113724312647612665280708, 8843450561897109837042850946381727488 -> input []{'_ngcontent-roa-c': '', 'type': 'text', 'name': 'pettype_name', 'class': 'form-controlng-untouchedng-pristineng-valid', 'ng-reflect-name': 'pettype_name', 'id': '', 'readonly': '', 'ng-reflect-model': 'dog'}, 131894143802363113724312647612665280708, http://localhost:8080/petclinic/pettypes
131894143802363113724312647612665280708, 328180976863324047391418027500743709928 -> a [<span _ngcontent-roa-c45="" aria-hidden="true" class="glyphicon glyphicon-th-list", 29471666746861938259470438044637749945, http://localhost:8080/petclinic/specialties
29471666746861938259470438044637749945, 315551962155093637803176548342680910515 -> a ['Owners', <span _ngcontent-roa-c45="" class="caret", 121775422253869778828073676739125319234, http://localhost:8080/petclinic/specialties
49422149324400457114317816287120169614, None, 49422149324400457114317816287120169614, http://localhost:8080/petclinic/
49422149324400457114317816287120169614, None, 49422149324400457114317816287120169614, http://localhost:8080/petclinic/
49422149324400457114317816287120169614, 147208296454181664388780506025859791973 -> a [<span _ngcontent-vwf-c45="" aria-hidden="true" class="glyphicon glyphicon-home", 233426145574943821352606517966566132163, http://localhost:8080/petclinic/welcome
233426145574943821352606517966566132163, 247501732978013669396046065267675794619 -> a ['Owners', <span _ngcontent-vwf-c45="" class="caret", 227835630353743896636286229706560382285, http://localhost:8080/petclinic/welcome
49422149324400457114317816287120169614, None, 49422149324400457114317816287120169614, http://localhost:8080/petclinic/
49422149324400457114317816287120169614, None, 49422149324400457114317816287120169614, http://localhost:8080/petclinic/
49422149324400457114317816287120169614, 276404219250338518875352365646073337932 -> a ['Veterinarians', <span _ngcontent-hfn-c45="" class="caret", 74849793808848032408097070206027864246, http://localhost:8080/petclinic/
74849793808848032408097070206027864246, 285850957756061892640702377172287554377 -> a [<span _ngcontent-hfn-c45="" aria-hidden="true" class="glyphicon glyphicon-search", 157160640445751975500720621752664039441, http://localhost:8080/petclinic/vets
157160640445751975500720621752664039441, 254942701451482367458525310889722088075 -> button ['Home']{'_ngcontent-hfn-c': '', 'class': 'btnbtn-default'}, 325893423893384561008935517943983621744, http://localhost:8080/petclinic/vets
325893423893384561008935517943983621744, 22378212785152657057131070256414222890 -> a ['Owners', <span _ngcontent-hfn-c45="" class="caret", 227835630353743896636286229706560382285, http://localhost:8080/petclinic/welcome
227835630353743896636286229706560382285, 317992516242771404914317093119353359842 -> a [<span _ngcontent-hfn-c45="" aria-hidden="true" class="glyphicon glyphicon-search", 192707741666091566240352799848887721267, http://localhost:8080/petclinic/owners
49422149324400457114317816287120169614, None, 49422149324400457114317816287120169614, http://localhost:8080/petclinic/
49422149324400457114317816287120169614, 204173476486540995678580200303707425401 -> a ['Owners', <span _ngcontent-osq-c45="" class="caret", 203789904488100118908646339278060037750, http://localhost:8080/petclinic/
49422149324400457114317816287120169614, None, 49422149324400457114317816287120169614, http://localhost:8080/petclinic/
49422149324400457114317816287120169614, 164931038109432737382127390730606791151 -> a [<span _ngcontent-wxq-c45="" aria-hidden="true" class="glyphicon glyphicon-home", 233426145574943821352606517966566132163, http://localhost:8080/petclinic/welcome
233426145574943821352606517966566132163, 283863885090424768239440947547205465724 -> a [<span _ngcontent-wxq-c45="" aria-hidden="true" class="glyphicon glyphicon-th-list", 108293023272059840788360475304945068641, http://localhost:8080/petclinic/pettypes
49422149324400457114317816287120169614, None, 49422149324400457114317816287120169614, http://localhost:8080/petclinic/
49422149324400457114317816287120169614, 9506538939409606773873232131894345879 -> a [<span _ngcontent-qsq-c45="" aria-hidden="true" class="glyphicon glyphicon-th-list", 29471666746861938259470438044637749945, http://localhost:8080/petclinic/specialties
29471666746861938259470438044637749945, 88424430871059464319272687025430442780 -> button ['Delete']{'_ngcontent-qsq-c': '', 'class': 'btnbtn-default'}, 29471666746861938259470438044637749945, http://localhost:8080/petclinic/specialties
29471666746861938259470438044637749945, 35598048217420124829007513757534596643 -> input []{'_ngcontent-qsq-c': '', 'type': 'text', 'name': 'spec_name', 'class': 'form-controlng-untouchedng-pristineng-valid', 'ng-reflect-name': 'spec_name', 'id': '', 'readonly': '', 'ng-reflect-model': 'dentistry'}, 29471666746861938259470438044637749945, http://localhost:8080/petclinic/specialties
29471666746861938259470438044637749945, 301655955347899799948245551885088846724 -> input []{'_ngcontent-qsq-c': '', 'type': 'text', 'name': 'spec_name', 'class': 'form-controlng-untouchedng-pristineng-valid', 'ng-reflect-name': 'spec_name', 'id': '', 'readonly': '', 'ng-reflect-model': 'surgery'}, 177277122829485994139659753230404594163, http://localhost:8080/petclinic/specialties
177277122829485994139659753230404594163, 122197946979319691358909927431726863999 -> a [<span _ngcontent-qsq-c45="" aria-hidden="true" class="glyphicon glyphicon-home", 233426145574943821352606517966566132163, http://localhost:8080/petclinic/welcome
233426145574943821352606517966566132163, 75294860739462513037869210020127224374 -> a ['Owners', <span _ngcontent-qsq-c45="" class="caret", 227835630353743896636286229706560382285, http://localhost:8080/petclinic/welcome
227835630353743896636286229706560382285, 116719913318516352000404963748944132182 -> a [<span _ngcontent-qsq-c45="" aria-hidden="true" class="glyphicon glyphicon-plus", 196370683163298305697357578125185634226, http://localhost:8080/petclinic/owners/add
49422149324400457114317816287120169614, None, 49422149324400457114317816287120169614, http://localhost:8080/petclinic/
49422149324400457114317816287120169614, 96749101552758865085418494423155644104 -> a [<span _ngcontent-nmn-c45="" aria-hidden="true" class="glyphicon glyphicon-th-list", 29471666746861938259470438044637749945, http://localhost:8080/petclinic/specialties
29471666746861938259470438044637749945, 254983581558454657703967062727900938 -> button ['Home']{'_ngcontent-nmn-c': '', 'class': 'btnbtn-default'}, 90924957358455097642166425674986735534, http://localhost:8080/petclinic/specialties
90924957358455097642166425674986735534, 325686468395487364984227065461992127744 -> a [<span _ngcontent-nmn-c45="" aria-hidden="true" class="glyphicon glyphicon-home", 233426145574943821352606517966566132163, http://localhost:8080/petclinic/welcome
233426145574943821352606517966566132163, 255882523698717692590444395373325629148 -> a ['Owners', <span _ngcontent-nmn-c45="" class="caret", 227835630353743896636286229706560382285, http://localhost:8080/petclinic/welcome
227835630353743896636286229706560382285, 294540349280363929476803565462858816682 -> a [<span _ngcontent-nmn-c45="" aria-hidden="true" class="glyphicon glyphicon-plus", 196370683163298305697357578125185634226, http://localhost:8080/petclinic/owners/add
196370683163298305697357578125185634226, 249377418445000172069942505959749111808 -> input []{'_ngcontent-nmn-c': '', 'type': 'text', 'id': 'lastName', 'name': 'lastName', 'minlength': '', 'required': '', 'class': 'form-controlng-untouchedng-pristineng-invalid', 'ng-reflect-name': 'lastName', 'ng-reflect-minlength': '', 'ng-reflect-required': ''}, 189753661572952026140926468287086751077, http://localhost:8080/petclinic/owners/add
189753661572952026140926468287086751077, 13602608484813214283250739247006772321 -> button ['Back']{'_ngcontent-nmn-c': '', 'type': 'button', 'class': 'btnbtn-default'}, 55803487681877135086088690340086250920, http://localhost:8080/petclinic/owners/add
55803487681877135086088690340086250920, 255882523698717692590444395373325629148 -> a ['Owners', <span _ngcontent-nmn-c45="" class="caret", 176525136791223397794098526211338132850, http://localhost:8080/petclinic/owners
49422149324400457114317816287120169614, None, 49422149324400457114317816287120169614, http://localhost:8080/petclinic/
49422149324400457114317816287120169614, 124586701737050595511021990311404743375 -> a [<span _ngcontent-eua-c45="" aria-hidden="true" class="glyphicon glyphicon-th-list", 108293023272059840788360475304945068641, http://localhost:8080/petclinic/pettypes
108293023272059840788360475304945068641, 6608947615106525142308116879017877472 -> a [<span _ngcontent-eua-c45="" aria-hidden="true" class="glyphicon glyphicon-th-list", 29471666746861938259470438044637749945, http://localhost:8080/petclinic/specialties
29471666746861938259470438044637749945, 9329592389084126348834765464866225851 -> button [' Add ']{'_ngcontent-eua-c': '', 'class': 'btnbtn-default'}, 35742322003424371479105068301184530812, http://localhost:8080/petclinic/specialties
35742322003424371479105068301184530812, 160210965363987597316064831586831269159 -> button ['Home']{'_ngcontent-eua-c': '', 'class': 'btnbtn-default'}, 233426145574943821352606517966566132163, http://localhost:8080/petclinic/welcome
233426145574943821352606517966566132163, 93250782941127049016255521671685817926 -> a [<span _ngcontent-eua-c45="" aria-hidden="true" class="glyphicon glyphicon-th-list", 29471666746861938259470438044637749945, http://localhost:8080/petclinic/specialties
29471666746861938259470438044637749945, 9329592389084126348834765464866225851 -> button [' Add ']{'_ngcontent-eua-c': '', 'class': 'btnbtn-default'}, 35742322003424371479105068301184530812, http://localhost:8080/petclinic/specialties
35742322003424371479105068301184530812, 9329592389084126348834765464866225851 -> button [' Add ']{'_ngcontent-eua-c': '', 'class': 'btnbtn-default'}, 29471666746861938259470438044637749945, http://localhost:8080/petclinic/specialties
29471666746861938259470438044637749945, 302298693290697613985100404383699333461 -> input []{'_ngcontent-eua-c': '', 'type': 'text', 'name': 'spec_name', 'class': 'form-controlng-untouchedng-pristineng-valid', 'ng-reflect-name': 'spec_name', 'id': '', 'readonly': '', 'ng-reflect-model': 'dentistry'}, 29471666746861938259470438044637749945, http://localhost:8080/petclinic/specialties
49422149324400457114317816287120169614, None, 49422149324400457114317816287120169614, http://localhost:8080/petclinic/
49422149324400457114317816287120169614, None, 49422149324400457114317816287120169614, http://localhost:8080/petclinic/
49422149324400457114317816287120169614, 14750646542141412101091224754641358041 -> a [<span _ngcontent-csf-c45="" aria-hidden="true" class="glyphicon glyphicon-th-list", 29471666746861938259470438044637749945, http://localhost:8080/petclinic/specialties
29471666746861938259470438044637749945, 296988154006214698370109892591675287030 -> input []{'_ngcontent-csf-c': '', 'type': 'text', 'name': 'spec_name', 'class': 'form-controlng-untouchedng-pristineng-valid', 'ng-reflect-name': 'spec_name', 'id': '', 'readonly': '', 'ng-reflect-model': 'surgery'}, 29471666746861938259470438044637749945, http://localhost:8080/petclinic/specialties
49422149324400457114317816287120169614, None, 49422149324400457114317816287120169614, http://localhost:8080/petclinic/
49422149324400457114317816287120169614, 40472295648048270676380025717493643637 -> a [<span _ngcontent-xvn-c45="" aria-hidden="true" class="glyphicon glyphicon-home", 233426145574943821352606517966566132163, http://localhost:8080/petclinic/welcome
233426145574943821352606517966566132163, 158509745730419545079907749620733843064 -> a [<span _ngcontent-xvn-c45="" aria-hidden="true" class="glyphicon glyphicon-th-list", 108293023272059840788360475304945068641, http://localhost:8080/petclinic/pettypes
108293023272059840788360475304945068641, 272635715586676585636603745747007482340 -> input []{'_ngcontent-xvn-c': '', 'type': 'text', 'name': 'pettype_name', 'class': 'form-controlng-untouchedng-pristineng-valid', 'ng-reflect-name': 'pettype_name', 'id': '', 'readonly': '', 'ng-reflect-model': 'lizard'}, 108293023272059840788360475304945068641, http://localhost:8080/petclinic/pettypes
108293023272059840788360475304945068641, 171042732965055794670248505971879692658 -> input []{'_ngcontent-xvn-c': '', 'type': 'text', 'name': 'pettype_name', 'class': 'form-controlng-untouchedng-pristineng-valid', 'ng-reflect-name': 'pettype_name', 'id': '', 'readonly': '', 'ng-reflect-model': 'hamster'}, 208146136404623841280848699266371851214, http://localhost:8080/petclinic/pettypes
208146136404623841280848699266371851214, 203039682683299748059512916101353003539 -> a [<span _ngcontent-xvn-c45="" aria-hidden="true" class="glyphicon glyphicon-th-list", 29471666746861938259470438044637749945, http://localhost:8080/petclinic/specialties
29471666746861938259470438044637749945, 266315498606950359124978917968026571607 -> a ['Owners', <span _ngcontent-xvn-c45="" class="caret", 121775422253869778828073676739125319234, http://localhost:8080/petclinic/specialties
121775422253869778828073676739125319234, 153418901971054640247202130318661395466 -> a [<span _ngcontent-xvn-c45="" aria-hidden="true" class="glyphicon glyphicon-search", 192707741666091566240352799848887721267, http://localhost:8080/petclinic/owners
192707741666091566240352799848887721267, 40472295648048270676380025717493643637 -> a [<span _ngcontent-xvn-c45="" aria-hidden="true" class="glyphicon glyphicon-home", 233426145574943821352606517966566132163, http://localhost:8080/petclinic/welcome
49422149324400457114317816287120169614, None, 49422149324400457114317816287120169614, http://localhost:8080/petclinic/
49422149324400457114317816287120169614, 200574918040435835440578452344873576735 -> a ['Owners', <span _ngcontent-dhc-c45="" class="caret", 203789904488100118908646339278060037750, http://localhost:8080/petclinic/
203789904488100118908646339278060037750, 90283652100112900319639915041197406393 -> a [<span _ngcontent-dhc-c45="" aria-hidden="true" class="glyphicon glyphicon-th-list", 29471666746861938259470438044637749945, http://localhost:8080/petclinic/specialties
29471666746861938259470438044637749945, 247148257953122475660611226523890300748 -> a [<span _ngcontent-dhc-c45="" aria-hidden="true" class="glyphicon glyphicon-home", 233426145574943821352606517966566132163, http://localhost:8080/petclinic/welcome
233426145574943821352606517966566132163, 200574918040435835440578452344873576735 -> a ['Owners', <span _ngcontent-dhc-c45="" class="caret", 227835630353743896636286229706560382285, http://localhost:8080/petclinic/welcome
49422149324400457114317816287120169614, None, 49422149324400457114317816287120169614, http://localhost:8080/petclinic/
49422149324400457114317816287120169614, 287703479315186580836599620344455326427 -> a ['Veterinarians', <span _ngcontent-pvx-c45="" class="caret", 74849793808848032408097070206027864246, http://localhost:8080/petclinic/
74849793808848032408097070206027864246, 157784922655599440506968779649487596899 -> a [<span _ngcontent-pvx-c45="" aria-hidden="true" class="glyphicon glyphicon-th-list", 29471666746861938259470438044637749945, http://localhost:8080/petclinic/specialties
29471666746861938259470438044637749945, 132256707436015510257157498539186856563 -> input []{'_ngcontent-pvx-c': '', 'type': 'text', 'name': 'spec_name', 'class': 'form-controlng-untouchedng-pristineng-valid', 'ng-reflect-name': 'spec_name', 'id': '', 'readonly': '', 'ng-reflect-model': 'surgery'}, 29471666746861938259470438044637749945, http://localhost:8080/petclinic/specialties
29471666746861938259470438044637749945, 207558461133368001278462533427397347070 -> a ['Owners', <span _ngcontent-pvx-c45="" class="caret", 255677543285428041734360435999099381231, http://localhost:8080/petclinic/specialties
255677543285428041734360435999099381231, 139369870490293726913066637249373593509 -> a [<span _ngcontent-pvx-c45="" aria-hidden="true" class="glyphicon glyphicon-th-list", 108293023272059840788360475304945068641, http://localhost:8080/petclinic/pettypes
108293023272059840788360475304945068641, 203142327140766619577001029657202379490 -> input []{'_ngcontent-pvx-c': '', 'type': 'text', 'name': 'pettype_name', 'class': 'form-controlng-untouchedng-pristineng-valid', 'ng-reflect-name': 'pettype_name', 'id': '', 'readonly': '', 'ng-reflect-model': 'bird'}, 108293023272059840788360475304945068641, http://localhost:8080/petclinic/pettypes
49422149324400457114317816287120169614, None, 49422149324400457114317816287120169614, http://localhost:8080/petclinic/
49422149324400457114317816287120169614, None, 49422149324400457114317816287120169614, http://localhost:8080/petclinic/
49422149324400457114317816287120169614, 265804678868220384191190300775504489223 -> a [<span _ngcontent-vif-c45="" aria-hidden="true" class="glyphicon glyphicon-th-list", 108293023272059840788360475304945068641, http://localhost:8080/petclinic/pettypes
108293023272059840788360475304945068641, 20861433656705404857253949125747010282 -> a ['Veterinarians', <span _ngcontent-vif-c45="" class="caret", 131894143802363113724312647612665280708, http://localhost:8080/petclinic/pettypes
131894143802363113724312647612665280708, 224664143486310095542407598703050841897 -> input []{'_ngcontent-vif-c': '', 'type': 'text', 'name': 'pettype_name', 'class': 'form-controlng-untouchedng-pristineng-valid', 'ng-reflect-name': 'pettype_name', 'id': '', 'readonly': '', 'ng-reflect-model': 'dog'}, 131894143802363113724312647612665280708, http://localhost:8080/petclinic/pettypes
131894143802363113724312647612665280708, 224664143486310095542407598703050841897 -> input []{'_ngcontent-vif-c': '', 'type': 'text', 'name': 'pettype_name', 'class': 'form-controlng-untouchedng-pristineng-valid', 'ng-reflect-name': 'pettype_name', 'id': '', 'readonly': '', 'ng-reflect-model': 'dog'}, 131894143802363113724312647612665280708, http://localhost:8080/petclinic/pettypes
131894143802363113724312647612665280708, 224664143486310095542407598703050841897 -> input []{'_ngcontent-vif-c': '', 'type': 'text', 'name': 'pettype_name', 'class': 'form-controlng-untouchedng-pristineng-valid', 'ng-reflect-name': 'pettype_name', 'id': '', 'readonly': '', 'ng-reflect-model': 'dog'}, 131894143802363113724312647612665280708, http://localhost:8080/petclinic/pettypes
131894143802363113724312647612665280708, 285151418980337172643221728654236811328 -> a [<span _ngcontent-vif-c45="" aria-hidden="true" class="glyphicon glyphicon-plus", 226400275808166741890881194165636805276, http://localhost:8080/petclinic/vets/add
226400275808166741890881194165636805276, 326325348082425108544392437331150292515 -> option [' dentistry ']{'_ngcontent-vif-c': '', 'value': ': Object', 'ng-reflect-ng-value': '[object Object]'}, 226400275808166741890881194165636805276, http://localhost:8080/petclinic/vets/add
226400275808166741890881194165636805276, 216775627274890868819857348356255498626 -> a [<span _ngcontent-vif-c45="" aria-hidden="true" class="glyphicon glyphicon-home", 233426145574943821352606517966566132163, http://localhost:8080/petclinic/welcome
49422149324400457114317816287120169614, None, 49422149324400457114317816287120169614, http://localhost:8080/petclinic/
49422149324400457114317816287120169614, None, 49422149324400457114317816287120169614, http://localhost:8080/petclinic/
49422149324400457114317816287120169614, None, 49422149324400457114317816287120169614, http://localhost:8080/petclinic/
49422149324400457114317816287120169614, 302366033709680454901603001453562749073 -> a [<span _ngcontent-hmo-c45="" aria-hidden="true" class="glyphicon glyphicon-home", 233426145574943821352606517966566132163, http://localhost:8080/petclinic/welcome
49422149324400457114317816287120169614, None, 49422149324400457114317816287120169614, http://localhost:8080/petclinic/
49422149324400457114317816287120169614, 119761570687425396397965654346888753848 -> a [<span _ngcontent-pfg-c45="" aria-hidden="true" class="glyphicon glyphicon-home", 233426145574943821352606517966566132163, http://localhost:8080/petclinic/welcome
233426145574943821352606517966566132163, 122207555182012394093510671848417836345 -> a [<span _ngcontent-pfg-c45="" aria-hidden="true" class="glyphicon glyphicon-th-list", 153333956493652669533881615647501471098, http://localhost:8080/petclinic/pettypes
153333956493652669533881615647501471098, 119761570687425396397965654346888753848 -> a [<span _ngcontent-pfg-c45="" aria-hidden="true" class="glyphicon glyphicon-home", 233426145574943821352606517966566132163, http://localhost:8080/petclinic/welcome
233426145574943821352606517966566132163, 70015390857883047953702403122092559954 -> a [<span _ngcontent-pfg-c45="" aria-hidden="true" class="glyphicon glyphicon-th-list", 108293023272059840788360475304945068641, http://localhost:8080/petclinic/pettypes
108293023272059840788360475304945068641, 119761570687425396397965654346888753848 -> a [<span _ngcontent-pfg-c45="" aria-hidden="true" class="glyphicon glyphicon-home", 233426145574943821352606517966566132163, http://localhost:8080/petclinic/welcome
49422149324400457114317816287120169614, None, 49422149324400457114317816287120169614, http://localhost:8080/petclinic/
49422149324400457114317816287120169614, 138567441853312047385046140926175326136 -> a ['Veterinarians', <span _ngcontent-jra-c45="" class="caret", 74849793808848032408097070206027864246, http://localhost:8080/petclinic/
74849793808848032408097070206027864246, 56068558516740692711420892235549403995 -> a [<span _ngcontent-jra-c45="" aria-hidden="true" class="glyphicon glyphicon-th-list", 108293023272059840788360475304945068641, http://localhost:8080/petclinic/pettypes
108293023272059840788360475304945068641, 201280152587044474992440141002764031447 -> button ['Edit']{'_ngcontent-jra-c': '', 'class': 'btnbtn-default'}, 151345748049823530212971871764231642580, http://localhost:8080/petclinic/pettypes
151345748049823530212971871764231642580, 238649950452255137447583410994505512795 -> a [<span _ngcontent-jra-c45="" aria-hidden="true" class="glyphicon glyphicon-th-list", 153333956493652669533881615647501471098, http://localhost:8080/petclinic/pettypes
153333956493652669533881615647501471098, 227107420749528507696529119260551185015 -> button [' Add ']{'_ngcontent-jra-c': '', 'class': 'btnbtn-default'}, 152239562191268467223081674236845552389, http://localhost:8080/petclinic/pettypes
152239562191268467223081674236845552389, 138567441853312047385046140926175326136 -> a ['Veterinarians', <span _ngcontent-jra-c45="" class="caret", 60065081883148707193763818578095482468, http://localhost:8080/petclinic/pettypes/1/edit
60065081883148707193763818578095482468, 152567933864345631684074309148656826772 -> input []{'_ngcontent-jra-c': '', 'id': 'name', 'name': 'name', 'required': '', 'type': 'text', 'class': 'form-controlng-untouchedng-pristineng-valid', 'ng-reflect-name': 'name', 'ng-reflect-required': '', 'ng-reflect-model': 'cat'}, 156598523794637871926955689739423988905, http://localhost:8080/petclinic/pettypes/1/edit
49422149324400457114317816287120169614, None, 49422149324400457114317816287120169614, http://localhost:8080/petclinic/
49422149324400457114317816287120169614, 229392467636621972521789346181555709445 -> a ['Veterinarians', <span _ngcontent-muu-c45="" class="caret", 74849793808848032408097070206027864246, http://localhost:8080/petclinic/
74849793808848032408097070206027864246, 8981067351958601862978974057644809290 -> a [<span _ngcontent-muu-c45="" aria-hidden="true" class="glyphicon glyphicon-plus", 226400275808166741890881194165636805276, http://localhost:8080/petclinic/vets/add
226400275808166741890881194165636805276, 150906346077084734055124539691859574091 -> input []{'_ngcontent-muu-c': '', 'type': 'text', 'id': 'lastName', 'name': 'lastName', 'minlength': '', 'required': '', 'class': 'form-controlng-untouchedng-pristineng-invalid', 'ng-reflect-name': 'lastName', 'ng-reflect-minlength': '', 'ng-reflect-required': ''}, 211056907845049381781713799245487312710, http://localhost:8080/petclinic/vets/add
211056907845049381781713799245487312710, 113112206906824431835302305722969204639 -> option [' dentistry ']{'_ngcontent-muu-c': '', 'value': ': Object', 'ng-reflect-ng-value': '[object Object]'}, 339628217099921447053986899566868932444, http://localhost:8080/petclinic/vets/add
339628217099921447053986899566868932444, 197029550204707335008542008932525654497 -> a [<span _ngcontent-muu-c45="" aria-hidden="true" class="glyphicon glyphicon-home", 233426145574943821352606517966566132163, http://localhost:8080/petclinic/welcome
49422149324400457114317816287120169614, None, 49422149324400457114317816287120169614, http://localhost:8080/petclinic/
49422149324400457114317816287120169614, 229549511859522116372164258513732083027 -> a [<span _ngcontent-mrl-c45="" aria-hidden="true" class="glyphicon glyphicon-th-list", 108293023272059840788360475304945068641, http://localhost:8080/petclinic/pettypes
108293023272059840788360475304945068641, 274148274027794500077573767829307739345 -> a ['Owners', <span _ngcontent-mrl-c45="" class="caret", 330415231625075108075183773243468730433, http://localhost:8080/petclinic/pettypes
330415231625075108075183773243468730433, 193810189361048776276583064361977233093 -> a [<span _ngcontent-mrl-c45="" aria-hidden="true" class="glyphicon glyphicon-search", 192707741666091566240352799848887721267, http://localhost:8080/petclinic/owners
192707741666091566240352799848887721267, 64363786316177138094669227244437822500 -> a [<span _ngcontent-mrl-c45="" aria-hidden="true" class="glyphicon glyphicon-th-list", 108293023272059840788360475304945068641, http://localhost:8080/petclinic/pettypes
108293023272059840788360475304945068641, 278256354063443592089929102434114920657 -> a [<span _ngcontent-mrl-c45="" aria-hidden="true" class="glyphicon glyphicon-th-list", 108293023272059840788360475304945068641, http://localhost:8080/petclinic/pettypes
108293023272059840788360475304945068641, 274148274027794500077573767829307739345 -> a ['Owners', <span _ngcontent-mrl-c45="" class="caret", 330415231625075108075183773243468730433, http://localhost:8080/petclinic/pettypes
330415231625075108075183773243468730433, 133543406069148024547106497074882634718 -> input []{'_ngcontent-mrl-c': '', 'type': 'text', 'name': 'pettype_name', 'class': 'form-controlng-untouchedng-pristineng-valid', 'ng-reflect-name': 'pettype_name', 'id': '', 'readonly': '', 'ng-reflect-model': 'bird'}, 330415231625075108075183773243468730433, http://localhost:8080/petclinic/pettypes
330415231625075108075183773243468730433, 299746922645395915174716484452441718465 -> button ['Home']{'_ngcontent-mrl-c': '', 'class': 'btnbtn-default'}, 197610529375671059583783508832852996774, http://localhost:8080/petclinic/pettypes
49422149324400457114317816287120169614, None, 49422149324400457114317816287120169614, http://localhost:8080/petclinic/
49422149324400457114317816287120169614, 87526482429139658441839563193737970149 -> a [<span _ngcontent-ncu-c45="" aria-hidden="true" class="glyphicon glyphicon-th-list", 29471666746861938259470438044637749945, http://localhost:8080/petclinic/specialties
29471666746861938259470438044637749945, 223446125264375235025868043089946234190 -> a [<span _ngcontent-ncu-c45="" aria-hidden="true" class="glyphicon glyphicon-th-list", 29471666746861938259470438044637749945, http://localhost:8080/petclinic/specialties
29471666746861938259470438044637749945, 295008583711105880566976663141962621549 -> button [' Add ']{'_ngcontent-ncu-c': '', 'class': 'btnbtn-default'}, 35742322003424371479105068301184530812, http://localhost:8080/petclinic/specialties
35742322003424371479105068301184530812, 244367882606530192470715784901381712243 -> a ['Veterinarians', <span _ngcontent-ncu-c45="" class="caret", 121942328967924361275979249059437248574, http://localhost:8080/petclinic/specialties
121942328967924361275979249059437248574, 295008583711105880566976663141962621549 -> button [' Add ']{'_ngcontent-ncu-c': '', 'class': 'btnbtn-default'}, 29471666746861938259470438044637749945, http://localhost:8080/petclinic/specialties
29471666746861938259470438044637749945, 244367882606530192470715784901381712243 -> a ['Veterinarians', <span _ngcontent-ncu-c45="" class="caret", 240041143287631293208770002027053747546, http://localhost:8080/petclinic/specialties
240041143287631293208770002027053747546, 18313113221204567814469166151405508011 -> a ['Owners', <span _ngcontent-ncu-c45="" class="caret", 121775422253869778828073676739125319234, http://localhost:8080/petclinic/specialties
121775422253869778828073676739125319234, 23865029568788214978291791981524633361 -> a [<span _ngcontent-ncu-c45="" aria-hidden="true" class="glyphicon glyphicon-search", 192707741666091566240352799848887721267, http://localhost:8080/petclinic/owners
49422149324400457114317816287120169614, None, 49422149324400457114317816287120169614, http://localhost:8080/petclinic/
49422149324400457114317816287120169614, 103447131915894614871091285122173266954 -> a [<span _ngcontent-jqk-c45="" aria-hidden="true" class="glyphicon glyphicon-th-list", 108293023272059840788360475304945068641, http://localhost:8080/petclinic/pettypes
108293023272059840788360475304945068641, 171386101468575291136441721358643529487 -> input []{'_ngcontent-jqk-c': '', 'type': 'text', 'name': 'pettype_name', 'class': 'form-controlng-untouchedng-pristineng-valid', 'ng-reflect-name': 'pettype_name', 'id': '', 'readonly': '', 'ng-reflect-model': 'lizard'}, 108293023272059840788360475304945068641, http://localhost:8080/petclinic/pettypes
108293023272059840788360475304945068641, 84889241538804179101708555300165867569 -> a ['Owners', <span _ngcontent-jqk-c45="" class="caret", 246375729367087771697339939741195806549, http://localhost:8080/petclinic/pettypes
246375729367087771697339939741195806549, 270229940003080567876787130939889051055 -> a [<span _ngcontent-jqk-c45="" aria-hidden="true" class="glyphicon glyphicon-home", 233426145574943821352606517966566132163, http://localhost:8080/petclinic/welcome
233426145574943821352606517966566132163, 270229940003080567876787130939889051055 -> a [<span _ngcontent-jqk-c45="" aria-hidden="true" class="glyphicon glyphicon-home", 233426145574943821352606517966566132163, http://localhost:8080/petclinic/welcome
233426145574943821352606517966566132163, 102323774850589363680871406899024232270 -> a [<span _ngcontent-jqk-c45="" aria-hidden="true" class="glyphicon glyphicon-th-list", 29471666746861938259470438044637749945, http://localhost:8080/petclinic/specialties
29471666746861938259470438044637749945, 146585268093483638776880730240912232497 -> button ['Home']{'_ngcontent-jqk-c': '', 'class': 'btnbtn-default'}, 90924957358455097642166425674986735534, http://localhost:8080/petclinic/specialties
90924957358455097642166425674986735534, 26111168209666960668185499108306798897 -> a ['Veterinarians', <span _ngcontent-jqk-c45="" class="caret", 192306625620991217132025247140004257967, http://localhost:8080/petclinic/welcome
49422149324400457114317816287120169614, None, 49422149324400457114317816287120169614, http://localhost:8080/petclinic/
49422149324400457114317816287120169614, 127422528467662027842319590352363315542 -> a [<span _ngcontent-fvd-c45="" aria-hidden="true" class="glyphicon glyphicon-home", 233426145574943821352606517966566132163, http://localhost:8080/petclinic/welcome
233426145574943821352606517966566132163, 238760697837344373833183320484304724710 -> a ['Owners', <span _ngcontent-fvd-c45="" class="caret", 227835630353743896636286229706560382285, http://localhost:8080/petclinic/welcome
227835630353743896636286229706560382285, 79009886246599140139738315290284559411 -> a ['Veterinarians', <span _ngcontent-fvd-c45="" class="caret", 192306625620991217132025247140004257967, http://localhost:8080/petclinic/welcome
192306625620991217132025247140004257967, 91496109986780735735484180034254400944 -> a [<span _ngcontent-fvd-c45="" aria-hidden="true" class="glyphicon glyphicon-search", 157160640445751975500720621752664039441, http://localhost:8080/petclinic/vets
157160640445751975500720621752664039441, 127422528467662027842319590352363315542 -> a [<span _ngcontent-fvd-c45="" aria-hidden="true" class="glyphicon glyphicon-home", 233426145574943821352606517966566132163, http://localhost:8080/petclinic/welcome
49422149324400457114317816287120169614, None, 49422149324400457114317816287120169614, http://localhost:8080/petclinic/
49422149324400457114317816287120169614, 167279949789880664964193383735106172643 -> a [<span _ngcontent-llj-c45="" aria-hidden="true" class="glyphicon glyphicon-th-list", 108293023272059840788360475304945068641, http://localhost:8080/petclinic/pettypes
108293023272059840788360475304945068641, 65075231134667992936713383798377605889 -> input []{'_ngcontent-llj-c': '', 'type': 'text', 'name': 'pettype_name', 'class': 'form-controlng-untouchedng-pristineng-valid', 'ng-reflect-name': 'pettype_name', 'id': '', 'readonly': '', 'ng-reflect-model': 'bird'}, 108293023272059840788360475304945068641, http://localhost:8080/petclinic/pettypes
108293023272059840788360475304945068641, 269832301597766654150407912652205304066 -> a ['Owners', <span _ngcontent-llj-c45="" class="caret", 61545834782083949989223738572039316309, http://localhost:8080/petclinic/pettypes
61545834782083949989223738572039316309, 139110531582016374644719348733011027465 -> input []{'_ngcontent-llj-c': '', 'type': 'text', 'name': 'pettype_name', 'class': 'form-controlng-untouchedng-pristineng-valid', 'ng-reflect-name': 'pettype_name', 'id': '', 'readonly': '', 'ng-reflect-model': 'lizard'}, 61545834782083949989223738572039316309, http://localhost:8080/petclinic/pettypes
61545834782083949989223738572039316309, 43776032429112702466024548165952143181 -> button ['Home']{'_ngcontent-llj-c': '', 'class': 'btnbtn-default'}, 197610529375671059583783508832852996774, http://localhost:8080/petclinic/pettypes
49422149324400457114317816287120169614, None, 49422149324400457114317816287120169614, http://localhost:8080/petclinic/
49422149324400457114317816287120169614, None, 49422149324400457114317816287120169614, http://localhost:8080/petclinic/
49422149324400457114317816287120169614, 118227163166343216882033680295768575483 -> a ['Veterinarians', <span _ngcontent-uqw-c45="" class="caret", 74849793808848032408097070206027864246, http://localhost:8080/petclinic/
74849793808848032408097070206027864246, 255845033849510782773966799526005069087 -> a [<span _ngcontent-uqw-c45="" aria-hidden="true" class="glyphicon glyphicon-search", 157160640445751975500720621752664039441, http://localhost:8080/petclinic/vets
157160640445751975500720621752664039441, 278782525396635890055845493256769841292 -> a [<span _ngcontent-uqw-c45="" aria-hidden="true" class="glyphicon glyphicon-th-list", 108293023272059840788360475304945068641, http://localhost:8080/petclinic/pettypes
49422149324400457114317816287120169614, None, 49422149324400457114317816287120169614, http://localhost:8080/petclinic/
49422149324400457114317816287120169614, 41860481071334805474338672982744657249 -> a ['Owners', <span _ngcontent-vau-c45="" class="caret", 203789904488100118908646339278060037750, http://localhost:8080/petclinic/
203789904488100118908646339278060037750, 65566704479928613199579460803620824388 -> a [<span _ngcontent-vau-c45="" aria-hidden="true" class="glyphicon glyphicon-plus", 196370683163298305697357578125185634226, http://localhost:8080/petclinic/owners/add
196370683163298305697357578125185634226, 283206822673592080434359165794698933097 -> a [<span _ngcontent-vau-c45="" aria-hidden="true" class="glyphicon glyphicon-th-list", 29471666746861938259470438044637749945, http://localhost:8080/petclinic/specialties
29471666746861938259470438044637749945, 208546954713944789446674444706783691696 -> button ['Delete']{'_ngcontent-vau-c': '', 'class': 'btnbtn-default'}, 29471666746861938259470438044637749945, http://localhost:8080/petclinic/specialties
29471666746861938259470438044637749945, 178237658338877863470742699228106897879 -> button ['Home']{'_ngcontent-vau-c': '', 'class': 'btnbtn-default'}, 90924957358455097642166425674986735534, http://localhost:8080/petclinic/specialties
90924957358455097642166425674986735534, 116951592721426642437451477249980218309 -> a ['Veterinarians', <span _ngcontent-vau-c45="" class="caret", 192306625620991217132025247140004257967, http://localhost:8080/petclinic/welcome
192306625620991217132025247140004257967, 65254185551562928466997225338016026888 -> a [<span _ngcontent-vau-c45="" aria-hidden="true" class="glyphicon glyphicon-plus", 226400275808166741890881194165636805276, http://localhost:8080/petclinic/vets/add
226400275808166741890881194165636805276, 116951592721426642437451477249980218309 -> a ['Veterinarians', <span _ngcontent-vau-c45="" class="caret", 44717312890763366971588779673034305496, http://localhost:8080/petclinic/vets/add
49422149324400457114317816287120169614, None, 49422149324400457114317816287120169614, http://localhost:8080/petclinic/
49422149324400457114317816287120169614, 276928807518465212895076131778149221002 -> a [<span _ngcontent-tyq-c45="" aria-hidden="true" class="glyphicon glyphicon-th-list", 108293023272059840788360475304945068641, http://localhost:8080/petclinic/pettypes
108293023272059840788360475304945068641, 169615526386587714257120838566932789835 -> a ['Owners', <span _ngcontent-tyq-c45="" class="caret", 330415231625075108075183773243468730433, http://localhost:8080/petclinic/pettypes
330415231625075108075183773243468730433, 280059720233157855509504602282740056024 -> a [<span _ngcontent-tyq-c45="" aria-hidden="true" class="glyphicon glyphicon-th-list", 108293023272059840788360475304945068641, http://localhost:8080/petclinic/pettypes
108293023272059840788360475304945068641, 38205474582109127705051478576419633921 -> a [<span _ngcontent-tyq-c45="" aria-hidden="true" class="glyphicon glyphicon-th-list", 29471666746861938259470438044637749945, http://localhost:8080/petclinic/specialties
29471666746861938259470438044637749945, 136771336956403631301485867396765190915 -> input []{'_ngcontent-tyq-c': '', 'type': 'text', 'name': 'spec_name', 'class': 'form-controlng-untouchedng-pristineng-valid', 'ng-reflect-name': 'spec_name', 'id': '', 'readonly': '', 'ng-reflect-model': 'surgery'}, 29471666746861938259470438044637749945, http://localhost:8080/petclinic/specialties
29471666746861938259470438044637749945, 83601055535604037723233915258019148005 -> a [<span _ngcontent-tyq-c45="" aria-hidden="true" class="glyphicon glyphicon-home", 233426145574943821352606517966566132163, http://localhost:8080/petclinic/welcome
233426145574943821352606517966566132163, 277030103200250104043239543971474362972 -> a [<span _ngcontent-tyq-c45="" aria-hidden="true" class="glyphicon glyphicon-th-list", 29471666746861938259470438044637749945, http://localhost:8080/petclinic/specialties
29471666746861938259470438044637749945, 56477553348326732176767818498166788446 -> a [<span _ngcontent-tyq-c45="" aria-hidden="true" class="glyphicon glyphicon-th-list", 108293023272059840788360475304945068641, http://localhost:8080/petclinic/pettypes
49422149324400457114317816287120169614, None, 49422149324400457114317816287120169614, http://localhost:8080/petclinic/
49422149324400457114317816287120169614, 96853507126690521282934633117586744265 -> a [<span _ngcontent-rno-c45="" aria-hidden="true" class="glyphicon glyphicon-th-list", 29471666746861938259470438044637749945, http://localhost:8080/petclinic/specialties
29471666746861938259470438044637749945, 78380292398614451907023109170325671116 -> a ['Owners', <span _ngcontent-rno-c45="" class="caret", 121775422253869778828073676739125319234, http://localhost:8080/petclinic/specialties
121775422253869778828073676739125319234, 49488943416889796197589753060435804701 -> a [<span _ngcontent-rno-c45="" aria-hidden="true" class="glyphicon glyphicon-home", 233426145574943821352606517966566132163, http://localhost:8080/petclinic/welcome
233426145574943821352606517966566132163, 263255952158752578211961825924709002664 -> a [<span _ngcontent-rno-c45="" aria-hidden="true" class="glyphicon glyphicon-th-list", 108293023272059840788360475304945068641, http://localhost:8080/petclinic/pettypes
108293023272059840788360475304945068641, 20347692323001014103942106055619880103 -> input []{'_ngcontent-rno-c': '', 'type': 'text', 'name': 'pettype_name', 'class': 'form-controlng-untouchedng-pristineng-valid', 'ng-reflect-name': 'pettype_name', 'id': '', 'readonly': '', 'ng-reflect-model': 'bird'}, 108293023272059840788360475304945068641, http://localhost:8080/petclinic/pettypes
108293023272059840788360475304945068641, 275370667605280016948271898418470504021 -> button ['Delete']{'_ngcontent-rno-c': '', 'class': 'btnbtn-default'}, 258375280464714827417435723068904195585, http://localhost:8080/petclinic/pettypes
258375280464714827417435723068904195585, 83071296533205732869191818875365337170 -> input []{'_ngcontent-rno-c': '', 'type': 'text', 'name': 'pettype_name', 'class': 'form-controlng-untouchedng-pristineng-valid', 'ng-reflect-name': 'pettype_name', 'id': '', 'readonly': '', 'ng-reflect-model': 'cat'}, 129756952964624947115988264131211080427, http://localhost:8080/petclinic/pettypes
129756952964624947115988264131211080427, 271290855154964623631333925891891033798 -> input []{'_ngcontent-rno-c': '', 'type': 'text', 'name': 'pettype_name', 'class': 'form-controlng-pristineng-validng-touched', 'ng-reflect-name': 'pettype_name', 'id': '', 'readonly': '', 'ng-reflect-model': 'bird'}, 129756952964624947115988264131211080427, http://localhost:8080/petclinic/pettypes
49422149324400457114317816287120169614, None, 49422149324400457114317816287120169614, http://localhost:8080/petclinic/
49422149324400457114317816287120169614, 328021215588376667932646554547125737169 -> a [<span _ngcontent-ygm-c45="" aria-hidden="true" class="glyphicon glyphicon-th-list", 29471666746861938259470438044637749945, http://localhost:8080/petclinic/specialties
29471666746861938259470438044637749945, 186507385348963537154186976084809495805 -> button ['Delete']{'_ngcontent-ygm-c': '', 'class': 'btnbtn-default'}, 29471666746861938259470438044637749945, http://localhost:8080/petclinic/specialties
29471666746861938259470438044637749945, 36706709280034539853464710269687808099 -> a [<span _ngcontent-ygm-c45="" aria-hidden="true" class="glyphicon glyphicon-home", 233426145574943821352606517966566132163, http://localhost:8080/petclinic/welcome
233426145574943821352606517966566132163, 36706709280034539853464710269687808099 -> a [<span _ngcontent-ygm-c45="" aria-hidden="true" class="glyphicon glyphicon-home", 233426145574943821352606517966566132163, http://localhost:8080/petclinic/welcome
233426145574943821352606517966566132163, 71226894632247268497972578678322403273 -> a [<span _ngcontent-ygm-c45="" aria-hidden="true" class="glyphicon glyphicon-th-list", 29471666746861938259470438044637749945, http://localhost:8080/petclinic/specialties
29471666746861938259470438044637749945, 36706709280034539853464710269687808099 -> a [<span _ngcontent-ygm-c45="" aria-hidden="true" class="glyphicon glyphicon-home", 233426145574943821352606517966566132163, http://localhost:8080/petclinic/welcome
233426145574943821352606517966566132163, 36706709280034539853464710269687808099 -> a [<span _ngcontent-ygm-c45="" aria-hidden="true" class="glyphicon glyphicon-home", 233426145574943821352606517966566132163, http://localhost:8080/petclinic/welcome
49422149324400457114317816287120169614, None, 49422149324400457114317816287120169614, http://localhost:8080/petclinic/
49422149324400457114317816287120169614, 326102752854618640910132992825674952910 -> a ['Owners', <span _ngcontent-ouk-c45="" class="caret", 203789904488100118908646339278060037750, http://localhost:8080/petclinic/
203789904488100118908646339278060037750, 116360787282166106425363560513129123798 -> a [<span _ngcontent-ouk-c45="" aria-hidden="true" class="glyphicon glyphicon-plus", 196370683163298305697357578125185634226, http://localhost:8080/petclinic/owners/add
196370683163298305697357578125185634226, 12235536389491436548457974126917843562 -> a [<span _ngcontent-ouk-c45="" aria-hidden="true" class="glyphicon glyphicon-home", 233426145574943821352606517966566132163, http://localhost:8080/petclinic/welcome
233426145574943821352606517966566132163, 137608581327285862415173249815759110623 -> a ['Veterinarians', <span _ngcontent-ouk-c45="" class="caret", 192306625620991217132025247140004257967, http://localhost:8080/petclinic/welcome
192306625620991217132025247140004257967, 12235536389491436548457974126917843562 -> a [<span _ngcontent-ouk-c45="" aria-hidden="true" class="glyphicon glyphicon-home", 233426145574943821352606517966566132163, http://localhost:8080/petclinic/welcome
233426145574943821352606517966566132163, 326102752854618640910132992825674952910 -> a ['Owners', <span _ngcontent-ouk-c45="" class="caret", 227835630353743896636286229706560382285, http://localhost:8080/petclinic/welcome
49422149324400457114317816287120169614, None, 49422149324400457114317816287120169614, http://localhost:8080/petclinic/
49422149324400457114317816287120169614, 242325474592068539228443641330815480196 -> a ['Veterinarians', <span _ngcontent-tdw-c45="" class="caret", 74849793808848032408097070206027864246, http://localhost:8080/petclinic/
74849793808848032408097070206027864246, 257257183598180151569265205622130299976 -> a ['Owners', <span _ngcontent-tdw-c45="" class="caret", 203789904488100118908646339278060037750, http://localhost:8080/petclinic/
203789904488100118908646339278060037750, 272394620034410132340750354302806134844 -> a [<span _ngcontent-tdw-c45="" aria-hidden="true" class="glyphicon glyphicon-home", 233426145574943821352606517966566132163, http://localhost:8080/petclinic/welcome
49422149324400457114317816287120169614, None, 49422149324400457114317816287120169614, http://localhost:8080/petclinic/
49422149324400457114317816287120169614, 296319380193654031668668404723221693623 -> a [<span _ngcontent-ymf-c45="" aria-hidden="true" class="glyphicon glyphicon-th-list", 29471666746861938259470438044637749945, http://localhost:8080/petclinic/specialties
29471666746861938259470438044637749945, 234721360111769792777589503082467054169 -> a [<span _ngcontent-ymf-c45="" aria-hidden="true" class="glyphicon glyphicon-home", 233426145574943821352606517966566132163, http://localhost:8080/petclinic/welcome
233426145574943821352606517966566132163, 326439228006104438329264077020014454969 -> a [<span _ngcontent-ymf-c45="" aria-hidden="true" class="glyphicon glyphicon-th-list", 288837384050435833154613713335591823145, http://localhost:8080/petclinic/specialties
49422149324400457114317816287120169614, None, 49422149324400457114317816287120169614, http://localhost:8080/petclinic/
49422149324400457114317816287120169614, 123506274352546119142629022466755293288 -> a ['Owners', <span _ngcontent-fqg-c45="" class="caret", 203789904488100118908646339278060037750, http://localhost:8080/petclinic/
49422149324400457114317816287120169614, None, 49422149324400457114317816287120169614, http://localhost:8080/petclinic/
49422149324400457114317816287120169614, 78710972518487800456626119951124932212 -> a [<span _ngcontent-ifq-c45="" aria-hidden="true" class="glyphicon glyphicon-th-list", 21182366077073370538451083089917145188, http://localhost:8080/petclinic/pettypes
21182366077073370538451083089917145188, 2179911007273016947624441669116610619 -> button ['Home']{'_ngcontent-ifq-c': '', 'class': 'btnbtn-default'}, 197610529375671059583783508832852996774, http://localhost:8080/petclinic/pettypes
49422149324400457114317816287120169614, None, 49422149324400457114317816287120169614, http://localhost:8080/petclinic/
49422149324400457114317816287120169614, 199686582558371730777295628553610099498 -> a ['Owners', <span _ngcontent-dsw-c45="" class="caret", 203789904488100118908646339278060037750, http://localhost:8080/petclinic/
203789904488100118908646339278060037750, 129506228396235835469483372724196606069 -> a [<span _ngcontent-dsw-c45="" aria-hidden="true" class="glyphicon glyphicon-th-list", 21182366077073370538451083089917145188, http://localhost:8080/petclinic/pettypes
21182366077073370538451083089917145188, 207961538907258017556044393279776109565 -> a ['Veterinarians', <span _ngcontent-dsw-c45="" class="caret", 47274147187659942375393794532229508286, http://localhost:8080/petclinic/pettypes
47274147187659942375393794532229508286, 218099096501692387420561238351035931351 -> a [<span _ngcontent-dsw-c45="" aria-hidden="true" class="glyphicon glyphicon-home", 233426145574943821352606517966566132163, http://localhost:8080/petclinic/welcome
233426145574943821352606517966566132163, 218099096501692387420561238351035931351 -> a [<span _ngcontent-dsw-c45="" aria-hidden="true" class="glyphicon glyphicon-home", 233426145574943821352606517966566132163, http://localhost:8080/petclinic/welcome
233426145574943821352606517966566132163, 199686582558371730777295628553610099498 -> a ['Owners', <span _ngcontent-dsw-c45="" class="caret", 227835630353743896636286229706560382285, http://localhost:8080/petclinic/welcome
227835630353743896636286229706560382285, 231325888255032119045572884193875668260 -> a [<span _ngcontent-dsw-c45="" aria-hidden="true" class="glyphicon glyphicon-th-list", 21182366077073370538451083089917145188, http://localhost:8080/petclinic/pettypes
21182366077073370538451083089917145188, 207961538907258017556044393279776109565 -> a ['Veterinarians', <span _ngcontent-dsw-c45="" class="caret", 47274147187659942375393794532229508286, http://localhost:8080/petclinic/pettypes
49422149324400457114317816287120169614, None, 49422149324400457114317816287120169614, http://localhost:8080/petclinic/
49422149324400457114317816287120169614, 309540334318470455385069461768406912435 -> a ['Veterinarians', <span _ngcontent-bmk-c45="" class="caret", 74849793808848032408097070206027864246, http://localhost:8080/petclinic/
74849793808848032408097070206027864246, 248671424013052056344901462933812295598 -> a ['Veterinarians', <span _ngcontent-bmk-c45="" class="caret", 49422149324400457114317816287120169614, http://localhost:8080/petclinic/
49422149324400457114317816287120169614, 197013163482099826195691853349828809916 -> a [<span _ngcontent-bmk-c45="" aria-hidden="true" class="glyphicon glyphicon-home", 233426145574943821352606517966566132163, http://localhost:8080/petclinic/welcome
49422149324400457114317816287120169614, None, 49422149324400457114317816287120169614, http://localhost:8080/petclinic/
49422149324400457114317816287120169614, 314295781251133038906326799372327873264 -> a ['Owners', <span _ngcontent-egm-c45="" class="caret", 203789904488100118908646339278060037750, http://localhost:8080/petclinic/
203789904488100118908646339278060037750, 292130119333780593533241107707983038753 -> a [<span _ngcontent-egm-c45="" aria-hidden="true" class="glyphicon glyphicon-home", 233426145574943821352606517966566132163, http://localhost:8080/petclinic/welcome
233426145574943821352606517966566132163, 292130119333780593533241107707983038753 -> a [<span _ngcontent-egm-c45="" aria-hidden="true" class="glyphicon glyphicon-home", 233426145574943821352606517966566132163, http://localhost:8080/petclinic/welcome
233426145574943821352606517966566132163, 292130119333780593533241107707983038753 -> a [<span _ngcontent-egm-c45="" aria-hidden="true" class="glyphicon glyphicon-home", 233426145574943821352606517966566132163, http://localhost:8080/petclinic/welcome
233426145574943821352606517966566132163, 292130119333780593533241107707983038753 -> a [<span _ngcontent-egm-c45="" aria-hidden="true" class="glyphicon glyphicon-home", 233426145574943821352606517966566132163, http://localhost:8080/petclinic/welcome
233426145574943821352606517966566132163, 292130119333780593533241107707983038753 -> a [<span _ngcontent-egm-c45="" aria-hidden="true" class="glyphicon glyphicon-home", 233426145574943821352606517966566132163, http://localhost:8080/petclinic/welcome
233426145574943821352606517966566132163, 245248498303257808561696395960113247787 -> a [<span _ngcontent-egm-c45="" aria-hidden="true" class="glyphicon glyphicon-th-list", 29471666746861938259470438044637749945, http://localhost:8080/petclinic/specialties
29471666746861938259470438044637749945, 58833920974157611506971589061858622694 -> button ['Home']{'_ngcontent-egm-c': '', 'class': 'btnbtn-default'}, 90924957358455097642166425674986735534, http://localhost:8080/petclinic/specialties
49422149324400457114317816287120169614, None, 49422149324400457114317816287120169614, http://localhost:8080/petclinic/
49422149324400457114317816287120169614, 170249913148313828953318346928903330865 -> a [<span _ngcontent-afl-c45="" aria-hidden="true" class="glyphicon glyphicon-th-list", 29471666746861938259470438044637749945, http://localhost:8080/petclinic/specialties
29471666746861938259470438044637749945, 153219670394764924048557778845317672348 -> button [' Add ']{'_ngcontent-afl-c': '', 'class': 'btnbtn-default'}, 35742322003424371479105068301184530812, http://localhost:8080/petclinic/specialties
35742322003424371479105068301184530812, 94427259361328221398044957311312234425 -> input []{'_ngcontent-afl-c': '', 'id': 'name', 'name': 'specialityName', 'type': 'text', 'class': 'form-controlng-untouchedng-pristineng-valid', 'ng-reflect-name': 'specialityName'}, 336856692627818637741662526974103931797, http://localhost:8080/petclinic/specialties
336856692627818637741662526974103931797, 151179260463398049553731066221984368392 -> a [<span _ngcontent-afl-c45="" aria-hidden="true" class="glyphicon glyphicon-th-list", 186377037120241709357669488052253622458, http://localhost:8080/petclinic/specialties
186377037120241709357669488052253622458, 34278074854615886464133782633200824121 -> button ['Save']{'_ngcontent-afl-c': '', 'type': 'submit', 'class': 'btnbtn-default'}, 186377037120241709357669488052253622458, http://localhost:8080/petclinic/specialties
186377037120241709357669488052253622458, 34278074854615886464133782633200824121 -> button ['Save']{'_ngcontent-afl-c': '', 'type': 'submit', 'class': 'btnbtn-default'}, 186377037120241709357669488052253622458, http://localhost:8080/petclinic/specialties
186377037120241709357669488052253622458, 110791209575266020733060980120253758988 -> button ['Delete']{'_ngcontent-afl-c': '', 'class': 'btnbtn-default'}, 186377037120241709357669488052253622458, http://localhost:8080/petclinic/specialties
186377037120241709357669488052253622458, 110791209575266020733060980120253758988 -> button ['Delete']{'_ngcontent-afl-c': '', 'class': 'btnbtn-default'}, 186377037120241709357669488052253622458, http://localhost:8080/petclinic/specialties
49422149324400457114317816287120169614, None, 49422149324400457114317816287120169614, http://localhost:8080/petclinic/
49422149324400457114317816287120169614, 246732179224873336628831118195694287466 -> a [<span _ngcontent-qnp-c45="" aria-hidden="true" class="glyphicon glyphicon-th-list", 29471666746861938259470438044637749945, http://localhost:8080/petclinic/specialties
29471666746861938259470438044637749945, 264516473688874962655522398659142833600 -> input []{'_ngcontent-qnp-c': '', 'type': 'text', 'name': 'spec_name', 'class': 'form-controlng-untouchedng-pristineng-valid', 'ng-reflect-name': 'spec_name', 'id': '', 'readonly': '', 'ng-reflect-model': 'surgery'}, 29471666746861938259470438044637749945, http://localhost:8080/petclinic/specialties
29471666746861938259470438044637749945, 286353865971523772270323329558654652507 -> a [<span _ngcontent-qnp-c45="" aria-hidden="true" class="glyphicon glyphicon-home", 233426145574943821352606517966566132163, http://localhost:8080/petclinic/welcome
233426145574943821352606517966566132163, 275942537827604502841007205013377502333 -> a [<span _ngcontent-qnp-c45="" aria-hidden="true" class="glyphicon glyphicon-th-list", 288837384050435833154613713335591823145, http://localhost:8080/petclinic/specialties
288837384050435833154613713335591823145, 154940649242251951608632915775647902327 -> a [<span _ngcontent-qnp-c45="" aria-hidden="true" class="glyphicon glyphicon-th-list", 153333956493652669533881615647501471098, http://localhost:8080/petclinic/pettypes
153333956493652669533881615647501471098, 275942537827604502841007205013377502333 -> a [<span _ngcontent-qnp-c45="" aria-hidden="true" class="glyphicon glyphicon-th-list", 29471666746861938259470438044637749945, http://localhost:8080/petclinic/specialties
29471666746861938259470438044637749945, 264516473688874962655522398659142833600 -> input []{'_ngcontent-qnp-c': '', 'type': 'text', 'name': 'spec_name', 'class': 'form-controlng-untouchedng-pristineng-valid', 'ng-reflect-name': 'spec_name', 'id': '', 'readonly': '', 'ng-reflect-model': 'surgery'}, 29471666746861938259470438044637749945, http://localhost:8080/petclinic/specialties
29471666746861938259470438044637749945, 231859192294757597152878960970569546769 -> button ['Delete']{'_ngcontent-qnp-c': '', 'class': 'btnbtn-default'}, 228131876038090831928353168420968431025, http://localhost:8080/petclinic/specialties
49422149324400457114317816287120169614, None, 49422149324400457114317816287120169614, http://localhost:8080/petclinic/
49422149324400457114317816287120169614, 195898160045179926218088461103203904001 -> a ['Veterinarians', <span _ngcontent-kpt-c45="" class="caret", 74849793808848032408097070206027864246, http://localhost:8080/petclinic/
74849793808848032408097070206027864246, 234290225554583515725603244742407792031 -> a [<span _ngcontent-kpt-c45="" aria-hidden="true" class="glyphicon glyphicon-home", 233426145574943821352606517966566132163, http://localhost:8080/petclinic/welcome
233426145574943821352606517966566132163, 234290225554583515725603244742407792031 -> a [<span _ngcontent-kpt-c45="" aria-hidden="true" class="glyphicon glyphicon-home", 233426145574943821352606517966566132163, http://localhost:8080/petclinic/welcome
233426145574943821352606517966566132163, 51635179517196575700343029058355235167 -> a [<span _ngcontent-kpt-c45="" aria-hidden="true" class="glyphicon glyphicon-th-list", 21182366077073370538451083089917145188, http://localhost:8080/petclinic/pettypes
21182366077073370538451083089917145188, 34565891517742021176014942901960989671 -> input []{'_ngcontent-kpt-c': '', 'type': 'text', 'name': 'pettype_name', 'class': 'form-controlng-untouchedng-pristineng-valid', 'ng-reflect-name': 'pettype_name', 'id': '', 'readonly': '', 'ng-reflect-model': 'hamster'}, 21182366077073370538451083089917145188, http://localhost:8080/petclinic/pettypes
21182366077073370538451083089917145188, 234290225554583515725603244742407792031 -> a [<span _ngcontent-kpt-c45="" aria-hidden="true" class="glyphicon glyphicon-home", 233426145574943821352606517966566132163, http://localhost:8080/petclinic/welcome
233426145574943821352606517966566132163, 195898160045179926218088461103203904001 -> a ['Veterinarians', <span _ngcontent-kpt-c45="" class="caret", 192306625620991217132025247140004257967, http://localhost:8080/petclinic/welcome
192306625620991217132025247140004257967, 224758435708832962712264452003563325888 -> a ['Veterinarians', <span _ngcontent-kpt-c45="" class="caret", 233426145574943821352606517966566132163, http://localhost:8080/petclinic/welcome
49422149324400457114317816287120169614, None, 49422149324400457114317816287120169614, http://localhost:8080/petclinic/
49422149324400457114317816287120169614, 14898698329695374473582423718793157495 -> a [<span _ngcontent-eey-c45="" aria-hidden="true" class="glyphicon glyphicon-th-list", 21182366077073370538451083089917145188, http://localhost:8080/petclinic/pettypes
21182366077073370538451083089917145188, 288992032563263457561769088907123841612 -> input []{'_ngcontent-eey-c': '', 'type': 'text', 'name': 'pettype_name', 'class': 'form-controlng-untouchedng-pristineng-valid', 'ng-reflect-name': 'pettype_name', 'id': '', 'readonly': '', 'ng-reflect-model': 'lizard'}, 21182366077073370538451083089917145188, http://localhost:8080/petclinic/pettypes
49422149324400457114317816287120169614, None, 49422149324400457114317816287120169614, http://localhost:8080/petclinic/
49422149324400457114317816287120169614, 83834086526612473592607411813231563243 -> a [<span _ngcontent-xea-c45="" aria-hidden="true" class="glyphicon glyphicon-th-list", 29471666746861938259470438044637749945, http://localhost:8080/petclinic/specialties
29471666746861938259470438044637749945, 255332530556450838309724305381581469296 -> a [<span _ngcontent-xea-c45="" aria-hidden="true" class="glyphicon glyphicon-th-list", 153333956493652669533881615647501471098, http://localhost:8080/petclinic/pettypes
153333956493652669533881615647501471098, 37442126206987138239559135676481326365 -> a [<span _ngcontent-xea-c45="" aria-hidden="true" class="glyphicon glyphicon-th-list", 21182366077073370538451083089917145188, http://localhost:8080/petclinic/pettypes
21182366077073370538451083089917145188, 61288623018215608784056759005989848187 -> a [<span _ngcontent-xea-c45="" aria-hidden="true" class="glyphicon glyphicon-home", 233426145574943821352606517966566132163, http://localhost:8080/petclinic/welcome
49422149324400457114317816287120169614, None, 49422149324400457114317816287120169614, http://localhost:8080/petclinic/
49422149324400457114317816287120169614, 265193779458832436600588558744863004084 -> a [<span _ngcontent-sic-c45="" aria-hidden="true" class="glyphicon glyphicon-home", 233426145574943821352606517966566132163, http://localhost:8080/petclinic/welcome
233426145574943821352606517966566132163, 195725790674464915243443516276792490909 -> a ['Owners', <span _ngcontent-sic-c45="" class="caret", 227835630353743896636286229706560382285, http://localhost:8080/petclinic/welcome
227835630353743896636286229706560382285, 29889971819053959977037243451746614832 -> a [<span _ngcontent-sic-c45="" aria-hidden="true" class="glyphicon glyphicon-th-list", 29471666746861938259470438044637749945, http://localhost:8080/petclinic/specialties
29471666746861938259470438044637749945, 265193779458832436600588558744863004084 -> a [<span _ngcontent-sic-c45="" aria-hidden="true" class="glyphicon glyphicon-home", 233426145574943821352606517966566132163, http://localhost:8080/petclinic/welcome
233426145574943821352606517966566132163, 195725790674464915243443516276792490909 -> a ['Owners', <span _ngcontent-sic-c45="" class="caret", 227835630353743896636286229706560382285, http://localhost:8080/petclinic/welcome
227835630353743896636286229706560382285, 315278242943772206107365534754976963656 -> a [<span _ngcontent-sic-c45="" aria-hidden="true" class="glyphicon glyphicon-th-list", 288837384050435833154613713335591823145, http://localhost:8080/petclinic/specialties
49422149324400457114317816287120169614, None, 49422149324400457114317816287120169614, http://localhost:8080/petclinic/
49422149324400457114317816287120169614, 326495483899735242102638167283969189631 -> a [<span _ngcontent-kee-c45="" aria-hidden="true" class="glyphicon glyphicon-th-list", 21182366077073370538451083089917145188, http://localhost:8080/petclinic/pettypes
21182366077073370538451083089917145188, 261218269984205207707722547272986822297 -> button [' Add ']{'_ngcontent-kee-c': '', 'class': 'btnbtn-default'}, 202129637256019258863545816291112226352, http://localhost:8080/petclinic/pettypes
202129637256019258863545816291112226352, 82844253854972437394679283781664984305 -> input []{'_ngcontent-kee-c': '', 'type': 'text', 'name': 'pettype_name', 'class': 'form-controlng-untouchedng-pristineng-valid', 'ng-reflect-name': 'pettype_name', 'id': '', 'readonly': '', 'ng-reflect-model': 'lizard'}, 202129637256019258863545816291112226352, http://localhost:8080/petclinic/pettypes
202129637256019258863545816291112226352, 190622425434869937974160681523796948333 -> a [<span _ngcontent-kee-c45="" aria-hidden="true" class="glyphicon glyphicon-home", 233426145574943821352606517966566132163, http://localhost:8080/petclinic/welcome
233426145574943821352606517966566132163, 91633996378448313312826539039126949435 -> a [<span _ngcontent-kee-c45="" aria-hidden="true" class="glyphicon glyphicon-th-list", 21182366077073370538451083089917145188, http://localhost:8080/petclinic/pettypes
21182366077073370538451083089917145188, 261218269984205207707722547272986822297 -> button [' Add ']{'_ngcontent-kee-c': '', 'class': 'btnbtn-default'}, 202129637256019258863545816291112226352, http://localhost:8080/petclinic/pettypes
202129637256019258863545816291112226352, 114983297190057790742674781180977960504 -> button ['Delete']{'_ngcontent-kee-c': '', 'class': 'btnbtn-default'}, 202129637256019258863545816291112226352, http://localhost:8080/petclinic/pettypes
202129637256019258863545816291112226352, 49849157405781225242424729462948254006 -> a ['Owners', <span _ngcontent-kee-c45="" class="caret", 105991179304845912040426570262764978574, http://localhost:8080/petclinic/pettypes
49422149324400457114317816287120169614, None, 49422149324400457114317816287120169614, http://localhost:8080/petclinic/
49422149324400457114317816287120169614, 315162566489490529439022312721039583935 -> a [<span _ngcontent-xhm-c45="" aria-hidden="true" class="glyphicon glyphicon-th-list", 178202413569182107134588800090234905134, http://localhost:8080/petclinic/pettypes
178202413569182107134588800090234905134, 102586307962906120447137646162855791751 -> button ['Home']{'_ngcontent-xhm-c': '', 'class': 'btnbtn-default'}, 233426145574943821352606517966566132163, http://localhost:8080/petclinic/welcome
233426145574943821352606517966566132163, 103599810356467673006791039900996692251 -> a [<span _ngcontent-xhm-c45="" aria-hidden="true" class="glyphicon glyphicon-th-list", 153333956493652669533881615647501471098, http://localhost:8080/petclinic/pettypes
153333956493652669533881615647501471098, 102586307962906120447137646162855791751 -> button ['Home']{'_ngcontent-xhm-c': '', 'class': 'btnbtn-default'}, 178202413569182107134588800090234905134, http://localhost:8080/petclinic/pettypes
178202413569182107134588800090234905134, 198616315756856403434266726167130159624 -> a ['Owners', <span _ngcontent-xhm-c45="" class="caret", 127998119624886723030397212589472884390, http://localhost:8080/petclinic/pettypes
127998119624886723030397212589472884390, 332754008907595761716545534847368542201 -> a [<span _ngcontent-xhm-c45="" aria-hidden="true" class="glyphicon glyphicon-search", 140380125547306797232493415368388651547, http://localhost:8080/petclinic/owners
140380125547306797232493415368388651547, 335369137034593633969083232219120338179 -> input []{'_ngcontent-xhm-c': '', 'size': '', 'maxlength': '', 'id': 'lastName', 'name': 'lastName', 'value': '', 'class': 'form-controlng-untouchedng-pristineng-valid', 'ng-reflect-maxlength': '', 'ng-reflect-name': 'lastName'}, 37535678341481457986627074522962585959, http://localhost:8080/petclinic/owners
37535678341481457986627074522962585959, 273743506193490086474705326458212616766 -> a ['Veterinarians', <span _ngcontent-xhm-c45="" class="caret", 279763546877201736868554500690988552026, http://localhost:8080/petclinic/owners
49422149324400457114317816287120169614, None, 49422149324400457114317816287120169614, http://localhost:8080/petclinic/
49422149324400457114317816287120169614, None, 49422149324400457114317816287120169614, http://localhost:8080/petclinic/
49422149324400457114317816287120169614, 295723214732226788601700018390710021412 -> a [<span _ngcontent-arq-c45="" aria-hidden="true" class="glyphicon glyphicon-home", 233426145574943821352606517966566132163, http://localhost:8080/petclinic/welcome
233426145574943821352606517966566132163, 75964424925184995449883905638976416035 -> a [<span _ngcontent-arq-c45="" aria-hidden="true" class="glyphicon glyphicon-th-list", 29471666746861938259470438044637749945, http://localhost:8080/petclinic/specialties
29471666746861938259470438044637749945, 143876524854554869638091565530719281426 -> a ['Owners', <span _ngcontent-arq-c45="" class="caret", 121775422253869778828073676739125319234, http://localhost:8080/petclinic/specialties
121775422253869778828073676739125319234, 178199940305324400454451689235780749237 -> input []{'_ngcontent-arq-c': '', 'type': 'text', 'name': 'spec_name', 'class': 'form-controlng-untouchedng-pristineng-valid', 'ng-reflect-name': 'spec_name', 'id': '', 'readonly': '', 'ng-reflect-model': 'radiology'}, 121775422253869778828073676739125319234, http://localhost:8080/petclinic/specialties
121775422253869778828073676739125319234, 45326434591509722302518564554739955287 -> a [<span _ngcontent-arq-c45="" aria-hidden="true" class="glyphicon glyphicon-th-list", 178202413569182107134588800090234905134, http://localhost:8080/petclinic/pettypes
178202413569182107134588800090234905134, 20143691158469379065569440234061184691 -> input []{'_ngcontent-arq-c': '', 'type': 'text', 'name': 'pettype_name', 'class': 'form-controlng-untouchedng-pristineng-valid', 'ng-reflect-name': 'pettype_name', 'id': '', 'readonly': '', 'ng-reflect-model': 'snake'}, 178202413569182107134588800090234905134, http://localhost:8080/petclinic/pettypes
178202413569182107134588800090234905134, 143876524854554869638091565530719281426 -> a ['Owners', <span _ngcontent-arq-c45="" class="caret", 71258438966960724212933074658366489410, http://localhost:8080/petclinic/pettypes
71258438966960724212933074658366489410, 119635593318212795485909785923399621079 -> input []{'_ngcontent-arq-c': '', 'type': 'text', 'name': 'pettype_name', 'class': 'form-controlng-untouchedng-pristineng-valid', 'ng-reflect-name': 'pettype_name', 'id': '', 'readonly': '', 'ng-reflect-model': 'hamster'}, 71258438966960724212933074658366489410, http://localhost:8080/petclinic/pettypes
49422149324400457114317816287120169614, None, 49422149324400457114317816287120169614, http://localhost:8080/petclinic/
49422149324400457114317816287120169614, 166370078619181873183544105837037304247 -> a [<span _ngcontent-ocg-c45="" aria-hidden="true" class="glyphicon glyphicon-th-list", 178202413569182107134588800090234905134, http://localhost:8080/petclinic/pettypes
49422149324400457114317816287120169614, None, 49422149324400457114317816287120169614, http://localhost:8080/petclinic/
49422149324400457114317816287120169614, 307062188299256801964377081775744483360 -> a ['Veterinarians', <span _ngcontent-cim-c45="" class="caret", 74849793808848032408097070206027864246, http://localhost:8080/petclinic/
49422149324400457114317816287120169614, None, 49422149324400457114317816287120169614, http://localhost:8080/petclinic/
49422149324400457114317816287120169614, 164049461551043576075264890682943766193 -> a ['Owners', <span _ngcontent-wck-c45="" class="caret", 203789904488100118908646339278060037750, http://localhost:8080/petclinic/
203789904488100118908646339278060037750, 245172570095159922095115638096015210475 -> a ['Owners', <span _ngcontent-wck-c45="" class="caret", 49422149324400457114317816287120169614, http://localhost:8080/petclinic/
49422149324400457114317816287120169614, 164049461551043576075264890682943766193 -> a ['Owners', <span _ngcontent-wck-c45="" class="caret", 203789904488100118908646339278060037750, http://localhost:8080/petclinic/
203789904488100118908646339278060037750, 232453137194643160174062961217891260735 -> a [<span _ngcontent-wck-c45="" aria-hidden="true" class="glyphicon glyphicon-plus", 196370683163298305697357578125185634226, http://localhost:8080/petclinic/owners/add
196370683163298305697357578125185634226, 18615599029759552473354260885421333606 -> input []{'_ngcontent-wck-c': '', 'type': 'text', 'id': 'lastName', 'name': 'lastName', 'minlength': '', 'required': '', 'class': 'form-controlng-untouchedng-pristineng-invalid', 'ng-reflect-name': 'lastName', 'ng-reflect-minlength': '', 'ng-reflect-required': ''}, 144908257708639349231019087747111506573, http://localhost:8080/petclinic/owners/add
144908257708639349231019087747111506573, 41154597268808983329674830107169870705 -> a [<span _ngcontent-wck-c45="" aria-hidden="true" class="glyphicon glyphicon-th-list", 178202413569182107134588800090234905134, http://localhost:8080/petclinic/pettypes
178202413569182107134588800090234905134, 287970199442480231523008634254262737338 -> input []{'_ngcontent-wck-c': '', 'type': 'text', 'name': 'pettype_name', 'class': 'form-controlng-untouchedng-pristineng-valid', 'ng-reflect-name': 'pettype_name', 'id': '', 'readonly': '', 'ng-reflect-model': 'lizard'}, 178202413569182107134588800090234905134, http://localhost:8080/petclinic/pettypes
178202413569182107134588800090234905134, 164049461551043576075264890682943766193 -> a ['Owners', <span _ngcontent-wck-c45="" class="caret", 127998119624886723030397212589472884390, http://localhost:8080/petclinic/pettypes
49422149324400457114317816287120169614, None, 49422149324400457114317816287120169614, http://localhost:8080/petclinic/
49422149324400457114317816287120169614, 162511420685587925425699749776489779231 -> a [<span _ngcontent-sbl-c45="" aria-hidden="true" class="glyphicon glyphicon-th-list", 178202413569182107134588800090234905134, http://localhost:8080/petclinic/pettypes
178202413569182107134588800090234905134, 60606017254767689954526104846679684710 -> button ['Edit']{'_ngcontent-sbl-c': '', 'class': 'btnbtn-default'}, 88203878113751150939467112047806523820, http://localhost:8080/petclinic/pettypes
88203878113751150939467112047806523820, 223044257943324326281699631708097458009 -> a ['Owners', <span _ngcontent-sbl-c45="" class="caret", 244922728597487935491877634854027595144, http://localhost:8080/petclinic/pettypes/3/edit
244922728597487935491877634854027595144, 103795202200037831839594121507458087412 -> button ['Cancel']{'_ngcontent-sbl-c': '', 'class': 'btnbtn-default'}, 178202413569182107134588800090234905134, http://localhost:8080/petclinic/pettypes
178202413569182107134588800090234905134, 75719825803602688027564099299369634138 -> a [<span _ngcontent-sbl-c45="" aria-hidden="true" class="glyphicon glyphicon-th-list", 29471666746861938259470438044637749945, http://localhost:8080/petclinic/specialties
29471666746861938259470438044637749945, 223044257943324326281699631708097458009 -> a ['Owners', <span _ngcontent-sbl-c45="" class="caret", 121775422253869778828073676739125319234, http://localhost:8080/petclinic/specialties
121775422253869778828073676739125319234, 9366078055109552274880942042554077638 -> a [<span _ngcontent-sbl-c45="" aria-hidden="true" class="glyphicon glyphicon-plus", 196370683163298305697357578125185634226, http://localhost:8080/petclinic/owners/add
196370683163298305697357578125185634226, 223044257943324326281699631708097458009 -> a ['Owners', <span _ngcontent-sbl-c45="" class="caret", 210502412496234989354724689474033558987, http://localhost:8080/petclinic/owners/add
49422149324400457114317816287120169614, None, 49422149324400457114317816287120169614, http://localhost:8080/petclinic/
49422149324400457114317816287120169614, 243171225624183521961220293195459824890 -> a ['Veterinarians', <span _ngcontent-vng-c45="" class="caret", 74849793808848032408097070206027864246, http://localhost:8080/petclinic/
74849793808848032408097070206027864246, 203274643032629454258067286104517542481 -> a [<span _ngcontent-vng-c45="" aria-hidden="true" class="glyphicon glyphicon-plus", 226400275808166741890881194165636805276, http://localhost:8080/petclinic/vets/add
226400275808166741890881194165636805276, 7316003613281371568756548132350508017 -> a [<span _ngcontent-vng-c45="" aria-hidden="true" class="glyphicon glyphicon-th-list", 29471666746861938259470438044637749945, http://localhost:8080/petclinic/specialties
29471666746861938259470438044637749945, 243171225624183521961220293195459824890 -> a ['Veterinarians', <span _ngcontent-vng-c45="" class="caret", 240041143287631293208770002027053747546, http://localhost:8080/petclinic/specialties
240041143287631293208770002027053747546, 262970376008797409884921617698582465505 -> input []{'_ngcontent-vng-c': '', 'type': 'text', 'name': 'spec_name', 'class': 'form-controlng-untouchedng-pristineng-valid', 'ng-reflect-name': 'spec_name', 'id': '', 'readonly': '', 'ng-reflect-model': 'dentistry'}, 240041143287631293208770002027053747546, http://localhost:8080/petclinic/specialties
240041143287631293208770002027053747546, 203274643032629454258067286104517542481 -> a [<span _ngcontent-vng-c45="" aria-hidden="true" class="glyphicon glyphicon-plus", 226400275808166741890881194165636805276, http://localhost:8080/petclinic/vets/add
226400275808166741890881194165636805276, 186598849910667658328487787115714492110 -> input []{'_ngcontent-vng-c': '', 'type': 'text', 'id': 'lastName', 'name': 'lastName', 'minlength': '', 'required': '', 'class': 'form-controlng-untouchedng-pristineng-invalid', 'ng-reflect-name': 'lastName', 'ng-reflect-minlength': '', 'ng-reflect-required': ''}, 126261447618864361467611345471575620565, http://localhost:8080/petclinic/vets/add
126261447618864361467611345471575620565, 159401183906912024040773065684021860179 -> input []{'_ngcontent-vng-c': '', 'type': 'text', 'id': 'firstName', 'minlength': '', 'required': '', 'name': 'firstName', 'class': 'form-controlng-untouchedng-pristineng-invalid', 'ng-reflect-name': 'firstName', 'ng-reflect-minlength': '', 'ng-reflect-required': ''}, 203148399470474584236161963778924353711, http://localhost:8080/petclinic/vets/add
49422149324400457114317816287120169614, None, 49422149324400457114317816287120169614, http://localhost:8080/petclinic/
49422149324400457114317816287120169614, 326677908980653779270479188422257249132 -> a [<span _ngcontent-lcd-c45="" aria-hidden="true" class="glyphicon glyphicon-th-list", 178202413569182107134588800090234905134, http://localhost:8080/petclinic/pettypes
178202413569182107134588800090234905134, 124223846652255844569001200629759069997 -> button [' Add ']{'_ngcontent-lcd-c': '', 'class': 'btnbtn-default'}, 61897676390936752502090394273075823737, http://localhost:8080/petclinic/pettypes
61897676390936752502090394273075823737, 280346311568709871854476238477686500883 -> button ['Save']{'_ngcontent-lcd-c': '', 'type': 'submit', 'class': 'btnbtn-default'}, 61897676390936752502090394273075823737, http://localhost:8080/petclinic/pettypes
61897676390936752502090394273075823737, 330099145638765922989140834073136100309 -> button ['Edit']{'_ngcontent-lcd-c': '', 'class': 'btnbtn-default'}, 88203878113751150939467112047806523820, http://localhost:8080/petclinic/pettypes
88203878113751150939467112047806523820, 124652303125746301543090775886411660514 -> button ['Cancel']{'_ngcontent-lcd-c': '', 'class': 'btnbtn-default'}, 153333956493652669533881615647501471098, http://localhost:8080/petclinic/pettypes
153333956493652669533881615647501471098, 25020433649503634384060108524461929025 -> a [<span _ngcontent-lcd-c45="" aria-hidden="true" class="glyphicon glyphicon-th-list", 29471666746861938259470438044637749945, http://localhost:8080/petclinic/specialties
29471666746861938259470438044637749945, 220841063335206525879881139930692934812 -> a [<span _ngcontent-lcd-c45="" aria-hidden="true" class="glyphicon glyphicon-home", 233426145574943821352606517966566132163, http://localhost:8080/petclinic/welcome
233426145574943821352606517966566132163, 319945357608381748556308722355406007538 -> a [<span _ngcontent-lcd-c45="" aria-hidden="true" class="glyphicon glyphicon-th-list", 288837384050435833154613713335591823145, http://localhost:8080/petclinic/specialties
49422149324400457114317816287120169614, None, 49422149324400457114317816287120169614, http://localhost:8080/petclinic/
49422149324400457114317816287120169614, 196507246793663979523338675495689810320 -> a [<span _ngcontent-xyu-c45="" aria-hidden="true" class="glyphicon glyphicon-th-list", 29471666746861938259470438044637749945, http://localhost:8080/petclinic/specialties
29471666746861938259470438044637749945, 130094617406566805952100712543119226060 -> a ['Owners', <span _ngcontent-xyu-c45="" class="caret", 121775422253869778828073676739125319234, http://localhost:8080/petclinic/specialties
121775422253869778828073676739125319234, 231362492826592512584264435235685720966 -> a [<span _ngcontent-xyu-c45="" aria-hidden="true" class="glyphicon glyphicon-plus", 196370683163298305697357578125185634226, http://localhost:8080/petclinic/owners/add
49422149324400457114317816287120169614, None, 49422149324400457114317816287120169614, http://localhost:8080/petclinic/
49422149324400457114317816287120169614, 21304808881243320423769719724773862684 -> a [<span _ngcontent-xcc-c45="" aria-hidden="true" class="glyphicon glyphicon-th-list", 29471666746861938259470438044637749945, http://localhost:8080/petclinic/specialties
29471666746861938259470438044637749945, 189870100480155653805707331091842382870 -> button [' Add ']{'_ngcontent-xcc-c': '', 'class': 'btnbtn-default'}, 35742322003424371479105068301184530812, http://localhost:8080/petclinic/specialties
35742322003424371479105068301184530812, 208213138608744995028152956147667003574 -> a ['Owners', <span _ngcontent-xcc-c45="" class="caret", 109980020311786738734616164022287802247, http://localhost:8080/petclinic/specialties
109980020311786738734616164022287802247, 231919616161188723821746013121944784430 -> a [<span _ngcontent-xcc-c45="" aria-hidden="true" class="glyphicon glyphicon-th-list", 178202413569182107134588800090234905134, http://localhost:8080/petclinic/pettypes
178202413569182107134588800090234905134, 144878845006026041653780586403657431526 -> input []{'_ngcontent-xcc-c': '', 'type': 'text', 'name': 'pettype_name', 'class': 'form-controlng-untouchedng-pristineng-valid', 'ng-reflect-name': 'pettype_name', 'id': '', 'readonly': '', 'ng-reflect-model': 'snake'}, 178202413569182107134588800090234905134, http://localhost:8080/petclinic/pettypes
178202413569182107134588800090234905134, 258470750499894897705154761233021135894 -> a [<span _ngcontent-xcc-c45="" aria-hidden="true" class="glyphicon glyphicon-home", 233426145574943821352606517966566132163, http://localhost:8080/petclinic/welcome
233426145574943821352606517966566132163, 224561903483530949181439568937609699603 -> a ['Veterinarians', <span _ngcontent-xcc-c45="" class="caret", 192306625620991217132025247140004257967, http://localhost:8080/petclinic/welcome
192306625620991217132025247140004257967, 181148636283177174335658987316729642549 -> a [<span _ngcontent-xcc-c45="" aria-hidden="true" class="glyphicon glyphicon-search", 120962431678690102558501945372758632054, http://localhost:8080/petclinic/vets
49422149324400457114317816287120169614, None, 49422149324400457114317816287120169614, http://localhost:8080/petclinic/
49422149324400457114317816287120169614, 177962114777940721270976334356608375608 -> a [<span _ngcontent-jii-c45="" aria-hidden="true" class="glyphicon glyphicon-th-list", 178202413569182107134588800090234905134, http://localhost:8080/petclinic/pettypes
178202413569182107134588800090234905134, 230596094366113827612441390633820336430 -> a ['Veterinarians', <span _ngcontent-jii-c45="" class="caret", 15573457222489379159677782069517152126, http://localhost:8080/petclinic/pettypes
49422149324400457114317816287120169614, None, 49422149324400457114317816287120169614, http://localhost:8080/petclinic/
49422149324400457114317816287120169614, 222438387707014631184143823844820231893 -> a ['Veterinarians', <span _ngcontent-gad-c45="" class="caret", 74849793808848032408097070206027864246, http://localhost:8080/petclinic/
74849793808848032408097070206027864246, 274866900344978843341700334447880449995 -> a [<span _ngcontent-gad-c45="" aria-hidden="true" class="glyphicon glyphicon-plus", 226400275808166741890881194165636805276, http://localhost:8080/petclinic/vets/add
226400275808166741890881194165636805276, 215844187188927575570835312606677146496 -> a ['Owners', <span _ngcontent-gad-c45="" class="caret", 140174839411104984397507020061688555151, http://localhost:8080/petclinic/vets/add
140174839411104984397507020061688555151, 13346529364715396931055100666941140735 -> option [' dentistry ']{'_ngcontent-gad-c': '', 'value': ': Object', 'ng-reflect-ng-value': '[object Object]'}, 226400275808166741890881194165636805276, http://localhost:8080/petclinic/vets/add
226400275808166741890881194165636805276, 13346529364715396931055100666941140735 -> option [' dentistry ']{'_ngcontent-gad-c': '', 'value': ': Object', 'ng-reflect-ng-value': '[object Object]'}, 226400275808166741890881194165636805276, http://localhost:8080/petclinic/vets/add
226400275808166741890881194165636805276, 62810144525094342452594116546318900743 -> option [' surgery ']{'_ngcontent-gad-c': '', 'value': ': Object', 'ng-reflect-ng-value': '[object Object]'}, 133474356411471396702696923414068334452, http://localhost:8080/petclinic/vets/add
133474356411471396702696923414068334452, 222438387707014631184143823844820231893 -> a ['Veterinarians', <span _ngcontent-gad-c45="" class="caret", 29496476262306014774333830709524570719, http://localhost:8080/petclinic/vets
29496476262306014774333830709524570719, 274866900344978843341700334447880449995 -> a [<span _ngcontent-gad-c45="" aria-hidden="true" class="glyphicon glyphicon-plus", 226400275808166741890881194165636805276, http://localhost:8080/petclinic/vets/add
49422149324400457114317816287120169614, None, 49422149324400457114317816287120169614, http://localhost:8080/petclinic/
49422149324400457114317816287120169614, None, 49422149324400457114317816287120169614, http://localhost:8080/petclinic/
49422149324400457114317816287120169614, 187608702548007277053563360258423657474 -> a ['Owners', <span _ngcontent-ubp-c45="" class="caret", 203789904488100118908646339278060037750, http://localhost:8080/petclinic/
203789904488100118908646339278060037750, 51422931520452529840621015893521661305 -> a [<span _ngcontent-ubp-c45="" aria-hidden="true" class="glyphicon glyphicon-search", 140380125547306797232493415368388651547, http://localhost:8080/petclinic/owners
140380125547306797232493415368388651547, 176346491491030461967348227025737032956 -> a ['David Schroeder']{'_ngcontent-ubp-c': '', 'routerlinkactive': 'active', 'ng-reflect-router-link-active': 'active', 'ng-reflect-router-link': '/owners/', 'href': '/petclinic/owners/9'}, 143995327455671647984862507748845890973, http://localhost:8080/petclinic/owners/9
143995327455671647984862507748845890973, 250561844967233847609686223911383072518 -> button ['Add New Pet']{'_ngcontent-ubp-c': '', 'class': 'btnbtn-default'}, 40396790065927043814709586573043879825, http://localhost:8080/petclinic/owners/9
40396790065927043814709586573043879825, 31450939096511458030876690389182003550 -> a [<span _ngcontent-ubp-c45="" aria-hidden="true" class="glyphicon glyphicon-th-list", 29471666746861938259470438044637749945, http://localhost:8080/petclinic/specialties
49422149324400457114317816287120169614, None, 49422149324400457114317816287120169614, http://localhost:8080/petclinic/
49422149324400457114317816287120169614, 299894599593322257989361854025584029853 -> a [<span _ngcontent-xbc-c45="" aria-hidden="true" class="glyphicon glyphicon-th-list", 29471666746861938259470438044637749945, http://localhost:8080/petclinic/specialties
29471666746861938259470438044637749945, 256606899404904609938286036953542007622 -> input []{'_ngcontent-xbc-c': '', 'type': 'text', 'name': 'spec_name', 'class': 'form-controlng-untouchedng-pristineng-valid', 'ng-reflect-name': 'spec_name', 'id': '', 'readonly': '', 'ng-reflect-model': 'dentistry'}, 29471666746861938259470438044637749945, http://localhost:8080/petclinic/specialties
29471666746861938259470438044637749945, 48619090021839719689911322829496251628 -> input []{'_ngcontent-xbc-c': '', 'type': 'text', 'name': 'spec_name', 'class': 'form-controlng-untouchedng-pristineng-valid', 'ng-reflect-name': 'spec_name', 'id': '', 'readonly': '', 'ng-reflect-model': 'surgery'}, 177277122829485994139659753230404594163, http://localhost:8080/petclinic/specialties
177277122829485994139659753230404594163, 48619090021839719689911322829496251628 -> input []{'_ngcontent-xbc-c': '', 'type': 'text', 'name': 'spec_name', 'class': 'form-controlng-untouchedng-pristineng-valid', 'ng-reflect-name': 'spec_name', 'id': '', 'readonly': '', 'ng-reflect-model': 'surgery'}, 177277122829485994139659753230404594163, http://localhost:8080/petclinic/specialties
177277122829485994139659753230404594163, 64053111971604440639739714728765151287 -> button ['Home']{'_ngcontent-xbc-c': '', 'class': 'btnbtn-default'}, 90924957358455097642166425674986735534, http://localhost:8080/petclinic/specialties
90924957358455097642166425674986735534, 109583360834650754043395421667566053192 -> a [<span _ngcontent-xbc-c45="" aria-hidden="true" class="glyphicon glyphicon-th-list", 288837384050435833154613713335591823145, http://localhost:8080/petclinic/specialties
288837384050435833154613713335591823145, 64053111971604440639739714728765151287 -> button ['Home']{'_ngcontent-xbc-c': '', 'class': 'btnbtn-default'}, 29471666746861938259470438044637749945, http://localhost:8080/petclinic/specialties
29471666746861938259470438044637749945, 5569763014477627722320777104773491695 -> a ['Veterinarians', <span _ngcontent-xbc-c45="" class="caret", 125721890410622632394308431094704055395, http://localhost:8080/petclinic/specialties
49422149324400457114317816287120169614, None, 49422149324400457114317816287120169614, http://localhost:8080/petclinic/
49422149324400457114317816287120169614, 3703908390041304200917415164569243020 -> a [<span _ngcontent-xxk-c45="" aria-hidden="true" class="glyphicon glyphicon-th-list", 178202413569182107134588800090234905134, http://localhost:8080/petclinic/pettypes
178202413569182107134588800090234905134, 20368813437753658085549981614067291700 -> button ['Edit']{'_ngcontent-xxk-c': '', 'class': 'btnbtn-default'}, 88203878113751150939467112047806523820, http://localhost:8080/petclinic/pettypes
88203878113751150939467112047806523820, 263625488559890693533731729035316735400 -> a [<span _ngcontent-xxk-c45="" aria-hidden="true" class="glyphicon glyphicon-home", 233426145574943821352606517966566132163, http://localhost:8080/petclinic/welcome
233426145574943821352606517966566132163, 65477617161865288201194568461778861910 -> a [<span _ngcontent-xxk-c45="" aria-hidden="true" class="glyphicon glyphicon-th-list", 288837384050435833154613713335591823145, http://localhost:8080/petclinic/specialties
288837384050435833154613713335591823145, 263625488559890693533731729035316735400 -> a [<span _ngcontent-xxk-c45="" aria-hidden="true" class="glyphicon glyphicon-home", 233426145574943821352606517966566132163, http://localhost:8080/petclinic/welcome
233426145574943821352606517966566132163, 325410989431999971235514358487233608970 -> a ['Veterinarians', <span _ngcontent-xxk-c45="" class="caret", 192306625620991217132025247140004257967, http://localhost:8080/petclinic/welcome
192306625620991217132025247140004257967, 149262482879620238325593230841259733089 -> a [<span _ngcontent-xxk-c45="" aria-hidden="true" class="glyphicon glyphicon-th-list", 178202413569182107134588800090234905134, http://localhost:8080/petclinic/pettypes
178202413569182107134588800090234905134, 114272445018760937668052182903627096780 -> input []{'_ngcontent-xxk-c': '', 'type': 'text', 'name': 'pettype_name', 'class': 'form-controlng-untouchedng-pristineng-valid', 'ng-reflect-name': 'pettype_name', 'id': '', 'readonly': '', 'ng-reflect-model': 'lizard'}, 178202413569182107134588800090234905134, http://localhost:8080/petclinic/pettypes
49422149324400457114317816287120169614, None, 49422149324400457114317816287120169614, http://localhost:8080/petclinic/
49422149324400457114317816287120169614, 182117954392245172079300707889087551094 -> a ['Veterinarians', <span _ngcontent-jdg-c45="" class="caret", 74849793808848032408097070206027864246, http://localhost:8080/petclinic/
74849793808848032408097070206027864246, 183021825686829211335402899047341988974 -> a [<span _ngcontent-jdg-c45="" aria-hidden="true" class="glyphicon glyphicon-search", 157160640445751975500720621752664039441, http://localhost:8080/petclinic/vets
157160640445751975500720621752664039441, 295502203938890947287935119551410483112 -> button ['Edit Vet']{'_ngcontent-jdg-c': '', 'class': 'btnbtn-default'}, 157160640445751975500720621752664039441, http://localhost:8080/petclinic/vets
157160640445751975500720621752664039441, 182117954392245172079300707889087551094 -> a ['Veterinarians', <span _ngcontent-jdg-c45="" class="caret", 60790933136604779480773260838343139318, http://localhost:8080/petclinic/vets/2/edit
60790933136604779480773260838343139318, 19824861649693128511396144916521971341 -> input []{'_ngcontent-jdg-c': '', 'type': 'text', 'id': 'lastName', 'name': 'lastName', 'formcontrolname': 'lastName', 'class': 'form-controlng-untouchedng-pristineng-valid', 'ng-reflect-name': 'lastName'}, 195522753292614743183190059926279534523, http://localhost:8080/petclinic/vets/2/edit
195522753292614743183190059926279534523, 212186582428541710911117375371437019523 -> a ['Owners', <span _ngcontent-jdg-c45="" class="caret", 338106023167926871923360724347097511995, http://localhost:8080/petclinic/vets/2/edit
49422149324400457114317816287120169614, None, 49422149324400457114317816287120169614, http://localhost:8080/petclinic/
49422149324400457114317816287120169614, 143288624215224105613729212989278625667 -> a ['Veterinarians', <span _ngcontent-tpt-c45="" class="caret", 74849793808848032408097070206027864246, http://localhost:8080/petclinic/
74849793808848032408097070206027864246, 153546731650649683757288754772547661989 -> a [<span _ngcontent-tpt-c45="" aria-hidden="true" class="glyphicon glyphicon-th-list", 29471666746861938259470438044637749945, http://localhost:8080/petclinic/specialties
29471666746861938259470438044637749945, 312847876128240271536422289092148838997 -> button ['Delete']{'_ngcontent-tpt-c': '', 'class': 'btnbtn-default'}, 29471666746861938259470438044637749945, http://localhost:8080/petclinic/specialties
29471666746861938259470438044637749945, 131001297726124708930468540408796637439 -> input []{'_ngcontent-tpt-c': '', 'type': 'text', 'name': 'spec_name', 'class': 'form-controlng-untouchedng-pristineng-valid', 'ng-reflect-name': 'spec_name', 'id': '', 'readonly': '', 'ng-reflect-model': 'surgery'}, 29471666746861938259470438044637749945, http://localhost:8080/petclinic/specialties
29471666746861938259470438044637749945, 196398428215326651503953584285857442438 -> a ['Owners', <span _ngcontent-tpt-c45="" class="caret", 255677543285428041734360435999099381231, http://localhost:8080/petclinic/specialties
255677543285428041734360435999099381231, 144808658947297700381263777950081373208 -> button ['Edit']{'_ngcontent-tpt-c': '', 'class': 'btnbtn-default'}, 83846097102934712265922040739446818067, http://localhost:8080/petclinic/specialties
83846097102934712265922040739446818067, 260793882393786788935800029969998900091 -> button ['Update']{'_ngcontent-tpt-c': '', 'type': 'submit', 'class': 'btnbtn-default'}, 78840999675418226649319251564377765273, http://localhost:8080/petclinic/specialties/1/edit
78840999675418226649319251564377765273, 183834670917977756761994358974047076933 -> input []{'_ngcontent-tpt-c': '', 'type': 'text', 'hidden': 'true', 'id': 'id', 'name': 'id', 'class': 'form-controlng-untouchedng-pristineng-valid', 'ng-reflect-name': 'id', 'ng-reflect-model': ''}, 90924957358455097642166425674986735534, http://localhost:8080/petclinic/specialties
49422149324400457114317816287120169614, None, 49422149324400457114317816287120169614, http://localhost:8080/petclinic/
49422149324400457114317816287120169614, 51767798186163357538053680886177100146 -> a ['Veterinarians', <span _ngcontent-ogq-c45="" class="caret", 74849793808848032408097070206027864246, http://localhost:8080/petclinic/
74849793808848032408097070206027864246, 305308914600855465900309083772048804996 -> a [<span _ngcontent-ogq-c45="" aria-hidden="true" class="glyphicon glyphicon-th-list", 178202413569182107134588800090234905134, http://localhost:8080/petclinic/pettypes
178202413569182107134588800090234905134, 113662098322637134682877653567932888575 -> input []{'_ngcontent-ogq-c': '', 'type': 'text', 'name': 'pettype_name', 'class': 'form-controlng-untouchedng-pristineng-valid', 'ng-reflect-name': 'pettype_name', 'id': '', 'readonly': '', 'ng-reflect-model': 'snake'}, 178202413569182107134588800090234905134, http://localhost:8080/petclinic/pettypes
178202413569182107134588800090234905134, 164353911800622644242046615040855416158 -> a [<span _ngcontent-ogq-c45="" aria-hidden="true" class="glyphicon glyphicon-th-list", 247732542444208102956269129495245435548, http://localhost:8080/petclinic/pettypes
247732542444208102956269129495245435548, 235673266419013899744823494518448731783 -> a [<span _ngcontent-ogq-c45="" aria-hidden="true" class="glyphicon glyphicon-home", 233426145574943821352606517966566132163, http://localhost:8080/petclinic/welcome
233426145574943821352606517966566132163, 300513842198780328388818799420159324583 -> a ['Owners', <span _ngcontent-ogq-c45="" class="caret", 227835630353743896636286229706560382285, http://localhost:8080/petclinic/welcome
227835630353743896636286229706560382285, 51767798186163357538053680886177100146 -> a ['Veterinarians', <span _ngcontent-ogq-c45="" class="caret", 192306625620991217132025247140004257967, http://localhost:8080/petclinic/welcome
192306625620991217132025247140004257967, 300513842198780328388818799420159324583 -> a ['Owners', <span _ngcontent-ogq-c45="" class="caret", 227835630353743896636286229706560382285, http://localhost:8080/petclinic/welcome
49422149324400457114317816287120169614, None, 49422149324400457114317816287120169614, http://localhost:8080/petclinic/
49422149324400457114317816287120169614, 202153374766901837772526974105934269634 -> a ['Owners', <span _ngcontent-mcr-c45="" class="caret", 203789904488100118908646339278060037750, http://localhost:8080/petclinic/
203789904488100118908646339278060037750, 248343910060926658179588854013970340978 -> a [<span _ngcontent-mcr-c45="" aria-hidden="true" class="glyphicon glyphicon-search", 140380125547306797232493415368388651547, http://localhost:8080/petclinic/owners
140380125547306797232493415368388651547, 202153374766901837772526974105934269634 -> a ['Owners', <span _ngcontent-mcr-c45="" class="caret", 140380125547306797232493415368388651547, http://localhost:8080/petclinic/owners
140380125547306797232493415368388651547, 35363114735529728712150052521280491646 -> a ['George Franklin']{'_ngcontent-mcr-c': '', 'routerlinkactive': 'active', 'ng-reflect-router-link-active': 'active', 'ng-reflect-router-link': '/owners/', 'href': '/petclinic/owners/1'}, 119487176061378160456759882905543856267, http://localhost:8080/petclinic/owners/1
119487176061378160456759882905543856267, 215947083731229527598348472626426970271 -> button ['Edit Owner']{'_ngcontent-mcr-c': '', 'class': 'btnbtn-default'}, 32190002083425345004672643532843993016, http://localhost:8080/petclinic/owners/1
49422149324400457114317816287120169614, None, 49422149324400457114317816287120169614, http://localhost:8080/petclinic/
49422149324400457114317816287120169614, 254764993150728810806609781585193316783 -> a ['Owners', <span _ngcontent-qkl-c45="" class="caret", 203789904488100118908646339278060037750, http://localhost:8080/petclinic/
49422149324400457114317816287120169614, None, 49422149324400457114317816287120169614, http://localhost:8080/petclinic/
49422149324400457114317816287120169614, 71689442713244550565169528421875471342 -> a ['Owners', <span _ngcontent-tex-c45="" class="caret", 203789904488100118908646339278060037750, http://localhost:8080/petclinic/
49422149324400457114317816287120169614, None, 49422149324400457114317816287120169614, http://localhost:8080/petclinic/
49422149324400457114317816287120169614, 298076204403949754455391981142884096951 -> a [<span _ngcontent-wov-c45="" aria-hidden="true" class="glyphicon glyphicon-th-list", 29471666746861938259470438044637749945, http://localhost:8080/petclinic/specialties
29471666746861938259470438044637749945, 86657668276917581201155760087448798077 -> a ['Owners', <span _ngcontent-wov-c45="" class="caret", 121775422253869778828073676739125319234, http://localhost:8080/petclinic/specialties
121775422253869778828073676739125319234, 176526562481584728154318169881310359 -> a [<span _ngcontent-wov-c45="" aria-hidden="true" class="glyphicon glyphicon-search", 140380125547306797232493415368388651547, http://localhost:8080/petclinic/owners
140380125547306797232493415368388651547, 4775951135064924991751669902468701034 -> a ['Jean Coleman']{'_ngcontent-wov-c': '', 'routerlinkactive': 'active', 'ng-reflect-router-link-active': 'active', 'ng-reflect-router-link': '/owners/', 'href': '/petclinic/owners/6'}, 283061653387014097649994530766968264167, http://localhost:8080/petclinic/owners/6
283061653387014097649994530766968264167, 198067894219947819219528014035480780651 -> button ['Back']{'_ngcontent-wov-c': '', 'class': 'btnbtn-default'}, 335543847657085511291601075187374305696, http://localhost:8080/petclinic/owners/6
335543847657085511291601075187374305696, 86657668276917581201155760087448798077 -> a ['Owners', <span _ngcontent-wov-c45="" class="caret", 140380125547306797232493415368388651547, http://localhost:8080/petclinic/owners
140380125547306797232493415368388651547, 92361197825617648982605317721238718960 -> a [<span _ngcontent-wov-c45="" aria-hidden="true" class="glyphicon glyphicon-plus", 196370683163298305697357578125185634226, http://localhost:8080/petclinic/owners/add
196370683163298305697357578125185634226, 277212457933577995204132861614634588574 -> input []{'_ngcontent-wov-c': '', 'type': 'text', 'id': 'firstName', 'minlength': '', 'required': '', 'name': 'firstName', 'class': 'form-controlng-untouchedng-pristineng-invalid', 'ng-reflect-name': 'firstName', 'ng-reflect-minlength': '', 'ng-reflect-required': ''}, 281140977202662051064891020322631417702, http://localhost:8080/petclinic/owners/add
49422149324400457114317816287120169614, None, 49422149324400457114317816287120169614, http://localhost:8080/petclinic/
49422149324400457114317816287120169614, 260222426650718898084673558794828858512 -> a [<span _ngcontent-qhc-c45="" aria-hidden="true" class="glyphicon glyphicon-th-list", 29471666746861938259470438044637749945, http://localhost:8080/petclinic/specialties
29471666746861938259470438044637749945, 60101731491037085895611768470284941619 -> a ['Veterinarians', <span _ngcontent-qhc-c45="" class="caret", 240041143287631293208770002027053747546, http://localhost:8080/petclinic/specialties
240041143287631293208770002027053747546, 224351106631559493054180647321702298815 -> button ['Delete']{'_ngcontent-qhc-c': '', 'class': 'btnbtn-default'}, 29471666746861938259470438044637749945, http://localhost:8080/petclinic/specialties
29471666746861938259470438044637749945, 317315661236902015872689199179239288145 -> input []{'_ngcontent-qhc-c': '', 'type': 'text', 'name': 'spec_name', 'class': 'form-controlng-untouchedng-pristineng-valid', 'ng-reflect-name': 'spec_name', 'id': '', 'readonly': '', 'ng-reflect-model': 'radiology'}, 29471666746861938259470438044637749945, http://localhost:8080/petclinic/specialties
29471666746861938259470438044637749945, 115229576819430990077699601992469167142 -> input []{'_ngcontent-qhc-c': '', 'type': 'text', 'name': 'spec_name', 'class': 'form-controlng-untouchedng-pristineng-valid', 'ng-reflect-name': 'spec_name', 'id': '', 'readonly': '', 'ng-reflect-model': 'surgery'}, 94941635346974456374419029355830348405, http://localhost:8080/petclinic/specialties
94941635346974456374419029355830348405, 125411044378405447191882139670417809588 -> a [<span _ngcontent-qhc-c45="" aria-hidden="true" class="glyphicon glyphicon-th-list", 178202413569182107134588800090234905134, http://localhost:8080/petclinic/pettypes
178202413569182107134588800090234905134, 43087588027160486190932670614847298948 -> a [<span _ngcontent-qhc-c45="" aria-hidden="true" class="glyphicon glyphicon-th-list", 178202413569182107134588800090234905134, http://localhost:8080/petclinic/pettypes
178202413569182107134588800090234905134, 184367289163416834811367110415490099054 -> input []{'_ngcontent-qhc-c': '', 'type': 'text', 'name': 'pettype_name', 'class': 'form-controlng-untouchedng-pristineng-valid', 'ng-reflect-name': 'pettype_name', 'id': '', 'readonly': '', 'ng-reflect-model': 'hamster'}, 178202413569182107134588800090234905134, http://localhost:8080/petclinic/pettypes
49422149324400457114317816287120169614, None, 49422149324400457114317816287120169614, http://localhost:8080/petclinic/
49422149324400457114317816287120169614, 193257681956292089330372874677605281829 -> a ['Owners', <span _ngcontent-cnm-c45="" class="caret", 203789904488100118908646339278060037750, http://localhost:8080/petclinic/
203789904488100118908646339278060037750, 265474846159366607422661126704845840873 -> a [<span _ngcontent-cnm-c45="" aria-hidden="true" class="glyphicon glyphicon-home", 233426145574943821352606517966566132163, http://localhost:8080/petclinic/welcome
233426145574943821352606517966566132163, 193257681956292089330372874677605281829 -> a ['Owners', <span _ngcontent-cnm-c45="" class="caret", 227835630353743896636286229706560382285, http://localhost:8080/petclinic/welcome
227835630353743896636286229706560382285, 55129416066442360950702688203470434422 -> a [<span _ngcontent-cnm-c45="" aria-hidden="true" class="glyphicon glyphicon-plus", 196370683163298305697357578125185634226, http://localhost:8080/petclinic/owners/add
49422149324400457114317816287120169614, None, 49422149324400457114317816287120169614, http://localhost:8080/petclinic/
49422149324400457114317816287120169614, 14777806620566553152714124008962220554 -> a [<span _ngcontent-vwq-c45="" aria-hidden="true" class="glyphicon glyphicon-th-list", 178202413569182107134588800090234905134, http://localhost:8080/petclinic/pettypes
178202413569182107134588800090234905134, 208736154734957997797052928245333538761 -> a ['Owners', <span _ngcontent-vwq-c45="" class="caret", 266758286739292449898866172569896709300, http://localhost:8080/petclinic/pettypes
266758286739292449898866172569896709300, 170196854770385148659272054586842905927 -> a [<span _ngcontent-vwq-c45="" aria-hidden="true" class="glyphicon glyphicon-search", 192707741666091566240352799848887721267, http://localhost:8080/petclinic/owners
192707741666091566240352799848887721267, 223551070110597441959036332144810533764 -> a [<span _ngcontent-vwq-c45="" aria-hidden="true" class="glyphicon glyphicon-th-list", 29471666746861938259470438044637749945, http://localhost:8080/petclinic/specialties
29471666746861938259470438044637749945, 87300230741870844023237995378572921316 -> button ['Delete']{'_ngcontent-vwq-c': '', 'class': 'btnbtn-default'}, 29471666746861938259470438044637749945, http://localhost:8080/petclinic/specialties
49422149324400457114317816287120169614, None, 49422149324400457114317816287120169614, http://localhost:8080/petclinic/
49422149324400457114317816287120169614, 206541465384153937815381377461044058521 -> a [<span _ngcontent-mqw-c45="" aria-hidden="true" class="glyphicon glyphicon-th-list", 29471666746861938259470438044637749945, http://localhost:8080/petclinic/specialties
29471666746861938259470438044637749945, 8377557066960378239396602819534371634 -> button [' Add ']{'_ngcontent-mqw-c': '', 'class': 'btnbtn-default'}, 35742322003424371479105068301184530812, http://localhost:8080/petclinic/specialties
35742322003424371479105068301184530812, 140922340244318666008693580064336330690 -> button ['Edit']{'_ngcontent-mqw-c': '', 'class': 'btnbtn-default'}, 83846097102934712265922040739446818067, http://localhost:8080/petclinic/specialties
83846097102934712265922040739446818067, 11962796924334930074452506854998611939 -> button ['Cancel']{'_ngcontent-mqw-c': '', 'class': 'btnbtn-default'}, 29471666746861938259470438044637749945, http://localhost:8080/petclinic/specialties
29471666746861938259470438044637749945, 228271050501632901245114685033710956276 -> input []{'_ngcontent-mqw-c': '', 'type': 'text', 'name': 'spec_name', 'class': 'form-controlng-untouchedng-pristineng-valid', 'ng-reflect-name': 'spec_name', 'id': '', 'readonly': '', 'ng-reflect-model': 'surgery'}, 29471666746861938259470438044637749945, http://localhost:8080/petclinic/specialties
29471666746861938259470438044637749945, 140922340244318666008693580064336330690 -> button ['Edit']{'_ngcontent-mqw-c': '', 'class': 'btnbtn-default'}, 83846097102934712265922040739446818067, http://localhost:8080/petclinic/specialties
83846097102934712265922040739446818067, 202274352755819201365207935285003252211 -> a ['Veterinarians', <span _ngcontent-mqw-c45="" class="caret", 18207740592369462924299433051083404702, http://localhost:8080/petclinic/specialties/1/edit
18207740592369462924299433051083404702, 138476774609743739917823434991797194863 -> a ['Owners', <span _ngcontent-mqw-c45="" class="caret", 14832398116759649448984936142516493188, http://localhost:8080/petclinic/specialties/1/edit
49422149324400457114317816287120169614, None, 49422149324400457114317816287120169614, http://localhost:8080/petclinic/
49422149324400457114317816287120169614, 290921465608353413795262518363888779589 -> a ['Owners', <span _ngcontent-ntf-c45="" class="caret", 203789904488100118908646339278060037750, http://localhost:8080/petclinic/
49422149324400457114317816287120169614, None, 49422149324400457114317816287120169614, http://localhost:8080/petclinic/
49422149324400457114317816287120169614, 131934720574508584186997525541409063084 -> a ['Veterinarians', <span _ngcontent-ino-c45="" class="caret", 74849793808848032408097070206027864246, http://localhost:8080/petclinic/
74849793808848032408097070206027864246, 167334472898234391074473315971372740176 -> a [<span _ngcontent-ino-c45="" aria-hidden="true" class="glyphicon glyphicon-plus", 226400275808166741890881194165636805276, http://localhost:8080/petclinic/vets/add
226400275808166741890881194165636805276, 133391731213637448215666927992644970504 -> a [<span _ngcontent-ino-c45="" aria-hidden="true" class="glyphicon glyphicon-home", 233426145574943821352606517966566132163, http://localhost:8080/petclinic/welcome
233426145574943821352606517966566132163, 228816418515335427841916287719518649026 -> a ['Owners', <span _ngcontent-ino-c45="" class="caret", 227835630353743896636286229706560382285, http://localhost:8080/petclinic/welcome
227835630353743896636286229706560382285, 131934720574508584186997525541409063084 -> a ['Veterinarians', <span _ngcontent-ino-c45="" class="caret", 192306625620991217132025247140004257967, http://localhost:8080/petclinic/welcome
192306625620991217132025247140004257967, 16270397588987744611362038153746280929 -> a ['Veterinarians', <span _ngcontent-ino-c45="" class="caret", 233426145574943821352606517966566132163, http://localhost:8080/petclinic/welcome
233426145574943821352606517966566132163, 131934720574508584186997525541409063084 -> a ['Veterinarians', <span _ngcontent-ino-c45="" class="caret", 192306625620991217132025247140004257967, http://localhost:8080/petclinic/welcome
192306625620991217132025247140004257967, 228816418515335427841916287719518649026 -> a ['Owners', <span _ngcontent-ino-c45="" class="caret", 227835630353743896636286229706560382285, http://localhost:8080/petclinic/welcome
49422149324400457114317816287120169614, None, 49422149324400457114317816287120169614, http://localhost:8080/petclinic/
49422149324400457114317816287120169614, None, 49422149324400457114317816287120169614, http://localhost:8080/petclinic/
49422149324400457114317816287120169614, 268776198142731487870336112178961438552 -> a [<span _ngcontent-krb-c45="" aria-hidden="true" class="glyphicon glyphicon-home", 233426145574943821352606517966566132163, http://localhost:8080/petclinic/welcome
233426145574943821352606517966566132163, 268776198142731487870336112178961438552 -> a [<span _ngcontent-krb-c45="" aria-hidden="true" class="glyphicon glyphicon-home", 233426145574943821352606517966566132163, http://localhost:8080/petclinic/welcome
233426145574943821352606517966566132163, 123288844144594373495858299781818676155 -> a ['Veterinarians', <span _ngcontent-krb-c45="" class="caret", 192306625620991217132025247140004257967, http://localhost:8080/petclinic/welcome
192306625620991217132025247140004257967, 261490751236232812196828849550346940440 -> a [<span _ngcontent-krb-c45="" aria-hidden="true" class="glyphicon glyphicon-search", 157160640445751975500720621752664039441, http://localhost:8080/petclinic/vets
157160640445751975500720621752664039441, 9638340889565515201822745407022540340 -> button ['Home']{'_ngcontent-krb-c': '', 'class': 'btnbtn-default'}, 325893423893384561008935517943983621744, http://localhost:8080/petclinic/vets
325893423893384561008935517943983621744, 279977386054821771228362097278248140606 -> a [<span _ngcontent-krb-c45="" aria-hidden="true" class="glyphicon glyphicon-th-list", 29471666746861938259470438044637749945, http://localhost:8080/petclinic/specialties
29471666746861938259470438044637749945, 136914735189003098850937886226429623165 -> button ['Delete']{'_ngcontent-krb-c': '', 'class': 'btnbtn-default'}, 29471666746861938259470438044637749945, http://localhost:8080/petclinic/specialties
29471666746861938259470438044637749945, 49106059364848106484228500368270531597 -> a [<span _ngcontent-krb-c45="" aria-hidden="true" class="glyphicon glyphicon-th-list", 153333956493652669533881615647501471098, http://localhost:8080/petclinic/pettypes
49422149324400457114317816287120169614, None, 49422149324400457114317816287120169614, http://localhost:8080/petclinic/
49422149324400457114317816287120169614, 254600999833652519004600276058998023997 -> a ['Owners', <span _ngcontent-bck-c45="" class="caret", 203789904488100118908646339278060037750, http://localhost:8080/petclinic/
49422149324400457114317816287120169614, None, 49422149324400457114317816287120169614, http://localhost:8080/petclinic/
49422149324400457114317816287120169614, 78092015939575059568575532391145922495 -> a [<span _ngcontent-iyf-c45="" aria-hidden="true" class="glyphicon glyphicon-home", 233426145574943821352606517966566132163, http://localhost:8080/petclinic/welcome
233426145574943821352606517966566132163, 257220715125321661718337788637627997990 -> a ['Veterinarians', <span _ngcontent-iyf-c45="" class="caret", 192306625620991217132025247140004257967, http://localhost:8080/petclinic/welcome
192306625620991217132025247140004257967, 78092015939575059568575532391145922495 -> a [<span _ngcontent-iyf-c45="" aria-hidden="true" class="glyphicon glyphicon-home", 233426145574943821352606517966566132163, http://localhost:8080/petclinic/welcome
233426145574943821352606517966566132163, 232561851238250669608000424551698736991 -> a ['Owners', <span _ngcontent-iyf-c45="" class="caret", 227835630353743896636286229706560382285, http://localhost:8080/petclinic/welcome
227835630353743896636286229706560382285, 89485589253713718222909309618908387498 -> a [<span _ngcontent-iyf-c45="" aria-hidden="true" class="glyphicon glyphicon-th-list", 29471666746861938259470438044637749945, http://localhost:8080/petclinic/specialties
29471666746861938259470438044637749945, 257220715125321661718337788637627997990 -> a ['Veterinarians', <span _ngcontent-iyf-c45="" class="caret", 240041143287631293208770002027053747546, http://localhost:8080/petclinic/specialties
240041143287631293208770002027053747546, 43243321384173200252593986900858771246 -> button ['Home']{'_ngcontent-iyf-c': '', 'class': 'btnbtn-default'}, 90924957358455097642166425674986735534, http://localhost:8080/petclinic/specialties
90924957358455097642166425674986735534, 78092015939575059568575532391145922495 -> a [<span _ngcontent-iyf-c45="" aria-hidden="true" class="glyphicon glyphicon-home", 233426145574943821352606517966566132163, http://localhost:8080/petclinic/welcome
49422149324400457114317816287120169614, None, 49422149324400457114317816287120169614, http://localhost:8080/petclinic/
49422149324400457114317816287120169614, None, 49422149324400457114317816287120169614, http://localhost:8080/petclinic/
49422149324400457114317816287120169614, None, 49422149324400457114317816287120169614, http://localhost:8080/petclinic/
49422149324400457114317816287120169614, 272236973216508076424723730407653118690 -> a [<span _ngcontent-uhs-c45="" aria-hidden="true" class="glyphicon glyphicon-th-list", 29471666746861938259470438044637749945, http://localhost:8080/petclinic/specialties
29471666746861938259470438044637749945, 18129015084466415496412663933857149285 -> button ['Edit']{'_ngcontent-uhs-c': '', 'class': 'btnbtn-default'}, 83846097102934712265922040739446818067, http://localhost:8080/petclinic/specialties
49422149324400457114317816287120169614, None, 49422149324400457114317816287120169614, http://localhost:8080/petclinic/
49422149324400457114317816287120169614, 214019540377711896525304817613651868990 -> a [<span _ngcontent-kwq-c45="" aria-hidden="true" class="glyphicon glyphicon-th-list", 178202413569182107134588800090234905134, http://localhost:8080/petclinic/pettypes
178202413569182107134588800090234905134, 75738839378524941511954772713140242685 -> button ['Delete']{'_ngcontent-kwq-c': '', 'class': 'btnbtn-default'}, 178202413569182107134588800090234905134, http://localhost:8080/petclinic/pettypes
178202413569182107134588800090234905134, 104899410735745134054005990476714791391 -> a [<span _ngcontent-kwq-c45="" aria-hidden="true" class="glyphicon glyphicon-th-list", 288837384050435833154613713335591823145, http://localhost:8080/petclinic/specialties
49422149324400457114317816287120169614, None, 49422149324400457114317816287120169614, http://localhost:8080/petclinic/
49422149324400457114317816287120169614, None, 49422149324400457114317816287120169614, http://localhost:8080/petclinic/
49422149324400457114317816287120169614, 257133047035668107035536278394147104873 -> a ['Owners', <span _ngcontent-gro-c45="" class="caret", 203789904488100118908646339278060037750, http://localhost:8080/petclinic/
203789904488100118908646339278060037750, 20276772012100395026801137015637458504 -> a ['Veterinarians', <span _ngcontent-gro-c45="" class="caret", 74849793808848032408097070206027864246, http://localhost:8080/petclinic/
74849793808848032408097070206027864246, 210540602009512690742496720275877552742 -> a [<span _ngcontent-gro-c45="" aria-hidden="true" class="glyphicon glyphicon-search", 157160640445751975500720621752664039441, http://localhost:8080/petclinic/vets
157160640445751975500720621752664039441, 257133047035668107035536278394147104873 -> a ['Owners', <span _ngcontent-gro-c45="" class="caret", 239902375458026072351934835680748513665, http://localhost:8080/petclinic/vets
239902375458026072351934835680748513665, 207577395605984894584376506009037085791 -> a [<span _ngcontent-gro-c45="" aria-hidden="true" class="glyphicon glyphicon-plus", 196370683163298305697357578125185634226, http://localhost:8080/petclinic/owners/add
196370683163298305697357578125185634226, 119584144605624757842686627634147160981 -> input []{'_ngcontent-gro-c': '', 'type': 'text', 'id': 'city', 'name': 'city', 'required': '', 'class': 'form-controlng-untouchedng-pristineng-invalid', 'ng-reflect-name': 'city', 'ng-reflect-required': ''}, 81256779664850096746253030735281264551, http://localhost:8080/petclinic/owners/add
81256779664850096746253030735281264551, 185607030023288823585167052297838133135 -> a [<span _ngcontent-gro-c45="" aria-hidden="true" class="glyphicon glyphicon-home", 233426145574943821352606517966566132163, http://localhost:8080/petclinic/welcome
233426145574943821352606517966566132163, 229371180437602066937544493596769607362 -> a [<span _ngcontent-gro-c45="" aria-hidden="true" class="glyphicon glyphicon-th-list", 29471666746861938259470438044637749945, http://localhost:8080/petclinic/specialties
49422149324400457114317816287120169614, None, 49422149324400457114317816287120169614, http://localhost:8080/petclinic/
49422149324400457114317816287120169614, 21819416644384715855174789648740038868 -> a ['Owners', <span _ngcontent-xdr-c45="" class="caret", 203789904488100118908646339278060037750, http://localhost:8080/petclinic/
49422149324400457114317816287120169614, None, 49422149324400457114317816287120169614, http://localhost:8080/petclinic/
49422149324400457114317816287120169614, 71186472980648049500707923591048133749 -> a [<span _ngcontent-kyw-c45="" aria-hidden="true" class="glyphicon glyphicon-home", 233426145574943821352606517966566132163, http://localhost:8080/petclinic/welcome
233426145574943821352606517966566132163, 105596469653999129412844611854472967807 -> a [<span _ngcontent-kyw-c45="" aria-hidden="true" class="glyphicon glyphicon-th-list", 29471666746861938259470438044637749945, http://localhost:8080/petclinic/specialties
29471666746861938259470438044637749945, 160858824701201124112061201725668531054 -> input []{'_ngcontent-kyw-c': '', 'type': 'text', 'name': 'spec_name', 'class': 'form-controlng-untouchedng-pristineng-valid', 'ng-reflect-name': 'spec_name', 'id': '', 'readonly': '', 'ng-reflect-model': 'radiology'}, 29471666746861938259470438044637749945, http://localhost:8080/petclinic/specialties
29471666746861938259470438044637749945, 160858824701201124112061201725668531054 -> input []{'_ngcontent-kyw-c': '', 'type': 'text', 'name': 'spec_name', 'class': 'form-controlng-untouchedng-pristineng-valid', 'ng-reflect-name': 'spec_name', 'id': '', 'readonly': '', 'ng-reflect-model': 'radiology'}, 29471666746861938259470438044637749945, http://localhost:8080/petclinic/specialties
29471666746861938259470438044637749945, 172455780923134514863575120144977078316 -> a ['Veterinarians', <span _ngcontent-kyw-c45="" class="caret", 125721890410622632394308431094704055395, http://localhost:8080/petclinic/specialties
125721890410622632394308431094704055395, 230523344676330797430516704137714234821 -> a ['Veterinarians', <span _ngcontent-kyw-c45="" class="caret", 94941635346974456374419029355830348405, http://localhost:8080/petclinic/specialties
94941635346974456374419029355830348405, 251301108651510457116030950971134777851 -> button [' Add ']{'_ngcontent-kyw-c': '', 'class': 'btnbtn-default'}, 268708820661280255208244558560997853684, http://localhost:8080/petclinic/specialties
268708820661280255208244558560997853684, 335281758700210725928546153760496078744 -> button ['Delete']{'_ngcontent-kyw-c': '', 'class': 'btnbtn-default'}, 268708820661280255208244558560997853684, http://localhost:8080/petclinic/specialties
49422149324400457114317816287120169614, None, 49422149324400457114317816287120169614, http://localhost:8080/petclinic/
49422149324400457114317816287120169614, 176385720745594015826477330167278257267 -> a [<span _ngcontent-awq-c45="" aria-hidden="true" class="glyphicon glyphicon-th-list", 29471666746861938259470438044637749945, http://localhost:8080/petclinic/specialties
29471666746861938259470438044637749945, 70442988142523990041594127158491630198 -> input []{'_ngcontent-awq-c': '', 'type': 'text', 'name': 'spec_name', 'class': 'form-controlng-untouchedng-pristineng-valid', 'ng-reflect-name': 'spec_name', 'id': '', 'readonly': '', 'ng-reflect-model': 'radiology'}, 29471666746861938259470438044637749945, http://localhost:8080/petclinic/specialties
29471666746861938259470438044637749945, 70442988142523990041594127158491630198 -> input []{'_ngcontent-awq-c': '', 'type': 'text', 'name': 'spec_name', 'class': 'form-controlng-untouchedng-pristineng-valid', 'ng-reflect-name': 'spec_name', 'id': '', 'readonly': '', 'ng-reflect-model': 'radiology'}, 29471666746861938259470438044637749945, http://localhost:8080/petclinic/specialties
49422149324400457114317816287120169614, None, 49422149324400457114317816287120169614, http://localhost:8080/petclinic/
49422149324400457114317816287120169614, 223259613584639700754285125437752855579 -> a [<span _ngcontent-xln-c45="" aria-hidden="true" class="glyphicon glyphicon-home", 233426145574943821352606517966566132163, http://localhost:8080/petclinic/welcome
233426145574943821352606517966566132163, 303779653282206154421434938179549493823 -> a [<span _ngcontent-xln-c45="" aria-hidden="true" class="glyphicon glyphicon-th-list", 73424912393630114906794687501657252211, http://localhost:8080/petclinic/pettypes
73424912393630114906794687501657252211, 292750149113237617104942335254662084420 -> button ['Delete']{'_ngcontent-xln-c': '', 'class': 'btnbtn-default'}, 73424912393630114906794687501657252211, http://localhost:8080/petclinic/pettypes
73424912393630114906794687501657252211, 223259613584639700754285125437752855579 -> a [<span _ngcontent-xln-c45="" aria-hidden="true" class="glyphicon glyphicon-home", 233426145574943821352606517966566132163, http://localhost:8080/petclinic/welcome
233426145574943821352606517966566132163, 308023032511900264892762259811492020418 -> a ['Veterinarians', <span _ngcontent-xln-c45="" class="caret", 192306625620991217132025247140004257967, http://localhost:8080/petclinic/welcome
192306625620991217132025247140004257967, 72379303156773110853933945533787932551 -> a [<span _ngcontent-xln-c45="" aria-hidden="true" class="glyphicon glyphicon-th-list", 29471666746861938259470438044637749945, http://localhost:8080/petclinic/specialties
29471666746861938259470438044637749945, 266702986780851853938028434976311081795 -> input []{'_ngcontent-xln-c': '', 'type': 'text', 'name': 'spec_name', 'class': 'form-controlng-untouchedng-pristineng-valid', 'ng-reflect-name': 'spec_name', 'id': '', 'readonly': '', 'ng-reflect-model': 'dentistry'}, 29471666746861938259470438044637749945, http://localhost:8080/petclinic/specialties
29471666746861938259470438044637749945, 322977281839491288052557856459221244915 -> input []{'_ngcontent-xln-c': '', 'type': 'text', 'name': 'spec_name', 'class': 'form-controlng-untouchedng-pristineng-valid', 'ng-reflect-name': 'spec_name', 'id': '', 'readonly': '', 'ng-reflect-model': 'radiology'}, 177277122829485994139659753230404594163, http://localhost:8080/petclinic/specialties
49422149324400457114317816287120169614, None, 49422149324400457114317816287120169614, http://localhost:8080/petclinic/
49422149324400457114317816287120169614, 335137931409839481193159965605966650108 -> a [<span _ngcontent-lbo-c45="" aria-hidden="true" class="glyphicon glyphicon-th-list", 22207904214896044267419385941490552567, http://localhost:8080/petclinic/pettypes
22207904214896044267419385941490552567, 16968300539889109987144786781758236192 -> a [<span _ngcontent-lbo-c45="" aria-hidden="true" class="glyphicon glyphicon-th-list", 29471666746861938259470438044637749945, http://localhost:8080/petclinic/specialties
29471666746861938259470438044637749945, 59826283677938822347581649289511767090 -> a [<span _ngcontent-lbo-c45="" aria-hidden="true" class="glyphicon glyphicon-th-list", 29471666746861938259470438044637749945, http://localhost:8080/petclinic/specialties
29471666746861938259470438044637749945, 45821183536293797913630773217366716369 -> a ['Owners', <span _ngcontent-lbo-c45="" class="caret", 121775422253869778828073676739125319234, http://localhost:8080/petclinic/specialties
121775422253869778828073676739125319234, 287721454856862795105530830270498856000 -> a ['Owners', <span _ngcontent-lbo-c45="" class="caret", 29471666746861938259470438044637749945, http://localhost:8080/petclinic/specialties
29471666746861938259470438044637749945, 45821183536293797913630773217366716369 -> a ['Owners', <span _ngcontent-lbo-c45="" class="caret", 121775422253869778828073676739125319234, http://localhost:8080/petclinic/specialties
121775422253869778828073676739125319234, 40014353693783220747845481194297581577 -> button ['Delete']{'_ngcontent-lbo-c': '', 'class': 'btnbtn-default'}, 29471666746861938259470438044637749945, http://localhost:8080/petclinic/specialties
29471666746861938259470438044637749945, 130505786436575838004992778397952459865 -> input []{'_ngcontent-lbo-c': '', 'type': 'text', 'name': 'spec_name', 'class': 'form-controlng-untouchedng-pristineng-valid', 'ng-reflect-name': 'spec_name', 'id': '', 'readonly': '', 'ng-reflect-model': 'dentistry'}, 29471666746861938259470438044637749945, http://localhost:8080/petclinic/specialties
49422149324400457114317816287120169614, None, 49422149324400457114317816287120169614, http://localhost:8080/petclinic/
49422149324400457114317816287120169614, 125721472248029124823711596014368472059 -> a ['Veterinarians', <span _ngcontent-eqn-c45="" class="caret", 74849793808848032408097070206027864246, http://localhost:8080/petclinic/
74849793808848032408097070206027864246, 29652035860441881787830365894127973666 -> a [<span _ngcontent-eqn-c45="" aria-hidden="true" class="glyphicon glyphicon-home", 233426145574943821352606517966566132163, http://localhost:8080/petclinic/welcome
233426145574943821352606517966566132163, 61818516865435719645549389226241571761 -> a [<span _ngcontent-eqn-c45="" aria-hidden="true" class="glyphicon glyphicon-th-list", 22207904214896044267419385941490552567, http://localhost:8080/petclinic/pettypes
22207904214896044267419385941490552567, 286612920985753176083406810407795067613 -> button [' Add ']{'_ngcontent-eqn-c': '', 'class': 'btnbtn-default'}, 79323829813693148667233261558516829947, http://localhost:8080/petclinic/pettypes
79323829813693148667233261558516829947, 29652035860441881787830365894127973666 -> a [<span _ngcontent-eqn-c45="" aria-hidden="true" class="glyphicon glyphicon-home", 233426145574943821352606517966566132163, http://localhost:8080/petclinic/welcome
233426145574943821352606517966566132163, 282812630327551871301254905665680344442 -> a [<span _ngcontent-eqn-c45="" aria-hidden="true" class="glyphicon glyphicon-th-list", 29471666746861938259470438044637749945, http://localhost:8080/petclinic/specialties
29471666746861938259470438044637749945, 110484227627197142323413960374287635758 -> input []{'_ngcontent-eqn-c': '', 'type': 'text', 'name': 'spec_name', 'class': 'form-controlng-untouchedng-pristineng-valid', 'ng-reflect-name': 'spec_name', 'id': '', 'readonly': '', 'ng-reflect-model': 'radiology'}, 29471666746861938259470438044637749945, http://localhost:8080/petclinic/specialties
29471666746861938259470438044637749945, 320765292765637550607423477223554361811 -> a ['Owners', <span _ngcontent-eqn-c45="" class="caret", 336476978383020730477874942078541405217, http://localhost:8080/petclinic/specialties
49422149324400457114317816287120169614, None, 49422149324400457114317816287120169614, http://localhost:8080/petclinic/
49422149324400457114317816287120169614, 325002108780528519733795776088909447200 -> a [<span _ngcontent-sbi-c45="" aria-hidden="true" class="glyphicon glyphicon-home", 233426145574943821352606517966566132163, http://localhost:8080/petclinic/welcome
233426145574943821352606517966566132163, 325002108780528519733795776088909447200 -> a [<span _ngcontent-sbi-c45="" aria-hidden="true" class="glyphicon glyphicon-home", 233426145574943821352606517966566132163, http://localhost:8080/petclinic/welcome
49422149324400457114317816287120169614, None, 49422149324400457114317816287120169614, http://localhost:8080/petclinic/
49422149324400457114317816287120169614, 230037851361823270302884834521445803118 -> a [<span _ngcontent-cdj-c45="" aria-hidden="true" class="glyphicon glyphicon-th-list", 29471666746861938259470438044637749945, http://localhost:8080/petclinic/specialties
29471666746861938259470438044637749945, 6675258538812918662089418365294046155 -> button ['Edit']{'_ngcontent-cdj-c': '', 'class': 'btnbtn-default'}, 83846097102934712265922040739446818067, http://localhost:8080/petclinic/specialties
83846097102934712265922040739446818067, 255929050907509533599081279292394119033 -> a [<span _ngcontent-cdj-c45="" aria-hidden="true" class="glyphicon glyphicon-th-list", 29471666746861938259470438044637749945, http://localhost:8080/petclinic/specialties
29471666746861938259470438044637749945, 6675258538812918662089418365294046155 -> button ['Edit']{'_ngcontent-cdj-c': '', 'class': 'btnbtn-default'}, 83846097102934712265922040739446818067, http://localhost:8080/petclinic/specialties
83846097102934712265922040739446818067, 124414272405517121355406585837992355924 -> a ['Veterinarians', <span _ngcontent-cdj-c45="" class="caret", 18207740592369462924299433051083404702, http://localhost:8080/petclinic/specialties/1/edit
18207740592369462924299433051083404702, 113510232591576278227295814743738332266 -> button ['Cancel']{'_ngcontent-cdj-c': '', 'class': 'btnbtn-default'}, 29471666746861938259470438044637749945, http://localhost:8080/petclinic/specialties
29471666746861938259470438044637749945, 2151421432458959154547475413286854208 -> input []{'_ngcontent-cdj-c': '', 'type': 'text', 'name': 'spec_name', 'class': 'form-controlng-untouchedng-pristineng-valid', 'ng-reflect-name': 'spec_name', 'id': '', 'readonly': '', 'ng-reflect-model': 'surgery'}, 29471666746861938259470438044637749945, http://localhost:8080/petclinic/specialties
29471666746861938259470438044637749945, 6675258538812918662089418365294046155 -> button ['Edit']{'_ngcontent-cdj-c': '', 'class': 'btnbtn-default'}, 83846097102934712265922040739446818067, http://localhost:8080/petclinic/specialties
49422149324400457114317816287120169614, None, 49422149324400457114317816287120169614, http://localhost:8080/petclinic/
49422149324400457114317816287120169614, 232856846395749109621346667998348411974 -> a [<span _ngcontent-kkp-c45="" aria-hidden="true" class="glyphicon glyphicon-th-list", 29471666746861938259470438044637749945, http://localhost:8080/petclinic/specialties
29471666746861938259470438044637749945, 243049000817592107022633980942887455750 -> button ['Edit']{'_ngcontent-kkp-c': '', 'class': 'btnbtn-default'}, 83846097102934712265922040739446818067, http://localhost:8080/petclinic/specialties
83846097102934712265922040739446818067, 212573894489618231941622699084279621165 -> a ['Owners', <span _ngcontent-kkp-c45="" class="caret", 14832398116759649448984936142516493188, http://localhost:8080/petclinic/specialties/1/edit
14832398116759649448984936142516493188, 312320012664026189537552595920724177853 -> button ['Update']{'_ngcontent-kkp-c': '', 'type': 'submit', 'class': 'btnbtn-default'}, 78840999675418226649319251564377765273, http://localhost:8080/petclinic/specialties/1/edit
78840999675418226649319251564377765273, 212573894489618231941622699084279621165 -> a ['Owners', <span _ngcontent-kkp-c45="" class="caret", 121775422253869778828073676739125319234, http://localhost:8080/petclinic/specialties
121775422253869778828073676739125319234, 243049000817592107022633980942887455750 -> button ['Edit']{'_ngcontent-kkp-c': '', 'class': 'btnbtn-default'}, 83846097102934712265922040739446818067, http://localhost:8080/petclinic/specialties
83846097102934712265922040739446818067, 198941410215075646928594996101626539797 -> a ['Veterinarians', <span _ngcontent-kkp-c45="" class="caret", 18207740592369462924299433051083404702, http://localhost:8080/petclinic/specialties/1/edit
18207740592369462924299433051083404702, 254333860990314797670408053346167616822 -> input []{'_ngcontent-kkp-c': '', 'id': 'name', 'name': 'name', 'type': 'text', 'required': '', 'class': 'form-controlng-untouchedng-pristineng-valid', 'ng-reflect-name': 'name', 'ng-reflect-required': '', 'ng-reflect-model': 'radiology'}, 68604831021591404933591442994292973068, http://localhost:8080/petclinic/specialties/1/edit
49422149324400457114317816287120169614, None, 49422149324400457114317816287120169614, http://localhost:8080/petclinic/
49422149324400457114317816287120169614, None, 49422149324400457114317816287120169614, http://localhost:8080/petclinic/
49422149324400457114317816287120169614, 313558051125947570678180893493199239724 -> a [<span _ngcontent-ayf-c45="" aria-hidden="true" class="glyphicon glyphicon-home", 233426145574943821352606517966566132163, http://localhost:8080/petclinic/welcome
233426145574943821352606517966566132163, 255791260347809054585377823094818313511 -> a [<span _ngcontent-ayf-c45="" aria-hidden="true" class="glyphicon glyphicon-th-list", 29471666746861938259470438044637749945, http://localhost:8080/petclinic/specialties
49422149324400457114317816287120169614, None, 49422149324400457114317816287120169614, http://localhost:8080/petclinic/
49422149324400457114317816287120169614, 299257545483567537457366591315949592512 -> a [<span _ngcontent-xoa-c45="" aria-hidden="true" class="glyphicon glyphicon-th-list", 22207904214896044267419385941490552567, http://localhost:8080/petclinic/pettypes
22207904214896044267419385941490552567, 126088828213193312129843712715622231812 -> a [<span _ngcontent-xoa-c45="" aria-hidden="true" class="glyphicon glyphicon-home", 233426145574943821352606517966566132163, http://localhost:8080/petclinic/welcome
49422149324400457114317816287120169614, None, 49422149324400457114317816287120169614, http://localhost:8080/petclinic/
49422149324400457114317816287120169614, 135302246374969409766751209971226064592 -> a [<span _ngcontent-oev-c45="" aria-hidden="true" class="glyphicon glyphicon-th-list", 22207904214896044267419385941490552567, http://localhost:8080/petclinic/pettypes
22207904214896044267419385941490552567, 136041432049634239003593673138362999742 -> button ['Home']{'_ngcontent-oev-c': '', 'class': 'btnbtn-default'}, 197610529375671059583783508832852996774, http://localhost:8080/petclinic/pettypes
197610529375671059583783508832852996774, 168567913413267110479537733348214997661 -> a ['Veterinarians', <span _ngcontent-oev-c45="" class="caret", 192306625620991217132025247140004257967, http://localhost:8080/petclinic/welcome
192306625620991217132025247140004257967, 135039738963522471845253966689307394102 -> a [<span _ngcontent-oev-c45="" aria-hidden="true" class="glyphicon glyphicon-th-list", 22207904214896044267419385941490552567, http://localhost:8080/petclinic/pettypes
22207904214896044267419385941490552567, 3373477262770109926135498486026287146 -> input []{'_ngcontent-oev-c': '', 'type': 'text', 'name': 'pettype_name', 'class': 'form-controlng-untouchedng-pristineng-valid', 'ng-reflect-name': 'pettype_name', 'id': '', 'readonly': '', 'ng-reflect-model': 'bird'}, 22207904214896044267419385941490552567, http://localhost:8080/petclinic/pettypes
22207904214896044267419385941490552567, 136041432049634239003593673138362999742 -> button ['Home']{'_ngcontent-oev-c': '', 'class': 'btnbtn-default'}, 197610529375671059583783508832852996774, http://localhost:8080/petclinic/pettypes
197610529375671059583783508832852996774, 168567913413267110479537733348214997661 -> a ['Veterinarians', <span _ngcontent-oev-c45="" class="caret", 192306625620991217132025247140004257967, http://localhost:8080/petclinic/welcome
49422149324400457114317816287120169614, None, 49422149324400457114317816287120169614, http://localhost:8080/petclinic/
49422149324400457114317816287120169614, 157769482638305293486117366759530255159 -> a ['Owners', <span _ngcontent-dvy-c45="" class="caret", 203789904488100118908646339278060037750, http://localhost:8080/petclinic/
203789904488100118908646339278060037750, 143188107866539191477423374020840867338 -> a ['Owners', <span _ngcontent-dvy-c45="" class="caret", 49422149324400457114317816287120169614, http://localhost:8080/petclinic/
49422149324400457114317816287120169614, 157769482638305293486117366759530255159 -> a ['Owners', <span _ngcontent-dvy-c45="" class="caret", 203789904488100118908646339278060037750, http://localhost:8080/petclinic/
49422149324400457114317816287120169614, None, 49422149324400457114317816287120169614, http://localhost:8080/petclinic/
49422149324400457114317816287120169614, 148134450338617730181997195836337222900 -> a ['Veterinarians', <span _ngcontent-oou-c45="" class="caret", 74849793808848032408097070206027864246, http://localhost:8080/petclinic/
74849793808848032408097070206027864246, 50787482123640228489432318093519898309 -> a ['Veterinarians', <span _ngcontent-oou-c45="" class="caret", 49422149324400457114317816287120169614, http://localhost:8080/petclinic/
49422149324400457114317816287120169614, None, 49422149324400457114317816287120169614, http://localhost:8080/petclinic/
49422149324400457114317816287120169614, 328653324185956845093501162030293968392 -> a ['Owners', <span _ngcontent-hng-c45="" class="caret", 203789904488100118908646339278060037750, http://localhost:8080/petclinic/
203789904488100118908646339278060037750, 131555020529966661843977866860066022803 -> a [<span _ngcontent-hng-c45="" aria-hidden="true" class="glyphicon glyphicon-th-list", 29471666746861938259470438044637749945, http://localhost:8080/petclinic/specialties
29471666746861938259470438044637749945, 124630453603836772372904002431775922669 -> button ['Home']{'_ngcontent-hng-c': '', 'class': 'btnbtn-default'}, 90924957358455097642166425674986735534, http://localhost:8080/petclinic/specialties
90924957358455097642166425674986735534, 139510391525565451433821800881438469601 -> a [<span _ngcontent-hng-c45="" aria-hidden="true" class="glyphicon glyphicon-th-list", 29471666746861938259470438044637749945, http://localhost:8080/petclinic/specialties
29471666746861938259470438044637749945, 30195689490404565842464238760094303067 -> button ['Delete']{'_ngcontent-hng-c': '', 'class': 'btnbtn-default'}, 29471666746861938259470438044637749945, http://localhost:8080/petclinic/specialties
29471666746861938259470438044637749945, 296083068084319153503912117178553798895 -> input []{'_ngcontent-hng-c': '', 'type': 'text', 'name': 'spec_name', 'class': 'form-controlng-untouchedng-pristineng-valid', 'ng-reflect-name': 'spec_name', 'id': '', 'readonly': '', 'ng-reflect-model': 'dentistry'}, 29471666746861938259470438044637749945, http://localhost:8080/petclinic/specialties
29471666746861938259470438044637749945, 180749025726728998524054104768081218813 -> a [<span _ngcontent-hng-c45="" aria-hidden="true" class="glyphicon glyphicon-th-list", 177277122829485994139659753230404594163, http://localhost:8080/petclinic/specialties
177277122829485994139659753230404594163, 132954399275105147144155649109267715418 -> input []{'_ngcontent-hng-c': '', 'type': 'text', 'name': 'spec_name', 'class': 'form-controlng-untouchedng-pristineng-valid', 'ng-reflect-name': 'spec_name', 'id': '', 'readonly': '', 'ng-reflect-model': 'radiology'}, 177277122829485994139659753230404594163, http://localhost:8080/petclinic/specialties
49422149324400457114317816287120169614, None, 49422149324400457114317816287120169614, http://localhost:8080/petclinic/
49422149324400457114317816287120169614, 190748521693747952972068613487256774062 -> a [<span _ngcontent-kyk-c45="" aria-hidden="true" class="glyphicon glyphicon-th-list", 22207904214896044267419385941490552567, http://localhost:8080/petclinic/pettypes
22207904214896044267419385941490552567, 147176088898794299577173436942824760816 -> a [<span _ngcontent-kyk-c45="" aria-hidden="true" class="glyphicon glyphicon-home", 233426145574943821352606517966566132163, http://localhost:8080/petclinic/welcome
233426145574943821352606517966566132163, 234885984669068458420167746816619042240 -> a ['Veterinarians', <span _ngcontent-kyk-c45="" class="caret", 192306625620991217132025247140004257967, http://localhost:8080/petclinic/welcome
192306625620991217132025247140004257967, 167194305707836964128109500643124972322 -> a [<span _ngcontent-kyk-c45="" aria-hidden="true" class="glyphicon glyphicon-th-list", 22207904214896044267419385941490552567, http://localhost:8080/petclinic/pettypes
22207904214896044267419385941490552567, 130998105892618097321714652074744287546 -> a ['Owners', <span _ngcontent-kyk-c45="" class="caret", 196201318543991052065865749861891760698, http://localhost:8080/petclinic/pettypes
196201318543991052065865749861891760698, 33154615475631841889269338112892456749 -> a [<span _ngcontent-kyk-c45="" aria-hidden="true" class="glyphicon glyphicon-th-list", 29471666746861938259470438044637749945, http://localhost:8080/petclinic/specialties
29471666746861938259470438044637749945, 5193575758834233412115205807836182776 -> input []{'_ngcontent-kyk-c': '', 'type': 'text', 'name': 'spec_name', 'class': 'form-controlng-untouchedng-pristineng-valid', 'ng-reflect-name': 'spec_name', 'id': '', 'readonly': '', 'ng-reflect-model': 'radiology'}, 29471666746861938259470438044637749945, http://localhost:8080/petclinic/specialties
29471666746861938259470438044637749945, 147176088898794299577173436942824760816 -> a [<span _ngcontent-kyk-c45="" aria-hidden="true" class="glyphicon glyphicon-home", 233426145574943821352606517966566132163, http://localhost:8080/petclinic/welcome
49422149324400457114317816287120169614, None, 49422149324400457114317816287120169614, http://localhost:8080/petclinic/
49422149324400457114317816287120169614, 305439421700719146654445066503675307560 -> a ['Owners', <span _ngcontent-hje-c45="" class="caret", 203789904488100118908646339278060037750, http://localhost:8080/petclinic/
203789904488100118908646339278060037750, 304875475486413872495680679476826919368 -> a [<span _ngcontent-hje-c45="" aria-hidden="true" class="glyphicon glyphicon-th-list", 22207904214896044267419385941490552567, http://localhost:8080/petclinic/pettypes
22207904214896044267419385941490552567, 123129364898564904202211189761950940396 -> button ['Home']{'_ngcontent-hje-c': '', 'class': 'btnbtn-default'}, 197610529375671059583783508832852996774, http://localhost:8080/petclinic/pettypes
197610529375671059583783508832852996774, 227460538827822759565790239327114565059 -> a [<span _ngcontent-hje-c45="" aria-hidden="true" class="glyphicon glyphicon-th-list", 22207904214896044267419385941490552567, http://localhost:8080/petclinic/pettypes
22207904214896044267419385941490552567, 199687405998397949213842996205612642058 -> a ['Veterinarians', <span _ngcontent-hje-c45="" class="caret", 75448195979372849709390101211123205399, http://localhost:8080/petclinic/pettypes
75448195979372849709390101211123205399, 93599312322752754921313124012526803579 -> a [<span _ngcontent-hje-c45="" aria-hidden="true" class="glyphicon glyphicon-plus", 226400275808166741890881194165636805276, http://localhost:8080/petclinic/vets/add
226400275808166741890881194165636805276, 283002774173482054319657511380440116674 -> a [<span _ngcontent-hje-c45="" aria-hidden="true" class="glyphicon glyphicon-th-list", 29471666746861938259470438044637749945, http://localhost:8080/petclinic/specialties
29471666746861938259470438044637749945, 123129364898564904202211189761950940396 -> button ['Home']{'_ngcontent-hje-c': '', 'class': 'btnbtn-default'}, 90924957358455097642166425674986735534, http://localhost:8080/petclinic/specialties
49422149324400457114317816287120169614, None, 49422149324400457114317816287120169614, http://localhost:8080/petclinic/
49422149324400457114317816287120169614, 289585342507163762698561474771194894052 -> a ['Owners', <span _ngcontent-hqk-c45="" class="caret", 203789904488100118908646339278060037750, http://localhost:8080/petclinic/
203789904488100118908646339278060037750, 149479980242376702351837491947656690835 -> a [<span _ngcontent-hqk-c45="" aria-hidden="true" class="glyphicon glyphicon-home", 233426145574943821352606517966566132163, http://localhost:8080/petclinic/welcome
233426145574943821352606517966566132163, 13751135628289161210411479212482387314 -> a ['Veterinarians', <span _ngcontent-hqk-c45="" class="caret", 192306625620991217132025247140004257967, http://localhost:8080/petclinic/welcome
192306625620991217132025247140004257967, 151080933269171610352958170578517720517 -> a [<span _ngcontent-hqk-c45="" aria-hidden="true" class="glyphicon glyphicon-th-list", 22207904214896044267419385941490552567, http://localhost:8080/petclinic/pettypes
22207904214896044267419385941490552567, 230514216527109783756270160587470108756 -> button ['Edit']{'_ngcontent-hqk-c': '', 'class': 'btnbtn-default'}, 27597807665439441345225902998936491922, http://localhost:8080/petclinic/pettypes/5/edit
27597807665439441345225902998936491922, 289585342507163762698561474771194894052 -> a ['Owners', <span _ngcontent-hqk-c45="" class="caret", 139046719794004237530317143529680449020, http://localhost:8080/petclinic/pettypes/5/edit
139046719794004237530317143529680449020, 123267912173180091139807701390084553937 -> a ['Owners', <span _ngcontent-hqk-c45="" class="caret", 27597807665439441345225902998936491922, http://localhost:8080/petclinic/pettypes/5/edit
27597807665439441345225902998936491922, 289585342507163762698561474771194894052 -> a ['Owners', <span _ngcontent-hqk-c45="" class="caret", 139046719794004237530317143529680449020, http://localhost:8080/petclinic/pettypes/5/edit
49422149324400457114317816287120169614, None, 49422149324400457114317816287120169614, http://localhost:8080/petclinic/
49422149324400457114317816287120169614, None, 49422149324400457114317816287120169614, http://localhost:8080/petclinic/
49422149324400457114317816287120169614, 242559041181819677728833394128442799636 -> a [<span _ngcontent-cru-c45="" aria-hidden="true" class="glyphicon glyphicon-home", 233426145574943821352606517966566132163, http://localhost:8080/petclinic/welcome
233426145574943821352606517966566132163, 283995689025608665159959182754622930224 -> a ['Owners', <span _ngcontent-cru-c45="" class="caret", 227835630353743896636286229706560382285, http://localhost:8080/petclinic/welcome
227835630353743896636286229706560382285, 69653525757408877605888387079037248782 -> a [<span _ngcontent-cru-c45="" aria-hidden="true" class="glyphicon glyphicon-th-list", 22207904214896044267419385941490552567, http://localhost:8080/petclinic/pettypes
22207904214896044267419385941490552567, 174350885250753071234824120446062484479 -> button ['Home']{'_ngcontent-cru-c': '', 'class': 'btnbtn-default'}, 197610529375671059583783508832852996774, http://localhost:8080/petclinic/pettypes
197610529375671059583783508832852996774, 283995689025608665159959182754622930224 -> a ['Owners', <span _ngcontent-cru-c45="" class="caret", 227835630353743896636286229706560382285, http://localhost:8080/petclinic/welcome
227835630353743896636286229706560382285, 76448454853450339193993984663134329393 -> a ['Veterinarians', <span _ngcontent-cru-c45="" class="caret", 192306625620991217132025247140004257967, http://localhost:8080/petclinic/welcome
192306625620991217132025247140004257967, 76726669168003572488296839892530778691 -> a [<span _ngcontent-cru-c45="" aria-hidden="true" class="glyphicon glyphicon-plus", 226400275808166741890881194165636805276, http://localhost:8080/petclinic/vets/add
226400275808166741890881194165636805276, 130980814849873683032116444383572695440 -> a [<span _ngcontent-cru-c45="" aria-hidden="true" class="glyphicon glyphicon-th-list", 22207904214896044267419385941490552567, http://localhost:8080/petclinic/pettypes
49422149324400457114317816287120169614, None, 49422149324400457114317816287120169614, http://localhost:8080/petclinic/
49422149324400457114317816287120169614, None, 49422149324400457114317816287120169614, http://localhost:8080/petclinic/
49422149324400457114317816287120169614, 90383184518804503436773138197247617182 -> a ['Owners', <span _ngcontent-sik-c45="" class="caret", 203789904488100118908646339278060037750, http://localhost:8080/petclinic/
49422149324400457114317816287120169614, None, 49422149324400457114317816287120169614, http://localhost:8080/petclinic/
49422149324400457114317816287120169614, 148251343954725471659489273807108548365 -> a ['Veterinarians', <span _ngcontent-ajv-c45="" class="caret", 74849793808848032408097070206027864246, http://localhost:8080/petclinic/
74849793808848032408097070206027864246, 108626967656179144056895288250325665149 -> a ['Veterinarians', <span _ngcontent-ajv-c45="" class="caret", 49422149324400457114317816287120169614, http://localhost:8080/petclinic/
49422149324400457114317816287120169614, None, 49422149324400457114317816287120169614, http://localhost:8080/petclinic/
49422149324400457114317816287120169614, None, 49422149324400457114317816287120169614, http://localhost:8080/petclinic/
49422149324400457114317816287120169614, None, 49422149324400457114317816287120169614, http://localhost:8080/petclinic/
49422149324400457114317816287120169614, 106328934521671122229381748576845022801 -> a ['Owners', <span _ngcontent-swo-c45="" class="caret", 203789904488100118908646339278060037750, http://localhost:8080/petclinic/
203789904488100118908646339278060037750, 46617544041309741219522546476065483162 -> a ['Veterinarians', <span _ngcontent-swo-c45="" class="caret", 74849793808848032408097070206027864246, http://localhost:8080/petclinic/
74849793808848032408097070206027864246, 209497257535132933930522265029183870599 -> a [<span _ngcontent-swo-c45="" aria-hidden="true" class="glyphicon glyphicon-search", 157160640445751975500720621752664039441, http://localhost:8080/petclinic/vets
157160640445751975500720621752664039441, 106328934521671122229381748576845022801 -> a ['Owners', <span _ngcontent-swo-c45="" class="caret", 239902375458026072351934835680748513665, http://localhost:8080/petclinic/vets
49422149324400457114317816287120169614, None, 49422149324400457114317816287120169614, http://localhost:8080/petclinic/
49422149324400457114317816287120169614, 1046639277129458644794027203796541598 -> a [<span _ngcontent-yee-c45="" aria-hidden="true" class="glyphicon glyphicon-th-list", 22207904214896044267419385941490552567, http://localhost:8080/petclinic/pettypes
22207904214896044267419385941490552567, 243459750768438735534517364526078565889 -> button ['Delete']{'_ngcontent-yee-c': '', 'class': 'btnbtn-default'}, 22207904214896044267419385941490552567, http://localhost:8080/petclinic/pettypes
22207904214896044267419385941490552567, 138009116572951792100483765116763499497 -> button ['Home']{'_ngcontent-yee-c': '', 'class': 'btnbtn-default'}, 197610529375671059583783508832852996774, http://localhost:8080/petclinic/pettypes
49422149324400457114317816287120169614, None, 49422149324400457114317816287120169614, http://localhost:8080/petclinic/
49422149324400457114317816287120169614, 263691154332527857226188045861768911178 -> a [<span _ngcontent-ppy-c45="" aria-hidden="true" class="glyphicon glyphicon-home", 233426145574943821352606517966566132163, http://localhost:8080/petclinic/welcome
49422149324400457114317816287120169614, None, 49422149324400457114317816287120169614, http://localhost:8080/petclinic/
49422149324400457114317816287120169614, 102429056665522111082310738518819187609 -> a ['Owners', <span _ngcontent-lcn-c45="" class="caret", 203789904488100118908646339278060037750, http://localhost:8080/petclinic/
203789904488100118908646339278060037750, 329711947601208600778572265452155211735 -> a [<span _ngcontent-lcn-c45="" aria-hidden="true" class="glyphicon glyphicon-th-list", 29471666746861938259470438044637749945, http://localhost:8080/petclinic/specialties
29471666746861938259470438044637749945, 269290004314332950512589786457967812578 -> input []{'_ngcontent-lcn-c': '', 'type': 'text', 'name': 'spec_name', 'class': 'form-controlng-untouchedng-pristineng-valid', 'ng-reflect-name': 'spec_name', 'id': '', 'readonly': '', 'ng-reflect-model': 'radiology'}, 29471666746861938259470438044637749945, http://localhost:8080/petclinic/specialties
29471666746861938259470438044637749945, 269290004314332950512589786457967812578 -> input []{'_ngcontent-lcn-c': '', 'type': 'text', 'name': 'spec_name', 'class': 'form-controlng-untouchedng-pristineng-valid', 'ng-reflect-name': 'spec_name', 'id': '', 'readonly': '', 'ng-reflect-model': 'radiology'}, 29471666746861938259470438044637749945, http://localhost:8080/petclinic/specialties
29471666746861938259470438044637749945, 208361917983972572794877440450533383838 -> input []{'_ngcontent-lcn-c': '', 'type': 'text', 'name': 'spec_name', 'class': 'form-controlng-untouchedng-pristineng-valid', 'ng-reflect-name': 'spec_name', 'id': '', 'readonly': '', 'ng-reflect-model': 'surgery'}, 94941635346974456374419029355830348405, http://localhost:8080/petclinic/specialties
94941635346974456374419029355830348405, 293098221994861652995084634115090334712 -> a ['Veterinarians', <span _ngcontent-lcn-c45="" class="caret", 11708796315777034570473246648942342177, http://localhost:8080/petclinic/specialties
11708796315777034570473246648942342177, 2828099759384931459587937001228968620 -> button ['Delete']{'_ngcontent-lcn-c': '', 'class': 'btnbtn-default'}, 194114493565640186157382625192213136753, http://localhost:8080/petclinic/specialties
194114493565640186157382625192213136753, 47193016447546645757429402414126456916 -> input []{'_ngcontent-lcn-c': '', 'type': 'text', 'name': 'spec_name', 'class': 'form-controlng-untouchedng-pristineng-valid', 'ng-reflect-name': 'spec_name', 'id': '', 'readonly': '', 'ng-reflect-model': 'dentistry'}, 194114493565640186157382625192213136753, http://localhost:8080/petclinic/specialties
49422149324400457114317816287120169614, None, 49422149324400457114317816287120169614, http://localhost:8080/petclinic/
49422149324400457114317816287120169614, 55676540191403927778417529726921586187 -> a ['Owners', <span _ngcontent-idi-c45="" class="caret", 203789904488100118908646339278060037750, http://localhost:8080/petclinic/
203789904488100118908646339278060037750, 134847663102923742424119831595998358126 -> a ['Owners', <span _ngcontent-idi-c45="" class="caret", 49422149324400457114317816287120169614, http://localhost:8080/petclinic/
49422149324400457114317816287120169614, 38720508689694737011032100411761181299 -> a [<span _ngcontent-idi-c45="" aria-hidden="true" class="glyphicon glyphicon-home", 233426145574943821352606517966566132163, http://localhost:8080/petclinic/welcome
233426145574943821352606517966566132163, 265675991119345139967633527749528162453 -> a ['Veterinarians', <span _ngcontent-idi-c45="" class="caret", 192306625620991217132025247140004257967, http://localhost:8080/petclinic/welcome
192306625620991217132025247140004257967, 55676540191403927778417529726921586187 -> a ['Owners', <span _ngcontent-idi-c45="" class="caret", 227835630353743896636286229706560382285, http://localhost:8080/petclinic/welcome
227835630353743896636286229706560382285, 41762868988066152085535727306370828179 -> a [<span _ngcontent-idi-c45="" aria-hidden="true" class="glyphicon glyphicon-plus", 196370683163298305697357578125185634226, http://localhost:8080/petclinic/owners/add
196370683163298305697357578125185634226, 136138302742300892899226258752760411371 -> input []{'_ngcontent-idi-c': '', 'type': 'text', 'id': 'city', 'name': 'city', 'required': '', 'class': 'form-controlng-untouchedng-pristineng-invalid', 'ng-reflect-name': 'city', 'ng-reflect-required': ''}, 59436136906054426933862988950226305263, http://localhost:8080/petclinic/owners/add
59436136906054426933862988950226305263, 187255162038985730688688284726925171035 -> input []{'_ngcontent-idi-c': '', 'type': 'text', 'id': 'address', 'name': 'address', 'required': '', 'class': 'form-controlng-untouchedng-pristineng-invalid', 'ng-reflect-name': 'address', 'ng-reflect-required': ''}, 131314255890534618155591636387615767261, http://localhost:8080/petclinic/owners/add
49422149324400457114317816287120169614, None, 49422149324400457114317816287120169614, http://localhost:8080/petclinic/
49422149324400457114317816287120169614, 239455911661694507186167404131882958727 -> a [<span _ngcontent-lwb-c45="" aria-hidden="true" class="glyphicon glyphicon-th-list", 161798170299493290738759243850959731341, http://localhost:8080/petclinic/pettypes
161798170299493290738759243850959731341, 281130656100816200823641873126558720541 -> a [<span _ngcontent-lwb-c45="" aria-hidden="true" class="glyphicon glyphicon-home", 233426145574943821352606517966566132163, http://localhost:8080/petclinic/welcome
49422149324400457114317816287120169614, None, 49422149324400457114317816287120169614, http://localhost:8080/petclinic/
49422149324400457114317816287120169614, 264664150591699204914701204647110468341 -> a [<span _ngcontent-prv-c45="" aria-hidden="true" class="glyphicon glyphicon-th-list", 29471666746861938259470438044637749945, http://localhost:8080/petclinic/specialties
29471666746861938259470438044637749945, 187763772468480757763946477459986739347 -> a [<span _ngcontent-prv-c45="" aria-hidden="true" class="glyphicon glyphicon-home", 233426145574943821352606517966566132163, http://localhost:8080/petclinic/welcome
233426145574943821352606517966566132163, 219937683076277208167569650209139745650 -> a ['Owners', <span _ngcontent-prv-c45="" class="caret", 227835630353743896636286229706560382285, http://localhost:8080/petclinic/welcome
227835630353743896636286229706560382285, 34649343961057525227615773576652173959 -> a [<span _ngcontent-prv-c45="" aria-hidden="true" class="glyphicon glyphicon-th-list", 161798170299493290738759243850959731341, http://localhost:8080/petclinic/pettypes
161798170299493290738759243850959731341, 219937683076277208167569650209139745650 -> a ['Owners', <span _ngcontent-prv-c45="" class="caret", 115856414194066641295190409532367325933, http://localhost:8080/petclinic/pettypes
115856414194066641295190409532367325933, 16428001978253139242313860027525554055 -> a ['Owners', <span _ngcontent-prv-c45="" class="caret", 161798170299493290738759243850959731341, http://localhost:8080/petclinic/pettypes
161798170299493290738759243850959731341, 51405264089514949577130225189781311365 -> button [' Add ']{'_ngcontent-prv-c': '', 'class': 'btnbtn-default'}, 12445557405712413253233831157046405918, http://localhost:8080/petclinic/pettypes
12445557405712413253233831157046405918, 219937683076277208167569650209139745650 -> a ['Owners', <span _ngcontent-prv-c45="" class="caret", 296764161412933825517992210529830794465, http://localhost:8080/petclinic/pettypes
49422149324400457114317816287120169614, None, 49422149324400457114317816287120169614, http://localhost:8080/petclinic/
49422149324400457114317816287120169614, 273790759167949761671192309250119224896 -> a [<span _ngcontent-txl-c45="" aria-hidden="true" class="glyphicon glyphicon-home", 233426145574943821352606517966566132163, http://localhost:8080/petclinic/welcome
233426145574943821352606517966566132163, 273790759167949761671192309250119224896 -> a [<span _ngcontent-txl-c45="" aria-hidden="true" class="glyphicon glyphicon-home", 233426145574943821352606517966566132163, http://localhost:8080/petclinic/welcome
233426145574943821352606517966566132163, 159257869376858930233104270478112030172 -> a [<span _ngcontent-txl-c45="" aria-hidden="true" class="glyphicon glyphicon-th-list", 29471666746861938259470438044637749945, http://localhost:8080/petclinic/specialties
29471666746861938259470438044637749945, 100231410451787244493843914410236398357 -> input []{'_ngcontent-txl-c': '', 'type': 'text', 'name': 'spec_name', 'class': 'form-controlng-untouchedng-pristineng-valid', 'ng-reflect-name': 'spec_name', 'id': '', 'readonly': '', 'ng-reflect-model': 'dentistry'}, 29471666746861938259470438044637749945, http://localhost:8080/petclinic/specialties
29471666746861938259470438044637749945, 100231410451787244493843914410236398357 -> input []{'_ngcontent-txl-c': '', 'type': 'text', 'name': 'spec_name', 'class': 'form-controlng-untouchedng-pristineng-valid', 'ng-reflect-name': 'spec_name', 'id': '', 'readonly': '', 'ng-reflect-model': 'dentistry'}, 29471666746861938259470438044637749945, http://localhost:8080/petclinic/specialties
29471666746861938259470438044637749945, 72392894186749918750157945702028911859 -> a [<span _ngcontent-txl-c45="" aria-hidden="true" class="glyphicon glyphicon-th-list", 177277122829485994139659753230404594163, http://localhost:8080/petclinic/specialties
177277122829485994139659753230404594163, 273790759167949761671192309250119224896 -> a [<span _ngcontent-txl-c45="" aria-hidden="true" class="glyphicon glyphicon-home", 233426145574943821352606517966566132163, http://localhost:8080/petclinic/welcome
49422149324400457114317816287120169614, None, 49422149324400457114317816287120169614, http://localhost:8080/petclinic/
49422149324400457114317816287120169614, 132155465962309783175861198324667312441 -> a [<span _ngcontent-ykf-c45="" aria-hidden="true" class="glyphicon glyphicon-home", 233426145574943821352606517966566132163, http://localhost:8080/petclinic/welcome
49422149324400457114317816287120169614, None, 49422149324400457114317816287120169614, http://localhost:8080/petclinic/
49422149324400457114317816287120169614, 108839340550952640360611352176484586158 -> a ['Veterinarians', <span _ngcontent-cjv-c45="" class="caret", 74849793808848032408097070206027864246, http://localhost:8080/petclinic/
74849793808848032408097070206027864246, 20922143858884568360961061297066199421 -> a ['Owners', <span _ngcontent-cjv-c45="" class="caret", 203789904488100118908646339278060037750, http://localhost:8080/petclinic/
203789904488100118908646339278060037750, 179698444266402152690637266448192638535 -> a [<span _ngcontent-cjv-c45="" aria-hidden="true" class="glyphicon glyphicon-th-list", 29471666746861938259470438044637749945, http://localhost:8080/petclinic/specialties
29471666746861938259470438044637749945, 104967464797121100625874142623196429414 -> a [<span _ngcontent-cjv-c45="" aria-hidden="true" class="glyphicon glyphicon-home", 233426145574943821352606517966566132163, http://localhost:8080/petclinic/welcome
49422149324400457114317816287120169614, None, 49422149324400457114317816287120169614, http://localhost:8080/petclinic/
49422149324400457114317816287120169614, 80530927925539970817397443934216480336 -> a ['Owners', <span _ngcontent-dxu-c45="" class="caret", 203789904488100118908646339278060037750, http://localhost:8080/petclinic/
203789904488100118908646339278060037750, 326932467324546239745788013994360222333 -> a ['Owners', <span _ngcontent-dxu-c45="" class="caret", 49422149324400457114317816287120169614, http://localhost:8080/petclinic/
49422149324400457114317816287120169614, 279674482008617432376908344161996040957 -> a [<span _ngcontent-dxu-c45="" aria-hidden="true" class="glyphicon glyphicon-home", 233426145574943821352606517966566132163, http://localhost:8080/petclinic/welcome
49422149324400457114317816287120169614, None, 49422149324400457114317816287120169614, http://localhost:8080/petclinic/
49422149324400457114317816287120169614, 31551792500456474800842613667643923380 -> a [<span _ngcontent-nay-c45="" aria-hidden="true" class="glyphicon glyphicon-th-list", 29471666746861938259470438044637749945, http://localhost:8080/petclinic/specialties
29471666746861938259470438044637749945, 92620846037497177352644883699114443003 -> a [<span _ngcontent-nay-c45="" aria-hidden="true" class="glyphicon glyphicon-th-list", 161798170299493290738759243850959731341, http://localhost:8080/petclinic/pettypes
161798170299493290738759243850959731341, 176511554914364111816545365067512506170 -> button ['Home']{'_ngcontent-nay-c': '', 'class': 'btnbtn-default'}, 197610529375671059583783508832852996774, http://localhost:8080/petclinic/pettypes
49422149324400457114317816287120169614, None, 49422149324400457114317816287120169614, http://localhost:8080/petclinic/
49422149324400457114317816287120169614, 117151887724530229898626840554018135597 -> a [<span _ngcontent-udu-c45="" aria-hidden="true" class="glyphicon glyphicon-home", 233426145574943821352606517966566132163, http://localhost:8080/petclinic/welcome
233426145574943821352606517966566132163, 254502109150484126353728327611173684928 -> a ['Veterinarians', <span _ngcontent-udu-c45="" class="caret", 192306625620991217132025247140004257967, http://localhost:8080/petclinic/welcome
49422149324400457114317816287120169614, None, 49422149324400457114317816287120169614, http://localhost:8080/petclinic/
49422149324400457114317816287120169614, 312439873749590890207159906236841337715 -> a [<span _ngcontent-sbu-c45="" aria-hidden="true" class="glyphicon glyphicon-th-list", 29471666746861938259470438044637749945, http://localhost:8080/petclinic/specialties
29471666746861938259470438044637749945, 51987443885442664768921753966518406600 -> input []{'_ngcontent-sbu-c': '', 'type': 'text', 'name': 'spec_name', 'class': 'form-controlng-untouchedng-pristineng-valid', 'ng-reflect-name': 'spec_name', 'id': '', 'readonly': '', 'ng-reflect-model': 'surgery'}, 29471666746861938259470438044637749945, http://localhost:8080/petclinic/specialties
29471666746861938259470438044637749945, 80259176372103005215018195445050144934 -> button ['Home']{'_ngcontent-sbu-c': '', 'class': 'btnbtn-default'}, 90924957358455097642166425674986735534, http://localhost:8080/petclinic/specialties
90924957358455097642166425674986735534, 14489308048285897718721687251396977427 -> a [<span _ngcontent-sbu-c45="" aria-hidden="true" class="glyphicon glyphicon-home", 233426145574943821352606517966566132163, http://localhost:8080/petclinic/welcome
49422149324400457114317816287120169614, None, 49422149324400457114317816287120169614, http://localhost:8080/petclinic/
49422149324400457114317816287120169614, 240206060186275994859781851636669106484 -> a [<span _ngcontent-rlp-c45="" aria-hidden="true" class="glyphicon glyphicon-home", 233426145574943821352606517966566132163, http://localhost:8080/petclinic/welcome
49422149324400457114317816287120169614, None, 49422149324400457114317816287120169614, http://localhost:8080/petclinic/
49422149324400457114317816287120169614, 45062670834444090239438315818934855357 -> a [<span _ngcontent-hyk-c45="" aria-hidden="true" class="glyphicon glyphicon-th-list", 161798170299493290738759243850959731341, http://localhost:8080/petclinic/pettypes
161798170299493290738759243850959731341, 161769205660230592177321472165874263130 -> a [<span _ngcontent-hyk-c45="" aria-hidden="true" class="glyphicon glyphicon-th-list", 29471666746861938259470438044637749945, http://localhost:8080/petclinic/specialties
29471666746861938259470438044637749945, 166040263094396430164683666315697778997 -> button ['Home']{'_ngcontent-hyk-c': '', 'class': 'btnbtn-default'}, 90924957358455097642166425674986735534, http://localhost:8080/petclinic/specialties
90924957358455097642166425674986735534, 122455260557431796815720362143556060617 -> a ['Owners', <span _ngcontent-hyk-c45="" class="caret", 227835630353743896636286229706560382285, http://localhost:8080/petclinic/welcome
227835630353743896636286229706560382285, 25263900003232069213763369798166841620 -> a [<span _ngcontent-hyk-c45="" aria-hidden="true" class="glyphicon glyphicon-th-list", 29471666746861938259470438044637749945, http://localhost:8080/petclinic/specialties
29471666746861938259470438044637749945, 56342352351420447431837553693570420098 -> button ['Edit']{'_ngcontent-hyk-c': '', 'class': 'btnbtn-default'}, 83846097102934712265922040739446818067, http://localhost:8080/petclinic/specialties
83846097102934712265922040739446818067, 152577779874609591785185135769768916376 -> button ['Update']{'_ngcontent-hyk-c': '', 'type': 'submit', 'class': 'btnbtn-default'}, 78840999675418226649319251564377765273, http://localhost:8080/petclinic/specialties/1/edit
49422149324400457114317816287120169614, None, 49422149324400457114317816287120169614, http://localhost:8080/petclinic/
49422149324400457114317816287120169614, 7566611400575475830501135747230274797 -> a ['Veterinarians', <span _ngcontent-dgs-c45="" class="caret", 74849793808848032408097070206027864246, http://localhost:8080/petclinic/
74849793808848032408097070206027864246, 298591014228825904438891870497920539702 -> a [<span _ngcontent-dgs-c45="" aria-hidden="true" class="glyphicon glyphicon-home", 233426145574943821352606517966566132163, http://localhost:8080/petclinic/welcome
233426145574943821352606517966566132163, 7566611400575475830501135747230274797 -> a ['Veterinarians', <span _ngcontent-dgs-c45="" class="caret", 192306625620991217132025247140004257967, http://localhost:8080/petclinic/welcome
192306625620991217132025247140004257967, 85158740930772866542883559697689204463 -> a [<span _ngcontent-dgs-c45="" aria-hidden="true" class="glyphicon glyphicon-plus", 226400275808166741890881194165636805276, http://localhost:8080/petclinic/vets/add
226400275808166741890881194165636805276, 7566611400575475830501135747230274797 -> a ['Veterinarians', <span _ngcontent-dgs-c45="" class="caret", 44717312890763366971588779673034305496, http://localhost:8080/petclinic/vets/add
44717312890763366971588779673034305496, 143123852511732102551188625862463517652 -> a [<span _ngcontent-dgs-c45="" aria-hidden="true" class="glyphicon glyphicon-th-list", 161798170299493290738759243850959731341, http://localhost:8080/petclinic/pettypes
161798170299493290738759243850959731341, 259716991537248360240390559300373233842 -> button ['Edit']{'_ngcontent-dgs-c': '', 'class': 'btnbtn-default'}, 260092599733565301281345644037673571839, http://localhost:8080/petclinic/pettypes
49422149324400457114317816287120169614, None, 49422149324400457114317816287120169614, http://localhost:8080/petclinic/
49422149324400457114317816287120169614, 132476098572121049182692505935808635462 -> a ['Veterinarians', <span _ngcontent-otb-c45="" class="caret", 74849793808848032408097070206027864246, http://localhost:8080/petclinic/
74849793808848032408097070206027864246, 270544315603239429214240191485067745376 -> a [<span _ngcontent-otb-c45="" aria-hidden="true" class="glyphicon glyphicon-home", 233426145574943821352606517966566132163, http://localhost:8080/petclinic/welcome
233426145574943821352606517966566132163, 4409177729984142451993934292032535030 -> a [<span _ngcontent-otb-c45="" aria-hidden="true" class="glyphicon glyphicon-th-list", 161798170299493290738759243850959731341, http://localhost:8080/petclinic/pettypes
161798170299493290738759243850959731341, 270544315603239429214240191485067745376 -> a [<span _ngcontent-otb-c45="" aria-hidden="true" class="glyphicon glyphicon-home", 233426145574943821352606517966566132163, http://localhost:8080/petclinic/welcome
233426145574943821352606517966566132163, 270544315603239429214240191485067745376 -> a [<span _ngcontent-otb-c45="" aria-hidden="true" class="glyphicon glyphicon-home", 233426145574943821352606517966566132163, http://localhost:8080/petclinic/welcome
233426145574943821352606517966566132163, 182935262560148538722770234913442239770 -> a [<span _ngcontent-otb-c45="" aria-hidden="true" class="glyphicon glyphicon-th-list", 29471666746861938259470438044637749945, http://localhost:8080/petclinic/specialties
29471666746861938259470438044637749945, 309757308848809402972749374867685526815 -> input []{'_ngcontent-otb-c': '', 'type': 'text', 'name': 'spec_name', 'class': 'form-controlng-untouchedng-pristineng-valid', 'ng-reflect-name': 'spec_name', 'id': '', 'readonly': '', 'ng-reflect-model': 'surgery'}, 29471666746861938259470438044637749945, http://localhost:8080/petclinic/specialties
29471666746861938259470438044637749945, 178059923586613132103138222895559805470 -> a ['Owners', <span _ngcontent-otb-c45="" class="caret", 255677543285428041734360435999099381231, http://localhost:8080/petclinic/specialties
49422149324400457114317816287120169614, None, 49422149324400457114317816287120169614, http://localhost:8080/petclinic/
49422149324400457114317816287120169614, 328147594075717489200966559396994717279 -> a ['Veterinarians', <span _ngcontent-sau-c45="" class="caret", 74849793808848032408097070206027864246, http://localhost:8080/petclinic/
49422149324400457114317816287120169614, None, 49422149324400457114317816287120169614, http://localhost:8080/petclinic/
49422149324400457114317816287120169614, 98335295623612802280266484300213974770 -> a ['Veterinarians', <span _ngcontent-rgl-c45="" class="caret", 74849793808848032408097070206027864246, http://localhost:8080/petclinic/
74849793808848032408097070206027864246, 189499570756659217717338572327084058861 -> a [<span _ngcontent-rgl-c45="" aria-hidden="true" class="glyphicon glyphicon-th-list", 29471666746861938259470438044637749945, http://localhost:8080/petclinic/specialties
29471666746861938259470438044637749945, 66899320691723382304564001957007329663 -> button ['Edit']{'_ngcontent-rgl-c': '', 'class': 'btnbtn-default'}, 83846097102934712265922040739446818067, http://localhost:8080/petclinic/specialties
83846097102934712265922040739446818067, 147507201798545851790672532474141165397 -> input []{'_ngcontent-rgl-c': '', 'id': 'name', 'name': 'name', 'type': 'text', 'required': '', 'class': 'form-controlng-untouchedng-pristineng-valid', 'ng-reflect-name': 'name', 'ng-reflect-required': '', 'ng-reflect-model': 'radiology'}, 219950885215635730353536836844494707825, http://localhost:8080/petclinic/specialties/1/edit
219950885215635730353536836844494707825, 286514879374562857484042937127262490734 -> input []{'_ngcontent-rgl-c': '', 'id': 'name', 'name': 'name', 'type': 'text', 'required': '', 'class': 'form-controlng-untouchedng-validng-dirty', 'ng-reflect-name': 'name', 'ng-reflect-required': '', 'ng-reflect-model': 'radiologyLeader consider milli'}, 219950885215635730353536836844494707825, http://localhost:8080/petclinic/specialties/1/edit
219950885215635730353536836844494707825, 115805981596080324838168554959888242799 -> a [<span _ngcontent-rgl-c45="" aria-hidden="true" class="glyphicon glyphicon-th-list", 161798170299493290738759243850959731341, http://localhost:8080/petclinic/pettypes
161798170299493290738759243850959731341, 66899320691723382304564001957007329663 -> button ['Edit']{'_ngcontent-rgl-c': '', 'class': 'btnbtn-default'}, 260092599733565301281345644037673571839, http://localhost:8080/petclinic/pettypes
260092599733565301281345644037673571839, 98688288295766579749875319410206476713 -> button ['Cancel']{'_ngcontent-rgl-c': '', 'class': 'btnbtn-default'}, 161798170299493290738759243850959731341, http://localhost:8080/petclinic/pettypes
49422149324400457114317816287120169614, None, 49422149324400457114317816287120169614, http://localhost:8080/petclinic/
49422149324400457114317816287120169614, 98090607468277734389188505733838060905 -> a [<span _ngcontent-jxf-c45="" aria-hidden="true" class="glyphicon glyphicon-th-list", 29471666746861938259470438044637749945, http://localhost:8080/petclinic/specialties
29471666746861938259470438044637749945, 184544643052578394588356826513405508853 -> input []{'_ngcontent-jxf-c': '', 'type': 'text', 'name': 'spec_name', 'class': 'form-controlng-untouchedng-pristineng-valid', 'ng-reflect-name': 'spec_name', 'id': '', 'readonly': '', 'ng-reflect-model': 'surgery'}, 29471666746861938259470438044637749945, http://localhost:8080/petclinic/specialties
29471666746861938259470438044637749945, 252075866171367482088302330546473145149 -> button [' Add ']{'_ngcontent-jxf-c': '', 'class': 'btnbtn-default'}, 101308375901847301263974442186633943883, http://localhost:8080/petclinic/specialties
101308375901847301263974442186633943883, 174401304090474880548667768532614830600 -> button ['Edit']{'_ngcontent-jxf-c': '', 'class': 'btnbtn-default'}, 83846097102934712265922040739446818067, http://localhost:8080/petclinic/specialties
83846097102934712265922040739446818067, 204022480079090092625829184901531999813 -> a [<span _ngcontent-jxf-c45="" aria-hidden="true" class="glyphicon glyphicon-th-list", 161798170299493290738759243850959731341, http://localhost:8080/petclinic/pettypes
161798170299493290738759243850959731341, 28777145994340736148618371868623629115 -> a ['Veterinarians', <span _ngcontent-jxf-c45="" class="caret", 31470369206922476997741519214703111474, http://localhost:8080/petclinic/pettypes
31470369206922476997741519214703111474, 23950942713034691698156945879644130633 -> a [<span _ngcontent-jxf-c45="" aria-hidden="true" class="glyphicon glyphicon-plus", 226400275808166741890881194165636805276, http://localhost:8080/petclinic/vets/add
226400275808166741890881194165636805276, 188170074273895609438898562652512229108 -> a ['Owners', <span _ngcontent-jxf-c45="" class="caret", 140174839411104984397507020061688555151, http://localhost:8080/petclinic/vets/add
49422149324400457114317816287120169614, None, 49422149324400457114317816287120169614, http://localhost:8080/petclinic/
49422149324400457114317816287120169614, 161424534655367842298394993962479687844 -> a [<span _ngcontent-bqt-c45="" aria-hidden="true" class="glyphicon glyphicon-th-list", 29471666746861938259470438044637749945, http://localhost:8080/petclinic/specialties
29471666746861938259470438044637749945, 63725484872023604992903559581552836200 -> a ['Veterinarians', <span _ngcontent-bqt-c45="" class="caret", 240041143287631293208770002027053747546, http://localhost:8080/petclinic/specialties
240041143287631293208770002027053747546, 121095959736664099889060646956837476718 -> a [<span _ngcontent-bqt-c45="" aria-hidden="true" class="glyphicon glyphicon-th-list", 29471666746861938259470438044637749945, http://localhost:8080/petclinic/specialties
29471666746861938259470438044637749945, 42656566116320070381730256898185391492 -> button ['Delete']{'_ngcontent-bqt-c': '', 'class': 'btnbtn-default'}, 29471666746861938259470438044637749945, http://localhost:8080/petclinic/specialties
29471666746861938259470438044637749945, 57863156078005971545898396439316815536 -> a [<span _ngcontent-bqt-c45="" aria-hidden="true" class="glyphicon glyphicon-th-list", 161798170299493290738759243850959731341, http://localhost:8080/petclinic/pettypes
161798170299493290738759243850959731341, 42656566116320070381730256898185391492 -> button ['Delete']{'_ngcontent-bqt-c': '', 'class': 'btnbtn-default'}, 161798170299493290738759243850959731341, http://localhost:8080/petclinic/pettypes
49422149324400457114317816287120169614, None, 49422149324400457114317816287120169614, http://localhost:8080/petclinic/
49422149324400457114317816287120169614, 176325072289322859925042366932020713936 -> a ['Veterinarians', <span _ngcontent-kti-c45="" class="caret", 74849793808848032408097070206027864246, http://localhost:8080/petclinic/
74849793808848032408097070206027864246, 30420372696938464391047095175185837013 -> a [<span _ngcontent-kti-c45="" aria-hidden="true" class="glyphicon glyphicon-home", 233426145574943821352606517966566132163, http://localhost:8080/petclinic/welcome
233426145574943821352606517966566132163, 46163953721498132518674304481059003522 -> a ['Owners', <span _ngcontent-kti-c45="" class="caret", 227835630353743896636286229706560382285, http://localhost:8080/petclinic/welcome
227835630353743896636286229706560382285, 177645008260642193609087123668682678300 -> a ['Owners', <span _ngcontent-kti-c45="" class="caret", 233426145574943821352606517966566132163, http://localhost:8080/petclinic/welcome
233426145574943821352606517966566132163, 30420372696938464391047095175185837013 -> a [<span _ngcontent-kti-c45="" aria-hidden="true" class="glyphicon glyphicon-home", 233426145574943821352606517966566132163, http://localhost:8080/petclinic/welcome
233426145574943821352606517966566132163, 30420372696938464391047095175185837013 -> a [<span _ngcontent-kti-c45="" aria-hidden="true" class="glyphicon glyphicon-home", 233426145574943821352606517966566132163, http://localhost:8080/petclinic/welcome
233426145574943821352606517966566132163, 46163953721498132518674304481059003522 -> a ['Owners', <span _ngcontent-kti-c45="" class="caret", 227835630353743896636286229706560382285, http://localhost:8080/petclinic/welcome
227835630353743896636286229706560382285, 68736016339506538154375502407559399197 -> a [<span _ngcontent-kti-c45="" aria-hidden="true" class="glyphicon glyphicon-th-list", 153333956493652669533881615647501471098, http://localhost:8080/petclinic/pettypes
49422149324400457114317816287120169614, None, 49422149324400457114317816287120169614, http://localhost:8080/petclinic/
49422149324400457114317816287120169614, None, 49422149324400457114317816287120169614, http://localhost:8080/petclinic/
49422149324400457114317816287120169614, 4818423910194349685071558544705062562 -> a [<span _ngcontent-gex-c45="" aria-hidden="true" class="glyphicon glyphicon-home", 233426145574943821352606517966566132163, http://localhost:8080/petclinic/welcome
233426145574943821352606517966566132163, 269489244967516858509296235886532708301 -> a ['Owners', <span _ngcontent-gex-c45="" class="caret", 227835630353743896636286229706560382285, http://localhost:8080/petclinic/welcome
227835630353743896636286229706560382285, 31801987316603478991760144826143348445 -> a [<span _ngcontent-gex-c45="" aria-hidden="true" class="glyphicon glyphicon-search", 134467512933047695112209168027061027792, http://localhost:8080/petclinic/owners
134467512933047695112209168027061027792, 213728611183021028161025436852076176082 -> a ['Betty Davis']{'_ngcontent-gex-c': '', 'routerlinkactive': 'active', 'ng-reflect-router-link-active': 'active', 'ng-reflect-router-link': '/owners/', 'href': '/petclinic/owners/2'}, 177196730009273978335759598518522198812, http://localhost:8080/petclinic/owners/2
177196730009273978335759598518522198812, 142046359756219185923132635227100891352 -> button ['Edit Owner']{'_ngcontent-gex-c': '', 'class': 'btnbtn-default'}, 269688415758957231500970906958383302851, http://localhost:8080/petclinic/owners/2
49422149324400457114317816287120169614, None, 49422149324400457114317816287120169614, http://localhost:8080/petclinic/
49422149324400457114317816287120169614, 265143947517846585716659403101016431788 -> a [<span _ngcontent-ghf-c45="" aria-hidden="true" class="glyphicon glyphicon-th-list", 153333956493652669533881615647501471098, http://localhost:8080/petclinic/pettypes
153333956493652669533881615647501471098, 289134693688155174751717966488804035957 -> a ['Owners', <span _ngcontent-ghf-c45="" class="caret", 232895167544026844387607208890240701401, http://localhost:8080/petclinic/pettypes
49422149324400457114317816287120169614, None, 49422149324400457114317816287120169614, http://localhost:8080/petclinic/
49422149324400457114317816287120169614, 230640804722009577635373502155769895393 -> a ['Veterinarians', <span _ngcontent-mny-c45="" class="caret", 74849793808848032408097070206027864246, http://localhost:8080/petclinic/
74849793808848032408097070206027864246, 284262457702018586475122168699312429646 -> a [<span _ngcontent-mny-c45="" aria-hidden="true" class="glyphicon glyphicon-search", 157160640445751975500720621752664039441, http://localhost:8080/petclinic/vets
157160640445751975500720621752664039441, 230640804722009577635373502155769895393 -> a ['Veterinarians', <span _ngcontent-mny-c45="" class="caret", 29496476262306014774333830709524570719, http://localhost:8080/petclinic/vets
29496476262306014774333830709524570719, 240754830994511984097072564364282803797 -> button ['Edit Vet']{'_ngcontent-mny-c': '', 'class': 'btnbtn-default'}, 84739804230259299753471816459411055182, http://localhost:8080/petclinic/vets
84739804230259299753471816459411055182, 38033249030414919505558547282860056718 -> input []{'_ngcontent-mny-c': '', 'type': 'text', 'id': 'lastName', 'name': 'lastName', 'formcontrolname': 'lastName', 'class': 'form-controlng-untouchedng-pristineng-valid', 'ng-reflect-name': 'lastName'}, 195522753292614743183190059926279534523, http://localhost:8080/petclinic/vets/2/edit
49422149324400457114317816287120169614, None, 49422149324400457114317816287120169614, http://localhost:8080/petclinic/
49422149324400457114317816287120169614, None, 49422149324400457114317816287120169614, http://localhost:8080/petclinic/
49422149324400457114317816287120169614, 58284539179823143341126357803180307060 -> a ['Owners', <span _ngcontent-gld-c45="" class="caret", 203789904488100118908646339278060037750, http://localhost:8080/petclinic/
49422149324400457114317816287120169614, None, 49422149324400457114317816287120169614, http://localhost:8080/petclinic/
49422149324400457114317816287120169614, 89934661113883115391751191214552242791 -> a [<span _ngcontent-otr-c45="" aria-hidden="true" class="glyphicon glyphicon-th-list", 29471666746861938259470438044637749945, http://localhost:8080/petclinic/specialties
29471666746861938259470438044637749945, 65404565643202015796623061285452123711 -> a ['Veterinarians', <span _ngcontent-otr-c45="" class="caret", 240041143287631293208770002027053747546, http://localhost:8080/petclinic/specialties
240041143287631293208770002027053747546, 79870701057728379250401604076439134114 -> input []{'_ngcontent-otr-c': '', 'type': 'text', 'name': 'spec_name', 'class': 'form-controlng-untouchedng-pristineng-valid', 'ng-reflect-name': 'spec_name', 'id': '', 'readonly': '', 'ng-reflect-model': 'dentistry'}, 240041143287631293208770002027053747546, http://localhost:8080/petclinic/specialties
240041143287631293208770002027053747546, 227290785692078657567767499311872324178 -> a [<span _ngcontent-otr-c45="" aria-hidden="true" class="glyphicon glyphicon-th-list", 153333956493652669533881615647501471098, http://localhost:8080/petclinic/pettypes
153333956493652669533881615647501471098, 142406136253668751597252603585914009759 -> button ['Home']{'_ngcontent-otr-c': '', 'class': 'btnbtn-default'}, 197610529375671059583783508832852996774, http://localhost:8080/petclinic/pettypes
197610529375671059583783508832852996774, 302083102982074668590678032405891735832 -> a ['Owners', <span _ngcontent-otr-c45="" class="caret", 227835630353743896636286229706560382285, http://localhost:8080/petclinic/welcome
227835630353743896636286229706560382285, 162891762554380625887384674130391213625 -> a [<span _ngcontent-otr-c45="" aria-hidden="true" class="glyphicon glyphicon-th-list", 153333956493652669533881615647501471098, http://localhost:8080/petclinic/pettypes
153333956493652669533881615647501471098, 269269994480554146851732023155476162446 -> a [<span _ngcontent-otr-c45="" aria-hidden="true" class="glyphicon glyphicon-home", 233426145574943821352606517966566132163, http://localhost:8080/petclinic/welcome
49422149324400457114317816287120169614, None, 49422149324400457114317816287120169614, http://localhost:8080/petclinic/
49422149324400457114317816287120169614, 299682466560842719712950312023908846962 -> a [<span _ngcontent-fmw-c45="" aria-hidden="true" class="glyphicon glyphicon-home", 233426145574943821352606517966566132163, http://localhost:8080/petclinic/welcome
233426145574943821352606517966566132163, 82035526667497736662172517433266352855 -> a [<span _ngcontent-fmw-c45="" aria-hidden="true" class="glyphicon glyphicon-th-list", 153333956493652669533881615647501471098, http://localhost:8080/petclinic/pettypes
153333956493652669533881615647501471098, 164126730681292472553213297516519950148 -> a ['Owners', <span _ngcontent-fmw-c45="" class="caret", 232895167544026844387607208890240701401, http://localhost:8080/petclinic/pettypes
232895167544026844387607208890240701401, 55661881754078599270446894025302724398 -> button [' Add ']{'_ngcontent-fmw-c': '', 'class': 'btnbtn-default'}, 43727470335739397048269962189983175243, http://localhost:8080/petclinic/pettypes
43727470335739397048269962189983175243, 299682466560842719712950312023908846962 -> a [<span _ngcontent-fmw-c45="" aria-hidden="true" class="glyphicon glyphicon-home", 233426145574943821352606517966566132163, http://localhost:8080/petclinic/welcome
233426145574943821352606517966566132163, 147984657199001780405507961271847488667 -> a [<span _ngcontent-fmw-c45="" aria-hidden="true" class="glyphicon glyphicon-th-list", 29471666746861938259470438044637749945, http://localhost:8080/petclinic/specialties
29471666746861938259470438044637749945, 90666125000346713076023316265004681412 -> button ['Delete']{'_ngcontent-fmw-c': '', 'class': 'btnbtn-default'}, 29471666746861938259470438044637749945, http://localhost:8080/petclinic/specialties
29471666746861938259470438044637749945, 90666125000346713076023316265004681412 -> button ['Delete']{'_ngcontent-fmw-c': '', 'class': 'btnbtn-default'}, 29471666746861938259470438044637749945, http://localhost:8080/petclinic/specialties
49422149324400457114317816287120169614, None, 49422149324400457114317816287120169614, http://localhost:8080/petclinic/
49422149324400457114317816287120169614, None, 49422149324400457114317816287120169614, http://localhost:8080/petclinic/
49422149324400457114317816287120169614, 49302436571774224633366935377158279245 -> a ['Veterinarians', <span _ngcontent-kbu-c45="" class="caret", 74849793808848032408097070206027864246, http://localhost:8080/petclinic/
74849793808848032408097070206027864246, 66882803510932488954449752370884802187 -> a [<span _ngcontent-kbu-c45="" aria-hidden="true" class="glyphicon glyphicon-home", 233426145574943821352606517966566132163, http://localhost:8080/petclinic/welcome
233426145574943821352606517966566132163, 66882803510932488954449752370884802187 -> a [<span _ngcontent-kbu-c45="" aria-hidden="true" class="glyphicon glyphicon-home", 233426145574943821352606517966566132163, http://localhost:8080/petclinic/welcome
233426145574943821352606517966566132163, 20956032841347537471905022977642811601 -> a ['Owners', <span _ngcontent-kbu-c45="" class="caret", 227835630353743896636286229706560382285, http://localhost:8080/petclinic/welcome
227835630353743896636286229706560382285, 49302436571774224633366935377158279245 -> a ['Veterinarians', <span _ngcontent-kbu-c45="" class="caret", 192306625620991217132025247140004257967, http://localhost:8080/petclinic/welcome
192306625620991217132025247140004257967, 328486346687107927544394806054636392822 -> a [<span _ngcontent-kbu-c45="" aria-hidden="true" class="glyphicon glyphicon-th-list", 29471666746861938259470438044637749945, http://localhost:8080/petclinic/specialties
29471666746861938259470438044637749945, 1359123981665555587027204803182198928 -> input []{'_ngcontent-kbu-c': '', 'type': 'text', 'name': 'spec_name', 'class': 'form-controlng-untouchedng-pristineng-valid', 'ng-reflect-name': 'spec_name', 'id': '', 'readonly': '', 'ng-reflect-model': 'radiology'}, 29471666746861938259470438044637749945, http://localhost:8080/petclinic/specialties
29471666746861938259470438044637749945, 57132469601393285282545009624250085260 -> button ['Delete']{'_ngcontent-kbu-c': '', 'class': 'btnbtn-default'}, 94941635346974456374419029355830348405, http://localhost:8080/petclinic/specialties
49422149324400457114317816287120169614, None, 49422149324400457114317816287120169614, http://localhost:8080/petclinic/
49422149324400457114317816287120169614, 162688259112513951812289965118137633231 -> a ['Veterinarians', <span _ngcontent-vks-c45="" class="caret", 74849793808848032408097070206027864246, http://localhost:8080/petclinic/
74849793808848032408097070206027864246, 35929209623478143190304049470529625547 -> a ['Owners', <span _ngcontent-vks-c45="" class="caret", 203789904488100118908646339278060037750, http://localhost:8080/petclinic/
203789904488100118908646339278060037750, 162688259112513951812289965118137633231 -> a ['Veterinarians', <span _ngcontent-vks-c45="" class="caret", 74849793808848032408097070206027864246, http://localhost:8080/petclinic/
74849793808848032408097070206027864246, 86626965697669414195417665612446581783 -> a [<span _ngcontent-vks-c45="" aria-hidden="true" class="glyphicon glyphicon-plus", 226400275808166741890881194165636805276, http://localhost:8080/petclinic/vets/add
226400275808166741890881194165636805276, 35929209623478143190304049470529625547 -> a ['Owners', <span _ngcontent-vks-c45="" class="caret", 140174839411104984397507020061688555151, http://localhost:8080/petclinic/vets/add
140174839411104984397507020061688555151, 77308151970611486457030239061685416102 -> input []{'_ngcontent-vks-c': '', 'type': 'text', 'id': 'firstName', 'minlength': '', 'required': '', 'name': 'firstName', 'class': 'form-controlng-untouchedng-pristineng-invalid', 'ng-reflect-name': 'firstName', 'ng-reflect-minlength': '', 'ng-reflect-required': ''}, 222244966778714484951711214341095865636, http://localhost:8080/petclinic/vets/add
222244966778714484951711214341095865636, 147550301005931005895740727183647815747 -> a [<span _ngcontent-vks-c45="" aria-hidden="true" class="glyphicon glyphicon-home", 233426145574943821352606517966566132163, http://localhost:8080/petclinic/welcome
233426145574943821352606517966566132163, 35929209623478143190304049470529625547 -> a ['Owners', <span _ngcontent-vks-c45="" class="caret", 227835630353743896636286229706560382285, http://localhost:8080/petclinic/welcome
49422149324400457114317816287120169614, None, 49422149324400457114317816287120169614, http://localhost:8080/petclinic/
49422149324400457114317816287120169614, 333932831287704852529268759971102013865 -> a ['Veterinarians', <span _ngcontent-bdn-c45="" class="caret", 74849793808848032408097070206027864246, http://localhost:8080/petclinic/
74849793808848032408097070206027864246, 290665706693011548546229363513531775796 -> a ['Owners', <span _ngcontent-bdn-c45="" class="caret", 203789904488100118908646339278060037750, http://localhost:8080/petclinic/
49422149324400457114317816287120169614, None, 49422149324400457114317816287120169614, http://localhost:8080/petclinic/
49422149324400457114317816287120169614, 309220880261748424121187355673911484921 -> a [<span _ngcontent-cft-c45="" aria-hidden="true" class="glyphicon glyphicon-th-list", 153333956493652669533881615647501471098, http://localhost:8080/petclinic/pettypes
153333956493652669533881615647501471098, 75405110788641504861622342488944654282 -> a [<span _ngcontent-cft-c45="" aria-hidden="true" class="glyphicon glyphicon-th-list", 288837384050435833154613713335591823145, http://localhost:8080/petclinic/specialties
288837384050435833154613713335591823145, 94761791988620610500708073844460347965 -> a [<span _ngcontent-cft-c45="" aria-hidden="true" class="glyphicon glyphicon-home", 233426145574943821352606517966566132163, http://localhost:8080/petclinic/welcome
233426145574943821352606517966566132163, 267512716225603772378821145710943142759 -> a [<span _ngcontent-cft-c45="" aria-hidden="true" class="glyphicon glyphicon-th-list", 153333956493652669533881615647501471098, http://localhost:8080/petclinic/pettypes
153333956493652669533881615647501471098, 147536851099142123527451120247759340311 -> button ['Home']{'_ngcontent-cft-c': '', 'class': 'btnbtn-default'}, 197610529375671059583783508832852996774, http://localhost:8080/petclinic/pettypes
197610529375671059583783508832852996774, 94761791988620610500708073844460347965 -> a [<span _ngcontent-cft-c45="" aria-hidden="true" class="glyphicon glyphicon-home", 233426145574943821352606517966566132163, http://localhost:8080/petclinic/welcome
233426145574943821352606517966566132163, 120567802135978072978476791335734697340 -> a ['Owners', <span _ngcontent-cft-c45="" class="caret", 227835630353743896636286229706560382285, http://localhost:8080/petclinic/welcome
49422149324400457114317816287120169614, None, 49422149324400457114317816287120169614, http://localhost:8080/petclinic/
49422149324400457114317816287120169614, 23916646100190401291145901442816247626 -> a [<span _ngcontent-cnv-c45="" aria-hidden="true" class="glyphicon glyphicon-th-list", 153333956493652669533881615647501471098, http://localhost:8080/petclinic/pettypes
153333956493652669533881615647501471098, 1111529249725881330178618635713547249 -> a [<span _ngcontent-cnv-c45="" aria-hidden="true" class="glyphicon glyphicon-th-list", 153333956493652669533881615647501471098, http://localhost:8080/petclinic/pettypes
153333956493652669533881615647501471098, 57260310187595714069008570948965541734 -> a ['Veterinarians', <span _ngcontent-cnv-c45="" class="caret", 87494959293882182980324748226382364659, http://localhost:8080/petclinic/pettypes
87494959293882182980324748226382364659, 318144651026446390850013687883555866740 -> a [<span _ngcontent-cnv-c45="" aria-hidden="true" class="glyphicon glyphicon-home", 233426145574943821352606517966566132163, http://localhost:8080/petclinic/welcome
233426145574943821352606517966566132163, 57260310187595714069008570948965541734 -> a ['Veterinarians', <span _ngcontent-cnv-c45="" class="caret", 192306625620991217132025247140004257967, http://localhost:8080/petclinic/welcome
192306625620991217132025247140004257967, 243421906014071921084387099558003124401 -> a [<span _ngcontent-cnv-c45="" aria-hidden="true" class="glyphicon glyphicon-plus", 226400275808166741890881194165636805276, http://localhost:8080/petclinic/vets/add
226400275808166741890881194165636805276, 37166577306581052666950116531976440918 -> option [' dentistry ']{'_ngcontent-cnv-c': '', 'value': ': Object', 'ng-reflect-ng-value': '[object Object]'}, 226400275808166741890881194165636805276, http://localhost:8080/petclinic/vets/add
226400275808166741890881194165636805276, 318144651026446390850013687883555866740 -> a [<span _ngcontent-cnv-c45="" aria-hidden="true" class="glyphicon glyphicon-home", 233426145574943821352606517966566132163, http://localhost:8080/petclinic/welcome
49422149324400457114317816287120169614, None, 49422149324400457114317816287120169614, http://localhost:8080/petclinic/
49422149324400457114317816287120169614, 75820684150414367871392185650941960959 -> a [<span _ngcontent-vqq-c45="" aria-hidden="true" class="glyphicon glyphicon-th-list", 153333956493652669533881615647501471098, http://localhost:8080/petclinic/pettypes
153333956493652669533881615647501471098, 200994850325577235115126894050328739626 -> a [<span _ngcontent-vqq-c45="" aria-hidden="true" class="glyphicon glyphicon-th-list", 288837384050435833154613713335591823145, http://localhost:8080/petclinic/specialties
288837384050435833154613713335591823145, 202929927584415770363747518670509468436 -> a [<span _ngcontent-vqq-c45="" aria-hidden="true" class="glyphicon glyphicon-th-list", 153333956493652669533881615647501471098, http://localhost:8080/petclinic/pettypes
153333956493652669533881615647501471098, 127089225526383597902456163209616399519 -> button ['Home']{'_ngcontent-vqq-c': '', 'class': 'btnbtn-default'}, 197610529375671059583783508832852996774, http://localhost:8080/petclinic/pettypes
197610529375671059583783508832852996774, 202929927584415770363747518670509468436 -> a [<span _ngcontent-vqq-c45="" aria-hidden="true" class="glyphicon glyphicon-th-list", 153333956493652669533881615647501471098, http://localhost:8080/petclinic/pettypes
153333956493652669533881615647501471098, 189968259221088257986672711037187674171 -> a ['Veterinarians', <span _ngcontent-vqq-c45="" class="caret", 87494959293882182980324748226382364659, http://localhost:8080/petclinic/pettypes
49422149324400457114317816287120169614, None, 49422149324400457114317816287120169614, http://localhost:8080/petclinic/
49422149324400457114317816287120169614, 123267710201317565850557741801192520612 -> a [<span _ngcontent-pim-c45="" aria-hidden="true" class="glyphicon glyphicon-home", 233426145574943821352606517966566132163, http://localhost:8080/petclinic/welcome
233426145574943821352606517966566132163, 76297810108785964240527549368152144379 -> a ['Owners', <span _ngcontent-pim-c45="" class="caret", 227835630353743896636286229706560382285, http://localhost:8080/petclinic/welcome
227835630353743896636286229706560382285, 168159009134349450998216947771110034498 -> a ['Veterinarians', <span _ngcontent-pim-c45="" class="caret", 192306625620991217132025247140004257967, http://localhost:8080/petclinic/welcome
192306625620991217132025247140004257967, 76297810108785964240527549368152144379 -> a ['Owners', <span _ngcontent-pim-c45="" class="caret", 227835630353743896636286229706560382285, http://localhost:8080/petclinic/welcome
227835630353743896636286229706560382285, 168159009134349450998216947771110034498 -> a ['Veterinarians', <span _ngcontent-pim-c45="" class="caret", 192306625620991217132025247140004257967, http://localhost:8080/petclinic/welcome
192306625620991217132025247140004257967, 297283320849244525252494851708730829492 -> a [<span _ngcontent-pim-c45="" aria-hidden="true" class="glyphicon glyphicon-th-list", 153333956493652669533881615647501471098, http://localhost:8080/petclinic/pettypes
153333956493652669533881615647501471098, 123267710201317565850557741801192520612 -> a [<span _ngcontent-pim-c45="" aria-hidden="true" class="glyphicon glyphicon-home", 233426145574943821352606517966566132163, http://localhost:8080/petclinic/welcome
233426145574943821352606517966566132163, 90989824611305170002418354997439634845 -> a [<span _ngcontent-pim-c45="" aria-hidden="true" class="glyphicon glyphicon-th-list", 29471666746861938259470438044637749945, http://localhost:8080/petclinic/specialties
49422149324400457114317816287120169614, None, 49422149324400457114317816287120169614, http://localhost:8080/petclinic/
49422149324400457114317816287120169614, 181265166464406619042005921259936640818 -> a [<span _ngcontent-poy-c45="" aria-hidden="true" class="glyphicon glyphicon-th-list", 29471666746861938259470438044637749945, http://localhost:8080/petclinic/specialties
29471666746861938259470438044637749945, 130937107754577283257728088739380259286 -> a ['Veterinarians', <span _ngcontent-poy-c45="" class="caret", 240041143287631293208770002027053747546, http://localhost:8080/petclinic/specialties
240041143287631293208770002027053747546, 27630402693848273964035842483982332711 -> a [<span _ngcontent-poy-c45="" aria-hidden="true" class="glyphicon glyphicon-plus", 226400275808166741890881194165636805276, http://localhost:8080/petclinic/vets/add
226400275808166741890881194165636805276, 7594618095533904869895265359118744659 -> input []{'_ngcontent-poy-c': '', 'type': 'text', 'id': 'lastName', 'name': 'lastName', 'minlength': '', 'required': '', 'class': 'form-controlng-untouchedng-pristineng-invalid', 'ng-reflect-name': 'lastName', 'ng-reflect-minlength': '', 'ng-reflect-required': ''}, 288026724178533808988481851464900495678, http://localhost:8080/petclinic/vets/add
288026724178533808988481851464900495678, 231248951267096319817199118796402637606 -> a [<span _ngcontent-poy-c45="" aria-hidden="true" class="glyphicon glyphicon-th-list", 288837384050435833154613713335591823145, http://localhost:8080/petclinic/specialties
288837384050435833154613713335591823145, 87332199595329683893937708985905565190 -> a [<span _ngcontent-poy-c45="" aria-hidden="true" class="glyphicon glyphicon-th-list", 153333956493652669533881615647501471098, http://localhost:8080/petclinic/pettypes
49422149324400457114317816287120169614, None, 49422149324400457114317816287120169614, http://localhost:8080/petclinic/
49422149324400457114317816287120169614, 34643610687298164668156983773491679552 -> a ['Veterinarians', <span _ngcontent-bra-c45="" class="caret", 74849793808848032408097070206027864246, http://localhost:8080/petclinic/
74849793808848032408097070206027864246, 189697276922676793088140001969380409781 -> a [<span _ngcontent-bra-c45="" aria-hidden="true" class="glyphicon glyphicon-plus", 226400275808166741890881194165636805276, http://localhost:8080/petclinic/vets/add
226400275808166741890881194165636805276, 90894513773277365140356648421290418751 -> option [' surgery ']{'_ngcontent-bra-c': '', 'value': ': Object', 'ng-reflect-ng-value': '[object Object]'}, 120962431678690102558501945372758632054, http://localhost:8080/petclinic/vets
49422149324400457114317816287120169614, None, 49422149324400457114317816287120169614, http://localhost:8080/petclinic/
49422149324400457114317816287120169614, 291177012373090997037276831476040051605 -> a [<span _ngcontent-gwr-c45="" aria-hidden="true" class="glyphicon glyphicon-home", 233426145574943821352606517966566132163, http://localhost:8080/petclinic/welcome
233426145574943821352606517966566132163, 291177012373090997037276831476040051605 -> a [<span _ngcontent-gwr-c45="" aria-hidden="true" class="glyphicon glyphicon-home", 233426145574943821352606517966566132163, http://localhost:8080/petclinic/welcome
233426145574943821352606517966566132163, 151416267001727191925360043545571481448 -> a [<span _ngcontent-gwr-c45="" aria-hidden="true" class="glyphicon glyphicon-th-list", 29471666746861938259470438044637749945, http://localhost:8080/petclinic/specialties
29471666746861938259470438044637749945, 60345137138410056177230059035588869169 -> button [' Add ']{'_ngcontent-gwr-c': '', 'class': 'btnbtn-default'}, 35742322003424371479105068301184530812, http://localhost:8080/petclinic/specialties
35742322003424371479105068301184530812, 191205119816683623638810039353041124692 -> button ['Home']{'_ngcontent-gwr-c': '', 'class': 'btnbtn-default'}, 233426145574943821352606517966566132163, http://localhost:8080/petclinic/welcome
233426145574943821352606517966566132163, 84150230463496954634566017998402193252 -> a [<span _ngcontent-gwr-c45="" aria-hidden="true" class="glyphicon glyphicon-th-list", 29471666746861938259470438044637749945, http://localhost:8080/petclinic/specialties
29471666746861938259470438044637749945, 60345137138410056177230059035588869169 -> button [' Add ']{'_ngcontent-gwr-c': '', 'class': 'btnbtn-default'}, 35742322003424371479105068301184530812, http://localhost:8080/petclinic/specialties
35742322003424371479105068301184530812, 10346050469387894184236853831332770267 -> button ['Save']{'_ngcontent-gwr-c': '', 'type': 'submit', 'class': 'btnbtn-default'}, 35742322003424371479105068301184530812, http://localhost:8080/petclinic/specialties
49422149324400457114317816287120169614, None, 49422149324400457114317816287120169614, http://localhost:8080/petclinic/
49422149324400457114317816287120169614, 319926672420536086032964880585146156634 -> a [<span _ngcontent-yfk-c45="" aria-hidden="true" class="glyphicon glyphicon-home", 233426145574943821352606517966566132163, http://localhost:8080/petclinic/welcome
233426145574943821352606517966566132163, 19710787360307508618924712616564637274 -> a ['Veterinarians', <span _ngcontent-yfk-c45="" class="caret", 192306625620991217132025247140004257967, http://localhost:8080/petclinic/welcome
49422149324400457114317816287120169614, None, 49422149324400457114317816287120169614, http://localhost:8080/petclinic/
49422149324400457114317816287120169614, 63411887857234030751210127517020504654 -> a ['Owners', <span _ngcontent-kts-c45="" class="caret", 203789904488100118908646339278060037750, http://localhost:8080/petclinic/
203789904488100118908646339278060037750, 24942261058455301027451787706206567179 -> a [<span _ngcontent-kts-c45="" aria-hidden="true" class="glyphicon glyphicon-th-list", 153333956493652669533881615647501471098, http://localhost:8080/petclinic/pettypes
153333956493652669533881615647501471098, 326208433425913534044083625196722045576 -> button [' Add ']{'_ngcontent-kts-c': '', 'class': 'btnbtn-default'}, 43727470335739397048269962189983175243, http://localhost:8080/petclinic/pettypes
49422149324400457114317816287120169614, None, 49422149324400457114317816287120169614, http://localhost:8080/petclinic/
49422149324400457114317816287120169614, None, 49422149324400457114317816287120169614, http://localhost:8080/petclinic/
49422149324400457114317816287120169614, 210769840751954913472834705553673661088 -> a ['Owners', <span _ngcontent-kmp-c45="" class="caret", 203789904488100118908646339278060037750, http://localhost:8080/petclinic/
203789904488100118908646339278060037750, 328876954085003473705900367419008074907 -> a ['Owners', <span _ngcontent-kmp-c45="" class="caret", 49422149324400457114317816287120169614, http://localhost:8080/petclinic/
49422149324400457114317816287120169614, 103601228647466048528115581671936998468 -> a ['Veterinarians', <span _ngcontent-kmp-c45="" class="caret", 74849793808848032408097070206027864246, http://localhost:8080/petclinic/
74849793808848032408097070206027864246, 250863255961677194897952139048520164415 -> a [<span _ngcontent-kmp-c45="" aria-hidden="true" class="glyphicon glyphicon-th-list", 153333956493652669533881615647501471098, http://localhost:8080/petclinic/pettypes
153333956493652669533881615647501471098, 103601228647466048528115581671936998468 -> a ['Veterinarians', <span _ngcontent-kmp-c45="" class="caret", 87494959293882182980324748226382364659, http://localhost:8080/petclinic/pettypes
87494959293882182980324748226382364659, 210769840751954913472834705553673661088 -> a ['Owners', <span _ngcontent-kmp-c45="" class="caret", 232895167544026844387607208890240701401, http://localhost:8080/petclinic/pettypes
232895167544026844387607208890240701401, 328876954085003473705900367419008074907 -> a ['Owners', <span _ngcontent-kmp-c45="" class="caret", 153333956493652669533881615647501471098, http://localhost:8080/petclinic/pettypes
153333956493652669533881615647501471098, 103601228647466048528115581671936998468 -> a ['Veterinarians', <span _ngcontent-kmp-c45="" class="caret", 87494959293882182980324748226382364659, http://localhost:8080/petclinic/pettypes
49422149324400457114317816287120169614, None, 49422149324400457114317816287120169614, http://localhost:8080/petclinic/
49422149324400457114317816287120169614, 319301911677227000167624001492080219202 -> a ['Owners', <span _ngcontent-aan-c45="" class="caret", 203789904488100118908646339278060037750, http://localhost:8080/petclinic/
49422149324400457114317816287120169614, None, 49422149324400457114317816287120169614, http://localhost:8080/petclinic/
49422149324400457114317816287120169614, 295815091394104724772711936596612712403 -> a ['Veterinarians', <span _ngcontent-ioc-c45="" class="caret", 74849793808848032408097070206027864246, http://localhost:8080/petclinic/
74849793808848032408097070206027864246, 254398784716628140637296216144270151664 -> a ['Veterinarians', <span _ngcontent-ioc-c45="" class="caret", 49422149324400457114317816287120169614, http://localhost:8080/petclinic/
49422149324400457114317816287120169614, 201788570360815189556376962815512940284 -> a [<span _ngcontent-ioc-c45="" aria-hidden="true" class="glyphicon glyphicon-home", 233426145574943821352606517966566132163, http://localhost:8080/petclinic/welcome
233426145574943821352606517966566132163, 327842582767722445169160084953900950956 -> a [<span _ngcontent-ioc-c45="" aria-hidden="true" class="glyphicon glyphicon-th-list", 153333956493652669533881615647501471098, http://localhost:8080/petclinic/pettypes
153333956493652669533881615647501471098, 295815091394104724772711936596612712403 -> a ['Veterinarians', <span _ngcontent-ioc-c45="" class="caret", 87494959293882182980324748226382364659, http://localhost:8080/petclinic/pettypes
87494959293882182980324748226382364659, 311375526944324894887035475495739628770 -> button [' Add ']{'_ngcontent-ioc-c': '', 'class': 'btnbtn-default'}, 43727470335739397048269962189983175243, http://localhost:8080/petclinic/pettypes
43727470335739397048269962189983175243, 233383841556163475389268827515387174562 -> a ['Owners', <span _ngcontent-ioc-c45="" class="caret", 187576024110284298177945557951683193040, http://localhost:8080/petclinic/pettypes
187576024110284298177945557951683193040, 295815091394104724772711936596612712403 -> a ['Veterinarians', <span _ngcontent-ioc-c45="" class="caret", 104118969229782412408273142452192347110, http://localhost:8080/petclinic/pettypes
49422149324400457114317816287120169614, None, 49422149324400457114317816287120169614, http://localhost:8080/petclinic/
49422149324400457114317816287120169614, 277415847121799738166096687811801630802 -> a [<span _ngcontent-lxn-c45="" aria-hidden="true" class="glyphicon glyphicon-home", 233426145574943821352606517966566132163, http://localhost:8080/petclinic/welcome
49422149324400457114317816287120169614, None, 49422149324400457114317816287120169614, http://localhost:8080/petclinic/
49422149324400457114317816287120169614, 280523130038415347195701603897531206714 -> a [<span _ngcontent-cto-c45="" aria-hidden="true" class="glyphicon glyphicon-th-list", 29471666746861938259470438044637749945, http://localhost:8080/petclinic/specialties
29471666746861938259470438044637749945, 197998970795033691037584174116863341054 -> a ['Veterinarians', <span _ngcontent-cto-c45="" class="caret", 240041143287631293208770002027053747546, http://localhost:8080/petclinic/specialties
240041143287631293208770002027053747546, 164558166637359928060931167193485497015 -> a [<span _ngcontent-cto-c45="" aria-hidden="true" class="glyphicon glyphicon-search", 157160640445751975500720621752664039441, http://localhost:8080/petclinic/vets
157160640445751975500720621752664039441, 197998970795033691037584174116863341054 -> a ['Veterinarians', <span _ngcontent-cto-c45="" class="caret", 29496476262306014774333830709524570719, http://localhost:8080/petclinic/vets
29496476262306014774333830709524570719, 192952767713328403087397807060865411615 -> a [<span _ngcontent-cto-c45="" aria-hidden="true" class="glyphicon glyphicon-plus", 226400275808166741890881194165636805276, http://localhost:8080/petclinic/vets/add
226400275808166741890881194165636805276, 259027124023199845757339626111361323581 -> option [' surgery ']{'_ngcontent-cto-c': '', 'value': ': Object', 'ng-reflect-ng-value': '[object Object]'}, 199272293470114862178823885757998705905, http://localhost:8080/petclinic/vets/add
49422149324400457114317816287120169614, None, 49422149324400457114317816287120169614, http://localhost:8080/petclinic/
49422149324400457114317816287120169614, 220226078489100405346476561195658873620 -> a [<span _ngcontent-dpn-c45="" aria-hidden="true" class="glyphicon glyphicon-th-list", 153333956493652669533881615647501471098, http://localhost:8080/petclinic/pettypes
49422149324400457114317816287120169614, None, 49422149324400457114317816287120169614, http://localhost:8080/petclinic/
49422149324400457114317816287120169614, 45497534618697662308582038102967966285 -> a ['Owners', <span _ngcontent-hha-c45="" class="caret", 203789904488100118908646339278060037750, http://localhost:8080/petclinic/
203789904488100118908646339278060037750, 251649327010433853696669401344215157428 -> a [<span _ngcontent-hha-c45="" aria-hidden="true" class="glyphicon glyphicon-th-list", 29471666746861938259470438044637749945, http://localhost:8080/petclinic/specialties
29471666746861938259470438044637749945, 25528387944664640773098981392854109935 -> a ['Veterinarians', <span _ngcontent-hha-c45="" class="caret", 240041143287631293208770002027053747546, http://localhost:8080/petclinic/specialties
240041143287631293208770002027053747546, 49913565644406034886888735249270032729 -> a [<span _ngcontent-hha-c45="" aria-hidden="true" class="glyphicon glyphicon-th-list", 153333956493652669533881615647501471098, http://localhost:8080/petclinic/pettypes
153333956493652669533881615647501471098, 139152342287805443541998784845372403530 -> a [<span _ngcontent-hha-c45="" aria-hidden="true" class="glyphicon glyphicon-home", 233426145574943821352606517966566132163, http://localhost:8080/petclinic/welcome
49422149324400457114317816287120169614, None, 49422149324400457114317816287120169614, http://localhost:8080/petclinic/
49422149324400457114317816287120169614, None, 49422149324400457114317816287120169614, http://localhost:8080/petclinic/
49422149324400457114317816287120169614, 250545005594012096965272927541715407224 -> a [<span _ngcontent-qiw-c45="" aria-hidden="true" class="glyphicon glyphicon-th-list", 153333956493652669533881615647501471098, http://localhost:8080/petclinic/pettypes
153333956493652669533881615647501471098, 4467147952273849769744287269749077868 -> button [' Add ']{'_ngcontent-qiw-c': '', 'class': 'btnbtn-default'}, 43727470335739397048269962189983175243, http://localhost:8080/petclinic/pettypes
43727470335739397048269962189983175243, 273246597409186101173107114757786950979 -> a [<span _ngcontent-qiw-c45="" aria-hidden="true" class="glyphicon glyphicon-th-list", 29471666746861938259470438044637749945, http://localhost:8080/petclinic/specialties
49422149324400457114317816287120169614, None, 49422149324400457114317816287120169614, http://localhost:8080/petclinic/
49422149324400457114317816287120169614, None, 49422149324400457114317816287120169614, http://localhost:8080/petclinic/
49422149324400457114317816287120169614, 267040648248616071904865648733292618660 -> a [<span _ngcontent-rxv-c45="" aria-hidden="true" class="glyphicon glyphicon-home", 233426145574943821352606517966566132163, http://localhost:8080/petclinic/welcome
233426145574943821352606517966566132163, 11722882707575417386277133699447516926 -> a [<span _ngcontent-rxv-c45="" aria-hidden="true" class="glyphicon glyphicon-th-list", 29471666746861938259470438044637749945, http://localhost:8080/petclinic/specialties
29471666746861938259470438044637749945, 140369767217062448588548959650380442909 -> a [<span _ngcontent-rxv-c45="" aria-hidden="true" class="glyphicon glyphicon-th-list", 153333956493652669533881615647501471098, http://localhost:8080/petclinic/pettypes
153333956493652669533881615647501471098, 230474615292564726388952809158929837675 -> a [<span _ngcontent-rxv-c45="" aria-hidden="true" class="glyphicon glyphicon-th-list", 29471666746861938259470438044637749945, http://localhost:8080/petclinic/specialties
29471666746861938259470438044637749945, 65779072857067469136339251680609496957 -> a [<span _ngcontent-rxv-c45="" aria-hidden="true" class="glyphicon glyphicon-th-list", 29471666746861938259470438044637749945, http://localhost:8080/petclinic/specialties
29471666746861938259470438044637749945, 334043775741421817968123056473737408319 -> button ['Delete']{'_ngcontent-rxv-c': '', 'class': 'btnbtn-default'}, 29471666746861938259470438044637749945, http://localhost:8080/petclinic/specialties
49422149324400457114317816287120169614, None, 49422149324400457114317816287120169614, http://localhost:8080/petclinic/
49422149324400457114317816287120169614, 41991874025775807305979526609031038700 -> a ['Veterinarians', <span _ngcontent-lis-c45="" class="caret", 74849793808848032408097070206027864246, http://localhost:8080/petclinic/
74849793808848032408097070206027864246, 84271074293666830155826268567439788576 -> a [<span _ngcontent-lis-c45="" aria-hidden="true" class="glyphicon glyphicon-th-list", 29471666746861938259470438044637749945, http://localhost:8080/petclinic/specialties
29471666746861938259470438044637749945, 193655038457502256994385352011300685000 -> button [' Add ']{'_ngcontent-lis-c': '', 'class': 'btnbtn-default'}, 35742322003424371479105068301184530812, http://localhost:8080/petclinic/specialties
35742322003424371479105068301184530812, 185180638040641105310057581754489860283 -> a [<span _ngcontent-lis-c45="" aria-hidden="true" class="glyphicon glyphicon-th-list", 35742322003424371479105068301184530812, http://localhost:8080/petclinic/specialties
35742322003424371479105068301184530812, 185180638040641105310057581754489860283 -> a [<span _ngcontent-lis-c45="" aria-hidden="true" class="glyphicon glyphicon-th-list", 35742322003424371479105068301184530812, http://localhost:8080/petclinic/specialties
35742322003424371479105068301184530812, 245811258295249537043547927230820742886 -> button ['Save']{'_ngcontent-lis-c': '', 'type': 'submit', 'class': 'btnbtn-default'}, 35742322003424371479105068301184530812, http://localhost:8080/petclinic/specialties
35742322003424371479105068301184530812, 268137841449111060693892788180977797084 -> a [<span _ngcontent-lis-c45="" aria-hidden="true" class="glyphicon glyphicon-home", 233426145574943821352606517966566132163, http://localhost:8080/petclinic/welcome
233426145574943821352606517966566132163, 32515720446353911885677025286403286956 -> a ['Owners', <span _ngcontent-lis-c45="" class="caret", 227835630353743896636286229706560382285, http://localhost:8080/petclinic/welcome
49422149324400457114317816287120169614, None, 49422149324400457114317816287120169614, http://localhost:8080/petclinic/
49422149324400457114317816287120169614, 115529501828906547297471276678186013805 -> a [<span _ngcontent-ihw-c45="" aria-hidden="true" class="glyphicon glyphicon-home", 233426145574943821352606517966566132163, http://localhost:8080/petclinic/welcome
233426145574943821352606517966566132163, 12284865322881428654864281162733890411 -> a [<span _ngcontent-ihw-c45="" aria-hidden="true" class="glyphicon glyphicon-th-list", 29471666746861938259470438044637749945, http://localhost:8080/petclinic/specialties
29471666746861938259470438044637749945, 242009255113362970628465697069240662396 -> button [' Add ']{'_ngcontent-ihw-c': '', 'class': 'btnbtn-default'}, 35742322003424371479105068301184530812, http://localhost:8080/petclinic/specialties
35742322003424371479105068301184530812, 193345274267919239178360170884517466624 -> a ['Veterinarians', <span _ngcontent-ihw-c45="" class="caret", 121942328967924361275979249059437248574, http://localhost:8080/petclinic/specialties
121942328967924361275979249059437248574, 315622133114506660260448211581507671557 -> a ['Veterinarians', <span _ngcontent-ihw-c45="" class="caret", 35742322003424371479105068301184530812, http://localhost:8080/petclinic/specialties
35742322003424371479105068301184530812, 260156960663420303380931722663672105711 -> a [<span _ngcontent-ihw-c45="" aria-hidden="true" class="glyphicon glyphicon-th-list", 35742322003424371479105068301184530812, http://localhost:8080/petclinic/specialties
35742322003424371479105068301184530812, 237707646947761307923731312824635440029 -> button ['Home']{'_ngcontent-ihw-c': '', 'class': 'btnbtn-default'}, 90924957358455097642166425674986735534, http://localhost:8080/petclinic/specialties
90924957358455097642166425674986735534, 140583505694466283419421151808585298043 -> a [<span _ngcontent-ihw-c45="" aria-hidden="true" class="glyphicon glyphicon-th-list", 29471666746861938259470438044637749945, http://localhost:8080/petclinic/specialties
49422149324400457114317816287120169614, None, 49422149324400457114317816287120169614, http://localhost:8080/petclinic/
49422149324400457114317816287120169614, None, 49422149324400457114317816287120169614, http://localhost:8080/petclinic/
49422149324400457114317816287120169614, 164824346253745344343748786247500581293 -> a [<span _ngcontent-orw-c45="" aria-hidden="true" class="glyphicon glyphicon-home", 233426145574943821352606517966566132163, http://localhost:8080/petclinic/welcome
233426145574943821352606517966566132163, 57380603575985868267521401882231848988 -> a [<span _ngcontent-orw-c45="" aria-hidden="true" class="glyphicon glyphicon-th-list", 153333956493652669533881615647501471098, http://localhost:8080/petclinic/pettypes
153333956493652669533881615647501471098, 49985901788432987456198745892561797256 -> a ['Veterinarians', <span _ngcontent-orw-c45="" class="caret", 87494959293882182980324748226382364659, http://localhost:8080/petclinic/pettypes
87494959293882182980324748226382364659, 329477436578814323210819172925033060401 -> a [<span _ngcontent-orw-c45="" aria-hidden="true" class="glyphicon glyphicon-search", 157160640445751975500720621752664039441, http://localhost:8080/petclinic/vets
157160640445751975500720621752664039441, 151244382116051530114312852666505979223 -> a ['Owners', <span _ngcontent-orw-c45="" class="caret", 239902375458026072351934835680748513665, http://localhost:8080/petclinic/vets
239902375458026072351934835680748513665, 201795550081856231556146469671467082072 -> button ['Home']{'_ngcontent-orw-c': '', 'class': 'btnbtn-default'}, 325893423893384561008935517943983621744, http://localhost:8080/petclinic/vets
49422149324400457114317816287120169614, None, 49422149324400457114317816287120169614, http://localhost:8080/petclinic/
49422149324400457114317816287120169614, 219777962586847530825742279663614704596 -> a [<span _ngcontent-jlf-c45="" aria-hidden="true" class="glyphicon glyphicon-home", 233426145574943821352606517966566132163, http://localhost:8080/petclinic/welcome
233426145574943821352606517966566132163, 219777962586847530825742279663614704596 -> a [<span _ngcontent-jlf-c45="" aria-hidden="true" class="glyphicon glyphicon-home", 233426145574943821352606517966566132163, http://localhost:8080/petclinic/welcome
233426145574943821352606517966566132163, 188865935493275115356921549429085165087 -> a [<span _ngcontent-jlf-c45="" aria-hidden="true" class="glyphicon glyphicon-th-list", 29471666746861938259470438044637749945, http://localhost:8080/petclinic/specialties
29471666746861938259470438044637749945, 156544926050636756647428577929764678117 -> input []{'_ngcontent-jlf-c': '', 'type': 'text', 'name': 'spec_name', 'class': 'form-controlng-untouchedng-pristineng-valid', 'ng-reflect-name': 'spec_name', 'id': '', 'readonly': '', 'ng-reflect-model': 'radiology'}, 29471666746861938259470438044637749945, http://localhost:8080/petclinic/specialties
29471666746861938259470438044637749945, 294714278791106479027188148476029375658 -> a ['Owners', <span _ngcontent-jlf-c45="" class="caret", 336476978383020730477874942078541405217, http://localhost:8080/petclinic/specialties
336476978383020730477874942078541405217, 145445079361343475206666999701199816504 -> button ['Edit']{'_ngcontent-jlf-c': '', 'class': 'btnbtn-default'}, 83846097102934712265922040739446818067, http://localhost:8080/petclinic/specialties
83846097102934712265922040739446818067, 219777962586847530825742279663614704596 -> a [<span _ngcontent-jlf-c45="" aria-hidden="true" class="glyphicon glyphicon-home", 233426145574943821352606517966566132163, http://localhost:8080/petclinic/welcome
233426145574943821352606517966566132163, 36433544354939813706564181908248530184 -> a ['Veterinarians', <span _ngcontent-jlf-c45="" class="caret", 192306625620991217132025247140004257967, http://localhost:8080/petclinic/welcome
49422149324400457114317816287120169614, None, 49422149324400457114317816287120169614, http://localhost:8080/petclinic/
49422149324400457114317816287120169614, None, 49422149324400457114317816287120169614, http://localhost:8080/petclinic/
49422149324400457114317816287120169614, 284785432033238011403048168125486415428 -> a ['Owners', <span _ngcontent-ihu-c45="" class="caret", 203789904488100118908646339278060037750, http://localhost:8080/petclinic/
49422149324400457114317816287120169614, None, 49422149324400457114317816287120169614, http://localhost:8080/petclinic/
49422149324400457114317816287120169614, 206209056628001246852347143931823374508 -> a [<span _ngcontent-mvo-c45="" aria-hidden="true" class="glyphicon glyphicon-home", 233426145574943821352606517966566132163, http://localhost:8080/petclinic/welcome
233426145574943821352606517966566132163, 286354222246173824815960896673139755342 -> a [<span _ngcontent-mvo-c45="" aria-hidden="true" class="glyphicon glyphicon-th-list", 29471666746861938259470438044637749945, http://localhost:8080/petclinic/specialties
29471666746861938259470438044637749945, 241794058083897999376904632906194742760 -> a ['Owners', <span _ngcontent-mvo-c45="" class="caret", 121775422253869778828073676739125319234, http://localhost:8080/petclinic/specialties
121775422253869778828073676739125319234, 206209056628001246852347143931823374508 -> a [<span _ngcontent-mvo-c45="" aria-hidden="true" class="glyphicon glyphicon-home", 233426145574943821352606517966566132163, http://localhost:8080/petclinic/welcome
233426145574943821352606517966566132163, 241794058083897999376904632906194742760 -> a ['Owners', <span _ngcontent-mvo-c45="" class="caret", 227835630353743896636286229706560382285, http://localhost:8080/petclinic/welcome
227835630353743896636286229706560382285, 29644626350866352732240705754901687186 -> a [<span _ngcontent-mvo-c45="" aria-hidden="true" class="glyphicon glyphicon-th-list", 29471666746861938259470438044637749945, http://localhost:8080/petclinic/specialties
29471666746861938259470438044637749945, 313546498489765203449369168736917747118 -> input []{'_ngcontent-mvo-c': '', 'type': 'text', 'name': 'spec_name', 'class': 'form-controlng-untouchedng-pristineng-valid', 'ng-reflect-name': 'spec_name', 'id': '', 'readonly': '', 'ng-reflect-model': 'surgery'}, 29471666746861938259470438044637749945, http://localhost:8080/petclinic/specialties
29471666746861938259470438044637749945, 206209056628001246852347143931823374508 -> a [<span _ngcontent-mvo-c45="" aria-hidden="true" class="glyphicon glyphicon-home", 233426145574943821352606517966566132163, http://localhost:8080/petclinic/welcome
49422149324400457114317816287120169614, None, 49422149324400457114317816287120169614, http://localhost:8080/petclinic/
49422149324400457114317816287120169614, None, 49422149324400457114317816287120169614, http://localhost:8080/petclinic/
49422149324400457114317816287120169614, None, 49422149324400457114317816287120169614, http://localhost:8080/petclinic/
49422149324400457114317816287120169614, 165762689000929593002339657334538375215 -> a [<span _ngcontent-hyy-c45="" aria-hidden="true" class="glyphicon glyphicon-th-list", 29471666746861938259470438044637749945, http://localhost:8080/petclinic/specialties
29471666746861938259470438044637749945, 148190783390260411021342653873764721866 -> a [<span _ngcontent-hyy-c45="" aria-hidden="true" class="glyphicon glyphicon-th-list", 29471666746861938259470438044637749945, http://localhost:8080/petclinic/specialties
29471666746861938259470438044637749945, 51255637783187539520186736770962311113 -> button ['Edit']{'_ngcontent-hyy-c': '', 'class': 'btnbtn-default'}, 83846097102934712265922040739446818067, http://localhost:8080/petclinic/specialties
83846097102934712265922040739446818067, 253481467909110784090463131952617591967 -> button ['Update']{'_ngcontent-hyy-c': '', 'type': 'submit', 'class': 'btnbtn-default'}, 78840999675418226649319251564377765273, http://localhost:8080/petclinic/specialties/1/edit
78840999675418226649319251564377765273, 217492073072431453057838974490296810399 -> a [<span _ngcontent-hyy-c45="" aria-hidden="true" class="glyphicon glyphicon-th-list", 153333956493652669533881615647501471098, http://localhost:8080/petclinic/pettypes
49422149324400457114317816287120169614, None, 49422149324400457114317816287120169614, http://localhost:8080/petclinic/
49422149324400457114317816287120169614, 209704422650075773065793515429316595959 -> a ['Veterinarians', <span _ngcontent-mjy-c45="" class="caret", 74849793808848032408097070206027864246, http://localhost:8080/petclinic/
74849793808848032408097070206027864246, 184880720158174985610240263913394170841 -> a [<span _ngcontent-mjy-c45="" aria-hidden="true" class="glyphicon glyphicon-search", 157160640445751975500720621752664039441, http://localhost:8080/petclinic/vets
49422149324400457114317816287120169614, None, 49422149324400457114317816287120169614, http://localhost:8080/petclinic/
49422149324400457114317816287120169614, None, 49422149324400457114317816287120169614, http://localhost:8080/petclinic/
49422149324400457114317816287120169614, 65397933131962666341228924089394510821 -> a ['Veterinarians', <span _ngcontent-ito-c45="" class="caret", 74849793808848032408097070206027864246, http://localhost:8080/petclinic/
74849793808848032408097070206027864246, 123545458923938011601328899976311402053 -> a ['Veterinarians', <span _ngcontent-ito-c45="" class="caret", 49422149324400457114317816287120169614, http://localhost:8080/petclinic/
49422149324400457114317816287120169614, 277082524982345203467626935614621468414 -> a [<span _ngcontent-ito-c45="" aria-hidden="true" class="glyphicon glyphicon-home", 233426145574943821352606517966566132163, http://localhost:8080/petclinic/welcome
233426145574943821352606517966566132163, 311730482827722181927504866354180237599 -> a [<span _ngcontent-ito-c45="" aria-hidden="true" class="glyphicon glyphicon-th-list", 29471666746861938259470438044637749945, http://localhost:8080/petclinic/specialties
29471666746861938259470438044637749945, 68183080234228542501313407808231286955 -> button ['Home']{'_ngcontent-ito-c': '', 'class': 'btnbtn-default'}, 90924957358455097642166425674986735534, http://localhost:8080/petclinic/specialties
49422149324400457114317816287120169614, None, 49422149324400457114317816287120169614, http://localhost:8080/petclinic/
49422149324400457114317816287120169614, 91236824543288153087581445740094841680 -> a ['Veterinarians', <span _ngcontent-upe-c45="" class="caret", 74849793808848032408097070206027864246, http://localhost:8080/petclinic/
74849793808848032408097070206027864246, 226444208307189955394512242580899433626 -> a [<span _ngcontent-upe-c45="" aria-hidden="true" class="glyphicon glyphicon-search", 157160640445751975500720621752664039441, http://localhost:8080/petclinic/vets
157160640445751975500720621752664039441, 269110567755676536826161621535853999117 -> a [<span _ngcontent-upe-c45="" aria-hidden="true" class="glyphicon glyphicon-th-list", 29471666746861938259470438044637749945, http://localhost:8080/petclinic/specialties
49422149324400457114317816287120169614, None, 49422149324400457114317816287120169614, http://localhost:8080/petclinic/
49422149324400457114317816287120169614, None, 49422149324400457114317816287120169614, http://localhost:8080/petclinic/
49422149324400457114317816287120169614, None, 49422149324400457114317816287120169614, http://localhost:8080/petclinic/
49422149324400457114317816287120169614, 150807279559814323070250113036109614550 -> a ['Owners', <span _ngcontent-htk-c45="" class="caret", 203789904488100118908646339278060037750, http://localhost:8080/petclinic/
203789904488100118908646339278060037750, 227015147647545917653685174043067944798 -> a [<span _ngcontent-htk-c45="" aria-hidden="true" class="glyphicon glyphicon-search", 134467512933047695112209168027061027792, http://localhost:8080/petclinic/owners
134467512933047695112209168027061027792, 150807279559814323070250113036109614550 -> a ['Owners', <span _ngcontent-htk-c45="" class="caret", 134467512933047695112209168027061027792, http://localhost:8080/petclinic/owners
134467512933047695112209168027061027792, 1635893471653855622880088004234209550 -> a ['Carlos Estaban']{'_ngcontent-htk-c': '', 'routerlinkactive': 'active', 'ng-reflect-router-link-active': 'active', 'ng-reflect-router-link': '/owners/', 'href': '/petclinic/owners/10'}, 318236238451856739726557397053809136309, http://localhost:8080/petclinic/owners/10
318236238451856739726557397053809136309, 87710605203637420134165441768282285031 -> a [<span _ngcontent-htk-c45="" aria-hidden="true" class="glyphicon glyphicon-home", 233426145574943821352606517966566132163, http://localhost:8080/petclinic/welcome
233426145574943821352606517966566132163, 87710605203637420134165441768282285031 -> a [<span _ngcontent-htk-c45="" aria-hidden="true" class="glyphicon glyphicon-home", 233426145574943821352606517966566132163, http://localhost:8080/petclinic/welcome
233426145574943821352606517966566132163, 150807279559814323070250113036109614550 -> a ['Owners', <span _ngcontent-htk-c45="" class="caret", 227835630353743896636286229706560382285, http://localhost:8080/petclinic/welcome
227835630353743896636286229706560382285, 199795051173227569428961998763198176293 -> a [<span _ngcontent-htk-c45="" aria-hidden="true" class="glyphicon glyphicon-th-list", 29471666746861938259470438044637749945, http://localhost:8080/petclinic/specialties
49422149324400457114317816287120169614, None, 49422149324400457114317816287120169614, http://localhost:8080/petclinic/
49422149324400457114317816287120169614, None, 49422149324400457114317816287120169614, http://localhost:8080/petclinic/
49422149324400457114317816287120169614, 42618226396778979815576703361352937617 -> a [<span _ngcontent-emk-c45="" aria-hidden="true" class="glyphicon glyphicon-th-list", 29471666746861938259470438044637749945, http://localhost:8080/petclinic/specialties
29471666746861938259470438044637749945, 182628330888542958451799558533532156459 -> input []{'_ngcontent-emk-c': '', 'type': 'text', 'name': 'spec_name', 'class': 'form-controlng-untouchedng-pristineng-valid', 'ng-reflect-name': 'spec_name', 'id': '', 'readonly': '', 'ng-reflect-model': 'radiology'}, 29471666746861938259470438044637749945, http://localhost:8080/petclinic/specialties
29471666746861938259470438044637749945, 205736039108716387592340944642520051074 -> a ['Owners', <span _ngcontent-emk-c45="" class="caret", 336476978383020730477874942078541405217, http://localhost:8080/petclinic/specialties
336476978383020730477874942078541405217, 7116249024715491083361205779462392674 -> button ['Edit']{'_ngcontent-emk-c': '', 'class': 'btnbtn-default'}, 83846097102934712265922040739446818067, http://localhost:8080/petclinic/specialties
83846097102934712265922040739446818067, 191841754753735643350952094103794891774 -> a [<span _ngcontent-emk-c45="" aria-hidden="true" class="glyphicon glyphicon-th-list", 153333956493652669533881615647501471098, http://localhost:8080/petclinic/pettypes
153333956493652669533881615647501471098, 280889852249867579834724335932247903749 -> a ['Veterinarians', <span _ngcontent-emk-c45="" class="caret", 87494959293882182980324748226382364659, http://localhost:8080/petclinic/pettypes
87494959293882182980324748226382364659, 164728960919713193945369737613367455377 -> a [<span _ngcontent-emk-c45="" aria-hidden="true" class="glyphicon glyphicon-plus", 115288381809929502129253901106172596651, http://localhost:8080/petclinic/vets/add
115288381809929502129253901106172596651, 207131692846089207683132439593404352308 -> input []{'_ngcontent-emk-c': '', 'type': 'text', 'id': 'firstName', 'minlength': '', 'required': '', 'name': 'firstName', 'class': 'form-controlng-untouchedng-pristineng-invalid', 'ng-reflect-name': 'firstName', 'ng-reflect-minlength': '', 'ng-reflect-required': ''}, 4517464646620003525637468055507397010, http://localhost:8080/petclinic/vets/add
49422149324400457114317816287120169614, None, 49422149324400457114317816287120169614, http://localhost:8080/petclinic/
49422149324400457114317816287120169614, 340070317871695173466008142840735963147 -> a [<span _ngcontent-ssh-c45="" aria-hidden="true" class="glyphicon glyphicon-home", 233426145574943821352606517966566132163, http://localhost:8080/petclinic/welcome
233426145574943821352606517966566132163, 340070317871695173466008142840735963147 -> a [<span _ngcontent-ssh-c45="" aria-hidden="true" class="glyphicon glyphicon-home", 233426145574943821352606517966566132163, http://localhost:8080/petclinic/welcome
233426145574943821352606517966566132163, 18393325121657797721137578714768294933 -> a [<span _ngcontent-ssh-c45="" aria-hidden="true" class="glyphicon glyphicon-th-list", 153333956493652669533881615647501471098, http://localhost:8080/petclinic/pettypes
153333956493652669533881615647501471098, 10191949998902916664952527717777313572 -> a ['Veterinarians', <span _ngcontent-ssh-c45="" class="caret", 87494959293882182980324748226382364659, http://localhost:8080/petclinic/pettypes
87494959293882182980324748226382364659, 202207759186417130891617045167119515262 -> a ['Veterinarians', <span _ngcontent-ssh-c45="" class="caret", 153333956493652669533881615647501471098, http://localhost:8080/petclinic/pettypes
153333956493652669533881615647501471098, 308579699172769559353578140961366812851 -> button ['Home']{'_ngcontent-ssh-c': '', 'class': 'btnbtn-default'}, 197610529375671059583783508832852996774, http://localhost:8080/petclinic/pettypes
197610529375671059583783508832852996774, 10191949998902916664952527717777313572 -> a ['Veterinarians', <span _ngcontent-ssh-c45="" class="caret", 192306625620991217132025247140004257967, http://localhost:8080/petclinic/welcome
192306625620991217132025247140004257967, 284919957693070690857703430909776931272 -> a [<span _ngcontent-ssh-c45="" aria-hidden="true" class="glyphicon glyphicon-search", 157160640445751975500720621752664039441, http://localhost:8080/petclinic/vets
49422149324400457114317816287120169614, None, 49422149324400457114317816287120169614, http://localhost:8080/petclinic/
49422149324400457114317816287120169614, 273236953494221096996704024727305917535 -> a ['Veterinarians', <span _ngcontent-cys-c45="" class="caret", 74849793808848032408097070206027864246, http://localhost:8080/petclinic/
74849793808848032408097070206027864246, 221415278391793245800366755203229094930 -> a [<span _ngcontent-cys-c45="" aria-hidden="true" class="glyphicon glyphicon-th-list", 29471666746861938259470438044637749945, http://localhost:8080/petclinic/specialties
49422149324400457114317816287120169614, None, 49422149324400457114317816287120169614, http://localhost:8080/petclinic/
49422149324400457114317816287120169614, None, 49422149324400457114317816287120169614, http://localhost:8080/petclinic/
49422149324400457114317816287120169614, 238731089770496140205978097866203077430 -> a ['Owners', <span _ngcontent-xnf-c45="" class="caret", 203789904488100118908646339278060037750, http://localhost:8080/petclinic/
203789904488100118908646339278060037750, 302221709792828221272856972672815284970 -> a [<span _ngcontent-xnf-c45="" aria-hidden="true" class="glyphicon glyphicon-search", 192707741666091566240352799848887721267, http://localhost:8080/petclinic/owners
192707741666091566240352799848887721267, 238731089770496140205978097866203077430 -> a ['Owners', <span _ngcontent-xnf-c45="" class="caret", 134467512933047695112209168027061027792, http://localhost:8080/petclinic/owners
134467512933047695112209168027061027792, 302221709792828221272856972672815284970 -> a [<span _ngcontent-xnf-c45="" aria-hidden="true" class="glyphicon glyphicon-search", 134467512933047695112209168027061027792, http://localhost:8080/petclinic/owners
134467512933047695112209168027061027792, 72469012033381925492739308680765611978 -> a [<span _ngcontent-xnf-c45="" aria-hidden="true" class="glyphicon glyphicon-home", 233426145574943821352606517966566132163, http://localhost:8080/petclinic/welcome
233426145574943821352606517966566132163, 72469012033381925492739308680765611978 -> a [<span _ngcontent-xnf-c45="" aria-hidden="true" class="glyphicon glyphicon-home", 233426145574943821352606517966566132163, http://localhost:8080/petclinic/welcome
233426145574943821352606517966566132163, 45244173014196908494033130249560788069 -> a [<span _ngcontent-xnf-c45="" aria-hidden="true" class="glyphicon glyphicon-th-list", 29471666746861938259470438044637749945, http://localhost:8080/petclinic/specialties
29471666746861938259470438044637749945, 154717678260598075839559319910994082671 -> a [<span _ngcontent-xnf-c45="" aria-hidden="true" class="glyphicon glyphicon-th-list", 153333956493652669533881615647501471098, http://localhost:8080/petclinic/pettypes
49422149324400457114317816287120169614, None, 49422149324400457114317816287120169614, http://localhost:8080/petclinic/
49422149324400457114317816287120169614, 72088961366740398709173375845628258738 -> a ['Veterinarians', <span _ngcontent-ktp-c45="" class="caret", 74849793808848032408097070206027864246, http://localhost:8080/petclinic/
74849793808848032408097070206027864246, 275630983197806803104106929372979221789 -> a [<span _ngcontent-ktp-c45="" aria-hidden="true" class="glyphicon glyphicon-th-list", 153333956493652669533881615647501471098, http://localhost:8080/petclinic/pettypes
153333956493652669533881615647501471098, 221757362080049354893547800262192477675 -> a [<span _ngcontent-ktp-c45="" aria-hidden="true" class="glyphicon glyphicon-th-list", 29471666746861938259470438044637749945, http://localhost:8080/petclinic/specialties
29471666746861938259470438044637749945, 276612554947522177498545393953909562415 -> a [<span _ngcontent-ktp-c45="" aria-hidden="true" class="glyphicon glyphicon-th-list", 153333956493652669533881615647501471098, http://localhost:8080/petclinic/pettypes
49422149324400457114317816287120169614, None, 49422149324400457114317816287120169614, http://localhost:8080/petclinic/
49422149324400457114317816287120169614, 263354077098122611741546277065672783122 -> a [<span _ngcontent-rox-c45="" aria-hidden="true" class="glyphicon glyphicon-th-list", 29471666746861938259470438044637749945, http://localhost:8080/petclinic/specialties
29471666746861938259470438044637749945, 232788971744195264594341724975331359303 -> a [<span _ngcontent-rox-c45="" aria-hidden="true" class="glyphicon glyphicon-th-list", 29471666746861938259470438044637749945, http://localhost:8080/petclinic/specialties
29471666746861938259470438044637749945, 76667450310975786056576852876226767645 -> button ['Home']{'_ngcontent-rox-c': '', 'class': 'btnbtn-default'}, 90924957358455097642166425674986735534, http://localhost:8080/petclinic/specialties
90924957358455097642166425674986735534, 229021195123863957208381527713153196694 -> a [<span _ngcontent-rox-c45="" aria-hidden="true" class="glyphicon glyphicon-th-list", 29471666746861938259470438044637749945, http://localhost:8080/petclinic/specialties
29471666746861938259470438044637749945, 14528759794445955586322863528077612088 -> a [<span _ngcontent-rox-c45="" aria-hidden="true" class="glyphicon glyphicon-th-list", 153333956493652669533881615647501471098, http://localhost:8080/petclinic/pettypes
153333956493652669533881615647501471098, 62612858906166795917667358164533149176 -> button [' Add ']{'_ngcontent-rox-c': '', 'class': 'btnbtn-default'}, 43727470335739397048269962189983175243, http://localhost:8080/petclinic/pettypes
43727470335739397048269962189983175243, 310414449498884864373448394567759836807 -> a [<span _ngcontent-rox-c45="" aria-hidden="true" class="glyphicon glyphicon-th-list", 43727470335739397048269962189983175243, http://localhost:8080/petclinic/pettypes
49422149324400457114317816287120169614, None, 49422149324400457114317816287120169614, http://localhost:8080/petclinic/
49422149324400457114317816287120169614, 312554275852847997180179613030534305697 -> a [<span _ngcontent-lsj-c45="" aria-hidden="true" class="glyphicon glyphicon-th-list", 29471666746861938259470438044637749945, http://localhost:8080/petclinic/specialties
29471666746861938259470438044637749945, 101953875722564138850214063954772612744 -> a [<span _ngcontent-lsj-c45="" aria-hidden="true" class="glyphicon glyphicon-th-list", 29471666746861938259470438044637749945, http://localhost:8080/petclinic/specialties
29471666746861938259470438044637749945, 241619699459008237711236412854149120123 -> button [' Add ']{'_ngcontent-lsj-c': '', 'class': 'btnbtn-default'}, 35742322003424371479105068301184530812, http://localhost:8080/petclinic/specialties
35742322003424371479105068301184530812, 33066617034944474148067275635966576914 -> button ['Delete']{'_ngcontent-lsj-c': '', 'class': 'btnbtn-default'}, 35742322003424371479105068301184530812, http://localhost:8080/petclinic/specialties
49422149324400457114317816287120169614, None, 49422149324400457114317816287120169614, http://localhost:8080/petclinic/
49422149324400457114317816287120169614, 209532052648668562387700592297110021519 -> a [<span _ngcontent-hwr-c45="" aria-hidden="true" class="glyphicon glyphicon-home", 233426145574943821352606517966566132163, http://localhost:8080/petclinic/welcome
233426145574943821352606517966566132163, 209532052648668562387700592297110021519 -> a [<span _ngcontent-hwr-c45="" aria-hidden="true" class="glyphicon glyphicon-home", 233426145574943821352606517966566132163, http://localhost:8080/petclinic/welcome
49422149324400457114317816287120169614, None, 49422149324400457114317816287120169614, http://localhost:8080/petclinic/
49422149324400457114317816287120169614, 128587551762201385013959072493373220363 -> a [<span _ngcontent-rfo-c45="" aria-hidden="true" class="glyphicon glyphicon-th-list", 29471666746861938259470438044637749945, http://localhost:8080/petclinic/specialties
29471666746861938259470438044637749945, 267673206863104521935511480793739188907 -> a [<span _ngcontent-rfo-c45="" aria-hidden="true" class="glyphicon glyphicon-th-list", 153333956493652669533881615647501471098, http://localhost:8080/petclinic/pettypes
153333956493652669533881615647501471098, 311465907497307917412279014716930036430 -> a [<span _ngcontent-rfo-c45="" aria-hidden="true" class="glyphicon glyphicon-th-list", 29471666746861938259470438044637749945, http://localhost:8080/petclinic/specialties
29471666746861938259470438044637749945, 227105339121386737785772321157827044288 -> button ['Edit']{'_ngcontent-rfo-c': '', 'class': 'btnbtn-default'}, 179951588632974048607534371015005384743, http://localhost:8080/petclinic/specialties
179951588632974048607534371015005384743, 40046238279081110403554728270072021392 -> button ['Cancel']{'_ngcontent-rfo-c': '', 'class': 'btnbtn-default'}, 29471666746861938259470438044637749945, http://localhost:8080/petclinic/specialties
29471666746861938259470438044637749945, 281891471959678233281888116027174049381 -> a [<span _ngcontent-rfo-c45="" aria-hidden="true" class="glyphicon glyphicon-th-list", 29471666746861938259470438044637749945, http://localhost:8080/petclinic/specialties
29471666746861938259470438044637749945, 227105339121386737785772321157827044288 -> button ['Edit']{'_ngcontent-rfo-c': '', 'class': 'btnbtn-default'}, 83846097102934712265922040739446818067, http://localhost:8080/petclinic/specialties
83846097102934712265922040739446818067, 183182331407558984559697256146144701657 -> a [<span _ngcontent-rfo-c45="" aria-hidden="true" class="glyphicon glyphicon-th-list", 153333956493652669533881615647501471098, http://localhost:8080/petclinic/pettypes
49422149324400457114317816287120169614, None, 49422149324400457114317816287120169614, http://localhost:8080/petclinic/
49422149324400457114317816287120169614, None, 49422149324400457114317816287120169614, http://localhost:8080/petclinic/
49422149324400457114317816287120169614, None, 49422149324400457114317816287120169614, http://localhost:8080/petclinic/
49422149324400457114317816287120169614, 114060269875687500289425386478192606322 -> a [<span _ngcontent-vua-c45="" aria-hidden="true" class="glyphicon glyphicon-th-list", 288837384050435833154613713335591823145, http://localhost:8080/petclinic/specialties
288837384050435833154613713335591823145, 36697166260732682251014767674916594571 -> a [<span _ngcontent-vua-c45="" aria-hidden="true" class="glyphicon glyphicon-th-list", 153333956493652669533881615647501471098, http://localhost:8080/petclinic/pettypes
153333956493652669533881615647501471098, 217663950251066595761526300926801048094 -> button [' Add ']{'_ngcontent-vua-c': '', 'class': 'btnbtn-default'}, 43727470335739397048269962189983175243, http://localhost:8080/petclinic/pettypes
43727470335739397048269962189983175243, 201953305639911160306340935352689227471 -> button ['Home']{'_ngcontent-vua-c': '', 'class': 'btnbtn-default'}, 233426145574943821352606517966566132163, http://localhost:8080/petclinic/welcome
233426145574943821352606517966566132163, 229632145787030432551118937713163276051 -> a [<span _ngcontent-vua-c45="" aria-hidden="true" class="glyphicon glyphicon-home", 233426145574943821352606517966566132163, http://localhost:8080/petclinic/welcome
49422149324400457114317816287120169614, None, 49422149324400457114317816287120169614, http://localhost:8080/petclinic/
49422149324400457114317816287120169614, 165933009194847815069695201564249897967 -> a [<span _ngcontent-etw-c45="" aria-hidden="true" class="glyphicon glyphicon-th-list", 29471666746861938259470438044637749945, http://localhost:8080/petclinic/specialties
29471666746861938259470438044637749945, 43710310181923618495680596031180839933 -> a [<span _ngcontent-etw-c45="" aria-hidden="true" class="glyphicon glyphicon-home", 233426145574943821352606517966566132163, http://localhost:8080/petclinic/welcome
233426145574943821352606517966566132163, 3548507525216797398834198231300764045 -> a ['Veterinarians', <span _ngcontent-etw-c45="" class="caret", 192306625620991217132025247140004257967, http://localhost:8080/petclinic/welcome
192306625620991217132025247140004257967, 151045899839141664785468960651483512003 -> a ['Owners', <span _ngcontent-etw-c45="" class="caret", 227835630353743896636286229706560382285, http://localhost:8080/petclinic/welcome
227835630353743896636286229706560382285, 30837095256790559478573133777833149728 -> a ['Owners', <span _ngcontent-etw-c45="" class="caret", 233426145574943821352606517966566132163, http://localhost:8080/petclinic/welcome
233426145574943821352606517966566132163, 43710310181923618495680596031180839933 -> a [<span _ngcontent-etw-c45="" aria-hidden="true" class="glyphicon glyphicon-home", 233426145574943821352606517966566132163, http://localhost:8080/petclinic/welcome
233426145574943821352606517966566132163, 208545704694398795931338557763085937810 -> a [<span _ngcontent-etw-c45="" aria-hidden="true" class="glyphicon glyphicon-th-list", 153333956493652669533881615647501471098, http://localhost:8080/petclinic/pettypes
153333956493652669533881615647501471098, 43710310181923618495680596031180839933 -> a [<span _ngcontent-etw-c45="" aria-hidden="true" class="glyphicon glyphicon-home", 233426145574943821352606517966566132163, http://localhost:8080/petclinic/welcome
49422149324400457114317816287120169614, None, 49422149324400457114317816287120169614, http://localhost:8080/petclinic/
49422149324400457114317816287120169614, 47571352557890702033519919244951613473 -> a [<span _ngcontent-mfe-c45="" aria-hidden="true" class="glyphicon glyphicon-th-list", 153333956493652669533881615647501471098, http://localhost:8080/petclinic/pettypes
153333956493652669533881615647501471098, 15136230801395924404354481071572972843 -> button ['Home']{'_ngcontent-mfe-c': '', 'class': 'btnbtn-default'}, 233426145574943821352606517966566132163, http://localhost:8080/petclinic/welcome
233426145574943821352606517966566132163, 225895600025440891734080147279428058614 -> a [<span _ngcontent-mfe-c45="" aria-hidden="true" class="glyphicon glyphicon-home", 233426145574943821352606517966566132163, http://localhost:8080/petclinic/welcome
233426145574943821352606517966566132163, 153178910997288745139749594748385088291 -> a ['Veterinarians', <span _ngcontent-mfe-c45="" class="caret", 192306625620991217132025247140004257967, http://localhost:8080/petclinic/welcome
192306625620991217132025247140004257967, 330401665032683144988877152311838248480 -> a [<span _ngcontent-mfe-c45="" aria-hidden="true" class="glyphicon glyphicon-search", 120962431678690102558501945372758632054, http://localhost:8080/petclinic/vets
120962431678690102558501945372758632054, 225895600025440891734080147279428058614 -> a [<span _ngcontent-mfe-c45="" aria-hidden="true" class="glyphicon glyphicon-home", 233426145574943821352606517966566132163, http://localhost:8080/petclinic/welcome
49422149324400457114317816287120169614, None, 49422149324400457114317816287120169614, http://localhost:8080/petclinic/
49422149324400457114317816287120169614, 250057685533511103129538807952136666226 -> a ['Veterinarians', <span _ngcontent-ara-c45="" class="caret", 74849793808848032408097070206027864246, http://localhost:8080/petclinic/
74849793808848032408097070206027864246, 287236557861349172435149381395329302882 -> a ['Owners', <span _ngcontent-ara-c45="" class="caret", 203789904488100118908646339278060037750, http://localhost:8080/petclinic/
203789904488100118908646339278060037750, 334179643480048597707170151820530584748 -> a [<span _ngcontent-ara-c45="" aria-hidden="true" class="glyphicon glyphicon-home", 233426145574943821352606517966566132163, http://localhost:8080/petclinic/welcome
49422149324400457114317816287120169614, None, 49422149324400457114317816287120169614, http://localhost:8080/petclinic/
49422149324400457114317816287120169614, 336229134058407178026443239268903100666 -> a ['Owners', <span _ngcontent-jfx-c45="" class="caret", 203789904488100118908646339278060037750, http://localhost:8080/petclinic/
203789904488100118908646339278060037750, 156896730973315391092042384707412697626 -> a [<span _ngcontent-jfx-c45="" aria-hidden="true" class="glyphicon glyphicon-th-list", 153333956493652669533881615647501471098, http://localhost:8080/petclinic/pettypes
153333956493652669533881615647501471098, 336229134058407178026443239268903100666 -> a ['Owners', <span _ngcontent-jfx-c45="" class="caret", 232895167544026844387607208890240701401, http://localhost:8080/petclinic/pettypes
232895167544026844387607208890240701401, 140604091283450985791300023527169451706 -> a [<span _ngcontent-jfx-c45="" aria-hidden="true" class="glyphicon glyphicon-home", 233426145574943821352606517966566132163, http://localhost:8080/petclinic/welcome
233426145574943821352606517966566132163, 58203486889089109467346825169735092386 -> a [<span _ngcontent-jfx-c45="" aria-hidden="true" class="glyphicon glyphicon-th-list", 288837384050435833154613713335591823145, http://localhost:8080/petclinic/specialties
288837384050435833154613713335591823145, 231869581734638575979241114203911113818 -> a ['Veterinarians', <span _ngcontent-jfx-c45="" class="caret", 240041143287631293208770002027053747546, http://localhost:8080/petclinic/specialties
240041143287631293208770002027053747546, 280987875924558631777605358917392392007 -> button ['Delete']{'_ngcontent-jfx-c': '', 'class': 'btnbtn-default'}, 29471666746861938259470438044637749945, http://localhost:8080/petclinic/specialties
29471666746861938259470438044637749945, 140604091283450985791300023527169451706 -> a [<span _ngcontent-jfx-c45="" aria-hidden="true" class="glyphicon glyphicon-home", 233426145574943821352606517966566132163, http://localhost:8080/petclinic/welcome
49422149324400457114317816287120169614, None, 49422149324400457114317816287120169614, http://localhost:8080/petclinic/
49422149324400457114317816287120169614, 49924639218789432453997827754933977025 -> a ['Owners', <span _ngcontent-hin-c45="" class="caret", 203789904488100118908646339278060037750, http://localhost:8080/petclinic/
203789904488100118908646339278060037750, 113715024958636749893942134728887142667 -> a [<span _ngcontent-hin-c45="" aria-hidden="true" class="glyphicon glyphicon-search", 134467512933047695112209168027061027792, http://localhost:8080/petclinic/owners
134467512933047695112209168027061027792, 300815650720241205705335530648606338719 -> a ['Jean Coleman']{'_ngcontent-hin-c': '', 'routerlinkactive': 'active', 'ng-reflect-router-link-active': 'active', 'ng-reflect-router-link': '/owners/', 'href': '/petclinic/owners/6'}, 283061653387014097649994530766968264167, http://localhost:8080/petclinic/owners/6
283061653387014097649994530766968264167, 24233191858763008660363015114342944535 -> a [<span _ngcontent-hin-c45="" aria-hidden="true" class="glyphicon glyphicon-home", 233426145574943821352606517966566132163, http://localhost:8080/petclinic/welcome
233426145574943821352606517966566132163, 312869718042880148597482349722138620160 -> a ['Veterinarians', <span _ngcontent-hin-c45="" class="caret", 192306625620991217132025247140004257967, http://localhost:8080/petclinic/welcome
192306625620991217132025247140004257967, 191190964171276305952498988251144312534 -> a [<span _ngcontent-hin-c45="" aria-hidden="true" class="glyphicon glyphicon-th-list", 153333956493652669533881615647501471098, http://localhost:8080/petclinic/pettypes
153333956493652669533881615647501471098, 316154440482185205846366619952107878048 -> a [<span _ngcontent-hin-c45="" aria-hidden="true" class="glyphicon glyphicon-th-list", 29471666746861938259470438044637749945, http://localhost:8080/petclinic/specialties
29471666746861938259470438044637749945, 182953462568879709668269426150518000540 -> input []{'_ngcontent-hin-c': '', 'type': 'text', 'name': 'spec_name', 'class': 'form-controlng-untouchedng-pristineng-valid', 'ng-reflect-name': 'spec_name', 'id': '', 'readonly': '', 'ng-reflect-model': 'dentistry'}, 29471666746861938259470438044637749945, http://localhost:8080/petclinic/specialties
49422149324400457114317816287120169614, None, 49422149324400457114317816287120169614, http://localhost:8080/petclinic/
49422149324400457114317816287120169614, 191461442726960622556963916817649982631 -> a ['Veterinarians', <span _ngcontent-pel-c45="" class="caret", 74849793808848032408097070206027864246, http://localhost:8080/petclinic/
74849793808848032408097070206027864246, 100648936654754876282407595669534256423 -> a [<span _ngcontent-pel-c45="" aria-hidden="true" class="glyphicon glyphicon-th-list", 153333956493652669533881615647501471098, http://localhost:8080/petclinic/pettypes
153333956493652669533881615647501471098, 91028064018352368827575319824300257908 -> a [<span _ngcontent-pel-c45="" aria-hidden="true" class="glyphicon glyphicon-home", 233426145574943821352606517966566132163, http://localhost:8080/petclinic/welcome
233426145574943821352606517966566132163, 191461442726960622556963916817649982631 -> a ['Veterinarians', <span _ngcontent-pel-c45="" class="caret", 192306625620991217132025247140004257967, http://localhost:8080/petclinic/welcome
49422149324400457114317816287120169614, None, 49422149324400457114317816287120169614, http://localhost:8080/petclinic/
49422149324400457114317816287120169614, 333684684258827306083849699823373357342 -> a ['Veterinarians', <span _ngcontent-yrm-c45="" class="caret", 74849793808848032408097070206027864246, http://localhost:8080/petclinic/
74849793808848032408097070206027864246, 36626678085700683975302548333573108213 -> a [<span _ngcontent-yrm-c45="" aria-hidden="true" class="glyphicon glyphicon-home", 233426145574943821352606517966566132163, http://localhost:8080/petclinic/welcome
49422149324400457114317816287120169614, None, 49422149324400457114317816287120169614, http://localhost:8080/petclinic/
49422149324400457114317816287120169614, 235535458058300562516591964258476121776 -> a ['Owners', <span _ngcontent-oyj-c45="" class="caret", 203789904488100118908646339278060037750, http://localhost:8080/petclinic/
203789904488100118908646339278060037750, 106284314276567510390510340458911136474 -> a ['Owners', <span _ngcontent-oyj-c45="" class="caret", 49422149324400457114317816287120169614, http://localhost:8080/petclinic/
49422149324400457114317816287120169614, 235535458058300562516591964258476121776 -> a ['Owners', <span _ngcontent-oyj-c45="" class="caret", 203789904488100118908646339278060037750, http://localhost:8080/petclinic/
203789904488100118908646339278060037750, 82557308872715343411333725611972996849 -> a [<span _ngcontent-oyj-c45="" aria-hidden="true" class="glyphicon glyphicon-search", 134467512933047695112209168027061027792, http://localhost:8080/petclinic/owners
134467512933047695112209168027061027792, 266069076297230526425596561633443832222 -> a ['Peter McTavish']{'_ngcontent-oyj-c': '', 'routerlinkactive': 'active', 'ng-reflect-router-link-active': 'active', 'ng-reflect-router-link': '/owners/', 'href': '/petclinic/owners/5'}, 261023333095147269470709766205561058843, http://localhost:8080/petclinic/owners/5
49422149324400457114317816287120169614, None, 49422149324400457114317816287120169614, http://localhost:8080/petclinic/
49422149324400457114317816287120169614, 270311507990028124796331657307344197284 -> a [<span _ngcontent-paq-c45="" aria-hidden="true" class="glyphicon glyphicon-th-list", 153333956493652669533881615647501471098, http://localhost:8080/petclinic/pettypes
153333956493652669533881615647501471098, 253864251856450073237218247775771848628 -> a [<span _ngcontent-paq-c45="" aria-hidden="true" class="glyphicon glyphicon-home", 233426145574943821352606517966566132163, http://localhost:8080/petclinic/welcome
49422149324400457114317816287120169614, None, 49422149324400457114317816287120169614, http://localhost:8080/petclinic/
49422149324400457114317816287120169614, 134248573451178545451285472653683643248 -> a ['Owners', <span _ngcontent-nij-c45="" class="caret", 203789904488100118908646339278060037750, http://localhost:8080/petclinic/
203789904488100118908646339278060037750, 171958535979600330575887644460661923444 -> a [<span _ngcontent-nij-c45="" aria-hidden="true" class="glyphicon glyphicon-plus", 196370683163298305697357578125185634226, http://localhost:8080/petclinic/owners/add
196370683163298305697357578125185634226, 83147084637492238367184290159258340651 -> input []{'_ngcontent-nij-c': '', 'type': 'text', 'id': 'firstName', 'minlength': '', 'required': '', 'name': 'firstName', 'class': 'form-controlng-untouchedng-pristineng-invalid', 'ng-reflect-name': 'firstName', 'ng-reflect-minlength': '', 'ng-reflect-required': ''}, 42595661109917306927546008761037122273, http://localhost:8080/petclinic/owners/add
42595661109917306927546008761037122273, 79448548284175958470750306329389440055 -> input []{'_ngcontent-nij-c': '', 'type': 'text', 'id': 'address', 'name': 'address', 'required': '', 'class': 'form-controlng-untouchedng-pristineng-invalid', 'ng-reflect-name': 'address', 'ng-reflect-required': ''}, 97641709701754382497270809839814818750, http://localhost:8080/petclinic/owners/add
97641709701754382497270809839814818750, 339291563300628239257003328086855498413 -> input []{'_ngcontent-nij-c': '', 'type': 'text', 'id': 'lastName', 'name': 'lastName', 'minlength': '', 'required': '', 'class': 'form-controlng-untouchedng-pristineng-invalid', 'ng-reflect-name': 'lastName', 'ng-reflect-minlength': '', 'ng-reflect-required': ''}, 320097660081831692489306255402957917385, http://localhost:8080/petclinic/owners/add
320097660081831692489306255402957917385, 208460138764100495846049999115771555755 -> input []{'_ngcontent-nij-c': '', 'type': 'text', 'id': 'firstName', 'minlength': '', 'required': '', 'name': 'firstName', 'class': 'form-controlng-dirtyng-validng-touched', 'ng-reflect-name': 'firstName', 'ng-reflect-minlength': '', 'ng-reflect-required': '', 'ng-reflect-model': 'Firm end the should. Staff pus'}, 263186896628663845089412103999019015701, http://localhost:8080/petclinic/owners/add
263186896628663845089412103999019015701, 208155657331270322549624890753006784327 -> button ['Add Owner']{'_ngcontent-nij-c': '', 'type': 'submit', 'class': 'btnbtn-default', 'disabled': ''}, 263186896628663845089412103999019015701, http://localhost:8080/petclinic/owners/add
263186896628663845089412103999019015701, 19067691616743554869087130169408115914 -> button ['Back']{'_ngcontent-nij-c': '', 'type': 'button', 'class': 'btnbtn-default'}, 55803487681877135086088690340086250920, http://localhost:8080/petclinic/owners/add
49422149324400457114317816287120169614, None, 49422149324400457114317816287120169614, http://localhost:8080/petclinic/
49422149324400457114317816287120169614, 307854623329732867675265296857435409991 -> a [<span _ngcontent-guy-c45="" aria-hidden="true" class="glyphicon glyphicon-th-list", 29471666746861938259470438044637749945, http://localhost:8080/petclinic/specialties
29471666746861938259470438044637749945, 61375123809644715847202528251000208178 -> a ['Owners', <span _ngcontent-guy-c45="" class="caret", 121775422253869778828073676739125319234, http://localhost:8080/petclinic/specialties
121775422253869778828073676739125319234, 250478839013042793046240417971721519263 -> button ['Edit']{'_ngcontent-guy-c': '', 'class': 'btnbtn-default'}, 83846097102934712265922040739446818067, http://localhost:8080/petclinic/specialties
83846097102934712265922040739446818067, 61375123809644715847202528251000208178 -> a ['Owners', <span _ngcontent-guy-c45="" class="caret", 14832398116759649448984936142516493188, http://localhost:8080/petclinic/specialties/1/edit
14832398116759649448984936142516493188, 306220685988239397419363360067638121177 -> a [<span _ngcontent-guy-c45="" aria-hidden="true" class="glyphicon glyphicon-search", 134467512933047695112209168027061027792, http://localhost:8080/petclinic/owners
134467512933047695112209168027061027792, 168630072529469908775258636818571428121 -> button ['Find Owner']{'_ngcontent-guy-c': '', 'type': 'submit', 'class': 'btnbtn-default'}, 134467512933047695112209168027061027792, http://localhost:8080/petclinic/owners
134467512933047695112209168027061027792, 168630072529469908775258636818571428121 -> button ['Find Owner']{'_ngcontent-guy-c': '', 'type': 'submit', 'class': 'btnbtn-default'}, 134467512933047695112209168027061027792, http://localhost:8080/petclinic/owners
134467512933047695112209168027061027792, 168630072529469908775258636818571428121 -> button ['Find Owner']{'_ngcontent-guy-c': '', 'type': 'submit', 'class': 'btnbtn-default'}, 134467512933047695112209168027061027792, http://localhost:8080/petclinic/owners
49422149324400457114317816287120169614, None, 49422149324400457114317816287120169614, http://localhost:8080/petclinic/
49422149324400457114317816287120169614, 228694875854150972463166479820537849188 -> a ['Owners', <span _ngcontent-ukx-c45="" class="caret", 203789904488100118908646339278060037750, http://localhost:8080/petclinic/
49422149324400457114317816287120169614, None, 49422149324400457114317816287120169614, http://localhost:8080/petclinic/
49422149324400457114317816287120169614, 165800995377714955113459242432987167964 -> a ['Veterinarians', <span _ngcontent-pwr-c45="" class="caret", 74849793808848032408097070206027864246, http://localhost:8080/petclinic/
74849793808848032408097070206027864246, 159589171785011108826117680154812439375 -> a [<span _ngcontent-pwr-c45="" aria-hidden="true" class="glyphicon glyphicon-search", 120962431678690102558501945372758632054, http://localhost:8080/petclinic/vets
120962431678690102558501945372758632054, 165800995377714955113459242432987167964 -> a ['Veterinarians', <span _ngcontent-pwr-c45="" class="caret", 29496476262306014774333830709524570719, http://localhost:8080/petclinic/vets
29496476262306014774333830709524570719, 9899088650670897610485105816396642072 -> a ['Owners', <span _ngcontent-pwr-c45="" class="caret", 239902375458026072351934835680748513665, http://localhost:8080/petclinic/vets
239902375458026072351934835680748513665, 283362915209140396210431751990432682442 -> button ['Edit Vet']{'_ngcontent-pwr-c': '', 'class': 'btnbtn-default'}, 84739804230259299753471816459411055182, http://localhost:8080/petclinic/vets
84739804230259299753471816459411055182, 128952721889806250346228284887374529538 -> input []{'_ngcontent-pwr-c': '', 'type': 'text', 'id': 'firstName', 'name': 'firstName', 'formcontrolname': 'firstName', 'class': 'form-controlng-untouchedng-pristineng-valid', 'ng-reflect-name': 'firstName'}, 109554872581155419105599966759588575949, http://localhost:8080/petclinic/vets
109554872581155419105599966759588575949, 183336827415082888097857917224931632909 -> a [<span _ngcontent-pwr-c45="" aria-hidden="true" class="glyphicon glyphicon-th-list", 235626673113544182684137328626078145429, http://localhost:8080/petclinic/pettypes
235626673113544182684137328626078145429, 165800995377714955113459242432987167964 -> a ['Veterinarians', <span _ngcontent-pwr-c45="" class="caret", 228625298217382726793671639565895541384, http://localhost:8080/petclinic/pettypes
49422149324400457114317816287120169614, None, 49422149324400457114317816287120169614, http://localhost:8080/petclinic/
49422149324400457114317816287120169614, 120668883788580729070802553119998168991 -> a [<span _ngcontent-tsa-c45="" aria-hidden="true" class="glyphicon glyphicon-home", 233426145574943821352606517966566132163, http://localhost:8080/petclinic/welcome
233426145574943821352606517966566132163, 253985761899145208296690952768232477856 -> a [<span _ngcontent-tsa-c45="" aria-hidden="true" class="glyphicon glyphicon-th-list", 29471666746861938259470438044637749945, http://localhost:8080/petclinic/specialties
29471666746861938259470438044637749945, 231470760520272801371440956267287743823 -> button [' Add ']{'_ngcontent-tsa-c': '', 'class': 'btnbtn-default'}, 35742322003424371479105068301184530812, http://localhost:8080/petclinic/specialties
35742322003424371479105068301184530812, 288890383045336736937728358686188256627 -> a ['Owners', <span _ngcontent-tsa-c45="" class="caret", 109980020311786738734616164022287802247, http://localhost:8080/petclinic/specialties
109980020311786738734616164022287802247, 328078240824025699054098820067686893249 -> a [<span _ngcontent-tsa-c45="" aria-hidden="true" class="glyphicon glyphicon-th-list", 35742322003424371479105068301184530812, http://localhost:8080/petclinic/specialties
35742322003424371479105068301184530812, 10244163204511351034844812346256816521 -> a [<span _ngcontent-tsa-c45="" aria-hidden="true" class="glyphicon glyphicon-th-list", 153333956493652669533881615647501471098, http://localhost:8080/petclinic/pettypes
153333956493652669533881615647501471098, 254108270907760095776123729627106236450 -> a [<span _ngcontent-tsa-c45="" aria-hidden="true" class="glyphicon glyphicon-th-list", 153333956493652669533881615647501471098, http://localhost:8080/petclinic/pettypes
153333956493652669533881615647501471098, 288890383045336736937728358686188256627 -> a ['Owners', <span _ngcontent-tsa-c45="" class="caret", 232895167544026844387607208890240701401, http://localhost:8080/petclinic/pettypes
49422149324400457114317816287120169614, None, 49422149324400457114317816287120169614, http://localhost:8080/petclinic/
49422149324400457114317816287120169614, 312607946638077406631317657262143425340 -> a ['Owners', <span _ngcontent-cvj-c45="" class="caret", 203789904488100118908646339278060037750, http://localhost:8080/petclinic/
203789904488100118908646339278060037750, 264178499414073599022089977596166140256 -> a [<span _ngcontent-cvj-c45="" aria-hidden="true" class="glyphicon glyphicon-home", 233426145574943821352606517966566132163, http://localhost:8080/petclinic/welcome
233426145574943821352606517966566132163, 312607946638077406631317657262143425340 -> a ['Owners', <span _ngcontent-cvj-c45="" class="caret", 227835630353743896636286229706560382285, http://localhost:8080/petclinic/welcome
49422149324400457114317816287120169614, None, 49422149324400457114317816287120169614, http://localhost:8080/petclinic/
49422149324400457114317816287120169614, 306347746329980706053455845157421319873 -> a [<span _ngcontent-ymb-c45="" aria-hidden="true" class="glyphicon glyphicon-th-list", 153333956493652669533881615647501471098, http://localhost:8080/petclinic/pettypes
153333956493652669533881615647501471098, 51394044881709855748307426821697502082 -> a ['Owners', <span _ngcontent-ymb-c45="" class="caret", 232895167544026844387607208890240701401, http://localhost:8080/petclinic/pettypes
232895167544026844387607208890240701401, 130092249873537108665887543325948608406 -> a [<span _ngcontent-ymb-c45="" aria-hidden="true" class="glyphicon glyphicon-th-list", 153333956493652669533881615647501471098, http://localhost:8080/petclinic/pettypes
49422149324400457114317816287120169614, None, 49422149324400457114317816287120169614, http://localhost:8080/petclinic/
49422149324400457114317816287120169614, 300044541019618985350756291153237364635 -> a [<span _ngcontent-cge-c45="" aria-hidden="true" class="glyphicon glyphicon-th-list", 29471666746861938259470438044637749945, http://localhost:8080/petclinic/specialties
29471666746861938259470438044637749945, 280527585071530599335270965111512127179 -> input []{'_ngcontent-cge-c': '', 'type': 'text', 'name': 'spec_name', 'class': 'form-controlng-untouchedng-pristineng-valid', 'ng-reflect-name': 'spec_name', 'id': '', 'readonly': '', 'ng-reflect-model': 'radiology'}, 29471666746861938259470438044637749945, http://localhost:8080/petclinic/specialties
29471666746861938259470438044637749945, 52662716695907131923289406580034142161 -> input []{'_ngcontent-cge-c': '', 'type': 'text', 'name': 'spec_name', 'class': 'form-controlng-untouchedng-pristineng-valid', 'ng-reflect-name': 'spec_name', 'id': '', 'readonly': '', 'ng-reflect-model': 'surgery'}, 94941635346974456374419029355830348405, http://localhost:8080/petclinic/specialties
94941635346974456374419029355830348405, 192815302532825380184468066392141637675 -> a [<span _ngcontent-cge-c45="" aria-hidden="true" class="glyphicon glyphicon-th-list", 153333956493652669533881615647501471098, http://localhost:8080/petclinic/pettypes
49422149324400457114317816287120169614, None, 49422149324400457114317816287120169614, http://localhost:8080/petclinic/
49422149324400457114317816287120169614, 150447512965817890255781541282757846556 -> a [<span _ngcontent-kac-c45="" aria-hidden="true" class="glyphicon glyphicon-th-list", 153333956493652669533881615647501471098, http://localhost:8080/petclinic/pettypes
153333956493652669533881615647501471098, 126312227096463972205856719177784673395 -> a [<span _ngcontent-kac-c45="" aria-hidden="true" class="glyphicon glyphicon-th-list", 153333956493652669533881615647501471098, http://localhost:8080/petclinic/pettypes
153333956493652669533881615647501471098, 236437601997113062421074922033907227252 -> button [' Add ']{'_ngcontent-kac-c': '', 'class': 'btnbtn-default'}, 43727470335739397048269962189983175243, http://localhost:8080/petclinic/pettypes
49422149324400457114317816287120169614, None, 49422149324400457114317816287120169614, http://localhost:8080/petclinic/
49422149324400457114317816287120169614, 197013163482099826195691853349828809916 -> a [<span _ngcontent-bmk-c45="" aria-hidden="true" class="glyphicon glyphicon-home", 233426145574943821352606517966566132163, http://localhost:8080/petclinic/welcome
49422149324400457114317816287120169614, None, 49422149324400457114317816287120169614, http://localhost:8080/petclinic/
49422149324400457114317816287120169614, 271766864656571020413946511480819337509 -> a ['Veterinarians', <span _ngcontent-byl-c45="" class="caret", 74849793808848032408097070206027864246, http://localhost:8080/petclinic/
74849793808848032408097070206027864246, 106155670970768082399157899007913735661 -> a [<span _ngcontent-byl-c45="" aria-hidden="true" class="glyphicon glyphicon-home", 233426145574943821352606517966566132163, http://localhost:8080/petclinic/welcome
233426145574943821352606517966566132163, 106155670970768082399157899007913735661 -> a [<span _ngcontent-byl-c45="" aria-hidden="true" class="glyphicon glyphicon-home", 233426145574943821352606517966566132163, http://localhost:8080/petclinic/welcome
233426145574943821352606517966566132163, 187615083573852065588066259172625782347 -> a ['Owners', <span _ngcontent-byl-c45="" class="caret", 227835630353743896636286229706560382285, http://localhost:8080/petclinic/welcome
227835630353743896636286229706560382285, 289053167270987291057750576460528786964 -> a [<span _ngcontent-byl-c45="" aria-hidden="true" class="glyphicon glyphicon-plus", 196370683163298305697357578125185634226, http://localhost:8080/petclinic/owners/add
196370683163298305697357578125185634226, 187615083573852065588066259172625782347 -> a ['Owners', <span _ngcontent-byl-c45="" class="caret", 210502412496234989354724689474033558987, http://localhost:8080/petclinic/owners/add
210502412496234989354724689474033558987, 271766864656571020413946511480819337509 -> a ['Veterinarians', <span _ngcontent-byl-c45="" class="caret", 162875778883773380060513282904736038433, http://localhost:8080/petclinic/owners/add
162875778883773380060513282904736038433, 59309366954611733990123155519828102014 -> button ['Back']{'_ngcontent-byl-c': '', 'type': 'button', 'class': 'btnbtn-default'}, 55803487681877135086088690340086250920, http://localhost:8080/petclinic/owners/add
49422149324400457114317816287120169614, None, 49422149324400457114317816287120169614, http://localhost:8080/petclinic/
49422149324400457114317816287120169614, 222866711990790438834785042199010246493 -> a [<span _ngcontent-mig-c45="" aria-hidden="true" class="glyphicon glyphicon-th-list", 288837384050435833154613713335591823145, http://localhost:8080/petclinic/specialties
288837384050435833154613713335591823145, 61066236627062511522569954148815436010 -> a ['Owners', <span _ngcontent-mig-c45="" class="caret", 121775422253869778828073676739125319234, http://localhost:8080/petclinic/specialties
49422149324400457114317816287120169614, None, 49422149324400457114317816287120169614, http://localhost:8080/petclinic/
49422149324400457114317816287120169614, 129163243395392886813883803294049829059 -> a [<span _ngcontent-kyt-c45="" aria-hidden="true" class="glyphicon glyphicon-th-list", 29471666746861938259470438044637749945, http://localhost:8080/petclinic/specialties
29471666746861938259470438044637749945, 33865030726509682530416838609833047792 -> a ['Veterinarians', <span _ngcontent-kyt-c45="" class="caret", 240041143287631293208770002027053747546, http://localhost:8080/petclinic/specialties
240041143287631293208770002027053747546, 34690437510300207942947966623457069402 -> input []{'_ngcontent-kyt-c': '', 'type': 'text', 'name': 'spec_name', 'class': 'form-controlng-untouchedng-pristineng-valid', 'ng-reflect-name': 'spec_name', 'id': '', 'readonly': '', 'ng-reflect-model': 'dentistry'}, 240041143287631293208770002027053747546, http://localhost:8080/petclinic/specialties
240041143287631293208770002027053747546, 294180173442470121476887429077477362267 -> button ['Delete']{'_ngcontent-kyt-c': '', 'class': 'btnbtn-default'}, 177277122829485994139659753230404594163, http://localhost:8080/petclinic/specialties
177277122829485994139659753230404594163, 3011864590396431443125139354085164800 -> a ['Owners', <span _ngcontent-kyt-c45="" class="caret", 97267961608242490012307262759702864940, http://localhost:8080/petclinic/specialties
49422149324400457114317816287120169614, None, 49422149324400457114317816287120169614, http://localhost:8080/petclinic/
49422149324400457114317816287120169614, 243934028679783611731083384130241214038 -> a ['Veterinarians', <span _ngcontent-kuu-c45="" class="caret", 74849793808848032408097070206027864246, http://localhost:8080/petclinic/
74849793808848032408097070206027864246, 277707495356594211999141187397509543339 -> a [<span _ngcontent-kuu-c45="" aria-hidden="true" class="glyphicon glyphicon-home", 233426145574943821352606517966566132163, http://localhost:8080/petclinic/welcome
233426145574943821352606517966566132163, 243934028679783611731083384130241214038 -> a ['Veterinarians', <span _ngcontent-kuu-c45="" class="caret", 192306625620991217132025247140004257967, http://localhost:8080/petclinic/welcome
192306625620991217132025247140004257967, 69688104064029548265595095169064669220 -> a [<span _ngcontent-kuu-c45="" aria-hidden="true" class="glyphicon glyphicon-th-list", 29471666746861938259470438044637749945, http://localhost:8080/petclinic/specialties
29471666746861938259470438044637749945, 241565969177305757953803138272738702102 -> input []{'_ngcontent-kuu-c': '', 'type': 'text', 'name': 'spec_name', 'class': 'form-controlng-untouchedng-pristineng-valid', 'ng-reflect-name': 'spec_name', 'id': '', 'readonly': '', 'ng-reflect-model': 'dentistry'}, 29471666746861938259470438044637749945, http://localhost:8080/petclinic/specialties
29471666746861938259470438044637749945, 7719429919066263206561254699411231463 -> a ['Owners', <span _ngcontent-kuu-c45="" class="caret", 97267961608242490012307262759702864940, http://localhost:8080/petclinic/specialties
97267961608242490012307262759702864940, 5520868687509164041482950383221585527 -> button ['Delete']{'_ngcontent-kuu-c': '', 'class': 'btnbtn-default'}, 177277122829485994139659753230404594163, http://localhost:8080/petclinic/specialties
49422149324400457114317816287120169614, None, 49422149324400457114317816287120169614, http://localhost:8080/petclinic/
49422149324400457114317816287120169614, 196498935960034478829367173579732808515 -> a ['Veterinarians', <span _ngcontent-nua-c45="" class="caret", 74849793808848032408097070206027864246, http://localhost:8080/petclinic/
74849793808848032408097070206027864246, 41255663965260084161777940322574572364 -> a [<span _ngcontent-nua-c45="" aria-hidden="true" class="glyphicon glyphicon-plus", 226400275808166741890881194165636805276, http://localhost:8080/petclinic/vets/add
49422149324400457114317816287120169614, None, 49422149324400457114317816287120169614, http://localhost:8080/petclinic/
49422149324400457114317816287120169614, 67130632457643904656889977779271750125 -> a [<span _ngcontent-umy-c45="" aria-hidden="true" class="glyphicon glyphicon-th-list", 29471666746861938259470438044637749945, http://localhost:8080/petclinic/specialties
29471666746861938259470438044637749945, 264923630834610558769356739270901298417 -> button [' Add ']{'_ngcontent-umy-c': '', 'class': 'btnbtn-default'}, 35742322003424371479105068301184530812, http://localhost:8080/petclinic/specialties
35742322003424371479105068301184530812, 266388514311374253023421393083597805866 -> button ['Edit']{'_ngcontent-umy-c': '', 'class': 'btnbtn-default'}, 179951588632974048607534371015005384743, http://localhost:8080/petclinic/specialties
49422149324400457114317816287120169614, None, 49422149324400457114317816287120169614, http://localhost:8080/petclinic/
49422149324400457114317816287120169614, 20756248812262749459560221161497644125 -> a [<span _ngcontent-nlt-c45="" aria-hidden="true" class="glyphicon glyphicon-th-list", 29471666746861938259470438044637749945, http://localhost:8080/petclinic/specialties
29471666746861938259470438044637749945, 179748100803589265894541096510364036644 -> button ['Edit']{'_ngcontent-nlt-c': '', 'class': 'btnbtn-default'}, 83846097102934712265922040739446818067, http://localhost:8080/petclinic/specialties
83846097102934712265922040739446818067, 140636715456232991955535406543915357143 -> a [<span _ngcontent-nlt-c45="" aria-hidden="true" class="glyphicon glyphicon-th-list", 153333956493652669533881615647501471098, http://localhost:8080/petclinic/pettypes
153333956493652669533881615647501471098, 314172671328319092901786539261473341018 -> a [<span _ngcontent-nlt-c45="" aria-hidden="true" class="glyphicon glyphicon-th-list", 153333956493652669533881615647501471098, http://localhost:8080/petclinic/pettypes
153333956493652669533881615647501471098, 90507191583168083461332265888022338468 -> button ['Home']{'_ngcontent-nlt-c': '', 'class': 'btnbtn-default'}, 233426145574943821352606517966566132163, http://localhost:8080/petclinic/welcome
233426145574943821352606517966566132163, 254857197540576563579119227848672664119 -> a [<span _ngcontent-nlt-c45="" aria-hidden="true" class="glyphicon glyphicon-home", 233426145574943821352606517966566132163, http://localhost:8080/petclinic/welcome
233426145574943821352606517966566132163, 254857197540576563579119227848672664119 -> a [<span _ngcontent-nlt-c45="" aria-hidden="true" class="glyphicon glyphicon-home", 233426145574943821352606517966566132163, http://localhost:8080/petclinic/welcome
233426145574943821352606517966566132163, 320823593123483444520573244793113401107 -> a ['Owners', <span _ngcontent-nlt-c45="" class="caret", 227835630353743896636286229706560382285, http://localhost:8080/petclinic/welcome
49422149324400457114317816287120169614, None, 49422149324400457114317816287120169614, http://localhost:8080/petclinic/
49422149324400457114317816287120169614, 188000481208366301147045776281047088325 -> a [<span _ngcontent-amn-c45="" aria-hidden="true" class="glyphicon glyphicon-home", 233426145574943821352606517966566132163, http://localhost:8080/petclinic/welcome
233426145574943821352606517966566132163, 238401288630202454425368426485569610166 -> a ['Veterinarians', <span _ngcontent-amn-c45="" class="caret", 192306625620991217132025247140004257967, http://localhost:8080/petclinic/welcome
192306625620991217132025247140004257967, 298468792179691266278403281543966001074 -> a [<span _ngcontent-amn-c45="" aria-hidden="true" class="glyphicon glyphicon-th-list", 153333956493652669533881615647501471098, http://localhost:8080/petclinic/pettypes
153333956493652669533881615647501471098, 170048245739261431123924734054114558150 -> button [' Add ']{'_ngcontent-amn-c': '', 'class': 'btnbtn-default'}, 43727470335739397048269962189983175243, http://localhost:8080/petclinic/pettypes
49422149324400457114317816287120169614, None, 49422149324400457114317816287120169614, http://localhost:8080/petclinic/
49422149324400457114317816287120169614, 228310768487779018158620152799072111723 -> a ['Veterinarians', <span _ngcontent-waa-c45="" class="caret", 74849793808848032408097070206027864246, http://localhost:8080/petclinic/
74849793808848032408097070206027864246, 178610753831203017659153521794791971040 -> a [<span _ngcontent-waa-c45="" aria-hidden="true" class="glyphicon glyphicon-plus", 115288381809929502129253901106172596651, http://localhost:8080/petclinic/vets/add
115288381809929502129253901106172596651, 264101364619555721242085314748797344520 -> button ['< Back']{'_ngcontent-waa-c': '', 'type': 'button', 'class': 'btnbtn-default'}, 226400275808166741890881194165636805276, http://localhost:8080/petclinic/vets/add
226400275808166741890881194165636805276, 301706714819341710167473240530465229797 -> option [' dentistry ']{'_ngcontent-waa-c': '', 'value': ': Object', 'ng-reflect-ng-value': '[object Object]'}, 226400275808166741890881194165636805276, http://localhost:8080/petclinic/vets/add
226400275808166741890881194165636805276, 204448859422378311793151379405440955579 -> option [' radiology ']{'_ngcontent-waa-c': '', 'value': ': Object', 'ng-reflect-ng-value': '[object Object]'}, 226400275808166741890881194165636805276, http://localhost:8080/petclinic/vets/add
226400275808166741890881194165636805276, 301706714819341710167473240530465229797 -> option [' dentistry ']{'_ngcontent-waa-c': '', 'value': ': Object', 'ng-reflect-ng-value': '[object Object]'}, 226400275808166741890881194165636805276, http://localhost:8080/petclinic/vets/add
226400275808166741890881194165636805276, 154887805170518986047859973401139568533 -> input []{'_ngcontent-waa-c': '', 'type': 'text', 'id': 'firstName', 'minlength': '', 'required': '', 'name': 'firstName', 'class': 'form-controlng-untouchedng-pristineng-invalid', 'ng-reflect-name': 'firstName', 'ng-reflect-minlength': '', 'ng-reflect-required': ''}, 4638343741758099894949118773521833735, http://localhost:8080/petclinic/vets/add
4638343741758099894949118773521833735, 158192643057446967951024858907837356923 -> a [<span _ngcontent-waa-c45="" aria-hidden="true" class="glyphicon glyphicon-home", 233426145574943821352606517966566132163, http://localhost:8080/petclinic/welcome
49422149324400457114317816287120169614, None, 49422149324400457114317816287120169614, http://localhost:8080/petclinic/
49422149324400457114317816287120169614, 221387607811260792670546379830002705161 -> a [<span _ngcontent-hpv-c45="" aria-hidden="true" class="glyphicon glyphicon-th-list", 29471666746861938259470438044637749945, http://localhost:8080/petclinic/specialties
29471666746861938259470438044637749945, 47253588848051768529057674543283912005 -> button ['Edit']{'_ngcontent-hpv-c': '', 'class': 'btnbtn-default'}, 83846097102934712265922040739446818067, http://localhost:8080/petclinic/specialties
83846097102934712265922040739446818067, 21126657732017178541838530048943197832 -> button ['Cancel']{'_ngcontent-hpv-c': '', 'class': 'btnbtn-default'}, 29471666746861938259470438044637749945, http://localhost:8080/petclinic/specialties
29471666746861938259470438044637749945, 47253588848051768529057674543283912005 -> button ['Edit']{'_ngcontent-hpv-c': '', 'class': 'btnbtn-default'}, 83846097102934712265922040739446818067, http://localhost:8080/petclinic/specialties
83846097102934712265922040739446818067, 214758330550219355980073738823646183242 -> a ['Veterinarians', <span _ngcontent-hpv-c45="" class="caret", 18207740592369462924299433051083404702, http://localhost:8080/petclinic/specialties/1/edit
18207740592369462924299433051083404702, 217578648171890878336713374694616452664 -> a [<span _ngcontent-hpv-c45="" aria-hidden="true" class="glyphicon glyphicon-plus", 226400275808166741890881194165636805276, http://localhost:8080/petclinic/vets/add
226400275808166741890881194165636805276, 56074477085565772527759739785467360564 -> option [' radiology ']{'_ngcontent-hpv-c': '', 'value': ': Object', 'ng-reflect-ng-value': '[object Object]'}, 226400275808166741890881194165636805276, http://localhost:8080/petclinic/vets/add
226400275808166741890881194165636805276, 125477809482574229521921035531131482299 -> a [<span _ngcontent-hpv-c45="" aria-hidden="true" class="glyphicon glyphicon-th-list", 153333956493652669533881615647501471098, http://localhost:8080/petclinic/pettypes
49422149324400457114317816287120169614, None, 49422149324400457114317816287120169614, http://localhost:8080/petclinic/
49422149324400457114317816287120169614, 195080166355908015473250314231692934067 -> a [<span _ngcontent-ber-c45="" aria-hidden="true" class="glyphicon glyphicon-th-list", 153333956493652669533881615647501471098, http://localhost:8080/petclinic/pettypes
153333956493652669533881615647501471098, 250508676063877297105766232538705594408 -> a [<span _ngcontent-ber-c45="" aria-hidden="true" class="glyphicon glyphicon-home", 233426145574943821352606517966566132163, http://localhost:8080/petclinic/welcome
233426145574943821352606517966566132163, 318967358093759738842005477660782107679 -> a ['Owners', <span _ngcontent-ber-c45="" class="caret", 227835630353743896636286229706560382285, http://localhost:8080/petclinic/welcome
49422149324400457114317816287120169614, None, 49422149324400457114317816287120169614, http://localhost:8080/petclinic/
49422149324400457114317816287120169614, 59584628384981033382931490163165786834 -> a [<span _ngcontent-ged-c45="" aria-hidden="true" class="glyphicon glyphicon-th-list", 29471666746861938259470438044637749945, http://localhost:8080/petclinic/specialties
29471666746861938259470438044637749945, 52724921392919664673470724124849905678 -> a ['Owners', <span _ngcontent-ged-c45="" class="caret", 121775422253869778828073676739125319234, http://localhost:8080/petclinic/specialties
121775422253869778828073676739125319234, 216073271393273709242114142247044761370 -> a [<span _ngcontent-ged-c45="" aria-hidden="true" class="glyphicon glyphicon-home", 233426145574943821352606517966566132163, http://localhost:8080/petclinic/welcome
233426145574943821352606517966566132163, 35646559076818739658988119403479911240 -> a [<span _ngcontent-ged-c45="" aria-hidden="true" class="glyphicon glyphicon-th-list", 153333956493652669533881615647501471098, http://localhost:8080/petclinic/pettypes
153333956493652669533881615647501471098, 225222229790015926453606057452928687013 -> a [<span _ngcontent-ged-c45="" aria-hidden="true" class="glyphicon glyphicon-th-list", 153333956493652669533881615647501471098, http://localhost:8080/petclinic/pettypes
153333956493652669533881615647501471098, 182992990380425915681978195829577704293 -> button ['Home']{'_ngcontent-ged-c': '', 'class': 'btnbtn-default'}, 197610529375671059583783508832852996774, http://localhost:8080/petclinic/pettypes
49422149324400457114317816287120169614, None, 49422149324400457114317816287120169614, http://localhost:8080/petclinic/
49422149324400457114317816287120169614, 211107300039503863015194011803553113882 -> a [<span _ngcontent-nng-c45="" aria-hidden="true" class="glyphicon glyphicon-th-list", 153333956493652669533881615647501471098, http://localhost:8080/petclinic/pettypes
49422149324400457114317816287120169614, None, 49422149324400457114317816287120169614, http://localhost:8080/petclinic/
49422149324400457114317816287120169614, None, 49422149324400457114317816287120169614, http://localhost:8080/petclinic/
49422149324400457114317816287120169614, 293152801090743413584084647911784208116 -> a ['Veterinarians', <span _ngcontent-jkp-c45="" class="caret", 74849793808848032408097070206027864246, http://localhost:8080/petclinic/
74849793808848032408097070206027864246, 294577980249266721286493243228643354370 -> a [<span _ngcontent-jkp-c45="" aria-hidden="true" class="glyphicon glyphicon-th-list", 153333956493652669533881615647501471098, http://localhost:8080/petclinic/pettypes
153333956493652669533881615647501471098, 151814360017829415213563648798291931153 -> button [' Add ']{'_ngcontent-jkp-c': '', 'class': 'btnbtn-default'}, 43727470335739397048269962189983175243, http://localhost:8080/petclinic/pettypes
43727470335739397048269962189983175243, 293152801090743413584084647911784208116 -> a ['Veterinarians', <span _ngcontent-jkp-c45="" class="caret", 104118969229782412408273142452192347110, http://localhost:8080/petclinic/pettypes
104118969229782412408273142452192347110, 181345897519493904350958337700749297574 -> input []{'_ngcontent-jkp-c': '', 'id': 'name', 'name': 'name', 'required': '', 'type': 'text', 'class': 'form-controlng-untouchedng-pristineng-invalid', 'ng-reflect-name': 'name', 'ng-reflect-required': ''}, 102494631895119051538924994256590279274, http://localhost:8080/petclinic/pettypes
102494631895119051538924994256590279274, 186033790985892940973286078586476164002 -> a ['Owners', <span _ngcontent-jkp-c45="" class="caret", 213524376147693131896922467664068272259, http://localhost:8080/petclinic/pettypes
213524376147693131896922467664068272259, 337978506135040221673599514109299226863 -> input []{'_ngcontent-jkp-c': '', 'type': 'text', 'name': 'pettype_name', 'class': 'form-controlng-untouchedng-pristineng-valid', 'ng-reflect-name': 'pettype_name', 'id': '', 'readonly': '', 'ng-reflect-model': 'Suggest country then full.'}, 213524376147693131896922467664068272259, http://localhost:8080/petclinic/pettypes
213524376147693131896922467664068272259, 48394418010767361847175347184376290308 -> a [<span _ngcontent-jkp-c45="" aria-hidden="true" class="glyphicon glyphicon-search", 134467512933047695112209168027061027792, http://localhost:8080/petclinic/owners
49422149324400457114317816287120169614, None, 49422149324400457114317816287120169614, http://localhost:8080/petclinic/
49422149324400457114317816287120169614, 278869053220936682521088536300151724073 -> a [<span _ngcontent-eap-c45="" aria-hidden="true" class="glyphicon glyphicon-th-list", 288837384050435833154613713335591823145, http://localhost:8080/petclinic/specialties
288837384050435833154613713335591823145, 7614262384888123040533839060678641111 -> a [<span _ngcontent-eap-c45="" aria-hidden="true" class="glyphicon glyphicon-th-list", 29471666746861938259470438044637749945, http://localhost:8080/petclinic/specialties
29471666746861938259470438044637749945, 216463900218280829845267555195829607825 -> button ['Delete']{'_ngcontent-eap-c': '', 'class': 'btnbtn-default'}, 29471666746861938259470438044637749945, http://localhost:8080/petclinic/specialties
29471666746861938259470438044637749945, 7614262384888123040533839060678641111 -> a [<span _ngcontent-eap-c45="" aria-hidden="true" class="glyphicon glyphicon-th-list", 29471666746861938259470438044637749945, http://localhost:8080/petclinic/specialties
29471666746861938259470438044637749945, 244004781712376027660775173149091194338 -> button ['Edit']{'_ngcontent-eap-c': '', 'class': 'btnbtn-default'}, 83846097102934712265922040739446818067, http://localhost:8080/petclinic/specialties
83846097102934712265922040739446818067, 133915143557374568365740842897804299262 -> input []{'_ngcontent-eap-c': '', 'id': 'name', 'name': 'name', 'type': 'text', 'required': '', 'class': 'form-controlng-untouchedng-pristineng-valid', 'ng-reflect-name': 'name', 'ng-reflect-required': '', 'ng-reflect-model': 'radiology'}, 228281284457712539580865340326087362883, http://localhost:8080/petclinic/specialties
228281284457712539580865340326087362883, 283787399632634304240095473469214971088 -> button [' Add ']{'_ngcontent-eap-c': '', 'class': 'btnbtn-default'}, 309805699178140929269201179130511337099, http://localhost:8080/petclinic/specialties
309805699178140929269201179130511337099, 90552742215844194353448817139998922996 -> a ['Veterinarians', <span _ngcontent-eap-c45="" class="caret", 255849269329125964063306293041346326218, http://localhost:8080/petclinic/specialties
49422149324400457114317816287120169614, None, 49422149324400457114317816287120169614, http://localhost:8080/petclinic/
49422149324400457114317816287120169614, 87347360920448272850944769532286273854 -> a ['Veterinarians', <span _ngcontent-bne-c45="" class="caret", 74849793808848032408097070206027864246, http://localhost:8080/petclinic/
74849793808848032408097070206027864246, 279374375543553186293649425813288589715 -> a [<span _ngcontent-bne-c45="" aria-hidden="true" class="glyphicon glyphicon-search", 120962431678690102558501945372758632054, http://localhost:8080/petclinic/vets
49422149324400457114317816287120169614, None, 49422149324400457114317816287120169614, http://localhost:8080/petclinic/
49422149324400457114317816287120169614, 48327724803209750215937128299035501598 -> a ['Owners', <span _ngcontent-xdh-c45="" class="caret", 203789904488100118908646339278060037750, http://localhost:8080/petclinic/
49422149324400457114317816287120169614, None, 49422149324400457114317816287120169614, http://localhost:8080/petclinic/
49422149324400457114317816287120169614, 268942647354827124695709048962205421669 -> a [<span _ngcontent-dal-c45="" aria-hidden="true" class="glyphicon glyphicon-th-list", 58809355581414425722762377029065710030, http://localhost:8080/petclinic/pettypes
58809355581414425722762377029065710030, 280631577351241354415219181341852322431 -> a ['Veterinarians', <span _ngcontent-dal-c45="" class="caret", 38551570833434481035142427233063547051, http://localhost:8080/petclinic/pettypes
38551570833434481035142427233063547051, 187583478598877554029997908760456393168 -> a [<span _ngcontent-dal-c45="" aria-hidden="true" class="glyphicon glyphicon-home", 233426145574943821352606517966566132163, http://localhost:8080/petclinic/welcome
233426145574943821352606517966566132163, 187583478598877554029997908760456393168 -> a [<span _ngcontent-dal-c45="" aria-hidden="true" class="glyphicon glyphicon-home", 233426145574943821352606517966566132163, http://localhost:8080/petclinic/welcome
233426145574943821352606517966566132163, 14770701568022872060239798300305943923 -> a ['Owners', <span _ngcontent-dal-c45="" class="caret", 227835630353743896636286229706560382285, http://localhost:8080/petclinic/welcome
227835630353743896636286229706560382285, 17915933537933337837859505308397011984 -> a [<span _ngcontent-dal-c45="" aria-hidden="true" class="glyphicon glyphicon-plus", 196370683163298305697357578125185634226, http://localhost:8080/petclinic/owners/add
196370683163298305697357578125185634226, 187583478598877554029997908760456393168 -> a [<span _ngcontent-dal-c45="" aria-hidden="true" class="glyphicon glyphicon-home", 233426145574943821352606517966566132163, http://localhost:8080/petclinic/welcome
233426145574943821352606517966566132163, 14770701568022872060239798300305943923 -> a ['Owners', <span _ngcontent-dal-c45="" class="caret", 227835630353743896636286229706560382285, http://localhost:8080/petclinic/welcome
49422149324400457114317816287120169614, None, 49422149324400457114317816287120169614, http://localhost:8080/petclinic/
49422149324400457114317816287120169614, 336585496264596286605599119076986491734 -> a [<span _ngcontent-rcv-c45="" aria-hidden="true" class="glyphicon glyphicon-th-list", 228281284457712539580865340326087362883, http://localhost:8080/petclinic/specialties
228281284457712539580865340326087362883, 194079328412981337572226500334060422506 -> a ['Veterinarians', <span _ngcontent-rcv-c45="" class="caret", 256349256313093607845013496547243069805, http://localhost:8080/petclinic/specialties
256349256313093607845013496547243069805, 59380707625142774760892331349698482500 -> button ['Home']{'_ngcontent-rcv-c': '', 'class': 'btnbtn-default'}, 90924957358455097642166425674986735534, http://localhost:8080/petclinic/specialties
49422149324400457114317816287120169614, None, 49422149324400457114317816287120169614, http://localhost:8080/petclinic/
49422149324400457114317816287120169614, 274128671455261812471172409410861791296 -> a [<span _ngcontent-xyq-c45="" aria-hidden="true" class="glyphicon glyphicon-th-list", 228281284457712539580865340326087362883, http://localhost:8080/petclinic/specialties
228281284457712539580865340326087362883, 94079625606012660168577599965960184529 -> button ['Delete']{'_ngcontent-xyq-c': '', 'class': 'btnbtn-default'}, 228281284457712539580865340326087362883, http://localhost:8080/petclinic/specialties
228281284457712539580865340326087362883, 318200569648158009769322298057304808984 -> button ['Home']{'_ngcontent-xyq-c': '', 'class': 'btnbtn-default'}, 90924957358455097642166425674986735534, http://localhost:8080/petclinic/specialties
90924957358455097642166425674986735534, 68032536602894209820314682173489198450 -> a [<span _ngcontent-xyq-c45="" aria-hidden="true" class="glyphicon glyphicon-th-list", 288837384050435833154613713335591823145, http://localhost:8080/petclinic/specialties
288837384050435833154613713335591823145, 215822856545181817681680425006641246712 -> a [<span _ngcontent-xyq-c45="" aria-hidden="true" class="glyphicon glyphicon-th-list", 228281284457712539580865340326087362883, http://localhost:8080/petclinic/specialties
228281284457712539580865340326087362883, 326034786970685820737119500785076696427 -> a ['Owners', <span _ngcontent-xyq-c45="" class="caret", 227520284490301733617216921305053812031, http://localhost:8080/petclinic/specialties
227520284490301733617216921305053812031, 317508207399554758868282420531315361256 -> a ['Veterinarians', <span _ngcontent-xyq-c45="" class="caret", 256349256313093607845013496547243069805, http://localhost:8080/petclinic/specialties
256349256313093607845013496547243069805, 48597274375549539117038114364104470460 -> input []{'_ngcontent-xyq-c': '', 'type': 'text', 'name': 'spec_name', 'class': 'form-controlng-untouchedng-pristineng-valid', 'ng-reflect-name': 'spec_name', 'id': '', 'readonly': '', 'ng-reflect-model': 'dentistry'}, 256349256313093607845013496547243069805, http://localhost:8080/petclinic/specialties
49422149324400457114317816287120169614, None, 49422149324400457114317816287120169614, http://localhost:8080/petclinic/
49422149324400457114317816287120169614, 297140778392951131985970801990819972676 -> a ['Owners', <span _ngcontent-mja-c45="" class="caret", 203789904488100118908646339278060037750, http://localhost:8080/petclinic/
203789904488100118908646339278060037750, 113613766644641166905117313084065747840 -> a [<span _ngcontent-mja-c45="" aria-hidden="true" class="glyphicon glyphicon-home", 233426145574943821352606517966566132163, http://localhost:8080/petclinic/welcome
233426145574943821352606517966566132163, 303633609662581718224587467533556813289 -> a [<span _ngcontent-mja-c45="" aria-hidden="true" class="glyphicon glyphicon-th-list", 58809355581414425722762377029065710030, http://localhost:8080/petclinic/pettypes
58809355581414425722762377029065710030, 206264704813825796084901025826472202700 -> a [<span _ngcontent-mja-c45="" aria-hidden="true" class="glyphicon glyphicon-th-list", 228281284457712539580865340326087362883, http://localhost:8080/petclinic/specialties
228281284457712539580865340326087362883, 113613766644641166905117313084065747840 -> a [<span _ngcontent-mja-c45="" aria-hidden="true" class="glyphicon glyphicon-home", 233426145574943821352606517966566132163, http://localhost:8080/petclinic/welcome
233426145574943821352606517966566132163, 90386272638441385339916899049327117661 -> a [<span _ngcontent-mja-c45="" aria-hidden="true" class="glyphicon glyphicon-th-list", 228281284457712539580865340326087362883, http://localhost:8080/petclinic/specialties
228281284457712539580865340326087362883, 74468759499041750261055170560701888085 -> button ['Delete']{'_ngcontent-mja-c': '', 'class': 'btnbtn-default'}, 228281284457712539580865340326087362883, http://localhost:8080/petclinic/specialties
228281284457712539580865340326087362883, 74468759499041750261055170560701888085 -> button ['Delete']{'_ngcontent-mja-c': '', 'class': 'btnbtn-default'}, 228281284457712539580865340326087362883, http://localhost:8080/petclinic/specialties
49422149324400457114317816287120169614, None, 49422149324400457114317816287120169614, http://localhost:8080/petclinic/
49422149324400457114317816287120169614, 95721036804673171440811769560167348183 -> a [<span _ngcontent-hlj-c45="" aria-hidden="true" class="glyphicon glyphicon-th-list", 228281284457712539580865340326087362883, http://localhost:8080/petclinic/specialties
228281284457712539580865340326087362883, 124703393440673767719639949633385418802 -> a ['Owners', <span _ngcontent-hlj-c45="" class="caret", 227520284490301733617216921305053812031, http://localhost:8080/petclinic/specialties
227520284490301733617216921305053812031, 134784846672657579122608680499294548012 -> button ['Home']{'_ngcontent-hlj-c': '', 'class': 'btnbtn-default'}, 90924957358455097642166425674986735534, http://localhost:8080/petclinic/specialties
90924957358455097642166425674986735534, 124703393440673767719639949633385418802 -> a ['Owners', <span _ngcontent-hlj-c45="" class="caret", 227835630353743896636286229706560382285, http://localhost:8080/petclinic/welcome
227835630353743896636286229706560382285, 76965883578754222861890351674889010389 -> a [<span _ngcontent-hlj-c45="" aria-hidden="true" class="glyphicon glyphicon-th-list", 153333956493652669533881615647501471098, http://localhost:8080/petclinic/pettypes
49422149324400457114317816287120169614, None, 49422149324400457114317816287120169614, http://localhost:8080/petclinic/
49422149324400457114317816287120169614, 283128298541758753262187711841636133229 -> a ['Owners', <span _ngcontent-lcw-c45="" class="caret", 203789904488100118908646339278060037750, http://localhost:8080/petclinic/
203789904488100118908646339278060037750, 38765713710503246500295974054910983547 -> a [<span _ngcontent-lcw-c45="" aria-hidden="true" class="glyphicon glyphicon-th-list", 58809355581414425722762377029065710030, http://localhost:8080/petclinic/pettypes
58809355581414425722762377029065710030, 312901162698467954931430324434944741865 -> button [' Add ']{'_ngcontent-lcw-c': '', 'class': 'btnbtn-default'}, 10927969609474725078722254197833849898, http://localhost:8080/petclinic/pettypes
10927969609474725078722254197833849898, 233362170561813658407017574167660622041 -> button ['Delete']{'_ngcontent-lcw-c': '', 'class': 'btnbtn-default'}, 10927969609474725078722254197833849898, http://localhost:8080/petclinic/pettypes
10927969609474725078722254197833849898, 272196601513405599594070564833802712184 -> button ['Save']{'_ngcontent-lcw-c': '', 'type': 'submit', 'class': 'btnbtn-default'}, 10927969609474725078722254197833849898, http://localhost:8080/petclinic/pettypes
10927969609474725078722254197833849898, 199775743268590145011329320760501686863 -> a [<span _ngcontent-lcw-c45="" aria-hidden="true" class="glyphicon glyphicon-home", 233426145574943821352606517966566132163, http://localhost:8080/petclinic/welcome
49422149324400457114317816287120169614, None, 49422149324400457114317816287120169614, http://localhost:8080/petclinic/
49422149324400457114317816287120169614, 149805417568702499074985013425800893514 -> a ['Owners', <span _ngcontent-fsx-c45="" class="caret", 203789904488100118908646339278060037750, http://localhost:8080/petclinic/
203789904488100118908646339278060037750, 312263129601495441768384708712267529915 -> a [<span _ngcontent-fsx-c45="" aria-hidden="true" class="glyphicon glyphicon-th-list", 288837384050435833154613713335591823145, http://localhost:8080/petclinic/specialties
288837384050435833154613713335591823145, 142178536929995066597011635759448856239 -> a [<span _ngcontent-fsx-c45="" aria-hidden="true" class="glyphicon glyphicon-th-list", 228281284457712539580865340326087362883, http://localhost:8080/petclinic/specialties
49422149324400457114317816287120169614, None, 49422149324400457114317816287120169614, http://localhost:8080/petclinic/
49422149324400457114317816287120169614, 137822954204644813596824275530744612222 -> a ['Veterinarians', <span _ngcontent-hkh-c45="" class="caret", 74849793808848032408097070206027864246, http://localhost:8080/petclinic/
74849793808848032408097070206027864246, 105418772047384587868216533650367190448 -> a ['Owners', <span _ngcontent-hkh-c45="" class="caret", 203789904488100118908646339278060037750, http://localhost:8080/petclinic/
203789904488100118908646339278060037750, 297813256583701534638997556722705044832 -> a [<span _ngcontent-hkh-c45="" aria-hidden="true" class="glyphicon glyphicon-search", 192707741666091566240352799848887721267, http://localhost:8080/petclinic/owners
49422149324400457114317816287120169614, None, 49422149324400457114317816287120169614, http://localhost:8080/petclinic/
49422149324400457114317816287120169614, 171273567481894313880815447462602894647 -> a ['Veterinarians', <span _ngcontent-nqq-c45="" class="caret", 74849793808848032408097070206027864246, http://localhost:8080/petclinic/
74849793808848032408097070206027864246, 221414559401737555431929805834419511793 -> a [<span _ngcontent-nqq-c45="" aria-hidden="true" class="glyphicon glyphicon-search", 157160640445751975500720621752664039441, http://localhost:8080/petclinic/vets
157160640445751975500720621752664039441, 156225710611181888871513725357254851635 -> a ['Owners', <span _ngcontent-nqq-c45="" class="caret", 239902375458026072351934835680748513665, http://localhost:8080/petclinic/vets
239902375458026072351934835680748513665, 200753390226690730987766853926438929183 -> a [<span _ngcontent-nqq-c45="" aria-hidden="true" class="glyphicon glyphicon-th-list", 228281284457712539580865340326087362883, http://localhost:8080/petclinic/specialties
228281284457712539580865340326087362883, 324045951734724705397817397268921930923 -> a [<span _ngcontent-nqq-c45="" aria-hidden="true" class="glyphicon glyphicon-th-list", 228281284457712539580865340326087362883, http://localhost:8080/petclinic/specialties
228281284457712539580865340326087362883, 156225710611181888871513725357254851635 -> a ['Owners', <span _ngcontent-nqq-c45="" class="caret", 227520284490301733617216921305053812031, http://localhost:8080/petclinic/specialties
227520284490301733617216921305053812031, 171273567481894313880815447462602894647 -> a ['Veterinarians', <span _ngcontent-nqq-c45="" class="caret", 256349256313093607845013496547243069805, http://localhost:8080/petclinic/specialties
256349256313093607845013496547243069805, 22775169445054489165597266606445368861 -> input []{'_ngcontent-nqq-c': '', 'type': 'text', 'name': 'spec_name', 'class': 'form-controlng-untouchedng-pristineng-valid', 'ng-reflect-name': 'spec_name', 'id': '', 'readonly': '', 'ng-reflect-model': 'dentistry'}, 256349256313093607845013496547243069805, http://localhost:8080/petclinic/specialties
49422149324400457114317816287120169614, None, 49422149324400457114317816287120169614, http://localhost:8080/petclinic/
49422149324400457114317816287120169614, 263354077098122611741546277065672783122 -> a [<span _ngcontent-rox-c45="" aria-hidden="true" class="glyphicon glyphicon-th-list", 228281284457712539580865340326087362883, http://localhost:8080/petclinic/specialties
228281284457712539580865340326087362883, 45722448588785388982705489991067336432 -> a ['Owners', <span _ngcontent-rox-c45="" class="caret", 227520284490301733617216921305053812031, http://localhost:8080/petclinic/specialties
227520284490301733617216921305053812031, 14528759794445955586322863528077612088 -> a [<span _ngcontent-rox-c45="" aria-hidden="true" class="glyphicon glyphicon-th-list", 153333956493652669533881615647501471098, http://localhost:8080/petclinic/pettypes
153333956493652669533881615647501471098, 62612858906166795917667358164533149176 -> button [' Add ']{'_ngcontent-rox-c': '', 'class': 'btnbtn-default'}, 43727470335739397048269962189983175243, http://localhost:8080/petclinic/pettypes
49422149324400457114317816287120169614, None, 49422149324400457114317816287120169614, http://localhost:8080/petclinic/
49422149324400457114317816287120169614, None, 49422149324400457114317816287120169614, http://localhost:8080/petclinic/
49422149324400457114317816287120169614, 254127375092723013874783695172717704778 -> a [<span _ngcontent-lnf-c45="" aria-hidden="true" class="glyphicon glyphicon-th-list", 228281284457712539580865340326087362883, http://localhost:8080/petclinic/specialties
228281284457712539580865340326087362883, 87315385794244118604372254198928480994 -> button [' Add ']{'_ngcontent-lnf-c': '', 'class': 'btnbtn-default'}, 309805699178140929269201179130511337099, http://localhost:8080/petclinic/specialties
309805699178140929269201179130511337099, 209586421581506798454776552178317239162 -> a [<span _ngcontent-lnf-c45="" aria-hidden="true" class="glyphicon glyphicon-home", 233426145574943821352606517966566132163, http://localhost:8080/petclinic/welcome
49422149324400457114317816287120169614, None, 49422149324400457114317816287120169614, http://localhost:8080/petclinic/
49422149324400457114317816287120169614, 301354201463166852310788282453296828218 -> a [<span _ngcontent-vqh-c45="" aria-hidden="true" class="glyphicon glyphicon-th-list", 228281284457712539580865340326087362883, http://localhost:8080/petclinic/specialties
228281284457712539580865340326087362883, 103108899307959220353736894559047012485 -> input []{'_ngcontent-vqh-c': '', 'type': 'text', 'name': 'spec_name', 'class': 'form-controlng-untouchedng-pristineng-valid', 'ng-reflect-name': 'spec_name', 'id': '', 'readonly': '', 'ng-reflect-model': 'surgery'}, 228281284457712539580865340326087362883, http://localhost:8080/petclinic/specialties
228281284457712539580865340326087362883, 42940530353959380551428795096296037850 -> a [<span _ngcontent-vqh-c45="" aria-hidden="true" class="glyphicon glyphicon-th-list", 153333956493652669533881615647501471098, http://localhost:8080/petclinic/pettypes
153333956493652669533881615647501471098, 306351503451787320196305573372875164426 -> a [<span _ngcontent-vqh-c45="" aria-hidden="true" class="glyphicon glyphicon-th-list", 228281284457712539580865340326087362883, http://localhost:8080/petclinic/specialties
228281284457712539580865340326087362883, 279073287849063965710870642134398169064 -> input []{'_ngcontent-vqh-c': '', 'type': 'text', 'name': 'spec_name', 'class': 'form-controlng-untouchedng-pristineng-valid', 'ng-reflect-name': 'spec_name', 'id': '', 'readonly': '', 'ng-reflect-model': 'radiologyAttack compare togeth'}, 228281284457712539580865340326087362883, http://localhost:8080/petclinic/specialties
228281284457712539580865340326087362883, 128335229585641403565385812825698046739 -> button [' Add ']{'_ngcontent-vqh-c': '', 'class': 'btnbtn-default'}, 194263461383462952792644067669915097489, http://localhost:8080/petclinic/specialties
194263461383462952792644067669915097489, 243424593293016912564250008247772018047 -> button ['Delete']{'_ngcontent-vqh-c': '', 'class': 'btnbtn-default'}, 194263461383462952792644067669915097489, http://localhost:8080/petclinic/specialties
194263461383462952792644067669915097489, 128335229585641403565385812825698046739 -> button [' Add ']{'_ngcontent-vqh-c': '', 'class': 'btnbtn-default'}, 69399896330625624419554268621978854998, http://localhost:8080/petclinic/specialties
49422149324400457114317816287120169614, None, 49422149324400457114317816287120169614, http://localhost:8080/petclinic/
49422149324400457114317816287120169614, 16654780204839132600911519789680330581 -> a [<span _ngcontent-sft-c45="" aria-hidden="true" class="glyphicon glyphicon-th-list", 228281284457712539580865340326087362883, http://localhost:8080/petclinic/specialties
228281284457712539580865340326087362883, 75709281783458712364911102951886015163 -> a ['Veterinarians', <span _ngcontent-sft-c45="" class="caret", 256349256313093607845013496547243069805, http://localhost:8080/petclinic/specialties
256349256313093607845013496547243069805, 311466508003137611846468138280474576051 -> button ['Edit']{'_ngcontent-sft-c': '', 'class': 'btnbtn-default'}, 11906786195038467933735810233788967788, http://localhost:8080/petclinic/specialties
11906786195038467933735810233788967788, 225023814635702463776810632352074349118 -> input []{'_ngcontent-sft-c': '', 'id': 'name', 'name': 'name', 'type': 'text', 'required': '', 'class': 'form-controlng-untouchedng-pristineng-valid', 'ng-reflect-name': 'name', 'ng-reflect-required': '', 'ng-reflect-model': 'radiologyAttack compare togeth'}, 287452905737288029768420998150695215024, http://localhost:8080/petclinic/specialties/1/edit
287452905737288029768420998150695215024, 89718557809583248648044045938737109344 -> a [<span _ngcontent-sft-c45="" aria-hidden="true" class="glyphicon glyphicon-home", 233426145574943821352606517966566132163, http://localhost:8080/petclinic/welcome
233426145574943821352606517966566132163, 97904159373190298470085405909702042690 -> a ['Owners', <span _ngcontent-sft-c45="" class="caret", 227835630353743896636286229706560382285, http://localhost:8080/petclinic/welcome
227835630353743896636286229706560382285, 197420681092500816135124804051347877773 -> a [<span _ngcontent-sft-c45="" aria-hidden="true" class="glyphicon glyphicon-th-list", 153333956493652669533881615647501471098, http://localhost:8080/petclinic/pettypes
153333956493652669533881615647501471098, 222264316113094324100578649692625671730 -> button [' Add ']{'_ngcontent-sft-c': '', 'class': 'btnbtn-default'}, 43727470335739397048269962189983175243, http://localhost:8080/petclinic/pettypes
49422149324400457114317816287120169614, None, 49422149324400457114317816287120169614, http://localhost:8080/petclinic/
49422149324400457114317816287120169614, 76177598290265851619910875607742618574 -> a ['Owners', <span _ngcontent-cay-c45="" class="caret", 203789904488100118908646339278060037750, http://localhost:8080/petclinic/
203789904488100118908646339278060037750, 226326238925156342017411037999477272403 -> a ['Veterinarians', <span _ngcontent-cay-c45="" class="caret", 74849793808848032408097070206027864246, http://localhost:8080/petclinic/
74849793808848032408097070206027864246, 165286444169784472336700611870541917481 -> a [<span _ngcontent-cay-c45="" aria-hidden="true" class="glyphicon glyphicon-th-list", 153333956493652669533881615647501471098, http://localhost:8080/petclinic/pettypes
153333956493652669533881615647501471098, 226326238925156342017411037999477272403 -> a ['Veterinarians', <span _ngcontent-cay-c45="" class="caret", 87494959293882182980324748226382364659, http://localhost:8080/petclinic/pettypes
87494959293882182980324748226382364659, 321087587844902766105606248970345094857 -> a [<span _ngcontent-cay-c45="" aria-hidden="true" class="glyphicon glyphicon-th-list", 153333956493652669533881615647501471098, http://localhost:8080/petclinic/pettypes
153333956493652669533881615647501471098, 226326238925156342017411037999477272403 -> a ['Veterinarians', <span _ngcontent-cay-c45="" class="caret", 87494959293882182980324748226382364659, http://localhost:8080/petclinic/pettypes
87494959293882182980324748226382364659, 36368103787001313086238181491914232568 -> button ['Home']{'_ngcontent-cay-c': '', 'class': 'btnbtn-default'}, 197610529375671059583783508832852996774, http://localhost:8080/petclinic/pettypes
197610529375671059583783508832852996774, 143246133891385624995036630611327103847 -> a [<span _ngcontent-cay-c45="" aria-hidden="true" class="glyphicon glyphicon-th-list", 153333956493652669533881615647501471098, http://localhost:8080/petclinic/pettypes
49422149324400457114317816287120169614, None, 49422149324400457114317816287120169614, http://localhost:8080/petclinic/
49422149324400457114317816287120169614, None, 49422149324400457114317816287120169614, http://localhost:8080/petclinic/
49422149324400457114317816287120169614, None, 49422149324400457114317816287120169614, http://localhost:8080/petclinic/
49422149324400457114317816287120169614, None, 49422149324400457114317816287120169614, http://localhost:8080/petclinic/
49422149324400457114317816287120169614, 165273634747623236890457672196681044481 -> a ['Owners', <span _ngcontent-cmf-c45="" class="caret", 203789904488100118908646339278060037750, http://localhost:8080/petclinic/
203789904488100118908646339278060037750, 317533481660916751327076451849574664289 -> a ['Veterinarians', <span _ngcontent-cmf-c45="" class="caret", 74849793808848032408097070206027864246, http://localhost:8080/petclinic/
74849793808848032408097070206027864246, 84174683851920910140314796245246230958 -> a [<span _ngcontent-cmf-c45="" aria-hidden="true" class="glyphicon glyphicon-th-list", 228281284457712539580865340326087362883, http://localhost:8080/petclinic/specialties
228281284457712539580865340326087362883, 6389766908013656189179174911918127359 -> button ['Home']{'_ngcontent-cmf-c': '', 'class': 'btnbtn-default'}, 90924957358455097642166425674986735534, http://localhost:8080/petclinic/specialties
90924957358455097642166425674986735534, 165273634747623236890457672196681044481 -> a ['Owners', <span _ngcontent-cmf-c45="" class="caret", 227835630353743896636286229706560382285, http://localhost:8080/petclinic/welcome
227835630353743896636286229706560382285, 108914691330404696911716989722705308915 -> a [<span _ngcontent-cmf-c45="" aria-hidden="true" class="glyphicon glyphicon-search", 134467512933047695112209168027061027792, http://localhost:8080/petclinic/owners
134467512933047695112209168027061027792, 75232682279552602208166031221800860539 -> a ['Peter McTavish']{'_ngcontent-cmf-c': '', 'routerlinkactive': 'active', 'ng-reflect-router-link-active': 'active', 'ng-reflect-router-link': '/owners/', 'href': '/petclinic/owners/5'}, 261023333095147269470709766205561058843, http://localhost:8080/petclinic/owners/5
261023333095147269470709766205561058843, 165273634747623236890457672196681044481 -> a ['Owners', <span _ngcontent-cmf-c45="" class="caret", 46177820478838726397699875868890669097, http://localhost:8080/petclinic/owners/5
49422149324400457114317816287120169614, None, 49422149324400457114317816287120169614, http://localhost:8080/petclinic/
49422149324400457114317816287120169614, 268674562768720381517402413960511735285 -> a [<span _ngcontent-odb-c45="" aria-hidden="true" class="glyphicon glyphicon-th-list", 228281284457712539580865340326087362883, http://localhost:8080/petclinic/specialties
228281284457712539580865340326087362883, 292980192912537618407284084197396538276 -> a ['Veterinarians', <span _ngcontent-odb-c45="" class="caret", 256349256313093607845013496547243069805, http://localhost:8080/petclinic/specialties
256349256313093607845013496547243069805, 135120538694817832278802058962071597537 -> a [<span _ngcontent-odb-c45="" aria-hidden="true" class="glyphicon glyphicon-th-list", 228281284457712539580865340326087362883, http://localhost:8080/petclinic/specialties
228281284457712539580865340326087362883, 198955995340164505519674244241168765996 -> a ['Owners', <span _ngcontent-odb-c45="" class="caret", 227520284490301733617216921305053812031, http://localhost:8080/petclinic/specialties
227520284490301733617216921305053812031, 135120538694817832278802058962071597537 -> a [<span _ngcontent-odb-c45="" aria-hidden="true" class="glyphicon glyphicon-th-list", 228281284457712539580865340326087362883, http://localhost:8080/petclinic/specialties
228281284457712539580865340326087362883, 26352866397024411025976986940484704768 -> a [<span _ngcontent-odb-c45="" aria-hidden="true" class="glyphicon glyphicon-th-list", 153333956493652669533881615647501471098, http://localhost:8080/petclinic/pettypes
153333956493652669533881615647501471098, 51362430503029341929500180550851645675 -> button [' Add ']{'_ngcontent-odb-c': '', 'class': 'btnbtn-default'}, 43727470335739397048269962189983175243, http://localhost:8080/petclinic/pettypes
43727470335739397048269962189983175243, 265111917455334223615258049746562296884 -> a [<span _ngcontent-odb-c45="" aria-hidden="true" class="glyphicon glyphicon-th-list", 43727470335739397048269962189983175243, http://localhost:8080/petclinic/pettypes
49422149324400457114317816287120169614, None, 49422149324400457114317816287120169614, http://localhost:8080/petclinic/
49422149324400457114317816287120169614, 324229088112381168840859424595214622601 -> a [<span _ngcontent-rft-c45="" aria-hidden="true" class="glyphicon glyphicon-th-list", 153333956493652669533881615647501471098, http://localhost:8080/petclinic/pettypes
153333956493652669533881615647501471098, 228608098664901331767302549685677110763 -> button [' Add ']{'_ngcontent-rft-c': '', 'class': 'btnbtn-default'}, 43727470335739397048269962189983175243, http://localhost:8080/petclinic/pettypes
43727470335739397048269962189983175243, 189561643681666506740242349239242841366 -> input []{'_ngcontent-rft-c': '', 'id': 'name', 'name': 'name', 'required': '', 'type': 'text', 'class': 'form-controlng-untouchedng-pristineng-invalid', 'ng-reflect-name': 'name', 'ng-reflect-required': ''}, 268366352338822175891938383662278998479, http://localhost:8080/petclinic/pettypes
268366352338822175891938383662278998479, 298069924358267803748389052800192382655 -> a [<span _ngcontent-rft-c45="" aria-hidden="true" class="glyphicon glyphicon-th-list", 174081403969118769217901835703945133151, http://localhost:8080/petclinic/pettypes
174081403969118769217901835703945133151, 187587078799518459403361234807346198249 -> a [<span _ngcontent-rft-c45="" aria-hidden="true" class="glyphicon glyphicon-home", 233426145574943821352606517966566132163, http://localhost:8080/petclinic/welcome
233426145574943821352606517966566132163, 7457521395607921984991682930075105263 -> a [<span _ngcontent-rft-c45="" aria-hidden="true" class="glyphicon glyphicon-th-list", 288837384050435833154613713335591823145, http://localhost:8080/petclinic/specialties
288837384050435833154613713335591823145, 156055561630436862954817620508345539260 -> button ['Home']{'_ngcontent-rft-c': '', 'class': 'btnbtn-default'}, 228281284457712539580865340326087362883, http://localhost:8080/petclinic/specialties
228281284457712539580865340326087362883, 244147558600109367076728837480173027124 -> a ['Veterinarians', <span _ngcontent-rft-c45="" class="caret", 79409447119454307091692834805368181677, http://localhost:8080/petclinic/specialties
49422149324400457114317816287120169614, None, 49422149324400457114317816287120169614, http://localhost:8080/petclinic/
49422149324400457114317816287120169614, None, 49422149324400457114317816287120169614, http://localhost:8080/petclinic/
49422149324400457114317816287120169614, None, 49422149324400457114317816287120169614, http://localhost:8080/petclinic/
49422149324400457114317816287120169614, 202284547816538031514079743103453044697 -> a [<span _ngcontent-mkx-c45="" aria-hidden="true" class="glyphicon glyphicon-th-list", 288837384050435833154613713335591823145, http://localhost:8080/petclinic/specialties
288837384050435833154613713335591823145, 297418347416955358272361729536839090449 -> a ['Owners', <span _ngcontent-mkx-c45="" class="caret", 227520284490301733617216921305053812031, http://localhost:8080/petclinic/specialties
49422149324400457114317816287120169614, None, 49422149324400457114317816287120169614, http://localhost:8080/petclinic/
49422149324400457114317816287120169614, 315655205959606206697509027180297702054 -> a ['Owners', <span _ngcontent-kuk-c45="" class="caret", 203789904488100118908646339278060037750, http://localhost:8080/petclinic/
203789904488100118908646339278060037750, 76574859700022977709186521316498762204 -> a [<span _ngcontent-kuk-c45="" aria-hidden="true" class="glyphicon glyphicon-th-list", 288837384050435833154613713335591823145, http://localhost:8080/petclinic/specialties
288837384050435833154613713335591823145, 138919236535560437146013414722953607043 -> a [<span _ngcontent-kuk-c45="" aria-hidden="true" class="glyphicon glyphicon-th-list", 228281284457712539580865340326087362883, http://localhost:8080/petclinic/specialties
49422149324400457114317816287120169614, None, 49422149324400457114317816287120169614, http://localhost:8080/petclinic/
49422149324400457114317816287120169614, 191676933613616094846960715293457340003 -> a ['Owners', <span _ngcontent-upa-c45="" class="caret", 203789904488100118908646339278060037750, http://localhost:8080/petclinic/
203789904488100118908646339278060037750, 22227724451494457376052082582337337874 -> a [<span _ngcontent-upa-c45="" aria-hidden="true" class="glyphicon glyphicon-search", 192707741666091566240352799848887721267, http://localhost:8080/petclinic/owners
49422149324400457114317816287120169614, None, 49422149324400457114317816287120169614, http://localhost:8080/petclinic/
49422149324400457114317816287120169614, 241082408457615188327917445368259534088 -> a ['Veterinarians', <span _ngcontent-lsq-c45="" class="caret", 74849793808848032408097070206027864246, http://localhost:8080/petclinic/
74849793808848032408097070206027864246, 192361123773044211990642247986859065618 -> a [<span _ngcontent-lsq-c45="" aria-hidden="true" class="glyphicon glyphicon-search", 120962431678690102558501945372758632054, http://localhost:8080/petclinic/vets
120962431678690102558501945372758632054, 309230577176156249496647594411665050720 -> button ['Add Vet']{'_ngcontent-lsq-c': '', 'class': 'btnbtn-default'}, 260706244791257485496027837704690829215, http://localhost:8080/petclinic/vets
260706244791257485496027837704690829215, 70829025227002119122871396932053762920 -> a ['Owners', <span _ngcontent-lsq-c45="" class="caret", 140174839411104984397507020061688555151, http://localhost:8080/petclinic/vets/add
140174839411104984397507020061688555151, 160166559674535448446933725874615575538 -> a [<span _ngcontent-lsq-c45="" aria-hidden="true" class="glyphicon glyphicon-home", 233426145574943821352606517966566132163, http://localhost:8080/petclinic/welcome
49422149324400457114317816287120169614, None, 49422149324400457114317816287120169614, http://localhost:8080/petclinic/
49422149324400457114317816287120169614, 87610349420316943096609725896919053612 -> a ['Veterinarians', <span _ngcontent-iyw-c45="" class="caret", 74849793808848032408097070206027864246, http://localhost:8080/petclinic/
74849793808848032408097070206027864246, 27482342015926776716450387452846563055 -> a ['Veterinarians', <span _ngcontent-iyw-c45="" class="caret", 49422149324400457114317816287120169614, http://localhost:8080/petclinic/
49422149324400457114317816287120169614, 87610349420316943096609725896919053612 -> a ['Veterinarians', <span _ngcontent-iyw-c45="" class="caret", 74849793808848032408097070206027864246, http://localhost:8080/petclinic/
74849793808848032408097070206027864246, 242005447565886741507017590451092960046 -> a ['Owners', <span _ngcontent-iyw-c45="" class="caret", 203789904488100118908646339278060037750, http://localhost:8080/petclinic/
203789904488100118908646339278060037750, 256980390176777925297021408650935727233 -> a [<span _ngcontent-iyw-c45="" aria-hidden="true" class="glyphicon glyphicon-th-list", 153333956493652669533881615647501471098, http://localhost:8080/petclinic/pettypes
153333956493652669533881615647501471098, 277226586736286170388563410804424384633 -> a [<span _ngcontent-iyw-c45="" aria-hidden="true" class="glyphicon glyphicon-home", 233426145574943821352606517966566132163, http://localhost:8080/petclinic/welcome
233426145574943821352606517966566132163, 270539846715639917988454618759644883062 -> a [<span _ngcontent-iyw-c45="" aria-hidden="true" class="glyphicon glyphicon-th-list", 153333956493652669533881615647501471098, http://localhost:8080/petclinic/pettypes
153333956493652669533881615647501471098, 121401385768639978365730494343264258361 -> button [' Add ']{'_ngcontent-iyw-c': '', 'class': 'btnbtn-default'}, 43727470335739397048269962189983175243, http://localhost:8080/petclinic/pettypes
49422149324400457114317816287120169614, None, 49422149324400457114317816287120169614, http://localhost:8080/petclinic/
49422149324400457114317816287120169614, 241586332566439618521038807210777796777 -> a [<span _ngcontent-oax-c45="" aria-hidden="true" class="glyphicon glyphicon-home", 233426145574943821352606517966566132163, http://localhost:8080/petclinic/welcome
233426145574943821352606517966566132163, 241586332566439618521038807210777796777 -> a [<span _ngcontent-oax-c45="" aria-hidden="true" class="glyphicon glyphicon-home", 233426145574943821352606517966566132163, http://localhost:8080/petclinic/welcome
233426145574943821352606517966566132163, 84837279497449795641908869145374540902 -> a ['Veterinarians', <span _ngcontent-oax-c45="" class="caret", 192306625620991217132025247140004257967, http://localhost:8080/petclinic/welcome
192306625620991217132025247140004257967, 257475479741286213984569551715628653764 -> a [<span _ngcontent-oax-c45="" aria-hidden="true" class="glyphicon glyphicon-th-list", 153333956493652669533881615647501471098, http://localhost:8080/petclinic/pettypes
153333956493652669533881615647501471098, 241586332566439618521038807210777796777 -> a [<span _ngcontent-oax-c45="" aria-hidden="true" class="glyphicon glyphicon-home", 233426145574943821352606517966566132163, http://localhost:8080/petclinic/welcome
233426145574943821352606517966566132163, 241586332566439618521038807210777796777 -> a [<span _ngcontent-oax-c45="" aria-hidden="true" class="glyphicon glyphicon-home", 233426145574943821352606517966566132163, http://localhost:8080/petclinic/welcome
233426145574943821352606517966566132163, 42016246712660040631007239205673115367 -> a [<span _ngcontent-oax-c45="" aria-hidden="true" class="glyphicon glyphicon-th-list", 228281284457712539580865340326087362883, http://localhost:8080/petclinic/specialties
228281284457712539580865340326087362883, 98184176856498379042194716410999698073 -> a ['Owners', <span _ngcontent-oax-c45="" class="caret", 227520284490301733617216921305053812031, http://localhost:8080/petclinic/specialties
49422149324400457114317816287120169614, None, 49422149324400457114317816287120169614, http://localhost:8080/petclinic/
49422149324400457114317816287120169614, 162923457551727026197276554329803626979 -> a ['Veterinarians', <span _ngcontent-kqa-c45="" class="caret", 74849793808848032408097070206027864246, http://localhost:8080/petclinic/
74849793808848032408097070206027864246, 273424744878722208499929622224177959089 -> a ['Veterinarians', <span _ngcontent-kqa-c45="" class="caret", 49422149324400457114317816287120169614, http://localhost:8080/petclinic/
49422149324400457114317816287120169614, None, 49422149324400457114317816287120169614, http://localhost:8080/petclinic/
