2022-05-25 19:55:23 WARNING  Starting
2022-05-25 19:55:23 ERROR    Failure: 192000098578407187921566301909771202768 : http://localhost:1800/ -> net::ERR_NAME_RESOLUTION_FAILED
2022-05-25 19:55:23 ERROR    Failure: 94097134937905879805143453101758338884 : http://localhost:1800/ -> Failed to load resource: net::ERR_NAME_RESOLUTION_FAILED
2022-05-25 19:55:23 ERROR    Failure: 192000098578407187921566301909771202768 : http://localhost:1800/ -> net::ERR_NAME_RESOLUTION_FAILED
2022-05-25 19:55:23 ERROR    Failure: 94097134937905879805143453101758338884 : http://localhost:1800/ -> Failed to load resource: net::ERR_NAME_RESOLUTION_FAILED
2022-05-25 19:55:23 ERROR    Failure: 192000098578407187921566301909771202768 : http://localhost:1800/ -> net::ERR_NAME_RESOLUTION_FAILED
2022-05-25 19:55:23 ERROR    Failure: 94097134937905879805143453101758338884 : http://localhost:1800/ -> Failed to load resource: net::ERR_NAME_RESOLUTION_FAILED
2022-05-25 19:55:23 ERROR    Failure: 192000098578407187921566301909771202768 : http://localhost:1800/ -> net::ERR_NAME_RESOLUTION_FAILED
2022-05-25 19:55:23 ERROR    Failure: 94097134937905879805143453101758338884 : http://localhost:1800/ -> Failed to load resource: net::ERR_NAME_RESOLUTION_FAILED
2022-05-25 19:55:23 ERROR    Failure: 192000098578407187921566301909771202768 : http://localhost:1800/ -> net::ERR_NAME_RESOLUTION_FAILED
2022-05-25 19:55:23 ERROR    Failure: 94097134937905879805143453101758338884 : http://localhost:1800/ -> Failed to load resource: net::ERR_NAME_RESOLUTION_FAILED
2022-05-25 19:55:23 ERROR    Failure: 192000098578407187921566301909771202768 : http://localhost:1800/ -> net::ERR_NAME_RESOLUTION_FAILED
2022-05-25 19:55:23 ERROR    Failure: 94097134937905879805143453101758338884 : http://localhost:1800/ -> Failed to load resource: net::ERR_NAME_RESOLUTION_FAILED
2022-05-25 19:55:24 ERROR    Failure: 79839802101734943688249486384801588623 : http://localhost:1800/ -> Failed to load resource: the server responded with a status of 401 (Unauthorized)
2022-05-25 19:55:24 ERROR    Failure: 233681242693567643314746531081609967369 : http://localhost:1800/ -> status code(401) -> Not logged in
2022-05-25 19:55:33 ERROR    Failure: 192000098578407187921566301909771202768 : http://localhost:1800/subscribe?product=team -> net::ERR_NAME_RESOLUTION_FAILED
2022-05-25 19:55:33 ERROR    Failure: 94097134937905879805143453101758338884 : http://localhost:1800/subscribe?product=team -> Failed to load resource: net::ERR_NAME_RESOLUTION_FAILED
2022-05-25 19:55:33 ERROR    Failure: 192000098578407187921566301909771202768 : http://localhost:1800/subscribe?product=team -> net::ERR_NAME_RESOLUTION_FAILED
2022-05-25 19:55:33 ERROR    Failure: 94097134937905879805143453101758338884 : http://localhost:1800/subscribe?product=team -> Failed to load resource: net::ERR_NAME_RESOLUTION_FAILED
2022-05-25 19:55:33 ERROR    Failure: 192000098578407187921566301909771202768 : http://localhost:1800/subscribe?product=team -> net::ERR_NAME_RESOLUTION_FAILED
2022-05-25 19:55:33 ERROR    Failure: 94097134937905879805143453101758338884 : http://localhost:1800/subscribe?product=team -> Failed to load resource: net::ERR_NAME_RESOLUTION_FAILED
2022-05-25 19:55:33 ERROR    Failure: 192000098578407187921566301909771202768 : http://localhost:1800/subscribe?product=team -> net::ERR_NAME_RESOLUTION_FAILED
2022-05-25 19:55:33 ERROR    Failure: 94097134937905879805143453101758338884 : http://localhost:1800/subscribe?product=team -> Failed to load resource: net::ERR_NAME_RESOLUTION_FAILED
2022-05-25 19:55:33 ERROR    Failure: 192000098578407187921566301909771202768 : http://localhost:1800/subscribe?product=team -> net::ERR_NAME_RESOLUTION_FAILED
2022-05-25 19:55:33 ERROR    Failure: 94097134937905879805143453101758338884 : http://localhost:1800/subscribe?product=team -> Failed to load resource: net::ERR_NAME_RESOLUTION_FAILED
2022-05-25 19:55:33 ERROR    Failure: 192000098578407187921566301909771202768 : http://localhost:1800/subscribe?product=team -> net::ERR_NAME_RESOLUTION_FAILED
2022-05-25 19:55:33 ERROR    Failure: 94097134937905879805143453101758338884 : http://localhost:1800/subscribe?product=team -> Failed to load resource: net::ERR_NAME_RESOLUTION_FAILED
2022-05-25 19:55:34 ERROR    Failure: 79839802101734943688249486384801588623 : http://localhost:1800/subscribe?product=team -> Failed to load resource: the server responded with a status of 401 (Unauthorized)
2022-05-25 19:55:34 ERROR    Failure: 192000098578407187921566301909771202768 : http://localhost:1800/subscribe?product=team -> net::ERR_NAME_RESOLUTION_FAILED
2022-05-25 19:55:34 ERROR    Failure: 94097134937905879805143453101758338884 : http://localhost:1800/subscribe?product=team -> Failed to load resource: net::ERR_NAME_RESOLUTION_FAILED
2022-05-25 19:55:34 ERROR    Failure: 233681242693567643314746531081609967369 : http://localhost:1800/subscribe?product=team -> status code(401) -> Not logged in
2022-05-25 19:55:34 ERROR    Failure: 262513326802567628094931167029883077585 : http://localhost:1800/ -> net::ERR_ABORTED
2022-05-25 19:55:34 ERROR    Failure: 192000098578407187921566301909771202768 : http://localhost:1800/login -> net::ERR_NAME_RESOLUTION_FAILED
2022-05-25 19:55:34 ERROR    Failure: 94097134937905879805143453101758338884 : http://localhost:1800/login -> Failed to load resource: net::ERR_NAME_RESOLUTION_FAILED
2022-05-25 19:55:34 ERROR    Failure: 192000098578407187921566301909771202768 : http://localhost:1800/login -> net::ERR_NAME_RESOLUTION_FAILED
2022-05-25 19:55:34 ERROR    Failure: 94097134937905879805143453101758338884 : http://localhost:1800/login -> Failed to load resource: net::ERR_NAME_RESOLUTION_FAILED
2022-05-25 19:55:34 ERROR    Failure: 192000098578407187921566301909771202768 : http://localhost:1800/login -> net::ERR_NAME_RESOLUTION_FAILED
2022-05-25 19:55:34 ERROR    Failure: 94097134937905879805143453101758338884 : http://localhost:1800/login -> Failed to load resource: net::ERR_NAME_RESOLUTION_FAILED
2022-05-25 19:55:34 ERROR    Failure: 192000098578407187921566301909771202768 : http://localhost:1800/login -> net::ERR_NAME_RESOLUTION_FAILED
2022-05-25 19:55:34 ERROR    Failure: 94097134937905879805143453101758338884 : http://localhost:1800/login -> Failed to load resource: net::ERR_NAME_RESOLUTION_FAILED
2022-05-25 19:55:34 ERROR    Failure: 192000098578407187921566301909771202768 : http://localhost:1800/login -> net::ERR_NAME_RESOLUTION_FAILED
2022-05-25 19:55:34 ERROR    Failure: 94097134937905879805143453101758338884 : http://localhost:1800/login -> Failed to load resource: net::ERR_NAME_RESOLUTION_FAILED
2022-05-25 19:55:34 ERROR    Failure: 192000098578407187921566301909771202768 : http://localhost:1800/login -> net::ERR_NAME_RESOLUTION_FAILED
2022-05-25 19:55:34 ERROR    Failure: 94097134937905879805143453101758338884 : http://localhost:1800/login -> Failed to load resource: net::ERR_NAME_RESOLUTION_FAILED
2022-05-25 19:55:34 ERROR    Failure: 79839802101734943688249486384801588623 : http://localhost:1800/login -> Failed to load resource: the server responded with a status of 401 (Unauthorized)
2022-05-25 19:55:34 ERROR    Failure: 233681242693567643314746531081609967369 : http://localhost:1800/login -> status code(401) -> Not logged in
2022-05-25 19:55:36 ERROR    Failure: 262513326802567628094931167029883077585 : http://localhost:1800/ -> net::ERR_ABORTED
2022-05-25 19:55:36 ERROR    Failure: 192000098578407187921566301909771202768 : http://localhost:1800/subscribe?product=unlimited -> net::ERR_NAME_RESOLUTION_FAILED
2022-05-25 19:55:36 ERROR    Failure: 94097134937905879805143453101758338884 : http://localhost:1800/subscribe?product=unlimited -> Failed to load resource: net::ERR_NAME_RESOLUTION_FAILED
2022-05-25 19:55:36 ERROR    Failure: 192000098578407187921566301909771202768 : http://localhost:1800/subscribe?product=unlimited -> net::ERR_NAME_RESOLUTION_FAILED
2022-05-25 19:55:36 ERROR    Failure: 94097134937905879805143453101758338884 : http://localhost:1800/subscribe?product=unlimited -> Failed to load resource: net::ERR_NAME_RESOLUTION_FAILED
2022-05-25 19:55:36 ERROR    Failure: 192000098578407187921566301909771202768 : http://localhost:1800/subscribe?product=unlimited -> net::ERR_NAME_RESOLUTION_FAILED
2022-05-25 19:55:36 ERROR    Failure: 94097134937905879805143453101758338884 : http://localhost:1800/subscribe?product=unlimited -> Failed to load resource: net::ERR_NAME_RESOLUTION_FAILED
2022-05-25 19:55:36 ERROR    Failure: 192000098578407187921566301909771202768 : http://localhost:1800/subscribe?product=unlimited -> net::ERR_NAME_RESOLUTION_FAILED
2022-05-25 19:55:36 ERROR    Failure: 94097134937905879805143453101758338884 : http://localhost:1800/subscribe?product=unlimited -> Failed to load resource: net::ERR_NAME_RESOLUTION_FAILED
2022-05-25 19:55:36 ERROR    Failure: 192000098578407187921566301909771202768 : http://localhost:1800/subscribe?product=unlimited -> net::ERR_NAME_RESOLUTION_FAILED
2022-05-25 19:55:36 ERROR    Failure: 94097134937905879805143453101758338884 : http://localhost:1800/subscribe?product=unlimited -> Failed to load resource: net::ERR_NAME_RESOLUTION_FAILED
2022-05-25 19:55:36 ERROR    Failure: 192000098578407187921566301909771202768 : http://localhost:1800/subscribe?product=unlimited -> net::ERR_NAME_RESOLUTION_FAILED
2022-05-25 19:55:36 ERROR    Failure: 94097134937905879805143453101758338884 : http://localhost:1800/subscribe?product=unlimited -> Failed to load resource: net::ERR_NAME_RESOLUTION_FAILED
2022-05-25 19:55:36 ERROR    Failure: 79839802101734943688249486384801588623 : http://localhost:1800/subscribe?product=unlimited -> Failed to load resource: the server responded with a status of 401 (Unauthorized)
2022-05-25 19:55:36 ERROR    Failure: 192000098578407187921566301909771202768 : http://localhost:1800/subscribe?product=unlimited -> net::ERR_NAME_RESOLUTION_FAILED
2022-05-25 19:55:36 ERROR    Failure: 94097134937905879805143453101758338884 : http://localhost:1800/subscribe?product=unlimited -> Failed to load resource: net::ERR_NAME_RESOLUTION_FAILED
2022-05-25 19:55:36 ERROR    Failure: 233681242693567643314746531081609967369 : http://localhost:1800/subscribe?product=unlimited -> status code(401) -> Not logged in
2022-05-25 19:55:37 ERROR    Failure: 192000098578407187921566301909771202768 : http://localhost:1800/ -> net::ERR_NAME_RESOLUTION_FAILED
2022-05-25 19:55:37 ERROR    Failure: 94097134937905879805143453101758338884 : http://localhost:1800/ -> Failed to load resource: net::ERR_NAME_RESOLUTION_FAILED
2022-05-25 19:55:37 ERROR    Failure: 192000098578407187921566301909771202768 : http://localhost:1800/ -> net::ERR_NAME_RESOLUTION_FAILED
2022-05-25 19:55:37 ERROR    Failure: 94097134937905879805143453101758338884 : http://localhost:1800/ -> Failed to load resource: net::ERR_NAME_RESOLUTION_FAILED
2022-05-25 19:55:37 ERROR    Failure: 192000098578407187921566301909771202768 : http://localhost:1800/ -> net::ERR_NAME_RESOLUTION_FAILED
2022-05-25 19:55:37 ERROR    Failure: 94097134937905879805143453101758338884 : http://localhost:1800/ -> Failed to load resource: net::ERR_NAME_RESOLUTION_FAILED
2022-05-25 19:55:37 ERROR    Failure: 192000098578407187921566301909771202768 : http://localhost:1800/ -> net::ERR_NAME_RESOLUTION_FAILED
2022-05-25 19:55:37 ERROR    Failure: 94097134937905879805143453101758338884 : http://localhost:1800/ -> Failed to load resource: net::ERR_NAME_RESOLUTION_FAILED
2022-05-25 19:55:37 ERROR    Failure: 192000098578407187921566301909771202768 : http://localhost:1800/ -> net::ERR_NAME_RESOLUTION_FAILED
2022-05-25 19:55:37 ERROR    Failure: 94097134937905879805143453101758338884 : http://localhost:1800/ -> Failed to load resource: net::ERR_NAME_RESOLUTION_FAILED
2022-05-25 19:55:37 ERROR    Failure: 192000098578407187921566301909771202768 : http://localhost:1800/ -> net::ERR_NAME_RESOLUTION_FAILED
2022-05-25 19:55:37 ERROR    Failure: 94097134937905879805143453101758338884 : http://localhost:1800/ -> Failed to load resource: net::ERR_NAME_RESOLUTION_FAILED
2022-05-25 19:55:38 ERROR    Failure: 79839802101734943688249486384801588623 : http://localhost:1800/ -> Failed to load resource: the server responded with a status of 401 (Unauthorized)
2022-05-25 19:55:38 ERROR    Failure: 233681242693567643314746531081609967369 : http://localhost:1800/ -> status code(401) -> Not logged in
2022-05-25 19:55:51 ERROR    Failure: 192000098578407187921566301909771202768 : http://localhost:1800/login -> net::ERR_NAME_RESOLUTION_FAILED
2022-05-25 19:55:51 ERROR    Failure: 94097134937905879805143453101758338884 : http://localhost:1800/login -> Failed to load resource: net::ERR_NAME_RESOLUTION_FAILED
2022-05-25 19:55:51 ERROR    Failure: 192000098578407187921566301909771202768 : http://localhost:1800/login -> net::ERR_NAME_RESOLUTION_FAILED
2022-05-25 19:55:51 ERROR    Failure: 94097134937905879805143453101758338884 : http://localhost:1800/login -> Failed to load resource: net::ERR_NAME_RESOLUTION_FAILED
2022-05-25 19:55:51 ERROR    Failure: 192000098578407187921566301909771202768 : http://localhost:1800/login -> net::ERR_NAME_RESOLUTION_FAILED
2022-05-25 19:55:51 ERROR    Failure: 94097134937905879805143453101758338884 : http://localhost:1800/login -> Failed to load resource: net::ERR_NAME_RESOLUTION_FAILED
2022-05-25 19:55:51 ERROR    Failure: 192000098578407187921566301909771202768 : http://localhost:1800/login -> net::ERR_NAME_RESOLUTION_FAILED
2022-05-25 19:55:51 ERROR    Failure: 94097134937905879805143453101758338884 : http://localhost:1800/login -> Failed to load resource: net::ERR_NAME_RESOLUTION_FAILED
2022-05-25 19:55:51 ERROR    Failure: 192000098578407187921566301909771202768 : http://localhost:1800/login -> net::ERR_NAME_RESOLUTION_FAILED
2022-05-25 19:55:51 ERROR    Failure: 94097134937905879805143453101758338884 : http://localhost:1800/login -> Failed to load resource: net::ERR_NAME_RESOLUTION_FAILED
2022-05-25 19:55:51 ERROR    Failure: 192000098578407187921566301909771202768 : http://localhost:1800/login -> net::ERR_NAME_RESOLUTION_FAILED
2022-05-25 19:55:51 ERROR    Failure: 94097134937905879805143453101758338884 : http://localhost:1800/login -> Failed to load resource: net::ERR_NAME_RESOLUTION_FAILED
2022-05-25 19:55:51 ERROR    Failure: 79839802101734943688249486384801588623 : http://localhost:1800/login -> Failed to load resource: the server responded with a status of 401 (Unauthorized)
2022-05-25 19:55:52 ERROR    Failure: 233681242693567643314746531081609967369 : http://localhost:1800/login -> status code(401) -> Not logged in
2022-05-25 19:55:54 ERROR    Failure: 262513326802567628094931167029883077585 : http://localhost:1800/ -> net::ERR_ABORTED
2022-05-25 19:55:54 ERROR    Failure: 192000098578407187921566301909771202768 : http://localhost:1800/subscribe?product=unlimited -> net::ERR_NAME_RESOLUTION_FAILED
2022-05-25 19:55:54 ERROR    Failure: 94097134937905879805143453101758338884 : http://localhost:1800/subscribe?product=unlimited -> Failed to load resource: net::ERR_NAME_RESOLUTION_FAILED
2022-05-25 19:55:54 ERROR    Failure: 192000098578407187921566301909771202768 : http://localhost:1800/subscribe?product=unlimited -> net::ERR_NAME_RESOLUTION_FAILED
2022-05-25 19:55:54 ERROR    Failure: 94097134937905879805143453101758338884 : http://localhost:1800/subscribe?product=unlimited -> Failed to load resource: net::ERR_NAME_RESOLUTION_FAILED
2022-05-25 19:55:54 ERROR    Failure: 192000098578407187921566301909771202768 : http://localhost:1800/subscribe?product=unlimited -> net::ERR_NAME_RESOLUTION_FAILED
2022-05-25 19:55:54 ERROR    Failure: 94097134937905879805143453101758338884 : http://localhost:1800/subscribe?product=unlimited -> Failed to load resource: net::ERR_NAME_RESOLUTION_FAILED
2022-05-25 19:55:54 ERROR    Failure: 192000098578407187921566301909771202768 : http://localhost:1800/subscribe?product=unlimited -> net::ERR_NAME_RESOLUTION_FAILED
2022-05-25 19:55:54 ERROR    Failure: 94097134937905879805143453101758338884 : http://localhost:1800/subscribe?product=unlimited -> Failed to load resource: net::ERR_NAME_RESOLUTION_FAILED
2022-05-25 19:55:54 ERROR    Failure: 192000098578407187921566301909771202768 : http://localhost:1800/subscribe?product=unlimited -> net::ERR_NAME_RESOLUTION_FAILED
2022-05-25 19:55:54 ERROR    Failure: 94097134937905879805143453101758338884 : http://localhost:1800/subscribe?product=unlimited -> Failed to load resource: net::ERR_NAME_RESOLUTION_FAILED
2022-05-25 19:55:54 ERROR    Failure: 192000098578407187921566301909771202768 : http://localhost:1800/subscribe?product=unlimited -> net::ERR_NAME_RESOLUTION_FAILED
2022-05-25 19:55:54 ERROR    Failure: 94097134937905879805143453101758338884 : http://localhost:1800/subscribe?product=unlimited -> Failed to load resource: net::ERR_NAME_RESOLUTION_FAILED
2022-05-25 19:55:54 ERROR    Failure: 79839802101734943688249486384801588623 : http://localhost:1800/subscribe?product=unlimited -> Failed to load resource: the server responded with a status of 401 (Unauthorized)
2022-05-25 19:55:54 ERROR    Failure: 233681242693567643314746531081609967369 : http://localhost:1800/subscribe?product=unlimited -> status code(401) -> Not logged in
2022-05-25 19:55:54 ERROR    Failure: 192000098578407187921566301909771202768 : http://localhost:1800/subscribe?product=unlimited -> net::ERR_NAME_RESOLUTION_FAILED
2022-05-25 19:55:54 ERROR    Failure: 94097134937905879805143453101758338884 : http://localhost:1800/subscribe?product=unlimited -> Failed to load resource: net::ERR_NAME_RESOLUTION_FAILED
2022-05-25 19:55:55 ERROR    Failure: 192000098578407187921566301909771202768 : http://localhost:1800/ -> net::ERR_NAME_RESOLUTION_FAILED
2022-05-25 19:55:55 ERROR    Failure: 94097134937905879805143453101758338884 : http://localhost:1800/ -> Failed to load resource: net::ERR_NAME_RESOLUTION_FAILED
2022-05-25 19:55:55 ERROR    Failure: 192000098578407187921566301909771202768 : http://localhost:1800/ -> net::ERR_NAME_RESOLUTION_FAILED
2022-05-25 19:55:55 ERROR    Failure: 94097134937905879805143453101758338884 : http://localhost:1800/ -> Failed to load resource: net::ERR_NAME_RESOLUTION_FAILED
2022-05-25 19:55:55 ERROR    Failure: 192000098578407187921566301909771202768 : http://localhost:1800/ -> net::ERR_NAME_RESOLUTION_FAILED
2022-05-25 19:55:55 ERROR    Failure: 94097134937905879805143453101758338884 : http://localhost:1800/ -> Failed to load resource: net::ERR_NAME_RESOLUTION_FAILED
2022-05-25 19:55:55 ERROR    Failure: 192000098578407187921566301909771202768 : http://localhost:1800/ -> net::ERR_NAME_RESOLUTION_FAILED
2022-05-25 19:55:55 ERROR    Failure: 94097134937905879805143453101758338884 : http://localhost:1800/ -> Failed to load resource: net::ERR_NAME_RESOLUTION_FAILED
2022-05-25 19:55:55 ERROR    Failure: 192000098578407187921566301909771202768 : http://localhost:1800/ -> net::ERR_NAME_RESOLUTION_FAILED
2022-05-25 19:55:55 ERROR    Failure: 94097134937905879805143453101758338884 : http://localhost:1800/ -> Failed to load resource: net::ERR_NAME_RESOLUTION_FAILED
2022-05-25 19:55:55 ERROR    Failure: 192000098578407187921566301909771202768 : http://localhost:1800/ -> net::ERR_NAME_RESOLUTION_FAILED
2022-05-25 19:55:55 ERROR    Failure: 94097134937905879805143453101758338884 : http://localhost:1800/ -> Failed to load resource: net::ERR_NAME_RESOLUTION_FAILED
2022-05-25 19:55:55 ERROR    Failure: 79839802101734943688249486384801588623 : http://localhost:1800/ -> Failed to load resource: the server responded with a status of 401 (Unauthorized)
2022-05-25 19:55:55 ERROR    Failure: 233681242693567643314746531081609967369 : http://localhost:1800/ -> status code(401) -> Not logged in
2022-05-25 19:56:06 ERROR    Failure: 192000098578407187921566301909771202768 : http://localhost:1800/subscribe?product=team -> net::ERR_NAME_RESOLUTION_FAILED
2022-05-25 19:56:06 ERROR    Failure: 94097134937905879805143453101758338884 : http://localhost:1800/subscribe?product=team -> Failed to load resource: net::ERR_NAME_RESOLUTION_FAILED
2022-05-25 19:56:06 ERROR    Failure: 192000098578407187921566301909771202768 : http://localhost:1800/subscribe?product=team -> net::ERR_NAME_RESOLUTION_FAILED
2022-05-25 19:56:06 ERROR    Failure: 94097134937905879805143453101758338884 : http://localhost:1800/subscribe?product=team -> Failed to load resource: net::ERR_NAME_RESOLUTION_FAILED
2022-05-25 19:56:06 ERROR    Failure: 192000098578407187921566301909771202768 : http://localhost:1800/subscribe?product=team -> net::ERR_NAME_RESOLUTION_FAILED
2022-05-25 19:56:06 ERROR    Failure: 94097134937905879805143453101758338884 : http://localhost:1800/subscribe?product=team -> Failed to load resource: net::ERR_NAME_RESOLUTION_FAILED
2022-05-25 19:56:06 ERROR    Failure: 192000098578407187921566301909771202768 : http://localhost:1800/subscribe?product=team -> net::ERR_NAME_RESOLUTION_FAILED
2022-05-25 19:56:06 ERROR    Failure: 94097134937905879805143453101758338884 : http://localhost:1800/subscribe?product=team -> Failed to load resource: net::ERR_NAME_RESOLUTION_FAILED
2022-05-25 19:56:06 ERROR    Failure: 192000098578407187921566301909771202768 : http://localhost:1800/subscribe?product=team -> net::ERR_NAME_RESOLUTION_FAILED
2022-05-25 19:56:06 ERROR    Failure: 94097134937905879805143453101758338884 : http://localhost:1800/subscribe?product=team -> Failed to load resource: net::ERR_NAME_RESOLUTION_FAILED
2022-05-25 19:56:06 ERROR    Failure: 192000098578407187921566301909771202768 : http://localhost:1800/subscribe?product=team -> net::ERR_NAME_RESOLUTION_FAILED
2022-05-25 19:56:06 ERROR    Failure: 94097134937905879805143453101758338884 : http://localhost:1800/subscribe?product=team -> Failed to load resource: net::ERR_NAME_RESOLUTION_FAILED
2022-05-25 19:56:06 ERROR    Failure: 79839802101734943688249486384801588623 : http://localhost:1800/subscribe?product=team -> Failed to load resource: the server responded with a status of 401 (Unauthorized)
2022-05-25 19:56:06 ERROR    Failure: 192000098578407187921566301909771202768 : http://localhost:1800/subscribe?product=team -> net::ERR_NAME_RESOLUTION_FAILED
2022-05-25 19:56:06 ERROR    Failure: 94097134937905879805143453101758338884 : http://localhost:1800/subscribe?product=team -> Failed to load resource: net::ERR_NAME_RESOLUTION_FAILED
2022-05-25 19:56:06 ERROR    Failure: 233681242693567643314746531081609967369 : http://localhost:1800/subscribe?product=team -> status code(401) -> Not logged in
2022-05-25 19:56:11 ERROR    Failure: 192000098578407187921566301909771202768 : http://localhost:1800/ -> net::ERR_NAME_RESOLUTION_FAILED
2022-05-25 19:56:11 ERROR    Failure: 94097134937905879805143453101758338884 : http://localhost:1800/ -> Failed to load resource: net::ERR_NAME_RESOLUTION_FAILED
2022-05-25 19:56:11 ERROR    Failure: 192000098578407187921566301909771202768 : http://localhost:1800/ -> net::ERR_NAME_RESOLUTION_FAILED
2022-05-25 19:56:11 ERROR    Failure: 94097134937905879805143453101758338884 : http://localhost:1800/ -> Failed to load resource: net::ERR_NAME_RESOLUTION_FAILED
2022-05-25 19:56:11 ERROR    Failure: 192000098578407187921566301909771202768 : http://localhost:1800/ -> net::ERR_NAME_RESOLUTION_FAILED
2022-05-25 19:56:11 ERROR    Failure: 94097134937905879805143453101758338884 : http://localhost:1800/ -> Failed to load resource: net::ERR_NAME_RESOLUTION_FAILED
2022-05-25 19:56:11 ERROR    Failure: 192000098578407187921566301909771202768 : http://localhost:1800/ -> net::ERR_NAME_RESOLUTION_FAILED
2022-05-25 19:56:11 ERROR    Failure: 94097134937905879805143453101758338884 : http://localhost:1800/ -> Failed to load resource: net::ERR_NAME_RESOLUTION_FAILED
2022-05-25 19:56:11 ERROR    Failure: 192000098578407187921566301909771202768 : http://localhost:1800/ -> net::ERR_NAME_RESOLUTION_FAILED
2022-05-25 19:56:11 ERROR    Failure: 94097134937905879805143453101758338884 : http://localhost:1800/ -> Failed to load resource: net::ERR_NAME_RESOLUTION_FAILED
2022-05-25 19:56:11 ERROR    Failure: 192000098578407187921566301909771202768 : http://localhost:1800/ -> net::ERR_NAME_RESOLUTION_FAILED
2022-05-25 19:56:11 ERROR    Failure: 94097134937905879805143453101758338884 : http://localhost:1800/ -> Failed to load resource: net::ERR_NAME_RESOLUTION_FAILED
2022-05-25 19:56:12 ERROR    Failure: 79839802101734943688249486384801588623 : http://localhost:1800/ -> Failed to load resource: the server responded with a status of 401 (Unauthorized)
2022-05-25 19:56:12 ERROR    Failure: 233681242693567643314746531081609967369 : http://localhost:1800/ -> status code(401) -> Not logged in
2022-05-25 19:56:22 ERROR    Failure: 192000098578407187921566301909771202768 : http://localhost:1800/ -> net::ERR_NAME_RESOLUTION_FAILED
2022-05-25 19:56:22 ERROR    Failure: 192000098578407187921566301909771202768 : http://localhost:1800/ -> net::ERR_NAME_RESOLUTION_FAILED
2022-05-25 19:56:22 ERROR    Failure: 94097134937905879805143453101758338884 : http://localhost:1800/ -> Failed to load resource: net::ERR_NAME_RESOLUTION_FAILED
2022-05-25 19:56:22 ERROR    Failure: 192000098578407187921566301909771202768 : http://localhost:1800/ -> net::ERR_NAME_RESOLUTION_FAILED
2022-05-25 19:56:22 ERROR    Failure: 94097134937905879805143453101758338884 : http://localhost:1800/ -> Failed to load resource: net::ERR_NAME_RESOLUTION_FAILED
2022-05-25 19:56:22 ERROR    Failure: 192000098578407187921566301909771202768 : http://localhost:1800/ -> net::ERR_NAME_RESOLUTION_FAILED
2022-05-25 19:56:22 ERROR    Failure: 94097134937905879805143453101758338884 : http://localhost:1800/ -> Failed to load resource: net::ERR_NAME_RESOLUTION_FAILED
2022-05-25 19:56:22 ERROR    Failure: 192000098578407187921566301909771202768 : http://localhost:1800/ -> net::ERR_NAME_RESOLUTION_FAILED
2022-05-25 19:56:22 ERROR    Failure: 94097134937905879805143453101758338884 : http://localhost:1800/ -> Failed to load resource: net::ERR_NAME_RESOLUTION_FAILED
2022-05-25 19:56:22 ERROR    Failure: 192000098578407187921566301909771202768 : http://localhost:1800/ -> net::ERR_NAME_RESOLUTION_FAILED
2022-05-25 19:56:22 ERROR    Failure: 94097134937905879805143453101758338884 : http://localhost:1800/ -> Failed to load resource: net::ERR_NAME_RESOLUTION_FAILED
2022-05-25 19:56:22 ERROR    Failure: 192000098578407187921566301909771202768 : http://localhost:1800/ -> net::ERR_NAME_RESOLUTION_FAILED
2022-05-25 19:56:22 ERROR    Failure: 94097134937905879805143453101758338884 : http://localhost:1800/ -> Failed to load resource: net::ERR_NAME_RESOLUTION_FAILED
2022-05-25 19:56:22 ERROR    Failure: 79839802101734943688249486384801588623 : http://localhost:1800/ -> Failed to load resource: the server responded with a status of 401 (Unauthorized)
2022-05-25 19:56:22 ERROR    Failure: 233681242693567643314746531081609967369 : http://localhost:1800/ -> status code(401) -> Not logged in
2022-05-25 19:56:32 ERROR    Failure: 192000098578407187921566301909771202768 : http://localhost:1800/subscribe?product=self-hosted -> net::ERR_NAME_RESOLUTION_FAILED
2022-05-25 19:56:32 ERROR    Failure: 94097134937905879805143453101758338884 : http://localhost:1800/subscribe?product=self-hosted -> Failed to load resource: net::ERR_NAME_RESOLUTION_FAILED
2022-05-25 19:56:32 ERROR    Failure: 192000098578407187921566301909771202768 : http://localhost:1800/subscribe?product=self-hosted -> net::ERR_NAME_RESOLUTION_FAILED
2022-05-25 19:56:32 ERROR    Failure: 94097134937905879805143453101758338884 : http://localhost:1800/subscribe?product=self-hosted -> Failed to load resource: net::ERR_NAME_RESOLUTION_FAILED
2022-05-25 19:56:32 ERROR    Failure: 192000098578407187921566301909771202768 : http://localhost:1800/subscribe?product=self-hosted -> net::ERR_NAME_RESOLUTION_FAILED
2022-05-25 19:56:32 ERROR    Failure: 94097134937905879805143453101758338884 : http://localhost:1800/subscribe?product=self-hosted -> Failed to load resource: net::ERR_NAME_RESOLUTION_FAILED
2022-05-25 19:56:32 ERROR    Failure: 192000098578407187921566301909771202768 : http://localhost:1800/subscribe?product=self-hosted -> net::ERR_NAME_RESOLUTION_FAILED
2022-05-25 19:56:32 ERROR    Failure: 94097134937905879805143453101758338884 : http://localhost:1800/subscribe?product=self-hosted -> Failed to load resource: net::ERR_NAME_RESOLUTION_FAILED
2022-05-25 19:56:32 ERROR    Failure: 192000098578407187921566301909771202768 : http://localhost:1800/subscribe?product=self-hosted -> net::ERR_NAME_RESOLUTION_FAILED
2022-05-25 19:56:32 ERROR    Failure: 94097134937905879805143453101758338884 : http://localhost:1800/subscribe?product=self-hosted -> Failed to load resource: net::ERR_NAME_RESOLUTION_FAILED
2022-05-25 19:56:32 ERROR    Failure: 192000098578407187921566301909771202768 : http://localhost:1800/subscribe?product=self-hosted -> net::ERR_NAME_RESOLUTION_FAILED
2022-05-25 19:56:32 ERROR    Failure: 94097134937905879805143453101758338884 : http://localhost:1800/subscribe?product=self-hosted -> Failed to load resource: net::ERR_NAME_RESOLUTION_FAILED
2022-05-25 19:56:32 ERROR    Failure: 79839802101734943688249486384801588623 : http://localhost:1800/subscribe?product=self-hosted -> Failed to load resource: the server responded with a status of 401 (Unauthorized)
2022-05-25 19:56:33 ERROR    Failure: 192000098578407187921566301909771202768 : http://localhost:1800/subscribe?product=self-hosted -> net::ERR_NAME_RESOLUTION_FAILED
2022-05-25 19:56:33 ERROR    Failure: 94097134937905879805143453101758338884 : http://localhost:1800/subscribe?product=self-hosted -> Failed to load resource: net::ERR_NAME_RESOLUTION_FAILED
2022-05-25 19:56:33 ERROR    Failure: 233681242693567643314746531081609967369 : http://localhost:1800/subscribe?product=self-hosted -> status code(401) -> Not logged in
2022-05-25 19:56:35 ERROR    Failure: 262513326802567628094931167029883077585 : http://localhost:1800/ -> net::ERR_ABORTED
2022-05-25 19:56:35 ERROR    Failure: 262513326802567628094931167029883077585 : http://localhost:1800/ -> net::ERR_ABORTED
2022-05-25 19:56:35 ERROR    Failure: 192000098578407187921566301909771202768 : http://localhost:1800/subscribe?product=team -> net::ERR_NAME_RESOLUTION_FAILED
2022-05-25 19:56:35 ERROR    Failure: 94097134937905879805143453101758338884 : http://localhost:1800/subscribe?product=team -> Failed to load resource: net::ERR_NAME_RESOLUTION_FAILED
2022-05-25 19:56:35 ERROR    Failure: 192000098578407187921566301909771202768 : http://localhost:1800/subscribe?product=team -> net::ERR_NAME_RESOLUTION_FAILED
2022-05-25 19:56:35 ERROR    Failure: 94097134937905879805143453101758338884 : http://localhost:1800/subscribe?product=team -> Failed to load resource: net::ERR_NAME_RESOLUTION_FAILED
2022-05-25 19:56:35 ERROR    Failure: 192000098578407187921566301909771202768 : http://localhost:1800/subscribe?product=team -> net::ERR_NAME_RESOLUTION_FAILED
2022-05-25 19:56:35 ERROR    Failure: 94097134937905879805143453101758338884 : http://localhost:1800/subscribe?product=team -> Failed to load resource: net::ERR_NAME_RESOLUTION_FAILED
2022-05-25 19:56:35 ERROR    Failure: 192000098578407187921566301909771202768 : http://localhost:1800/subscribe?product=team -> net::ERR_NAME_RESOLUTION_FAILED
2022-05-25 19:56:35 ERROR    Failure: 94097134937905879805143453101758338884 : http://localhost:1800/subscribe?product=team -> Failed to load resource: net::ERR_NAME_RESOLUTION_FAILED
2022-05-25 19:56:35 ERROR    Failure: 192000098578407187921566301909771202768 : http://localhost:1800/subscribe?product=team -> net::ERR_NAME_RESOLUTION_FAILED
2022-05-25 19:56:35 ERROR    Failure: 94097134937905879805143453101758338884 : http://localhost:1800/subscribe?product=team -> Failed to load resource: net::ERR_NAME_RESOLUTION_FAILED
2022-05-25 19:56:35 ERROR    Failure: 192000098578407187921566301909771202768 : http://localhost:1800/subscribe?product=team -> net::ERR_NAME_RESOLUTION_FAILED
2022-05-25 19:56:35 ERROR    Failure: 94097134937905879805143453101758338884 : http://localhost:1800/subscribe?product=team -> Failed to load resource: net::ERR_NAME_RESOLUTION_FAILED
2022-05-25 19:56:35 ERROR    Failure: 79839802101734943688249486384801588623 : http://localhost:1800/subscribe?product=team -> Failed to load resource: the server responded with a status of 401 (Unauthorized)
2022-05-25 19:56:35 ERROR    Failure: 233681242693567643314746531081609967369 : http://localhost:1800/subscribe?product=team -> status code(401) -> Not logged in
2022-05-25 19:56:35 ERROR    Failure: 192000098578407187921566301909771202768 : http://localhost:1800/subscribe?product=team -> net::ERR_NAME_RESOLUTION_FAILED
2022-05-25 19:56:35 ERROR    Failure: 94097134937905879805143453101758338884 : http://localhost:1800/subscribe?product=team -> Failed to load resource: net::ERR_NAME_RESOLUTION_FAILED
2022-05-25 19:56:36 ERROR    Failure: 192000098578407187921566301909771202768 : http://localhost:1800/ -> net::ERR_NAME_RESOLUTION_FAILED
2022-05-25 19:56:36 ERROR    Failure: 94097134937905879805143453101758338884 : http://localhost:1800/ -> Failed to load resource: net::ERR_NAME_RESOLUTION_FAILED
2022-05-25 19:56:36 ERROR    Failure: 192000098578407187921566301909771202768 : http://localhost:1800/ -> net::ERR_NAME_RESOLUTION_FAILED
2022-05-25 19:56:36 ERROR    Failure: 94097134937905879805143453101758338884 : http://localhost:1800/ -> Failed to load resource: net::ERR_NAME_RESOLUTION_FAILED
2022-05-25 19:56:36 ERROR    Failure: 192000098578407187921566301909771202768 : http://localhost:1800/ -> net::ERR_NAME_RESOLUTION_FAILED
2022-05-25 19:56:36 ERROR    Failure: 94097134937905879805143453101758338884 : http://localhost:1800/ -> Failed to load resource: net::ERR_NAME_RESOLUTION_FAILED
2022-05-25 19:56:36 ERROR    Failure: 192000098578407187921566301909771202768 : http://localhost:1800/ -> net::ERR_NAME_RESOLUTION_FAILED
2022-05-25 19:56:36 ERROR    Failure: 94097134937905879805143453101758338884 : http://localhost:1800/ -> Failed to load resource: net::ERR_NAME_RESOLUTION_FAILED
2022-05-25 19:56:36 ERROR    Failure: 192000098578407187921566301909771202768 : http://localhost:1800/ -> net::ERR_NAME_RESOLUTION_FAILED
2022-05-25 19:56:36 ERROR    Failure: 94097134937905879805143453101758338884 : http://localhost:1800/ -> Failed to load resource: net::ERR_NAME_RESOLUTION_FAILED
2022-05-25 19:56:36 ERROR    Failure: 192000098578407187921566301909771202768 : http://localhost:1800/ -> net::ERR_NAME_RESOLUTION_FAILED
2022-05-25 19:56:36 ERROR    Failure: 94097134937905879805143453101758338884 : http://localhost:1800/ -> Failed to load resource: net::ERR_NAME_RESOLUTION_FAILED
2022-05-25 19:56:37 ERROR    Failure: 79839802101734943688249486384801588623 : http://localhost:1800/ -> Failed to load resource: the server responded with a status of 401 (Unauthorized)
2022-05-25 19:56:37 ERROR    Failure: 233681242693567643314746531081609967369 : http://localhost:1800/ -> status code(401) -> Not logged in
2022-05-25 19:56:48 ERROR    Failure: 192000098578407187921566301909771202768 : http://localhost:1800/subscribe?product=team -> net::ERR_NAME_RESOLUTION_FAILED
2022-05-25 19:56:48 ERROR    Failure: 94097134937905879805143453101758338884 : http://localhost:1800/subscribe?product=team -> Failed to load resource: net::ERR_NAME_RESOLUTION_FAILED
2022-05-25 19:56:48 ERROR    Failure: 192000098578407187921566301909771202768 : http://localhost:1800/subscribe?product=team -> net::ERR_NAME_RESOLUTION_FAILED
2022-05-25 19:56:48 ERROR    Failure: 94097134937905879805143453101758338884 : http://localhost:1800/subscribe?product=team -> Failed to load resource: net::ERR_NAME_RESOLUTION_FAILED
2022-05-25 19:56:48 ERROR    Failure: 192000098578407187921566301909771202768 : http://localhost:1800/subscribe?product=team -> net::ERR_NAME_RESOLUTION_FAILED
2022-05-25 19:56:48 ERROR    Failure: 94097134937905879805143453101758338884 : http://localhost:1800/subscribe?product=team -> Failed to load resource: net::ERR_NAME_RESOLUTION_FAILED
2022-05-25 19:56:48 ERROR    Failure: 192000098578407187921566301909771202768 : http://localhost:1800/subscribe?product=team -> net::ERR_NAME_RESOLUTION_FAILED
2022-05-25 19:56:48 ERROR    Failure: 94097134937905879805143453101758338884 : http://localhost:1800/subscribe?product=team -> Failed to load resource: net::ERR_NAME_RESOLUTION_FAILED
2022-05-25 19:56:48 ERROR    Failure: 192000098578407187921566301909771202768 : http://localhost:1800/subscribe?product=team -> net::ERR_NAME_RESOLUTION_FAILED
2022-05-25 19:56:48 ERROR    Failure: 94097134937905879805143453101758338884 : http://localhost:1800/subscribe?product=team -> Failed to load resource: net::ERR_NAME_RESOLUTION_FAILED
2022-05-25 19:56:48 ERROR    Failure: 192000098578407187921566301909771202768 : http://localhost:1800/subscribe?product=team -> net::ERR_NAME_RESOLUTION_FAILED
2022-05-25 19:56:48 ERROR    Failure: 94097134937905879805143453101758338884 : http://localhost:1800/subscribe?product=team -> Failed to load resource: net::ERR_NAME_RESOLUTION_FAILED
2022-05-25 19:56:48 ERROR    Failure: 79839802101734943688249486384801588623 : http://localhost:1800/subscribe?product=team -> Failed to load resource: the server responded with a status of 401 (Unauthorized)
2022-05-25 19:56:48 ERROR    Failure: 192000098578407187921566301909771202768 : http://localhost:1800/subscribe?product=team -> net::ERR_NAME_RESOLUTION_FAILED
2022-05-25 19:56:48 ERROR    Failure: 94097134937905879805143453101758338884 : http://localhost:1800/subscribe?product=team -> Failed to load resource: net::ERR_NAME_RESOLUTION_FAILED
2022-05-25 19:56:48 ERROR    Failure: 233681242693567643314746531081609967369 : http://localhost:1800/subscribe?product=team -> status code(401) -> Not logged in
2022-05-25 19:56:53 ERROR    Failure: 192000098578407187921566301909771202768 : http://localhost:1800/ -> net::ERR_NAME_RESOLUTION_FAILED
2022-05-25 19:56:53 ERROR    Failure: 94097134937905879805143453101758338884 : http://localhost:1800/ -> Failed to load resource: net::ERR_NAME_RESOLUTION_FAILED
2022-05-25 19:56:53 ERROR    Failure: 192000098578407187921566301909771202768 : http://localhost:1800/ -> net::ERR_NAME_RESOLUTION_FAILED
2022-05-25 19:56:53 ERROR    Failure: 94097134937905879805143453101758338884 : http://localhost:1800/ -> Failed to load resource: net::ERR_NAME_RESOLUTION_FAILED
2022-05-25 19:56:53 ERROR    Failure: 192000098578407187921566301909771202768 : http://localhost:1800/ -> net::ERR_NAME_RESOLUTION_FAILED
2022-05-25 19:56:53 ERROR    Failure: 94097134937905879805143453101758338884 : http://localhost:1800/ -> Failed to load resource: net::ERR_NAME_RESOLUTION_FAILED
2022-05-25 19:56:53 ERROR    Failure: 192000098578407187921566301909771202768 : http://localhost:1800/ -> net::ERR_NAME_RESOLUTION_FAILED
2022-05-25 19:56:53 ERROR    Failure: 94097134937905879805143453101758338884 : http://localhost:1800/ -> Failed to load resource: net::ERR_NAME_RESOLUTION_FAILED
2022-05-25 19:56:53 ERROR    Failure: 192000098578407187921566301909771202768 : http://localhost:1800/ -> net::ERR_NAME_RESOLUTION_FAILED
2022-05-25 19:56:53 ERROR    Failure: 94097134937905879805143453101758338884 : http://localhost:1800/ -> Failed to load resource: net::ERR_NAME_RESOLUTION_FAILED
2022-05-25 19:56:53 ERROR    Failure: 192000098578407187921566301909771202768 : http://localhost:1800/ -> net::ERR_NAME_RESOLUTION_FAILED
2022-05-25 19:56:53 ERROR    Failure: 94097134937905879805143453101758338884 : http://localhost:1800/ -> Failed to load resource: net::ERR_NAME_RESOLUTION_FAILED
2022-05-25 19:56:54 ERROR    Failure: 79839802101734943688249486384801588623 : http://localhost:1800/ -> Failed to load resource: the server responded with a status of 401 (Unauthorized)
2022-05-25 19:56:54 ERROR    Failure: 233681242693567643314746531081609967369 : http://localhost:1800/ -> status code(401) -> Not logged in
2022-05-25 19:57:04 ERROR    Failure: 262513326802567628094931167029883077585 : http://localhost:1800/# -> net::ERR_ABORTED
2022-05-25 19:57:04 ERROR    Failure: 192000098578407187921566301909771202768 : http://localhost:1800/subscribe?product=self-hosted -> net::ERR_NAME_RESOLUTION_FAILED
2022-05-25 19:57:04 ERROR    Failure: 94097134937905879805143453101758338884 : http://localhost:1800/subscribe?product=self-hosted -> Failed to load resource: net::ERR_NAME_RESOLUTION_FAILED
2022-05-25 19:57:04 ERROR    Failure: 192000098578407187921566301909771202768 : http://localhost:1800/subscribe?product=self-hosted -> net::ERR_NAME_RESOLUTION_FAILED
2022-05-25 19:57:04 ERROR    Failure: 94097134937905879805143453101758338884 : http://localhost:1800/subscribe?product=self-hosted -> Failed to load resource: net::ERR_NAME_RESOLUTION_FAILED
2022-05-25 19:57:04 ERROR    Failure: 192000098578407187921566301909771202768 : http://localhost:1800/subscribe?product=self-hosted -> net::ERR_NAME_RESOLUTION_FAILED
2022-05-25 19:57:04 ERROR    Failure: 94097134937905879805143453101758338884 : http://localhost:1800/subscribe?product=self-hosted -> Failed to load resource: net::ERR_NAME_RESOLUTION_FAILED
2022-05-25 19:57:04 ERROR    Failure: 192000098578407187921566301909771202768 : http://localhost:1800/subscribe?product=self-hosted -> net::ERR_NAME_RESOLUTION_FAILED
2022-05-25 19:57:04 ERROR    Failure: 94097134937905879805143453101758338884 : http://localhost:1800/subscribe?product=self-hosted -> Failed to load resource: net::ERR_NAME_RESOLUTION_FAILED
2022-05-25 19:57:04 ERROR    Failure: 192000098578407187921566301909771202768 : http://localhost:1800/subscribe?product=self-hosted -> net::ERR_NAME_RESOLUTION_FAILED
2022-05-25 19:57:04 ERROR    Failure: 94097134937905879805143453101758338884 : http://localhost:1800/subscribe?product=self-hosted -> Failed to load resource: net::ERR_NAME_RESOLUTION_FAILED
2022-05-25 19:57:04 ERROR    Failure: 192000098578407187921566301909771202768 : http://localhost:1800/subscribe?product=self-hosted -> net::ERR_NAME_RESOLUTION_FAILED
2022-05-25 19:57:04 ERROR    Failure: 94097134937905879805143453101758338884 : http://localhost:1800/subscribe?product=self-hosted -> Failed to load resource: net::ERR_NAME_RESOLUTION_FAILED
2022-05-25 19:57:05 ERROR    Failure: 79839802101734943688249486384801588623 : http://localhost:1800/subscribe?product=self-hosted -> Failed to load resource: the server responded with a status of 401 (Unauthorized)
2022-05-25 19:57:05 ERROR    Failure: 233681242693567643314746531081609967369 : http://localhost:1800/subscribe?product=self-hosted -> status code(401) -> Not logged in
2022-05-25 19:57:05 ERROR    Failure: 192000098578407187921566301909771202768 : http://localhost:1800/subscribe?product=self-hosted -> net::ERR_NAME_RESOLUTION_FAILED
2022-05-25 19:57:05 ERROR    Failure: 94097134937905879805143453101758338884 : http://localhost:1800/subscribe?product=self-hosted -> Failed to load resource: net::ERR_NAME_RESOLUTION_FAILED
2022-05-25 19:57:08 ERROR    Failure: 192000098578407187921566301909771202768 : http://localhost:1800/ -> net::ERR_NAME_RESOLUTION_FAILED
2022-05-25 19:57:08 ERROR    Failure: 94097134937905879805143453101758338884 : http://localhost:1800/ -> Failed to load resource: net::ERR_NAME_RESOLUTION_FAILED
2022-05-25 19:57:08 ERROR    Failure: 192000098578407187921566301909771202768 : http://localhost:1800/ -> net::ERR_NAME_RESOLUTION_FAILED
2022-05-25 19:57:08 ERROR    Failure: 94097134937905879805143453101758338884 : http://localhost:1800/ -> Failed to load resource: net::ERR_NAME_RESOLUTION_FAILED
2022-05-25 19:57:08 ERROR    Failure: 192000098578407187921566301909771202768 : http://localhost:1800/ -> net::ERR_NAME_RESOLUTION_FAILED
2022-05-25 19:57:08 ERROR    Failure: 94097134937905879805143453101758338884 : http://localhost:1800/ -> Failed to load resource: net::ERR_NAME_RESOLUTION_FAILED
2022-05-25 19:57:08 ERROR    Failure: 192000098578407187921566301909771202768 : http://localhost:1800/ -> net::ERR_NAME_RESOLUTION_FAILED
2022-05-25 19:57:08 ERROR    Failure: 94097134937905879805143453101758338884 : http://localhost:1800/ -> Failed to load resource: net::ERR_NAME_RESOLUTION_FAILED
2022-05-25 19:57:08 ERROR    Failure: 192000098578407187921566301909771202768 : http://localhost:1800/ -> net::ERR_NAME_RESOLUTION_FAILED
2022-05-25 19:57:08 ERROR    Failure: 94097134937905879805143453101758338884 : http://localhost:1800/ -> Failed to load resource: net::ERR_NAME_RESOLUTION_FAILED
2022-05-25 19:57:08 ERROR    Failure: 192000098578407187921566301909771202768 : http://localhost:1800/ -> net::ERR_NAME_RESOLUTION_FAILED
2022-05-25 19:57:08 ERROR    Failure: 94097134937905879805143453101758338884 : http://localhost:1800/ -> Failed to load resource: net::ERR_NAME_RESOLUTION_FAILED
2022-05-25 19:57:08 ERROR    Failure: 79839802101734943688249486384801588623 : http://localhost:1800/ -> Failed to load resource: the server responded with a status of 401 (Unauthorized)
2022-05-25 19:57:09 ERROR    Failure: 233681242693567643314746531081609967369 : http://localhost:1800/ -> status code(401) -> Not logged in
2022-05-25 19:57:21 ERROR    Failure: 192000098578407187921566301909771202768 : http://localhost:1800/ -> net::ERR_NAME_RESOLUTION_FAILED
2022-05-25 19:57:21 ERROR    Failure: 192000098578407187921566301909771202768 : http://localhost:1800/ -> net::ERR_NAME_RESOLUTION_FAILED
2022-05-25 19:57:21 ERROR    Failure: 94097134937905879805143453101758338884 : http://localhost:1800/ -> Failed to load resource: net::ERR_NAME_RESOLUTION_FAILED
2022-05-25 19:57:21 ERROR    Failure: 192000098578407187921566301909771202768 : http://localhost:1800/ -> net::ERR_NAME_RESOLUTION_FAILED
2022-05-25 19:57:21 ERROR    Failure: 94097134937905879805143453101758338884 : http://localhost:1800/ -> Failed to load resource: net::ERR_NAME_RESOLUTION_FAILED
2022-05-25 19:57:21 ERROR    Failure: 192000098578407187921566301909771202768 : http://localhost:1800/ -> net::ERR_NAME_RESOLUTION_FAILED
2022-05-25 19:57:21 ERROR    Failure: 94097134937905879805143453101758338884 : http://localhost:1800/ -> Failed to load resource: net::ERR_NAME_RESOLUTION_FAILED
2022-05-25 19:57:21 ERROR    Failure: 192000098578407187921566301909771202768 : http://localhost:1800/ -> net::ERR_NAME_RESOLUTION_FAILED
2022-05-25 19:57:21 ERROR    Failure: 94097134937905879805143453101758338884 : http://localhost:1800/ -> Failed to load resource: net::ERR_NAME_RESOLUTION_FAILED
2022-05-25 19:57:21 ERROR    Failure: 192000098578407187921566301909771202768 : http://localhost:1800/ -> net::ERR_NAME_RESOLUTION_FAILED
2022-05-25 19:57:21 ERROR    Failure: 94097134937905879805143453101758338884 : http://localhost:1800/ -> Failed to load resource: net::ERR_NAME_RESOLUTION_FAILED
2022-05-25 19:57:21 ERROR    Failure: 192000098578407187921566301909771202768 : http://localhost:1800/ -> net::ERR_NAME_RESOLUTION_FAILED
2022-05-25 19:57:21 ERROR    Failure: 94097134937905879805143453101758338884 : http://localhost:1800/ -> Failed to load resource: net::ERR_NAME_RESOLUTION_FAILED
2022-05-25 19:57:21 ERROR    Failure: 79839802101734943688249486384801588623 : http://localhost:1800/ -> Failed to load resource: the server responded with a status of 401 (Unauthorized)
2022-05-25 19:57:21 ERROR    Failure: 233681242693567643314746531081609967369 : http://localhost:1800/ -> status code(401) -> Not logged in
2022-05-25 19:57:31 ERROR    Failure: 192000098578407187921566301909771202768 : http://localhost:1800/subscribe?product=team -> net::ERR_NAME_RESOLUTION_FAILED
2022-05-25 19:57:31 ERROR    Failure: 94097134937905879805143453101758338884 : http://localhost:1800/subscribe?product=team -> Failed to load resource: net::ERR_NAME_RESOLUTION_FAILED
2022-05-25 19:57:31 ERROR    Failure: 192000098578407187921566301909771202768 : http://localhost:1800/subscribe?product=team -> net::ERR_NAME_RESOLUTION_FAILED
2022-05-25 19:57:31 ERROR    Failure: 94097134937905879805143453101758338884 : http://localhost:1800/subscribe?product=team -> Failed to load resource: net::ERR_NAME_RESOLUTION_FAILED
2022-05-25 19:57:31 ERROR    Failure: 192000098578407187921566301909771202768 : http://localhost:1800/subscribe?product=team -> net::ERR_NAME_RESOLUTION_FAILED
2022-05-25 19:57:31 ERROR    Failure: 94097134937905879805143453101758338884 : http://localhost:1800/subscribe?product=team -> Failed to load resource: net::ERR_NAME_RESOLUTION_FAILED
2022-05-25 19:57:31 ERROR    Failure: 192000098578407187921566301909771202768 : http://localhost:1800/subscribe?product=team -> net::ERR_NAME_RESOLUTION_FAILED
2022-05-25 19:57:31 ERROR    Failure: 94097134937905879805143453101758338884 : http://localhost:1800/subscribe?product=team -> Failed to load resource: net::ERR_NAME_RESOLUTION_FAILED
2022-05-25 19:57:31 ERROR    Failure: 192000098578407187921566301909771202768 : http://localhost:1800/subscribe?product=team -> net::ERR_NAME_RESOLUTION_FAILED
2022-05-25 19:57:31 ERROR    Failure: 94097134937905879805143453101758338884 : http://localhost:1800/subscribe?product=team -> Failed to load resource: net::ERR_NAME_RESOLUTION_FAILED
2022-05-25 19:57:31 ERROR    Failure: 192000098578407187921566301909771202768 : http://localhost:1800/subscribe?product=team -> net::ERR_NAME_RESOLUTION_FAILED
2022-05-25 19:57:31 ERROR    Failure: 94097134937905879805143453101758338884 : http://localhost:1800/subscribe?product=team -> Failed to load resource: net::ERR_NAME_RESOLUTION_FAILED
2022-05-25 19:57:31 ERROR    Failure: 79839802101734943688249486384801588623 : http://localhost:1800/subscribe?product=team -> Failed to load resource: the server responded with a status of 401 (Unauthorized)
2022-05-25 19:57:31 ERROR    Failure: 192000098578407187921566301909771202768 : http://localhost:1800/subscribe?product=team -> net::ERR_NAME_RESOLUTION_FAILED
2022-05-25 19:57:31 ERROR    Failure: 94097134937905879805143453101758338884 : http://localhost:1800/subscribe?product=team -> Failed to load resource: net::ERR_NAME_RESOLUTION_FAILED
2022-05-25 19:57:31 ERROR    Failure: 233681242693567643314746531081609967369 : http://localhost:1800/subscribe?product=team -> status code(401) -> Not logged in
2022-05-25 19:57:37 ERROR    Failure: 192000098578407187921566301909771202768 : http://localhost:1800/ -> net::ERR_NAME_RESOLUTION_FAILED
2022-05-25 19:57:37 ERROR    Failure: 94097134937905879805143453101758338884 : http://localhost:1800/ -> Failed to load resource: net::ERR_NAME_RESOLUTION_FAILED
2022-05-25 19:57:37 ERROR    Failure: 192000098578407187921566301909771202768 : http://localhost:1800/ -> net::ERR_NAME_RESOLUTION_FAILED
2022-05-25 19:57:37 ERROR    Failure: 94097134937905879805143453101758338884 : http://localhost:1800/ -> Failed to load resource: net::ERR_NAME_RESOLUTION_FAILED
2022-05-25 19:57:37 ERROR    Failure: 192000098578407187921566301909771202768 : http://localhost:1800/ -> net::ERR_NAME_RESOLUTION_FAILED
2022-05-25 19:57:37 ERROR    Failure: 94097134937905879805143453101758338884 : http://localhost:1800/ -> Failed to load resource: net::ERR_NAME_RESOLUTION_FAILED
2022-05-25 19:57:37 ERROR    Failure: 192000098578407187921566301909771202768 : http://localhost:1800/ -> net::ERR_NAME_RESOLUTION_FAILED
2022-05-25 19:57:37 ERROR    Failure: 94097134937905879805143453101758338884 : http://localhost:1800/ -> Failed to load resource: net::ERR_NAME_RESOLUTION_FAILED
2022-05-25 19:57:37 ERROR    Failure: 192000098578407187921566301909771202768 : http://localhost:1800/ -> net::ERR_NAME_RESOLUTION_FAILED
2022-05-25 19:57:37 ERROR    Failure: 94097134937905879805143453101758338884 : http://localhost:1800/ -> Failed to load resource: net::ERR_NAME_RESOLUTION_FAILED
2022-05-25 19:57:37 ERROR    Failure: 192000098578407187921566301909771202768 : http://localhost:1800/ -> net::ERR_NAME_RESOLUTION_FAILED
2022-05-25 19:57:37 ERROR    Failure: 94097134937905879805143453101758338884 : http://localhost:1800/ -> Failed to load resource: net::ERR_NAME_RESOLUTION_FAILED
2022-05-25 19:57:37 ERROR    Failure: 79839802101734943688249486384801588623 : http://localhost:1800/ -> Failed to load resource: the server responded with a status of 401 (Unauthorized)
2022-05-25 19:57:37 ERROR    Failure: 233681242693567643314746531081609967369 : http://localhost:1800/ -> status code(401) -> Not logged in
2022-05-25 19:57:48 ERROR    Failure: 192000098578407187921566301909771202768 : http://localhost:1800/subscribe?product=self-hosted -> net::ERR_NAME_RESOLUTION_FAILED
2022-05-25 19:57:48 ERROR    Failure: 94097134937905879805143453101758338884 : http://localhost:1800/subscribe?product=self-hosted -> Failed to load resource: net::ERR_NAME_RESOLUTION_FAILED
2022-05-25 19:57:48 ERROR    Failure: 192000098578407187921566301909771202768 : http://localhost:1800/subscribe?product=self-hosted -> net::ERR_NAME_RESOLUTION_FAILED
2022-05-25 19:57:48 ERROR    Failure: 94097134937905879805143453101758338884 : http://localhost:1800/subscribe?product=self-hosted -> Failed to load resource: net::ERR_NAME_RESOLUTION_FAILED
2022-05-25 19:57:48 ERROR    Failure: 192000098578407187921566301909771202768 : http://localhost:1800/subscribe?product=self-hosted -> net::ERR_NAME_RESOLUTION_FAILED
2022-05-25 19:57:48 ERROR    Failure: 94097134937905879805143453101758338884 : http://localhost:1800/subscribe?product=self-hosted -> Failed to load resource: net::ERR_NAME_RESOLUTION_FAILED
2022-05-25 19:57:48 ERROR    Failure: 192000098578407187921566301909771202768 : http://localhost:1800/subscribe?product=self-hosted -> net::ERR_NAME_RESOLUTION_FAILED
2022-05-25 19:57:48 ERROR    Failure: 94097134937905879805143453101758338884 : http://localhost:1800/subscribe?product=self-hosted -> Failed to load resource: net::ERR_NAME_RESOLUTION_FAILED
2022-05-25 19:57:48 ERROR    Failure: 192000098578407187921566301909771202768 : http://localhost:1800/subscribe?product=self-hosted -> net::ERR_NAME_RESOLUTION_FAILED
2022-05-25 19:57:48 ERROR    Failure: 94097134937905879805143453101758338884 : http://localhost:1800/subscribe?product=self-hosted -> Failed to load resource: net::ERR_NAME_RESOLUTION_FAILED
2022-05-25 19:57:48 ERROR    Failure: 192000098578407187921566301909771202768 : http://localhost:1800/subscribe?product=self-hosted -> net::ERR_NAME_RESOLUTION_FAILED
2022-05-25 19:57:48 ERROR    Failure: 94097134937905879805143453101758338884 : http://localhost:1800/subscribe?product=self-hosted -> Failed to load resource: net::ERR_NAME_RESOLUTION_FAILED
2022-05-25 19:57:48 ERROR    Failure: 79839802101734943688249486384801588623 : http://localhost:1800/subscribe?product=self-hosted -> Failed to load resource: the server responded with a status of 401 (Unauthorized)
2022-05-25 19:57:48 ERROR    Failure: 233681242693567643314746531081609967369 : http://localhost:1800/subscribe?product=self-hosted -> status code(401) -> Not logged in
2022-05-25 19:57:48 ERROR    Failure: 192000098578407187921566301909771202768 : http://localhost:1800/subscribe?product=self-hosted -> net::ERR_NAME_RESOLUTION_FAILED
2022-05-25 19:57:48 ERROR    Failure: 94097134937905879805143453101758338884 : http://localhost:1800/subscribe?product=self-hosted -> Failed to load resource: net::ERR_NAME_RESOLUTION_FAILED
2022-05-25 19:57:53 ERROR    Failure: 192000098578407187921566301909771202768 : http://localhost:1800/ -> net::ERR_NAME_RESOLUTION_FAILED
2022-05-25 19:57:53 ERROR    Failure: 94097134937905879805143453101758338884 : http://localhost:1800/ -> Failed to load resource: net::ERR_NAME_RESOLUTION_FAILED
2022-05-25 19:57:53 ERROR    Failure: 192000098578407187921566301909771202768 : http://localhost:1800/ -> net::ERR_NAME_RESOLUTION_FAILED
2022-05-25 19:57:53 ERROR    Failure: 94097134937905879805143453101758338884 : http://localhost:1800/ -> Failed to load resource: net::ERR_NAME_RESOLUTION_FAILED
2022-05-25 19:57:53 ERROR    Failure: 192000098578407187921566301909771202768 : http://localhost:1800/ -> net::ERR_NAME_RESOLUTION_FAILED
2022-05-25 19:57:53 ERROR    Failure: 94097134937905879805143453101758338884 : http://localhost:1800/ -> Failed to load resource: net::ERR_NAME_RESOLUTION_FAILED
2022-05-25 19:57:53 ERROR    Failure: 192000098578407187921566301909771202768 : http://localhost:1800/ -> net::ERR_NAME_RESOLUTION_FAILED
2022-05-25 19:57:53 ERROR    Failure: 94097134937905879805143453101758338884 : http://localhost:1800/ -> Failed to load resource: net::ERR_NAME_RESOLUTION_FAILED
2022-05-25 19:57:53 ERROR    Failure: 192000098578407187921566301909771202768 : http://localhost:1800/ -> net::ERR_NAME_RESOLUTION_FAILED
2022-05-25 19:57:53 ERROR    Failure: 94097134937905879805143453101758338884 : http://localhost:1800/ -> Failed to load resource: net::ERR_NAME_RESOLUTION_FAILED
2022-05-25 19:57:53 ERROR    Failure: 192000098578407187921566301909771202768 : http://localhost:1800/ -> net::ERR_NAME_RESOLUTION_FAILED
2022-05-25 19:57:53 ERROR    Failure: 94097134937905879805143453101758338884 : http://localhost:1800/ -> Failed to load resource: net::ERR_NAME_RESOLUTION_FAILED
2022-05-25 19:57:54 ERROR    Failure: 79839802101734943688249486384801588623 : http://localhost:1800/ -> Failed to load resource: the server responded with a status of 401 (Unauthorized)
2022-05-25 19:57:54 ERROR    Failure: 233681242693567643314746531081609967369 : http://localhost:1800/ -> status code(401) -> Not logged in
2022-05-25 19:58:04 ERROR    Failure: 192000098578407187921566301909771202768 : http://localhost:1800/subscribe?product=unlimited -> net::ERR_NAME_RESOLUTION_FAILED
2022-05-25 19:58:04 ERROR    Failure: 94097134937905879805143453101758338884 : http://localhost:1800/subscribe?product=unlimited -> Failed to load resource: net::ERR_NAME_RESOLUTION_FAILED
2022-05-25 19:58:04 ERROR    Failure: 192000098578407187921566301909771202768 : http://localhost:1800/subscribe?product=unlimited -> net::ERR_NAME_RESOLUTION_FAILED
2022-05-25 19:58:04 ERROR    Failure: 94097134937905879805143453101758338884 : http://localhost:1800/subscribe?product=unlimited -> Failed to load resource: net::ERR_NAME_RESOLUTION_FAILED
2022-05-25 19:58:04 ERROR    Failure: 192000098578407187921566301909771202768 : http://localhost:1800/subscribe?product=unlimited -> net::ERR_NAME_RESOLUTION_FAILED
2022-05-25 19:58:04 ERROR    Failure: 94097134937905879805143453101758338884 : http://localhost:1800/subscribe?product=unlimited -> Failed to load resource: net::ERR_NAME_RESOLUTION_FAILED
2022-05-25 19:58:04 ERROR    Failure: 192000098578407187921566301909771202768 : http://localhost:1800/subscribe?product=unlimited -> net::ERR_NAME_RESOLUTION_FAILED
2022-05-25 19:58:04 ERROR    Failure: 94097134937905879805143453101758338884 : http://localhost:1800/subscribe?product=unlimited -> Failed to load resource: net::ERR_NAME_RESOLUTION_FAILED
2022-05-25 19:58:04 ERROR    Failure: 192000098578407187921566301909771202768 : http://localhost:1800/subscribe?product=unlimited -> net::ERR_NAME_RESOLUTION_FAILED
2022-05-25 19:58:04 ERROR    Failure: 94097134937905879805143453101758338884 : http://localhost:1800/subscribe?product=unlimited -> Failed to load resource: net::ERR_NAME_RESOLUTION_FAILED
2022-05-25 19:58:04 ERROR    Failure: 192000098578407187921566301909771202768 : http://localhost:1800/subscribe?product=unlimited -> net::ERR_NAME_RESOLUTION_FAILED
2022-05-25 19:58:04 ERROR    Failure: 94097134937905879805143453101758338884 : http://localhost:1800/subscribe?product=unlimited -> Failed to load resource: net::ERR_NAME_RESOLUTION_FAILED
2022-05-25 19:58:04 ERROR    Failure: 79839802101734943688249486384801588623 : http://localhost:1800/subscribe?product=unlimited -> Failed to load resource: the server responded with a status of 401 (Unauthorized)
2022-05-25 19:58:04 ERROR    Failure: 192000098578407187921566301909771202768 : http://localhost:1800/subscribe?product=unlimited -> net::ERR_NAME_RESOLUTION_FAILED
2022-05-25 19:58:04 ERROR    Failure: 94097134937905879805143453101758338884 : http://localhost:1800/subscribe?product=unlimited -> Failed to load resource: net::ERR_NAME_RESOLUTION_FAILED
2022-05-25 19:58:04 ERROR    Failure: 233681242693567643314746531081609967369 : http://localhost:1800/subscribe?product=unlimited -> status code(401) -> Not logged in
2022-05-25 19:58:08 ERROR    Failure: 192000098578407187921566301909771202768 : http://localhost:1800/ -> net::ERR_NAME_RESOLUTION_FAILED
2022-05-25 19:58:08 ERROR    Failure: 94097134937905879805143453101758338884 : http://localhost:1800/ -> Failed to load resource: net::ERR_NAME_RESOLUTION_FAILED
2022-05-25 19:58:08 ERROR    Failure: 192000098578407187921566301909771202768 : http://localhost:1800/ -> net::ERR_NAME_RESOLUTION_FAILED
2022-05-25 19:58:08 ERROR    Failure: 94097134937905879805143453101758338884 : http://localhost:1800/ -> Failed to load resource: net::ERR_NAME_RESOLUTION_FAILED
2022-05-25 19:58:08 ERROR    Failure: 192000098578407187921566301909771202768 : http://localhost:1800/ -> net::ERR_NAME_RESOLUTION_FAILED
2022-05-25 19:58:08 ERROR    Failure: 94097134937905879805143453101758338884 : http://localhost:1800/ -> Failed to load resource: net::ERR_NAME_RESOLUTION_FAILED
2022-05-25 19:58:08 ERROR    Failure: 192000098578407187921566301909771202768 : http://localhost:1800/ -> net::ERR_NAME_RESOLUTION_FAILED
2022-05-25 19:58:08 ERROR    Failure: 94097134937905879805143453101758338884 : http://localhost:1800/ -> Failed to load resource: net::ERR_NAME_RESOLUTION_FAILED
2022-05-25 19:58:08 ERROR    Failure: 192000098578407187921566301909771202768 : http://localhost:1800/ -> net::ERR_NAME_RESOLUTION_FAILED
2022-05-25 19:58:08 ERROR    Failure: 94097134937905879805143453101758338884 : http://localhost:1800/ -> Failed to load resource: net::ERR_NAME_RESOLUTION_FAILED
2022-05-25 19:58:08 ERROR    Failure: 192000098578407187921566301909771202768 : http://localhost:1800/ -> net::ERR_NAME_RESOLUTION_FAILED
2022-05-25 19:58:08 ERROR    Failure: 94097134937905879805143453101758338884 : http://localhost:1800/ -> Failed to load resource: net::ERR_NAME_RESOLUTION_FAILED
2022-05-25 19:58:09 ERROR    Failure: 79839802101734943688249486384801588623 : http://localhost:1800/ -> Failed to load resource: the server responded with a status of 401 (Unauthorized)
2022-05-25 19:58:09 ERROR    Failure: 233681242693567643314746531081609967369 : http://localhost:1800/ -> status code(401) -> Not logged in
2022-05-25 19:58:18 ERROR    Failure: 192000098578407187921566301909771202768 : http://localhost:1800/login -> net::ERR_NAME_RESOLUTION_FAILED
2022-05-25 19:58:18 ERROR    Failure: 94097134937905879805143453101758338884 : http://localhost:1800/login -> Failed to load resource: net::ERR_NAME_RESOLUTION_FAILED
2022-05-25 19:58:18 ERROR    Failure: 192000098578407187921566301909771202768 : http://localhost:1800/login -> net::ERR_NAME_RESOLUTION_FAILED
2022-05-25 19:58:18 ERROR    Failure: 94097134937905879805143453101758338884 : http://localhost:1800/login -> Failed to load resource: net::ERR_NAME_RESOLUTION_FAILED
2022-05-25 19:58:18 ERROR    Failure: 192000098578407187921566301909771202768 : http://localhost:1800/login -> net::ERR_NAME_RESOLUTION_FAILED
2022-05-25 19:58:18 ERROR    Failure: 94097134937905879805143453101758338884 : http://localhost:1800/login -> Failed to load resource: net::ERR_NAME_RESOLUTION_FAILED
2022-05-25 19:58:18 ERROR    Failure: 192000098578407187921566301909771202768 : http://localhost:1800/login -> net::ERR_NAME_RESOLUTION_FAILED
2022-05-25 19:58:18 ERROR    Failure: 94097134937905879805143453101758338884 : http://localhost:1800/login -> Failed to load resource: net::ERR_NAME_RESOLUTION_FAILED
2022-05-25 19:58:18 ERROR    Failure: 192000098578407187921566301909771202768 : http://localhost:1800/login -> net::ERR_NAME_RESOLUTION_FAILED
2022-05-25 19:58:18 ERROR    Failure: 94097134937905879805143453101758338884 : http://localhost:1800/login -> Failed to load resource: net::ERR_NAME_RESOLUTION_FAILED
2022-05-25 19:58:18 ERROR    Failure: 192000098578407187921566301909771202768 : http://localhost:1800/login -> net::ERR_NAME_RESOLUTION_FAILED
2022-05-25 19:58:18 ERROR    Failure: 94097134937905879805143453101758338884 : http://localhost:1800/login -> Failed to load resource: net::ERR_NAME_RESOLUTION_FAILED
2022-05-25 19:58:19 ERROR    Failure: 79839802101734943688249486384801588623 : http://localhost:1800/login -> Failed to load resource: the server responded with a status of 401 (Unauthorized)
2022-05-25 19:58:19 ERROR    Failure: 233681242693567643314746531081609967369 : http://localhost:1800/login -> status code(401) -> Not logged in
2022-05-25 19:58:22 ERROR    Failure: 192000098578407187921566301909771202768 : http://localhost:1800/ -> net::ERR_NAME_RESOLUTION_FAILED
2022-05-25 19:58:22 ERROR    Failure: 192000098578407187921566301909771202768 : http://localhost:1800/ -> net::ERR_NAME_RESOLUTION_FAILED
2022-05-25 19:58:22 ERROR    Failure: 94097134937905879805143453101758338884 : http://localhost:1800/ -> Failed to load resource: net::ERR_NAME_RESOLUTION_FAILED
2022-05-25 19:58:22 ERROR    Failure: 192000098578407187921566301909771202768 : http://localhost:1800/ -> net::ERR_NAME_RESOLUTION_FAILED
2022-05-25 19:58:22 ERROR    Failure: 94097134937905879805143453101758338884 : http://localhost:1800/ -> Failed to load resource: net::ERR_NAME_RESOLUTION_FAILED
2022-05-25 19:58:22 ERROR    Failure: 192000098578407187921566301909771202768 : http://localhost:1800/ -> net::ERR_NAME_RESOLUTION_FAILED
2022-05-25 19:58:22 ERROR    Failure: 94097134937905879805143453101758338884 : http://localhost:1800/ -> Failed to load resource: net::ERR_NAME_RESOLUTION_FAILED
2022-05-25 19:58:22 ERROR    Failure: 192000098578407187921566301909771202768 : http://localhost:1800/ -> net::ERR_NAME_RESOLUTION_FAILED
2022-05-25 19:58:22 ERROR    Failure: 94097134937905879805143453101758338884 : http://localhost:1800/ -> Failed to load resource: net::ERR_NAME_RESOLUTION_FAILED
2022-05-25 19:58:22 ERROR    Failure: 192000098578407187921566301909771202768 : http://localhost:1800/ -> net::ERR_NAME_RESOLUTION_FAILED
2022-05-25 19:58:22 ERROR    Failure: 94097134937905879805143453101758338884 : http://localhost:1800/ -> Failed to load resource: net::ERR_NAME_RESOLUTION_FAILED
2022-05-25 19:58:22 ERROR    Failure: 192000098578407187921566301909771202768 : http://localhost:1800/ -> net::ERR_NAME_RESOLUTION_FAILED
2022-05-25 19:58:22 ERROR    Failure: 94097134937905879805143453101758338884 : http://localhost:1800/ -> Failed to load resource: net::ERR_NAME_RESOLUTION_FAILED
2022-05-25 19:58:23 ERROR    Failure: 79839802101734943688249486384801588623 : http://localhost:1800/ -> Failed to load resource: the server responded with a status of 401 (Unauthorized)
2022-05-25 19:58:23 ERROR    Failure: 233681242693567643314746531081609967369 : http://localhost:1800/ -> status code(401) -> Not logged in
2022-05-25 19:58:33 ERROR    Failure: 192000098578407187921566301909771202768 : http://localhost:1800/subscribe?product=unlimited -> net::ERR_NAME_RESOLUTION_FAILED
2022-05-25 19:58:33 ERROR    Failure: 94097134937905879805143453101758338884 : http://localhost:1800/subscribe?product=unlimited -> Failed to load resource: net::ERR_NAME_RESOLUTION_FAILED
2022-05-25 19:58:33 ERROR    Failure: 192000098578407187921566301909771202768 : http://localhost:1800/subscribe?product=unlimited -> net::ERR_NAME_RESOLUTION_FAILED
2022-05-25 19:58:33 ERROR    Failure: 94097134937905879805143453101758338884 : http://localhost:1800/subscribe?product=unlimited -> Failed to load resource: net::ERR_NAME_RESOLUTION_FAILED
2022-05-25 19:58:33 ERROR    Failure: 192000098578407187921566301909771202768 : http://localhost:1800/subscribe?product=unlimited -> net::ERR_NAME_RESOLUTION_FAILED
2022-05-25 19:58:33 ERROR    Failure: 94097134937905879805143453101758338884 : http://localhost:1800/subscribe?product=unlimited -> Failed to load resource: net::ERR_NAME_RESOLUTION_FAILED
2022-05-25 19:58:33 ERROR    Failure: 192000098578407187921566301909771202768 : http://localhost:1800/subscribe?product=unlimited -> net::ERR_NAME_RESOLUTION_FAILED
2022-05-25 19:58:33 ERROR    Failure: 94097134937905879805143453101758338884 : http://localhost:1800/subscribe?product=unlimited -> Failed to load resource: net::ERR_NAME_RESOLUTION_FAILED
2022-05-25 19:58:33 ERROR    Failure: 192000098578407187921566301909771202768 : http://localhost:1800/subscribe?product=unlimited -> net::ERR_NAME_RESOLUTION_FAILED
2022-05-25 19:58:33 ERROR    Failure: 94097134937905879805143453101758338884 : http://localhost:1800/subscribe?product=unlimited -> Failed to load resource: net::ERR_NAME_RESOLUTION_FAILED
2022-05-25 19:58:33 ERROR    Failure: 192000098578407187921566301909771202768 : http://localhost:1800/subscribe?product=unlimited -> net::ERR_NAME_RESOLUTION_FAILED
2022-05-25 19:58:33 ERROR    Failure: 94097134937905879805143453101758338884 : http://localhost:1800/subscribe?product=unlimited -> Failed to load resource: net::ERR_NAME_RESOLUTION_FAILED
2022-05-25 19:58:33 ERROR    Failure: 79839802101734943688249486384801588623 : http://localhost:1800/subscribe?product=unlimited -> Failed to load resource: the server responded with a status of 401 (Unauthorized)
2022-05-25 19:58:33 ERROR    Failure: 192000098578407187921566301909771202768 : http://localhost:1800/subscribe?product=unlimited -> net::ERR_NAME_RESOLUTION_FAILED
2022-05-25 19:58:33 ERROR    Failure: 94097134937905879805143453101758338884 : http://localhost:1800/subscribe?product=unlimited -> Failed to load resource: net::ERR_NAME_RESOLUTION_FAILED
2022-05-25 19:58:33 ERROR    Failure: 233681242693567643314746531081609967369 : http://localhost:1800/subscribe?product=unlimited -> status code(401) -> Not logged in
2022-05-25 19:58:36 ERROR    Failure: 262513326802567628094931167029883077585 : http://localhost:1800/ -> net::ERR_ABORTED
2022-05-25 19:58:36 ERROR    Failure: 192000098578407187921566301909771202768 : http://localhost:1800/subscribe?product=team -> net::ERR_NAME_RESOLUTION_FAILED
2022-05-25 19:58:36 ERROR    Failure: 94097134937905879805143453101758338884 : http://localhost:1800/subscribe?product=team -> Failed to load resource: net::ERR_NAME_RESOLUTION_FAILED
2022-05-25 19:58:36 ERROR    Failure: 192000098578407187921566301909771202768 : http://localhost:1800/subscribe?product=team -> net::ERR_NAME_RESOLUTION_FAILED
2022-05-25 19:58:36 ERROR    Failure: 94097134937905879805143453101758338884 : http://localhost:1800/subscribe?product=team -> Failed to load resource: net::ERR_NAME_RESOLUTION_FAILED
2022-05-25 19:58:36 ERROR    Failure: 192000098578407187921566301909771202768 : http://localhost:1800/subscribe?product=team -> net::ERR_NAME_RESOLUTION_FAILED
2022-05-25 19:58:36 ERROR    Failure: 94097134937905879805143453101758338884 : http://localhost:1800/subscribe?product=team -> Failed to load resource: net::ERR_NAME_RESOLUTION_FAILED
2022-05-25 19:58:36 ERROR    Failure: 192000098578407187921566301909771202768 : http://localhost:1800/subscribe?product=team -> net::ERR_NAME_RESOLUTION_FAILED
2022-05-25 19:58:36 ERROR    Failure: 94097134937905879805143453101758338884 : http://localhost:1800/subscribe?product=team -> Failed to load resource: net::ERR_NAME_RESOLUTION_FAILED
2022-05-25 19:58:36 ERROR    Failure: 192000098578407187921566301909771202768 : http://localhost:1800/subscribe?product=team -> net::ERR_NAME_RESOLUTION_FAILED
2022-05-25 19:58:36 ERROR    Failure: 94097134937905879805143453101758338884 : http://localhost:1800/subscribe?product=team -> Failed to load resource: net::ERR_NAME_RESOLUTION_FAILED
2022-05-25 19:58:36 ERROR    Failure: 192000098578407187921566301909771202768 : http://localhost:1800/subscribe?product=team -> net::ERR_NAME_RESOLUTION_FAILED
2022-05-25 19:58:36 ERROR    Failure: 94097134937905879805143453101758338884 : http://localhost:1800/subscribe?product=team -> Failed to load resource: net::ERR_NAME_RESOLUTION_FAILED
2022-05-25 19:58:36 ERROR    Failure: 79839802101734943688249486384801588623 : http://localhost:1800/subscribe?product=team -> Failed to load resource: the server responded with a status of 401 (Unauthorized)
2022-05-25 19:58:36 ERROR    Failure: 192000098578407187921566301909771202768 : http://localhost:1800/subscribe?product=team -> net::ERR_NAME_RESOLUTION_FAILED
2022-05-25 19:58:36 ERROR    Failure: 94097134937905879805143453101758338884 : http://localhost:1800/subscribe?product=team -> Failed to load resource: net::ERR_NAME_RESOLUTION_FAILED
2022-05-25 19:58:36 ERROR    Failure: 233681242693567643314746531081609967369 : http://localhost:1800/subscribe?product=team -> status code(401) -> Not logged in
2022-05-25 19:58:37 ERROR    Failure: 192000098578407187921566301909771202768 : http://localhost:1800/ -> net::ERR_NAME_RESOLUTION_FAILED
2022-05-25 19:58:37 ERROR    Failure: 94097134937905879805143453101758338884 : http://localhost:1800/ -> Failed to load resource: net::ERR_NAME_RESOLUTION_FAILED
2022-05-25 19:58:37 ERROR    Failure: 192000098578407187921566301909771202768 : http://localhost:1800/ -> net::ERR_NAME_RESOLUTION_FAILED
2022-05-25 19:58:37 ERROR    Failure: 94097134937905879805143453101758338884 : http://localhost:1800/ -> Failed to load resource: net::ERR_NAME_RESOLUTION_FAILED
2022-05-25 19:58:37 ERROR    Failure: 192000098578407187921566301909771202768 : http://localhost:1800/ -> net::ERR_NAME_RESOLUTION_FAILED
2022-05-25 19:58:37 ERROR    Failure: 94097134937905879805143453101758338884 : http://localhost:1800/ -> Failed to load resource: net::ERR_NAME_RESOLUTION_FAILED
2022-05-25 19:58:37 ERROR    Failure: 192000098578407187921566301909771202768 : http://localhost:1800/ -> net::ERR_NAME_RESOLUTION_FAILED
2022-05-25 19:58:37 ERROR    Failure: 94097134937905879805143453101758338884 : http://localhost:1800/ -> Failed to load resource: net::ERR_NAME_RESOLUTION_FAILED
2022-05-25 19:58:37 ERROR    Failure: 192000098578407187921566301909771202768 : http://localhost:1800/ -> net::ERR_NAME_RESOLUTION_FAILED
2022-05-25 19:58:37 ERROR    Failure: 94097134937905879805143453101758338884 : http://localhost:1800/ -> Failed to load resource: net::ERR_NAME_RESOLUTION_FAILED
2022-05-25 19:58:37 ERROR    Failure: 192000098578407187921566301909771202768 : http://localhost:1800/ -> net::ERR_NAME_RESOLUTION_FAILED
2022-05-25 19:58:37 ERROR    Failure: 94097134937905879805143453101758338884 : http://localhost:1800/ -> Failed to load resource: net::ERR_NAME_RESOLUTION_FAILED
2022-05-25 19:58:37 ERROR    Failure: 79839802101734943688249486384801588623 : http://localhost:1800/ -> Failed to load resource: the server responded with a status of 401 (Unauthorized)
2022-05-25 19:58:37 ERROR    Failure: 233681242693567643314746531081609967369 : http://localhost:1800/ -> status code(401) -> Not logged in
2022-05-25 19:58:47 ERROR    Failure: 192000098578407187921566301909771202768 : http://localhost:1800/subscribe?product=self-hosted -> net::ERR_NAME_RESOLUTION_FAILED
2022-05-25 19:58:47 ERROR    Failure: 94097134937905879805143453101758338884 : http://localhost:1800/subscribe?product=self-hosted -> Failed to load resource: net::ERR_NAME_RESOLUTION_FAILED
2022-05-25 19:58:47 ERROR    Failure: 192000098578407187921566301909771202768 : http://localhost:1800/subscribe?product=self-hosted -> net::ERR_NAME_RESOLUTION_FAILED
2022-05-25 19:58:47 ERROR    Failure: 94097134937905879805143453101758338884 : http://localhost:1800/subscribe?product=self-hosted -> Failed to load resource: net::ERR_NAME_RESOLUTION_FAILED
2022-05-25 19:58:47 ERROR    Failure: 192000098578407187921566301909771202768 : http://localhost:1800/subscribe?product=self-hosted -> net::ERR_NAME_RESOLUTION_FAILED
2022-05-25 19:58:47 ERROR    Failure: 94097134937905879805143453101758338884 : http://localhost:1800/subscribe?product=self-hosted -> Failed to load resource: net::ERR_NAME_RESOLUTION_FAILED
2022-05-25 19:58:47 ERROR    Failure: 192000098578407187921566301909771202768 : http://localhost:1800/subscribe?product=self-hosted -> net::ERR_NAME_RESOLUTION_FAILED
2022-05-25 19:58:47 ERROR    Failure: 94097134937905879805143453101758338884 : http://localhost:1800/subscribe?product=self-hosted -> Failed to load resource: net::ERR_NAME_RESOLUTION_FAILED
2022-05-25 19:58:47 ERROR    Failure: 192000098578407187921566301909771202768 : http://localhost:1800/subscribe?product=self-hosted -> net::ERR_NAME_RESOLUTION_FAILED
2022-05-25 19:58:47 ERROR    Failure: 94097134937905879805143453101758338884 : http://localhost:1800/subscribe?product=self-hosted -> Failed to load resource: net::ERR_NAME_RESOLUTION_FAILED
2022-05-25 19:58:47 ERROR    Failure: 192000098578407187921566301909771202768 : http://localhost:1800/subscribe?product=self-hosted -> net::ERR_NAME_RESOLUTION_FAILED
2022-05-25 19:58:47 ERROR    Failure: 94097134937905879805143453101758338884 : http://localhost:1800/subscribe?product=self-hosted -> Failed to load resource: net::ERR_NAME_RESOLUTION_FAILED
2022-05-25 19:58:47 ERROR    Failure: 79839802101734943688249486384801588623 : http://localhost:1800/subscribe?product=self-hosted -> Failed to load resource: the server responded with a status of 401 (Unauthorized)
2022-05-25 19:58:48 ERROR    Failure: 233681242693567643314746531081609967369 : http://localhost:1800/subscribe?product=self-hosted -> status code(401) -> Not logged in
2022-05-25 19:58:48 ERROR    Failure: 192000098578407187921566301909771202768 : http://localhost:1800/subscribe?product=self-hosted -> net::ERR_NAME_RESOLUTION_FAILED
2022-05-25 19:58:48 ERROR    Failure: 94097134937905879805143453101758338884 : http://localhost:1800/subscribe?product=self-hosted -> Failed to load resource: net::ERR_NAME_RESOLUTION_FAILED
2022-05-25 19:58:49 ERROR    Failure: 262513326802567628094931167029883077585 : http://localhost:1800/ -> net::ERR_ABORTED
2022-05-25 19:58:49 ERROR    Failure: 192000098578407187921566301909771202768 : http://localhost:1800/subscribe?product=self-hosted -> net::ERR_NAME_RESOLUTION_FAILED
2022-05-25 19:58:49 ERROR    Failure: 94097134937905879805143453101758338884 : http://localhost:1800/subscribe?product=self-hosted -> Failed to load resource: net::ERR_NAME_RESOLUTION_FAILED
2022-05-25 19:58:49 ERROR    Failure: 192000098578407187921566301909771202768 : http://localhost:1800/subscribe?product=self-hosted -> net::ERR_NAME_RESOLUTION_FAILED
2022-05-25 19:58:49 ERROR    Failure: 94097134937905879805143453101758338884 : http://localhost:1800/subscribe?product=self-hosted -> Failed to load resource: net::ERR_NAME_RESOLUTION_FAILED
2022-05-25 19:58:49 ERROR    Failure: 192000098578407187921566301909771202768 : http://localhost:1800/subscribe?product=self-hosted -> net::ERR_NAME_RESOLUTION_FAILED
2022-05-25 19:58:49 ERROR    Failure: 94097134937905879805143453101758338884 : http://localhost:1800/subscribe?product=self-hosted -> Failed to load resource: net::ERR_NAME_RESOLUTION_FAILED
2022-05-25 19:58:49 ERROR    Failure: 192000098578407187921566301909771202768 : http://localhost:1800/subscribe?product=self-hosted -> net::ERR_NAME_RESOLUTION_FAILED
2022-05-25 19:58:49 ERROR    Failure: 94097134937905879805143453101758338884 : http://localhost:1800/subscribe?product=self-hosted -> Failed to load resource: net::ERR_NAME_RESOLUTION_FAILED
2022-05-25 19:58:49 ERROR    Failure: 192000098578407187921566301909771202768 : http://localhost:1800/subscribe?product=self-hosted -> net::ERR_NAME_RESOLUTION_FAILED
2022-05-25 19:58:49 ERROR    Failure: 94097134937905879805143453101758338884 : http://localhost:1800/subscribe?product=self-hosted -> Failed to load resource: net::ERR_NAME_RESOLUTION_FAILED
2022-05-25 19:58:49 ERROR    Failure: 192000098578407187921566301909771202768 : http://localhost:1800/subscribe?product=self-hosted -> net::ERR_NAME_RESOLUTION_FAILED
2022-05-25 19:58:49 ERROR    Failure: 94097134937905879805143453101758338884 : http://localhost:1800/subscribe?product=self-hosted -> Failed to load resource: net::ERR_NAME_RESOLUTION_FAILED
2022-05-25 19:58:49 ERROR    Failure: 79839802101734943688249486384801588623 : http://localhost:1800/subscribe?product=self-hosted -> Failed to load resource: the server responded with a status of 401 (Unauthorized)
2022-05-25 19:58:50 ERROR    Failure: 233681242693567643314746531081609967369 : http://localhost:1800/subscribe?product=self-hosted -> status code(401) -> Not logged in
2022-05-25 19:58:50 ERROR    Failure: 192000098578407187921566301909771202768 : http://localhost:1800/subscribe?product=self-hosted -> net::ERR_NAME_RESOLUTION_FAILED
2022-05-25 19:58:50 ERROR    Failure: 94097134937905879805143453101758338884 : http://localhost:1800/subscribe?product=self-hosted -> Failed to load resource: net::ERR_NAME_RESOLUTION_FAILED
2022-05-25 19:58:50 ERROR    Failure: 192000098578407187921566301909771202768 : http://localhost:1800/ -> net::ERR_NAME_RESOLUTION_FAILED
2022-05-25 19:58:50 ERROR    Failure: 192000098578407187921566301909771202768 : http://localhost:1800/ -> net::ERR_NAME_RESOLUTION_FAILED
2022-05-25 19:58:50 ERROR    Failure: 94097134937905879805143453101758338884 : http://localhost:1800/ -> Failed to load resource: net::ERR_NAME_RESOLUTION_FAILED
2022-05-25 19:58:50 ERROR    Failure: 192000098578407187921566301909771202768 : http://localhost:1800/ -> net::ERR_NAME_RESOLUTION_FAILED
2022-05-25 19:58:50 ERROR    Failure: 94097134937905879805143453101758338884 : http://localhost:1800/ -> Failed to load resource: net::ERR_NAME_RESOLUTION_FAILED
2022-05-25 19:58:50 ERROR    Failure: 192000098578407187921566301909771202768 : http://localhost:1800/ -> net::ERR_NAME_RESOLUTION_FAILED
2022-05-25 19:58:50 ERROR    Failure: 94097134937905879805143453101758338884 : http://localhost:1800/ -> Failed to load resource: net::ERR_NAME_RESOLUTION_FAILED
2022-05-25 19:58:50 ERROR    Failure: 192000098578407187921566301909771202768 : http://localhost:1800/ -> net::ERR_NAME_RESOLUTION_FAILED
2022-05-25 19:58:50 ERROR    Failure: 94097134937905879805143453101758338884 : http://localhost:1800/ -> Failed to load resource: net::ERR_NAME_RESOLUTION_FAILED
2022-05-25 19:58:50 ERROR    Failure: 192000098578407187921566301909771202768 : http://localhost:1800/ -> net::ERR_NAME_RESOLUTION_FAILED
2022-05-25 19:58:50 ERROR    Failure: 94097134937905879805143453101758338884 : http://localhost:1800/ -> Failed to load resource: net::ERR_NAME_RESOLUTION_FAILED
2022-05-25 19:58:50 ERROR    Failure: 192000098578407187921566301909771202768 : http://localhost:1800/ -> net::ERR_NAME_RESOLUTION_FAILED
2022-05-25 19:58:50 ERROR    Failure: 94097134937905879805143453101758338884 : http://localhost:1800/ -> Failed to load resource: net::ERR_NAME_RESOLUTION_FAILED
2022-05-25 19:58:51 ERROR    Failure: 79839802101734943688249486384801588623 : http://localhost:1800/ -> Failed to load resource: the server responded with a status of 401 (Unauthorized)
2022-05-25 19:58:51 ERROR    Failure: 233681242693567643314746531081609967369 : http://localhost:1800/ -> status code(401) -> Not logged in
2022-05-25 19:59:03 ERROR    Failure: 192000098578407187921566301909771202768 : http://localhost:1800/login -> net::ERR_NAME_RESOLUTION_FAILED
2022-05-25 19:59:03 ERROR    Failure: 94097134937905879805143453101758338884 : http://localhost:1800/login -> Failed to load resource: net::ERR_NAME_RESOLUTION_FAILED
2022-05-25 19:59:03 ERROR    Failure: 192000098578407187921566301909771202768 : http://localhost:1800/login -> net::ERR_NAME_RESOLUTION_FAILED
2022-05-25 19:59:03 ERROR    Failure: 94097134937905879805143453101758338884 : http://localhost:1800/login -> Failed to load resource: net::ERR_NAME_RESOLUTION_FAILED
2022-05-25 19:59:03 ERROR    Failure: 192000098578407187921566301909771202768 : http://localhost:1800/login -> net::ERR_NAME_RESOLUTION_FAILED
2022-05-25 19:59:03 ERROR    Failure: 94097134937905879805143453101758338884 : http://localhost:1800/login -> Failed to load resource: net::ERR_NAME_RESOLUTION_FAILED
2022-05-25 19:59:03 ERROR    Failure: 192000098578407187921566301909771202768 : http://localhost:1800/login -> net::ERR_NAME_RESOLUTION_FAILED
2022-05-25 19:59:03 ERROR    Failure: 94097134937905879805143453101758338884 : http://localhost:1800/login -> Failed to load resource: net::ERR_NAME_RESOLUTION_FAILED
2022-05-25 19:59:03 ERROR    Failure: 192000098578407187921566301909771202768 : http://localhost:1800/login -> net::ERR_NAME_RESOLUTION_FAILED
2022-05-25 19:59:03 ERROR    Failure: 94097134937905879805143453101758338884 : http://localhost:1800/login -> Failed to load resource: net::ERR_NAME_RESOLUTION_FAILED
2022-05-25 19:59:03 ERROR    Failure: 192000098578407187921566301909771202768 : http://localhost:1800/login -> net::ERR_NAME_RESOLUTION_FAILED
2022-05-25 19:59:03 ERROR    Failure: 94097134937905879805143453101758338884 : http://localhost:1800/login -> Failed to load resource: net::ERR_NAME_RESOLUTION_FAILED
2022-05-25 19:59:03 ERROR    Failure: 79839802101734943688249486384801588623 : http://localhost:1800/login -> Failed to load resource: the server responded with a status of 401 (Unauthorized)
2022-05-25 19:59:04 ERROR    Failure: 233681242693567643314746531081609967369 : http://localhost:1800/login -> status code(401) -> Not logged in
2022-05-25 19:59:04 ERROR    Failure: 262513326802567628094931167029883077585 : http://localhost:1800/ -> net::ERR_ABORTED
2022-05-25 19:59:04 ERROR    Failure: 192000098578407187921566301909771202768 : http://localhost:1800/subscribe?product=team -> net::ERR_NAME_RESOLUTION_FAILED
2022-05-25 19:59:04 ERROR    Failure: 94097134937905879805143453101758338884 : http://localhost:1800/subscribe?product=team -> Failed to load resource: net::ERR_NAME_RESOLUTION_FAILED
2022-05-25 19:59:04 ERROR    Failure: 192000098578407187921566301909771202768 : http://localhost:1800/subscribe?product=team -> net::ERR_NAME_RESOLUTION_FAILED
2022-05-25 19:59:04 ERROR    Failure: 94097134937905879805143453101758338884 : http://localhost:1800/subscribe?product=team -> Failed to load resource: net::ERR_NAME_RESOLUTION_FAILED
2022-05-25 19:59:04 ERROR    Failure: 192000098578407187921566301909771202768 : http://localhost:1800/subscribe?product=team -> net::ERR_NAME_RESOLUTION_FAILED
2022-05-25 19:59:04 ERROR    Failure: 94097134937905879805143453101758338884 : http://localhost:1800/subscribe?product=team -> Failed to load resource: net::ERR_NAME_RESOLUTION_FAILED
2022-05-25 19:59:04 ERROR    Failure: 192000098578407187921566301909771202768 : http://localhost:1800/subscribe?product=team -> net::ERR_NAME_RESOLUTION_FAILED
2022-05-25 19:59:04 ERROR    Failure: 94097134937905879805143453101758338884 : http://localhost:1800/subscribe?product=team -> Failed to load resource: net::ERR_NAME_RESOLUTION_FAILED
2022-05-25 19:59:04 ERROR    Failure: 192000098578407187921566301909771202768 : http://localhost:1800/subscribe?product=team -> net::ERR_NAME_RESOLUTION_FAILED
2022-05-25 19:59:04 ERROR    Failure: 94097134937905879805143453101758338884 : http://localhost:1800/subscribe?product=team -> Failed to load resource: net::ERR_NAME_RESOLUTION_FAILED
2022-05-25 19:59:04 ERROR    Failure: 192000098578407187921566301909771202768 : http://localhost:1800/subscribe?product=team -> net::ERR_NAME_RESOLUTION_FAILED
2022-05-25 19:59:04 ERROR    Failure: 94097134937905879805143453101758338884 : http://localhost:1800/subscribe?product=team -> Failed to load resource: net::ERR_NAME_RESOLUTION_FAILED
2022-05-25 19:59:04 ERROR    Failure: 79839802101734943688249486384801588623 : http://localhost:1800/subscribe?product=team -> Failed to load resource: the server responded with a status of 401 (Unauthorized)
2022-05-25 19:59:04 ERROR    Failure: 192000098578407187921566301909771202768 : http://localhost:1800/subscribe?product=team -> net::ERR_NAME_RESOLUTION_FAILED
2022-05-25 19:59:04 ERROR    Failure: 94097134937905879805143453101758338884 : http://localhost:1800/subscribe?product=team -> Failed to load resource: net::ERR_NAME_RESOLUTION_FAILED
2022-05-25 19:59:04 ERROR    Failure: 233681242693567643314746531081609967369 : http://localhost:1800/subscribe?product=team -> status code(401) -> Not logged in
2022-05-25 19:59:08 ERROR    Failure: 192000098578407187921566301909771202768 : http://localhost:1800/ -> net::ERR_NAME_RESOLUTION_FAILED
2022-05-25 19:59:08 ERROR    Failure: 94097134937905879805143453101758338884 : http://localhost:1800/ -> Failed to load resource: net::ERR_NAME_RESOLUTION_FAILED
2022-05-25 19:59:08 ERROR    Failure: 192000098578407187921566301909771202768 : http://localhost:1800/ -> net::ERR_NAME_RESOLUTION_FAILED
2022-05-25 19:59:08 ERROR    Failure: 94097134937905879805143453101758338884 : http://localhost:1800/ -> Failed to load resource: net::ERR_NAME_RESOLUTION_FAILED
2022-05-25 19:59:08 ERROR    Failure: 192000098578407187921566301909771202768 : http://localhost:1800/ -> net::ERR_NAME_RESOLUTION_FAILED
2022-05-25 19:59:08 ERROR    Failure: 94097134937905879805143453101758338884 : http://localhost:1800/ -> Failed to load resource: net::ERR_NAME_RESOLUTION_FAILED
2022-05-25 19:59:08 ERROR    Failure: 192000098578407187921566301909771202768 : http://localhost:1800/ -> net::ERR_NAME_RESOLUTION_FAILED
2022-05-25 19:59:08 ERROR    Failure: 94097134937905879805143453101758338884 : http://localhost:1800/ -> Failed to load resource: net::ERR_NAME_RESOLUTION_FAILED
2022-05-25 19:59:08 ERROR    Failure: 192000098578407187921566301909771202768 : http://localhost:1800/ -> net::ERR_NAME_RESOLUTION_FAILED
2022-05-25 19:59:08 ERROR    Failure: 94097134937905879805143453101758338884 : http://localhost:1800/ -> Failed to load resource: net::ERR_NAME_RESOLUTION_FAILED
2022-05-25 19:59:08 ERROR    Failure: 192000098578407187921566301909771202768 : http://localhost:1800/ -> net::ERR_NAME_RESOLUTION_FAILED
2022-05-25 19:59:08 ERROR    Failure: 94097134937905879805143453101758338884 : http://localhost:1800/ -> Failed to load resource: net::ERR_NAME_RESOLUTION_FAILED
2022-05-25 19:59:09 ERROR    Failure: 79839802101734943688249486384801588623 : http://localhost:1800/ -> Failed to load resource: the server responded with a status of 401 (Unauthorized)
2022-05-25 19:59:09 ERROR    Failure: 233681242693567643314746531081609967369 : http://localhost:1800/ -> status code(401) -> Not logged in
2022-05-25 19:59:20 ERROR    Failure: 262513326802567628094931167029883077585 : http://localhost:1800/# -> net::ERR_ABORTED
2022-05-25 19:59:20 ERROR    Failure: 192000098578407187921566301909771202768 : http://localhost:1800/subscribe?product=self-hosted -> net::ERR_NAME_RESOLUTION_FAILED
2022-05-25 19:59:20 ERROR    Failure: 94097134937905879805143453101758338884 : http://localhost:1800/subscribe?product=self-hosted -> Failed to load resource: net::ERR_NAME_RESOLUTION_FAILED
2022-05-25 19:59:20 ERROR    Failure: 192000098578407187921566301909771202768 : http://localhost:1800/subscribe?product=self-hosted -> net::ERR_NAME_RESOLUTION_FAILED
2022-05-25 19:59:20 ERROR    Failure: 94097134937905879805143453101758338884 : http://localhost:1800/subscribe?product=self-hosted -> Failed to load resource: net::ERR_NAME_RESOLUTION_FAILED
2022-05-25 19:59:20 ERROR    Failure: 192000098578407187921566301909771202768 : http://localhost:1800/subscribe?product=self-hosted -> net::ERR_NAME_RESOLUTION_FAILED
2022-05-25 19:59:20 ERROR    Failure: 94097134937905879805143453101758338884 : http://localhost:1800/subscribe?product=self-hosted -> Failed to load resource: net::ERR_NAME_RESOLUTION_FAILED
2022-05-25 19:59:20 ERROR    Failure: 192000098578407187921566301909771202768 : http://localhost:1800/subscribe?product=self-hosted -> net::ERR_NAME_RESOLUTION_FAILED
2022-05-25 19:59:20 ERROR    Failure: 94097134937905879805143453101758338884 : http://localhost:1800/subscribe?product=self-hosted -> Failed to load resource: net::ERR_NAME_RESOLUTION_FAILED
2022-05-25 19:59:20 ERROR    Failure: 192000098578407187921566301909771202768 : http://localhost:1800/subscribe?product=self-hosted -> net::ERR_NAME_RESOLUTION_FAILED
2022-05-25 19:59:20 ERROR    Failure: 94097134937905879805143453101758338884 : http://localhost:1800/subscribe?product=self-hosted -> Failed to load resource: net::ERR_NAME_RESOLUTION_FAILED
2022-05-25 19:59:20 ERROR    Failure: 192000098578407187921566301909771202768 : http://localhost:1800/subscribe?product=self-hosted -> net::ERR_NAME_RESOLUTION_FAILED
2022-05-25 19:59:20 ERROR    Failure: 94097134937905879805143453101758338884 : http://localhost:1800/subscribe?product=self-hosted -> Failed to load resource: net::ERR_NAME_RESOLUTION_FAILED
2022-05-25 19:59:21 ERROR    Failure: 79839802101734943688249486384801588623 : http://localhost:1800/subscribe?product=self-hosted -> Failed to load resource: the server responded with a status of 401 (Unauthorized)
2022-05-25 19:59:21 ERROR    Failure: 233681242693567643314746531081609967369 : http://localhost:1800/subscribe?product=self-hosted -> status code(401) -> Not logged in
2022-05-25 19:59:21 ERROR    Failure: 192000098578407187921566301909771202768 : http://localhost:1800/subscribe?product=self-hosted -> net::ERR_NAME_RESOLUTION_FAILED
2022-05-25 19:59:21 ERROR    Failure: 94097134937905879805143453101758338884 : http://localhost:1800/subscribe?product=self-hosted -> Failed to load resource: net::ERR_NAME_RESOLUTION_FAILED
2022-05-25 19:59:23 ERROR    Failure: 192000098578407187921566301909771202768 : http://localhost:1800/ -> net::ERR_NAME_RESOLUTION_FAILED
2022-05-25 19:59:23 ERROR    Failure: 94097134937905879805143453101758338884 : http://localhost:1800/ -> Failed to load resource: net::ERR_NAME_RESOLUTION_FAILED
2022-05-25 19:59:23 ERROR    Failure: 192000098578407187921566301909771202768 : http://localhost:1800/ -> net::ERR_NAME_RESOLUTION_FAILED
2022-05-25 19:59:23 ERROR    Failure: 94097134937905879805143453101758338884 : http://localhost:1800/ -> Failed to load resource: net::ERR_NAME_RESOLUTION_FAILED
2022-05-25 19:59:23 ERROR    Failure: 192000098578407187921566301909771202768 : http://localhost:1800/ -> net::ERR_NAME_RESOLUTION_FAILED
2022-05-25 19:59:23 ERROR    Failure: 94097134937905879805143453101758338884 : http://localhost:1800/ -> Failed to load resource: net::ERR_NAME_RESOLUTION_FAILED
2022-05-25 19:59:23 ERROR    Failure: 192000098578407187921566301909771202768 : http://localhost:1800/ -> net::ERR_NAME_RESOLUTION_FAILED
2022-05-25 19:59:23 ERROR    Failure: 94097134937905879805143453101758338884 : http://localhost:1800/ -> Failed to load resource: net::ERR_NAME_RESOLUTION_FAILED
2022-05-25 19:59:23 ERROR    Failure: 192000098578407187921566301909771202768 : http://localhost:1800/ -> net::ERR_NAME_RESOLUTION_FAILED
2022-05-25 19:59:23 ERROR    Failure: 94097134937905879805143453101758338884 : http://localhost:1800/ -> Failed to load resource: net::ERR_NAME_RESOLUTION_FAILED
2022-05-25 19:59:23 ERROR    Failure: 192000098578407187921566301909771202768 : http://localhost:1800/ -> net::ERR_NAME_RESOLUTION_FAILED
2022-05-25 19:59:23 ERROR    Failure: 94097134937905879805143453101758338884 : http://localhost:1800/ -> Failed to load resource: net::ERR_NAME_RESOLUTION_FAILED
2022-05-25 19:59:23 ERROR    Failure: 79839802101734943688249486384801588623 : http://localhost:1800/ -> Failed to load resource: the server responded with a status of 401 (Unauthorized)
2022-05-25 19:59:23 ERROR    Failure: 233681242693567643314746531081609967369 : http://localhost:1800/ -> status code(401) -> Not logged in
2022-05-25 19:59:35 ERROR    Failure: 192000098578407187921566301909771202768 : http://localhost:1800/subscribe?product=self-hosted -> net::ERR_NAME_RESOLUTION_FAILED
2022-05-25 19:59:35 ERROR    Failure: 94097134937905879805143453101758338884 : http://localhost:1800/subscribe?product=self-hosted -> Failed to load resource: net::ERR_NAME_RESOLUTION_FAILED
2022-05-25 19:59:35 ERROR    Failure: 192000098578407187921566301909771202768 : http://localhost:1800/subscribe?product=self-hosted -> net::ERR_NAME_RESOLUTION_FAILED
2022-05-25 19:59:35 ERROR    Failure: 94097134937905879805143453101758338884 : http://localhost:1800/subscribe?product=self-hosted -> Failed to load resource: net::ERR_NAME_RESOLUTION_FAILED
2022-05-25 19:59:35 ERROR    Failure: 192000098578407187921566301909771202768 : http://localhost:1800/subscribe?product=self-hosted -> net::ERR_NAME_RESOLUTION_FAILED
2022-05-25 19:59:35 ERROR    Failure: 94097134937905879805143453101758338884 : http://localhost:1800/subscribe?product=self-hosted -> Failed to load resource: net::ERR_NAME_RESOLUTION_FAILED
2022-05-25 19:59:35 ERROR    Failure: 192000098578407187921566301909771202768 : http://localhost:1800/subscribe?product=self-hosted -> net::ERR_NAME_RESOLUTION_FAILED
2022-05-25 19:59:35 ERROR    Failure: 94097134937905879805143453101758338884 : http://localhost:1800/subscribe?product=self-hosted -> Failed to load resource: net::ERR_NAME_RESOLUTION_FAILED
2022-05-25 19:59:35 ERROR    Failure: 192000098578407187921566301909771202768 : http://localhost:1800/subscribe?product=self-hosted -> net::ERR_NAME_RESOLUTION_FAILED
2022-05-25 19:59:35 ERROR    Failure: 94097134937905879805143453101758338884 : http://localhost:1800/subscribe?product=self-hosted -> Failed to load resource: net::ERR_NAME_RESOLUTION_FAILED
2022-05-25 19:59:35 ERROR    Failure: 192000098578407187921566301909771202768 : http://localhost:1800/subscribe?product=self-hosted -> net::ERR_NAME_RESOLUTION_FAILED
2022-05-25 19:59:35 ERROR    Failure: 94097134937905879805143453101758338884 : http://localhost:1800/subscribe?product=self-hosted -> Failed to load resource: net::ERR_NAME_RESOLUTION_FAILED
2022-05-25 19:59:36 ERROR    Failure: 79839802101734943688249486384801588623 : http://localhost:1800/subscribe?product=self-hosted -> Failed to load resource: the server responded with a status of 401 (Unauthorized)
2022-05-25 19:59:36 ERROR    Failure: 192000098578407187921566301909771202768 : http://localhost:1800/subscribe?product=self-hosted -> net::ERR_NAME_RESOLUTION_FAILED
2022-05-25 19:59:36 ERROR    Failure: 94097134937905879805143453101758338884 : http://localhost:1800/subscribe?product=self-hosted -> Failed to load resource: net::ERR_NAME_RESOLUTION_FAILED
2022-05-25 19:59:36 ERROR    Failure: 233681242693567643314746531081609967369 : http://localhost:1800/subscribe?product=self-hosted -> status code(401) -> Not logged in
2022-05-25 19:59:37 ERROR    Failure: 192000098578407187921566301909771202768 : http://localhost:1800/ -> net::ERR_NAME_RESOLUTION_FAILED
2022-05-25 19:59:37 ERROR    Failure: 94097134937905879805143453101758338884 : http://localhost:1800/ -> Failed to load resource: net::ERR_NAME_RESOLUTION_FAILED
2022-05-25 19:59:37 ERROR    Failure: 192000098578407187921566301909771202768 : http://localhost:1800/ -> net::ERR_NAME_RESOLUTION_FAILED
2022-05-25 19:59:37 ERROR    Failure: 94097134937905879805143453101758338884 : http://localhost:1800/ -> Failed to load resource: net::ERR_NAME_RESOLUTION_FAILED
2022-05-25 19:59:37 ERROR    Failure: 192000098578407187921566301909771202768 : http://localhost:1800/ -> net::ERR_NAME_RESOLUTION_FAILED
2022-05-25 19:59:37 ERROR    Failure: 94097134937905879805143453101758338884 : http://localhost:1800/ -> Failed to load resource: net::ERR_NAME_RESOLUTION_FAILED
2022-05-25 19:59:37 ERROR    Failure: 192000098578407187921566301909771202768 : http://localhost:1800/ -> net::ERR_NAME_RESOLUTION_FAILED
2022-05-25 19:59:37 ERROR    Failure: 94097134937905879805143453101758338884 : http://localhost:1800/ -> Failed to load resource: net::ERR_NAME_RESOLUTION_FAILED
2022-05-25 19:59:37 ERROR    Failure: 192000098578407187921566301909771202768 : http://localhost:1800/ -> net::ERR_NAME_RESOLUTION_FAILED
2022-05-25 19:59:37 ERROR    Failure: 94097134937905879805143453101758338884 : http://localhost:1800/ -> Failed to load resource: net::ERR_NAME_RESOLUTION_FAILED
2022-05-25 19:59:37 ERROR    Failure: 192000098578407187921566301909771202768 : http://localhost:1800/ -> net::ERR_NAME_RESOLUTION_FAILED
2022-05-25 19:59:37 ERROR    Failure: 94097134937905879805143453101758338884 : http://localhost:1800/ -> Failed to load resource: net::ERR_NAME_RESOLUTION_FAILED
2022-05-25 19:59:38 ERROR    Failure: 79839802101734943688249486384801588623 : http://localhost:1800/ -> Failed to load resource: the server responded with a status of 401 (Unauthorized)
2022-05-25 19:59:38 ERROR    Failure: 233681242693567643314746531081609967369 : http://localhost:1800/ -> status code(401) -> Not logged in
2022-05-25 19:59:49 ERROR    Failure: 262513326802567628094931167029883077585 : http://localhost:1800/ -> net::ERR_ABORTED
2022-05-25 19:59:49 ERROR    Failure: 192000098578407187921566301909771202768 : http://localhost:1800/login -> net::ERR_NAME_RESOLUTION_FAILED
2022-05-25 19:59:49 ERROR    Failure: 94097134937905879805143453101758338884 : http://localhost:1800/login -> Failed to load resource: net::ERR_NAME_RESOLUTION_FAILED
2022-05-25 19:59:49 ERROR    Failure: 192000098578407187921566301909771202768 : http://localhost:1800/login -> net::ERR_NAME_RESOLUTION_FAILED
2022-05-25 19:59:49 ERROR    Failure: 94097134937905879805143453101758338884 : http://localhost:1800/login -> Failed to load resource: net::ERR_NAME_RESOLUTION_FAILED
2022-05-25 19:59:49 ERROR    Failure: 192000098578407187921566301909771202768 : http://localhost:1800/login -> net::ERR_NAME_RESOLUTION_FAILED
2022-05-25 19:59:49 ERROR    Failure: 94097134937905879805143453101758338884 : http://localhost:1800/login -> Failed to load resource: net::ERR_NAME_RESOLUTION_FAILED
2022-05-25 19:59:49 ERROR    Failure: 192000098578407187921566301909771202768 : http://localhost:1800/login -> net::ERR_NAME_RESOLUTION_FAILED
2022-05-25 19:59:49 ERROR    Failure: 94097134937905879805143453101758338884 : http://localhost:1800/login -> Failed to load resource: net::ERR_NAME_RESOLUTION_FAILED
2022-05-25 19:59:49 ERROR    Failure: 192000098578407187921566301909771202768 : http://localhost:1800/login -> net::ERR_NAME_RESOLUTION_FAILED
2022-05-25 19:59:49 ERROR    Failure: 94097134937905879805143453101758338884 : http://localhost:1800/login -> Failed to load resource: net::ERR_NAME_RESOLUTION_FAILED
2022-05-25 19:59:49 ERROR    Failure: 192000098578407187921566301909771202768 : http://localhost:1800/login -> net::ERR_NAME_RESOLUTION_FAILED
2022-05-25 19:59:49 ERROR    Failure: 94097134937905879805143453101758338884 : http://localhost:1800/login -> Failed to load resource: net::ERR_NAME_RESOLUTION_FAILED
2022-05-25 19:59:49 ERROR    Failure: 79839802101734943688249486384801588623 : http://localhost:1800/login -> Failed to load resource: the server responded with a status of 401 (Unauthorized)
2022-05-25 19:59:49 ERROR    Failure: 233681242693567643314746531081609967369 : http://localhost:1800/login -> status code(401) -> Not logged in
2022-05-25 19:59:51 ERROR    Failure: 262513326802567628094931167029883077585 : http://localhost:1800/ -> net::ERR_ABORTED
2022-05-25 19:59:51 ERROR    Failure: 192000098578407187921566301909771202768 : http://localhost:1800/login -> net::ERR_NAME_RESOLUTION_FAILED
2022-05-25 19:59:51 ERROR    Failure: 94097134937905879805143453101758338884 : http://localhost:1800/login -> Failed to load resource: net::ERR_NAME_RESOLUTION_FAILED
2022-05-25 19:59:51 ERROR    Failure: 192000098578407187921566301909771202768 : http://localhost:1800/login -> net::ERR_NAME_RESOLUTION_FAILED
2022-05-25 19:59:51 ERROR    Failure: 94097134937905879805143453101758338884 : http://localhost:1800/login -> Failed to load resource: net::ERR_NAME_RESOLUTION_FAILED
2022-05-25 19:59:51 ERROR    Failure: 192000098578407187921566301909771202768 : http://localhost:1800/login -> net::ERR_NAME_RESOLUTION_FAILED
2022-05-25 19:59:51 ERROR    Failure: 94097134937905879805143453101758338884 : http://localhost:1800/login -> Failed to load resource: net::ERR_NAME_RESOLUTION_FAILED
2022-05-25 19:59:51 ERROR    Failure: 192000098578407187921566301909771202768 : http://localhost:1800/login -> net::ERR_NAME_RESOLUTION_FAILED
2022-05-25 19:59:51 ERROR    Failure: 94097134937905879805143453101758338884 : http://localhost:1800/login -> Failed to load resource: net::ERR_NAME_RESOLUTION_FAILED
2022-05-25 19:59:51 ERROR    Failure: 192000098578407187921566301909771202768 : http://localhost:1800/login -> net::ERR_NAME_RESOLUTION_FAILED
2022-05-25 19:59:51 ERROR    Failure: 94097134937905879805143453101758338884 : http://localhost:1800/login -> Failed to load resource: net::ERR_NAME_RESOLUTION_FAILED
2022-05-25 19:59:51 ERROR    Failure: 192000098578407187921566301909771202768 : http://localhost:1800/login -> net::ERR_NAME_RESOLUTION_FAILED
2022-05-25 19:59:51 ERROR    Failure: 94097134937905879805143453101758338884 : http://localhost:1800/login -> Failed to load resource: net::ERR_NAME_RESOLUTION_FAILED
2022-05-25 19:59:51 ERROR    Failure: 79839802101734943688249486384801588623 : http://localhost:1800/login -> Failed to load resource: the server responded with a status of 401 (Unauthorized)
2022-05-25 19:59:51 ERROR    Failure: 233681242693567643314746531081609967369 : http://localhost:1800/login -> status code(401) -> Not logged in
2022-05-25 19:59:52 ERROR    Failure: 192000098578407187921566301909771202768 : http://localhost:1800/ -> net::ERR_NAME_RESOLUTION_FAILED
2022-05-25 19:59:52 ERROR    Failure: 94097134937905879805143453101758338884 : http://localhost:1800/ -> Failed to load resource: net::ERR_NAME_RESOLUTION_FAILED
2022-05-25 19:59:52 ERROR    Failure: 192000098578407187921566301909771202768 : http://localhost:1800/ -> net::ERR_NAME_RESOLUTION_FAILED
2022-05-25 19:59:52 ERROR    Failure: 94097134937905879805143453101758338884 : http://localhost:1800/ -> Failed to load resource: net::ERR_NAME_RESOLUTION_FAILED
2022-05-25 19:59:52 ERROR    Failure: 192000098578407187921566301909771202768 : http://localhost:1800/ -> net::ERR_NAME_RESOLUTION_FAILED
2022-05-25 19:59:52 ERROR    Failure: 94097134937905879805143453101758338884 : http://localhost:1800/ -> Failed to load resource: net::ERR_NAME_RESOLUTION_FAILED
2022-05-25 19:59:52 ERROR    Failure: 192000098578407187921566301909771202768 : http://localhost:1800/ -> net::ERR_NAME_RESOLUTION_FAILED
2022-05-25 19:59:52 ERROR    Failure: 94097134937905879805143453101758338884 : http://localhost:1800/ -> Failed to load resource: net::ERR_NAME_RESOLUTION_FAILED
2022-05-25 19:59:52 ERROR    Failure: 192000098578407187921566301909771202768 : http://localhost:1800/ -> net::ERR_NAME_RESOLUTION_FAILED
2022-05-25 19:59:52 ERROR    Failure: 94097134937905879805143453101758338884 : http://localhost:1800/ -> Failed to load resource: net::ERR_NAME_RESOLUTION_FAILED
2022-05-25 19:59:52 ERROR    Failure: 192000098578407187921566301909771202768 : http://localhost:1800/ -> net::ERR_NAME_RESOLUTION_FAILED
2022-05-25 19:59:52 ERROR    Failure: 94097134937905879805143453101758338884 : http://localhost:1800/ -> Failed to load resource: net::ERR_NAME_RESOLUTION_FAILED
2022-05-25 19:59:53 ERROR    Failure: 79839802101734943688249486384801588623 : http://localhost:1800/ -> Failed to load resource: the server responded with a status of 401 (Unauthorized)
2022-05-25 19:59:53 ERROR    Failure: 233681242693567643314746531081609967369 : http://localhost:1800/ -> status code(401) -> Not logged in
2022-05-25 20:00:05 ERROR    Failure: 262513326802567628094931167029883077585 : http://localhost:1800/ -> net::ERR_ABORTED
2022-05-25 20:00:05 ERROR    Failure: 192000098578407187921566301909771202768 : http://localhost:1800/subscribe?product=self-hosted -> net::ERR_NAME_RESOLUTION_FAILED
2022-05-25 20:00:05 ERROR    Failure: 94097134937905879805143453101758338884 : http://localhost:1800/subscribe?product=self-hosted -> Failed to load resource: net::ERR_NAME_RESOLUTION_FAILED
2022-05-25 20:00:05 ERROR    Failure: 192000098578407187921566301909771202768 : http://localhost:1800/subscribe?product=self-hosted -> net::ERR_NAME_RESOLUTION_FAILED
2022-05-25 20:00:05 ERROR    Failure: 94097134937905879805143453101758338884 : http://localhost:1800/subscribe?product=self-hosted -> Failed to load resource: net::ERR_NAME_RESOLUTION_FAILED
2022-05-25 20:00:05 ERROR    Failure: 192000098578407187921566301909771202768 : http://localhost:1800/subscribe?product=self-hosted -> net::ERR_NAME_RESOLUTION_FAILED
2022-05-25 20:00:05 ERROR    Failure: 94097134937905879805143453101758338884 : http://localhost:1800/subscribe?product=self-hosted -> Failed to load resource: net::ERR_NAME_RESOLUTION_FAILED
2022-05-25 20:00:05 ERROR    Failure: 192000098578407187921566301909771202768 : http://localhost:1800/subscribe?product=self-hosted -> net::ERR_NAME_RESOLUTION_FAILED
2022-05-25 20:00:05 ERROR    Failure: 94097134937905879805143453101758338884 : http://localhost:1800/subscribe?product=self-hosted -> Failed to load resource: net::ERR_NAME_RESOLUTION_FAILED
2022-05-25 20:00:05 ERROR    Failure: 192000098578407187921566301909771202768 : http://localhost:1800/subscribe?product=self-hosted -> net::ERR_NAME_RESOLUTION_FAILED
2022-05-25 20:00:05 ERROR    Failure: 94097134937905879805143453101758338884 : http://localhost:1800/subscribe?product=self-hosted -> Failed to load resource: net::ERR_NAME_RESOLUTION_FAILED
2022-05-25 20:00:05 ERROR    Failure: 192000098578407187921566301909771202768 : http://localhost:1800/subscribe?product=self-hosted -> net::ERR_NAME_RESOLUTION_FAILED
2022-05-25 20:00:05 ERROR    Failure: 94097134937905879805143453101758338884 : http://localhost:1800/subscribe?product=self-hosted -> Failed to load resource: net::ERR_NAME_RESOLUTION_FAILED
2022-05-25 20:00:05 ERROR    Failure: 79839802101734943688249486384801588623 : http://localhost:1800/subscribe?product=self-hosted -> Failed to load resource: the server responded with a status of 401 (Unauthorized)
2022-05-25 20:00:06 ERROR    Failure: 192000098578407187921566301909771202768 : http://localhost:1800/subscribe?product=self-hosted -> net::ERR_NAME_RESOLUTION_FAILED
2022-05-25 20:00:06 ERROR    Failure: 94097134937905879805143453101758338884 : http://localhost:1800/subscribe?product=self-hosted -> Failed to load resource: net::ERR_NAME_RESOLUTION_FAILED
2022-05-25 20:00:06 ERROR    Failure: 233681242693567643314746531081609967369 : http://localhost:1800/subscribe?product=self-hosted -> status code(401) -> Not logged in
2022-05-25 20:00:09 ERROR    Failure: 192000098578407187921566301909771202768 : http://localhost:1800/ -> net::ERR_NAME_RESOLUTION_FAILED
2022-05-25 20:00:09 ERROR    Failure: 94097134937905879805143453101758338884 : http://localhost:1800/ -> Failed to load resource: net::ERR_NAME_RESOLUTION_FAILED
2022-05-25 20:00:09 ERROR    Failure: 192000098578407187921566301909771202768 : http://localhost:1800/ -> net::ERR_NAME_RESOLUTION_FAILED
2022-05-25 20:00:09 ERROR    Failure: 94097134937905879805143453101758338884 : http://localhost:1800/ -> Failed to load resource: net::ERR_NAME_RESOLUTION_FAILED
2022-05-25 20:00:09 ERROR    Failure: 192000098578407187921566301909771202768 : http://localhost:1800/ -> net::ERR_NAME_RESOLUTION_FAILED
2022-05-25 20:00:09 ERROR    Failure: 94097134937905879805143453101758338884 : http://localhost:1800/ -> Failed to load resource: net::ERR_NAME_RESOLUTION_FAILED
2022-05-25 20:00:09 ERROR    Failure: 192000098578407187921566301909771202768 : http://localhost:1800/ -> net::ERR_NAME_RESOLUTION_FAILED
2022-05-25 20:00:09 ERROR    Failure: 94097134937905879805143453101758338884 : http://localhost:1800/ -> Failed to load resource: net::ERR_NAME_RESOLUTION_FAILED
2022-05-25 20:00:09 ERROR    Failure: 192000098578407187921566301909771202768 : http://localhost:1800/ -> net::ERR_NAME_RESOLUTION_FAILED
2022-05-25 20:00:09 ERROR    Failure: 94097134937905879805143453101758338884 : http://localhost:1800/ -> Failed to load resource: net::ERR_NAME_RESOLUTION_FAILED
2022-05-25 20:00:09 ERROR    Failure: 192000098578407187921566301909771202768 : http://localhost:1800/ -> net::ERR_NAME_RESOLUTION_FAILED
2022-05-25 20:00:09 ERROR    Failure: 94097134937905879805143453101758338884 : http://localhost:1800/ -> Failed to load resource: net::ERR_NAME_RESOLUTION_FAILED
2022-05-25 20:00:10 ERROR    Failure: 79839802101734943688249486384801588623 : http://localhost:1800/ -> Failed to load resource: the server responded with a status of 401 (Unauthorized)
2022-05-25 20:00:10 ERROR    Failure: 233681242693567643314746531081609967369 : http://localhost:1800/ -> status code(401) -> Not logged in
2022-05-25 20:00:21 ERROR    Failure: 192000098578407187921566301909771202768 : http://localhost:1800/subscribe?product=self-hosted -> net::ERR_NAME_RESOLUTION_FAILED
2022-05-25 20:00:21 ERROR    Failure: 94097134937905879805143453101758338884 : http://localhost:1800/subscribe?product=self-hosted -> Failed to load resource: net::ERR_NAME_RESOLUTION_FAILED
2022-05-25 20:00:21 ERROR    Failure: 192000098578407187921566301909771202768 : http://localhost:1800/subscribe?product=self-hosted -> net::ERR_NAME_RESOLUTION_FAILED
2022-05-25 20:00:21 ERROR    Failure: 94097134937905879805143453101758338884 : http://localhost:1800/subscribe?product=self-hosted -> Failed to load resource: net::ERR_NAME_RESOLUTION_FAILED
2022-05-25 20:00:21 ERROR    Failure: 192000098578407187921566301909771202768 : http://localhost:1800/subscribe?product=self-hosted -> net::ERR_NAME_RESOLUTION_FAILED
2022-05-25 20:00:21 ERROR    Failure: 94097134937905879805143453101758338884 : http://localhost:1800/subscribe?product=self-hosted -> Failed to load resource: net::ERR_NAME_RESOLUTION_FAILED
2022-05-25 20:00:21 ERROR    Failure: 192000098578407187921566301909771202768 : http://localhost:1800/subscribe?product=self-hosted -> net::ERR_NAME_RESOLUTION_FAILED
2022-05-25 20:00:21 ERROR    Failure: 94097134937905879805143453101758338884 : http://localhost:1800/subscribe?product=self-hosted -> Failed to load resource: net::ERR_NAME_RESOLUTION_FAILED
2022-05-25 20:00:21 ERROR    Failure: 192000098578407187921566301909771202768 : http://localhost:1800/subscribe?product=self-hosted -> net::ERR_NAME_RESOLUTION_FAILED
2022-05-25 20:00:21 ERROR    Failure: 94097134937905879805143453101758338884 : http://localhost:1800/subscribe?product=self-hosted -> Failed to load resource: net::ERR_NAME_RESOLUTION_FAILED
2022-05-25 20:00:21 ERROR    Failure: 192000098578407187921566301909771202768 : http://localhost:1800/subscribe?product=self-hosted -> net::ERR_NAME_RESOLUTION_FAILED
2022-05-25 20:00:21 ERROR    Failure: 94097134937905879805143453101758338884 : http://localhost:1800/subscribe?product=self-hosted -> Failed to load resource: net::ERR_NAME_RESOLUTION_FAILED
2022-05-25 20:00:21 ERROR    Failure: 79839802101734943688249486384801588623 : http://localhost:1800/subscribe?product=self-hosted -> Failed to load resource: the server responded with a status of 401 (Unauthorized)
2022-05-25 20:00:21 ERROR    Failure: 233681242693567643314746531081609967369 : http://localhost:1800/subscribe?product=self-hosted -> status code(401) -> Not logged in
2022-05-25 20:00:21 ERROR    Failure: 192000098578407187921566301909771202768 : http://localhost:1800/subscribe?product=self-hosted -> net::ERR_NAME_RESOLUTION_FAILED
2022-05-25 20:00:21 ERROR    Failure: 94097134937905879805143453101758338884 : http://localhost:1800/subscribe?product=self-hosted -> Failed to load resource: net::ERR_NAME_RESOLUTION_FAILED
2022-05-25 20:00:25 ERROR    Failure: 192000098578407187921566301909771202768 : http://localhost:1800/ -> net::ERR_NAME_RESOLUTION_FAILED
2022-05-25 20:00:25 ERROR    Failure: 94097134937905879805143453101758338884 : http://localhost:1800/ -> Failed to load resource: net::ERR_NAME_RESOLUTION_FAILED
2022-05-25 20:00:25 ERROR    Failure: 192000098578407187921566301909771202768 : http://localhost:1800/ -> net::ERR_NAME_RESOLUTION_FAILED
2022-05-25 20:00:25 ERROR    Failure: 94097134937905879805143453101758338884 : http://localhost:1800/ -> Failed to load resource: net::ERR_NAME_RESOLUTION_FAILED
2022-05-25 20:00:25 ERROR    Failure: 192000098578407187921566301909771202768 : http://localhost:1800/ -> net::ERR_NAME_RESOLUTION_FAILED
2022-05-25 20:00:25 ERROR    Failure: 94097134937905879805143453101758338884 : http://localhost:1800/ -> Failed to load resource: net::ERR_NAME_RESOLUTION_FAILED
2022-05-25 20:00:25 ERROR    Failure: 192000098578407187921566301909771202768 : http://localhost:1800/ -> net::ERR_NAME_RESOLUTION_FAILED
2022-05-25 20:00:25 ERROR    Failure: 94097134937905879805143453101758338884 : http://localhost:1800/ -> Failed to load resource: net::ERR_NAME_RESOLUTION_FAILED
2022-05-25 20:00:25 ERROR    Failure: 192000098578407187921566301909771202768 : http://localhost:1800/ -> net::ERR_NAME_RESOLUTION_FAILED
2022-05-25 20:00:25 ERROR    Failure: 94097134937905879805143453101758338884 : http://localhost:1800/ -> Failed to load resource: net::ERR_NAME_RESOLUTION_FAILED
2022-05-25 20:00:25 ERROR    Failure: 192000098578407187921566301909771202768 : http://localhost:1800/ -> net::ERR_NAME_RESOLUTION_FAILED
2022-05-25 20:00:25 ERROR    Failure: 94097134937905879805143453101758338884 : http://localhost:1800/ -> Failed to load resource: net::ERR_NAME_RESOLUTION_FAILED
2022-05-25 20:00:26 ERROR    Failure: 79839802101734943688249486384801588623 : http://localhost:1800/ -> Failed to load resource: the server responded with a status of 401 (Unauthorized)
2022-05-25 20:00:26 ERROR    Failure: 233681242693567643314746531081609967369 : http://localhost:1800/ -> status code(401) -> Not logged in
2022-05-25 20:00:35 ERROR    Failure: 192000098578407187921566301909771202768 : http://localhost:1800/subscribe?product=unlimited -> net::ERR_NAME_RESOLUTION_FAILED
2022-05-25 20:00:35 ERROR    Failure: 94097134937905879805143453101758338884 : http://localhost:1800/subscribe?product=unlimited -> Failed to load resource: net::ERR_NAME_RESOLUTION_FAILED
2022-05-25 20:00:35 ERROR    Failure: 192000098578407187921566301909771202768 : http://localhost:1800/subscribe?product=unlimited -> net::ERR_NAME_RESOLUTION_FAILED
2022-05-25 20:00:35 ERROR    Failure: 94097134937905879805143453101758338884 : http://localhost:1800/subscribe?product=unlimited -> Failed to load resource: net::ERR_NAME_RESOLUTION_FAILED
2022-05-25 20:00:35 ERROR    Failure: 192000098578407187921566301909771202768 : http://localhost:1800/subscribe?product=unlimited -> net::ERR_NAME_RESOLUTION_FAILED
2022-05-25 20:00:35 ERROR    Failure: 94097134937905879805143453101758338884 : http://localhost:1800/subscribe?product=unlimited -> Failed to load resource: net::ERR_NAME_RESOLUTION_FAILED
2022-05-25 20:00:35 ERROR    Failure: 192000098578407187921566301909771202768 : http://localhost:1800/subscribe?product=unlimited -> net::ERR_NAME_RESOLUTION_FAILED
2022-05-25 20:00:35 ERROR    Failure: 94097134937905879805143453101758338884 : http://localhost:1800/subscribe?product=unlimited -> Failed to load resource: net::ERR_NAME_RESOLUTION_FAILED
2022-05-25 20:00:35 ERROR    Failure: 192000098578407187921566301909771202768 : http://localhost:1800/subscribe?product=unlimited -> net::ERR_NAME_RESOLUTION_FAILED
2022-05-25 20:00:35 ERROR    Failure: 94097134937905879805143453101758338884 : http://localhost:1800/subscribe?product=unlimited -> Failed to load resource: net::ERR_NAME_RESOLUTION_FAILED
2022-05-25 20:00:35 ERROR    Failure: 192000098578407187921566301909771202768 : http://localhost:1800/subscribe?product=unlimited -> net::ERR_NAME_RESOLUTION_FAILED
2022-05-25 20:00:35 ERROR    Failure: 94097134937905879805143453101758338884 : http://localhost:1800/subscribe?product=unlimited -> Failed to load resource: net::ERR_NAME_RESOLUTION_FAILED
2022-05-25 20:00:36 ERROR    Failure: 79839802101734943688249486384801588623 : http://localhost:1800/subscribe?product=unlimited -> Failed to load resource: the server responded with a status of 401 (Unauthorized)
2022-05-25 20:00:36 ERROR    Failure: 192000098578407187921566301909771202768 : http://localhost:1800/subscribe?product=unlimited -> net::ERR_NAME_RESOLUTION_FAILED
2022-05-25 20:00:36 ERROR    Failure: 94097134937905879805143453101758338884 : http://localhost:1800/subscribe?product=unlimited -> Failed to load resource: net::ERR_NAME_RESOLUTION_FAILED
2022-05-25 20:00:36 ERROR    Failure: 233681242693567643314746531081609967369 : http://localhost:1800/subscribe?product=unlimited -> status code(401) -> Not logged in
2022-05-25 20:00:41 ERROR    Failure: 192000098578407187921566301909771202768 : http://localhost:1800/ -> net::ERR_NAME_RESOLUTION_FAILED
2022-05-25 20:00:41 ERROR    Failure: 94097134937905879805143453101758338884 : http://localhost:1800/ -> Failed to load resource: net::ERR_NAME_RESOLUTION_FAILED
2022-05-25 20:00:41 ERROR    Failure: 192000098578407187921566301909771202768 : http://localhost:1800/ -> net::ERR_NAME_RESOLUTION_FAILED
2022-05-25 20:00:41 ERROR    Failure: 94097134937905879805143453101758338884 : http://localhost:1800/ -> Failed to load resource: net::ERR_NAME_RESOLUTION_FAILED
2022-05-25 20:00:41 ERROR    Failure: 192000098578407187921566301909771202768 : http://localhost:1800/ -> net::ERR_NAME_RESOLUTION_FAILED
2022-05-25 20:00:41 ERROR    Failure: 94097134937905879805143453101758338884 : http://localhost:1800/ -> Failed to load resource: net::ERR_NAME_RESOLUTION_FAILED
2022-05-25 20:00:41 ERROR    Failure: 192000098578407187921566301909771202768 : http://localhost:1800/ -> net::ERR_NAME_RESOLUTION_FAILED
2022-05-25 20:00:41 ERROR    Failure: 94097134937905879805143453101758338884 : http://localhost:1800/ -> Failed to load resource: net::ERR_NAME_RESOLUTION_FAILED
2022-05-25 20:00:41 ERROR    Failure: 192000098578407187921566301909771202768 : http://localhost:1800/ -> net::ERR_NAME_RESOLUTION_FAILED
2022-05-25 20:00:41 ERROR    Failure: 94097134937905879805143453101758338884 : http://localhost:1800/ -> Failed to load resource: net::ERR_NAME_RESOLUTION_FAILED
2022-05-25 20:00:41 ERROR    Failure: 192000098578407187921566301909771202768 : http://localhost:1800/ -> net::ERR_NAME_RESOLUTION_FAILED
2022-05-25 20:00:41 ERROR    Failure: 94097134937905879805143453101758338884 : http://localhost:1800/ -> Failed to load resource: net::ERR_NAME_RESOLUTION_FAILED
2022-05-25 20:00:42 ERROR    Failure: 79839802101734943688249486384801588623 : http://localhost:1800/ -> Failed to load resource: the server responded with a status of 401 (Unauthorized)
2022-05-25 20:00:42 ERROR    Failure: 233681242693567643314746531081609967369 : http://localhost:1800/ -> status code(401) -> Not logged in
2022-05-25 20:00:52 ERROR    Failure: 192000098578407187921566301909771202768 : http://localhost:1800/subscribe?product=team -> net::ERR_NAME_RESOLUTION_FAILED
2022-05-25 20:00:52 ERROR    Failure: 94097134937905879805143453101758338884 : http://localhost:1800/subscribe?product=team -> Failed to load resource: net::ERR_NAME_RESOLUTION_FAILED
2022-05-25 20:00:52 ERROR    Failure: 192000098578407187921566301909771202768 : http://localhost:1800/subscribe?product=team -> net::ERR_NAME_RESOLUTION_FAILED
2022-05-25 20:00:52 ERROR    Failure: 94097134937905879805143453101758338884 : http://localhost:1800/subscribe?product=team -> Failed to load resource: net::ERR_NAME_RESOLUTION_FAILED
2022-05-25 20:00:52 ERROR    Failure: 192000098578407187921566301909771202768 : http://localhost:1800/subscribe?product=team -> net::ERR_NAME_RESOLUTION_FAILED
2022-05-25 20:00:52 ERROR    Failure: 94097134937905879805143453101758338884 : http://localhost:1800/subscribe?product=team -> Failed to load resource: net::ERR_NAME_RESOLUTION_FAILED
2022-05-25 20:00:52 ERROR    Failure: 192000098578407187921566301909771202768 : http://localhost:1800/subscribe?product=team -> net::ERR_NAME_RESOLUTION_FAILED
2022-05-25 20:00:52 ERROR    Failure: 94097134937905879805143453101758338884 : http://localhost:1800/subscribe?product=team -> Failed to load resource: net::ERR_NAME_RESOLUTION_FAILED
2022-05-25 20:00:52 ERROR    Failure: 192000098578407187921566301909771202768 : http://localhost:1800/subscribe?product=team -> net::ERR_NAME_RESOLUTION_FAILED
2022-05-25 20:00:52 ERROR    Failure: 94097134937905879805143453101758338884 : http://localhost:1800/subscribe?product=team -> Failed to load resource: net::ERR_NAME_RESOLUTION_FAILED
2022-05-25 20:00:52 ERROR    Failure: 192000098578407187921566301909771202768 : http://localhost:1800/subscribe?product=team -> net::ERR_NAME_RESOLUTION_FAILED
2022-05-25 20:00:52 ERROR    Failure: 94097134937905879805143453101758338884 : http://localhost:1800/subscribe?product=team -> Failed to load resource: net::ERR_NAME_RESOLUTION_FAILED
2022-05-25 20:00:52 ERROR    Failure: 79839802101734943688249486384801588623 : http://localhost:1800/subscribe?product=team -> Failed to load resource: the server responded with a status of 401 (Unauthorized)
2022-05-25 20:00:52 ERROR    Failure: 192000098578407187921566301909771202768 : http://localhost:1800/subscribe?product=team -> net::ERR_NAME_RESOLUTION_FAILED
2022-05-25 20:00:52 ERROR    Failure: 94097134937905879805143453101758338884 : http://localhost:1800/subscribe?product=team -> Failed to load resource: net::ERR_NAME_RESOLUTION_FAILED
2022-05-25 20:00:52 ERROR    Failure: 233681242693567643314746531081609967369 : http://localhost:1800/subscribe?product=team -> status code(401) -> Not logged in
2022-05-25 20:00:55 ERROR    Failure: 192000098578407187921566301909771202768 : http://localhost:1800/ -> net::ERR_NAME_RESOLUTION_FAILED
2022-05-25 20:00:55 ERROR    Failure: 94097134937905879805143453101758338884 : http://localhost:1800/ -> Failed to load resource: net::ERR_NAME_RESOLUTION_FAILED
2022-05-25 20:00:55 ERROR    Failure: 192000098578407187921566301909771202768 : http://localhost:1800/ -> net::ERR_NAME_RESOLUTION_FAILED
2022-05-25 20:00:55 ERROR    Failure: 94097134937905879805143453101758338884 : http://localhost:1800/ -> Failed to load resource: net::ERR_NAME_RESOLUTION_FAILED
2022-05-25 20:00:55 ERROR    Failure: 192000098578407187921566301909771202768 : http://localhost:1800/ -> net::ERR_NAME_RESOLUTION_FAILED
2022-05-25 20:00:55 ERROR    Failure: 94097134937905879805143453101758338884 : http://localhost:1800/ -> Failed to load resource: net::ERR_NAME_RESOLUTION_FAILED
2022-05-25 20:00:55 ERROR    Failure: 192000098578407187921566301909771202768 : http://localhost:1800/ -> net::ERR_NAME_RESOLUTION_FAILED
2022-05-25 20:00:55 ERROR    Failure: 94097134937905879805143453101758338884 : http://localhost:1800/ -> Failed to load resource: net::ERR_NAME_RESOLUTION_FAILED
2022-05-25 20:00:55 ERROR    Failure: 192000098578407187921566301909771202768 : http://localhost:1800/ -> net::ERR_NAME_RESOLUTION_FAILED
2022-05-25 20:00:55 ERROR    Failure: 94097134937905879805143453101758338884 : http://localhost:1800/ -> Failed to load resource: net::ERR_NAME_RESOLUTION_FAILED
2022-05-25 20:00:55 ERROR    Failure: 192000098578407187921566301909771202768 : http://localhost:1800/ -> net::ERR_NAME_RESOLUTION_FAILED
2022-05-25 20:00:55 ERROR    Failure: 94097134937905879805143453101758338884 : http://localhost:1800/ -> Failed to load resource: net::ERR_NAME_RESOLUTION_FAILED
2022-05-25 20:00:56 ERROR    Failure: 79839802101734943688249486384801588623 : http://localhost:1800/ -> Failed to load resource: the server responded with a status of 401 (Unauthorized)
2022-05-25 20:00:56 ERROR    Failure: 233681242693567643314746531081609967369 : http://localhost:1800/ -> status code(401) -> Not logged in
2022-05-25 20:01:05 ERROR    Failure: 192000098578407187921566301909771202768 : http://localhost:1800/login -> net::ERR_NAME_RESOLUTION_FAILED
2022-05-25 20:01:05 ERROR    Failure: 94097134937905879805143453101758338884 : http://localhost:1800/login -> Failed to load resource: net::ERR_NAME_RESOLUTION_FAILED
2022-05-25 20:01:05 ERROR    Failure: 192000098578407187921566301909771202768 : http://localhost:1800/login -> net::ERR_NAME_RESOLUTION_FAILED
2022-05-25 20:01:05 ERROR    Failure: 94097134937905879805143453101758338884 : http://localhost:1800/login -> Failed to load resource: net::ERR_NAME_RESOLUTION_FAILED
2022-05-25 20:01:05 ERROR    Failure: 192000098578407187921566301909771202768 : http://localhost:1800/login -> net::ERR_NAME_RESOLUTION_FAILED
2022-05-25 20:01:05 ERROR    Failure: 94097134937905879805143453101758338884 : http://localhost:1800/login -> Failed to load resource: net::ERR_NAME_RESOLUTION_FAILED
2022-05-25 20:01:05 ERROR    Failure: 192000098578407187921566301909771202768 : http://localhost:1800/login -> net::ERR_NAME_RESOLUTION_FAILED
2022-05-25 20:01:05 ERROR    Failure: 94097134937905879805143453101758338884 : http://localhost:1800/login -> Failed to load resource: net::ERR_NAME_RESOLUTION_FAILED
2022-05-25 20:01:05 ERROR    Failure: 192000098578407187921566301909771202768 : http://localhost:1800/login -> net::ERR_NAME_RESOLUTION_FAILED
2022-05-25 20:01:05 ERROR    Failure: 94097134937905879805143453101758338884 : http://localhost:1800/login -> Failed to load resource: net::ERR_NAME_RESOLUTION_FAILED
2022-05-25 20:01:05 ERROR    Failure: 192000098578407187921566301909771202768 : http://localhost:1800/login -> net::ERR_NAME_RESOLUTION_FAILED
2022-05-25 20:01:05 ERROR    Failure: 94097134937905879805143453101758338884 : http://localhost:1800/login -> Failed to load resource: net::ERR_NAME_RESOLUTION_FAILED
2022-05-25 20:01:06 ERROR    Failure: 79839802101734943688249486384801588623 : http://localhost:1800/login -> Failed to load resource: the server responded with a status of 401 (Unauthorized)
2022-05-25 20:01:06 ERROR    Failure: 233681242693567643314746531081609967369 : http://localhost:1800/login -> status code(401) -> Not logged in
2022-05-25 20:01:08 ERROR    Failure: 262513326802567628094931167029883077585 : http://localhost:1800/ -> net::ERR_ABORTED
2022-05-25 20:01:08 ERROR    Failure: 192000098578407187921566301909771202768 : http://localhost:1800/subscribe?product=team -> net::ERR_NAME_RESOLUTION_FAILED
2022-05-25 20:01:08 ERROR    Failure: 94097134937905879805143453101758338884 : http://localhost:1800/subscribe?product=team -> Failed to load resource: net::ERR_NAME_RESOLUTION_FAILED
2022-05-25 20:01:08 ERROR    Failure: 192000098578407187921566301909771202768 : http://localhost:1800/subscribe?product=team -> net::ERR_NAME_RESOLUTION_FAILED
2022-05-25 20:01:08 ERROR    Failure: 94097134937905879805143453101758338884 : http://localhost:1800/subscribe?product=team -> Failed to load resource: net::ERR_NAME_RESOLUTION_FAILED
2022-05-25 20:01:08 ERROR    Failure: 192000098578407187921566301909771202768 : http://localhost:1800/subscribe?product=team -> net::ERR_NAME_RESOLUTION_FAILED
2022-05-25 20:01:08 ERROR    Failure: 94097134937905879805143453101758338884 : http://localhost:1800/subscribe?product=team -> Failed to load resource: net::ERR_NAME_RESOLUTION_FAILED
2022-05-25 20:01:08 ERROR    Failure: 192000098578407187921566301909771202768 : http://localhost:1800/subscribe?product=team -> net::ERR_NAME_RESOLUTION_FAILED
2022-05-25 20:01:08 ERROR    Failure: 94097134937905879805143453101758338884 : http://localhost:1800/subscribe?product=team -> Failed to load resource: net::ERR_NAME_RESOLUTION_FAILED
2022-05-25 20:01:08 ERROR    Failure: 192000098578407187921566301909771202768 : http://localhost:1800/subscribe?product=team -> net::ERR_NAME_RESOLUTION_FAILED
2022-05-25 20:01:08 ERROR    Failure: 94097134937905879805143453101758338884 : http://localhost:1800/subscribe?product=team -> Failed to load resource: net::ERR_NAME_RESOLUTION_FAILED
2022-05-25 20:01:08 ERROR    Failure: 192000098578407187921566301909771202768 : http://localhost:1800/subscribe?product=team -> net::ERR_NAME_RESOLUTION_FAILED
2022-05-25 20:01:08 ERROR    Failure: 94097134937905879805143453101758338884 : http://localhost:1800/subscribe?product=team -> Failed to load resource: net::ERR_NAME_RESOLUTION_FAILED
2022-05-25 20:01:08 ERROR    Failure: 79839802101734943688249486384801588623 : http://localhost:1800/subscribe?product=team -> Failed to load resource: the server responded with a status of 401 (Unauthorized)
2022-05-25 20:01:08 ERROR    Failure: 233681242693567643314746531081609967369 : http://localhost:1800/subscribe?product=team -> status code(401) -> Not logged in
2022-05-25 20:01:08 ERROR    Failure: 192000098578407187921566301909771202768 : http://localhost:1800/subscribe?product=team -> net::ERR_NAME_RESOLUTION_FAILED
2022-05-25 20:01:08 ERROR    Failure: 94097134937905879805143453101758338884 : http://localhost:1800/subscribe?product=team -> Failed to load resource: net::ERR_NAME_RESOLUTION_FAILED
2022-05-25 20:01:09 ERROR    Failure: 192000098578407187921566301909771202768 : http://localhost:1800/ -> net::ERR_NAME_RESOLUTION_FAILED
2022-05-25 20:01:09 ERROR    Failure: 94097134937905879805143453101758338884 : http://localhost:1800/ -> Failed to load resource: net::ERR_NAME_RESOLUTION_FAILED
2022-05-25 20:01:09 ERROR    Failure: 192000098578407187921566301909771202768 : http://localhost:1800/ -> net::ERR_NAME_RESOLUTION_FAILED
2022-05-25 20:01:09 ERROR    Failure: 94097134937905879805143453101758338884 : http://localhost:1800/ -> Failed to load resource: net::ERR_NAME_RESOLUTION_FAILED
2022-05-25 20:01:09 ERROR    Failure: 192000098578407187921566301909771202768 : http://localhost:1800/ -> net::ERR_NAME_RESOLUTION_FAILED
2022-05-25 20:01:09 ERROR    Failure: 94097134937905879805143453101758338884 : http://localhost:1800/ -> Failed to load resource: net::ERR_NAME_RESOLUTION_FAILED
2022-05-25 20:01:09 ERROR    Failure: 192000098578407187921566301909771202768 : http://localhost:1800/ -> net::ERR_NAME_RESOLUTION_FAILED
2022-05-25 20:01:09 ERROR    Failure: 94097134937905879805143453101758338884 : http://localhost:1800/ -> Failed to load resource: net::ERR_NAME_RESOLUTION_FAILED
2022-05-25 20:01:09 ERROR    Failure: 192000098578407187921566301909771202768 : http://localhost:1800/ -> net::ERR_NAME_RESOLUTION_FAILED
2022-05-25 20:01:09 ERROR    Failure: 94097134937905879805143453101758338884 : http://localhost:1800/ -> Failed to load resource: net::ERR_NAME_RESOLUTION_FAILED
2022-05-25 20:01:09 ERROR    Failure: 192000098578407187921566301909771202768 : http://localhost:1800/ -> net::ERR_NAME_RESOLUTION_FAILED
2022-05-25 20:01:09 ERROR    Failure: 94097134937905879805143453101758338884 : http://localhost:1800/ -> Failed to load resource: net::ERR_NAME_RESOLUTION_FAILED
2022-05-25 20:01:10 ERROR    Failure: 79839802101734943688249486384801588623 : http://localhost:1800/ -> Failed to load resource: the server responded with a status of 401 (Unauthorized)
2022-05-25 20:01:10 ERROR    Failure: 233681242693567643314746531081609967369 : http://localhost:1800/ -> status code(401) -> Not logged in
2022-05-25 20:01:20 ERROR    Failure: 192000098578407187921566301909771202768 : http://localhost:1800/login -> net::ERR_NAME_RESOLUTION_FAILED
2022-05-25 20:01:20 ERROR    Failure: 94097134937905879805143453101758338884 : http://localhost:1800/login -> Failed to load resource: net::ERR_NAME_RESOLUTION_FAILED
2022-05-25 20:01:20 ERROR    Failure: 192000098578407187921566301909771202768 : http://localhost:1800/login -> net::ERR_NAME_RESOLUTION_FAILED
2022-05-25 20:01:20 ERROR    Failure: 94097134937905879805143453101758338884 : http://localhost:1800/login -> Failed to load resource: net::ERR_NAME_RESOLUTION_FAILED
2022-05-25 20:01:20 ERROR    Failure: 192000098578407187921566301909771202768 : http://localhost:1800/login -> net::ERR_NAME_RESOLUTION_FAILED
2022-05-25 20:01:20 ERROR    Failure: 94097134937905879805143453101758338884 : http://localhost:1800/login -> Failed to load resource: net::ERR_NAME_RESOLUTION_FAILED
2022-05-25 20:01:20 ERROR    Failure: 192000098578407187921566301909771202768 : http://localhost:1800/login -> net::ERR_NAME_RESOLUTION_FAILED
2022-05-25 20:01:20 ERROR    Failure: 94097134937905879805143453101758338884 : http://localhost:1800/login -> Failed to load resource: net::ERR_NAME_RESOLUTION_FAILED
2022-05-25 20:01:20 ERROR    Failure: 192000098578407187921566301909771202768 : http://localhost:1800/login -> net::ERR_NAME_RESOLUTION_FAILED
2022-05-25 20:01:20 ERROR    Failure: 94097134937905879805143453101758338884 : http://localhost:1800/login -> Failed to load resource: net::ERR_NAME_RESOLUTION_FAILED
2022-05-25 20:01:20 ERROR    Failure: 192000098578407187921566301909771202768 : http://localhost:1800/login -> net::ERR_NAME_RESOLUTION_FAILED
2022-05-25 20:01:20 ERROR    Failure: 94097134937905879805143453101758338884 : http://localhost:1800/login -> Failed to load resource: net::ERR_NAME_RESOLUTION_FAILED
2022-05-25 20:01:21 ERROR    Failure: 79839802101734943688249486384801588623 : http://localhost:1800/login -> Failed to load resource: the server responded with a status of 401 (Unauthorized)
2022-05-25 20:01:21 ERROR    Failure: 233681242693567643314746531081609967369 : http://localhost:1800/login -> status code(401) -> Not logged in
2022-05-25 20:01:21 ERROR    Failure: 262513326802567628094931167029883077585 : http://localhost:1800/ -> net::ERR_ABORTED
2022-05-25 20:01:21 ERROR    Failure: 192000098578407187921566301909771202768 : http://localhost:1800/subscribe?product=team -> net::ERR_NAME_RESOLUTION_FAILED
2022-05-25 20:01:21 ERROR    Failure: 94097134937905879805143453101758338884 : http://localhost:1800/subscribe?product=team -> Failed to load resource: net::ERR_NAME_RESOLUTION_FAILED
2022-05-25 20:01:21 ERROR    Failure: 192000098578407187921566301909771202768 : http://localhost:1800/subscribe?product=team -> net::ERR_NAME_RESOLUTION_FAILED
2022-05-25 20:01:21 ERROR    Failure: 94097134937905879805143453101758338884 : http://localhost:1800/subscribe?product=team -> Failed to load resource: net::ERR_NAME_RESOLUTION_FAILED
2022-05-25 20:01:21 ERROR    Failure: 192000098578407187921566301909771202768 : http://localhost:1800/subscribe?product=team -> net::ERR_NAME_RESOLUTION_FAILED
2022-05-25 20:01:21 ERROR    Failure: 94097134937905879805143453101758338884 : http://localhost:1800/subscribe?product=team -> Failed to load resource: net::ERR_NAME_RESOLUTION_FAILED
2022-05-25 20:01:21 ERROR    Failure: 192000098578407187921566301909771202768 : http://localhost:1800/subscribe?product=team -> net::ERR_NAME_RESOLUTION_FAILED
2022-05-25 20:01:21 ERROR    Failure: 94097134937905879805143453101758338884 : http://localhost:1800/subscribe?product=team -> Failed to load resource: net::ERR_NAME_RESOLUTION_FAILED
2022-05-25 20:01:21 ERROR    Failure: 192000098578407187921566301909771202768 : http://localhost:1800/subscribe?product=team -> net::ERR_NAME_RESOLUTION_FAILED
2022-05-25 20:01:21 ERROR    Failure: 94097134937905879805143453101758338884 : http://localhost:1800/subscribe?product=team -> Failed to load resource: net::ERR_NAME_RESOLUTION_FAILED
2022-05-25 20:01:21 ERROR    Failure: 192000098578407187921566301909771202768 : http://localhost:1800/subscribe?product=team -> net::ERR_NAME_RESOLUTION_FAILED
2022-05-25 20:01:21 ERROR    Failure: 94097134937905879805143453101758338884 : http://localhost:1800/subscribe?product=team -> Failed to load resource: net::ERR_NAME_RESOLUTION_FAILED
2022-05-25 20:01:21 ERROR    Failure: 79839802101734943688249486384801588623 : http://localhost:1800/subscribe?product=team -> Failed to load resource: the server responded with a status of 401 (Unauthorized)
2022-05-25 20:01:22 ERROR    Failure: 192000098578407187921566301909771202768 : http://localhost:1800/subscribe?product=team -> net::ERR_NAME_RESOLUTION_FAILED
2022-05-25 20:01:22 ERROR    Failure: 94097134937905879805143453101758338884 : http://localhost:1800/subscribe?product=team -> Failed to load resource: net::ERR_NAME_RESOLUTION_FAILED
2022-05-25 20:01:22 ERROR    Failure: 233681242693567643314746531081609967369 : http://localhost:1800/subscribe?product=team -> status code(401) -> Not logged in
2022-05-25 20:01:25 ERROR    Failure: 192000098578407187921566301909771202768 : http://localhost:1800/ -> net::ERR_NAME_RESOLUTION_FAILED
2022-05-25 20:01:25 ERROR    Failure: 94097134937905879805143453101758338884 : http://localhost:1800/ -> Failed to load resource: net::ERR_NAME_RESOLUTION_FAILED
2022-05-25 20:01:25 ERROR    Failure: 192000098578407187921566301909771202768 : http://localhost:1800/ -> net::ERR_NAME_RESOLUTION_FAILED
2022-05-25 20:01:25 ERROR    Failure: 94097134937905879805143453101758338884 : http://localhost:1800/ -> Failed to load resource: net::ERR_NAME_RESOLUTION_FAILED
2022-05-25 20:01:25 ERROR    Failure: 192000098578407187921566301909771202768 : http://localhost:1800/ -> net::ERR_NAME_RESOLUTION_FAILED
2022-05-25 20:01:25 ERROR    Failure: 94097134937905879805143453101758338884 : http://localhost:1800/ -> Failed to load resource: net::ERR_NAME_RESOLUTION_FAILED
2022-05-25 20:01:25 ERROR    Failure: 192000098578407187921566301909771202768 : http://localhost:1800/ -> net::ERR_NAME_RESOLUTION_FAILED
2022-05-25 20:01:25 ERROR    Failure: 94097134937905879805143453101758338884 : http://localhost:1800/ -> Failed to load resource: net::ERR_NAME_RESOLUTION_FAILED
2022-05-25 20:01:25 ERROR    Failure: 192000098578407187921566301909771202768 : http://localhost:1800/ -> net::ERR_NAME_RESOLUTION_FAILED
2022-05-25 20:01:25 ERROR    Failure: 94097134937905879805143453101758338884 : http://localhost:1800/ -> Failed to load resource: net::ERR_NAME_RESOLUTION_FAILED
2022-05-25 20:01:25 ERROR    Failure: 192000098578407187921566301909771202768 : http://localhost:1800/ -> net::ERR_NAME_RESOLUTION_FAILED
2022-05-25 20:01:25 ERROR    Failure: 94097134937905879805143453101758338884 : http://localhost:1800/ -> Failed to load resource: net::ERR_NAME_RESOLUTION_FAILED
2022-05-25 20:01:25 ERROR    Failure: 79839802101734943688249486384801588623 : http://localhost:1800/ -> Failed to load resource: the server responded with a status of 401 (Unauthorized)
2022-05-25 20:01:25 ERROR    Failure: 233681242693567643314746531081609967369 : http://localhost:1800/ -> status code(401) -> Not logged in
2022-05-25 20:01:43 ERROR    Failure: 192000098578407187921566301909771202768 : http://localhost:1800/ -> net::ERR_NAME_RESOLUTION_FAILED
2022-05-25 20:01:43 ERROR    Failure: 94097134937905879805143453101758338884 : http://localhost:1800/ -> Failed to load resource: net::ERR_NAME_RESOLUTION_FAILED
2022-05-25 20:01:43 ERROR    Failure: 192000098578407187921566301909771202768 : http://localhost:1800/ -> net::ERR_NAME_RESOLUTION_FAILED
2022-05-25 20:01:43 ERROR    Failure: 94097134937905879805143453101758338884 : http://localhost:1800/ -> Failed to load resource: net::ERR_NAME_RESOLUTION_FAILED
2022-05-25 20:01:43 ERROR    Failure: 192000098578407187921566301909771202768 : http://localhost:1800/ -> net::ERR_NAME_RESOLUTION_FAILED
2022-05-25 20:01:43 ERROR    Failure: 94097134937905879805143453101758338884 : http://localhost:1800/ -> Failed to load resource: net::ERR_NAME_RESOLUTION_FAILED
2022-05-25 20:01:43 ERROR    Failure: 192000098578407187921566301909771202768 : http://localhost:1800/ -> net::ERR_NAME_RESOLUTION_FAILED
2022-05-25 20:01:43 ERROR    Failure: 94097134937905879805143453101758338884 : http://localhost:1800/ -> Failed to load resource: net::ERR_NAME_RESOLUTION_FAILED
2022-05-25 20:01:43 ERROR    Failure: 192000098578407187921566301909771202768 : http://localhost:1800/ -> net::ERR_NAME_RESOLUTION_FAILED
2022-05-25 20:01:43 ERROR    Failure: 94097134937905879805143453101758338884 : http://localhost:1800/ -> Failed to load resource: net::ERR_NAME_RESOLUTION_FAILED
2022-05-25 20:01:43 ERROR    Failure: 192000098578407187921566301909771202768 : http://localhost:1800/ -> net::ERR_NAME_RESOLUTION_FAILED
2022-05-25 20:01:43 ERROR    Failure: 94097134937905879805143453101758338884 : http://localhost:1800/ -> Failed to load resource: net::ERR_NAME_RESOLUTION_FAILED
2022-05-25 20:01:43 ERROR    Failure: 79839802101734943688249486384801588623 : http://localhost:1800/ -> Failed to load resource: the server responded with a status of 401 (Unauthorized)
2022-05-25 20:01:43 ERROR    Failure: 233681242693567643314746531081609967369 : http://localhost:1800/ -> status code(401) -> Not logged in
2022-05-25 20:01:53 ERROR    Failure: 192000098578407187921566301909771202768 : http://localhost:1800/subscribe?product=unlimited -> net::ERR_NAME_RESOLUTION_FAILED
2022-05-25 20:01:53 ERROR    Failure: 94097134937905879805143453101758338884 : http://localhost:1800/subscribe?product=unlimited -> Failed to load resource: net::ERR_NAME_RESOLUTION_FAILED
2022-05-25 20:01:53 ERROR    Failure: 192000098578407187921566301909771202768 : http://localhost:1800/subscribe?product=unlimited -> net::ERR_NAME_RESOLUTION_FAILED
2022-05-25 20:01:53 ERROR    Failure: 94097134937905879805143453101758338884 : http://localhost:1800/subscribe?product=unlimited -> Failed to load resource: net::ERR_NAME_RESOLUTION_FAILED
2022-05-25 20:01:53 ERROR    Failure: 192000098578407187921566301909771202768 : http://localhost:1800/subscribe?product=unlimited -> net::ERR_NAME_RESOLUTION_FAILED
2022-05-25 20:01:53 ERROR    Failure: 94097134937905879805143453101758338884 : http://localhost:1800/subscribe?product=unlimited -> Failed to load resource: net::ERR_NAME_RESOLUTION_FAILED
2022-05-25 20:01:53 ERROR    Failure: 192000098578407187921566301909771202768 : http://localhost:1800/subscribe?product=unlimited -> net::ERR_NAME_RESOLUTION_FAILED
2022-05-25 20:01:53 ERROR    Failure: 94097134937905879805143453101758338884 : http://localhost:1800/subscribe?product=unlimited -> Failed to load resource: net::ERR_NAME_RESOLUTION_FAILED
2022-05-25 20:01:53 ERROR    Failure: 192000098578407187921566301909771202768 : http://localhost:1800/subscribe?product=unlimited -> net::ERR_NAME_RESOLUTION_FAILED
2022-05-25 20:01:53 ERROR    Failure: 94097134937905879805143453101758338884 : http://localhost:1800/subscribe?product=unlimited -> Failed to load resource: net::ERR_NAME_RESOLUTION_FAILED
2022-05-25 20:01:53 ERROR    Failure: 192000098578407187921566301909771202768 : http://localhost:1800/subscribe?product=unlimited -> net::ERR_NAME_RESOLUTION_FAILED
2022-05-25 20:01:53 ERROR    Failure: 94097134937905879805143453101758338884 : http://localhost:1800/subscribe?product=unlimited -> Failed to load resource: net::ERR_NAME_RESOLUTION_FAILED
2022-05-25 20:01:53 ERROR    Failure: 79839802101734943688249486384801588623 : http://localhost:1800/subscribe?product=unlimited -> Failed to load resource: the server responded with a status of 401 (Unauthorized)
2022-05-25 20:01:54 ERROR    Failure: 233681242693567643314746531081609967369 : http://localhost:1800/subscribe?product=unlimited -> status code(401) -> Not logged in
2022-05-25 20:01:54 ERROR    Failure: 192000098578407187921566301909771202768 : http://localhost:1800/subscribe?product=unlimited -> net::ERR_NAME_RESOLUTION_FAILED
2022-05-25 20:01:54 ERROR    Failure: 94097134937905879805143453101758338884 : http://localhost:1800/subscribe?product=unlimited -> Failed to load resource: net::ERR_NAME_RESOLUTION_FAILED
2022-05-25 20:02:00 ERROR    Failure: 192000098578407187921566301909771202768 : http://localhost:1800/ -> net::ERR_NAME_RESOLUTION_FAILED
2022-05-25 20:02:00 ERROR    Failure: 94097134937905879805143453101758338884 : http://localhost:1800/ -> Failed to load resource: net::ERR_NAME_RESOLUTION_FAILED
2022-05-25 20:02:00 ERROR    Failure: 192000098578407187921566301909771202768 : http://localhost:1800/ -> net::ERR_NAME_RESOLUTION_FAILED
2022-05-25 20:02:00 ERROR    Failure: 94097134937905879805143453101758338884 : http://localhost:1800/ -> Failed to load resource: net::ERR_NAME_RESOLUTION_FAILED
2022-05-25 20:02:00 ERROR    Failure: 192000098578407187921566301909771202768 : http://localhost:1800/ -> net::ERR_NAME_RESOLUTION_FAILED
2022-05-25 20:02:00 ERROR    Failure: 94097134937905879805143453101758338884 : http://localhost:1800/ -> Failed to load resource: net::ERR_NAME_RESOLUTION_FAILED
2022-05-25 20:02:00 ERROR    Failure: 192000098578407187921566301909771202768 : http://localhost:1800/ -> net::ERR_NAME_RESOLUTION_FAILED
2022-05-25 20:02:00 ERROR    Failure: 94097134937905879805143453101758338884 : http://localhost:1800/ -> Failed to load resource: net::ERR_NAME_RESOLUTION_FAILED
2022-05-25 20:02:00 ERROR    Failure: 192000098578407187921566301909771202768 : http://localhost:1800/ -> net::ERR_NAME_RESOLUTION_FAILED
2022-05-25 20:02:00 ERROR    Failure: 94097134937905879805143453101758338884 : http://localhost:1800/ -> Failed to load resource: net::ERR_NAME_RESOLUTION_FAILED
2022-05-25 20:02:00 ERROR    Failure: 192000098578407187921566301909771202768 : http://localhost:1800/ -> net::ERR_NAME_RESOLUTION_FAILED
2022-05-25 20:02:00 ERROR    Failure: 94097134937905879805143453101758338884 : http://localhost:1800/ -> Failed to load resource: net::ERR_NAME_RESOLUTION_FAILED
2022-05-25 20:02:00 ERROR    Failure: 79839802101734943688249486384801588623 : http://localhost:1800/ -> Failed to load resource: the server responded with a status of 401 (Unauthorized)
2022-05-25 20:02:00 ERROR    Failure: 233681242693567643314746531081609967369 : http://localhost:1800/ -> status code(401) -> Not logged in
2022-05-25 20:02:10 ERROR    Failure: 192000098578407187921566301909771202768 : http://localhost:1800/subscribe?product=self-hosted -> net::ERR_NAME_RESOLUTION_FAILED
2022-05-25 20:02:10 ERROR    Failure: 94097134937905879805143453101758338884 : http://localhost:1800/subscribe?product=self-hosted -> Failed to load resource: net::ERR_NAME_RESOLUTION_FAILED
2022-05-25 20:02:10 ERROR    Failure: 192000098578407187921566301909771202768 : http://localhost:1800/subscribe?product=self-hosted -> net::ERR_NAME_RESOLUTION_FAILED
2022-05-25 20:02:10 ERROR    Failure: 94097134937905879805143453101758338884 : http://localhost:1800/subscribe?product=self-hosted -> Failed to load resource: net::ERR_NAME_RESOLUTION_FAILED
2022-05-25 20:02:10 ERROR    Failure: 192000098578407187921566301909771202768 : http://localhost:1800/subscribe?product=self-hosted -> net::ERR_NAME_RESOLUTION_FAILED
2022-05-25 20:02:10 ERROR    Failure: 94097134937905879805143453101758338884 : http://localhost:1800/subscribe?product=self-hosted -> Failed to load resource: net::ERR_NAME_RESOLUTION_FAILED
2022-05-25 20:02:10 ERROR    Failure: 192000098578407187921566301909771202768 : http://localhost:1800/subscribe?product=self-hosted -> net::ERR_NAME_RESOLUTION_FAILED
2022-05-25 20:02:10 ERROR    Failure: 94097134937905879805143453101758338884 : http://localhost:1800/subscribe?product=self-hosted -> Failed to load resource: net::ERR_NAME_RESOLUTION_FAILED
2022-05-25 20:02:10 ERROR    Failure: 192000098578407187921566301909771202768 : http://localhost:1800/subscribe?product=self-hosted -> net::ERR_NAME_RESOLUTION_FAILED
2022-05-25 20:02:10 ERROR    Failure: 94097134937905879805143453101758338884 : http://localhost:1800/subscribe?product=self-hosted -> Failed to load resource: net::ERR_NAME_RESOLUTION_FAILED
2022-05-25 20:02:10 ERROR    Failure: 192000098578407187921566301909771202768 : http://localhost:1800/subscribe?product=self-hosted -> net::ERR_NAME_RESOLUTION_FAILED
2022-05-25 20:02:10 ERROR    Failure: 94097134937905879805143453101758338884 : http://localhost:1800/subscribe?product=self-hosted -> Failed to load resource: net::ERR_NAME_RESOLUTION_FAILED
2022-05-25 20:02:10 ERROR    Failure: 79839802101734943688249486384801588623 : http://localhost:1800/subscribe?product=self-hosted -> Failed to load resource: the server responded with a status of 401 (Unauthorized)
2022-05-25 20:02:10 ERROR    Failure: 192000098578407187921566301909771202768 : http://localhost:1800/subscribe?product=self-hosted -> net::ERR_NAME_RESOLUTION_FAILED
2022-05-25 20:02:10 ERROR    Failure: 94097134937905879805143453101758338884 : http://localhost:1800/subscribe?product=self-hosted -> Failed to load resource: net::ERR_NAME_RESOLUTION_FAILED
2022-05-25 20:02:10 ERROR    Failure: 233681242693567643314746531081609967369 : http://localhost:1800/subscribe?product=self-hosted -> status code(401) -> Not logged in
2022-05-25 20:02:16 ERROR    Failure: 192000098578407187921566301909771202768 : http://localhost:1800/ -> net::ERR_NAME_RESOLUTION_FAILED
2022-05-25 20:02:16 ERROR    Failure: 94097134937905879805143453101758338884 : http://localhost:1800/ -> Failed to load resource: net::ERR_NAME_RESOLUTION_FAILED
2022-05-25 20:02:16 ERROR    Failure: 192000098578407187921566301909771202768 : http://localhost:1800/ -> net::ERR_NAME_RESOLUTION_FAILED
2022-05-25 20:02:16 ERROR    Failure: 94097134937905879805143453101758338884 : http://localhost:1800/ -> Failed to load resource: net::ERR_NAME_RESOLUTION_FAILED
2022-05-25 20:02:16 ERROR    Failure: 192000098578407187921566301909771202768 : http://localhost:1800/ -> net::ERR_NAME_RESOLUTION_FAILED
2022-05-25 20:02:16 ERROR    Failure: 94097134937905879805143453101758338884 : http://localhost:1800/ -> Failed to load resource: net::ERR_NAME_RESOLUTION_FAILED
2022-05-25 20:02:16 ERROR    Failure: 192000098578407187921566301909771202768 : http://localhost:1800/ -> net::ERR_NAME_RESOLUTION_FAILED
2022-05-25 20:02:16 ERROR    Failure: 94097134937905879805143453101758338884 : http://localhost:1800/ -> Failed to load resource: net::ERR_NAME_RESOLUTION_FAILED
2022-05-25 20:02:16 ERROR    Failure: 192000098578407187921566301909771202768 : http://localhost:1800/ -> net::ERR_NAME_RESOLUTION_FAILED
2022-05-25 20:02:16 ERROR    Failure: 94097134937905879805143453101758338884 : http://localhost:1800/ -> Failed to load resource: net::ERR_NAME_RESOLUTION_FAILED
2022-05-25 20:02:16 ERROR    Failure: 192000098578407187921566301909771202768 : http://localhost:1800/ -> net::ERR_NAME_RESOLUTION_FAILED
2022-05-25 20:02:16 ERROR    Failure: 94097134937905879805143453101758338884 : http://localhost:1800/ -> Failed to load resource: net::ERR_NAME_RESOLUTION_FAILED
2022-05-25 20:02:17 ERROR    Failure: 79839802101734943688249486384801588623 : http://localhost:1800/ -> Failed to load resource: the server responded with a status of 401 (Unauthorized)
2022-05-25 20:02:17 ERROR    Failure: 233681242693567643314746531081609967369 : http://localhost:1800/ -> status code(401) -> Not logged in
2022-05-25 20:02:26 ERROR    Failure: 192000098578407187921566301909771202768 : http://localhost:1800/login -> net::ERR_NAME_RESOLUTION_FAILED
2022-05-25 20:02:26 ERROR    Failure: 94097134937905879805143453101758338884 : http://localhost:1800/login -> Failed to load resource: net::ERR_NAME_RESOLUTION_FAILED
2022-05-25 20:02:26 ERROR    Failure: 192000098578407187921566301909771202768 : http://localhost:1800/login -> net::ERR_NAME_RESOLUTION_FAILED
2022-05-25 20:02:26 ERROR    Failure: 94097134937905879805143453101758338884 : http://localhost:1800/login -> Failed to load resource: net::ERR_NAME_RESOLUTION_FAILED
2022-05-25 20:02:26 ERROR    Failure: 192000098578407187921566301909771202768 : http://localhost:1800/login -> net::ERR_NAME_RESOLUTION_FAILED
2022-05-25 20:02:26 ERROR    Failure: 94097134937905879805143453101758338884 : http://localhost:1800/login -> Failed to load resource: net::ERR_NAME_RESOLUTION_FAILED
2022-05-25 20:02:26 ERROR    Failure: 192000098578407187921566301909771202768 : http://localhost:1800/login -> net::ERR_NAME_RESOLUTION_FAILED
2022-05-25 20:02:26 ERROR    Failure: 94097134937905879805143453101758338884 : http://localhost:1800/login -> Failed to load resource: net::ERR_NAME_RESOLUTION_FAILED
2022-05-25 20:02:26 ERROR    Failure: 192000098578407187921566301909771202768 : http://localhost:1800/login -> net::ERR_NAME_RESOLUTION_FAILED
2022-05-25 20:02:26 ERROR    Failure: 94097134937905879805143453101758338884 : http://localhost:1800/login -> Failed to load resource: net::ERR_NAME_RESOLUTION_FAILED
2022-05-25 20:02:26 ERROR    Failure: 192000098578407187921566301909771202768 : http://localhost:1800/login -> net::ERR_NAME_RESOLUTION_FAILED
2022-05-25 20:02:26 ERROR    Failure: 94097134937905879805143453101758338884 : http://localhost:1800/login -> Failed to load resource: net::ERR_NAME_RESOLUTION_FAILED
2022-05-25 20:02:27 ERROR    Failure: 79839802101734943688249486384801588623 : http://localhost:1800/login -> Failed to load resource: the server responded with a status of 401 (Unauthorized)
2022-05-25 20:02:27 ERROR    Failure: 233681242693567643314746531081609967369 : http://localhost:1800/login -> status code(401) -> Not logged in
2022-05-25 20:02:28 ERROR    Failure: 262513326802567628094931167029883077585 : http://localhost:1800/ -> net::ERR_ABORTED
2022-05-25 20:02:28 ERROR    Failure: 192000098578407187921566301909771202768 : http://localhost:1800/subscribe?product=unlimited -> net::ERR_NAME_RESOLUTION_FAILED
2022-05-25 20:02:28 ERROR    Failure: 94097134937905879805143453101758338884 : http://localhost:1800/subscribe?product=unlimited -> Failed to load resource: net::ERR_NAME_RESOLUTION_FAILED
2022-05-25 20:02:28 ERROR    Failure: 192000098578407187921566301909771202768 : http://localhost:1800/subscribe?product=unlimited -> net::ERR_NAME_RESOLUTION_FAILED
2022-05-25 20:02:28 ERROR    Failure: 94097134937905879805143453101758338884 : http://localhost:1800/subscribe?product=unlimited -> Failed to load resource: net::ERR_NAME_RESOLUTION_FAILED
2022-05-25 20:02:28 ERROR    Failure: 192000098578407187921566301909771202768 : http://localhost:1800/subscribe?product=unlimited -> net::ERR_NAME_RESOLUTION_FAILED
2022-05-25 20:02:28 ERROR    Failure: 94097134937905879805143453101758338884 : http://localhost:1800/subscribe?product=unlimited -> Failed to load resource: net::ERR_NAME_RESOLUTION_FAILED
2022-05-25 20:02:28 ERROR    Failure: 192000098578407187921566301909771202768 : http://localhost:1800/subscribe?product=unlimited -> net::ERR_NAME_RESOLUTION_FAILED
2022-05-25 20:02:28 ERROR    Failure: 94097134937905879805143453101758338884 : http://localhost:1800/subscribe?product=unlimited -> Failed to load resource: net::ERR_NAME_RESOLUTION_FAILED
2022-05-25 20:02:28 ERROR    Failure: 192000098578407187921566301909771202768 : http://localhost:1800/subscribe?product=unlimited -> net::ERR_NAME_RESOLUTION_FAILED
2022-05-25 20:02:28 ERROR    Failure: 94097134937905879805143453101758338884 : http://localhost:1800/subscribe?product=unlimited -> Failed to load resource: net::ERR_NAME_RESOLUTION_FAILED
2022-05-25 20:02:28 ERROR    Failure: 192000098578407187921566301909771202768 : http://localhost:1800/subscribe?product=unlimited -> net::ERR_NAME_RESOLUTION_FAILED
2022-05-25 20:02:28 ERROR    Failure: 94097134937905879805143453101758338884 : http://localhost:1800/subscribe?product=unlimited -> Failed to load resource: net::ERR_NAME_RESOLUTION_FAILED
2022-05-25 20:02:29 ERROR    Failure: 79839802101734943688249486384801588623 : http://localhost:1800/subscribe?product=unlimited -> Failed to load resource: the server responded with a status of 401 (Unauthorized)
2022-05-25 20:02:29 ERROR    Failure: 192000098578407187921566301909771202768 : http://localhost:1800/subscribe?product=unlimited -> net::ERR_NAME_RESOLUTION_FAILED
2022-05-25 20:02:29 ERROR    Failure: 94097134937905879805143453101758338884 : http://localhost:1800/subscribe?product=unlimited -> Failed to load resource: net::ERR_NAME_RESOLUTION_FAILED
2022-05-25 20:02:29 ERROR    Failure: 233681242693567643314746531081609967369 : http://localhost:1800/subscribe?product=unlimited -> status code(401) -> Not logged in
2022-05-25 20:02:32 ERROR    Failure: 192000098578407187921566301909771202768 : http://localhost:1800/ -> net::ERR_NAME_RESOLUTION_FAILED
2022-05-25 20:02:32 ERROR    Failure: 94097134937905879805143453101758338884 : http://localhost:1800/ -> Failed to load resource: net::ERR_NAME_RESOLUTION_FAILED
2022-05-25 20:02:32 ERROR    Failure: 192000098578407187921566301909771202768 : http://localhost:1800/ -> net::ERR_NAME_RESOLUTION_FAILED
2022-05-25 20:02:32 ERROR    Failure: 94097134937905879805143453101758338884 : http://localhost:1800/ -> Failed to load resource: net::ERR_NAME_RESOLUTION_FAILED
2022-05-25 20:02:32 ERROR    Failure: 192000098578407187921566301909771202768 : http://localhost:1800/ -> net::ERR_NAME_RESOLUTION_FAILED
2022-05-25 20:02:32 ERROR    Failure: 94097134937905879805143453101758338884 : http://localhost:1800/ -> Failed to load resource: net::ERR_NAME_RESOLUTION_FAILED
2022-05-25 20:02:32 ERROR    Failure: 192000098578407187921566301909771202768 : http://localhost:1800/ -> net::ERR_NAME_RESOLUTION_FAILED
2022-05-25 20:02:32 ERROR    Failure: 94097134937905879805143453101758338884 : http://localhost:1800/ -> Failed to load resource: net::ERR_NAME_RESOLUTION_FAILED
2022-05-25 20:02:32 ERROR    Failure: 192000098578407187921566301909771202768 : http://localhost:1800/ -> net::ERR_NAME_RESOLUTION_FAILED
2022-05-25 20:02:32 ERROR    Failure: 94097134937905879805143453101758338884 : http://localhost:1800/ -> Failed to load resource: net::ERR_NAME_RESOLUTION_FAILED
2022-05-25 20:02:32 ERROR    Failure: 192000098578407187921566301909771202768 : http://localhost:1800/ -> net::ERR_NAME_RESOLUTION_FAILED
2022-05-25 20:02:32 ERROR    Failure: 94097134937905879805143453101758338884 : http://localhost:1800/ -> Failed to load resource: net::ERR_NAME_RESOLUTION_FAILED
2022-05-25 20:02:32 ERROR    Failure: 79839802101734943688249486384801588623 : http://localhost:1800/ -> Failed to load resource: the server responded with a status of 401 (Unauthorized)
2022-05-25 20:02:32 ERROR    Failure: 233681242693567643314746531081609967369 : http://localhost:1800/ -> status code(401) -> Not logged in
2022-05-25 20:02:42 ERROR    Failure: 192000098578407187921566301909771202768 : http://localhost:1800/subscribe?product=unlimited -> net::ERR_NAME_RESOLUTION_FAILED
2022-05-25 20:02:42 ERROR    Failure: 94097134937905879805143453101758338884 : http://localhost:1800/subscribe?product=unlimited -> Failed to load resource: net::ERR_NAME_RESOLUTION_FAILED
2022-05-25 20:02:42 ERROR    Failure: 192000098578407187921566301909771202768 : http://localhost:1800/subscribe?product=unlimited -> net::ERR_NAME_RESOLUTION_FAILED
2022-05-25 20:02:42 ERROR    Failure: 94097134937905879805143453101758338884 : http://localhost:1800/subscribe?product=unlimited -> Failed to load resource: net::ERR_NAME_RESOLUTION_FAILED
2022-05-25 20:02:42 ERROR    Failure: 192000098578407187921566301909771202768 : http://localhost:1800/subscribe?product=unlimited -> net::ERR_NAME_RESOLUTION_FAILED
2022-05-25 20:02:42 ERROR    Failure: 94097134937905879805143453101758338884 : http://localhost:1800/subscribe?product=unlimited -> Failed to load resource: net::ERR_NAME_RESOLUTION_FAILED
2022-05-25 20:02:42 ERROR    Failure: 192000098578407187921566301909771202768 : http://localhost:1800/subscribe?product=unlimited -> net::ERR_NAME_RESOLUTION_FAILED
2022-05-25 20:02:42 ERROR    Failure: 94097134937905879805143453101758338884 : http://localhost:1800/subscribe?product=unlimited -> Failed to load resource: net::ERR_NAME_RESOLUTION_FAILED
2022-05-25 20:02:42 ERROR    Failure: 192000098578407187921566301909771202768 : http://localhost:1800/subscribe?product=unlimited -> net::ERR_NAME_RESOLUTION_FAILED
2022-05-25 20:02:42 ERROR    Failure: 94097134937905879805143453101758338884 : http://localhost:1800/subscribe?product=unlimited -> Failed to load resource: net::ERR_NAME_RESOLUTION_FAILED
2022-05-25 20:02:42 ERROR    Failure: 192000098578407187921566301909771202768 : http://localhost:1800/subscribe?product=unlimited -> net::ERR_NAME_RESOLUTION_FAILED
2022-05-25 20:02:42 ERROR    Failure: 94097134937905879805143453101758338884 : http://localhost:1800/subscribe?product=unlimited -> Failed to load resource: net::ERR_NAME_RESOLUTION_FAILED
2022-05-25 20:02:42 ERROR    Failure: 79839802101734943688249486384801588623 : http://localhost:1800/subscribe?product=unlimited -> Failed to load resource: the server responded with a status of 401 (Unauthorized)
2022-05-25 20:02:42 ERROR    Failure: 192000098578407187921566301909771202768 : http://localhost:1800/subscribe?product=unlimited -> net::ERR_NAME_RESOLUTION_FAILED
2022-05-25 20:02:42 ERROR    Failure: 94097134937905879805143453101758338884 : http://localhost:1800/subscribe?product=unlimited -> Failed to load resource: net::ERR_NAME_RESOLUTION_FAILED
2022-05-25 20:02:42 ERROR    Failure: 233681242693567643314746531081609967369 : http://localhost:1800/subscribe?product=unlimited -> status code(401) -> Not logged in
2022-05-25 20:02:48 ERROR    Failure: 192000098578407187921566301909771202768 : http://localhost:1800/ -> net::ERR_NAME_RESOLUTION_FAILED
2022-05-25 20:02:48 ERROR    Failure: 94097134937905879805143453101758338884 : http://localhost:1800/ -> Failed to load resource: net::ERR_NAME_RESOLUTION_FAILED
2022-05-25 20:02:48 ERROR    Failure: 192000098578407187921566301909771202768 : http://localhost:1800/ -> net::ERR_NAME_RESOLUTION_FAILED
2022-05-25 20:02:48 ERROR    Failure: 94097134937905879805143453101758338884 : http://localhost:1800/ -> Failed to load resource: net::ERR_NAME_RESOLUTION_FAILED
2022-05-25 20:02:48 ERROR    Failure: 192000098578407187921566301909771202768 : http://localhost:1800/ -> net::ERR_NAME_RESOLUTION_FAILED
2022-05-25 20:02:48 ERROR    Failure: 94097134937905879805143453101758338884 : http://localhost:1800/ -> Failed to load resource: net::ERR_NAME_RESOLUTION_FAILED
2022-05-25 20:02:48 ERROR    Failure: 192000098578407187921566301909771202768 : http://localhost:1800/ -> net::ERR_NAME_RESOLUTION_FAILED
2022-05-25 20:02:48 ERROR    Failure: 94097134937905879805143453101758338884 : http://localhost:1800/ -> Failed to load resource: net::ERR_NAME_RESOLUTION_FAILED
2022-05-25 20:02:48 ERROR    Failure: 192000098578407187921566301909771202768 : http://localhost:1800/ -> net::ERR_NAME_RESOLUTION_FAILED
2022-05-25 20:02:48 ERROR    Failure: 94097134937905879805143453101758338884 : http://localhost:1800/ -> Failed to load resource: net::ERR_NAME_RESOLUTION_FAILED
2022-05-25 20:02:48 ERROR    Failure: 192000098578407187921566301909771202768 : http://localhost:1800/ -> net::ERR_NAME_RESOLUTION_FAILED
2022-05-25 20:02:48 ERROR    Failure: 94097134937905879805143453101758338884 : http://localhost:1800/ -> Failed to load resource: net::ERR_NAME_RESOLUTION_FAILED
2022-05-25 20:02:49 ERROR    Failure: 79839802101734943688249486384801588623 : http://localhost:1800/ -> Failed to load resource: the server responded with a status of 401 (Unauthorized)
2022-05-25 20:02:49 ERROR    Failure: 233681242693567643314746531081609967369 : http://localhost:1800/ -> status code(401) -> Not logged in
2022-05-25 20:03:01 ERROR    Failure: 192000098578407187921566301909771202768 : http://localhost:1800/subscribe?product=self-hosted -> net::ERR_NAME_RESOLUTION_FAILED
2022-05-25 20:03:01 ERROR    Failure: 94097134937905879805143453101758338884 : http://localhost:1800/subscribe?product=self-hosted -> Failed to load resource: net::ERR_NAME_RESOLUTION_FAILED
2022-05-25 20:03:01 ERROR    Failure: 192000098578407187921566301909771202768 : http://localhost:1800/subscribe?product=self-hosted -> net::ERR_NAME_RESOLUTION_FAILED
2022-05-25 20:03:01 ERROR    Failure: 94097134937905879805143453101758338884 : http://localhost:1800/subscribe?product=self-hosted -> Failed to load resource: net::ERR_NAME_RESOLUTION_FAILED
2022-05-25 20:03:01 ERROR    Failure: 192000098578407187921566301909771202768 : http://localhost:1800/subscribe?product=self-hosted -> net::ERR_NAME_RESOLUTION_FAILED
2022-05-25 20:03:01 ERROR    Failure: 94097134937905879805143453101758338884 : http://localhost:1800/subscribe?product=self-hosted -> Failed to load resource: net::ERR_NAME_RESOLUTION_FAILED
2022-05-25 20:03:01 ERROR    Failure: 192000098578407187921566301909771202768 : http://localhost:1800/subscribe?product=self-hosted -> net::ERR_NAME_RESOLUTION_FAILED
2022-05-25 20:03:01 ERROR    Failure: 94097134937905879805143453101758338884 : http://localhost:1800/subscribe?product=self-hosted -> Failed to load resource: net::ERR_NAME_RESOLUTION_FAILED
2022-05-25 20:03:01 ERROR    Failure: 192000098578407187921566301909771202768 : http://localhost:1800/subscribe?product=self-hosted -> net::ERR_NAME_RESOLUTION_FAILED
2022-05-25 20:03:01 ERROR    Failure: 94097134937905879805143453101758338884 : http://localhost:1800/subscribe?product=self-hosted -> Failed to load resource: net::ERR_NAME_RESOLUTION_FAILED
2022-05-25 20:03:01 ERROR    Failure: 192000098578407187921566301909771202768 : http://localhost:1800/subscribe?product=self-hosted -> net::ERR_NAME_RESOLUTION_FAILED
2022-05-25 20:03:01 ERROR    Failure: 94097134937905879805143453101758338884 : http://localhost:1800/subscribe?product=self-hosted -> Failed to load resource: net::ERR_NAME_RESOLUTION_FAILED
2022-05-25 20:03:01 ERROR    Failure: 79839802101734943688249486384801588623 : http://localhost:1800/subscribe?product=self-hosted -> Failed to load resource: the server responded with a status of 401 (Unauthorized)
2022-05-25 20:03:01 ERROR    Failure: 192000098578407187921566301909771202768 : http://localhost:1800/subscribe?product=self-hosted -> net::ERR_NAME_RESOLUTION_FAILED
2022-05-25 20:03:01 ERROR    Failure: 94097134937905879805143453101758338884 : http://localhost:1800/subscribe?product=self-hosted -> Failed to load resource: net::ERR_NAME_RESOLUTION_FAILED
2022-05-25 20:03:01 ERROR    Failure: 233681242693567643314746531081609967369 : http://localhost:1800/subscribe?product=self-hosted -> status code(401) -> Not logged in
2022-05-25 20:03:04 ERROR    Failure: 192000098578407187921566301909771202768 : http://localhost:1800/ -> net::ERR_NAME_RESOLUTION_FAILED
2022-05-25 20:03:04 ERROR    Failure: 94097134937905879805143453101758338884 : http://localhost:1800/ -> Failed to load resource: net::ERR_NAME_RESOLUTION_FAILED
2022-05-25 20:03:04 ERROR    Failure: 192000098578407187921566301909771202768 : http://localhost:1800/ -> net::ERR_NAME_RESOLUTION_FAILED
2022-05-25 20:03:04 ERROR    Failure: 94097134937905879805143453101758338884 : http://localhost:1800/ -> Failed to load resource: net::ERR_NAME_RESOLUTION_FAILED
2022-05-25 20:03:04 ERROR    Failure: 192000098578407187921566301909771202768 : http://localhost:1800/ -> net::ERR_NAME_RESOLUTION_FAILED
2022-05-25 20:03:04 ERROR    Failure: 94097134937905879805143453101758338884 : http://localhost:1800/ -> Failed to load resource: net::ERR_NAME_RESOLUTION_FAILED
2022-05-25 20:03:04 ERROR    Failure: 192000098578407187921566301909771202768 : http://localhost:1800/ -> net::ERR_NAME_RESOLUTION_FAILED
2022-05-25 20:03:04 ERROR    Failure: 94097134937905879805143453101758338884 : http://localhost:1800/ -> Failed to load resource: net::ERR_NAME_RESOLUTION_FAILED
2022-05-25 20:03:04 ERROR    Failure: 192000098578407187921566301909771202768 : http://localhost:1800/ -> net::ERR_NAME_RESOLUTION_FAILED
2022-05-25 20:03:04 ERROR    Failure: 94097134937905879805143453101758338884 : http://localhost:1800/ -> Failed to load resource: net::ERR_NAME_RESOLUTION_FAILED
2022-05-25 20:03:04 ERROR    Failure: 192000098578407187921566301909771202768 : http://localhost:1800/ -> net::ERR_NAME_RESOLUTION_FAILED
2022-05-25 20:03:04 ERROR    Failure: 94097134937905879805143453101758338884 : http://localhost:1800/ -> Failed to load resource: net::ERR_NAME_RESOLUTION_FAILED
2022-05-25 20:03:05 ERROR    Failure: 79839802101734943688249486384801588623 : http://localhost:1800/ -> Failed to load resource: the server responded with a status of 401 (Unauthorized)
2022-05-25 20:03:05 ERROR    Failure: 233681242693567643314746531081609967369 : http://localhost:1800/ -> status code(401) -> Not logged in
2022-05-25 20:03:15 ERROR    Failure: 192000098578407187921566301909771202768 : http://localhost:1800/login -> net::ERR_NAME_RESOLUTION_FAILED
2022-05-25 20:03:15 ERROR    Failure: 94097134937905879805143453101758338884 : http://localhost:1800/login -> Failed to load resource: net::ERR_NAME_RESOLUTION_FAILED
2022-05-25 20:03:15 ERROR    Failure: 192000098578407187921566301909771202768 : http://localhost:1800/login -> net::ERR_NAME_RESOLUTION_FAILED
2022-05-25 20:03:15 ERROR    Failure: 94097134937905879805143453101758338884 : http://localhost:1800/login -> Failed to load resource: net::ERR_NAME_RESOLUTION_FAILED
2022-05-25 20:03:15 ERROR    Failure: 192000098578407187921566301909771202768 : http://localhost:1800/login -> net::ERR_NAME_RESOLUTION_FAILED
2022-05-25 20:03:15 ERROR    Failure: 94097134937905879805143453101758338884 : http://localhost:1800/login -> Failed to load resource: net::ERR_NAME_RESOLUTION_FAILED
2022-05-25 20:03:15 ERROR    Failure: 192000098578407187921566301909771202768 : http://localhost:1800/login -> net::ERR_NAME_RESOLUTION_FAILED
2022-05-25 20:03:15 ERROR    Failure: 94097134937905879805143453101758338884 : http://localhost:1800/login -> Failed to load resource: net::ERR_NAME_RESOLUTION_FAILED
2022-05-25 20:03:15 ERROR    Failure: 192000098578407187921566301909771202768 : http://localhost:1800/login -> net::ERR_NAME_RESOLUTION_FAILED
2022-05-25 20:03:15 ERROR    Failure: 94097134937905879805143453101758338884 : http://localhost:1800/login -> Failed to load resource: net::ERR_NAME_RESOLUTION_FAILED
2022-05-25 20:03:15 ERROR    Failure: 192000098578407187921566301909771202768 : http://localhost:1800/login -> net::ERR_NAME_RESOLUTION_FAILED
2022-05-25 20:03:15 ERROR    Failure: 94097134937905879805143453101758338884 : http://localhost:1800/login -> Failed to load resource: net::ERR_NAME_RESOLUTION_FAILED
2022-05-25 20:03:15 ERROR    Failure: 79839802101734943688249486384801588623 : http://localhost:1800/login -> Failed to load resource: the server responded with a status of 401 (Unauthorized)
2022-05-25 20:03:15 ERROR    Failure: 233681242693567643314746531081609967369 : http://localhost:1800/login -> status code(401) -> Not logged in
2022-05-25 20:03:20 ERROR    Failure: 192000098578407187921566301909771202768 : http://localhost:1800/ -> net::ERR_NAME_RESOLUTION_FAILED
2022-05-25 20:03:20 ERROR    Failure: 94097134937905879805143453101758338884 : http://localhost:1800/ -> Failed to load resource: net::ERR_NAME_RESOLUTION_FAILED
2022-05-25 20:03:20 ERROR    Failure: 192000098578407187921566301909771202768 : http://localhost:1800/ -> net::ERR_NAME_RESOLUTION_FAILED
2022-05-25 20:03:20 ERROR    Failure: 94097134937905879805143453101758338884 : http://localhost:1800/ -> Failed to load resource: net::ERR_NAME_RESOLUTION_FAILED
2022-05-25 20:03:20 ERROR    Failure: 192000098578407187921566301909771202768 : http://localhost:1800/ -> net::ERR_NAME_RESOLUTION_FAILED
2022-05-25 20:03:20 ERROR    Failure: 94097134937905879805143453101758338884 : http://localhost:1800/ -> Failed to load resource: net::ERR_NAME_RESOLUTION_FAILED
2022-05-25 20:03:20 ERROR    Failure: 192000098578407187921566301909771202768 : http://localhost:1800/ -> net::ERR_NAME_RESOLUTION_FAILED
2022-05-25 20:03:20 ERROR    Failure: 94097134937905879805143453101758338884 : http://localhost:1800/ -> Failed to load resource: net::ERR_NAME_RESOLUTION_FAILED
2022-05-25 20:03:20 ERROR    Failure: 192000098578407187921566301909771202768 : http://localhost:1800/ -> net::ERR_NAME_RESOLUTION_FAILED
2022-05-25 20:03:20 ERROR    Failure: 94097134937905879805143453101758338884 : http://localhost:1800/ -> Failed to load resource: net::ERR_NAME_RESOLUTION_FAILED
2022-05-25 20:03:20 ERROR    Failure: 192000098578407187921566301909771202768 : http://localhost:1800/ -> net::ERR_NAME_RESOLUTION_FAILED
2022-05-25 20:03:20 ERROR    Failure: 94097134937905879805143453101758338884 : http://localhost:1800/ -> Failed to load resource: net::ERR_NAME_RESOLUTION_FAILED
2022-05-25 20:03:21 ERROR    Failure: 79839802101734943688249486384801588623 : http://localhost:1800/ -> Failed to load resource: the server responded with a status of 401 (Unauthorized)
2022-05-25 20:03:21 ERROR    Failure: 233681242693567643314746531081609967369 : http://localhost:1800/ -> status code(401) -> Not logged in
2022-05-25 20:03:30 ERROR    Failure: 192000098578407187921566301909771202768 : http://localhost:1800/subscribe?product=unlimited -> net::ERR_NAME_RESOLUTION_FAILED
2022-05-25 20:03:30 ERROR    Failure: 94097134937905879805143453101758338884 : http://localhost:1800/subscribe?product=unlimited -> Failed to load resource: net::ERR_NAME_RESOLUTION_FAILED
2022-05-25 20:03:30 ERROR    Failure: 192000098578407187921566301909771202768 : http://localhost:1800/subscribe?product=unlimited -> net::ERR_NAME_RESOLUTION_FAILED
2022-05-25 20:03:30 ERROR    Failure: 94097134937905879805143453101758338884 : http://localhost:1800/subscribe?product=unlimited -> Failed to load resource: net::ERR_NAME_RESOLUTION_FAILED
2022-05-25 20:03:30 ERROR    Failure: 192000098578407187921566301909771202768 : http://localhost:1800/subscribe?product=unlimited -> net::ERR_NAME_RESOLUTION_FAILED
2022-05-25 20:03:30 ERROR    Failure: 94097134937905879805143453101758338884 : http://localhost:1800/subscribe?product=unlimited -> Failed to load resource: net::ERR_NAME_RESOLUTION_FAILED
2022-05-25 20:03:30 ERROR    Failure: 192000098578407187921566301909771202768 : http://localhost:1800/subscribe?product=unlimited -> net::ERR_NAME_RESOLUTION_FAILED
2022-05-25 20:03:30 ERROR    Failure: 94097134937905879805143453101758338884 : http://localhost:1800/subscribe?product=unlimited -> Failed to load resource: net::ERR_NAME_RESOLUTION_FAILED
2022-05-25 20:03:30 ERROR    Failure: 192000098578407187921566301909771202768 : http://localhost:1800/subscribe?product=unlimited -> net::ERR_NAME_RESOLUTION_FAILED
2022-05-25 20:03:30 ERROR    Failure: 94097134937905879805143453101758338884 : http://localhost:1800/subscribe?product=unlimited -> Failed to load resource: net::ERR_NAME_RESOLUTION_FAILED
2022-05-25 20:03:30 ERROR    Failure: 192000098578407187921566301909771202768 : http://localhost:1800/subscribe?product=unlimited -> net::ERR_NAME_RESOLUTION_FAILED
2022-05-25 20:03:30 ERROR    Failure: 94097134937905879805143453101758338884 : http://localhost:1800/subscribe?product=unlimited -> Failed to load resource: net::ERR_NAME_RESOLUTION_FAILED
2022-05-25 20:03:31 ERROR    Failure: 79839802101734943688249486384801588623 : http://localhost:1800/subscribe?product=unlimited -> Failed to load resource: the server responded with a status of 401 (Unauthorized)
2022-05-25 20:03:31 ERROR    Failure: 233681242693567643314746531081609967369 : http://localhost:1800/subscribe?product=unlimited -> status code(401) -> Not logged in
2022-05-25 20:03:31 ERROR    Failure: 192000098578407187921566301909771202768 : http://localhost:1800/subscribe?product=unlimited -> net::ERR_NAME_RESOLUTION_FAILED
2022-05-25 20:03:31 ERROR    Failure: 94097134937905879805143453101758338884 : http://localhost:1800/subscribe?product=unlimited -> Failed to load resource: net::ERR_NAME_RESOLUTION_FAILED
2022-05-25 20:03:37 ERROR    Failure: 192000098578407187921566301909771202768 : http://localhost:1800/ -> net::ERR_NAME_RESOLUTION_FAILED
2022-05-25 20:03:37 ERROR    Failure: 94097134937905879805143453101758338884 : http://localhost:1800/ -> Failed to load resource: net::ERR_NAME_RESOLUTION_FAILED
2022-05-25 20:03:37 ERROR    Failure: 192000098578407187921566301909771202768 : http://localhost:1800/ -> net::ERR_NAME_RESOLUTION_FAILED
2022-05-25 20:03:37 ERROR    Failure: 94097134937905879805143453101758338884 : http://localhost:1800/ -> Failed to load resource: net::ERR_NAME_RESOLUTION_FAILED
2022-05-25 20:03:37 ERROR    Failure: 192000098578407187921566301909771202768 : http://localhost:1800/ -> net::ERR_NAME_RESOLUTION_FAILED
2022-05-25 20:03:37 ERROR    Failure: 94097134937905879805143453101758338884 : http://localhost:1800/ -> Failed to load resource: net::ERR_NAME_RESOLUTION_FAILED
2022-05-25 20:03:37 ERROR    Failure: 192000098578407187921566301909771202768 : http://localhost:1800/ -> net::ERR_NAME_RESOLUTION_FAILED
2022-05-25 20:03:37 ERROR    Failure: 94097134937905879805143453101758338884 : http://localhost:1800/ -> Failed to load resource: net::ERR_NAME_RESOLUTION_FAILED
2022-05-25 20:03:37 ERROR    Failure: 192000098578407187921566301909771202768 : http://localhost:1800/ -> net::ERR_NAME_RESOLUTION_FAILED
2022-05-25 20:03:37 ERROR    Failure: 94097134937905879805143453101758338884 : http://localhost:1800/ -> Failed to load resource: net::ERR_NAME_RESOLUTION_FAILED
2022-05-25 20:03:37 ERROR    Failure: 192000098578407187921566301909771202768 : http://localhost:1800/ -> net::ERR_NAME_RESOLUTION_FAILED
2022-05-25 20:03:37 ERROR    Failure: 94097134937905879805143453101758338884 : http://localhost:1800/ -> Failed to load resource: net::ERR_NAME_RESOLUTION_FAILED
2022-05-25 20:03:38 ERROR    Failure: 79839802101734943688249486384801588623 : http://localhost:1800/ -> Failed to load resource: the server responded with a status of 401 (Unauthorized)
2022-05-25 20:03:38 ERROR    Failure: 233681242693567643314746531081609967369 : http://localhost:1800/ -> status code(401) -> Not logged in
2022-05-25 20:03:49 ERROR    Failure: 262513326802567628094931167029883077585 : http://localhost:1800/ -> net::ERR_ABORTED
2022-05-25 20:03:49 ERROR    Failure: 192000098578407187921566301909771202768 : http://localhost:1800/subscribe?product=unlimited -> net::ERR_NAME_RESOLUTION_FAILED
2022-05-25 20:03:49 ERROR    Failure: 94097134937905879805143453101758338884 : http://localhost:1800/subscribe?product=unlimited -> Failed to load resource: net::ERR_NAME_RESOLUTION_FAILED
2022-05-25 20:03:49 ERROR    Failure: 192000098578407187921566301909771202768 : http://localhost:1800/subscribe?product=unlimited -> net::ERR_NAME_RESOLUTION_FAILED
2022-05-25 20:03:49 ERROR    Failure: 94097134937905879805143453101758338884 : http://localhost:1800/subscribe?product=unlimited -> Failed to load resource: net::ERR_NAME_RESOLUTION_FAILED
2022-05-25 20:03:49 ERROR    Failure: 192000098578407187921566301909771202768 : http://localhost:1800/subscribe?product=unlimited -> net::ERR_NAME_RESOLUTION_FAILED
2022-05-25 20:03:49 ERROR    Failure: 94097134937905879805143453101758338884 : http://localhost:1800/subscribe?product=unlimited -> Failed to load resource: net::ERR_NAME_RESOLUTION_FAILED
2022-05-25 20:03:49 ERROR    Failure: 192000098578407187921566301909771202768 : http://localhost:1800/subscribe?product=unlimited -> net::ERR_NAME_RESOLUTION_FAILED
2022-05-25 20:03:49 ERROR    Failure: 94097134937905879805143453101758338884 : http://localhost:1800/subscribe?product=unlimited -> Failed to load resource: net::ERR_NAME_RESOLUTION_FAILED
2022-05-25 20:03:49 ERROR    Failure: 192000098578407187921566301909771202768 : http://localhost:1800/subscribe?product=unlimited -> net::ERR_NAME_RESOLUTION_FAILED
2022-05-25 20:03:49 ERROR    Failure: 94097134937905879805143453101758338884 : http://localhost:1800/subscribe?product=unlimited -> Failed to load resource: net::ERR_NAME_RESOLUTION_FAILED
2022-05-25 20:03:49 ERROR    Failure: 192000098578407187921566301909771202768 : http://localhost:1800/subscribe?product=unlimited -> net::ERR_NAME_RESOLUTION_FAILED
2022-05-25 20:03:49 ERROR    Failure: 94097134937905879805143453101758338884 : http://localhost:1800/subscribe?product=unlimited -> Failed to load resource: net::ERR_NAME_RESOLUTION_FAILED
2022-05-25 20:03:50 ERROR    Failure: 79839802101734943688249486384801588623 : http://localhost:1800/subscribe?product=unlimited -> Failed to load resource: the server responded with a status of 401 (Unauthorized)
2022-05-25 20:03:50 ERROR    Failure: 192000098578407187921566301909771202768 : http://localhost:1800/subscribe?product=unlimited -> net::ERR_NAME_RESOLUTION_FAILED
2022-05-25 20:03:50 ERROR    Failure: 94097134937905879805143453101758338884 : http://localhost:1800/subscribe?product=unlimited -> Failed to load resource: net::ERR_NAME_RESOLUTION_FAILED
2022-05-25 20:03:50 ERROR    Failure: 233681242693567643314746531081609967369 : http://localhost:1800/subscribe?product=unlimited -> status code(401) -> Not logged in
2022-05-25 20:03:52 ERROR    Failure: 192000098578407187921566301909771202768 : http://localhost:1800/ -> net::ERR_NAME_RESOLUTION_FAILED
2022-05-25 20:03:52 ERROR    Failure: 94097134937905879805143453101758338884 : http://localhost:1800/ -> Failed to load resource: net::ERR_NAME_RESOLUTION_FAILED
2022-05-25 20:03:52 ERROR    Failure: 192000098578407187921566301909771202768 : http://localhost:1800/ -> net::ERR_NAME_RESOLUTION_FAILED
2022-05-25 20:03:52 ERROR    Failure: 94097134937905879805143453101758338884 : http://localhost:1800/ -> Failed to load resource: net::ERR_NAME_RESOLUTION_FAILED
2022-05-25 20:03:52 ERROR    Failure: 192000098578407187921566301909771202768 : http://localhost:1800/ -> net::ERR_NAME_RESOLUTION_FAILED
2022-05-25 20:03:52 ERROR    Failure: 94097134937905879805143453101758338884 : http://localhost:1800/ -> Failed to load resource: net::ERR_NAME_RESOLUTION_FAILED
2022-05-25 20:03:52 ERROR    Failure: 192000098578407187921566301909771202768 : http://localhost:1800/ -> net::ERR_NAME_RESOLUTION_FAILED
2022-05-25 20:03:52 ERROR    Failure: 94097134937905879805143453101758338884 : http://localhost:1800/ -> Failed to load resource: net::ERR_NAME_RESOLUTION_FAILED
2022-05-25 20:03:52 ERROR    Failure: 192000098578407187921566301909771202768 : http://localhost:1800/ -> net::ERR_NAME_RESOLUTION_FAILED
2022-05-25 20:03:52 ERROR    Failure: 94097134937905879805143453101758338884 : http://localhost:1800/ -> Failed to load resource: net::ERR_NAME_RESOLUTION_FAILED
2022-05-25 20:03:52 ERROR    Failure: 192000098578407187921566301909771202768 : http://localhost:1800/ -> net::ERR_NAME_RESOLUTION_FAILED
2022-05-25 20:03:52 ERROR    Failure: 94097134937905879805143453101758338884 : http://localhost:1800/ -> Failed to load resource: net::ERR_NAME_RESOLUTION_FAILED
2022-05-25 20:03:52 ERROR    Failure: 79839802101734943688249486384801588623 : http://localhost:1800/ -> Failed to load resource: the server responded with a status of 401 (Unauthorized)
2022-05-25 20:03:52 ERROR    Failure: 233681242693567643314746531081609967369 : http://localhost:1800/ -> status code(401) -> Not logged in
2022-05-25 20:04:02 ERROR    Failure: 192000098578407187921566301909771202768 : http://localhost:1800/subscribe?product=self-hosted -> net::ERR_NAME_RESOLUTION_FAILED
2022-05-25 20:04:02 ERROR    Failure: 94097134937905879805143453101758338884 : http://localhost:1800/subscribe?product=self-hosted -> Failed to load resource: net::ERR_NAME_RESOLUTION_FAILED
2022-05-25 20:04:02 ERROR    Failure: 192000098578407187921566301909771202768 : http://localhost:1800/subscribe?product=self-hosted -> net::ERR_NAME_RESOLUTION_FAILED
2022-05-25 20:04:02 ERROR    Failure: 94097134937905879805143453101758338884 : http://localhost:1800/subscribe?product=self-hosted -> Failed to load resource: net::ERR_NAME_RESOLUTION_FAILED
2022-05-25 20:04:02 ERROR    Failure: 192000098578407187921566301909771202768 : http://localhost:1800/subscribe?product=self-hosted -> net::ERR_NAME_RESOLUTION_FAILED
2022-05-25 20:04:02 ERROR    Failure: 94097134937905879805143453101758338884 : http://localhost:1800/subscribe?product=self-hosted -> Failed to load resource: net::ERR_NAME_RESOLUTION_FAILED
2022-05-25 20:04:02 ERROR    Failure: 192000098578407187921566301909771202768 : http://localhost:1800/subscribe?product=self-hosted -> net::ERR_NAME_RESOLUTION_FAILED
2022-05-25 20:04:02 ERROR    Failure: 94097134937905879805143453101758338884 : http://localhost:1800/subscribe?product=self-hosted -> Failed to load resource: net::ERR_NAME_RESOLUTION_FAILED
2022-05-25 20:04:02 ERROR    Failure: 192000098578407187921566301909771202768 : http://localhost:1800/subscribe?product=self-hosted -> net::ERR_NAME_RESOLUTION_FAILED
2022-05-25 20:04:02 ERROR    Failure: 94097134937905879805143453101758338884 : http://localhost:1800/subscribe?product=self-hosted -> Failed to load resource: net::ERR_NAME_RESOLUTION_FAILED
2022-05-25 20:04:02 ERROR    Failure: 192000098578407187921566301909771202768 : http://localhost:1800/subscribe?product=self-hosted -> net::ERR_NAME_RESOLUTION_FAILED
2022-05-25 20:04:02 ERROR    Failure: 94097134937905879805143453101758338884 : http://localhost:1800/subscribe?product=self-hosted -> Failed to load resource: net::ERR_NAME_RESOLUTION_FAILED
2022-05-25 20:04:02 ERROR    Failure: 79839802101734943688249486384801588623 : http://localhost:1800/subscribe?product=self-hosted -> Failed to load resource: the server responded with a status of 401 (Unauthorized)
2022-05-25 20:04:03 ERROR    Failure: 233681242693567643314746531081609967369 : http://localhost:1800/subscribe?product=self-hosted -> status code(401) -> Not logged in
2022-05-25 20:04:03 ERROR    Failure: 192000098578407187921566301909771202768 : http://localhost:1800/subscribe?product=self-hosted -> net::ERR_NAME_RESOLUTION_FAILED
2022-05-25 20:04:03 ERROR    Failure: 94097134937905879805143453101758338884 : http://localhost:1800/subscribe?product=self-hosted -> Failed to load resource: net::ERR_NAME_RESOLUTION_FAILED
2022-05-25 20:04:06 ERROR    Failure: 192000098578407187921566301909771202768 : http://localhost:1800/ -> net::ERR_NAME_RESOLUTION_FAILED
2022-05-25 20:04:06 ERROR    Failure: 94097134937905879805143453101758338884 : http://localhost:1800/ -> Failed to load resource: net::ERR_NAME_RESOLUTION_FAILED
2022-05-25 20:04:06 ERROR    Failure: 192000098578407187921566301909771202768 : http://localhost:1800/ -> net::ERR_NAME_RESOLUTION_FAILED
2022-05-25 20:04:06 ERROR    Failure: 94097134937905879805143453101758338884 : http://localhost:1800/ -> Failed to load resource: net::ERR_NAME_RESOLUTION_FAILED
2022-05-25 20:04:06 ERROR    Failure: 192000098578407187921566301909771202768 : http://localhost:1800/ -> net::ERR_NAME_RESOLUTION_FAILED
2022-05-25 20:04:06 ERROR    Failure: 94097134937905879805143453101758338884 : http://localhost:1800/ -> Failed to load resource: net::ERR_NAME_RESOLUTION_FAILED
2022-05-25 20:04:06 ERROR    Failure: 192000098578407187921566301909771202768 : http://localhost:1800/ -> net::ERR_NAME_RESOLUTION_FAILED
2022-05-25 20:04:06 ERROR    Failure: 94097134937905879805143453101758338884 : http://localhost:1800/ -> Failed to load resource: net::ERR_NAME_RESOLUTION_FAILED
2022-05-25 20:04:06 ERROR    Failure: 192000098578407187921566301909771202768 : http://localhost:1800/ -> net::ERR_NAME_RESOLUTION_FAILED
2022-05-25 20:04:06 ERROR    Failure: 94097134937905879805143453101758338884 : http://localhost:1800/ -> Failed to load resource: net::ERR_NAME_RESOLUTION_FAILED
2022-05-25 20:04:06 ERROR    Failure: 192000098578407187921566301909771202768 : http://localhost:1800/ -> net::ERR_NAME_RESOLUTION_FAILED
2022-05-25 20:04:06 ERROR    Failure: 94097134937905879805143453101758338884 : http://localhost:1800/ -> Failed to load resource: net::ERR_NAME_RESOLUTION_FAILED
2022-05-25 20:04:06 ERROR    Failure: 79839802101734943688249486384801588623 : http://localhost:1800/ -> Failed to load resource: the server responded with a status of 401 (Unauthorized)
2022-05-25 20:04:06 ERROR    Failure: 233681242693567643314746531081609967369 : http://localhost:1800/ -> status code(401) -> Not logged in
2022-05-25 20:04:17 ERROR    Failure: 192000098578407187921566301909771202768 : http://localhost:1800/subscribe?product=unlimited -> net::ERR_NAME_RESOLUTION_FAILED
2022-05-25 20:04:17 ERROR    Failure: 94097134937905879805143453101758338884 : http://localhost:1800/subscribe?product=unlimited -> Failed to load resource: net::ERR_NAME_RESOLUTION_FAILED
2022-05-25 20:04:17 ERROR    Failure: 192000098578407187921566301909771202768 : http://localhost:1800/subscribe?product=unlimited -> net::ERR_NAME_RESOLUTION_FAILED
2022-05-25 20:04:17 ERROR    Failure: 94097134937905879805143453101758338884 : http://localhost:1800/subscribe?product=unlimited -> Failed to load resource: net::ERR_NAME_RESOLUTION_FAILED
2022-05-25 20:04:17 ERROR    Failure: 192000098578407187921566301909771202768 : http://localhost:1800/subscribe?product=unlimited -> net::ERR_NAME_RESOLUTION_FAILED
2022-05-25 20:04:17 ERROR    Failure: 94097134937905879805143453101758338884 : http://localhost:1800/subscribe?product=unlimited -> Failed to load resource: net::ERR_NAME_RESOLUTION_FAILED
2022-05-25 20:04:17 ERROR    Failure: 192000098578407187921566301909771202768 : http://localhost:1800/subscribe?product=unlimited -> net::ERR_NAME_RESOLUTION_FAILED
2022-05-25 20:04:17 ERROR    Failure: 94097134937905879805143453101758338884 : http://localhost:1800/subscribe?product=unlimited -> Failed to load resource: net::ERR_NAME_RESOLUTION_FAILED
2022-05-25 20:04:17 ERROR    Failure: 192000098578407187921566301909771202768 : http://localhost:1800/subscribe?product=unlimited -> net::ERR_NAME_RESOLUTION_FAILED
2022-05-25 20:04:17 ERROR    Failure: 94097134937905879805143453101758338884 : http://localhost:1800/subscribe?product=unlimited -> Failed to load resource: net::ERR_NAME_RESOLUTION_FAILED
2022-05-25 20:04:17 ERROR    Failure: 192000098578407187921566301909771202768 : http://localhost:1800/subscribe?product=unlimited -> net::ERR_NAME_RESOLUTION_FAILED
2022-05-25 20:04:17 ERROR    Failure: 94097134937905879805143453101758338884 : http://localhost:1800/subscribe?product=unlimited -> Failed to load resource: net::ERR_NAME_RESOLUTION_FAILED
2022-05-25 20:04:18 ERROR    Failure: 79839802101734943688249486384801588623 : http://localhost:1800/subscribe?product=unlimited -> Failed to load resource: the server responded with a status of 401 (Unauthorized)
2022-05-25 20:04:18 ERROR    Failure: 233681242693567643314746531081609967369 : http://localhost:1800/subscribe?product=unlimited -> status code(401) -> Not logged in
2022-05-25 20:04:18 ERROR    Failure: 192000098578407187921566301909771202768 : http://localhost:1800/subscribe?product=unlimited -> net::ERR_NAME_RESOLUTION_FAILED
2022-05-25 20:04:18 ERROR    Failure: 94097134937905879805143453101758338884 : http://localhost:1800/subscribe?product=unlimited -> Failed to load resource: net::ERR_NAME_RESOLUTION_FAILED
2022-05-25 20:04:22 ERROR    Failure: 262513326802567628094931167029883077585 : http://localhost:1800/ -> net::ERR_ABORTED
2022-05-25 20:04:22 ERROR    Failure: 192000098578407187921566301909771202768 : http://localhost:1800/ -> net::ERR_NAME_RESOLUTION_FAILED
2022-05-25 20:04:22 ERROR    Failure: 94097134937905879805143453101758338884 : http://localhost:1800/ -> Failed to load resource: net::ERR_NAME_RESOLUTION_FAILED
2022-05-25 20:04:22 ERROR    Failure: 192000098578407187921566301909771202768 : http://localhost:1800/ -> net::ERR_NAME_RESOLUTION_FAILED
2022-05-25 20:04:22 ERROR    Failure: 94097134937905879805143453101758338884 : http://localhost:1800/ -> Failed to load resource: net::ERR_NAME_RESOLUTION_FAILED
2022-05-25 20:04:22 ERROR    Failure: 192000098578407187921566301909771202768 : http://localhost:1800/ -> net::ERR_NAME_RESOLUTION_FAILED
2022-05-25 20:04:22 ERROR    Failure: 94097134937905879805143453101758338884 : http://localhost:1800/ -> Failed to load resource: net::ERR_NAME_RESOLUTION_FAILED
2022-05-25 20:04:22 ERROR    Failure: 192000098578407187921566301909771202768 : http://localhost:1800/ -> net::ERR_NAME_RESOLUTION_FAILED
2022-05-25 20:04:22 ERROR    Failure: 94097134937905879805143453101758338884 : http://localhost:1800/ -> Failed to load resource: net::ERR_NAME_RESOLUTION_FAILED
2022-05-25 20:04:22 ERROR    Failure: 192000098578407187921566301909771202768 : http://localhost:1800/ -> net::ERR_NAME_RESOLUTION_FAILED
2022-05-25 20:04:22 ERROR    Failure: 94097134937905879805143453101758338884 : http://localhost:1800/ -> Failed to load resource: net::ERR_NAME_RESOLUTION_FAILED
2022-05-25 20:04:22 ERROR    Failure: 192000098578407187921566301909771202768 : http://localhost:1800/ -> net::ERR_NAME_RESOLUTION_FAILED
2022-05-25 20:04:22 ERROR    Failure: 94097134937905879805143453101758338884 : http://localhost:1800/ -> Failed to load resource: net::ERR_NAME_RESOLUTION_FAILED
2022-05-25 20:04:23 ERROR    Failure: 79839802101734943688249486384801588623 : http://localhost:1800/ -> Failed to load resource: the server responded with a status of 401 (Unauthorized)
2022-05-25 20:04:23 ERROR    Failure: 233681242693567643314746531081609967369 : http://localhost:1800/ -> status code(401) -> Not logged in
2022-05-25 20:04:33 ERROR    Failure: 192000098578407187921566301909771202768 : http://localhost:1800/login -> net::ERR_NAME_RESOLUTION_FAILED
2022-05-25 20:04:33 ERROR    Failure: 94097134937905879805143453101758338884 : http://localhost:1800/login -> Failed to load resource: net::ERR_NAME_RESOLUTION_FAILED
2022-05-25 20:04:33 ERROR    Failure: 192000098578407187921566301909771202768 : http://localhost:1800/login -> net::ERR_NAME_RESOLUTION_FAILED
2022-05-25 20:04:33 ERROR    Failure: 94097134937905879805143453101758338884 : http://localhost:1800/login -> Failed to load resource: net::ERR_NAME_RESOLUTION_FAILED
2022-05-25 20:04:33 ERROR    Failure: 192000098578407187921566301909771202768 : http://localhost:1800/login -> net::ERR_NAME_RESOLUTION_FAILED
2022-05-25 20:04:33 ERROR    Failure: 94097134937905879805143453101758338884 : http://localhost:1800/login -> Failed to load resource: net::ERR_NAME_RESOLUTION_FAILED
2022-05-25 20:04:33 ERROR    Failure: 192000098578407187921566301909771202768 : http://localhost:1800/login -> net::ERR_NAME_RESOLUTION_FAILED
2022-05-25 20:04:33 ERROR    Failure: 94097134937905879805143453101758338884 : http://localhost:1800/login -> Failed to load resource: net::ERR_NAME_RESOLUTION_FAILED
2022-05-25 20:04:33 ERROR    Failure: 192000098578407187921566301909771202768 : http://localhost:1800/login -> net::ERR_NAME_RESOLUTION_FAILED
2022-05-25 20:04:33 ERROR    Failure: 94097134937905879805143453101758338884 : http://localhost:1800/login -> Failed to load resource: net::ERR_NAME_RESOLUTION_FAILED
2022-05-25 20:04:33 ERROR    Failure: 192000098578407187921566301909771202768 : http://localhost:1800/login -> net::ERR_NAME_RESOLUTION_FAILED
2022-05-25 20:04:33 ERROR    Failure: 94097134937905879805143453101758338884 : http://localhost:1800/login -> Failed to load resource: net::ERR_NAME_RESOLUTION_FAILED
2022-05-25 20:04:34 ERROR    Failure: 79839802101734943688249486384801588623 : http://localhost:1800/login -> Failed to load resource: the server responded with a status of 401 (Unauthorized)
2022-05-25 20:04:34 ERROR    Failure: 233681242693567643314746531081609967369 : http://localhost:1800/login -> status code(401) -> Not logged in
2022-05-25 20:04:34 ERROR    Failure: 262513326802567628094931167029883077585 : http://localhost:1800/ -> net::ERR_ABORTED
2022-05-25 20:04:34 ERROR    Failure: 192000098578407187921566301909771202768 : http://localhost:1800/subscribe?product=unlimited -> net::ERR_NAME_RESOLUTION_FAILED
2022-05-25 20:04:34 ERROR    Failure: 94097134937905879805143453101758338884 : http://localhost:1800/subscribe?product=unlimited -> Failed to load resource: net::ERR_NAME_RESOLUTION_FAILED
2022-05-25 20:04:34 ERROR    Failure: 192000098578407187921566301909771202768 : http://localhost:1800/subscribe?product=unlimited -> net::ERR_NAME_RESOLUTION_FAILED
2022-05-25 20:04:34 ERROR    Failure: 94097134937905879805143453101758338884 : http://localhost:1800/subscribe?product=unlimited -> Failed to load resource: net::ERR_NAME_RESOLUTION_FAILED
2022-05-25 20:04:34 ERROR    Failure: 192000098578407187921566301909771202768 : http://localhost:1800/subscribe?product=unlimited -> net::ERR_NAME_RESOLUTION_FAILED
2022-05-25 20:04:34 ERROR    Failure: 94097134937905879805143453101758338884 : http://localhost:1800/subscribe?product=unlimited -> Failed to load resource: net::ERR_NAME_RESOLUTION_FAILED
2022-05-25 20:04:34 ERROR    Failure: 192000098578407187921566301909771202768 : http://localhost:1800/subscribe?product=unlimited -> net::ERR_NAME_RESOLUTION_FAILED
2022-05-25 20:04:34 ERROR    Failure: 94097134937905879805143453101758338884 : http://localhost:1800/subscribe?product=unlimited -> Failed to load resource: net::ERR_NAME_RESOLUTION_FAILED
2022-05-25 20:04:34 ERROR    Failure: 192000098578407187921566301909771202768 : http://localhost:1800/subscribe?product=unlimited -> net::ERR_NAME_RESOLUTION_FAILED
2022-05-25 20:04:34 ERROR    Failure: 94097134937905879805143453101758338884 : http://localhost:1800/subscribe?product=unlimited -> Failed to load resource: net::ERR_NAME_RESOLUTION_FAILED
2022-05-25 20:04:34 ERROR    Failure: 192000098578407187921566301909771202768 : http://localhost:1800/subscribe?product=unlimited -> net::ERR_NAME_RESOLUTION_FAILED
2022-05-25 20:04:34 ERROR    Failure: 94097134937905879805143453101758338884 : http://localhost:1800/subscribe?product=unlimited -> Failed to load resource: net::ERR_NAME_RESOLUTION_FAILED
2022-05-25 20:04:34 ERROR    Failure: 79839802101734943688249486384801588623 : http://localhost:1800/subscribe?product=unlimited -> Failed to load resource: the server responded with a status of 401 (Unauthorized)
2022-05-25 20:04:34 ERROR    Failure: 192000098578407187921566301909771202768 : http://localhost:1800/subscribe?product=unlimited -> net::ERR_NAME_RESOLUTION_FAILED
2022-05-25 20:04:34 ERROR    Failure: 94097134937905879805143453101758338884 : http://localhost:1800/subscribe?product=unlimited -> Failed to load resource: net::ERR_NAME_RESOLUTION_FAILED
2022-05-25 20:04:34 ERROR    Failure: 233681242693567643314746531081609967369 : http://localhost:1800/subscribe?product=unlimited -> status code(401) -> Not logged in
2022-05-25 20:04:36 ERROR    Failure: 192000098578407187921566301909771202768 : http://localhost:1800/ -> net::ERR_NAME_RESOLUTION_FAILED
2022-05-25 20:04:36 ERROR    Failure: 94097134937905879805143453101758338884 : http://localhost:1800/ -> Failed to load resource: net::ERR_NAME_RESOLUTION_FAILED
2022-05-25 20:04:36 ERROR    Failure: 192000098578407187921566301909771202768 : http://localhost:1800/ -> net::ERR_NAME_RESOLUTION_FAILED
2022-05-25 20:04:36 ERROR    Failure: 94097134937905879805143453101758338884 : http://localhost:1800/ -> Failed to load resource: net::ERR_NAME_RESOLUTION_FAILED
2022-05-25 20:04:36 ERROR    Failure: 192000098578407187921566301909771202768 : http://localhost:1800/ -> net::ERR_NAME_RESOLUTION_FAILED
2022-05-25 20:04:36 ERROR    Failure: 94097134937905879805143453101758338884 : http://localhost:1800/ -> Failed to load resource: net::ERR_NAME_RESOLUTION_FAILED
2022-05-25 20:04:36 ERROR    Failure: 192000098578407187921566301909771202768 : http://localhost:1800/ -> net::ERR_NAME_RESOLUTION_FAILED
2022-05-25 20:04:36 ERROR    Failure: 94097134937905879805143453101758338884 : http://localhost:1800/ -> Failed to load resource: net::ERR_NAME_RESOLUTION_FAILED
2022-05-25 20:04:36 ERROR    Failure: 192000098578407187921566301909771202768 : http://localhost:1800/ -> net::ERR_NAME_RESOLUTION_FAILED
2022-05-25 20:04:36 ERROR    Failure: 94097134937905879805143453101758338884 : http://localhost:1800/ -> Failed to load resource: net::ERR_NAME_RESOLUTION_FAILED
2022-05-25 20:04:36 ERROR    Failure: 192000098578407187921566301909771202768 : http://localhost:1800/ -> net::ERR_NAME_RESOLUTION_FAILED
2022-05-25 20:04:36 ERROR    Failure: 94097134937905879805143453101758338884 : http://localhost:1800/ -> Failed to load resource: net::ERR_NAME_RESOLUTION_FAILED
2022-05-25 20:04:36 ERROR    Failure: 79839802101734943688249486384801588623 : http://localhost:1800/ -> Failed to load resource: the server responded with a status of 401 (Unauthorized)
2022-05-25 20:04:36 ERROR    Failure: 233681242693567643314746531081609967369 : http://localhost:1800/ -> status code(401) -> Not logged in
2022-05-25 20:04:49 ERROR    Failure: 192000098578407187921566301909771202768 : http://localhost:1800/login -> net::ERR_NAME_RESOLUTION_FAILED
2022-05-25 20:04:49 ERROR    Failure: 94097134937905879805143453101758338884 : http://localhost:1800/login -> Failed to load resource: net::ERR_NAME_RESOLUTION_FAILED
2022-05-25 20:04:49 ERROR    Failure: 192000098578407187921566301909771202768 : http://localhost:1800/login -> net::ERR_NAME_RESOLUTION_FAILED
2022-05-25 20:04:49 ERROR    Failure: 94097134937905879805143453101758338884 : http://localhost:1800/login -> Failed to load resource: net::ERR_NAME_RESOLUTION_FAILED
2022-05-25 20:04:49 ERROR    Failure: 192000098578407187921566301909771202768 : http://localhost:1800/login -> net::ERR_NAME_RESOLUTION_FAILED
2022-05-25 20:04:49 ERROR    Failure: 94097134937905879805143453101758338884 : http://localhost:1800/login -> Failed to load resource: net::ERR_NAME_RESOLUTION_FAILED
2022-05-25 20:04:49 ERROR    Failure: 192000098578407187921566301909771202768 : http://localhost:1800/login -> net::ERR_NAME_RESOLUTION_FAILED
2022-05-25 20:04:49 ERROR    Failure: 94097134937905879805143453101758338884 : http://localhost:1800/login -> Failed to load resource: net::ERR_NAME_RESOLUTION_FAILED
2022-05-25 20:04:49 ERROR    Failure: 192000098578407187921566301909771202768 : http://localhost:1800/login -> net::ERR_NAME_RESOLUTION_FAILED
2022-05-25 20:04:49 ERROR    Failure: 94097134937905879805143453101758338884 : http://localhost:1800/login -> Failed to load resource: net::ERR_NAME_RESOLUTION_FAILED
2022-05-25 20:04:49 ERROR    Failure: 192000098578407187921566301909771202768 : http://localhost:1800/login -> net::ERR_NAME_RESOLUTION_FAILED
2022-05-25 20:04:49 ERROR    Failure: 94097134937905879805143453101758338884 : http://localhost:1800/login -> Failed to load resource: net::ERR_NAME_RESOLUTION_FAILED
2022-05-25 20:04:50 ERROR    Failure: 79839802101734943688249486384801588623 : http://localhost:1800/login -> Failed to load resource: the server responded with a status of 401 (Unauthorized)
2022-05-25 20:04:50 ERROR    Failure: 233681242693567643314746531081609967369 : http://localhost:1800/login -> status code(401) -> Not logged in
2022-05-25 20:04:50 ERROR    Failure: 262513326802567628094931167029883077585 : http://localhost:1800/ -> net::ERR_ABORTED
2022-05-25 20:04:51 ERROR    Failure: 262513326802567628094931167029883077585 : http://localhost:1800/ -> net::ERR_ABORTED
2022-05-25 20:04:51 ERROR    Failure: 192000098578407187921566301909771202768 : http://localhost:1800/subscribe?product=team -> net::ERR_NAME_RESOLUTION_FAILED
2022-05-25 20:04:51 ERROR    Failure: 94097134937905879805143453101758338884 : http://localhost:1800/subscribe?product=team -> Failed to load resource: net::ERR_NAME_RESOLUTION_FAILED
2022-05-25 20:04:51 ERROR    Failure: 192000098578407187921566301909771202768 : http://localhost:1800/subscribe?product=team -> net::ERR_NAME_RESOLUTION_FAILED
2022-05-25 20:04:51 ERROR    Failure: 94097134937905879805143453101758338884 : http://localhost:1800/subscribe?product=team -> Failed to load resource: net::ERR_NAME_RESOLUTION_FAILED
2022-05-25 20:04:51 ERROR    Failure: 192000098578407187921566301909771202768 : http://localhost:1800/subscribe?product=team -> net::ERR_NAME_RESOLUTION_FAILED
2022-05-25 20:04:51 ERROR    Failure: 94097134937905879805143453101758338884 : http://localhost:1800/subscribe?product=team -> Failed to load resource: net::ERR_NAME_RESOLUTION_FAILED
2022-05-25 20:04:51 ERROR    Failure: 192000098578407187921566301909771202768 : http://localhost:1800/subscribe?product=team -> net::ERR_NAME_RESOLUTION_FAILED
2022-05-25 20:04:51 ERROR    Failure: 94097134937905879805143453101758338884 : http://localhost:1800/subscribe?product=team -> Failed to load resource: net::ERR_NAME_RESOLUTION_FAILED
2022-05-25 20:04:51 ERROR    Failure: 192000098578407187921566301909771202768 : http://localhost:1800/subscribe?product=team -> net::ERR_NAME_RESOLUTION_FAILED
2022-05-25 20:04:51 ERROR    Failure: 94097134937905879805143453101758338884 : http://localhost:1800/subscribe?product=team -> Failed to load resource: net::ERR_NAME_RESOLUTION_FAILED
2022-05-25 20:04:51 ERROR    Failure: 192000098578407187921566301909771202768 : http://localhost:1800/subscribe?product=team -> net::ERR_NAME_RESOLUTION_FAILED
2022-05-25 20:04:51 ERROR    Failure: 94097134937905879805143453101758338884 : http://localhost:1800/subscribe?product=team -> Failed to load resource: net::ERR_NAME_RESOLUTION_FAILED
2022-05-25 20:04:52 ERROR    Failure: 79839802101734943688249486384801588623 : http://localhost:1800/subscribe?product=team -> Failed to load resource: the server responded with a status of 401 (Unauthorized)
2022-05-25 20:04:52 ERROR    Failure: 192000098578407187921566301909771202768 : http://localhost:1800/subscribe?product=team -> net::ERR_NAME_RESOLUTION_FAILED
2022-05-25 20:04:52 ERROR    Failure: 94097134937905879805143453101758338884 : http://localhost:1800/subscribe?product=team -> Failed to load resource: net::ERR_NAME_RESOLUTION_FAILED
2022-05-25 20:04:52 ERROR    Failure: 233681242693567643314746531081609967369 : http://localhost:1800/subscribe?product=team -> status code(401) -> Not logged in
2022-05-25 20:04:53 ERROR    Failure: 192000098578407187921566301909771202768 : http://localhost:1800/ -> net::ERR_NAME_RESOLUTION_FAILED
2022-05-25 20:04:53 ERROR    Failure: 94097134937905879805143453101758338884 : http://localhost:1800/ -> Failed to load resource: net::ERR_NAME_RESOLUTION_FAILED
2022-05-25 20:04:53 ERROR    Failure: 192000098578407187921566301909771202768 : http://localhost:1800/ -> net::ERR_NAME_RESOLUTION_FAILED
2022-05-25 20:04:53 ERROR    Failure: 94097134937905879805143453101758338884 : http://localhost:1800/ -> Failed to load resource: net::ERR_NAME_RESOLUTION_FAILED
2022-05-25 20:04:53 ERROR    Failure: 192000098578407187921566301909771202768 : http://localhost:1800/ -> net::ERR_NAME_RESOLUTION_FAILED
2022-05-25 20:04:53 ERROR    Failure: 94097134937905879805143453101758338884 : http://localhost:1800/ -> Failed to load resource: net::ERR_NAME_RESOLUTION_FAILED
2022-05-25 20:04:53 ERROR    Failure: 192000098578407187921566301909771202768 : http://localhost:1800/ -> net::ERR_NAME_RESOLUTION_FAILED
2022-05-25 20:04:53 ERROR    Failure: 94097134937905879805143453101758338884 : http://localhost:1800/ -> Failed to load resource: net::ERR_NAME_RESOLUTION_FAILED
2022-05-25 20:04:53 ERROR    Failure: 192000098578407187921566301909771202768 : http://localhost:1800/ -> net::ERR_NAME_RESOLUTION_FAILED
2022-05-25 20:04:53 ERROR    Failure: 94097134937905879805143453101758338884 : http://localhost:1800/ -> Failed to load resource: net::ERR_NAME_RESOLUTION_FAILED
2022-05-25 20:04:53 ERROR    Failure: 192000098578407187921566301909771202768 : http://localhost:1800/ -> net::ERR_NAME_RESOLUTION_FAILED
2022-05-25 20:04:53 ERROR    Failure: 94097134937905879805143453101758338884 : http://localhost:1800/ -> Failed to load resource: net::ERR_NAME_RESOLUTION_FAILED
2022-05-25 20:04:54 ERROR    Failure: 79839802101734943688249486384801588623 : http://localhost:1800/ -> Failed to load resource: the server responded with a status of 401 (Unauthorized)
2022-05-25 20:04:54 ERROR    Failure: 233681242693567643314746531081609967369 : http://localhost:1800/ -> status code(401) -> Not logged in
2022-05-25 20:05:04 ERROR    Failure: 192000098578407187921566301909771202768 : http://localhost:1800/login -> net::ERR_NAME_RESOLUTION_FAILED
2022-05-25 20:05:04 ERROR    Failure: 94097134937905879805143453101758338884 : http://localhost:1800/login -> Failed to load resource: net::ERR_NAME_RESOLUTION_FAILED
2022-05-25 20:05:04 ERROR    Failure: 192000098578407187921566301909771202768 : http://localhost:1800/login -> net::ERR_NAME_RESOLUTION_FAILED
2022-05-25 20:05:04 ERROR    Failure: 94097134937905879805143453101758338884 : http://localhost:1800/login -> Failed to load resource: net::ERR_NAME_RESOLUTION_FAILED
2022-05-25 20:05:04 ERROR    Failure: 192000098578407187921566301909771202768 : http://localhost:1800/login -> net::ERR_NAME_RESOLUTION_FAILED
2022-05-25 20:05:04 ERROR    Failure: 94097134937905879805143453101758338884 : http://localhost:1800/login -> Failed to load resource: net::ERR_NAME_RESOLUTION_FAILED
2022-05-25 20:05:04 ERROR    Failure: 192000098578407187921566301909771202768 : http://localhost:1800/login -> net::ERR_NAME_RESOLUTION_FAILED
2022-05-25 20:05:04 ERROR    Failure: 94097134937905879805143453101758338884 : http://localhost:1800/login -> Failed to load resource: net::ERR_NAME_RESOLUTION_FAILED
2022-05-25 20:05:04 ERROR    Failure: 192000098578407187921566301909771202768 : http://localhost:1800/login -> net::ERR_NAME_RESOLUTION_FAILED
2022-05-25 20:05:04 ERROR    Failure: 94097134937905879805143453101758338884 : http://localhost:1800/login -> Failed to load resource: net::ERR_NAME_RESOLUTION_FAILED
2022-05-25 20:05:04 ERROR    Failure: 192000098578407187921566301909771202768 : http://localhost:1800/login -> net::ERR_NAME_RESOLUTION_FAILED
2022-05-25 20:05:04 ERROR    Failure: 94097134937905879805143453101758338884 : http://localhost:1800/login -> Failed to load resource: net::ERR_NAME_RESOLUTION_FAILED
2022-05-25 20:05:04 ERROR    Failure: 79839802101734943688249486384801588623 : http://localhost:1800/login -> Failed to load resource: the server responded with a status of 401 (Unauthorized)
2022-05-25 20:05:05 ERROR    Failure: 233681242693567643314746531081609967369 : http://localhost:1800/login -> status code(401) -> Not logged in
2022-05-25 20:05:05 ERROR    Failure: 262513326802567628094931167029883077585 : http://localhost:1800/ -> net::ERR_ABORTED
2022-05-25 20:05:05 ERROR    Failure: 192000098578407187921566301909771202768 : http://localhost:1800/login -> net::ERR_NAME_RESOLUTION_FAILED
2022-05-25 20:05:05 ERROR    Failure: 94097134937905879805143453101758338884 : http://localhost:1800/login -> Failed to load resource: net::ERR_NAME_RESOLUTION_FAILED
2022-05-25 20:05:05 ERROR    Failure: 192000098578407187921566301909771202768 : http://localhost:1800/login -> net::ERR_NAME_RESOLUTION_FAILED
2022-05-25 20:05:05 ERROR    Failure: 94097134937905879805143453101758338884 : http://localhost:1800/login -> Failed to load resource: net::ERR_NAME_RESOLUTION_FAILED
2022-05-25 20:05:05 ERROR    Failure: 192000098578407187921566301909771202768 : http://localhost:1800/login -> net::ERR_NAME_RESOLUTION_FAILED
2022-05-25 20:05:05 ERROR    Failure: 94097134937905879805143453101758338884 : http://localhost:1800/login -> Failed to load resource: net::ERR_NAME_RESOLUTION_FAILED
2022-05-25 20:05:05 ERROR    Failure: 192000098578407187921566301909771202768 : http://localhost:1800/login -> net::ERR_NAME_RESOLUTION_FAILED
2022-05-25 20:05:05 ERROR    Failure: 94097134937905879805143453101758338884 : http://localhost:1800/login -> Failed to load resource: net::ERR_NAME_RESOLUTION_FAILED
2022-05-25 20:05:05 ERROR    Failure: 192000098578407187921566301909771202768 : http://localhost:1800/login -> net::ERR_NAME_RESOLUTION_FAILED
2022-05-25 20:05:05 ERROR    Failure: 94097134937905879805143453101758338884 : http://localhost:1800/login -> Failed to load resource: net::ERR_NAME_RESOLUTION_FAILED
2022-05-25 20:05:05 ERROR    Failure: 192000098578407187921566301909771202768 : http://localhost:1800/login -> net::ERR_NAME_RESOLUTION_FAILED
2022-05-25 20:05:05 ERROR    Failure: 94097134937905879805143453101758338884 : http://localhost:1800/login -> Failed to load resource: net::ERR_NAME_RESOLUTION_FAILED
2022-05-25 20:05:05 ERROR    Failure: 79839802101734943688249486384801588623 : http://localhost:1800/login -> Failed to load resource: the server responded with a status of 401 (Unauthorized)
2022-05-25 20:05:05 ERROR    Failure: 233681242693567643314746531081609967369 : http://localhost:1800/login -> status code(401) -> Not logged in
2022-05-25 20:05:05 ERROR    Failure: 262513326802567628094931167029883077585 : http://localhost:1800/ -> net::ERR_ABORTED
2022-05-25 20:05:06 ERROR    Failure: 192000098578407187921566301909771202768 : http://localhost:1800/subscribe?product=unlimited -> net::ERR_NAME_RESOLUTION_FAILED
2022-05-25 20:05:06 ERROR    Failure: 94097134937905879805143453101758338884 : http://localhost:1800/subscribe?product=unlimited -> Failed to load resource: net::ERR_NAME_RESOLUTION_FAILED
2022-05-25 20:05:06 ERROR    Failure: 192000098578407187921566301909771202768 : http://localhost:1800/subscribe?product=unlimited -> net::ERR_NAME_RESOLUTION_FAILED
2022-05-25 20:05:06 ERROR    Failure: 94097134937905879805143453101758338884 : http://localhost:1800/subscribe?product=unlimited -> Failed to load resource: net::ERR_NAME_RESOLUTION_FAILED
2022-05-25 20:05:06 ERROR    Failure: 192000098578407187921566301909771202768 : http://localhost:1800/subscribe?product=unlimited -> net::ERR_NAME_RESOLUTION_FAILED
2022-05-25 20:05:06 ERROR    Failure: 94097134937905879805143453101758338884 : http://localhost:1800/subscribe?product=unlimited -> Failed to load resource: net::ERR_NAME_RESOLUTION_FAILED
2022-05-25 20:05:06 ERROR    Failure: 192000098578407187921566301909771202768 : http://localhost:1800/subscribe?product=unlimited -> net::ERR_NAME_RESOLUTION_FAILED
2022-05-25 20:05:06 ERROR    Failure: 94097134937905879805143453101758338884 : http://localhost:1800/subscribe?product=unlimited -> Failed to load resource: net::ERR_NAME_RESOLUTION_FAILED
2022-05-25 20:05:06 ERROR    Failure: 192000098578407187921566301909771202768 : http://localhost:1800/subscribe?product=unlimited -> net::ERR_NAME_RESOLUTION_FAILED
2022-05-25 20:05:06 ERROR    Failure: 94097134937905879805143453101758338884 : http://localhost:1800/subscribe?product=unlimited -> Failed to load resource: net::ERR_NAME_RESOLUTION_FAILED
2022-05-25 20:05:06 ERROR    Failure: 192000098578407187921566301909771202768 : http://localhost:1800/subscribe?product=unlimited -> net::ERR_NAME_RESOLUTION_FAILED
2022-05-25 20:05:06 ERROR    Failure: 94097134937905879805143453101758338884 : http://localhost:1800/subscribe?product=unlimited -> Failed to load resource: net::ERR_NAME_RESOLUTION_FAILED
2022-05-25 20:05:06 ERROR    Failure: 79839802101734943688249486384801588623 : http://localhost:1800/subscribe?product=unlimited -> Failed to load resource: the server responded with a status of 401 (Unauthorized)
2022-05-25 20:05:06 ERROR    Failure: 192000098578407187921566301909771202768 : http://localhost:1800/subscribe?product=unlimited -> net::ERR_NAME_RESOLUTION_FAILED
2022-05-25 20:05:06 ERROR    Failure: 94097134937905879805143453101758338884 : http://localhost:1800/subscribe?product=unlimited -> Failed to load resource: net::ERR_NAME_RESOLUTION_FAILED
2022-05-25 20:05:06 ERROR    Failure: 233681242693567643314746531081609967369 : http://localhost:1800/subscribe?product=unlimited -> status code(401) -> Not logged in
2022-05-25 20:05:07 ERROR    Failure: 192000098578407187921566301909771202768 : http://localhost:1800/ -> net::ERR_NAME_RESOLUTION_FAILED
2022-05-25 20:05:07 ERROR    Failure: 94097134937905879805143453101758338884 : http://localhost:1800/ -> Failed to load resource: net::ERR_NAME_RESOLUTION_FAILED
2022-05-25 20:05:07 ERROR    Failure: 192000098578407187921566301909771202768 : http://localhost:1800/ -> net::ERR_NAME_RESOLUTION_FAILED
2022-05-25 20:05:07 ERROR    Failure: 94097134937905879805143453101758338884 : http://localhost:1800/ -> Failed to load resource: net::ERR_NAME_RESOLUTION_FAILED
2022-05-25 20:05:07 ERROR    Failure: 192000098578407187921566301909771202768 : http://localhost:1800/ -> net::ERR_NAME_RESOLUTION_FAILED
2022-05-25 20:05:07 ERROR    Failure: 94097134937905879805143453101758338884 : http://localhost:1800/ -> Failed to load resource: net::ERR_NAME_RESOLUTION_FAILED
2022-05-25 20:05:07 ERROR    Failure: 192000098578407187921566301909771202768 : http://localhost:1800/ -> net::ERR_NAME_RESOLUTION_FAILED
2022-05-25 20:05:07 ERROR    Failure: 94097134937905879805143453101758338884 : http://localhost:1800/ -> Failed to load resource: net::ERR_NAME_RESOLUTION_FAILED
2022-05-25 20:05:07 ERROR    Failure: 192000098578407187921566301909771202768 : http://localhost:1800/ -> net::ERR_NAME_RESOLUTION_FAILED
2022-05-25 20:05:07 ERROR    Failure: 94097134937905879805143453101758338884 : http://localhost:1800/ -> Failed to load resource: net::ERR_NAME_RESOLUTION_FAILED
2022-05-25 20:05:07 ERROR    Failure: 192000098578407187921566301909771202768 : http://localhost:1800/ -> net::ERR_NAME_RESOLUTION_FAILED
2022-05-25 20:05:07 ERROR    Failure: 94097134937905879805143453101758338884 : http://localhost:1800/ -> Failed to load resource: net::ERR_NAME_RESOLUTION_FAILED
2022-05-25 20:05:08 ERROR    Failure: 79839802101734943688249486384801588623 : http://localhost:1800/ -> Failed to load resource: the server responded with a status of 401 (Unauthorized)
2022-05-25 20:05:08 ERROR    Failure: 233681242693567643314746531081609967369 : http://localhost:1800/ -> status code(401) -> Not logged in
2022-05-25 20:05:21 ERROR    Failure: 192000098578407187921566301909771202768 : http://localhost:1800/ -> net::ERR_NAME_RESOLUTION_FAILED
2022-05-25 20:05:21 ERROR    Failure: 192000098578407187921566301909771202768 : http://localhost:1800/ -> net::ERR_NAME_RESOLUTION_FAILED
2022-05-25 20:05:21 ERROR    Failure: 94097134937905879805143453101758338884 : http://localhost:1800/ -> Failed to load resource: net::ERR_NAME_RESOLUTION_FAILED
2022-05-25 20:05:21 ERROR    Failure: 192000098578407187921566301909771202768 : http://localhost:1800/ -> net::ERR_NAME_RESOLUTION_FAILED
2022-05-25 20:05:21 ERROR    Failure: 94097134937905879805143453101758338884 : http://localhost:1800/ -> Failed to load resource: net::ERR_NAME_RESOLUTION_FAILED
2022-05-25 20:05:21 ERROR    Failure: 192000098578407187921566301909771202768 : http://localhost:1800/ -> net::ERR_NAME_RESOLUTION_FAILED
2022-05-25 20:05:21 ERROR    Failure: 94097134937905879805143453101758338884 : http://localhost:1800/ -> Failed to load resource: net::ERR_NAME_RESOLUTION_FAILED
2022-05-25 20:05:21 ERROR    Failure: 192000098578407187921566301909771202768 : http://localhost:1800/ -> net::ERR_NAME_RESOLUTION_FAILED
2022-05-25 20:05:21 ERROR    Failure: 94097134937905879805143453101758338884 : http://localhost:1800/ -> Failed to load resource: net::ERR_NAME_RESOLUTION_FAILED
2022-05-25 20:05:21 ERROR    Failure: 192000098578407187921566301909771202768 : http://localhost:1800/ -> net::ERR_NAME_RESOLUTION_FAILED
2022-05-25 20:05:21 ERROR    Failure: 94097134937905879805143453101758338884 : http://localhost:1800/ -> Failed to load resource: net::ERR_NAME_RESOLUTION_FAILED
2022-05-25 20:05:21 ERROR    Failure: 192000098578407187921566301909771202768 : http://localhost:1800/ -> net::ERR_NAME_RESOLUTION_FAILED
2022-05-25 20:05:21 ERROR    Failure: 94097134937905879805143453101758338884 : http://localhost:1800/ -> Failed to load resource: net::ERR_NAME_RESOLUTION_FAILED
2022-05-25 20:05:22 ERROR    Failure: 79839802101734943688249486384801588623 : http://localhost:1800/ -> Failed to load resource: the server responded with a status of 401 (Unauthorized)
2022-05-25 20:05:22 ERROR    Failure: 233681242693567643314746531081609967369 : http://localhost:1800/ -> status code(401) -> Not logged in
2022-05-25 20:05:31 ERROR    Failure: 192000098578407187921566301909771202768 : http://localhost:1800/subscribe?product=self-hosted -> net::ERR_NAME_RESOLUTION_FAILED
2022-05-25 20:05:31 ERROR    Failure: 94097134937905879805143453101758338884 : http://localhost:1800/subscribe?product=self-hosted -> Failed to load resource: net::ERR_NAME_RESOLUTION_FAILED
2022-05-25 20:05:31 ERROR    Failure: 192000098578407187921566301909771202768 : http://localhost:1800/subscribe?product=self-hosted -> net::ERR_NAME_RESOLUTION_FAILED
2022-05-25 20:05:31 ERROR    Failure: 94097134937905879805143453101758338884 : http://localhost:1800/subscribe?product=self-hosted -> Failed to load resource: net::ERR_NAME_RESOLUTION_FAILED
2022-05-25 20:05:31 ERROR    Failure: 192000098578407187921566301909771202768 : http://localhost:1800/subscribe?product=self-hosted -> net::ERR_NAME_RESOLUTION_FAILED
2022-05-25 20:05:31 ERROR    Failure: 94097134937905879805143453101758338884 : http://localhost:1800/subscribe?product=self-hosted -> Failed to load resource: net::ERR_NAME_RESOLUTION_FAILED
2022-05-25 20:05:31 ERROR    Failure: 192000098578407187921566301909771202768 : http://localhost:1800/subscribe?product=self-hosted -> net::ERR_NAME_RESOLUTION_FAILED
2022-05-25 20:05:31 ERROR    Failure: 94097134937905879805143453101758338884 : http://localhost:1800/subscribe?product=self-hosted -> Failed to load resource: net::ERR_NAME_RESOLUTION_FAILED
2022-05-25 20:05:31 ERROR    Failure: 192000098578407187921566301909771202768 : http://localhost:1800/subscribe?product=self-hosted -> net::ERR_NAME_RESOLUTION_FAILED
2022-05-25 20:05:31 ERROR    Failure: 94097134937905879805143453101758338884 : http://localhost:1800/subscribe?product=self-hosted -> Failed to load resource: net::ERR_NAME_RESOLUTION_FAILED
2022-05-25 20:05:31 ERROR    Failure: 192000098578407187921566301909771202768 : http://localhost:1800/subscribe?product=self-hosted -> net::ERR_NAME_RESOLUTION_FAILED
2022-05-25 20:05:31 ERROR    Failure: 94097134937905879805143453101758338884 : http://localhost:1800/subscribe?product=self-hosted -> Failed to load resource: net::ERR_NAME_RESOLUTION_FAILED
2022-05-25 20:05:32 ERROR    Failure: 79839802101734943688249486384801588623 : http://localhost:1800/subscribe?product=self-hosted -> Failed to load resource: the server responded with a status of 401 (Unauthorized)
2022-05-25 20:05:32 ERROR    Failure: 192000098578407187921566301909771202768 : http://localhost:1800/subscribe?product=self-hosted -> net::ERR_NAME_RESOLUTION_FAILED
2022-05-25 20:05:32 ERROR    Failure: 94097134937905879805143453101758338884 : http://localhost:1800/subscribe?product=self-hosted -> Failed to load resource: net::ERR_NAME_RESOLUTION_FAILED
2022-05-25 20:05:32 ERROR    Failure: 233681242693567643314746531081609967369 : http://localhost:1800/subscribe?product=self-hosted -> status code(401) -> Not logged in
2022-05-25 20:05:34 ERROR    Failure: 262513326802567628094931167029883077585 : http://localhost:1800/ -> net::ERR_ABORTED
2022-05-25 20:05:34 ERROR    Failure: 192000098578407187921566301909771202768 : http://localhost:1800/subscribe?product=unlimited -> net::ERR_NAME_RESOLUTION_FAILED
2022-05-25 20:05:34 ERROR    Failure: 94097134937905879805143453101758338884 : http://localhost:1800/subscribe?product=unlimited -> Failed to load resource: net::ERR_NAME_RESOLUTION_FAILED
2022-05-25 20:05:34 ERROR    Failure: 192000098578407187921566301909771202768 : http://localhost:1800/subscribe?product=unlimited -> net::ERR_NAME_RESOLUTION_FAILED
2022-05-25 20:05:34 ERROR    Failure: 94097134937905879805143453101758338884 : http://localhost:1800/subscribe?product=unlimited -> Failed to load resource: net::ERR_NAME_RESOLUTION_FAILED
2022-05-25 20:05:34 ERROR    Failure: 192000098578407187921566301909771202768 : http://localhost:1800/subscribe?product=unlimited -> net::ERR_NAME_RESOLUTION_FAILED
2022-05-25 20:05:34 ERROR    Failure: 94097134937905879805143453101758338884 : http://localhost:1800/subscribe?product=unlimited -> Failed to load resource: net::ERR_NAME_RESOLUTION_FAILED
2022-05-25 20:05:34 ERROR    Failure: 192000098578407187921566301909771202768 : http://localhost:1800/subscribe?product=unlimited -> net::ERR_NAME_RESOLUTION_FAILED
2022-05-25 20:05:34 ERROR    Failure: 94097134937905879805143453101758338884 : http://localhost:1800/subscribe?product=unlimited -> Failed to load resource: net::ERR_NAME_RESOLUTION_FAILED
2022-05-25 20:05:34 ERROR    Failure: 192000098578407187921566301909771202768 : http://localhost:1800/subscribe?product=unlimited -> net::ERR_NAME_RESOLUTION_FAILED
2022-05-25 20:05:34 ERROR    Failure: 94097134937905879805143453101758338884 : http://localhost:1800/subscribe?product=unlimited -> Failed to load resource: net::ERR_NAME_RESOLUTION_FAILED
2022-05-25 20:05:34 ERROR    Failure: 192000098578407187921566301909771202768 : http://localhost:1800/subscribe?product=unlimited -> net::ERR_NAME_RESOLUTION_FAILED
2022-05-25 20:05:34 ERROR    Failure: 94097134937905879805143453101758338884 : http://localhost:1800/subscribe?product=unlimited -> Failed to load resource: net::ERR_NAME_RESOLUTION_FAILED
2022-05-25 20:05:34 ERROR    Failure: 79839802101734943688249486384801588623 : http://localhost:1800/subscribe?product=unlimited -> Failed to load resource: the server responded with a status of 401 (Unauthorized)
2022-05-25 20:05:34 ERROR    Failure: 192000098578407187921566301909771202768 : http://localhost:1800/subscribe?product=unlimited -> net::ERR_NAME_RESOLUTION_FAILED
2022-05-25 20:05:34 ERROR    Failure: 94097134937905879805143453101758338884 : http://localhost:1800/subscribe?product=unlimited -> Failed to load resource: net::ERR_NAME_RESOLUTION_FAILED
2022-05-25 20:05:34 ERROR    Failure: 233681242693567643314746531081609967369 : http://localhost:1800/subscribe?product=unlimited -> status code(401) -> Not logged in
2022-05-25 20:05:36 ERROR    Failure: 192000098578407187921566301909771202768 : http://localhost:1800/ -> net::ERR_NAME_RESOLUTION_FAILED
2022-05-25 20:05:36 ERROR    Failure: 94097134937905879805143453101758338884 : http://localhost:1800/ -> Failed to load resource: net::ERR_NAME_RESOLUTION_FAILED
2022-05-25 20:05:36 ERROR    Failure: 192000098578407187921566301909771202768 : http://localhost:1800/ -> net::ERR_NAME_RESOLUTION_FAILED
2022-05-25 20:05:36 ERROR    Failure: 94097134937905879805143453101758338884 : http://localhost:1800/ -> Failed to load resource: net::ERR_NAME_RESOLUTION_FAILED
2022-05-25 20:05:36 ERROR    Failure: 192000098578407187921566301909771202768 : http://localhost:1800/ -> net::ERR_NAME_RESOLUTION_FAILED
2022-05-25 20:05:36 ERROR    Failure: 94097134937905879805143453101758338884 : http://localhost:1800/ -> Failed to load resource: net::ERR_NAME_RESOLUTION_FAILED
2022-05-25 20:05:36 ERROR    Failure: 192000098578407187921566301909771202768 : http://localhost:1800/ -> net::ERR_NAME_RESOLUTION_FAILED
2022-05-25 20:05:36 ERROR    Failure: 94097134937905879805143453101758338884 : http://localhost:1800/ -> Failed to load resource: net::ERR_NAME_RESOLUTION_FAILED
2022-05-25 20:05:36 ERROR    Failure: 192000098578407187921566301909771202768 : http://localhost:1800/ -> net::ERR_NAME_RESOLUTION_FAILED
2022-05-25 20:05:36 ERROR    Failure: 94097134937905879805143453101758338884 : http://localhost:1800/ -> Failed to load resource: net::ERR_NAME_RESOLUTION_FAILED
2022-05-25 20:05:36 ERROR    Failure: 192000098578407187921566301909771202768 : http://localhost:1800/ -> net::ERR_NAME_RESOLUTION_FAILED
2022-05-25 20:05:36 ERROR    Failure: 94097134937905879805143453101758338884 : http://localhost:1800/ -> Failed to load resource: net::ERR_NAME_RESOLUTION_FAILED
2022-05-25 20:05:36 ERROR    Failure: 79839802101734943688249486384801588623 : http://localhost:1800/ -> Failed to load resource: the server responded with a status of 401 (Unauthorized)
2022-05-25 20:05:36 ERROR    Failure: 233681242693567643314746531081609967369 : http://localhost:1800/ -> status code(401) -> Not logged in
2022-05-25 20:05:46 ERROR    Failure: 262513326802567628094931167029883077585 : http://localhost:1800/ -> net::ERR_ABORTED
2022-05-25 20:05:47 ERROR    Failure: 192000098578407187921566301909771202768 : http://localhost:1800/subscribe?product=self-hosted -> net::ERR_NAME_RESOLUTION_FAILED
2022-05-25 20:05:47 ERROR    Failure: 94097134937905879805143453101758338884 : http://localhost:1800/subscribe?product=self-hosted -> Failed to load resource: net::ERR_NAME_RESOLUTION_FAILED
2022-05-25 20:05:47 ERROR    Failure: 192000098578407187921566301909771202768 : http://localhost:1800/subscribe?product=self-hosted -> net::ERR_NAME_RESOLUTION_FAILED
2022-05-25 20:05:47 ERROR    Failure: 94097134937905879805143453101758338884 : http://localhost:1800/subscribe?product=self-hosted -> Failed to load resource: net::ERR_NAME_RESOLUTION_FAILED
2022-05-25 20:05:47 ERROR    Failure: 192000098578407187921566301909771202768 : http://localhost:1800/subscribe?product=self-hosted -> net::ERR_NAME_RESOLUTION_FAILED
2022-05-25 20:05:47 ERROR    Failure: 94097134937905879805143453101758338884 : http://localhost:1800/subscribe?product=self-hosted -> Failed to load resource: net::ERR_NAME_RESOLUTION_FAILED
2022-05-25 20:05:47 ERROR    Failure: 192000098578407187921566301909771202768 : http://localhost:1800/subscribe?product=self-hosted -> net::ERR_NAME_RESOLUTION_FAILED
2022-05-25 20:05:47 ERROR    Failure: 94097134937905879805143453101758338884 : http://localhost:1800/subscribe?product=self-hosted -> Failed to load resource: net::ERR_NAME_RESOLUTION_FAILED
2022-05-25 20:05:47 ERROR    Failure: 192000098578407187921566301909771202768 : http://localhost:1800/subscribe?product=self-hosted -> net::ERR_NAME_RESOLUTION_FAILED
2022-05-25 20:05:47 ERROR    Failure: 94097134937905879805143453101758338884 : http://localhost:1800/subscribe?product=self-hosted -> Failed to load resource: net::ERR_NAME_RESOLUTION_FAILED
2022-05-25 20:05:47 ERROR    Failure: 192000098578407187921566301909771202768 : http://localhost:1800/subscribe?product=self-hosted -> net::ERR_NAME_RESOLUTION_FAILED
2022-05-25 20:05:47 ERROR    Failure: 94097134937905879805143453101758338884 : http://localhost:1800/subscribe?product=self-hosted -> Failed to load resource: net::ERR_NAME_RESOLUTION_FAILED
2022-05-25 20:05:48 ERROR    Failure: 79839802101734943688249486384801588623 : http://localhost:1800/subscribe?product=self-hosted -> Failed to load resource: the server responded with a status of 401 (Unauthorized)
2022-05-25 20:05:48 ERROR    Failure: 233681242693567643314746531081609967369 : http://localhost:1800/subscribe?product=self-hosted -> status code(401) -> Not logged in
2022-05-25 20:05:48 ERROR    Failure: 192000098578407187921566301909771202768 : http://localhost:1800/subscribe?product=self-hosted -> net::ERR_NAME_RESOLUTION_FAILED
2022-05-25 20:05:48 ERROR    Failure: 94097134937905879805143453101758338884 : http://localhost:1800/subscribe?product=self-hosted -> Failed to load resource: net::ERR_NAME_RESOLUTION_FAILED
2022-05-25 20:05:50 ERROR    Failure: 192000098578407187921566301909771202768 : http://localhost:1800/ -> net::ERR_NAME_RESOLUTION_FAILED
2022-05-25 20:05:50 ERROR    Failure: 94097134937905879805143453101758338884 : http://localhost:1800/ -> Failed to load resource: net::ERR_NAME_RESOLUTION_FAILED
2022-05-25 20:05:50 ERROR    Failure: 192000098578407187921566301909771202768 : http://localhost:1800/ -> net::ERR_NAME_RESOLUTION_FAILED
2022-05-25 20:05:50 ERROR    Failure: 94097134937905879805143453101758338884 : http://localhost:1800/ -> Failed to load resource: net::ERR_NAME_RESOLUTION_FAILED
2022-05-25 20:05:50 ERROR    Failure: 192000098578407187921566301909771202768 : http://localhost:1800/ -> net::ERR_NAME_RESOLUTION_FAILED
2022-05-25 20:05:50 ERROR    Failure: 94097134937905879805143453101758338884 : http://localhost:1800/ -> Failed to load resource: net::ERR_NAME_RESOLUTION_FAILED
2022-05-25 20:05:50 ERROR    Failure: 192000098578407187921566301909771202768 : http://localhost:1800/ -> net::ERR_NAME_RESOLUTION_FAILED
2022-05-25 20:05:50 ERROR    Failure: 94097134937905879805143453101758338884 : http://localhost:1800/ -> Failed to load resource: net::ERR_NAME_RESOLUTION_FAILED
2022-05-25 20:05:50 ERROR    Failure: 192000098578407187921566301909771202768 : http://localhost:1800/ -> net::ERR_NAME_RESOLUTION_FAILED
2022-05-25 20:05:50 ERROR    Failure: 94097134937905879805143453101758338884 : http://localhost:1800/ -> Failed to load resource: net::ERR_NAME_RESOLUTION_FAILED
2022-05-25 20:05:50 ERROR    Failure: 192000098578407187921566301909771202768 : http://localhost:1800/ -> net::ERR_NAME_RESOLUTION_FAILED
2022-05-25 20:05:50 ERROR    Failure: 94097134937905879805143453101758338884 : http://localhost:1800/ -> Failed to load resource: net::ERR_NAME_RESOLUTION_FAILED
2022-05-25 20:05:50 ERROR    Failure: 79839802101734943688249486384801588623 : http://localhost:1800/ -> Failed to load resource: the server responded with a status of 401 (Unauthorized)
2022-05-25 20:05:50 ERROR    Failure: 233681242693567643314746531081609967369 : http://localhost:1800/ -> status code(401) -> Not logged in
2022-05-25 20:06:04 ERROR    Failure: 192000098578407187921566301909771202768 : http://localhost:1800/subscribe?product=unlimited -> net::ERR_NAME_RESOLUTION_FAILED
2022-05-25 20:06:04 ERROR    Failure: 94097134937905879805143453101758338884 : http://localhost:1800/subscribe?product=unlimited -> Failed to load resource: net::ERR_NAME_RESOLUTION_FAILED
2022-05-25 20:06:04 ERROR    Failure: 192000098578407187921566301909771202768 : http://localhost:1800/subscribe?product=unlimited -> net::ERR_NAME_RESOLUTION_FAILED
2022-05-25 20:06:04 ERROR    Failure: 94097134937905879805143453101758338884 : http://localhost:1800/subscribe?product=unlimited -> Failed to load resource: net::ERR_NAME_RESOLUTION_FAILED
2022-05-25 20:06:04 ERROR    Failure: 192000098578407187921566301909771202768 : http://localhost:1800/subscribe?product=unlimited -> net::ERR_NAME_RESOLUTION_FAILED
2022-05-25 20:06:04 ERROR    Failure: 94097134937905879805143453101758338884 : http://localhost:1800/subscribe?product=unlimited -> Failed to load resource: net::ERR_NAME_RESOLUTION_FAILED
2022-05-25 20:06:04 ERROR    Failure: 192000098578407187921566301909771202768 : http://localhost:1800/subscribe?product=unlimited -> net::ERR_NAME_RESOLUTION_FAILED
2022-05-25 20:06:04 ERROR    Failure: 94097134937905879805143453101758338884 : http://localhost:1800/subscribe?product=unlimited -> Failed to load resource: net::ERR_NAME_RESOLUTION_FAILED
2022-05-25 20:06:04 ERROR    Failure: 192000098578407187921566301909771202768 : http://localhost:1800/subscribe?product=unlimited -> net::ERR_NAME_RESOLUTION_FAILED
2022-05-25 20:06:04 ERROR    Failure: 94097134937905879805143453101758338884 : http://localhost:1800/subscribe?product=unlimited -> Failed to load resource: net::ERR_NAME_RESOLUTION_FAILED
2022-05-25 20:06:04 ERROR    Failure: 192000098578407187921566301909771202768 : http://localhost:1800/subscribe?product=unlimited -> net::ERR_NAME_RESOLUTION_FAILED
2022-05-25 20:06:04 ERROR    Failure: 94097134937905879805143453101758338884 : http://localhost:1800/subscribe?product=unlimited -> Failed to load resource: net::ERR_NAME_RESOLUTION_FAILED
2022-05-25 20:06:04 ERROR    Failure: 79839802101734943688249486384801588623 : http://localhost:1800/subscribe?product=unlimited -> Failed to load resource: the server responded with a status of 401 (Unauthorized)
2022-05-25 20:06:04 ERROR    Failure: 192000098578407187921566301909771202768 : http://localhost:1800/subscribe?product=unlimited -> net::ERR_NAME_RESOLUTION_FAILED
2022-05-25 20:06:04 ERROR    Failure: 94097134937905879805143453101758338884 : http://localhost:1800/subscribe?product=unlimited -> Failed to load resource: net::ERR_NAME_RESOLUTION_FAILED
2022-05-25 20:06:04 ERROR    Failure: 233681242693567643314746531081609967369 : http://localhost:1800/subscribe?product=unlimited -> status code(401) -> Not logged in
2022-05-25 20:06:06 ERROR    Failure: 192000098578407187921566301909771202768 : http://localhost:1800/ -> net::ERR_NAME_RESOLUTION_FAILED
2022-05-25 20:06:06 ERROR    Failure: 94097134937905879805143453101758338884 : http://localhost:1800/ -> Failed to load resource: net::ERR_NAME_RESOLUTION_FAILED
2022-05-25 20:06:06 ERROR    Failure: 192000098578407187921566301909771202768 : http://localhost:1800/ -> net::ERR_NAME_RESOLUTION_FAILED
2022-05-25 20:06:06 ERROR    Failure: 94097134937905879805143453101758338884 : http://localhost:1800/ -> Failed to load resource: net::ERR_NAME_RESOLUTION_FAILED
2022-05-25 20:06:06 ERROR    Failure: 192000098578407187921566301909771202768 : http://localhost:1800/ -> net::ERR_NAME_RESOLUTION_FAILED
2022-05-25 20:06:06 ERROR    Failure: 94097134937905879805143453101758338884 : http://localhost:1800/ -> Failed to load resource: net::ERR_NAME_RESOLUTION_FAILED
2022-05-25 20:06:06 ERROR    Failure: 192000098578407187921566301909771202768 : http://localhost:1800/ -> net::ERR_NAME_RESOLUTION_FAILED
2022-05-25 20:06:06 ERROR    Failure: 94097134937905879805143453101758338884 : http://localhost:1800/ -> Failed to load resource: net::ERR_NAME_RESOLUTION_FAILED
2022-05-25 20:06:06 ERROR    Failure: 192000098578407187921566301909771202768 : http://localhost:1800/ -> net::ERR_NAME_RESOLUTION_FAILED
2022-05-25 20:06:06 ERROR    Failure: 94097134937905879805143453101758338884 : http://localhost:1800/ -> Failed to load resource: net::ERR_NAME_RESOLUTION_FAILED
2022-05-25 20:06:06 ERROR    Failure: 192000098578407187921566301909771202768 : http://localhost:1800/ -> net::ERR_NAME_RESOLUTION_FAILED
2022-05-25 20:06:06 ERROR    Failure: 94097134937905879805143453101758338884 : http://localhost:1800/ -> Failed to load resource: net::ERR_NAME_RESOLUTION_FAILED
2022-05-25 20:06:07 ERROR    Failure: 79839802101734943688249486384801588623 : http://localhost:1800/ -> Failed to load resource: the server responded with a status of 401 (Unauthorized)
2022-05-25 20:06:07 ERROR    Failure: 233681242693567643314746531081609967369 : http://localhost:1800/ -> status code(401) -> Not logged in
2022-05-25 20:06:16 ERROR    Failure: 192000098578407187921566301909771202768 : http://localhost:1800/subscribe?product=unlimited -> net::ERR_NAME_RESOLUTION_FAILED
2022-05-25 20:06:16 ERROR    Failure: 94097134937905879805143453101758338884 : http://localhost:1800/subscribe?product=unlimited -> Failed to load resource: net::ERR_NAME_RESOLUTION_FAILED
2022-05-25 20:06:16 ERROR    Failure: 192000098578407187921566301909771202768 : http://localhost:1800/subscribe?product=unlimited -> net::ERR_NAME_RESOLUTION_FAILED
2022-05-25 20:06:16 ERROR    Failure: 94097134937905879805143453101758338884 : http://localhost:1800/subscribe?product=unlimited -> Failed to load resource: net::ERR_NAME_RESOLUTION_FAILED
2022-05-25 20:06:16 ERROR    Failure: 192000098578407187921566301909771202768 : http://localhost:1800/subscribe?product=unlimited -> net::ERR_NAME_RESOLUTION_FAILED
2022-05-25 20:06:16 ERROR    Failure: 94097134937905879805143453101758338884 : http://localhost:1800/subscribe?product=unlimited -> Failed to load resource: net::ERR_NAME_RESOLUTION_FAILED
2022-05-25 20:06:16 ERROR    Failure: 192000098578407187921566301909771202768 : http://localhost:1800/subscribe?product=unlimited -> net::ERR_NAME_RESOLUTION_FAILED
2022-05-25 20:06:16 ERROR    Failure: 94097134937905879805143453101758338884 : http://localhost:1800/subscribe?product=unlimited -> Failed to load resource: net::ERR_NAME_RESOLUTION_FAILED
2022-05-25 20:06:16 ERROR    Failure: 192000098578407187921566301909771202768 : http://localhost:1800/subscribe?product=unlimited -> net::ERR_NAME_RESOLUTION_FAILED
2022-05-25 20:06:16 ERROR    Failure: 94097134937905879805143453101758338884 : http://localhost:1800/subscribe?product=unlimited -> Failed to load resource: net::ERR_NAME_RESOLUTION_FAILED
2022-05-25 20:06:16 ERROR    Failure: 192000098578407187921566301909771202768 : http://localhost:1800/subscribe?product=unlimited -> net::ERR_NAME_RESOLUTION_FAILED
2022-05-25 20:06:16 ERROR    Failure: 94097134937905879805143453101758338884 : http://localhost:1800/subscribe?product=unlimited -> Failed to load resource: net::ERR_NAME_RESOLUTION_FAILED
2022-05-25 20:06:17 ERROR    Failure: 79839802101734943688249486384801588623 : http://localhost:1800/subscribe?product=unlimited -> Failed to load resource: the server responded with a status of 401 (Unauthorized)
2022-05-25 20:06:17 ERROR    Failure: 192000098578407187921566301909771202768 : http://localhost:1800/subscribe?product=unlimited -> net::ERR_NAME_RESOLUTION_FAILED
2022-05-25 20:06:17 ERROR    Failure: 94097134937905879805143453101758338884 : http://localhost:1800/subscribe?product=unlimited -> Failed to load resource: net::ERR_NAME_RESOLUTION_FAILED
2022-05-25 20:06:17 ERROR    Failure: 233681242693567643314746531081609967369 : http://localhost:1800/subscribe?product=unlimited -> status code(401) -> Not logged in
2022-05-25 20:06:21 ERROR    Failure: 192000098578407187921566301909771202768 : http://localhost:1800/ -> net::ERR_NAME_RESOLUTION_FAILED
2022-05-25 20:06:21 ERROR    Failure: 94097134937905879805143453101758338884 : http://localhost:1800/ -> Failed to load resource: net::ERR_NAME_RESOLUTION_FAILED
2022-05-25 20:06:21 ERROR    Failure: 192000098578407187921566301909771202768 : http://localhost:1800/ -> net::ERR_NAME_RESOLUTION_FAILED
2022-05-25 20:06:21 ERROR    Failure: 94097134937905879805143453101758338884 : http://localhost:1800/ -> Failed to load resource: net::ERR_NAME_RESOLUTION_FAILED
2022-05-25 20:06:21 ERROR    Failure: 192000098578407187921566301909771202768 : http://localhost:1800/ -> net::ERR_NAME_RESOLUTION_FAILED
2022-05-25 20:06:21 ERROR    Failure: 94097134937905879805143453101758338884 : http://localhost:1800/ -> Failed to load resource: net::ERR_NAME_RESOLUTION_FAILED
2022-05-25 20:06:21 ERROR    Failure: 192000098578407187921566301909771202768 : http://localhost:1800/ -> net::ERR_NAME_RESOLUTION_FAILED
2022-05-25 20:06:21 ERROR    Failure: 94097134937905879805143453101758338884 : http://localhost:1800/ -> Failed to load resource: net::ERR_NAME_RESOLUTION_FAILED
2022-05-25 20:06:21 ERROR    Failure: 192000098578407187921566301909771202768 : http://localhost:1800/ -> net::ERR_NAME_RESOLUTION_FAILED
2022-05-25 20:06:21 ERROR    Failure: 94097134937905879805143453101758338884 : http://localhost:1800/ -> Failed to load resource: net::ERR_NAME_RESOLUTION_FAILED
2022-05-25 20:06:21 ERROR    Failure: 192000098578407187921566301909771202768 : http://localhost:1800/ -> net::ERR_NAME_RESOLUTION_FAILED
2022-05-25 20:06:21 ERROR    Failure: 94097134937905879805143453101758338884 : http://localhost:1800/ -> Failed to load resource: net::ERR_NAME_RESOLUTION_FAILED
2022-05-25 20:06:21 ERROR    Failure: 79839802101734943688249486384801588623 : http://localhost:1800/ -> Failed to load resource: the server responded with a status of 401 (Unauthorized)
2022-05-25 20:06:21 ERROR    Failure: 233681242693567643314746531081609967369 : http://localhost:1800/ -> status code(401) -> Not logged in
2022-05-25 20:06:32 ERROR    Failure: 192000098578407187921566301909771202768 : http://localhost:1800/subscribe?product=self-hosted -> net::ERR_NAME_RESOLUTION_FAILED
2022-05-25 20:06:32 ERROR    Failure: 94097134937905879805143453101758338884 : http://localhost:1800/subscribe?product=self-hosted -> Failed to load resource: net::ERR_NAME_RESOLUTION_FAILED
2022-05-25 20:06:32 ERROR    Failure: 192000098578407187921566301909771202768 : http://localhost:1800/subscribe?product=self-hosted -> net::ERR_NAME_RESOLUTION_FAILED
2022-05-25 20:06:32 ERROR    Failure: 94097134937905879805143453101758338884 : http://localhost:1800/subscribe?product=self-hosted -> Failed to load resource: net::ERR_NAME_RESOLUTION_FAILED
2022-05-25 20:06:32 ERROR    Failure: 192000098578407187921566301909771202768 : http://localhost:1800/subscribe?product=self-hosted -> net::ERR_NAME_RESOLUTION_FAILED
2022-05-25 20:06:32 ERROR    Failure: 94097134937905879805143453101758338884 : http://localhost:1800/subscribe?product=self-hosted -> Failed to load resource: net::ERR_NAME_RESOLUTION_FAILED
2022-05-25 20:06:32 ERROR    Failure: 192000098578407187921566301909771202768 : http://localhost:1800/subscribe?product=self-hosted -> net::ERR_NAME_RESOLUTION_FAILED
2022-05-25 20:06:32 ERROR    Failure: 94097134937905879805143453101758338884 : http://localhost:1800/subscribe?product=self-hosted -> Failed to load resource: net::ERR_NAME_RESOLUTION_FAILED
2022-05-25 20:06:32 ERROR    Failure: 192000098578407187921566301909771202768 : http://localhost:1800/subscribe?product=self-hosted -> net::ERR_NAME_RESOLUTION_FAILED
2022-05-25 20:06:32 ERROR    Failure: 94097134937905879805143453101758338884 : http://localhost:1800/subscribe?product=self-hosted -> Failed to load resource: net::ERR_NAME_RESOLUTION_FAILED
2022-05-25 20:06:32 ERROR    Failure: 192000098578407187921566301909771202768 : http://localhost:1800/subscribe?product=self-hosted -> net::ERR_NAME_RESOLUTION_FAILED
2022-05-25 20:06:32 ERROR    Failure: 94097134937905879805143453101758338884 : http://localhost:1800/subscribe?product=self-hosted -> Failed to load resource: net::ERR_NAME_RESOLUTION_FAILED
2022-05-25 20:06:32 ERROR    Failure: 79839802101734943688249486384801588623 : http://localhost:1800/subscribe?product=self-hosted -> Failed to load resource: the server responded with a status of 401 (Unauthorized)
2022-05-25 20:06:33 ERROR    Failure: 233681242693567643314746531081609967369 : http://localhost:1800/subscribe?product=self-hosted -> status code(401) -> Not logged in
2022-05-25 20:06:33 ERROR    Failure: 192000098578407187921566301909771202768 : http://localhost:1800/subscribe?product=self-hosted -> net::ERR_NAME_RESOLUTION_FAILED
2022-05-25 20:06:33 ERROR    Failure: 94097134937905879805143453101758338884 : http://localhost:1800/subscribe?product=self-hosted -> Failed to load resource: net::ERR_NAME_RESOLUTION_FAILED
2022-05-25 20:06:33 ERROR    Failure: 262513326802567628094931167029883077585 : http://localhost:1800/ -> net::ERR_ABORTED
2022-05-25 20:06:33 ERROR    Failure: 192000098578407187921566301909771202768 : http://localhost:1800/subscribe?product=self-hosted -> net::ERR_NAME_RESOLUTION_FAILED
2022-05-25 20:06:33 ERROR    Failure: 94097134937905879805143453101758338884 : http://localhost:1800/subscribe?product=self-hosted -> Failed to load resource: net::ERR_NAME_RESOLUTION_FAILED
2022-05-25 20:06:33 ERROR    Failure: 192000098578407187921566301909771202768 : http://localhost:1800/subscribe?product=self-hosted -> net::ERR_NAME_RESOLUTION_FAILED
2022-05-25 20:06:33 ERROR    Failure: 94097134937905879805143453101758338884 : http://localhost:1800/subscribe?product=self-hosted -> Failed to load resource: net::ERR_NAME_RESOLUTION_FAILED
2022-05-25 20:06:33 ERROR    Failure: 192000098578407187921566301909771202768 : http://localhost:1800/subscribe?product=self-hosted -> net::ERR_NAME_RESOLUTION_FAILED
2022-05-25 20:06:33 ERROR    Failure: 94097134937905879805143453101758338884 : http://localhost:1800/subscribe?product=self-hosted -> Failed to load resource: net::ERR_NAME_RESOLUTION_FAILED
2022-05-25 20:06:33 ERROR    Failure: 192000098578407187921566301909771202768 : http://localhost:1800/subscribe?product=self-hosted -> net::ERR_NAME_RESOLUTION_FAILED
2022-05-25 20:06:33 ERROR    Failure: 94097134937905879805143453101758338884 : http://localhost:1800/subscribe?product=self-hosted -> Failed to load resource: net::ERR_NAME_RESOLUTION_FAILED
2022-05-25 20:06:33 ERROR    Failure: 192000098578407187921566301909771202768 : http://localhost:1800/subscribe?product=self-hosted -> net::ERR_NAME_RESOLUTION_FAILED
2022-05-25 20:06:33 ERROR    Failure: 94097134937905879805143453101758338884 : http://localhost:1800/subscribe?product=self-hosted -> Failed to load resource: net::ERR_NAME_RESOLUTION_FAILED
2022-05-25 20:06:33 ERROR    Failure: 192000098578407187921566301909771202768 : http://localhost:1800/subscribe?product=self-hosted -> net::ERR_NAME_RESOLUTION_FAILED
2022-05-25 20:06:33 ERROR    Failure: 94097134937905879805143453101758338884 : http://localhost:1800/subscribe?product=self-hosted -> Failed to load resource: net::ERR_NAME_RESOLUTION_FAILED
2022-05-25 20:06:33 ERROR    Failure: 79839802101734943688249486384801588623 : http://localhost:1800/subscribe?product=self-hosted -> Failed to load resource: the server responded with a status of 401 (Unauthorized)
2022-05-25 20:06:34 ERROR    Failure: 192000098578407187921566301909771202768 : http://localhost:1800/subscribe?product=self-hosted -> net::ERR_NAME_RESOLUTION_FAILED
2022-05-25 20:06:34 ERROR    Failure: 94097134937905879805143453101758338884 : http://localhost:1800/subscribe?product=self-hosted -> Failed to load resource: net::ERR_NAME_RESOLUTION_FAILED
2022-05-25 20:06:34 ERROR    Failure: 233681242693567643314746531081609967369 : http://localhost:1800/subscribe?product=self-hosted -> status code(401) -> Not logged in
2022-05-25 20:06:35 ERROR    Failure: 192000098578407187921566301909771202768 : http://localhost:1800/ -> net::ERR_NAME_RESOLUTION_FAILED
2022-05-25 20:06:35 ERROR    Failure: 94097134937905879805143453101758338884 : http://localhost:1800/ -> Failed to load resource: net::ERR_NAME_RESOLUTION_FAILED
2022-05-25 20:06:35 ERROR    Failure: 192000098578407187921566301909771202768 : http://localhost:1800/ -> net::ERR_NAME_RESOLUTION_FAILED
2022-05-25 20:06:35 ERROR    Failure: 94097134937905879805143453101758338884 : http://localhost:1800/ -> Failed to load resource: net::ERR_NAME_RESOLUTION_FAILED
2022-05-25 20:06:35 ERROR    Failure: 192000098578407187921566301909771202768 : http://localhost:1800/ -> net::ERR_NAME_RESOLUTION_FAILED
2022-05-25 20:06:35 ERROR    Failure: 94097134937905879805143453101758338884 : http://localhost:1800/ -> Failed to load resource: net::ERR_NAME_RESOLUTION_FAILED
2022-05-25 20:06:35 ERROR    Failure: 192000098578407187921566301909771202768 : http://localhost:1800/ -> net::ERR_NAME_RESOLUTION_FAILED
2022-05-25 20:06:35 ERROR    Failure: 94097134937905879805143453101758338884 : http://localhost:1800/ -> Failed to load resource: net::ERR_NAME_RESOLUTION_FAILED
2022-05-25 20:06:35 ERROR    Failure: 192000098578407187921566301909771202768 : http://localhost:1800/ -> net::ERR_NAME_RESOLUTION_FAILED
2022-05-25 20:06:35 ERROR    Failure: 94097134937905879805143453101758338884 : http://localhost:1800/ -> Failed to load resource: net::ERR_NAME_RESOLUTION_FAILED
2022-05-25 20:06:35 ERROR    Failure: 192000098578407187921566301909771202768 : http://localhost:1800/ -> net::ERR_NAME_RESOLUTION_FAILED
2022-05-25 20:06:35 ERROR    Failure: 94097134937905879805143453101758338884 : http://localhost:1800/ -> Failed to load resource: net::ERR_NAME_RESOLUTION_FAILED
2022-05-25 20:06:36 ERROR    Failure: 79839802101734943688249486384801588623 : http://localhost:1800/ -> Failed to load resource: the server responded with a status of 401 (Unauthorized)
2022-05-25 20:06:36 ERROR    Failure: 233681242693567643314746531081609967369 : http://localhost:1800/ -> status code(401) -> Not logged in
2022-05-25 20:06:49 ERROR    Failure: 192000098578407187921566301909771202768 : http://localhost:1800/subscribe?product=team -> net::ERR_NAME_RESOLUTION_FAILED
2022-05-25 20:06:49 ERROR    Failure: 94097134937905879805143453101758338884 : http://localhost:1800/subscribe?product=team -> Failed to load resource: net::ERR_NAME_RESOLUTION_FAILED
2022-05-25 20:06:49 ERROR    Failure: 192000098578407187921566301909771202768 : http://localhost:1800/subscribe?product=team -> net::ERR_NAME_RESOLUTION_FAILED
2022-05-25 20:06:49 ERROR    Failure: 94097134937905879805143453101758338884 : http://localhost:1800/subscribe?product=team -> Failed to load resource: net::ERR_NAME_RESOLUTION_FAILED
2022-05-25 20:06:49 ERROR    Failure: 192000098578407187921566301909771202768 : http://localhost:1800/subscribe?product=team -> net::ERR_NAME_RESOLUTION_FAILED
2022-05-25 20:06:49 ERROR    Failure: 94097134937905879805143453101758338884 : http://localhost:1800/subscribe?product=team -> Failed to load resource: net::ERR_NAME_RESOLUTION_FAILED
2022-05-25 20:06:49 ERROR    Failure: 192000098578407187921566301909771202768 : http://localhost:1800/subscribe?product=team -> net::ERR_NAME_RESOLUTION_FAILED
2022-05-25 20:06:49 ERROR    Failure: 94097134937905879805143453101758338884 : http://localhost:1800/subscribe?product=team -> Failed to load resource: net::ERR_NAME_RESOLUTION_FAILED
2022-05-25 20:06:49 ERROR    Failure: 192000098578407187921566301909771202768 : http://localhost:1800/subscribe?product=team -> net::ERR_NAME_RESOLUTION_FAILED
2022-05-25 20:06:49 ERROR    Failure: 94097134937905879805143453101758338884 : http://localhost:1800/subscribe?product=team -> Failed to load resource: net::ERR_NAME_RESOLUTION_FAILED
2022-05-25 20:06:49 ERROR    Failure: 192000098578407187921566301909771202768 : http://localhost:1800/subscribe?product=team -> net::ERR_NAME_RESOLUTION_FAILED
2022-05-25 20:06:49 ERROR    Failure: 94097134937905879805143453101758338884 : http://localhost:1800/subscribe?product=team -> Failed to load resource: net::ERR_NAME_RESOLUTION_FAILED
2022-05-25 20:06:50 ERROR    Failure: 79839802101734943688249486384801588623 : http://localhost:1800/subscribe?product=team -> Failed to load resource: the server responded with a status of 401 (Unauthorized)
2022-05-25 20:06:50 ERROR    Failure: 233681242693567643314746531081609967369 : http://localhost:1800/subscribe?product=team -> status code(401) -> Not logged in
2022-05-25 20:06:50 ERROR    Failure: 192000098578407187921566301909771202768 : http://localhost:1800/subscribe?product=team -> net::ERR_NAME_RESOLUTION_FAILED
2022-05-25 20:06:50 ERROR    Failure: 94097134937905879805143453101758338884 : http://localhost:1800/subscribe?product=team -> Failed to load resource: net::ERR_NAME_RESOLUTION_FAILED
2022-05-25 20:06:52 ERROR    Failure: 192000098578407187921566301909771202768 : http://localhost:1800/ -> net::ERR_NAME_RESOLUTION_FAILED
2022-05-25 20:06:52 ERROR    Failure: 94097134937905879805143453101758338884 : http://localhost:1800/ -> Failed to load resource: net::ERR_NAME_RESOLUTION_FAILED
2022-05-25 20:06:52 ERROR    Failure: 192000098578407187921566301909771202768 : http://localhost:1800/ -> net::ERR_NAME_RESOLUTION_FAILED
2022-05-25 20:06:52 ERROR    Failure: 94097134937905879805143453101758338884 : http://localhost:1800/ -> Failed to load resource: net::ERR_NAME_RESOLUTION_FAILED
2022-05-25 20:06:52 ERROR    Failure: 192000098578407187921566301909771202768 : http://localhost:1800/ -> net::ERR_NAME_RESOLUTION_FAILED
2022-05-25 20:06:52 ERROR    Failure: 94097134937905879805143453101758338884 : http://localhost:1800/ -> Failed to load resource: net::ERR_NAME_RESOLUTION_FAILED
2022-05-25 20:06:52 ERROR    Failure: 192000098578407187921566301909771202768 : http://localhost:1800/ -> net::ERR_NAME_RESOLUTION_FAILED
2022-05-25 20:06:52 ERROR    Failure: 94097134937905879805143453101758338884 : http://localhost:1800/ -> Failed to load resource: net::ERR_NAME_RESOLUTION_FAILED
2022-05-25 20:06:52 ERROR    Failure: 192000098578407187921566301909771202768 : http://localhost:1800/ -> net::ERR_NAME_RESOLUTION_FAILED
2022-05-25 20:06:52 ERROR    Failure: 94097134937905879805143453101758338884 : http://localhost:1800/ -> Failed to load resource: net::ERR_NAME_RESOLUTION_FAILED
2022-05-25 20:06:52 ERROR    Failure: 192000098578407187921566301909771202768 : http://localhost:1800/ -> net::ERR_NAME_RESOLUTION_FAILED
2022-05-25 20:06:52 ERROR    Failure: 94097134937905879805143453101758338884 : http://localhost:1800/ -> Failed to load resource: net::ERR_NAME_RESOLUTION_FAILED
2022-05-25 20:06:53 ERROR    Failure: 79839802101734943688249486384801588623 : http://localhost:1800/ -> Failed to load resource: the server responded with a status of 401 (Unauthorized)
2022-05-25 20:06:53 ERROR    Failure: 233681242693567643314746531081609967369 : http://localhost:1800/ -> status code(401) -> Not logged in
2022-05-25 20:07:03 ERROR    Failure: 262513326802567628094931167029883077585 : http://localhost:1800/# -> net::ERR_ABORTED
2022-05-25 20:07:04 ERROR    Failure: 192000098578407187921566301909771202768 : http://localhost:1800/subscribe?product=team -> net::ERR_NAME_RESOLUTION_FAILED
2022-05-25 20:07:04 ERROR    Failure: 94097134937905879805143453101758338884 : http://localhost:1800/subscribe?product=team -> Failed to load resource: net::ERR_NAME_RESOLUTION_FAILED
2022-05-25 20:07:04 ERROR    Failure: 192000098578407187921566301909771202768 : http://localhost:1800/subscribe?product=team -> net::ERR_NAME_RESOLUTION_FAILED
2022-05-25 20:07:04 ERROR    Failure: 94097134937905879805143453101758338884 : http://localhost:1800/subscribe?product=team -> Failed to load resource: net::ERR_NAME_RESOLUTION_FAILED
2022-05-25 20:07:04 ERROR    Failure: 192000098578407187921566301909771202768 : http://localhost:1800/subscribe?product=team -> net::ERR_NAME_RESOLUTION_FAILED
2022-05-25 20:07:04 ERROR    Failure: 94097134937905879805143453101758338884 : http://localhost:1800/subscribe?product=team -> Failed to load resource: net::ERR_NAME_RESOLUTION_FAILED
2022-05-25 20:07:04 ERROR    Failure: 192000098578407187921566301909771202768 : http://localhost:1800/subscribe?product=team -> net::ERR_NAME_RESOLUTION_FAILED
2022-05-25 20:07:04 ERROR    Failure: 94097134937905879805143453101758338884 : http://localhost:1800/subscribe?product=team -> Failed to load resource: net::ERR_NAME_RESOLUTION_FAILED
2022-05-25 20:07:04 ERROR    Failure: 192000098578407187921566301909771202768 : http://localhost:1800/subscribe?product=team -> net::ERR_NAME_RESOLUTION_FAILED
2022-05-25 20:07:04 ERROR    Failure: 94097134937905879805143453101758338884 : http://localhost:1800/subscribe?product=team -> Failed to load resource: net::ERR_NAME_RESOLUTION_FAILED
2022-05-25 20:07:04 ERROR    Failure: 192000098578407187921566301909771202768 : http://localhost:1800/subscribe?product=team -> net::ERR_NAME_RESOLUTION_FAILED
2022-05-25 20:07:04 ERROR    Failure: 94097134937905879805143453101758338884 : http://localhost:1800/subscribe?product=team -> Failed to load resource: net::ERR_NAME_RESOLUTION_FAILED
2022-05-25 20:07:04 ERROR    Failure: 79839802101734943688249486384801588623 : http://localhost:1800/subscribe?product=team -> Failed to load resource: the server responded with a status of 401 (Unauthorized)
2022-05-25 20:07:04 ERROR    Failure: 192000098578407187921566301909771202768 : http://localhost:1800/subscribe?product=team -> net::ERR_NAME_RESOLUTION_FAILED
2022-05-25 20:07:04 ERROR    Failure: 94097134937905879805143453101758338884 : http://localhost:1800/subscribe?product=team -> Failed to load resource: net::ERR_NAME_RESOLUTION_FAILED
2022-05-25 20:07:04 ERROR    Failure: 233681242693567643314746531081609967369 : http://localhost:1800/subscribe?product=team -> status code(401) -> Not logged in
2022-05-25 20:07:08 ERROR    Failure: 192000098578407187921566301909771202768 : http://localhost:1800/ -> net::ERR_NAME_RESOLUTION_FAILED
2022-05-25 20:07:08 ERROR    Failure: 94097134937905879805143453101758338884 : http://localhost:1800/ -> Failed to load resource: net::ERR_NAME_RESOLUTION_FAILED
2022-05-25 20:07:08 ERROR    Failure: 192000098578407187921566301909771202768 : http://localhost:1800/ -> net::ERR_NAME_RESOLUTION_FAILED
2022-05-25 20:07:08 ERROR    Failure: 94097134937905879805143453101758338884 : http://localhost:1800/ -> Failed to load resource: net::ERR_NAME_RESOLUTION_FAILED
2022-05-25 20:07:08 ERROR    Failure: 192000098578407187921566301909771202768 : http://localhost:1800/ -> net::ERR_NAME_RESOLUTION_FAILED
2022-05-25 20:07:08 ERROR    Failure: 94097134937905879805143453101758338884 : http://localhost:1800/ -> Failed to load resource: net::ERR_NAME_RESOLUTION_FAILED
2022-05-25 20:07:08 ERROR    Failure: 192000098578407187921566301909771202768 : http://localhost:1800/ -> net::ERR_NAME_RESOLUTION_FAILED
2022-05-25 20:07:08 ERROR    Failure: 94097134937905879805143453101758338884 : http://localhost:1800/ -> Failed to load resource: net::ERR_NAME_RESOLUTION_FAILED
2022-05-25 20:07:08 ERROR    Failure: 192000098578407187921566301909771202768 : http://localhost:1800/ -> net::ERR_NAME_RESOLUTION_FAILED
2022-05-25 20:07:08 ERROR    Failure: 94097134937905879805143453101758338884 : http://localhost:1800/ -> Failed to load resource: net::ERR_NAME_RESOLUTION_FAILED
2022-05-25 20:07:08 ERROR    Failure: 192000098578407187921566301909771202768 : http://localhost:1800/ -> net::ERR_NAME_RESOLUTION_FAILED
2022-05-25 20:07:08 ERROR    Failure: 94097134937905879805143453101758338884 : http://localhost:1800/ -> Failed to load resource: net::ERR_NAME_RESOLUTION_FAILED
2022-05-25 20:07:08 ERROR    Failure: 79839802101734943688249486384801588623 : http://localhost:1800/ -> Failed to load resource: the server responded with a status of 401 (Unauthorized)
2022-05-25 20:07:08 ERROR    Failure: 233681242693567643314746531081609967369 : http://localhost:1800/ -> status code(401) -> Not logged in
2022-05-25 20:07:18 ERROR    Failure: 192000098578407187921566301909771202768 : http://localhost:1800/subscribe?product=self-hosted -> net::ERR_NAME_RESOLUTION_FAILED
2022-05-25 20:07:18 ERROR    Failure: 94097134937905879805143453101758338884 : http://localhost:1800/subscribe?product=self-hosted -> Failed to load resource: net::ERR_NAME_RESOLUTION_FAILED
2022-05-25 20:07:18 ERROR    Failure: 192000098578407187921566301909771202768 : http://localhost:1800/subscribe?product=self-hosted -> net::ERR_NAME_RESOLUTION_FAILED
2022-05-25 20:07:18 ERROR    Failure: 94097134937905879805143453101758338884 : http://localhost:1800/subscribe?product=self-hosted -> Failed to load resource: net::ERR_NAME_RESOLUTION_FAILED
2022-05-25 20:07:18 ERROR    Failure: 192000098578407187921566301909771202768 : http://localhost:1800/subscribe?product=self-hosted -> net::ERR_NAME_RESOLUTION_FAILED
2022-05-25 20:07:18 ERROR    Failure: 94097134937905879805143453101758338884 : http://localhost:1800/subscribe?product=self-hosted -> Failed to load resource: net::ERR_NAME_RESOLUTION_FAILED
2022-05-25 20:07:18 ERROR    Failure: 192000098578407187921566301909771202768 : http://localhost:1800/subscribe?product=self-hosted -> net::ERR_NAME_RESOLUTION_FAILED
2022-05-25 20:07:18 ERROR    Failure: 94097134937905879805143453101758338884 : http://localhost:1800/subscribe?product=self-hosted -> Failed to load resource: net::ERR_NAME_RESOLUTION_FAILED
2022-05-25 20:07:18 ERROR    Failure: 192000098578407187921566301909771202768 : http://localhost:1800/subscribe?product=self-hosted -> net::ERR_NAME_RESOLUTION_FAILED
2022-05-25 20:07:18 ERROR    Failure: 94097134937905879805143453101758338884 : http://localhost:1800/subscribe?product=self-hosted -> Failed to load resource: net::ERR_NAME_RESOLUTION_FAILED
2022-05-25 20:07:18 ERROR    Failure: 192000098578407187921566301909771202768 : http://localhost:1800/subscribe?product=self-hosted -> net::ERR_NAME_RESOLUTION_FAILED
2022-05-25 20:07:18 ERROR    Failure: 94097134937905879805143453101758338884 : http://localhost:1800/subscribe?product=self-hosted -> Failed to load resource: net::ERR_NAME_RESOLUTION_FAILED
2022-05-25 20:07:18 ERROR    Failure: 79839802101734943688249486384801588623 : http://localhost:1800/subscribe?product=self-hosted -> Failed to load resource: the server responded with a status of 401 (Unauthorized)
2022-05-25 20:07:18 ERROR    Failure: 192000098578407187921566301909771202768 : http://localhost:1800/subscribe?product=self-hosted -> net::ERR_NAME_RESOLUTION_FAILED
2022-05-25 20:07:18 ERROR    Failure: 94097134937905879805143453101758338884 : http://localhost:1800/subscribe?product=self-hosted -> Failed to load resource: net::ERR_NAME_RESOLUTION_FAILED
2022-05-25 20:07:18 ERROR    Failure: 233681242693567643314746531081609967369 : http://localhost:1800/subscribe?product=self-hosted -> status code(401) -> Not logged in
2022-05-25 20:07:23 ERROR    Failure: 192000098578407187921566301909771202768 : http://localhost:1800/ -> net::ERR_NAME_RESOLUTION_FAILED
2022-05-25 20:07:23 ERROR    Failure: 94097134937905879805143453101758338884 : http://localhost:1800/ -> Failed to load resource: net::ERR_NAME_RESOLUTION_FAILED
2022-05-25 20:07:23 ERROR    Failure: 192000098578407187921566301909771202768 : http://localhost:1800/ -> net::ERR_NAME_RESOLUTION_FAILED
2022-05-25 20:07:23 ERROR    Failure: 94097134937905879805143453101758338884 : http://localhost:1800/ -> Failed to load resource: net::ERR_NAME_RESOLUTION_FAILED
2022-05-25 20:07:23 ERROR    Failure: 192000098578407187921566301909771202768 : http://localhost:1800/ -> net::ERR_NAME_RESOLUTION_FAILED
2022-05-25 20:07:23 ERROR    Failure: 94097134937905879805143453101758338884 : http://localhost:1800/ -> Failed to load resource: net::ERR_NAME_RESOLUTION_FAILED
2022-05-25 20:07:23 ERROR    Failure: 192000098578407187921566301909771202768 : http://localhost:1800/ -> net::ERR_NAME_RESOLUTION_FAILED
2022-05-25 20:07:23 ERROR    Failure: 94097134937905879805143453101758338884 : http://localhost:1800/ -> Failed to load resource: net::ERR_NAME_RESOLUTION_FAILED
2022-05-25 20:07:23 ERROR    Failure: 192000098578407187921566301909771202768 : http://localhost:1800/ -> net::ERR_NAME_RESOLUTION_FAILED
2022-05-25 20:07:23 ERROR    Failure: 94097134937905879805143453101758338884 : http://localhost:1800/ -> Failed to load resource: net::ERR_NAME_RESOLUTION_FAILED
2022-05-25 20:07:23 ERROR    Failure: 192000098578407187921566301909771202768 : http://localhost:1800/ -> net::ERR_NAME_RESOLUTION_FAILED
2022-05-25 20:07:23 ERROR    Failure: 94097134937905879805143453101758338884 : http://localhost:1800/ -> Failed to load resource: net::ERR_NAME_RESOLUTION_FAILED
2022-05-25 20:07:24 ERROR    Failure: 79839802101734943688249486384801588623 : http://localhost:1800/ -> Failed to load resource: the server responded with a status of 401 (Unauthorized)
2022-05-25 20:07:24 ERROR    Failure: 233681242693567643314746531081609967369 : http://localhost:1800/ -> status code(401) -> Not logged in
2022-05-25 20:07:35 ERROR    Failure: 192000098578407187921566301909771202768 : http://localhost:1800/subscribe?product=self-hosted -> net::ERR_NAME_RESOLUTION_FAILED
2022-05-25 20:07:35 ERROR    Failure: 94097134937905879805143453101758338884 : http://localhost:1800/subscribe?product=self-hosted -> Failed to load resource: net::ERR_NAME_RESOLUTION_FAILED
2022-05-25 20:07:35 ERROR    Failure: 192000098578407187921566301909771202768 : http://localhost:1800/subscribe?product=self-hosted -> net::ERR_NAME_RESOLUTION_FAILED
2022-05-25 20:07:35 ERROR    Failure: 94097134937905879805143453101758338884 : http://localhost:1800/subscribe?product=self-hosted -> Failed to load resource: net::ERR_NAME_RESOLUTION_FAILED
2022-05-25 20:07:35 ERROR    Failure: 192000098578407187921566301909771202768 : http://localhost:1800/subscribe?product=self-hosted -> net::ERR_NAME_RESOLUTION_FAILED
2022-05-25 20:07:35 ERROR    Failure: 94097134937905879805143453101758338884 : http://localhost:1800/subscribe?product=self-hosted -> Failed to load resource: net::ERR_NAME_RESOLUTION_FAILED
2022-05-25 20:07:35 ERROR    Failure: 192000098578407187921566301909771202768 : http://localhost:1800/subscribe?product=self-hosted -> net::ERR_NAME_RESOLUTION_FAILED
2022-05-25 20:07:35 ERROR    Failure: 94097134937905879805143453101758338884 : http://localhost:1800/subscribe?product=self-hosted -> Failed to load resource: net::ERR_NAME_RESOLUTION_FAILED
2022-05-25 20:07:35 ERROR    Failure: 192000098578407187921566301909771202768 : http://localhost:1800/subscribe?product=self-hosted -> net::ERR_NAME_RESOLUTION_FAILED
2022-05-25 20:07:35 ERROR    Failure: 94097134937905879805143453101758338884 : http://localhost:1800/subscribe?product=self-hosted -> Failed to load resource: net::ERR_NAME_RESOLUTION_FAILED
2022-05-25 20:07:35 ERROR    Failure: 192000098578407187921566301909771202768 : http://localhost:1800/subscribe?product=self-hosted -> net::ERR_NAME_RESOLUTION_FAILED
2022-05-25 20:07:35 ERROR    Failure: 94097134937905879805143453101758338884 : http://localhost:1800/subscribe?product=self-hosted -> Failed to load resource: net::ERR_NAME_RESOLUTION_FAILED
2022-05-25 20:07:35 ERROR    Failure: 79839802101734943688249486384801588623 : http://localhost:1800/subscribe?product=self-hosted -> Failed to load resource: the server responded with a status of 401 (Unauthorized)
2022-05-25 20:07:35 ERROR    Failure: 233681242693567643314746531081609967369 : http://localhost:1800/subscribe?product=self-hosted -> status code(401) -> Not logged in
2022-05-25 20:07:35 ERROR    Failure: 192000098578407187921566301909771202768 : http://localhost:1800/subscribe?product=self-hosted -> net::ERR_NAME_RESOLUTION_FAILED
2022-05-25 20:07:35 ERROR    Failure: 94097134937905879805143453101758338884 : http://localhost:1800/subscribe?product=self-hosted -> Failed to load resource: net::ERR_NAME_RESOLUTION_FAILED
2022-05-25 20:07:38 ERROR    Failure: 192000098578407187921566301909771202768 : http://localhost:1800/ -> net::ERR_NAME_RESOLUTION_FAILED
2022-05-25 20:07:38 ERROR    Failure: 94097134937905879805143453101758338884 : http://localhost:1800/ -> Failed to load resource: net::ERR_NAME_RESOLUTION_FAILED
2022-05-25 20:07:38 ERROR    Failure: 192000098578407187921566301909771202768 : http://localhost:1800/ -> net::ERR_NAME_RESOLUTION_FAILED
2022-05-25 20:07:38 ERROR    Failure: 94097134937905879805143453101758338884 : http://localhost:1800/ -> Failed to load resource: net::ERR_NAME_RESOLUTION_FAILED
2022-05-25 20:07:39 ERROR    Failure: 192000098578407187921566301909771202768 : http://localhost:1800/ -> net::ERR_NAME_RESOLUTION_FAILED
2022-05-25 20:07:39 ERROR    Failure: 94097134937905879805143453101758338884 : http://localhost:1800/ -> Failed to load resource: net::ERR_NAME_RESOLUTION_FAILED
2022-05-25 20:07:39 ERROR    Failure: 192000098578407187921566301909771202768 : http://localhost:1800/ -> net::ERR_NAME_RESOLUTION_FAILED
2022-05-25 20:07:39 ERROR    Failure: 94097134937905879805143453101758338884 : http://localhost:1800/ -> Failed to load resource: net::ERR_NAME_RESOLUTION_FAILED
2022-05-25 20:07:39 ERROR    Failure: 192000098578407187921566301909771202768 : http://localhost:1800/ -> net::ERR_NAME_RESOLUTION_FAILED
2022-05-25 20:07:39 ERROR    Failure: 94097134937905879805143453101758338884 : http://localhost:1800/ -> Failed to load resource: net::ERR_NAME_RESOLUTION_FAILED
2022-05-25 20:07:39 ERROR    Failure: 192000098578407187921566301909771202768 : http://localhost:1800/ -> net::ERR_NAME_RESOLUTION_FAILED
2022-05-25 20:07:39 ERROR    Failure: 94097134937905879805143453101758338884 : http://localhost:1800/ -> Failed to load resource: net::ERR_NAME_RESOLUTION_FAILED
2022-05-25 20:07:39 ERROR    Failure: 79839802101734943688249486384801588623 : http://localhost:1800/ -> Failed to load resource: the server responded with a status of 401 (Unauthorized)
2022-05-25 20:07:39 ERROR    Failure: 233681242693567643314746531081609967369 : http://localhost:1800/ -> status code(401) -> Not logged in
2022-05-25 20:07:50 ERROR    Failure: 192000098578407187921566301909771202768 : http://localhost:1800/subscribe?product=self-hosted -> net::ERR_NAME_RESOLUTION_FAILED
2022-05-25 20:07:50 ERROR    Failure: 94097134937905879805143453101758338884 : http://localhost:1800/subscribe?product=self-hosted -> Failed to load resource: net::ERR_NAME_RESOLUTION_FAILED
2022-05-25 20:07:50 ERROR    Failure: 192000098578407187921566301909771202768 : http://localhost:1800/subscribe?product=self-hosted -> net::ERR_NAME_RESOLUTION_FAILED
2022-05-25 20:07:50 ERROR    Failure: 94097134937905879805143453101758338884 : http://localhost:1800/subscribe?product=self-hosted -> Failed to load resource: net::ERR_NAME_RESOLUTION_FAILED
2022-05-25 20:07:50 ERROR    Failure: 192000098578407187921566301909771202768 : http://localhost:1800/subscribe?product=self-hosted -> net::ERR_NAME_RESOLUTION_FAILED
2022-05-25 20:07:50 ERROR    Failure: 94097134937905879805143453101758338884 : http://localhost:1800/subscribe?product=self-hosted -> Failed to load resource: net::ERR_NAME_RESOLUTION_FAILED
2022-05-25 20:07:50 ERROR    Failure: 192000098578407187921566301909771202768 : http://localhost:1800/subscribe?product=self-hosted -> net::ERR_NAME_RESOLUTION_FAILED
2022-05-25 20:07:50 ERROR    Failure: 94097134937905879805143453101758338884 : http://localhost:1800/subscribe?product=self-hosted -> Failed to load resource: net::ERR_NAME_RESOLUTION_FAILED
2022-05-25 20:07:50 ERROR    Failure: 192000098578407187921566301909771202768 : http://localhost:1800/subscribe?product=self-hosted -> net::ERR_NAME_RESOLUTION_FAILED
2022-05-25 20:07:50 ERROR    Failure: 94097134937905879805143453101758338884 : http://localhost:1800/subscribe?product=self-hosted -> Failed to load resource: net::ERR_NAME_RESOLUTION_FAILED
2022-05-25 20:07:50 ERROR    Failure: 192000098578407187921566301909771202768 : http://localhost:1800/subscribe?product=self-hosted -> net::ERR_NAME_RESOLUTION_FAILED
2022-05-25 20:07:50 ERROR    Failure: 94097134937905879805143453101758338884 : http://localhost:1800/subscribe?product=self-hosted -> Failed to load resource: net::ERR_NAME_RESOLUTION_FAILED
2022-05-25 20:07:50 ERROR    Failure: 79839802101734943688249486384801588623 : http://localhost:1800/subscribe?product=self-hosted -> Failed to load resource: the server responded with a status of 401 (Unauthorized)
2022-05-25 20:07:51 ERROR    Failure: 233681242693567643314746531081609967369 : http://localhost:1800/subscribe?product=self-hosted -> status code(401) -> Not logged in
2022-05-25 20:07:51 ERROR    Failure: 192000098578407187921566301909771202768 : http://localhost:1800/subscribe?product=self-hosted -> net::ERR_NAME_RESOLUTION_FAILED
2022-05-25 20:07:51 ERROR    Failure: 94097134937905879805143453101758338884 : http://localhost:1800/subscribe?product=self-hosted -> Failed to load resource: net::ERR_NAME_RESOLUTION_FAILED
2022-05-25 20:07:51 ERROR    Failure: 262513326802567628094931167029883077585 : http://localhost:1800/ -> net::ERR_ABORTED
2022-05-25 20:07:51 ERROR    Failure: 192000098578407187921566301909771202768 : http://localhost:1800/subscribe?product=unlimited -> net::ERR_NAME_RESOLUTION_FAILED
2022-05-25 20:07:51 ERROR    Failure: 94097134937905879805143453101758338884 : http://localhost:1800/subscribe?product=unlimited -> Failed to load resource: net::ERR_NAME_RESOLUTION_FAILED
2022-05-25 20:07:51 ERROR    Failure: 192000098578407187921566301909771202768 : http://localhost:1800/subscribe?product=unlimited -> net::ERR_NAME_RESOLUTION_FAILED
2022-05-25 20:07:51 ERROR    Failure: 94097134937905879805143453101758338884 : http://localhost:1800/subscribe?product=unlimited -> Failed to load resource: net::ERR_NAME_RESOLUTION_FAILED
2022-05-25 20:07:51 ERROR    Failure: 192000098578407187921566301909771202768 : http://localhost:1800/subscribe?product=unlimited -> net::ERR_NAME_RESOLUTION_FAILED
2022-05-25 20:07:51 ERROR    Failure: 94097134937905879805143453101758338884 : http://localhost:1800/subscribe?product=unlimited -> Failed to load resource: net::ERR_NAME_RESOLUTION_FAILED
2022-05-25 20:07:51 ERROR    Failure: 192000098578407187921566301909771202768 : http://localhost:1800/subscribe?product=unlimited -> net::ERR_NAME_RESOLUTION_FAILED
2022-05-25 20:07:51 ERROR    Failure: 94097134937905879805143453101758338884 : http://localhost:1800/subscribe?product=unlimited -> Failed to load resource: net::ERR_NAME_RESOLUTION_FAILED
2022-05-25 20:07:51 ERROR    Failure: 192000098578407187921566301909771202768 : http://localhost:1800/subscribe?product=unlimited -> net::ERR_NAME_RESOLUTION_FAILED
2022-05-25 20:07:51 ERROR    Failure: 94097134937905879805143453101758338884 : http://localhost:1800/subscribe?product=unlimited -> Failed to load resource: net::ERR_NAME_RESOLUTION_FAILED
2022-05-25 20:07:51 ERROR    Failure: 192000098578407187921566301909771202768 : http://localhost:1800/subscribe?product=unlimited -> net::ERR_NAME_RESOLUTION_FAILED
2022-05-25 20:07:51 ERROR    Failure: 94097134937905879805143453101758338884 : http://localhost:1800/subscribe?product=unlimited -> Failed to load resource: net::ERR_NAME_RESOLUTION_FAILED
2022-05-25 20:07:52 ERROR    Failure: 79839802101734943688249486384801588623 : http://localhost:1800/subscribe?product=unlimited -> Failed to load resource: the server responded with a status of 401 (Unauthorized)
2022-05-25 20:07:52 ERROR    Failure: 192000098578407187921566301909771202768 : http://localhost:1800/subscribe?product=unlimited -> net::ERR_NAME_RESOLUTION_FAILED
2022-05-25 20:07:52 ERROR    Failure: 94097134937905879805143453101758338884 : http://localhost:1800/subscribe?product=unlimited -> Failed to load resource: net::ERR_NAME_RESOLUTION_FAILED
2022-05-25 20:07:52 ERROR    Failure: 233681242693567643314746531081609967369 : http://localhost:1800/subscribe?product=unlimited -> status code(401) -> Not logged in
2022-05-25 20:07:57 ERROR    Failure: 192000098578407187921566301909771202768 : http://localhost:1800/ -> net::ERR_NAME_RESOLUTION_FAILED
2022-05-25 20:07:57 ERROR    Failure: 94097134937905879805143453101758338884 : http://localhost:1800/ -> Failed to load resource: net::ERR_NAME_RESOLUTION_FAILED
2022-05-25 20:07:57 ERROR    Failure: 192000098578407187921566301909771202768 : http://localhost:1800/ -> net::ERR_NAME_RESOLUTION_FAILED
2022-05-25 20:07:57 ERROR    Failure: 94097134937905879805143453101758338884 : http://localhost:1800/ -> Failed to load resource: net::ERR_NAME_RESOLUTION_FAILED
2022-05-25 20:07:57 ERROR    Failure: 192000098578407187921566301909771202768 : http://localhost:1800/ -> net::ERR_NAME_RESOLUTION_FAILED
2022-05-25 20:07:57 ERROR    Failure: 94097134937905879805143453101758338884 : http://localhost:1800/ -> Failed to load resource: net::ERR_NAME_RESOLUTION_FAILED
2022-05-25 20:07:57 ERROR    Failure: 192000098578407187921566301909771202768 : http://localhost:1800/ -> net::ERR_NAME_RESOLUTION_FAILED
2022-05-25 20:07:57 ERROR    Failure: 94097134937905879805143453101758338884 : http://localhost:1800/ -> Failed to load resource: net::ERR_NAME_RESOLUTION_FAILED
2022-05-25 20:07:57 ERROR    Failure: 192000098578407187921566301909771202768 : http://localhost:1800/ -> net::ERR_NAME_RESOLUTION_FAILED
2022-05-25 20:07:57 ERROR    Failure: 94097134937905879805143453101758338884 : http://localhost:1800/ -> Failed to load resource: net::ERR_NAME_RESOLUTION_FAILED
2022-05-25 20:07:57 ERROR    Failure: 192000098578407187921566301909771202768 : http://localhost:1800/ -> net::ERR_NAME_RESOLUTION_FAILED
2022-05-25 20:07:57 ERROR    Failure: 94097134937905879805143453101758338884 : http://localhost:1800/ -> Failed to load resource: net::ERR_NAME_RESOLUTION_FAILED
2022-05-25 20:07:57 ERROR    Failure: 79839802101734943688249486384801588623 : http://localhost:1800/ -> Failed to load resource: the server responded with a status of 401 (Unauthorized)
2022-05-25 20:07:57 ERROR    Failure: 233681242693567643314746531081609967369 : http://localhost:1800/ -> status code(401) -> Not logged in
2022-05-25 20:08:08 ERROR    Failure: 192000098578407187921566301909771202768 : http://localhost:1800/subscribe?product=self-hosted -> net::ERR_NAME_RESOLUTION_FAILED
2022-05-25 20:08:08 ERROR    Failure: 94097134937905879805143453101758338884 : http://localhost:1800/subscribe?product=self-hosted -> Failed to load resource: net::ERR_NAME_RESOLUTION_FAILED
2022-05-25 20:08:08 ERROR    Failure: 192000098578407187921566301909771202768 : http://localhost:1800/subscribe?product=self-hosted -> net::ERR_NAME_RESOLUTION_FAILED
2022-05-25 20:08:08 ERROR    Failure: 94097134937905879805143453101758338884 : http://localhost:1800/subscribe?product=self-hosted -> Failed to load resource: net::ERR_NAME_RESOLUTION_FAILED
2022-05-25 20:08:08 ERROR    Failure: 192000098578407187921566301909771202768 : http://localhost:1800/subscribe?product=self-hosted -> net::ERR_NAME_RESOLUTION_FAILED
2022-05-25 20:08:08 ERROR    Failure: 94097134937905879805143453101758338884 : http://localhost:1800/subscribe?product=self-hosted -> Failed to load resource: net::ERR_NAME_RESOLUTION_FAILED
2022-05-25 20:08:08 ERROR    Failure: 192000098578407187921566301909771202768 : http://localhost:1800/subscribe?product=self-hosted -> net::ERR_NAME_RESOLUTION_FAILED
2022-05-25 20:08:08 ERROR    Failure: 94097134937905879805143453101758338884 : http://localhost:1800/subscribe?product=self-hosted -> Failed to load resource: net::ERR_NAME_RESOLUTION_FAILED
2022-05-25 20:08:08 ERROR    Failure: 192000098578407187921566301909771202768 : http://localhost:1800/subscribe?product=self-hosted -> net::ERR_NAME_RESOLUTION_FAILED
2022-05-25 20:08:08 ERROR    Failure: 94097134937905879805143453101758338884 : http://localhost:1800/subscribe?product=self-hosted -> Failed to load resource: net::ERR_NAME_RESOLUTION_FAILED
2022-05-25 20:08:08 ERROR    Failure: 192000098578407187921566301909771202768 : http://localhost:1800/subscribe?product=self-hosted -> net::ERR_NAME_RESOLUTION_FAILED
2022-05-25 20:08:08 ERROR    Failure: 94097134937905879805143453101758338884 : http://localhost:1800/subscribe?product=self-hosted -> Failed to load resource: net::ERR_NAME_RESOLUTION_FAILED
2022-05-25 20:08:09 ERROR    Failure: 79839802101734943688249486384801588623 : http://localhost:1800/subscribe?product=self-hosted -> Failed to load resource: the server responded with a status of 401 (Unauthorized)
2022-05-25 20:08:09 ERROR    Failure: 233681242693567643314746531081609967369 : http://localhost:1800/subscribe?product=self-hosted -> status code(401) -> Not logged in
2022-05-25 20:08:09 ERROR    Failure: 192000098578407187921566301909771202768 : http://localhost:1800/subscribe?product=self-hosted -> net::ERR_NAME_RESOLUTION_FAILED
2022-05-25 20:08:09 ERROR    Failure: 94097134937905879805143453101758338884 : http://localhost:1800/subscribe?product=self-hosted -> Failed to load resource: net::ERR_NAME_RESOLUTION_FAILED
2022-05-25 20:08:13 ERROR    Failure: 192000098578407187921566301909771202768 : http://localhost:1800/ -> net::ERR_NAME_RESOLUTION_FAILED
2022-05-25 20:08:13 ERROR    Failure: 94097134937905879805143453101758338884 : http://localhost:1800/ -> Failed to load resource: net::ERR_NAME_RESOLUTION_FAILED
2022-05-25 20:08:13 ERROR    Failure: 192000098578407187921566301909771202768 : http://localhost:1800/ -> net::ERR_NAME_RESOLUTION_FAILED
2022-05-25 20:08:13 ERROR    Failure: 94097134937905879805143453101758338884 : http://localhost:1800/ -> Failed to load resource: net::ERR_NAME_RESOLUTION_FAILED
2022-05-25 20:08:13 ERROR    Failure: 192000098578407187921566301909771202768 : http://localhost:1800/ -> net::ERR_NAME_RESOLUTION_FAILED
2022-05-25 20:08:13 ERROR    Failure: 94097134937905879805143453101758338884 : http://localhost:1800/ -> Failed to load resource: net::ERR_NAME_RESOLUTION_FAILED
2022-05-25 20:08:13 ERROR    Failure: 192000098578407187921566301909771202768 : http://localhost:1800/ -> net::ERR_NAME_RESOLUTION_FAILED
2022-05-25 20:08:13 ERROR    Failure: 94097134937905879805143453101758338884 : http://localhost:1800/ -> Failed to load resource: net::ERR_NAME_RESOLUTION_FAILED
2022-05-25 20:08:13 ERROR    Failure: 192000098578407187921566301909771202768 : http://localhost:1800/ -> net::ERR_NAME_RESOLUTION_FAILED
2022-05-25 20:08:13 ERROR    Failure: 94097134937905879805143453101758338884 : http://localhost:1800/ -> Failed to load resource: net::ERR_NAME_RESOLUTION_FAILED
2022-05-25 20:08:13 ERROR    Failure: 192000098578407187921566301909771202768 : http://localhost:1800/ -> net::ERR_NAME_RESOLUTION_FAILED
2022-05-25 20:08:13 ERROR    Failure: 94097134937905879805143453101758338884 : http://localhost:1800/ -> Failed to load resource: net::ERR_NAME_RESOLUTION_FAILED
2022-05-25 20:08:14 ERROR    Failure: 79839802101734943688249486384801588623 : http://localhost:1800/ -> Failed to load resource: the server responded with a status of 401 (Unauthorized)
2022-05-25 20:08:14 ERROR    Failure: 233681242693567643314746531081609967369 : http://localhost:1800/ -> status code(401) -> Not logged in
2022-05-25 20:08:23 ERROR    Failure: 192000098578407187921566301909771202768 : http://localhost:1800/subscribe?product=unlimited -> net::ERR_NAME_RESOLUTION_FAILED
2022-05-25 20:08:23 ERROR    Failure: 94097134937905879805143453101758338884 : http://localhost:1800/subscribe?product=unlimited -> Failed to load resource: net::ERR_NAME_RESOLUTION_FAILED
2022-05-25 20:08:23 ERROR    Failure: 192000098578407187921566301909771202768 : http://localhost:1800/subscribe?product=unlimited -> net::ERR_NAME_RESOLUTION_FAILED
2022-05-25 20:08:23 ERROR    Failure: 94097134937905879805143453101758338884 : http://localhost:1800/subscribe?product=unlimited -> Failed to load resource: net::ERR_NAME_RESOLUTION_FAILED
2022-05-25 20:08:23 ERROR    Failure: 192000098578407187921566301909771202768 : http://localhost:1800/subscribe?product=unlimited -> net::ERR_NAME_RESOLUTION_FAILED
2022-05-25 20:08:23 ERROR    Failure: 94097134937905879805143453101758338884 : http://localhost:1800/subscribe?product=unlimited -> Failed to load resource: net::ERR_NAME_RESOLUTION_FAILED
2022-05-25 20:08:23 ERROR    Failure: 192000098578407187921566301909771202768 : http://localhost:1800/subscribe?product=unlimited -> net::ERR_NAME_RESOLUTION_FAILED
2022-05-25 20:08:23 ERROR    Failure: 94097134937905879805143453101758338884 : http://localhost:1800/subscribe?product=unlimited -> Failed to load resource: net::ERR_NAME_RESOLUTION_FAILED
2022-05-25 20:08:23 ERROR    Failure: 192000098578407187921566301909771202768 : http://localhost:1800/subscribe?product=unlimited -> net::ERR_NAME_RESOLUTION_FAILED
2022-05-25 20:08:23 ERROR    Failure: 94097134937905879805143453101758338884 : http://localhost:1800/subscribe?product=unlimited -> Failed to load resource: net::ERR_NAME_RESOLUTION_FAILED
2022-05-25 20:08:23 ERROR    Failure: 192000098578407187921566301909771202768 : http://localhost:1800/subscribe?product=unlimited -> net::ERR_NAME_RESOLUTION_FAILED
2022-05-25 20:08:23 ERROR    Failure: 94097134937905879805143453101758338884 : http://localhost:1800/subscribe?product=unlimited -> Failed to load resource: net::ERR_NAME_RESOLUTION_FAILED
2022-05-25 20:08:24 ERROR    Failure: 79839802101734943688249486384801588623 : http://localhost:1800/subscribe?product=unlimited -> Failed to load resource: the server responded with a status of 401 (Unauthorized)
2022-05-25 20:08:24 ERROR    Failure: 192000098578407187921566301909771202768 : http://localhost:1800/subscribe?product=unlimited -> net::ERR_NAME_RESOLUTION_FAILED
2022-05-25 20:08:24 ERROR    Failure: 94097134937905879805143453101758338884 : http://localhost:1800/subscribe?product=unlimited -> Failed to load resource: net::ERR_NAME_RESOLUTION_FAILED
2022-05-25 20:08:24 ERROR    Failure: 233681242693567643314746531081609967369 : http://localhost:1800/subscribe?product=unlimited -> status code(401) -> Not logged in
2022-05-25 20:08:26 ERROR    Failure: 262513326802567628094931167029883077585 : http://localhost:1800/ -> net::ERR_ABORTED
2022-05-25 20:08:26 ERROR    Failure: 192000098578407187921566301909771202768 : http://localhost:1800/subscribe?product=self-hosted -> net::ERR_NAME_RESOLUTION_FAILED
2022-05-25 20:08:26 ERROR    Failure: 94097134937905879805143453101758338884 : http://localhost:1800/subscribe?product=self-hosted -> Failed to load resource: net::ERR_NAME_RESOLUTION_FAILED
2022-05-25 20:08:26 ERROR    Failure: 192000098578407187921566301909771202768 : http://localhost:1800/subscribe?product=self-hosted -> net::ERR_NAME_RESOLUTION_FAILED
2022-05-25 20:08:26 ERROR    Failure: 94097134937905879805143453101758338884 : http://localhost:1800/subscribe?product=self-hosted -> Failed to load resource: net::ERR_NAME_RESOLUTION_FAILED
2022-05-25 20:08:26 ERROR    Failure: 192000098578407187921566301909771202768 : http://localhost:1800/subscribe?product=self-hosted -> net::ERR_NAME_RESOLUTION_FAILED
2022-05-25 20:08:26 ERROR    Failure: 94097134937905879805143453101758338884 : http://localhost:1800/subscribe?product=self-hosted -> Failed to load resource: net::ERR_NAME_RESOLUTION_FAILED
2022-05-25 20:08:26 ERROR    Failure: 192000098578407187921566301909771202768 : http://localhost:1800/subscribe?product=self-hosted -> net::ERR_NAME_RESOLUTION_FAILED
2022-05-25 20:08:26 ERROR    Failure: 94097134937905879805143453101758338884 : http://localhost:1800/subscribe?product=self-hosted -> Failed to load resource: net::ERR_NAME_RESOLUTION_FAILED
2022-05-25 20:08:26 ERROR    Failure: 192000098578407187921566301909771202768 : http://localhost:1800/subscribe?product=self-hosted -> net::ERR_NAME_RESOLUTION_FAILED
2022-05-25 20:08:26 ERROR    Failure: 94097134937905879805143453101758338884 : http://localhost:1800/subscribe?product=self-hosted -> Failed to load resource: net::ERR_NAME_RESOLUTION_FAILED
2022-05-25 20:08:26 ERROR    Failure: 192000098578407187921566301909771202768 : http://localhost:1800/subscribe?product=self-hosted -> net::ERR_NAME_RESOLUTION_FAILED
2022-05-25 20:08:26 ERROR    Failure: 94097134937905879805143453101758338884 : http://localhost:1800/subscribe?product=self-hosted -> Failed to load resource: net::ERR_NAME_RESOLUTION_FAILED
2022-05-25 20:08:27 ERROR    Failure: 79839802101734943688249486384801588623 : http://localhost:1800/subscribe?product=self-hosted -> Failed to load resource: the server responded with a status of 401 (Unauthorized)
2022-05-25 20:08:27 ERROR    Failure: 233681242693567643314746531081609967369 : http://localhost:1800/subscribe?product=self-hosted -> status code(401) -> Not logged in
2022-05-25 20:08:27 ERROR    Failure: 192000098578407187921566301909771202768 : http://localhost:1800/subscribe?product=self-hosted -> net::ERR_NAME_RESOLUTION_FAILED
2022-05-25 20:08:27 ERROR    Failure: 94097134937905879805143453101758338884 : http://localhost:1800/subscribe?product=self-hosted -> Failed to load resource: net::ERR_NAME_RESOLUTION_FAILED
2022-05-25 20:08:28 ERROR    Failure: 192000098578407187921566301909771202768 : http://localhost:1800/ -> net::ERR_NAME_RESOLUTION_FAILED
2022-05-25 20:08:28 ERROR    Failure: 94097134937905879805143453101758338884 : http://localhost:1800/ -> Failed to load resource: net::ERR_NAME_RESOLUTION_FAILED
2022-05-25 20:08:28 ERROR    Failure: 192000098578407187921566301909771202768 : http://localhost:1800/ -> net::ERR_NAME_RESOLUTION_FAILED
2022-05-25 20:08:28 ERROR    Failure: 94097134937905879805143453101758338884 : http://localhost:1800/ -> Failed to load resource: net::ERR_NAME_RESOLUTION_FAILED
2022-05-25 20:08:28 ERROR    Failure: 192000098578407187921566301909771202768 : http://localhost:1800/ -> net::ERR_NAME_RESOLUTION_FAILED
2022-05-25 20:08:28 ERROR    Failure: 94097134937905879805143453101758338884 : http://localhost:1800/ -> Failed to load resource: net::ERR_NAME_RESOLUTION_FAILED
2022-05-25 20:08:28 ERROR    Failure: 192000098578407187921566301909771202768 : http://localhost:1800/ -> net::ERR_NAME_RESOLUTION_FAILED
2022-05-25 20:08:28 ERROR    Failure: 94097134937905879805143453101758338884 : http://localhost:1800/ -> Failed to load resource: net::ERR_NAME_RESOLUTION_FAILED
2022-05-25 20:08:28 ERROR    Failure: 192000098578407187921566301909771202768 : http://localhost:1800/ -> net::ERR_NAME_RESOLUTION_FAILED
2022-05-25 20:08:28 ERROR    Failure: 94097134937905879805143453101758338884 : http://localhost:1800/ -> Failed to load resource: net::ERR_NAME_RESOLUTION_FAILED
2022-05-25 20:08:28 ERROR    Failure: 192000098578407187921566301909771202768 : http://localhost:1800/ -> net::ERR_NAME_RESOLUTION_FAILED
2022-05-25 20:08:28 ERROR    Failure: 94097134937905879805143453101758338884 : http://localhost:1800/ -> Failed to load resource: net::ERR_NAME_RESOLUTION_FAILED
2022-05-25 20:08:28 ERROR    Failure: 79839802101734943688249486384801588623 : http://localhost:1800/ -> Failed to load resource: the server responded with a status of 401 (Unauthorized)
2022-05-25 20:08:28 ERROR    Failure: 233681242693567643314746531081609967369 : http://localhost:1800/ -> status code(401) -> Not logged in
2022-05-25 20:08:39 ERROR    Failure: 192000098578407187921566301909771202768 : http://localhost:1800/subscribe?product=self-hosted -> net::ERR_NAME_RESOLUTION_FAILED
2022-05-25 20:08:39 ERROR    Failure: 94097134937905879805143453101758338884 : http://localhost:1800/subscribe?product=self-hosted -> Failed to load resource: net::ERR_NAME_RESOLUTION_FAILED
2022-05-25 20:08:39 ERROR    Failure: 192000098578407187921566301909771202768 : http://localhost:1800/subscribe?product=self-hosted -> net::ERR_NAME_RESOLUTION_FAILED
2022-05-25 20:08:39 ERROR    Failure: 94097134937905879805143453101758338884 : http://localhost:1800/subscribe?product=self-hosted -> Failed to load resource: net::ERR_NAME_RESOLUTION_FAILED
2022-05-25 20:08:39 ERROR    Failure: 192000098578407187921566301909771202768 : http://localhost:1800/subscribe?product=self-hosted -> net::ERR_NAME_RESOLUTION_FAILED
2022-05-25 20:08:39 ERROR    Failure: 94097134937905879805143453101758338884 : http://localhost:1800/subscribe?product=self-hosted -> Failed to load resource: net::ERR_NAME_RESOLUTION_FAILED
2022-05-25 20:08:39 ERROR    Failure: 192000098578407187921566301909771202768 : http://localhost:1800/subscribe?product=self-hosted -> net::ERR_NAME_RESOLUTION_FAILED
2022-05-25 20:08:39 ERROR    Failure: 94097134937905879805143453101758338884 : http://localhost:1800/subscribe?product=self-hosted -> Failed to load resource: net::ERR_NAME_RESOLUTION_FAILED
2022-05-25 20:08:39 ERROR    Failure: 192000098578407187921566301909771202768 : http://localhost:1800/subscribe?product=self-hosted -> net::ERR_NAME_RESOLUTION_FAILED
2022-05-25 20:08:39 ERROR    Failure: 94097134937905879805143453101758338884 : http://localhost:1800/subscribe?product=self-hosted -> Failed to load resource: net::ERR_NAME_RESOLUTION_FAILED
2022-05-25 20:08:39 ERROR    Failure: 192000098578407187921566301909771202768 : http://localhost:1800/subscribe?product=self-hosted -> net::ERR_NAME_RESOLUTION_FAILED
2022-05-25 20:08:39 ERROR    Failure: 94097134937905879805143453101758338884 : http://localhost:1800/subscribe?product=self-hosted -> Failed to load resource: net::ERR_NAME_RESOLUTION_FAILED
2022-05-25 20:08:40 ERROR    Failure: 79839802101734943688249486384801588623 : http://localhost:1800/subscribe?product=self-hosted -> Failed to load resource: the server responded with a status of 401 (Unauthorized)
2022-05-25 20:08:40 ERROR    Failure: 192000098578407187921566301909771202768 : http://localhost:1800/subscribe?product=self-hosted -> net::ERR_NAME_RESOLUTION_FAILED
2022-05-25 20:08:40 ERROR    Failure: 94097134937905879805143453101758338884 : http://localhost:1800/subscribe?product=self-hosted -> Failed to load resource: net::ERR_NAME_RESOLUTION_FAILED
2022-05-25 20:08:40 ERROR    Failure: 233681242693567643314746531081609967369 : http://localhost:1800/subscribe?product=self-hosted -> status code(401) -> Not logged in
2022-05-25 20:08:44 ERROR    Failure: 192000098578407187921566301909771202768 : http://localhost:1800/ -> net::ERR_NAME_RESOLUTION_FAILED
2022-05-25 20:08:44 ERROR    Failure: 94097134937905879805143453101758338884 : http://localhost:1800/ -> Failed to load resource: net::ERR_NAME_RESOLUTION_FAILED
2022-05-25 20:08:44 ERROR    Failure: 192000098578407187921566301909771202768 : http://localhost:1800/ -> net::ERR_NAME_RESOLUTION_FAILED
2022-05-25 20:08:44 ERROR    Failure: 94097134937905879805143453101758338884 : http://localhost:1800/ -> Failed to load resource: net::ERR_NAME_RESOLUTION_FAILED
2022-05-25 20:08:44 ERROR    Failure: 192000098578407187921566301909771202768 : http://localhost:1800/ -> net::ERR_NAME_RESOLUTION_FAILED
2022-05-25 20:08:44 ERROR    Failure: 94097134937905879805143453101758338884 : http://localhost:1800/ -> Failed to load resource: net::ERR_NAME_RESOLUTION_FAILED
2022-05-25 20:08:44 ERROR    Failure: 192000098578407187921566301909771202768 : http://localhost:1800/ -> net::ERR_NAME_RESOLUTION_FAILED
2022-05-25 20:08:44 ERROR    Failure: 94097134937905879805143453101758338884 : http://localhost:1800/ -> Failed to load resource: net::ERR_NAME_RESOLUTION_FAILED
2022-05-25 20:08:44 ERROR    Failure: 192000098578407187921566301909771202768 : http://localhost:1800/ -> net::ERR_NAME_RESOLUTION_FAILED
2022-05-25 20:08:44 ERROR    Failure: 94097134937905879805143453101758338884 : http://localhost:1800/ -> Failed to load resource: net::ERR_NAME_RESOLUTION_FAILED
2022-05-25 20:08:44 ERROR    Failure: 192000098578407187921566301909771202768 : http://localhost:1800/ -> net::ERR_NAME_RESOLUTION_FAILED
2022-05-25 20:08:44 ERROR    Failure: 94097134937905879805143453101758338884 : http://localhost:1800/ -> Failed to load resource: net::ERR_NAME_RESOLUTION_FAILED
2022-05-25 20:08:45 ERROR    Failure: 79839802101734943688249486384801588623 : http://localhost:1800/ -> Failed to load resource: the server responded with a status of 401 (Unauthorized)
2022-05-25 20:08:45 ERROR    Failure: 233681242693567643314746531081609967369 : http://localhost:1800/ -> status code(401) -> Not logged in
2022-05-25 20:08:55 ERROR    Failure: 192000098578407187921566301909771202768 : http://localhost:1800/subscribe?product=unlimited -> net::ERR_NAME_RESOLUTION_FAILED
2022-05-25 20:08:55 ERROR    Failure: 94097134937905879805143453101758338884 : http://localhost:1800/subscribe?product=unlimited -> Failed to load resource: net::ERR_NAME_RESOLUTION_FAILED
2022-05-25 20:08:55 ERROR    Failure: 192000098578407187921566301909771202768 : http://localhost:1800/subscribe?product=unlimited -> net::ERR_NAME_RESOLUTION_FAILED
2022-05-25 20:08:55 ERROR    Failure: 94097134937905879805143453101758338884 : http://localhost:1800/subscribe?product=unlimited -> Failed to load resource: net::ERR_NAME_RESOLUTION_FAILED
2022-05-25 20:08:55 ERROR    Failure: 192000098578407187921566301909771202768 : http://localhost:1800/subscribe?product=unlimited -> net::ERR_NAME_RESOLUTION_FAILED
2022-05-25 20:08:55 ERROR    Failure: 94097134937905879805143453101758338884 : http://localhost:1800/subscribe?product=unlimited -> Failed to load resource: net::ERR_NAME_RESOLUTION_FAILED
2022-05-25 20:08:55 ERROR    Failure: 192000098578407187921566301909771202768 : http://localhost:1800/subscribe?product=unlimited -> net::ERR_NAME_RESOLUTION_FAILED
2022-05-25 20:08:55 ERROR    Failure: 94097134937905879805143453101758338884 : http://localhost:1800/subscribe?product=unlimited -> Failed to load resource: net::ERR_NAME_RESOLUTION_FAILED
2022-05-25 20:08:55 ERROR    Failure: 192000098578407187921566301909771202768 : http://localhost:1800/subscribe?product=unlimited -> net::ERR_NAME_RESOLUTION_FAILED
2022-05-25 20:08:55 ERROR    Failure: 94097134937905879805143453101758338884 : http://localhost:1800/subscribe?product=unlimited -> Failed to load resource: net::ERR_NAME_RESOLUTION_FAILED
2022-05-25 20:08:55 ERROR    Failure: 192000098578407187921566301909771202768 : http://localhost:1800/subscribe?product=unlimited -> net::ERR_NAME_RESOLUTION_FAILED
2022-05-25 20:08:55 ERROR    Failure: 94097134937905879805143453101758338884 : http://localhost:1800/subscribe?product=unlimited -> Failed to load resource: net::ERR_NAME_RESOLUTION_FAILED
2022-05-25 20:08:56 ERROR    Failure: 79839802101734943688249486384801588623 : http://localhost:1800/subscribe?product=unlimited -> Failed to load resource: the server responded with a status of 401 (Unauthorized)
2022-05-25 20:08:56 ERROR    Failure: 192000098578407187921566301909771202768 : http://localhost:1800/subscribe?product=unlimited -> net::ERR_NAME_RESOLUTION_FAILED
2022-05-25 20:08:56 ERROR    Failure: 94097134937905879805143453101758338884 : http://localhost:1800/subscribe?product=unlimited -> Failed to load resource: net::ERR_NAME_RESOLUTION_FAILED
2022-05-25 20:08:56 ERROR    Failure: 233681242693567643314746531081609967369 : http://localhost:1800/subscribe?product=unlimited -> status code(401) -> Not logged in
2022-05-25 20:09:02 ERROR    Failure: 192000098578407187921566301909771202768 : http://localhost:1800/ -> net::ERR_NAME_RESOLUTION_FAILED
2022-05-25 20:09:02 ERROR    Failure: 94097134937905879805143453101758338884 : http://localhost:1800/ -> Failed to load resource: net::ERR_NAME_RESOLUTION_FAILED
2022-05-25 20:09:02 ERROR    Failure: 192000098578407187921566301909771202768 : http://localhost:1800/ -> net::ERR_NAME_RESOLUTION_FAILED
2022-05-25 20:09:02 ERROR    Failure: 94097134937905879805143453101758338884 : http://localhost:1800/ -> Failed to load resource: net::ERR_NAME_RESOLUTION_FAILED
2022-05-25 20:09:02 ERROR    Failure: 192000098578407187921566301909771202768 : http://localhost:1800/ -> net::ERR_NAME_RESOLUTION_FAILED
2022-05-25 20:09:02 ERROR    Failure: 94097134937905879805143453101758338884 : http://localhost:1800/ -> Failed to load resource: net::ERR_NAME_RESOLUTION_FAILED
2022-05-25 20:09:02 ERROR    Failure: 192000098578407187921566301909771202768 : http://localhost:1800/ -> net::ERR_NAME_RESOLUTION_FAILED
2022-05-25 20:09:02 ERROR    Failure: 94097134937905879805143453101758338884 : http://localhost:1800/ -> Failed to load resource: net::ERR_NAME_RESOLUTION_FAILED
2022-05-25 20:09:02 ERROR    Failure: 192000098578407187921566301909771202768 : http://localhost:1800/ -> net::ERR_NAME_RESOLUTION_FAILED
2022-05-25 20:09:02 ERROR    Failure: 94097134937905879805143453101758338884 : http://localhost:1800/ -> Failed to load resource: net::ERR_NAME_RESOLUTION_FAILED
2022-05-25 20:09:02 ERROR    Failure: 192000098578407187921566301909771202768 : http://localhost:1800/ -> net::ERR_NAME_RESOLUTION_FAILED
2022-05-25 20:09:02 ERROR    Failure: 94097134937905879805143453101758338884 : http://localhost:1800/ -> Failed to load resource: net::ERR_NAME_RESOLUTION_FAILED
2022-05-25 20:09:02 ERROR    Failure: 79839802101734943688249486384801588623 : http://localhost:1800/ -> Failed to load resource: the server responded with a status of 401 (Unauthorized)
2022-05-25 20:09:02 ERROR    Failure: 233681242693567643314746531081609967369 : http://localhost:1800/ -> status code(401) -> Not logged in
2022-05-25 20:09:12 ERROR    Failure: 192000098578407187921566301909771202768 : http://localhost:1800/login -> net::ERR_NAME_RESOLUTION_FAILED
2022-05-25 20:09:12 ERROR    Failure: 94097134937905879805143453101758338884 : http://localhost:1800/login -> Failed to load resource: net::ERR_NAME_RESOLUTION_FAILED
2022-05-25 20:09:12 ERROR    Failure: 192000098578407187921566301909771202768 : http://localhost:1800/login -> net::ERR_NAME_RESOLUTION_FAILED
2022-05-25 20:09:12 ERROR    Failure: 94097134937905879805143453101758338884 : http://localhost:1800/login -> Failed to load resource: net::ERR_NAME_RESOLUTION_FAILED
2022-05-25 20:09:12 ERROR    Failure: 192000098578407187921566301909771202768 : http://localhost:1800/login -> net::ERR_NAME_RESOLUTION_FAILED
2022-05-25 20:09:12 ERROR    Failure: 94097134937905879805143453101758338884 : http://localhost:1800/login -> Failed to load resource: net::ERR_NAME_RESOLUTION_FAILED
2022-05-25 20:09:12 ERROR    Failure: 192000098578407187921566301909771202768 : http://localhost:1800/login -> net::ERR_NAME_RESOLUTION_FAILED
2022-05-25 20:09:12 ERROR    Failure: 94097134937905879805143453101758338884 : http://localhost:1800/login -> Failed to load resource: net::ERR_NAME_RESOLUTION_FAILED
2022-05-25 20:09:12 ERROR    Failure: 192000098578407187921566301909771202768 : http://localhost:1800/login -> net::ERR_NAME_RESOLUTION_FAILED
2022-05-25 20:09:12 ERROR    Failure: 94097134937905879805143453101758338884 : http://localhost:1800/login -> Failed to load resource: net::ERR_NAME_RESOLUTION_FAILED
2022-05-25 20:09:12 ERROR    Failure: 192000098578407187921566301909771202768 : http://localhost:1800/login -> net::ERR_NAME_RESOLUTION_FAILED
2022-05-25 20:09:12 ERROR    Failure: 94097134937905879805143453101758338884 : http://localhost:1800/login -> Failed to load resource: net::ERR_NAME_RESOLUTION_FAILED
2022-05-25 20:09:12 ERROR    Failure: 79839802101734943688249486384801588623 : http://localhost:1800/login -> Failed to load resource: the server responded with a status of 401 (Unauthorized)
2022-05-25 20:09:12 ERROR    Failure: 233681242693567643314746531081609967369 : http://localhost:1800/login -> status code(401) -> Not logged in
2022-05-25 20:09:13 ERROR    Failure: 262513326802567628094931167029883077585 : http://localhost:1800/ -> net::ERR_ABORTED
2022-05-25 20:09:13 ERROR    Failure: 192000098578407187921566301909771202768 : http://localhost:1800/subscribe?product=team -> net::ERR_NAME_RESOLUTION_FAILED
2022-05-25 20:09:13 ERROR    Failure: 94097134937905879805143453101758338884 : http://localhost:1800/subscribe?product=team -> Failed to load resource: net::ERR_NAME_RESOLUTION_FAILED
2022-05-25 20:09:13 ERROR    Failure: 192000098578407187921566301909771202768 : http://localhost:1800/subscribe?product=team -> net::ERR_NAME_RESOLUTION_FAILED
2022-05-25 20:09:13 ERROR    Failure: 94097134937905879805143453101758338884 : http://localhost:1800/subscribe?product=team -> Failed to load resource: net::ERR_NAME_RESOLUTION_FAILED
2022-05-25 20:09:13 ERROR    Failure: 192000098578407187921566301909771202768 : http://localhost:1800/subscribe?product=team -> net::ERR_NAME_RESOLUTION_FAILED
2022-05-25 20:09:13 ERROR    Failure: 94097134937905879805143453101758338884 : http://localhost:1800/subscribe?product=team -> Failed to load resource: net::ERR_NAME_RESOLUTION_FAILED
2022-05-25 20:09:13 ERROR    Failure: 192000098578407187921566301909771202768 : http://localhost:1800/subscribe?product=team -> net::ERR_NAME_RESOLUTION_FAILED
2022-05-25 20:09:13 ERROR    Failure: 94097134937905879805143453101758338884 : http://localhost:1800/subscribe?product=team -> Failed to load resource: net::ERR_NAME_RESOLUTION_FAILED
2022-05-25 20:09:13 ERROR    Failure: 192000098578407187921566301909771202768 : http://localhost:1800/subscribe?product=team -> net::ERR_NAME_RESOLUTION_FAILED
2022-05-25 20:09:13 ERROR    Failure: 94097134937905879805143453101758338884 : http://localhost:1800/subscribe?product=team -> Failed to load resource: net::ERR_NAME_RESOLUTION_FAILED
2022-05-25 20:09:13 ERROR    Failure: 192000098578407187921566301909771202768 : http://localhost:1800/subscribe?product=team -> net::ERR_NAME_RESOLUTION_FAILED
2022-05-25 20:09:13 ERROR    Failure: 94097134937905879805143453101758338884 : http://localhost:1800/subscribe?product=team -> Failed to load resource: net::ERR_NAME_RESOLUTION_FAILED
2022-05-25 20:09:13 ERROR    Failure: 79839802101734943688249486384801588623 : http://localhost:1800/subscribe?product=team -> Failed to load resource: the server responded with a status of 401 (Unauthorized)
2022-05-25 20:09:13 ERROR    Failure: 192000098578407187921566301909771202768 : http://localhost:1800/subscribe?product=team -> net::ERR_NAME_RESOLUTION_FAILED
2022-05-25 20:09:13 ERROR    Failure: 94097134937905879805143453101758338884 : http://localhost:1800/subscribe?product=team -> Failed to load resource: net::ERR_NAME_RESOLUTION_FAILED
2022-05-25 20:09:13 ERROR    Failure: 233681242693567643314746531081609967369 : http://localhost:1800/subscribe?product=team -> status code(401) -> Not logged in
2022-05-25 20:09:16 ERROR    Failure: 192000098578407187921566301909771202768 : http://localhost:1800/ -> net::ERR_NAME_RESOLUTION_FAILED
2022-05-25 20:09:16 ERROR    Failure: 94097134937905879805143453101758338884 : http://localhost:1800/ -> Failed to load resource: net::ERR_NAME_RESOLUTION_FAILED
2022-05-25 20:09:16 ERROR    Failure: 192000098578407187921566301909771202768 : http://localhost:1800/ -> net::ERR_NAME_RESOLUTION_FAILED
2022-05-25 20:09:16 ERROR    Failure: 94097134937905879805143453101758338884 : http://localhost:1800/ -> Failed to load resource: net::ERR_NAME_RESOLUTION_FAILED
2022-05-25 20:09:16 ERROR    Failure: 192000098578407187921566301909771202768 : http://localhost:1800/ -> net::ERR_NAME_RESOLUTION_FAILED
2022-05-25 20:09:16 ERROR    Failure: 94097134937905879805143453101758338884 : http://localhost:1800/ -> Failed to load resource: net::ERR_NAME_RESOLUTION_FAILED
2022-05-25 20:09:16 ERROR    Failure: 192000098578407187921566301909771202768 : http://localhost:1800/ -> net::ERR_NAME_RESOLUTION_FAILED
2022-05-25 20:09:16 ERROR    Failure: 94097134937905879805143453101758338884 : http://localhost:1800/ -> Failed to load resource: net::ERR_NAME_RESOLUTION_FAILED
2022-05-25 20:09:16 ERROR    Failure: 192000098578407187921566301909771202768 : http://localhost:1800/ -> net::ERR_NAME_RESOLUTION_FAILED
2022-05-25 20:09:16 ERROR    Failure: 94097134937905879805143453101758338884 : http://localhost:1800/ -> Failed to load resource: net::ERR_NAME_RESOLUTION_FAILED
2022-05-25 20:09:16 ERROR    Failure: 192000098578407187921566301909771202768 : http://localhost:1800/ -> net::ERR_NAME_RESOLUTION_FAILED
2022-05-25 20:09:16 ERROR    Failure: 94097134937905879805143453101758338884 : http://localhost:1800/ -> Failed to load resource: net::ERR_NAME_RESOLUTION_FAILED
2022-05-25 20:09:17 ERROR    Failure: 79839802101734943688249486384801588623 : http://localhost:1800/ -> Failed to load resource: the server responded with a status of 401 (Unauthorized)
2022-05-25 20:09:17 ERROR    Failure: 233681242693567643314746531081609967369 : http://localhost:1800/ -> status code(401) -> Not logged in
2022-05-25 20:09:28 ERROR    Failure: 192000098578407187921566301909771202768 : http://localhost:1800/subscribe?product=team -> net::ERR_NAME_RESOLUTION_FAILED
2022-05-25 20:09:28 ERROR    Failure: 94097134937905879805143453101758338884 : http://localhost:1800/subscribe?product=team -> Failed to load resource: net::ERR_NAME_RESOLUTION_FAILED
2022-05-25 20:09:28 ERROR    Failure: 192000098578407187921566301909771202768 : http://localhost:1800/subscribe?product=team -> net::ERR_NAME_RESOLUTION_FAILED
2022-05-25 20:09:28 ERROR    Failure: 94097134937905879805143453101758338884 : http://localhost:1800/subscribe?product=team -> Failed to load resource: net::ERR_NAME_RESOLUTION_FAILED
2022-05-25 20:09:28 ERROR    Failure: 192000098578407187921566301909771202768 : http://localhost:1800/subscribe?product=team -> net::ERR_NAME_RESOLUTION_FAILED
2022-05-25 20:09:28 ERROR    Failure: 94097134937905879805143453101758338884 : http://localhost:1800/subscribe?product=team -> Failed to load resource: net::ERR_NAME_RESOLUTION_FAILED
2022-05-25 20:09:28 ERROR    Failure: 192000098578407187921566301909771202768 : http://localhost:1800/subscribe?product=team -> net::ERR_NAME_RESOLUTION_FAILED
2022-05-25 20:09:28 ERROR    Failure: 94097134937905879805143453101758338884 : http://localhost:1800/subscribe?product=team -> Failed to load resource: net::ERR_NAME_RESOLUTION_FAILED
2022-05-25 20:09:28 ERROR    Failure: 192000098578407187921566301909771202768 : http://localhost:1800/subscribe?product=team -> net::ERR_NAME_RESOLUTION_FAILED
2022-05-25 20:09:28 ERROR    Failure: 94097134937905879805143453101758338884 : http://localhost:1800/subscribe?product=team -> Failed to load resource: net::ERR_NAME_RESOLUTION_FAILED
2022-05-25 20:09:28 ERROR    Failure: 192000098578407187921566301909771202768 : http://localhost:1800/subscribe?product=team -> net::ERR_NAME_RESOLUTION_FAILED
2022-05-25 20:09:28 ERROR    Failure: 94097134937905879805143453101758338884 : http://localhost:1800/subscribe?product=team -> Failed to load resource: net::ERR_NAME_RESOLUTION_FAILED
2022-05-25 20:09:28 ERROR    Failure: 79839802101734943688249486384801588623 : http://localhost:1800/subscribe?product=team -> Failed to load resource: the server responded with a status of 401 (Unauthorized)
2022-05-25 20:09:28 ERROR    Failure: 233681242693567643314746531081609967369 : http://localhost:1800/subscribe?product=team -> status code(401) -> Not logged in
2022-05-25 20:09:28 ERROR    Failure: 192000098578407187921566301909771202768 : http://localhost:1800/subscribe?product=team -> net::ERR_NAME_RESOLUTION_FAILED
2022-05-25 20:09:28 ERROR    Failure: 94097134937905879805143453101758338884 : http://localhost:1800/subscribe?product=team -> Failed to load resource: net::ERR_NAME_RESOLUTION_FAILED
2022-05-25 20:09:32 ERROR    Failure: 192000098578407187921566301909771202768 : http://localhost:1800/cookies -> net::ERR_NAME_RESOLUTION_FAILED
2022-05-25 20:09:32 ERROR    Failure: 192000098578407187921566301909771202768 : http://localhost:1800/ -> net::ERR_NAME_RESOLUTION_FAILED
2022-05-25 20:09:32 ERROR    Failure: 94097134937905879805143453101758338884 : http://localhost:1800/ -> Failed to load resource: net::ERR_NAME_RESOLUTION_FAILED
2022-05-25 20:09:32 ERROR    Failure: 192000098578407187921566301909771202768 : http://localhost:1800/ -> net::ERR_NAME_RESOLUTION_FAILED
2022-05-25 20:09:32 ERROR    Failure: 94097134937905879805143453101758338884 : http://localhost:1800/ -> Failed to load resource: net::ERR_NAME_RESOLUTION_FAILED
2022-05-25 20:09:32 ERROR    Failure: 192000098578407187921566301909771202768 : http://localhost:1800/ -> net::ERR_NAME_RESOLUTION_FAILED
2022-05-25 20:09:32 ERROR    Failure: 94097134937905879805143453101758338884 : http://localhost:1800/ -> Failed to load resource: net::ERR_NAME_RESOLUTION_FAILED
2022-05-25 20:09:32 ERROR    Failure: 192000098578407187921566301909771202768 : http://localhost:1800/ -> net::ERR_NAME_RESOLUTION_FAILED
2022-05-25 20:09:32 ERROR    Failure: 94097134937905879805143453101758338884 : http://localhost:1800/ -> Failed to load resource: net::ERR_NAME_RESOLUTION_FAILED
2022-05-25 20:09:32 ERROR    Failure: 192000098578407187921566301909771202768 : http://localhost:1800/ -> net::ERR_NAME_RESOLUTION_FAILED
2022-05-25 20:09:32 ERROR    Failure: 94097134937905879805143453101758338884 : http://localhost:1800/ -> Failed to load resource: net::ERR_NAME_RESOLUTION_FAILED
2022-05-25 20:09:32 ERROR    Failure: 192000098578407187921566301909771202768 : http://localhost:1800/ -> net::ERR_NAME_RESOLUTION_FAILED
2022-05-25 20:09:32 ERROR    Failure: 94097134937905879805143453101758338884 : http://localhost:1800/ -> Failed to load resource: net::ERR_NAME_RESOLUTION_FAILED
2022-05-25 20:09:33 ERROR    Failure: 79839802101734943688249486384801588623 : http://localhost:1800/ -> Failed to load resource: the server responded with a status of 401 (Unauthorized)
2022-05-25 20:09:33 ERROR    Failure: 233681242693567643314746531081609967369 : http://localhost:1800/ -> status code(401) -> Not logged in
2022-05-25 20:09:43 ERROR    Failure: 192000098578407187921566301909771202768 : http://localhost:1800/subscribe?product=unlimited -> net::ERR_NAME_RESOLUTION_FAILED
2022-05-25 20:09:43 ERROR    Failure: 94097134937905879805143453101758338884 : http://localhost:1800/subscribe?product=unlimited -> Failed to load resource: net::ERR_NAME_RESOLUTION_FAILED
2022-05-25 20:09:43 ERROR    Failure: 192000098578407187921566301909771202768 : http://localhost:1800/subscribe?product=unlimited -> net::ERR_NAME_RESOLUTION_FAILED
2022-05-25 20:09:43 ERROR    Failure: 94097134937905879805143453101758338884 : http://localhost:1800/subscribe?product=unlimited -> Failed to load resource: net::ERR_NAME_RESOLUTION_FAILED
2022-05-25 20:09:43 ERROR    Failure: 192000098578407187921566301909771202768 : http://localhost:1800/subscribe?product=unlimited -> net::ERR_NAME_RESOLUTION_FAILED
2022-05-25 20:09:43 ERROR    Failure: 94097134937905879805143453101758338884 : http://localhost:1800/subscribe?product=unlimited -> Failed to load resource: net::ERR_NAME_RESOLUTION_FAILED
2022-05-25 20:09:43 ERROR    Failure: 192000098578407187921566301909771202768 : http://localhost:1800/subscribe?product=unlimited -> net::ERR_NAME_RESOLUTION_FAILED
2022-05-25 20:09:43 ERROR    Failure: 94097134937905879805143453101758338884 : http://localhost:1800/subscribe?product=unlimited -> Failed to load resource: net::ERR_NAME_RESOLUTION_FAILED
2022-05-25 20:09:43 ERROR    Failure: 192000098578407187921566301909771202768 : http://localhost:1800/subscribe?product=unlimited -> net::ERR_NAME_RESOLUTION_FAILED
2022-05-25 20:09:43 ERROR    Failure: 94097134937905879805143453101758338884 : http://localhost:1800/subscribe?product=unlimited -> Failed to load resource: net::ERR_NAME_RESOLUTION_FAILED
2022-05-25 20:09:43 ERROR    Failure: 192000098578407187921566301909771202768 : http://localhost:1800/subscribe?product=unlimited -> net::ERR_NAME_RESOLUTION_FAILED
2022-05-25 20:09:43 ERROR    Failure: 94097134937905879805143453101758338884 : http://localhost:1800/subscribe?product=unlimited -> Failed to load resource: net::ERR_NAME_RESOLUTION_FAILED
2022-05-25 20:09:44 ERROR    Failure: 79839802101734943688249486384801588623 : http://localhost:1800/subscribe?product=unlimited -> Failed to load resource: the server responded with a status of 401 (Unauthorized)
2022-05-25 20:09:44 ERROR    Failure: 192000098578407187921566301909771202768 : http://localhost:1800/subscribe?product=unlimited -> net::ERR_NAME_RESOLUTION_FAILED
2022-05-25 20:09:44 ERROR    Failure: 94097134937905879805143453101758338884 : http://localhost:1800/subscribe?product=unlimited -> Failed to load resource: net::ERR_NAME_RESOLUTION_FAILED
2022-05-25 20:09:44 ERROR    Failure: 233681242693567643314746531081609967369 : http://localhost:1800/subscribe?product=unlimited -> status code(401) -> Not logged in
2022-05-25 20:09:55 ERROR    Failure: 192000098578407187921566301909771202768 : http://localhost:1800/ -> net::ERR_NAME_RESOLUTION_FAILED
2022-05-25 20:09:55 ERROR    Failure: 94097134937905879805143453101758338884 : http://localhost:1800/ -> Failed to load resource: net::ERR_NAME_RESOLUTION_FAILED
2022-05-25 20:09:55 ERROR    Failure: 192000098578407187921566301909771202768 : http://localhost:1800/ -> net::ERR_NAME_RESOLUTION_FAILED
2022-05-25 20:09:55 ERROR    Failure: 94097134937905879805143453101758338884 : http://localhost:1800/ -> Failed to load resource: net::ERR_NAME_RESOLUTION_FAILED
2022-05-25 20:09:55 ERROR    Failure: 192000098578407187921566301909771202768 : http://localhost:1800/ -> net::ERR_NAME_RESOLUTION_FAILED
2022-05-25 20:09:55 ERROR    Failure: 94097134937905879805143453101758338884 : http://localhost:1800/ -> Failed to load resource: net::ERR_NAME_RESOLUTION_FAILED
2022-05-25 20:09:55 ERROR    Failure: 192000098578407187921566301909771202768 : http://localhost:1800/ -> net::ERR_NAME_RESOLUTION_FAILED
2022-05-25 20:09:55 ERROR    Failure: 94097134937905879805143453101758338884 : http://localhost:1800/ -> Failed to load resource: net::ERR_NAME_RESOLUTION_FAILED
2022-05-25 20:09:55 ERROR    Failure: 192000098578407187921566301909771202768 : http://localhost:1800/ -> net::ERR_NAME_RESOLUTION_FAILED
2022-05-25 20:09:55 ERROR    Failure: 94097134937905879805143453101758338884 : http://localhost:1800/ -> Failed to load resource: net::ERR_NAME_RESOLUTION_FAILED
2022-05-25 20:09:55 ERROR    Failure: 192000098578407187921566301909771202768 : http://localhost:1800/ -> net::ERR_NAME_RESOLUTION_FAILED
2022-05-25 20:09:55 ERROR    Failure: 94097134937905879805143453101758338884 : http://localhost:1800/ -> Failed to load resource: net::ERR_NAME_RESOLUTION_FAILED
2022-05-25 20:09:56 ERROR    Failure: 79839802101734943688249486384801588623 : http://localhost:1800/ -> Failed to load resource: the server responded with a status of 401 (Unauthorized)
2022-05-25 20:09:56 ERROR    Failure: 233681242693567643314746531081609967369 : http://localhost:1800/ -> status code(401) -> Not logged in
2022-05-25 20:10:05 ERROR    Failure: 192000098578407187921566301909771202768 : http://localhost:1800/subscribe?product=unlimited -> net::ERR_NAME_RESOLUTION_FAILED
2022-05-25 20:10:05 ERROR    Failure: 94097134937905879805143453101758338884 : http://localhost:1800/subscribe?product=unlimited -> Failed to load resource: net::ERR_NAME_RESOLUTION_FAILED
2022-05-25 20:10:05 ERROR    Failure: 192000098578407187921566301909771202768 : http://localhost:1800/subscribe?product=unlimited -> net::ERR_NAME_RESOLUTION_FAILED
2022-05-25 20:10:05 ERROR    Failure: 94097134937905879805143453101758338884 : http://localhost:1800/subscribe?product=unlimited -> Failed to load resource: net::ERR_NAME_RESOLUTION_FAILED
2022-05-25 20:10:05 ERROR    Failure: 192000098578407187921566301909771202768 : http://localhost:1800/subscribe?product=unlimited -> net::ERR_NAME_RESOLUTION_FAILED
2022-05-25 20:10:05 ERROR    Failure: 94097134937905879805143453101758338884 : http://localhost:1800/subscribe?product=unlimited -> Failed to load resource: net::ERR_NAME_RESOLUTION_FAILED
2022-05-25 20:10:05 ERROR    Failure: 192000098578407187921566301909771202768 : http://localhost:1800/subscribe?product=unlimited -> net::ERR_NAME_RESOLUTION_FAILED
2022-05-25 20:10:05 ERROR    Failure: 94097134937905879805143453101758338884 : http://localhost:1800/subscribe?product=unlimited -> Failed to load resource: net::ERR_NAME_RESOLUTION_FAILED
2022-05-25 20:10:05 ERROR    Failure: 192000098578407187921566301909771202768 : http://localhost:1800/subscribe?product=unlimited -> net::ERR_NAME_RESOLUTION_FAILED
2022-05-25 20:10:05 ERROR    Failure: 94097134937905879805143453101758338884 : http://localhost:1800/subscribe?product=unlimited -> Failed to load resource: net::ERR_NAME_RESOLUTION_FAILED
2022-05-25 20:10:05 ERROR    Failure: 192000098578407187921566301909771202768 : http://localhost:1800/subscribe?product=unlimited -> net::ERR_NAME_RESOLUTION_FAILED
2022-05-25 20:10:05 ERROR    Failure: 94097134937905879805143453101758338884 : http://localhost:1800/subscribe?product=unlimited -> Failed to load resource: net::ERR_NAME_RESOLUTION_FAILED
2022-05-25 20:10:06 ERROR    Failure: 79839802101734943688249486384801588623 : http://localhost:1800/subscribe?product=unlimited -> Failed to load resource: the server responded with a status of 401 (Unauthorized)
2022-05-25 20:10:06 ERROR    Failure: 192000098578407187921566301909771202768 : http://localhost:1800/subscribe?product=unlimited -> net::ERR_NAME_RESOLUTION_FAILED
2022-05-25 20:10:06 ERROR    Failure: 94097134937905879805143453101758338884 : http://localhost:1800/subscribe?product=unlimited -> Failed to load resource: net::ERR_NAME_RESOLUTION_FAILED
2022-05-25 20:10:06 ERROR    Failure: 233681242693567643314746531081609967369 : http://localhost:1800/subscribe?product=unlimited -> status code(401) -> Not logged in
2022-05-25 20:10:08 ERROR    Failure: 262513326802567628094931167029883077585 : http://localhost:1800/ -> net::ERR_ABORTED
2022-05-25 20:10:08 ERROR    Failure: 192000098578407187921566301909771202768 : http://localhost:1800/login -> net::ERR_NAME_RESOLUTION_FAILED
2022-05-25 20:10:08 ERROR    Failure: 94097134937905879805143453101758338884 : http://localhost:1800/login -> Failed to load resource: net::ERR_NAME_RESOLUTION_FAILED
2022-05-25 20:10:08 ERROR    Failure: 192000098578407187921566301909771202768 : http://localhost:1800/login -> net::ERR_NAME_RESOLUTION_FAILED
2022-05-25 20:10:08 ERROR    Failure: 94097134937905879805143453101758338884 : http://localhost:1800/login -> Failed to load resource: net::ERR_NAME_RESOLUTION_FAILED
2022-05-25 20:10:08 ERROR    Failure: 192000098578407187921566301909771202768 : http://localhost:1800/login -> net::ERR_NAME_RESOLUTION_FAILED
2022-05-25 20:10:08 ERROR    Failure: 94097134937905879805143453101758338884 : http://localhost:1800/login -> Failed to load resource: net::ERR_NAME_RESOLUTION_FAILED
2022-05-25 20:10:08 ERROR    Failure: 192000098578407187921566301909771202768 : http://localhost:1800/login -> net::ERR_NAME_RESOLUTION_FAILED
2022-05-25 20:10:08 ERROR    Failure: 94097134937905879805143453101758338884 : http://localhost:1800/login -> Failed to load resource: net::ERR_NAME_RESOLUTION_FAILED
2022-05-25 20:10:08 ERROR    Failure: 192000098578407187921566301909771202768 : http://localhost:1800/login -> net::ERR_NAME_RESOLUTION_FAILED
2022-05-25 20:10:08 ERROR    Failure: 94097134937905879805143453101758338884 : http://localhost:1800/login -> Failed to load resource: net::ERR_NAME_RESOLUTION_FAILED
2022-05-25 20:10:08 ERROR    Failure: 192000098578407187921566301909771202768 : http://localhost:1800/login -> net::ERR_NAME_RESOLUTION_FAILED
2022-05-25 20:10:08 ERROR    Failure: 94097134937905879805143453101758338884 : http://localhost:1800/login -> Failed to load resource: net::ERR_NAME_RESOLUTION_FAILED
2022-05-25 20:10:08 ERROR    Failure: 79839802101734943688249486384801588623 : http://localhost:1800/login -> Failed to load resource: the server responded with a status of 401 (Unauthorized)
2022-05-25 20:10:08 ERROR    Failure: 233681242693567643314746531081609967369 : http://localhost:1800/login -> status code(401) -> Not logged in
2022-05-25 20:10:08 ERROR    Failure: 262513326802567628094931167029883077585 : http://localhost:1800/ -> net::ERR_ABORTED
2022-05-25 20:10:08 ERROR    Failure: 192000098578407187921566301909771202768 : http://localhost:1800/subscribe?product=self-hosted -> net::ERR_NAME_RESOLUTION_FAILED
2022-05-25 20:10:08 ERROR    Failure: 94097134937905879805143453101758338884 : http://localhost:1800/subscribe?product=self-hosted -> Failed to load resource: net::ERR_NAME_RESOLUTION_FAILED
2022-05-25 20:10:08 ERROR    Failure: 192000098578407187921566301909771202768 : http://localhost:1800/subscribe?product=self-hosted -> net::ERR_NAME_RESOLUTION_FAILED
2022-05-25 20:10:08 ERROR    Failure: 94097134937905879805143453101758338884 : http://localhost:1800/subscribe?product=self-hosted -> Failed to load resource: net::ERR_NAME_RESOLUTION_FAILED
2022-05-25 20:10:08 ERROR    Failure: 192000098578407187921566301909771202768 : http://localhost:1800/subscribe?product=self-hosted -> net::ERR_NAME_RESOLUTION_FAILED
2022-05-25 20:10:08 ERROR    Failure: 94097134937905879805143453101758338884 : http://localhost:1800/subscribe?product=self-hosted -> Failed to load resource: net::ERR_NAME_RESOLUTION_FAILED
2022-05-25 20:10:08 ERROR    Failure: 192000098578407187921566301909771202768 : http://localhost:1800/subscribe?product=self-hosted -> net::ERR_NAME_RESOLUTION_FAILED
2022-05-25 20:10:08 ERROR    Failure: 94097134937905879805143453101758338884 : http://localhost:1800/subscribe?product=self-hosted -> Failed to load resource: net::ERR_NAME_RESOLUTION_FAILED
2022-05-25 20:10:08 ERROR    Failure: 192000098578407187921566301909771202768 : http://localhost:1800/subscribe?product=self-hosted -> net::ERR_NAME_RESOLUTION_FAILED
2022-05-25 20:10:08 ERROR    Failure: 94097134937905879805143453101758338884 : http://localhost:1800/subscribe?product=self-hosted -> Failed to load resource: net::ERR_NAME_RESOLUTION_FAILED
2022-05-25 20:10:08 ERROR    Failure: 192000098578407187921566301909771202768 : http://localhost:1800/subscribe?product=self-hosted -> net::ERR_NAME_RESOLUTION_FAILED
2022-05-25 20:10:08 ERROR    Failure: 94097134937905879805143453101758338884 : http://localhost:1800/subscribe?product=self-hosted -> Failed to load resource: net::ERR_NAME_RESOLUTION_FAILED
2022-05-25 20:10:08 ERROR    Failure: 79839802101734943688249486384801588623 : http://localhost:1800/subscribe?product=self-hosted -> Failed to load resource: the server responded with a status of 401 (Unauthorized)
2022-05-25 20:10:08 ERROR    Failure: 192000098578407187921566301909771202768 : http://localhost:1800/subscribe?product=self-hosted -> net::ERR_NAME_RESOLUTION_FAILED
2022-05-25 20:10:08 ERROR    Failure: 94097134937905879805143453101758338884 : http://localhost:1800/subscribe?product=self-hosted -> Failed to load resource: net::ERR_NAME_RESOLUTION_FAILED
2022-05-25 20:10:08 ERROR    Failure: 233681242693567643314746531081609967369 : http://localhost:1800/subscribe?product=self-hosted -> status code(401) -> Not logged in
2022-05-25 20:10:10 ERROR    Failure: 192000098578407187921566301909771202768 : http://localhost:1800/ -> net::ERR_NAME_RESOLUTION_FAILED
2022-05-25 20:10:10 ERROR    Failure: 94097134937905879805143453101758338884 : http://localhost:1800/ -> Failed to load resource: net::ERR_NAME_RESOLUTION_FAILED
2022-05-25 20:10:10 ERROR    Failure: 192000098578407187921566301909771202768 : http://localhost:1800/ -> net::ERR_NAME_RESOLUTION_FAILED
2022-05-25 20:10:10 ERROR    Failure: 94097134937905879805143453101758338884 : http://localhost:1800/ -> Failed to load resource: net::ERR_NAME_RESOLUTION_FAILED
2022-05-25 20:10:10 ERROR    Failure: 192000098578407187921566301909771202768 : http://localhost:1800/ -> net::ERR_NAME_RESOLUTION_FAILED
2022-05-25 20:10:10 ERROR    Failure: 94097134937905879805143453101758338884 : http://localhost:1800/ -> Failed to load resource: net::ERR_NAME_RESOLUTION_FAILED
2022-05-25 20:10:10 ERROR    Failure: 192000098578407187921566301909771202768 : http://localhost:1800/ -> net::ERR_NAME_RESOLUTION_FAILED
2022-05-25 20:10:10 ERROR    Failure: 94097134937905879805143453101758338884 : http://localhost:1800/ -> Failed to load resource: net::ERR_NAME_RESOLUTION_FAILED
2022-05-25 20:10:10 ERROR    Failure: 192000098578407187921566301909771202768 : http://localhost:1800/ -> net::ERR_NAME_RESOLUTION_FAILED
2022-05-25 20:10:10 ERROR    Failure: 94097134937905879805143453101758338884 : http://localhost:1800/ -> Failed to load resource: net::ERR_NAME_RESOLUTION_FAILED
2022-05-25 20:10:10 ERROR    Failure: 192000098578407187921566301909771202768 : http://localhost:1800/ -> net::ERR_NAME_RESOLUTION_FAILED
2022-05-25 20:10:10 ERROR    Failure: 94097134937905879805143453101758338884 : http://localhost:1800/ -> Failed to load resource: net::ERR_NAME_RESOLUTION_FAILED
2022-05-25 20:10:10 ERROR    Failure: 79839802101734943688249486384801588623 : http://localhost:1800/ -> Failed to load resource: the server responded with a status of 401 (Unauthorized)
2022-05-25 20:10:10 ERROR    Failure: 233681242693567643314746531081609967369 : http://localhost:1800/ -> status code(401) -> Not logged in
2022-05-25 20:10:24 ERROR    Failure: 192000098578407187921566301909771202768 : http://localhost:1800/login -> net::ERR_NAME_RESOLUTION_FAILED
2022-05-25 20:10:24 ERROR    Failure: 94097134937905879805143453101758338884 : http://localhost:1800/login -> Failed to load resource: net::ERR_NAME_RESOLUTION_FAILED
2022-05-25 20:10:24 ERROR    Failure: 192000098578407187921566301909771202768 : http://localhost:1800/login -> net::ERR_NAME_RESOLUTION_FAILED
2022-05-25 20:10:24 ERROR    Failure: 94097134937905879805143453101758338884 : http://localhost:1800/login -> Failed to load resource: net::ERR_NAME_RESOLUTION_FAILED
2022-05-25 20:10:24 ERROR    Failure: 192000098578407187921566301909771202768 : http://localhost:1800/login -> net::ERR_NAME_RESOLUTION_FAILED
2022-05-25 20:10:24 ERROR    Failure: 94097134937905879805143453101758338884 : http://localhost:1800/login -> Failed to load resource: net::ERR_NAME_RESOLUTION_FAILED
2022-05-25 20:10:24 ERROR    Failure: 192000098578407187921566301909771202768 : http://localhost:1800/login -> net::ERR_NAME_RESOLUTION_FAILED
2022-05-25 20:10:24 ERROR    Failure: 94097134937905879805143453101758338884 : http://localhost:1800/login -> Failed to load resource: net::ERR_NAME_RESOLUTION_FAILED
2022-05-25 20:10:24 ERROR    Failure: 192000098578407187921566301909771202768 : http://localhost:1800/login -> net::ERR_NAME_RESOLUTION_FAILED
2022-05-25 20:10:24 ERROR    Failure: 94097134937905879805143453101758338884 : http://localhost:1800/login -> Failed to load resource: net::ERR_NAME_RESOLUTION_FAILED
2022-05-25 20:10:24 ERROR    Failure: 192000098578407187921566301909771202768 : http://localhost:1800/login -> net::ERR_NAME_RESOLUTION_FAILED
2022-05-25 20:10:24 ERROR    Failure: 94097134937905879805143453101758338884 : http://localhost:1800/login -> Failed to load resource: net::ERR_NAME_RESOLUTION_FAILED
2022-05-25 20:10:24 ERROR    Failure: 79839802101734943688249486384801588623 : http://localhost:1800/login -> Failed to load resource: the server responded with a status of 401 (Unauthorized)
2022-05-25 20:10:24 ERROR    Failure: 233681242693567643314746531081609967369 : http://localhost:1800/login -> status code(401) -> Not logged in
2022-05-25 20:10:24 ERROR    Failure: 262513326802567628094931167029883077585 : http://localhost:1800/ -> net::ERR_ABORTED
2022-05-25 20:10:24 ERROR    Failure: 192000098578407187921566301909771202768 : http://localhost:1800/subscribe?product=self-hosted -> net::ERR_NAME_RESOLUTION_FAILED
2022-05-25 20:10:24 ERROR    Failure: 94097134937905879805143453101758338884 : http://localhost:1800/subscribe?product=self-hosted -> Failed to load resource: net::ERR_NAME_RESOLUTION_FAILED
2022-05-25 20:10:24 ERROR    Failure: 192000098578407187921566301909771202768 : http://localhost:1800/subscribe?product=self-hosted -> net::ERR_NAME_RESOLUTION_FAILED
2022-05-25 20:10:24 ERROR    Failure: 94097134937905879805143453101758338884 : http://localhost:1800/subscribe?product=self-hosted -> Failed to load resource: net::ERR_NAME_RESOLUTION_FAILED
2022-05-25 20:10:24 ERROR    Failure: 192000098578407187921566301909771202768 : http://localhost:1800/subscribe?product=self-hosted -> net::ERR_NAME_RESOLUTION_FAILED
2022-05-25 20:10:24 ERROR    Failure: 94097134937905879805143453101758338884 : http://localhost:1800/subscribe?product=self-hosted -> Failed to load resource: net::ERR_NAME_RESOLUTION_FAILED
2022-05-25 20:10:24 ERROR    Failure: 192000098578407187921566301909771202768 : http://localhost:1800/subscribe?product=self-hosted -> net::ERR_NAME_RESOLUTION_FAILED
2022-05-25 20:10:24 ERROR    Failure: 94097134937905879805143453101758338884 : http://localhost:1800/subscribe?product=self-hosted -> Failed to load resource: net::ERR_NAME_RESOLUTION_FAILED
2022-05-25 20:10:24 ERROR    Failure: 192000098578407187921566301909771202768 : http://localhost:1800/subscribe?product=self-hosted -> net::ERR_NAME_RESOLUTION_FAILED
2022-05-25 20:10:24 ERROR    Failure: 94097134937905879805143453101758338884 : http://localhost:1800/subscribe?product=self-hosted -> Failed to load resource: net::ERR_NAME_RESOLUTION_FAILED
2022-05-25 20:10:24 ERROR    Failure: 192000098578407187921566301909771202768 : http://localhost:1800/subscribe?product=self-hosted -> net::ERR_NAME_RESOLUTION_FAILED
2022-05-25 20:10:24 ERROR    Failure: 94097134937905879805143453101758338884 : http://localhost:1800/subscribe?product=self-hosted -> Failed to load resource: net::ERR_NAME_RESOLUTION_FAILED
2022-05-25 20:10:25 ERROR    Failure: 79839802101734943688249486384801588623 : http://localhost:1800/subscribe?product=self-hosted -> Failed to load resource: the server responded with a status of 401 (Unauthorized)
2022-05-25 20:10:25 ERROR    Failure: 233681242693567643314746531081609967369 : http://localhost:1800/subscribe?product=self-hosted -> status code(401) -> Not logged in
2022-05-25 20:10:25 ERROR    Failure: 192000098578407187921566301909771202768 : http://localhost:1800/subscribe?product=self-hosted -> net::ERR_NAME_RESOLUTION_FAILED
2022-05-25 20:10:25 ERROR    Failure: 94097134937905879805143453101758338884 : http://localhost:1800/subscribe?product=self-hosted -> Failed to load resource: net::ERR_NAME_RESOLUTION_FAILED
2022-05-25 20:10:25 ERROR    Failure: 262513326802567628094931167029883077585 : http://localhost:1800/ -> net::ERR_ABORTED
2022-05-25 20:10:25 ERROR    Failure: 192000098578407187921566301909771202768 : http://localhost:1800/login -> net::ERR_NAME_RESOLUTION_FAILED
2022-05-25 20:10:25 ERROR    Failure: 94097134937905879805143453101758338884 : http://localhost:1800/login -> Failed to load resource: net::ERR_NAME_RESOLUTION_FAILED
2022-05-25 20:10:25 ERROR    Failure: 192000098578407187921566301909771202768 : http://localhost:1800/login -> net::ERR_NAME_RESOLUTION_FAILED
2022-05-25 20:10:25 ERROR    Failure: 94097134937905879805143453101758338884 : http://localhost:1800/login -> Failed to load resource: net::ERR_NAME_RESOLUTION_FAILED
2022-05-25 20:10:25 ERROR    Failure: 192000098578407187921566301909771202768 : http://localhost:1800/login -> net::ERR_NAME_RESOLUTION_FAILED
2022-05-25 20:10:25 ERROR    Failure: 94097134937905879805143453101758338884 : http://localhost:1800/login -> Failed to load resource: net::ERR_NAME_RESOLUTION_FAILED
2022-05-25 20:10:25 ERROR    Failure: 192000098578407187921566301909771202768 : http://localhost:1800/login -> net::ERR_NAME_RESOLUTION_FAILED
2022-05-25 20:10:25 ERROR    Failure: 94097134937905879805143453101758338884 : http://localhost:1800/login -> Failed to load resource: net::ERR_NAME_RESOLUTION_FAILED
2022-05-25 20:10:25 ERROR    Failure: 192000098578407187921566301909771202768 : http://localhost:1800/login -> net::ERR_NAME_RESOLUTION_FAILED
2022-05-25 20:10:25 ERROR    Failure: 94097134937905879805143453101758338884 : http://localhost:1800/login -> Failed to load resource: net::ERR_NAME_RESOLUTION_FAILED
2022-05-25 20:10:25 ERROR    Failure: 192000098578407187921566301909771202768 : http://localhost:1800/login -> net::ERR_NAME_RESOLUTION_FAILED
2022-05-25 20:10:25 ERROR    Failure: 94097134937905879805143453101758338884 : http://localhost:1800/login -> Failed to load resource: net::ERR_NAME_RESOLUTION_FAILED
2022-05-25 20:10:26 ERROR    Failure: 79839802101734943688249486384801588623 : http://localhost:1800/login -> Failed to load resource: the server responded with a status of 401 (Unauthorized)
2022-05-25 20:10:26 ERROR    Failure: 233681242693567643314746531081609967369 : http://localhost:1800/login -> status code(401) -> Not logged in
2022-05-25 20:10:27 ERROR    Failure: 192000098578407187921566301909771202768 : http://localhost:1800/ -> net::ERR_NAME_RESOLUTION_FAILED
2022-05-25 20:10:27 ERROR    Failure: 94097134937905879805143453101758338884 : http://localhost:1800/ -> Failed to load resource: net::ERR_NAME_RESOLUTION_FAILED
2022-05-25 20:10:27 ERROR    Failure: 192000098578407187921566301909771202768 : http://localhost:1800/ -> net::ERR_NAME_RESOLUTION_FAILED
2022-05-25 20:10:27 ERROR    Failure: 94097134937905879805143453101758338884 : http://localhost:1800/ -> Failed to load resource: net::ERR_NAME_RESOLUTION_FAILED
2022-05-25 20:10:27 ERROR    Failure: 192000098578407187921566301909771202768 : http://localhost:1800/ -> net::ERR_NAME_RESOLUTION_FAILED
2022-05-25 20:10:27 ERROR    Failure: 94097134937905879805143453101758338884 : http://localhost:1800/ -> Failed to load resource: net::ERR_NAME_RESOLUTION_FAILED
2022-05-25 20:10:27 ERROR    Failure: 192000098578407187921566301909771202768 : http://localhost:1800/ -> net::ERR_NAME_RESOLUTION_FAILED
2022-05-25 20:10:27 ERROR    Failure: 94097134937905879805143453101758338884 : http://localhost:1800/ -> Failed to load resource: net::ERR_NAME_RESOLUTION_FAILED
2022-05-25 20:10:27 ERROR    Failure: 192000098578407187921566301909771202768 : http://localhost:1800/ -> net::ERR_NAME_RESOLUTION_FAILED
2022-05-25 20:10:27 ERROR    Failure: 94097134937905879805143453101758338884 : http://localhost:1800/ -> Failed to load resource: net::ERR_NAME_RESOLUTION_FAILED
2022-05-25 20:10:27 ERROR    Failure: 192000098578407187921566301909771202768 : http://localhost:1800/ -> net::ERR_NAME_RESOLUTION_FAILED
2022-05-25 20:10:27 ERROR    Failure: 94097134937905879805143453101758338884 : http://localhost:1800/ -> Failed to load resource: net::ERR_NAME_RESOLUTION_FAILED
2022-05-25 20:10:28 ERROR    Failure: 79839802101734943688249486384801588623 : http://localhost:1800/ -> Failed to load resource: the server responded with a status of 401 (Unauthorized)
2022-05-25 20:10:28 ERROR    Failure: 233681242693567643314746531081609967369 : http://localhost:1800/ -> status code(401) -> Not logged in
2022-05-25 20:10:42 ERROR    Failure: 192000098578407187921566301909771202768 : http://localhost:1800/subscribe?product=self-hosted -> net::ERR_NAME_RESOLUTION_FAILED
2022-05-25 20:10:42 ERROR    Failure: 94097134937905879805143453101758338884 : http://localhost:1800/subscribe?product=self-hosted -> Failed to load resource: net::ERR_NAME_RESOLUTION_FAILED
2022-05-25 20:10:42 ERROR    Failure: 192000098578407187921566301909771202768 : http://localhost:1800/subscribe?product=self-hosted -> net::ERR_NAME_RESOLUTION_FAILED
2022-05-25 20:10:42 ERROR    Failure: 94097134937905879805143453101758338884 : http://localhost:1800/subscribe?product=self-hosted -> Failed to load resource: net::ERR_NAME_RESOLUTION_FAILED
2022-05-25 20:10:42 ERROR    Failure: 192000098578407187921566301909771202768 : http://localhost:1800/subscribe?product=self-hosted -> net::ERR_NAME_RESOLUTION_FAILED
2022-05-25 20:10:42 ERROR    Failure: 94097134937905879805143453101758338884 : http://localhost:1800/subscribe?product=self-hosted -> Failed to load resource: net::ERR_NAME_RESOLUTION_FAILED
2022-05-25 20:10:42 ERROR    Failure: 192000098578407187921566301909771202768 : http://localhost:1800/subscribe?product=self-hosted -> net::ERR_NAME_RESOLUTION_FAILED
2022-05-25 20:10:42 ERROR    Failure: 94097134937905879805143453101758338884 : http://localhost:1800/subscribe?product=self-hosted -> Failed to load resource: net::ERR_NAME_RESOLUTION_FAILED
2022-05-25 20:10:42 ERROR    Failure: 192000098578407187921566301909771202768 : http://localhost:1800/subscribe?product=self-hosted -> net::ERR_NAME_RESOLUTION_FAILED
2022-05-25 20:10:42 ERROR    Failure: 94097134937905879805143453101758338884 : http://localhost:1800/subscribe?product=self-hosted -> Failed to load resource: net::ERR_NAME_RESOLUTION_FAILED
2022-05-25 20:10:42 ERROR    Failure: 192000098578407187921566301909771202768 : http://localhost:1800/subscribe?product=self-hosted -> net::ERR_NAME_RESOLUTION_FAILED
2022-05-25 20:10:42 ERROR    Failure: 94097134937905879805143453101758338884 : http://localhost:1800/subscribe?product=self-hosted -> Failed to load resource: net::ERR_NAME_RESOLUTION_FAILED
2022-05-25 20:10:42 ERROR    Failure: 79839802101734943688249486384801588623 : http://localhost:1800/subscribe?product=self-hosted -> Failed to load resource: the server responded with a status of 401 (Unauthorized)
2022-05-25 20:10:42 ERROR    Failure: 192000098578407187921566301909771202768 : http://localhost:1800/subscribe?product=self-hosted -> net::ERR_NAME_RESOLUTION_FAILED
2022-05-25 20:10:42 ERROR    Failure: 94097134937905879805143453101758338884 : http://localhost:1800/subscribe?product=self-hosted -> Failed to load resource: net::ERR_NAME_RESOLUTION_FAILED
2022-05-25 20:10:42 ERROR    Failure: 233681242693567643314746531081609967369 : http://localhost:1800/subscribe?product=self-hosted -> status code(401) -> Not logged in
2022-05-25 20:10:46 ERROR    Failure: 192000098578407187921566301909771202768 : http://localhost:1800/ -> net::ERR_NAME_RESOLUTION_FAILED
2022-05-25 20:10:46 ERROR    Failure: 94097134937905879805143453101758338884 : http://localhost:1800/ -> Failed to load resource: net::ERR_NAME_RESOLUTION_FAILED
2022-05-25 20:10:46 ERROR    Failure: 192000098578407187921566301909771202768 : http://localhost:1800/ -> net::ERR_NAME_RESOLUTION_FAILED
2022-05-25 20:10:46 ERROR    Failure: 94097134937905879805143453101758338884 : http://localhost:1800/ -> Failed to load resource: net::ERR_NAME_RESOLUTION_FAILED
2022-05-25 20:10:46 ERROR    Failure: 192000098578407187921566301909771202768 : http://localhost:1800/ -> net::ERR_NAME_RESOLUTION_FAILED
2022-05-25 20:10:46 ERROR    Failure: 94097134937905879805143453101758338884 : http://localhost:1800/ -> Failed to load resource: net::ERR_NAME_RESOLUTION_FAILED
2022-05-25 20:10:46 ERROR    Failure: 192000098578407187921566301909771202768 : http://localhost:1800/ -> net::ERR_NAME_RESOLUTION_FAILED
2022-05-25 20:10:46 ERROR    Failure: 94097134937905879805143453101758338884 : http://localhost:1800/ -> Failed to load resource: net::ERR_NAME_RESOLUTION_FAILED
2022-05-25 20:10:46 ERROR    Failure: 192000098578407187921566301909771202768 : http://localhost:1800/ -> net::ERR_NAME_RESOLUTION_FAILED
2022-05-25 20:10:46 ERROR    Failure: 94097134937905879805143453101758338884 : http://localhost:1800/ -> Failed to load resource: net::ERR_NAME_RESOLUTION_FAILED
2022-05-25 20:10:46 ERROR    Failure: 192000098578407187921566301909771202768 : http://localhost:1800/ -> net::ERR_NAME_RESOLUTION_FAILED
2022-05-25 20:10:46 ERROR    Failure: 94097134937905879805143453101758338884 : http://localhost:1800/ -> Failed to load resource: net::ERR_NAME_RESOLUTION_FAILED
2022-05-25 20:10:46 ERROR    Failure: 79839802101734943688249486384801588623 : http://localhost:1800/ -> Failed to load resource: the server responded with a status of 401 (Unauthorized)
2022-05-25 20:10:46 ERROR    Failure: 233681242693567643314746531081609967369 : http://localhost:1800/ -> status code(401) -> Not logged in
2022-05-25 20:10:56 ERROR    Failure: 192000098578407187921566301909771202768 : http://localhost:1800/subscribe?product=unlimited -> net::ERR_NAME_RESOLUTION_FAILED
2022-05-25 20:10:56 ERROR    Failure: 94097134937905879805143453101758338884 : http://localhost:1800/subscribe?product=unlimited -> Failed to load resource: net::ERR_NAME_RESOLUTION_FAILED
2022-05-25 20:10:56 ERROR    Failure: 192000098578407187921566301909771202768 : http://localhost:1800/subscribe?product=unlimited -> net::ERR_NAME_RESOLUTION_FAILED
2022-05-25 20:10:56 ERROR    Failure: 94097134937905879805143453101758338884 : http://localhost:1800/subscribe?product=unlimited -> Failed to load resource: net::ERR_NAME_RESOLUTION_FAILED
2022-05-25 20:10:56 ERROR    Failure: 192000098578407187921566301909771202768 : http://localhost:1800/subscribe?product=unlimited -> net::ERR_NAME_RESOLUTION_FAILED
2022-05-25 20:10:56 ERROR    Failure: 94097134937905879805143453101758338884 : http://localhost:1800/subscribe?product=unlimited -> Failed to load resource: net::ERR_NAME_RESOLUTION_FAILED
2022-05-25 20:10:56 ERROR    Failure: 192000098578407187921566301909771202768 : http://localhost:1800/subscribe?product=unlimited -> net::ERR_NAME_RESOLUTION_FAILED
2022-05-25 20:10:56 ERROR    Failure: 94097134937905879805143453101758338884 : http://localhost:1800/subscribe?product=unlimited -> Failed to load resource: net::ERR_NAME_RESOLUTION_FAILED
2022-05-25 20:10:56 ERROR    Failure: 192000098578407187921566301909771202768 : http://localhost:1800/subscribe?product=unlimited -> net::ERR_NAME_RESOLUTION_FAILED
2022-05-25 20:10:56 ERROR    Failure: 94097134937905879805143453101758338884 : http://localhost:1800/subscribe?product=unlimited -> Failed to load resource: net::ERR_NAME_RESOLUTION_FAILED
2022-05-25 20:10:56 ERROR    Failure: 192000098578407187921566301909771202768 : http://localhost:1800/subscribe?product=unlimited -> net::ERR_NAME_RESOLUTION_FAILED
2022-05-25 20:10:56 ERROR    Failure: 94097134937905879805143453101758338884 : http://localhost:1800/subscribe?product=unlimited -> Failed to load resource: net::ERR_NAME_RESOLUTION_FAILED
2022-05-25 20:10:56 ERROR    Failure: 79839802101734943688249486384801588623 : http://localhost:1800/subscribe?product=unlimited -> Failed to load resource: the server responded with a status of 401 (Unauthorized)
2022-05-25 20:10:57 ERROR    Failure: 192000098578407187921566301909771202768 : http://localhost:1800/subscribe?product=unlimited -> net::ERR_NAME_RESOLUTION_FAILED
2022-05-25 20:10:57 ERROR    Failure: 94097134937905879805143453101758338884 : http://localhost:1800/subscribe?product=unlimited -> Failed to load resource: net::ERR_NAME_RESOLUTION_FAILED
2022-05-25 20:10:57 ERROR    Failure: 233681242693567643314746531081609967369 : http://localhost:1800/subscribe?product=unlimited -> status code(401) -> Not logged in
2022-05-25 20:11:02 ERROR    Failure: 192000098578407187921566301909771202768 : http://localhost:1800/ -> net::ERR_NAME_RESOLUTION_FAILED
2022-05-25 20:11:02 ERROR    Failure: 94097134937905879805143453101758338884 : http://localhost:1800/ -> Failed to load resource: net::ERR_NAME_RESOLUTION_FAILED
2022-05-25 20:11:02 ERROR    Failure: 192000098578407187921566301909771202768 : http://localhost:1800/ -> net::ERR_NAME_RESOLUTION_FAILED
2022-05-25 20:11:02 ERROR    Failure: 94097134937905879805143453101758338884 : http://localhost:1800/ -> Failed to load resource: net::ERR_NAME_RESOLUTION_FAILED
2022-05-25 20:11:02 ERROR    Failure: 192000098578407187921566301909771202768 : http://localhost:1800/ -> net::ERR_NAME_RESOLUTION_FAILED
2022-05-25 20:11:02 ERROR    Failure: 94097134937905879805143453101758338884 : http://localhost:1800/ -> Failed to load resource: net::ERR_NAME_RESOLUTION_FAILED
2022-05-25 20:11:02 ERROR    Failure: 192000098578407187921566301909771202768 : http://localhost:1800/ -> net::ERR_NAME_RESOLUTION_FAILED
2022-05-25 20:11:02 ERROR    Failure: 94097134937905879805143453101758338884 : http://localhost:1800/ -> Failed to load resource: net::ERR_NAME_RESOLUTION_FAILED
2022-05-25 20:11:02 ERROR    Failure: 192000098578407187921566301909771202768 : http://localhost:1800/ -> net::ERR_NAME_RESOLUTION_FAILED
2022-05-25 20:11:02 ERROR    Failure: 94097134937905879805143453101758338884 : http://localhost:1800/ -> Failed to load resource: net::ERR_NAME_RESOLUTION_FAILED
2022-05-25 20:11:02 ERROR    Failure: 192000098578407187921566301909771202768 : http://localhost:1800/ -> net::ERR_NAME_RESOLUTION_FAILED
2022-05-25 20:11:02 ERROR    Failure: 94097134937905879805143453101758338884 : http://localhost:1800/ -> Failed to load resource: net::ERR_NAME_RESOLUTION_FAILED
2022-05-25 20:11:03 ERROR    Failure: 79839802101734943688249486384801588623 : http://localhost:1800/ -> Failed to load resource: the server responded with a status of 401 (Unauthorized)
2022-05-25 20:11:03 ERROR    Failure: 233681242693567643314746531081609967369 : http://localhost:1800/ -> status code(401) -> Not logged in
2022-05-25 20:11:13 ERROR    Failure: 192000098578407187921566301909771202768 : http://localhost:1800/login -> net::ERR_NAME_RESOLUTION_FAILED
2022-05-25 20:11:13 ERROR    Failure: 94097134937905879805143453101758338884 : http://localhost:1800/login -> Failed to load resource: net::ERR_NAME_RESOLUTION_FAILED
2022-05-25 20:11:13 ERROR    Failure: 192000098578407187921566301909771202768 : http://localhost:1800/login -> net::ERR_NAME_RESOLUTION_FAILED
2022-05-25 20:11:13 ERROR    Failure: 94097134937905879805143453101758338884 : http://localhost:1800/login -> Failed to load resource: net::ERR_NAME_RESOLUTION_FAILED
2022-05-25 20:11:13 ERROR    Failure: 192000098578407187921566301909771202768 : http://localhost:1800/login -> net::ERR_NAME_RESOLUTION_FAILED
2022-05-25 20:11:13 ERROR    Failure: 94097134937905879805143453101758338884 : http://localhost:1800/login -> Failed to load resource: net::ERR_NAME_RESOLUTION_FAILED
2022-05-25 20:11:13 ERROR    Failure: 192000098578407187921566301909771202768 : http://localhost:1800/login -> net::ERR_NAME_RESOLUTION_FAILED
2022-05-25 20:11:13 ERROR    Failure: 94097134937905879805143453101758338884 : http://localhost:1800/login -> Failed to load resource: net::ERR_NAME_RESOLUTION_FAILED
2022-05-25 20:11:13 ERROR    Failure: 192000098578407187921566301909771202768 : http://localhost:1800/login -> net::ERR_NAME_RESOLUTION_FAILED
2022-05-25 20:11:13 ERROR    Failure: 94097134937905879805143453101758338884 : http://localhost:1800/login -> Failed to load resource: net::ERR_NAME_RESOLUTION_FAILED
2022-05-25 20:11:13 ERROR    Failure: 192000098578407187921566301909771202768 : http://localhost:1800/login -> net::ERR_NAME_RESOLUTION_FAILED
2022-05-25 20:11:13 ERROR    Failure: 94097134937905879805143453101758338884 : http://localhost:1800/login -> Failed to load resource: net::ERR_NAME_RESOLUTION_FAILED
2022-05-25 20:11:13 ERROR    Failure: 79839802101734943688249486384801588623 : http://localhost:1800/login -> Failed to load resource: the server responded with a status of 401 (Unauthorized)
2022-05-25 20:11:13 ERROR    Failure: 233681242693567643314746531081609967369 : http://localhost:1800/login -> status code(401) -> Not logged in
2022-05-25 20:11:13 ERROR    Failure: 262513326802567628094931167029883077585 : http://localhost:1800/ -> net::ERR_ABORTED
2022-05-25 20:11:13 ERROR    Failure: 192000098578407187921566301909771202768 : http://localhost:1800/subscribe?product=self-hosted -> net::ERR_NAME_RESOLUTION_FAILED
2022-05-25 20:11:13 ERROR    Failure: 94097134937905879805143453101758338884 : http://localhost:1800/subscribe?product=self-hosted -> Failed to load resource: net::ERR_NAME_RESOLUTION_FAILED
2022-05-25 20:11:13 ERROR    Failure: 192000098578407187921566301909771202768 : http://localhost:1800/subscribe?product=self-hosted -> net::ERR_NAME_RESOLUTION_FAILED
2022-05-25 20:11:13 ERROR    Failure: 94097134937905879805143453101758338884 : http://localhost:1800/subscribe?product=self-hosted -> Failed to load resource: net::ERR_NAME_RESOLUTION_FAILED
2022-05-25 20:11:13 ERROR    Failure: 192000098578407187921566301909771202768 : http://localhost:1800/subscribe?product=self-hosted -> net::ERR_NAME_RESOLUTION_FAILED
2022-05-25 20:11:13 ERROR    Failure: 94097134937905879805143453101758338884 : http://localhost:1800/subscribe?product=self-hosted -> Failed to load resource: net::ERR_NAME_RESOLUTION_FAILED
2022-05-25 20:11:13 ERROR    Failure: 192000098578407187921566301909771202768 : http://localhost:1800/subscribe?product=self-hosted -> net::ERR_NAME_RESOLUTION_FAILED
2022-05-25 20:11:13 ERROR    Failure: 94097134937905879805143453101758338884 : http://localhost:1800/subscribe?product=self-hosted -> Failed to load resource: net::ERR_NAME_RESOLUTION_FAILED
2022-05-25 20:11:13 ERROR    Failure: 192000098578407187921566301909771202768 : http://localhost:1800/subscribe?product=self-hosted -> net::ERR_NAME_RESOLUTION_FAILED
2022-05-25 20:11:13 ERROR    Failure: 94097134937905879805143453101758338884 : http://localhost:1800/subscribe?product=self-hosted -> Failed to load resource: net::ERR_NAME_RESOLUTION_FAILED
2022-05-25 20:11:13 ERROR    Failure: 192000098578407187921566301909771202768 : http://localhost:1800/subscribe?product=self-hosted -> net::ERR_NAME_RESOLUTION_FAILED
2022-05-25 20:11:13 ERROR    Failure: 94097134937905879805143453101758338884 : http://localhost:1800/subscribe?product=self-hosted -> Failed to load resource: net::ERR_NAME_RESOLUTION_FAILED
2022-05-25 20:11:14 ERROR    Failure: 79839802101734943688249486384801588623 : http://localhost:1800/subscribe?product=self-hosted -> Failed to load resource: the server responded with a status of 401 (Unauthorized)
2022-05-25 20:11:14 ERROR    Failure: 192000098578407187921566301909771202768 : http://localhost:1800/subscribe?product=self-hosted -> net::ERR_NAME_RESOLUTION_FAILED
2022-05-25 20:11:14 ERROR    Failure: 94097134937905879805143453101758338884 : http://localhost:1800/subscribe?product=self-hosted -> Failed to load resource: net::ERR_NAME_RESOLUTION_FAILED
2022-05-25 20:11:14 ERROR    Failure: 233681242693567643314746531081609967369 : http://localhost:1800/subscribe?product=self-hosted -> status code(401) -> Not logged in
2022-05-25 20:11:18 ERROR    Failure: 192000098578407187921566301909771202768 : http://localhost:1800/ -> net::ERR_NAME_RESOLUTION_FAILED
2022-05-25 20:11:18 ERROR    Failure: 94097134937905879805143453101758338884 : http://localhost:1800/ -> Failed to load resource: net::ERR_NAME_RESOLUTION_FAILED
2022-05-25 20:11:18 ERROR    Failure: 192000098578407187921566301909771202768 : http://localhost:1800/ -> net::ERR_NAME_RESOLUTION_FAILED
2022-05-25 20:11:18 ERROR    Failure: 94097134937905879805143453101758338884 : http://localhost:1800/ -> Failed to load resource: net::ERR_NAME_RESOLUTION_FAILED
2022-05-25 20:11:18 ERROR    Failure: 192000098578407187921566301909771202768 : http://localhost:1800/ -> net::ERR_NAME_RESOLUTION_FAILED
2022-05-25 20:11:18 ERROR    Failure: 94097134937905879805143453101758338884 : http://localhost:1800/ -> Failed to load resource: net::ERR_NAME_RESOLUTION_FAILED
2022-05-25 20:11:18 ERROR    Failure: 192000098578407187921566301909771202768 : http://localhost:1800/ -> net::ERR_NAME_RESOLUTION_FAILED
2022-05-25 20:11:18 ERROR    Failure: 94097134937905879805143453101758338884 : http://localhost:1800/ -> Failed to load resource: net::ERR_NAME_RESOLUTION_FAILED
2022-05-25 20:11:18 ERROR    Failure: 192000098578407187921566301909771202768 : http://localhost:1800/ -> net::ERR_NAME_RESOLUTION_FAILED
2022-05-25 20:11:18 ERROR    Failure: 94097134937905879805143453101758338884 : http://localhost:1800/ -> Failed to load resource: net::ERR_NAME_RESOLUTION_FAILED
2022-05-25 20:11:18 ERROR    Failure: 192000098578407187921566301909771202768 : http://localhost:1800/ -> net::ERR_NAME_RESOLUTION_FAILED
2022-05-25 20:11:18 ERROR    Failure: 94097134937905879805143453101758338884 : http://localhost:1800/ -> Failed to load resource: net::ERR_NAME_RESOLUTION_FAILED
2022-05-25 20:11:18 ERROR    Failure: 79839802101734943688249486384801588623 : http://localhost:1800/ -> Failed to load resource: the server responded with a status of 401 (Unauthorized)
2022-05-25 20:11:18 ERROR    Failure: 233681242693567643314746531081609967369 : http://localhost:1800/ -> status code(401) -> Not logged in
2022-05-25 20:11:28 ERROR    Failure: 192000098578407187921566301909771202768 : http://localhost:1800/subscribe?product=team -> net::ERR_NAME_RESOLUTION_FAILED
2022-05-25 20:11:28 ERROR    Failure: 94097134937905879805143453101758338884 : http://localhost:1800/subscribe?product=team -> Failed to load resource: net::ERR_NAME_RESOLUTION_FAILED
2022-05-25 20:11:28 ERROR    Failure: 192000098578407187921566301909771202768 : http://localhost:1800/subscribe?product=team -> net::ERR_NAME_RESOLUTION_FAILED
2022-05-25 20:11:28 ERROR    Failure: 94097134937905879805143453101758338884 : http://localhost:1800/subscribe?product=team -> Failed to load resource: net::ERR_NAME_RESOLUTION_FAILED
2022-05-25 20:11:28 ERROR    Failure: 192000098578407187921566301909771202768 : http://localhost:1800/subscribe?product=team -> net::ERR_NAME_RESOLUTION_FAILED
2022-05-25 20:11:28 ERROR    Failure: 94097134937905879805143453101758338884 : http://localhost:1800/subscribe?product=team -> Failed to load resource: net::ERR_NAME_RESOLUTION_FAILED
2022-05-25 20:11:28 ERROR    Failure: 192000098578407187921566301909771202768 : http://localhost:1800/subscribe?product=team -> net::ERR_NAME_RESOLUTION_FAILED
2022-05-25 20:11:28 ERROR    Failure: 94097134937905879805143453101758338884 : http://localhost:1800/subscribe?product=team -> Failed to load resource: net::ERR_NAME_RESOLUTION_FAILED
2022-05-25 20:11:28 ERROR    Failure: 192000098578407187921566301909771202768 : http://localhost:1800/subscribe?product=team -> net::ERR_NAME_RESOLUTION_FAILED
2022-05-25 20:11:28 ERROR    Failure: 94097134937905879805143453101758338884 : http://localhost:1800/subscribe?product=team -> Failed to load resource: net::ERR_NAME_RESOLUTION_FAILED
2022-05-25 20:11:28 ERROR    Failure: 192000098578407187921566301909771202768 : http://localhost:1800/subscribe?product=team -> net::ERR_NAME_RESOLUTION_FAILED
2022-05-25 20:11:28 ERROR    Failure: 94097134937905879805143453101758338884 : http://localhost:1800/subscribe?product=team -> Failed to load resource: net::ERR_NAME_RESOLUTION_FAILED
2022-05-25 20:11:28 ERROR    Failure: 79839802101734943688249486384801588623 : http://localhost:1800/subscribe?product=team -> Failed to load resource: the server responded with a status of 401 (Unauthorized)
2022-05-25 20:11:29 ERROR    Failure: 233681242693567643314746531081609967369 : http://localhost:1800/subscribe?product=team -> status code(401) -> Not logged in
2022-05-25 20:11:29 ERROR    Failure: 192000098578407187921566301909771202768 : http://localhost:1800/subscribe?product=team -> net::ERR_NAME_RESOLUTION_FAILED
2022-05-25 20:11:29 ERROR    Failure: 94097134937905879805143453101758338884 : http://localhost:1800/subscribe?product=team -> Failed to load resource: net::ERR_NAME_RESOLUTION_FAILED
2022-05-25 20:11:32 ERROR    Failure: 192000098578407187921566301909771202768 : http://localhost:1800/disclaimer -> net::ERR_NAME_RESOLUTION_FAILED
2022-05-25 20:11:33 ERROR    Failure: 192000098578407187921566301909771202768 : http://localhost:1800/ -> net::ERR_NAME_RESOLUTION_FAILED
2022-05-25 20:11:33 ERROR    Failure: 94097134937905879805143453101758338884 : http://localhost:1800/ -> Failed to load resource: net::ERR_NAME_RESOLUTION_FAILED
2022-05-25 20:11:33 ERROR    Failure: 192000098578407187921566301909771202768 : http://localhost:1800/ -> net::ERR_NAME_RESOLUTION_FAILED
2022-05-25 20:11:33 ERROR    Failure: 94097134937905879805143453101758338884 : http://localhost:1800/ -> Failed to load resource: net::ERR_NAME_RESOLUTION_FAILED
2022-05-25 20:11:33 ERROR    Failure: 192000098578407187921566301909771202768 : http://localhost:1800/ -> net::ERR_NAME_RESOLUTION_FAILED
2022-05-25 20:11:33 ERROR    Failure: 94097134937905879805143453101758338884 : http://localhost:1800/ -> Failed to load resource: net::ERR_NAME_RESOLUTION_FAILED
2022-05-25 20:11:33 ERROR    Failure: 192000098578407187921566301909771202768 : http://localhost:1800/ -> net::ERR_NAME_RESOLUTION_FAILED
2022-05-25 20:11:33 ERROR    Failure: 94097134937905879805143453101758338884 : http://localhost:1800/ -> Failed to load resource: net::ERR_NAME_RESOLUTION_FAILED
2022-05-25 20:11:33 ERROR    Failure: 192000098578407187921566301909771202768 : http://localhost:1800/ -> net::ERR_NAME_RESOLUTION_FAILED
2022-05-25 20:11:33 ERROR    Failure: 94097134937905879805143453101758338884 : http://localhost:1800/ -> Failed to load resource: net::ERR_NAME_RESOLUTION_FAILED
2022-05-25 20:11:33 ERROR    Failure: 192000098578407187921566301909771202768 : http://localhost:1800/ -> net::ERR_NAME_RESOLUTION_FAILED
2022-05-25 20:11:33 ERROR    Failure: 94097134937905879805143453101758338884 : http://localhost:1800/ -> Failed to load resource: net::ERR_NAME_RESOLUTION_FAILED
2022-05-25 20:11:33 ERROR    Failure: 79839802101734943688249486384801588623 : http://localhost:1800/ -> Failed to load resource: the server responded with a status of 401 (Unauthorized)
2022-05-25 20:11:33 ERROR    Failure: 233681242693567643314746531081609967369 : http://localhost:1800/ -> status code(401) -> Not logged in
2022-05-25 20:11:45 ERROR    Failure: 192000098578407187921566301909771202768 : http://localhost:1800/login -> net::ERR_NAME_RESOLUTION_FAILED
2022-05-25 20:11:45 ERROR    Failure: 94097134937905879805143453101758338884 : http://localhost:1800/login -> Failed to load resource: net::ERR_NAME_RESOLUTION_FAILED
2022-05-25 20:11:45 ERROR    Failure: 192000098578407187921566301909771202768 : http://localhost:1800/login -> net::ERR_NAME_RESOLUTION_FAILED
2022-05-25 20:11:45 ERROR    Failure: 94097134937905879805143453101758338884 : http://localhost:1800/login -> Failed to load resource: net::ERR_NAME_RESOLUTION_FAILED
2022-05-25 20:11:45 ERROR    Failure: 192000098578407187921566301909771202768 : http://localhost:1800/login -> net::ERR_NAME_RESOLUTION_FAILED
2022-05-25 20:11:45 ERROR    Failure: 94097134937905879805143453101758338884 : http://localhost:1800/login -> Failed to load resource: net::ERR_NAME_RESOLUTION_FAILED
2022-05-25 20:11:45 ERROR    Failure: 192000098578407187921566301909771202768 : http://localhost:1800/login -> net::ERR_NAME_RESOLUTION_FAILED
2022-05-25 20:11:45 ERROR    Failure: 94097134937905879805143453101758338884 : http://localhost:1800/login -> Failed to load resource: net::ERR_NAME_RESOLUTION_FAILED
2022-05-25 20:11:45 ERROR    Failure: 192000098578407187921566301909771202768 : http://localhost:1800/login -> net::ERR_NAME_RESOLUTION_FAILED
2022-05-25 20:11:45 ERROR    Failure: 94097134937905879805143453101758338884 : http://localhost:1800/login -> Failed to load resource: net::ERR_NAME_RESOLUTION_FAILED
2022-05-25 20:11:45 ERROR    Failure: 192000098578407187921566301909771202768 : http://localhost:1800/login -> net::ERR_NAME_RESOLUTION_FAILED
2022-05-25 20:11:45 ERROR    Failure: 94097134937905879805143453101758338884 : http://localhost:1800/login -> Failed to load resource: net::ERR_NAME_RESOLUTION_FAILED
2022-05-25 20:11:45 ERROR    Failure: 79839802101734943688249486384801588623 : http://localhost:1800/login -> Failed to load resource: the server responded with a status of 401 (Unauthorized)
2022-05-25 20:11:45 ERROR    Failure: 233681242693567643314746531081609967369 : http://localhost:1800/login -> status code(401) -> Not logged in
2022-05-25 20:11:45 ERROR    Failure: 262513326802567628094931167029883077585 : http://localhost:1800/ -> net::ERR_ABORTED
2022-05-25 20:11:45 ERROR    Failure: 192000098578407187921566301909771202768 : http://localhost:1800/subscribe?product=self-hosted -> net::ERR_NAME_RESOLUTION_FAILED
2022-05-25 20:11:45 ERROR    Failure: 94097134937905879805143453101758338884 : http://localhost:1800/subscribe?product=self-hosted -> Failed to load resource: net::ERR_NAME_RESOLUTION_FAILED
2022-05-25 20:11:45 ERROR    Failure: 192000098578407187921566301909771202768 : http://localhost:1800/subscribe?product=self-hosted -> net::ERR_NAME_RESOLUTION_FAILED
2022-05-25 20:11:45 ERROR    Failure: 94097134937905879805143453101758338884 : http://localhost:1800/subscribe?product=self-hosted -> Failed to load resource: net::ERR_NAME_RESOLUTION_FAILED
2022-05-25 20:11:45 ERROR    Failure: 192000098578407187921566301909771202768 : http://localhost:1800/subscribe?product=self-hosted -> net::ERR_NAME_RESOLUTION_FAILED
2022-05-25 20:11:45 ERROR    Failure: 94097134937905879805143453101758338884 : http://localhost:1800/subscribe?product=self-hosted -> Failed to load resource: net::ERR_NAME_RESOLUTION_FAILED
2022-05-25 20:11:45 ERROR    Failure: 192000098578407187921566301909771202768 : http://localhost:1800/subscribe?product=self-hosted -> net::ERR_NAME_RESOLUTION_FAILED
2022-05-25 20:11:45 ERROR    Failure: 94097134937905879805143453101758338884 : http://localhost:1800/subscribe?product=self-hosted -> Failed to load resource: net::ERR_NAME_RESOLUTION_FAILED
2022-05-25 20:11:45 ERROR    Failure: 192000098578407187921566301909771202768 : http://localhost:1800/subscribe?product=self-hosted -> net::ERR_NAME_RESOLUTION_FAILED
2022-05-25 20:11:45 ERROR    Failure: 94097134937905879805143453101758338884 : http://localhost:1800/subscribe?product=self-hosted -> Failed to load resource: net::ERR_NAME_RESOLUTION_FAILED
2022-05-25 20:11:45 ERROR    Failure: 192000098578407187921566301909771202768 : http://localhost:1800/subscribe?product=self-hosted -> net::ERR_NAME_RESOLUTION_FAILED
2022-05-25 20:11:45 ERROR    Failure: 94097134937905879805143453101758338884 : http://localhost:1800/subscribe?product=self-hosted -> Failed to load resource: net::ERR_NAME_RESOLUTION_FAILED
2022-05-25 20:11:46 ERROR    Failure: 79839802101734943688249486384801588623 : http://localhost:1800/subscribe?product=self-hosted -> Failed to load resource: the server responded with a status of 401 (Unauthorized)
2022-05-25 20:11:46 ERROR    Failure: 192000098578407187921566301909771202768 : http://localhost:1800/subscribe?product=self-hosted -> net::ERR_NAME_RESOLUTION_FAILED
2022-05-25 20:11:46 ERROR    Failure: 94097134937905879805143453101758338884 : http://localhost:1800/subscribe?product=self-hosted -> Failed to load resource: net::ERR_NAME_RESOLUTION_FAILED
2022-05-25 20:11:46 ERROR    Failure: 233681242693567643314746531081609967369 : http://localhost:1800/subscribe?product=self-hosted -> status code(401) -> Not logged in
2022-05-25 20:11:49 ERROR    Failure: 192000098578407187921566301909771202768 : http://localhost:1800/ -> net::ERR_NAME_RESOLUTION_FAILED
2022-05-25 20:11:49 ERROR    Failure: 94097134937905879805143453101758338884 : http://localhost:1800/ -> Failed to load resource: net::ERR_NAME_RESOLUTION_FAILED
2022-05-25 20:11:49 ERROR    Failure: 192000098578407187921566301909771202768 : http://localhost:1800/ -> net::ERR_NAME_RESOLUTION_FAILED
2022-05-25 20:11:49 ERROR    Failure: 94097134937905879805143453101758338884 : http://localhost:1800/ -> Failed to load resource: net::ERR_NAME_RESOLUTION_FAILED
2022-05-25 20:11:49 ERROR    Failure: 192000098578407187921566301909771202768 : http://localhost:1800/ -> net::ERR_NAME_RESOLUTION_FAILED
2022-05-25 20:11:49 ERROR    Failure: 94097134937905879805143453101758338884 : http://localhost:1800/ -> Failed to load resource: net::ERR_NAME_RESOLUTION_FAILED
2022-05-25 20:11:49 ERROR    Failure: 192000098578407187921566301909771202768 : http://localhost:1800/ -> net::ERR_NAME_RESOLUTION_FAILED
2022-05-25 20:11:49 ERROR    Failure: 94097134937905879805143453101758338884 : http://localhost:1800/ -> Failed to load resource: net::ERR_NAME_RESOLUTION_FAILED
2022-05-25 20:11:49 ERROR    Failure: 192000098578407187921566301909771202768 : http://localhost:1800/ -> net::ERR_NAME_RESOLUTION_FAILED
2022-05-25 20:11:49 ERROR    Failure: 94097134937905879805143453101758338884 : http://localhost:1800/ -> Failed to load resource: net::ERR_NAME_RESOLUTION_FAILED
2022-05-25 20:11:49 ERROR    Failure: 192000098578407187921566301909771202768 : http://localhost:1800/ -> net::ERR_NAME_RESOLUTION_FAILED
2022-05-25 20:11:49 ERROR    Failure: 94097134937905879805143453101758338884 : http://localhost:1800/ -> Failed to load resource: net::ERR_NAME_RESOLUTION_FAILED
2022-05-25 20:11:49 ERROR    Failure: 79839802101734943688249486384801588623 : http://localhost:1800/ -> Failed to load resource: the server responded with a status of 401 (Unauthorized)
2022-05-25 20:11:49 ERROR    Failure: 233681242693567643314746531081609967369 : http://localhost:1800/ -> status code(401) -> Not logged in
2022-05-25 20:12:00 ERROR    Failure: 192000098578407187921566301909771202768 : http://localhost:1800/subscribe?product=self-hosted -> net::ERR_NAME_RESOLUTION_FAILED
2022-05-25 20:12:00 ERROR    Failure: 94097134937905879805143453101758338884 : http://localhost:1800/subscribe?product=self-hosted -> Failed to load resource: net::ERR_NAME_RESOLUTION_FAILED
2022-05-25 20:12:00 ERROR    Failure: 192000098578407187921566301909771202768 : http://localhost:1800/subscribe?product=self-hosted -> net::ERR_NAME_RESOLUTION_FAILED
2022-05-25 20:12:00 ERROR    Failure: 94097134937905879805143453101758338884 : http://localhost:1800/subscribe?product=self-hosted -> Failed to load resource: net::ERR_NAME_RESOLUTION_FAILED
2022-05-25 20:12:00 ERROR    Failure: 192000098578407187921566301909771202768 : http://localhost:1800/subscribe?product=self-hosted -> net::ERR_NAME_RESOLUTION_FAILED
2022-05-25 20:12:00 ERROR    Failure: 94097134937905879805143453101758338884 : http://localhost:1800/subscribe?product=self-hosted -> Failed to load resource: net::ERR_NAME_RESOLUTION_FAILED
2022-05-25 20:12:00 ERROR    Failure: 192000098578407187921566301909771202768 : http://localhost:1800/subscribe?product=self-hosted -> net::ERR_NAME_RESOLUTION_FAILED
2022-05-25 20:12:00 ERROR    Failure: 94097134937905879805143453101758338884 : http://localhost:1800/subscribe?product=self-hosted -> Failed to load resource: net::ERR_NAME_RESOLUTION_FAILED
2022-05-25 20:12:00 ERROR    Failure: 192000098578407187921566301909771202768 : http://localhost:1800/subscribe?product=self-hosted -> net::ERR_NAME_RESOLUTION_FAILED
2022-05-25 20:12:00 ERROR    Failure: 94097134937905879805143453101758338884 : http://localhost:1800/subscribe?product=self-hosted -> Failed to load resource: net::ERR_NAME_RESOLUTION_FAILED
2022-05-25 20:12:00 ERROR    Failure: 192000098578407187921566301909771202768 : http://localhost:1800/subscribe?product=self-hosted -> net::ERR_NAME_RESOLUTION_FAILED
2022-05-25 20:12:00 ERROR    Failure: 94097134937905879805143453101758338884 : http://localhost:1800/subscribe?product=self-hosted -> Failed to load resource: net::ERR_NAME_RESOLUTION_FAILED
2022-05-25 20:12:01 ERROR    Failure: 79839802101734943688249486384801588623 : http://localhost:1800/subscribe?product=self-hosted -> Failed to load resource: the server responded with a status of 401 (Unauthorized)
2022-05-25 20:12:01 ERROR    Failure: 192000098578407187921566301909771202768 : http://localhost:1800/subscribe?product=self-hosted -> net::ERR_NAME_RESOLUTION_FAILED
2022-05-25 20:12:01 ERROR    Failure: 94097134937905879805143453101758338884 : http://localhost:1800/subscribe?product=self-hosted -> Failed to load resource: net::ERR_NAME_RESOLUTION_FAILED
2022-05-25 20:12:01 ERROR    Failure: 233681242693567643314746531081609967369 : http://localhost:1800/subscribe?product=self-hosted -> status code(401) -> Not logged in
2022-05-25 20:12:03 ERROR    Failure: 262513326802567628094931167029883077585 : http://localhost:1800/ -> net::ERR_ABORTED
2022-05-25 20:12:03 ERROR    Failure: 192000098578407187921566301909771202768 : http://localhost:1800/subscribe?product=self-hosted -> net::ERR_NAME_RESOLUTION_FAILED
2022-05-25 20:12:03 ERROR    Failure: 94097134937905879805143453101758338884 : http://localhost:1800/subscribe?product=self-hosted -> Failed to load resource: net::ERR_NAME_RESOLUTION_FAILED
2022-05-25 20:12:03 ERROR    Failure: 192000098578407187921566301909771202768 : http://localhost:1800/subscribe?product=self-hosted -> net::ERR_NAME_RESOLUTION_FAILED
2022-05-25 20:12:03 ERROR    Failure: 94097134937905879805143453101758338884 : http://localhost:1800/subscribe?product=self-hosted -> Failed to load resource: net::ERR_NAME_RESOLUTION_FAILED
2022-05-25 20:12:03 ERROR    Failure: 192000098578407187921566301909771202768 : http://localhost:1800/subscribe?product=self-hosted -> net::ERR_NAME_RESOLUTION_FAILED
2022-05-25 20:12:03 ERROR    Failure: 94097134937905879805143453101758338884 : http://localhost:1800/subscribe?product=self-hosted -> Failed to load resource: net::ERR_NAME_RESOLUTION_FAILED
2022-05-25 20:12:03 ERROR    Failure: 192000098578407187921566301909771202768 : http://localhost:1800/subscribe?product=self-hosted -> net::ERR_NAME_RESOLUTION_FAILED
2022-05-25 20:12:03 ERROR    Failure: 94097134937905879805143453101758338884 : http://localhost:1800/subscribe?product=self-hosted -> Failed to load resource: net::ERR_NAME_RESOLUTION_FAILED
2022-05-25 20:12:03 ERROR    Failure: 192000098578407187921566301909771202768 : http://localhost:1800/subscribe?product=self-hosted -> net::ERR_NAME_RESOLUTION_FAILED
2022-05-25 20:12:03 ERROR    Failure: 94097134937905879805143453101758338884 : http://localhost:1800/subscribe?product=self-hosted -> Failed to load resource: net::ERR_NAME_RESOLUTION_FAILED
2022-05-25 20:12:03 ERROR    Failure: 192000098578407187921566301909771202768 : http://localhost:1800/subscribe?product=self-hosted -> net::ERR_NAME_RESOLUTION_FAILED
2022-05-25 20:12:03 ERROR    Failure: 94097134937905879805143453101758338884 : http://localhost:1800/subscribe?product=self-hosted -> Failed to load resource: net::ERR_NAME_RESOLUTION_FAILED
2022-05-25 20:12:03 ERROR    Failure: 79839802101734943688249486384801588623 : http://localhost:1800/subscribe?product=self-hosted -> Failed to load resource: the server responded with a status of 401 (Unauthorized)
2022-05-25 20:12:03 ERROR    Failure: 233681242693567643314746531081609967369 : http://localhost:1800/subscribe?product=self-hosted -> status code(401) -> Not logged in
2022-05-25 20:12:03 ERROR    Failure: 192000098578407187921566301909771202768 : http://localhost:1800/subscribe?product=self-hosted -> net::ERR_NAME_RESOLUTION_FAILED
2022-05-25 20:12:03 ERROR    Failure: 94097134937905879805143453101758338884 : http://localhost:1800/subscribe?product=self-hosted -> Failed to load resource: net::ERR_NAME_RESOLUTION_FAILED
2022-05-25 20:12:05 ERROR    Failure: 192000098578407187921566301909771202768 : http://localhost:1800/ -> net::ERR_NAME_RESOLUTION_FAILED
2022-05-25 20:12:05 ERROR    Failure: 94097134937905879805143453101758338884 : http://localhost:1800/ -> Failed to load resource: net::ERR_NAME_RESOLUTION_FAILED
2022-05-25 20:12:05 ERROR    Failure: 192000098578407187921566301909771202768 : http://localhost:1800/ -> net::ERR_NAME_RESOLUTION_FAILED
2022-05-25 20:12:05 ERROR    Failure: 94097134937905879805143453101758338884 : http://localhost:1800/ -> Failed to load resource: net::ERR_NAME_RESOLUTION_FAILED
2022-05-25 20:12:05 ERROR    Failure: 192000098578407187921566301909771202768 : http://localhost:1800/ -> net::ERR_NAME_RESOLUTION_FAILED
2022-05-25 20:12:05 ERROR    Failure: 94097134937905879805143453101758338884 : http://localhost:1800/ -> Failed to load resource: net::ERR_NAME_RESOLUTION_FAILED
2022-05-25 20:12:05 ERROR    Failure: 192000098578407187921566301909771202768 : http://localhost:1800/ -> net::ERR_NAME_RESOLUTION_FAILED
2022-05-25 20:12:05 ERROR    Failure: 94097134937905879805143453101758338884 : http://localhost:1800/ -> Failed to load resource: net::ERR_NAME_RESOLUTION_FAILED
2022-05-25 20:12:05 ERROR    Failure: 192000098578407187921566301909771202768 : http://localhost:1800/ -> net::ERR_NAME_RESOLUTION_FAILED
2022-05-25 20:12:05 ERROR    Failure: 94097134937905879805143453101758338884 : http://localhost:1800/ -> Failed to load resource: net::ERR_NAME_RESOLUTION_FAILED
2022-05-25 20:12:05 ERROR    Failure: 192000098578407187921566301909771202768 : http://localhost:1800/ -> net::ERR_NAME_RESOLUTION_FAILED
2022-05-25 20:12:05 ERROR    Failure: 94097134937905879805143453101758338884 : http://localhost:1800/ -> Failed to load resource: net::ERR_NAME_RESOLUTION_FAILED
2022-05-25 20:12:05 ERROR    Failure: 79839802101734943688249486384801588623 : http://localhost:1800/ -> Failed to load resource: the server responded with a status of 401 (Unauthorized)
2022-05-25 20:12:05 ERROR    Failure: 233681242693567643314746531081609967369 : http://localhost:1800/ -> status code(401) -> Not logged in
2022-05-25 20:12:15 ERROR    Failure: 192000098578407187921566301909771202768 : http://localhost:1800/subscribe?product=unlimited -> net::ERR_NAME_RESOLUTION_FAILED
2022-05-25 20:12:15 ERROR    Failure: 94097134937905879805143453101758338884 : http://localhost:1800/subscribe?product=unlimited -> Failed to load resource: net::ERR_NAME_RESOLUTION_FAILED
2022-05-25 20:12:15 ERROR    Failure: 192000098578407187921566301909771202768 : http://localhost:1800/subscribe?product=unlimited -> net::ERR_NAME_RESOLUTION_FAILED
2022-05-25 20:12:15 ERROR    Failure: 94097134937905879805143453101758338884 : http://localhost:1800/subscribe?product=unlimited -> Failed to load resource: net::ERR_NAME_RESOLUTION_FAILED
2022-05-25 20:12:15 ERROR    Failure: 192000098578407187921566301909771202768 : http://localhost:1800/subscribe?product=unlimited -> net::ERR_NAME_RESOLUTION_FAILED
2022-05-25 20:12:15 ERROR    Failure: 94097134937905879805143453101758338884 : http://localhost:1800/subscribe?product=unlimited -> Failed to load resource: net::ERR_NAME_RESOLUTION_FAILED
2022-05-25 20:12:15 ERROR    Failure: 192000098578407187921566301909771202768 : http://localhost:1800/subscribe?product=unlimited -> net::ERR_NAME_RESOLUTION_FAILED
2022-05-25 20:12:15 ERROR    Failure: 94097134937905879805143453101758338884 : http://localhost:1800/subscribe?product=unlimited -> Failed to load resource: net::ERR_NAME_RESOLUTION_FAILED
2022-05-25 20:12:15 ERROR    Failure: 192000098578407187921566301909771202768 : http://localhost:1800/subscribe?product=unlimited -> net::ERR_NAME_RESOLUTION_FAILED
2022-05-25 20:12:15 ERROR    Failure: 94097134937905879805143453101758338884 : http://localhost:1800/subscribe?product=unlimited -> Failed to load resource: net::ERR_NAME_RESOLUTION_FAILED
2022-05-25 20:12:15 ERROR    Failure: 192000098578407187921566301909771202768 : http://localhost:1800/subscribe?product=unlimited -> net::ERR_NAME_RESOLUTION_FAILED
2022-05-25 20:12:15 ERROR    Failure: 94097134937905879805143453101758338884 : http://localhost:1800/subscribe?product=unlimited -> Failed to load resource: net::ERR_NAME_RESOLUTION_FAILED
2022-05-25 20:12:15 ERROR    Failure: 79839802101734943688249486384801588623 : http://localhost:1800/subscribe?product=unlimited -> Failed to load resource: the server responded with a status of 401 (Unauthorized)
2022-05-25 20:12:16 ERROR    Failure: 192000098578407187921566301909771202768 : http://localhost:1800/subscribe?product=unlimited -> net::ERR_NAME_RESOLUTION_FAILED
2022-05-25 20:12:16 ERROR    Failure: 94097134937905879805143453101758338884 : http://localhost:1800/subscribe?product=unlimited -> Failed to load resource: net::ERR_NAME_RESOLUTION_FAILED
2022-05-25 20:12:16 ERROR    Failure: 233681242693567643314746531081609967369 : http://localhost:1800/subscribe?product=unlimited -> status code(401) -> Not logged in
2022-05-25 20:12:18 ERROR    Failure: 262513326802567628094931167029883077585 : http://localhost:1800/ -> net::ERR_ABORTED
2022-05-25 20:12:18 ERROR    Failure: 192000098578407187921566301909771202768 : http://localhost:1800/login -> net::ERR_NAME_RESOLUTION_FAILED
2022-05-25 20:12:18 ERROR    Failure: 94097134937905879805143453101758338884 : http://localhost:1800/login -> Failed to load resource: net::ERR_NAME_RESOLUTION_FAILED
2022-05-25 20:12:18 ERROR    Failure: 192000098578407187921566301909771202768 : http://localhost:1800/login -> net::ERR_NAME_RESOLUTION_FAILED
2022-05-25 20:12:18 ERROR    Failure: 94097134937905879805143453101758338884 : http://localhost:1800/login -> Failed to load resource: net::ERR_NAME_RESOLUTION_FAILED
2022-05-25 20:12:18 ERROR    Failure: 192000098578407187921566301909771202768 : http://localhost:1800/login -> net::ERR_NAME_RESOLUTION_FAILED
2022-05-25 20:12:18 ERROR    Failure: 94097134937905879805143453101758338884 : http://localhost:1800/login -> Failed to load resource: net::ERR_NAME_RESOLUTION_FAILED
2022-05-25 20:12:18 ERROR    Failure: 192000098578407187921566301909771202768 : http://localhost:1800/login -> net::ERR_NAME_RESOLUTION_FAILED
2022-05-25 20:12:18 ERROR    Failure: 94097134937905879805143453101758338884 : http://localhost:1800/login -> Failed to load resource: net::ERR_NAME_RESOLUTION_FAILED
2022-05-25 20:12:18 ERROR    Failure: 192000098578407187921566301909771202768 : http://localhost:1800/login -> net::ERR_NAME_RESOLUTION_FAILED
2022-05-25 20:12:18 ERROR    Failure: 94097134937905879805143453101758338884 : http://localhost:1800/login -> Failed to load resource: net::ERR_NAME_RESOLUTION_FAILED
2022-05-25 20:12:18 ERROR    Failure: 192000098578407187921566301909771202768 : http://localhost:1800/login -> net::ERR_NAME_RESOLUTION_FAILED
2022-05-25 20:12:18 ERROR    Failure: 94097134937905879805143453101758338884 : http://localhost:1800/login -> Failed to load resource: net::ERR_NAME_RESOLUTION_FAILED
2022-05-25 20:12:18 ERROR    Failure: 79839802101734943688249486384801588623 : http://localhost:1800/login -> Failed to load resource: the server responded with a status of 401 (Unauthorized)
2022-05-25 20:12:18 ERROR    Failure: 233681242693567643314746531081609967369 : http://localhost:1800/login -> status code(401) -> Not logged in
2022-05-25 20:12:21 ERROR    Failure: 192000098578407187921566301909771202768 : http://localhost:1800/ -> net::ERR_NAME_RESOLUTION_FAILED
2022-05-25 20:12:21 ERROR    Failure: 94097134937905879805143453101758338884 : http://localhost:1800/ -> Failed to load resource: net::ERR_NAME_RESOLUTION_FAILED
2022-05-25 20:12:21 ERROR    Failure: 192000098578407187921566301909771202768 : http://localhost:1800/ -> net::ERR_NAME_RESOLUTION_FAILED
2022-05-25 20:12:21 ERROR    Failure: 94097134937905879805143453101758338884 : http://localhost:1800/ -> Failed to load resource: net::ERR_NAME_RESOLUTION_FAILED
2022-05-25 20:12:21 ERROR    Failure: 192000098578407187921566301909771202768 : http://localhost:1800/ -> net::ERR_NAME_RESOLUTION_FAILED
2022-05-25 20:12:21 ERROR    Failure: 94097134937905879805143453101758338884 : http://localhost:1800/ -> Failed to load resource: net::ERR_NAME_RESOLUTION_FAILED
2022-05-25 20:12:21 ERROR    Failure: 192000098578407187921566301909771202768 : http://localhost:1800/ -> net::ERR_NAME_RESOLUTION_FAILED
2022-05-25 20:12:21 ERROR    Failure: 94097134937905879805143453101758338884 : http://localhost:1800/ -> Failed to load resource: net::ERR_NAME_RESOLUTION_FAILED
2022-05-25 20:12:21 ERROR    Failure: 192000098578407187921566301909771202768 : http://localhost:1800/ -> net::ERR_NAME_RESOLUTION_FAILED
2022-05-25 20:12:21 ERROR    Failure: 94097134937905879805143453101758338884 : http://localhost:1800/ -> Failed to load resource: net::ERR_NAME_RESOLUTION_FAILED
2022-05-25 20:12:21 ERROR    Failure: 192000098578407187921566301909771202768 : http://localhost:1800/ -> net::ERR_NAME_RESOLUTION_FAILED
2022-05-25 20:12:21 ERROR    Failure: 94097134937905879805143453101758338884 : http://localhost:1800/ -> Failed to load resource: net::ERR_NAME_RESOLUTION_FAILED
2022-05-25 20:12:21 ERROR    Failure: 79839802101734943688249486384801588623 : http://localhost:1800/ -> Failed to load resource: the server responded with a status of 401 (Unauthorized)
2022-05-25 20:12:21 ERROR    Failure: 233681242693567643314746531081609967369 : http://localhost:1800/ -> status code(401) -> Not logged in
2022-05-25 20:12:31 ERROR    Failure: 192000098578407187921566301909771202768 : http://localhost:1800/subscribe?product=unlimited -> net::ERR_NAME_RESOLUTION_FAILED
2022-05-25 20:12:31 ERROR    Failure: 94097134937905879805143453101758338884 : http://localhost:1800/subscribe?product=unlimited -> Failed to load resource: net::ERR_NAME_RESOLUTION_FAILED
2022-05-25 20:12:31 ERROR    Failure: 192000098578407187921566301909771202768 : http://localhost:1800/subscribe?product=unlimited -> net::ERR_NAME_RESOLUTION_FAILED
2022-05-25 20:12:31 ERROR    Failure: 94097134937905879805143453101758338884 : http://localhost:1800/subscribe?product=unlimited -> Failed to load resource: net::ERR_NAME_RESOLUTION_FAILED
2022-05-25 20:12:31 ERROR    Failure: 192000098578407187921566301909771202768 : http://localhost:1800/subscribe?product=unlimited -> net::ERR_NAME_RESOLUTION_FAILED
2022-05-25 20:12:31 ERROR    Failure: 94097134937905879805143453101758338884 : http://localhost:1800/subscribe?product=unlimited -> Failed to load resource: net::ERR_NAME_RESOLUTION_FAILED
2022-05-25 20:12:31 ERROR    Failure: 192000098578407187921566301909771202768 : http://localhost:1800/subscribe?product=unlimited -> net::ERR_NAME_RESOLUTION_FAILED
2022-05-25 20:12:31 ERROR    Failure: 94097134937905879805143453101758338884 : http://localhost:1800/subscribe?product=unlimited -> Failed to load resource: net::ERR_NAME_RESOLUTION_FAILED
2022-05-25 20:12:31 ERROR    Failure: 192000098578407187921566301909771202768 : http://localhost:1800/subscribe?product=unlimited -> net::ERR_NAME_RESOLUTION_FAILED
2022-05-25 20:12:31 ERROR    Failure: 94097134937905879805143453101758338884 : http://localhost:1800/subscribe?product=unlimited -> Failed to load resource: net::ERR_NAME_RESOLUTION_FAILED
2022-05-25 20:12:31 ERROR    Failure: 192000098578407187921566301909771202768 : http://localhost:1800/subscribe?product=unlimited -> net::ERR_NAME_RESOLUTION_FAILED
2022-05-25 20:12:31 ERROR    Failure: 94097134937905879805143453101758338884 : http://localhost:1800/subscribe?product=unlimited -> Failed to load resource: net::ERR_NAME_RESOLUTION_FAILED
2022-05-25 20:12:31 ERROR    Failure: 79839802101734943688249486384801588623 : http://localhost:1800/subscribe?product=unlimited -> Failed to load resource: the server responded with a status of 401 (Unauthorized)
2022-05-25 20:12:31 ERROR    Failure: 233681242693567643314746531081609967369 : http://localhost:1800/subscribe?product=unlimited -> status code(401) -> Not logged in
2022-05-25 20:12:31 ERROR    Failure: 192000098578407187921566301909771202768 : http://localhost:1800/subscribe?product=unlimited -> net::ERR_NAME_RESOLUTION_FAILED
2022-05-25 20:12:31 ERROR    Failure: 94097134937905879805143453101758338884 : http://localhost:1800/subscribe?product=unlimited -> Failed to load resource: net::ERR_NAME_RESOLUTION_FAILED
2022-05-25 20:12:34 ERROR    Failure: 262513326802567628094931167029883077585 : http://localhost:1800/ -> net::ERR_ABORTED
2022-05-25 20:12:34 ERROR    Failure: 192000098578407187921566301909771202768 : http://localhost:1800/login -> net::ERR_NAME_RESOLUTION_FAILED
2022-05-25 20:12:34 ERROR    Failure: 94097134937905879805143453101758338884 : http://localhost:1800/login -> Failed to load resource: net::ERR_NAME_RESOLUTION_FAILED
2022-05-25 20:12:34 ERROR    Failure: 192000098578407187921566301909771202768 : http://localhost:1800/login -> net::ERR_NAME_RESOLUTION_FAILED
2022-05-25 20:12:34 ERROR    Failure: 94097134937905879805143453101758338884 : http://localhost:1800/login -> Failed to load resource: net::ERR_NAME_RESOLUTION_FAILED
2022-05-25 20:12:34 ERROR    Failure: 192000098578407187921566301909771202768 : http://localhost:1800/login -> net::ERR_NAME_RESOLUTION_FAILED
2022-05-25 20:12:34 ERROR    Failure: 94097134937905879805143453101758338884 : http://localhost:1800/login -> Failed to load resource: net::ERR_NAME_RESOLUTION_FAILED
2022-05-25 20:12:34 ERROR    Failure: 192000098578407187921566301909771202768 : http://localhost:1800/login -> net::ERR_NAME_RESOLUTION_FAILED
2022-05-25 20:12:34 ERROR    Failure: 94097134937905879805143453101758338884 : http://localhost:1800/login -> Failed to load resource: net::ERR_NAME_RESOLUTION_FAILED
2022-05-25 20:12:34 ERROR    Failure: 192000098578407187921566301909771202768 : http://localhost:1800/login -> net::ERR_NAME_RESOLUTION_FAILED
2022-05-25 20:12:34 ERROR    Failure: 94097134937905879805143453101758338884 : http://localhost:1800/login -> Failed to load resource: net::ERR_NAME_RESOLUTION_FAILED
2022-05-25 20:12:34 ERROR    Failure: 192000098578407187921566301909771202768 : http://localhost:1800/login -> net::ERR_NAME_RESOLUTION_FAILED
2022-05-25 20:12:34 ERROR    Failure: 94097134937905879805143453101758338884 : http://localhost:1800/login -> Failed to load resource: net::ERR_NAME_RESOLUTION_FAILED
2022-05-25 20:12:34 ERROR    Failure: 79839802101734943688249486384801588623 : http://localhost:1800/login -> Failed to load resource: the server responded with a status of 401 (Unauthorized)
2022-05-25 20:12:34 ERROR    Failure: 233681242693567643314746531081609967369 : http://localhost:1800/login -> status code(401) -> Not logged in
2022-05-25 20:12:34 ERROR    Failure: 262513326802567628094931167029883077585 : http://localhost:1800/ -> net::ERR_ABORTED
2022-05-25 20:12:34 ERROR    Failure: 192000098578407187921566301909771202768 : http://localhost:1800/login -> net::ERR_NAME_RESOLUTION_FAILED
2022-05-25 20:12:34 ERROR    Failure: 94097134937905879805143453101758338884 : http://localhost:1800/login -> Failed to load resource: net::ERR_NAME_RESOLUTION_FAILED
2022-05-25 20:12:34 ERROR    Failure: 192000098578407187921566301909771202768 : http://localhost:1800/login -> net::ERR_NAME_RESOLUTION_FAILED
2022-05-25 20:12:34 ERROR    Failure: 94097134937905879805143453101758338884 : http://localhost:1800/login -> Failed to load resource: net::ERR_NAME_RESOLUTION_FAILED
2022-05-25 20:12:34 ERROR    Failure: 192000098578407187921566301909771202768 : http://localhost:1800/login -> net::ERR_NAME_RESOLUTION_FAILED
2022-05-25 20:12:34 ERROR    Failure: 94097134937905879805143453101758338884 : http://localhost:1800/login -> Failed to load resource: net::ERR_NAME_RESOLUTION_FAILED
2022-05-25 20:12:34 ERROR    Failure: 192000098578407187921566301909771202768 : http://localhost:1800/login -> net::ERR_NAME_RESOLUTION_FAILED
2022-05-25 20:12:34 ERROR    Failure: 94097134937905879805143453101758338884 : http://localhost:1800/login -> Failed to load resource: net::ERR_NAME_RESOLUTION_FAILED
2022-05-25 20:12:34 ERROR    Failure: 192000098578407187921566301909771202768 : http://localhost:1800/login -> net::ERR_NAME_RESOLUTION_FAILED
2022-05-25 20:12:34 ERROR    Failure: 94097134937905879805143453101758338884 : http://localhost:1800/login -> Failed to load resource: net::ERR_NAME_RESOLUTION_FAILED
2022-05-25 20:12:34 ERROR    Failure: 192000098578407187921566301909771202768 : http://localhost:1800/login -> net::ERR_NAME_RESOLUTION_FAILED
2022-05-25 20:12:34 ERROR    Failure: 94097134937905879805143453101758338884 : http://localhost:1800/login -> Failed to load resource: net::ERR_NAME_RESOLUTION_FAILED
2022-05-25 20:12:35 ERROR    Failure: 79839802101734943688249486384801588623 : http://localhost:1800/login -> Failed to load resource: the server responded with a status of 401 (Unauthorized)
2022-05-25 20:12:35 ERROR    Failure: 233681242693567643314746531081609967369 : http://localhost:1800/login -> status code(401) -> Not logged in
2022-05-25 20:12:36 ERROR    Failure: 192000098578407187921566301909771202768 : http://localhost:1800/ -> net::ERR_NAME_RESOLUTION_FAILED
2022-05-25 20:12:36 ERROR    Failure: 94097134937905879805143453101758338884 : http://localhost:1800/ -> Failed to load resource: net::ERR_NAME_RESOLUTION_FAILED
2022-05-25 20:12:36 ERROR    Failure: 192000098578407187921566301909771202768 : http://localhost:1800/ -> net::ERR_NAME_RESOLUTION_FAILED
2022-05-25 20:12:36 ERROR    Failure: 94097134937905879805143453101758338884 : http://localhost:1800/ -> Failed to load resource: net::ERR_NAME_RESOLUTION_FAILED
2022-05-25 20:12:36 ERROR    Failure: 192000098578407187921566301909771202768 : http://localhost:1800/ -> net::ERR_NAME_RESOLUTION_FAILED
2022-05-25 20:12:36 ERROR    Failure: 94097134937905879805143453101758338884 : http://localhost:1800/ -> Failed to load resource: net::ERR_NAME_RESOLUTION_FAILED
2022-05-25 20:12:36 ERROR    Failure: 192000098578407187921566301909771202768 : http://localhost:1800/ -> net::ERR_NAME_RESOLUTION_FAILED
2022-05-25 20:12:36 ERROR    Failure: 94097134937905879805143453101758338884 : http://localhost:1800/ -> Failed to load resource: net::ERR_NAME_RESOLUTION_FAILED
2022-05-25 20:12:36 ERROR    Failure: 192000098578407187921566301909771202768 : http://localhost:1800/ -> net::ERR_NAME_RESOLUTION_FAILED
2022-05-25 20:12:36 ERROR    Failure: 94097134937905879805143453101758338884 : http://localhost:1800/ -> Failed to load resource: net::ERR_NAME_RESOLUTION_FAILED
2022-05-25 20:12:36 ERROR    Failure: 192000098578407187921566301909771202768 : http://localhost:1800/ -> net::ERR_NAME_RESOLUTION_FAILED
2022-05-25 20:12:36 ERROR    Failure: 94097134937905879805143453101758338884 : http://localhost:1800/ -> Failed to load resource: net::ERR_NAME_RESOLUTION_FAILED
2022-05-25 20:12:37 ERROR    Failure: 79839802101734943688249486384801588623 : http://localhost:1800/ -> Failed to load resource: the server responded with a status of 401 (Unauthorized)
2022-05-25 20:12:37 ERROR    Failure: 233681242693567643314746531081609967369 : http://localhost:1800/ -> status code(401) -> Not logged in
2022-05-25 20:12:50 ERROR    Failure: 192000098578407187921566301909771202768 : http://localhost:1800/login -> net::ERR_NAME_RESOLUTION_FAILED
2022-05-25 20:12:50 ERROR    Failure: 94097134937905879805143453101758338884 : http://localhost:1800/login -> Failed to load resource: net::ERR_NAME_RESOLUTION_FAILED
2022-05-25 20:12:50 ERROR    Failure: 192000098578407187921566301909771202768 : http://localhost:1800/login -> net::ERR_NAME_RESOLUTION_FAILED
2022-05-25 20:12:50 ERROR    Failure: 94097134937905879805143453101758338884 : http://localhost:1800/login -> Failed to load resource: net::ERR_NAME_RESOLUTION_FAILED
2022-05-25 20:12:50 ERROR    Failure: 192000098578407187921566301909771202768 : http://localhost:1800/login -> net::ERR_NAME_RESOLUTION_FAILED
2022-05-25 20:12:50 ERROR    Failure: 94097134937905879805143453101758338884 : http://localhost:1800/login -> Failed to load resource: net::ERR_NAME_RESOLUTION_FAILED
2022-05-25 20:12:50 ERROR    Failure: 192000098578407187921566301909771202768 : http://localhost:1800/login -> net::ERR_NAME_RESOLUTION_FAILED
2022-05-25 20:12:50 ERROR    Failure: 94097134937905879805143453101758338884 : http://localhost:1800/login -> Failed to load resource: net::ERR_NAME_RESOLUTION_FAILED
2022-05-25 20:12:50 ERROR    Failure: 192000098578407187921566301909771202768 : http://localhost:1800/login -> net::ERR_NAME_RESOLUTION_FAILED
2022-05-25 20:12:50 ERROR    Failure: 94097134937905879805143453101758338884 : http://localhost:1800/login -> Failed to load resource: net::ERR_NAME_RESOLUTION_FAILED
2022-05-25 20:12:50 ERROR    Failure: 192000098578407187921566301909771202768 : http://localhost:1800/login -> net::ERR_NAME_RESOLUTION_FAILED
2022-05-25 20:12:50 ERROR    Failure: 94097134937905879805143453101758338884 : http://localhost:1800/login -> Failed to load resource: net::ERR_NAME_RESOLUTION_FAILED
2022-05-25 20:12:50 ERROR    Failure: 79839802101734943688249486384801588623 : http://localhost:1800/login -> Failed to load resource: the server responded with a status of 401 (Unauthorized)
2022-05-25 20:12:50 ERROR    Failure: 233681242693567643314746531081609967369 : http://localhost:1800/login -> status code(401) -> Not logged in
2022-05-25 20:12:50 ERROR    Failure: 262513326802567628094931167029883077585 : http://localhost:1800/ -> net::ERR_ABORTED
2022-05-25 20:12:50 ERROR    Failure: 192000098578407187921566301909771202768 : http://localhost:1800/subscribe?product=team -> net::ERR_NAME_RESOLUTION_FAILED
2022-05-25 20:12:50 ERROR    Failure: 94097134937905879805143453101758338884 : http://localhost:1800/subscribe?product=team -> Failed to load resource: net::ERR_NAME_RESOLUTION_FAILED
2022-05-25 20:12:50 ERROR    Failure: 192000098578407187921566301909771202768 : http://localhost:1800/subscribe?product=team -> net::ERR_NAME_RESOLUTION_FAILED
2022-05-25 20:12:50 ERROR    Failure: 94097134937905879805143453101758338884 : http://localhost:1800/subscribe?product=team -> Failed to load resource: net::ERR_NAME_RESOLUTION_FAILED
2022-05-25 20:12:50 ERROR    Failure: 192000098578407187921566301909771202768 : http://localhost:1800/subscribe?product=team -> net::ERR_NAME_RESOLUTION_FAILED
2022-05-25 20:12:50 ERROR    Failure: 94097134937905879805143453101758338884 : http://localhost:1800/subscribe?product=team -> Failed to load resource: net::ERR_NAME_RESOLUTION_FAILED
2022-05-25 20:12:50 ERROR    Failure: 192000098578407187921566301909771202768 : http://localhost:1800/subscribe?product=team -> net::ERR_NAME_RESOLUTION_FAILED
2022-05-25 20:12:50 ERROR    Failure: 94097134937905879805143453101758338884 : http://localhost:1800/subscribe?product=team -> Failed to load resource: net::ERR_NAME_RESOLUTION_FAILED
2022-05-25 20:12:50 ERROR    Failure: 192000098578407187921566301909771202768 : http://localhost:1800/subscribe?product=team -> net::ERR_NAME_RESOLUTION_FAILED
2022-05-25 20:12:50 ERROR    Failure: 94097134937905879805143453101758338884 : http://localhost:1800/subscribe?product=team -> Failed to load resource: net::ERR_NAME_RESOLUTION_FAILED
2022-05-25 20:12:50 ERROR    Failure: 192000098578407187921566301909771202768 : http://localhost:1800/subscribe?product=team -> net::ERR_NAME_RESOLUTION_FAILED
2022-05-25 20:12:50 ERROR    Failure: 94097134937905879805143453101758338884 : http://localhost:1800/subscribe?product=team -> Failed to load resource: net::ERR_NAME_RESOLUTION_FAILED
2022-05-25 20:12:51 ERROR    Failure: 79839802101734943688249486384801588623 : http://localhost:1800/subscribe?product=team -> Failed to load resource: the server responded with a status of 401 (Unauthorized)
2022-05-25 20:12:51 ERROR    Failure: 192000098578407187921566301909771202768 : http://localhost:1800/subscribe?product=team -> net::ERR_NAME_RESOLUTION_FAILED
2022-05-25 20:12:51 ERROR    Failure: 94097134937905879805143453101758338884 : http://localhost:1800/subscribe?product=team -> Failed to load resource: net::ERR_NAME_RESOLUTION_FAILED
2022-05-25 20:12:51 ERROR    Failure: 233681242693567643314746531081609967369 : http://localhost:1800/subscribe?product=team -> status code(401) -> Not logged in
2022-05-25 20:12:52 ERROR    Failure: 262513326802567628094931167029883077585 : http://localhost:1800/ -> net::ERR_ABORTED
2022-05-25 20:12:52 ERROR    Failure: 192000098578407187921566301909771202768 : http://localhost:1800/login -> net::ERR_NAME_RESOLUTION_FAILED
2022-05-25 20:12:52 ERROR    Failure: 94097134937905879805143453101758338884 : http://localhost:1800/login -> Failed to load resource: net::ERR_NAME_RESOLUTION_FAILED
2022-05-25 20:12:52 ERROR    Failure: 192000098578407187921566301909771202768 : http://localhost:1800/login -> net::ERR_NAME_RESOLUTION_FAILED
2022-05-25 20:12:52 ERROR    Failure: 94097134937905879805143453101758338884 : http://localhost:1800/login -> Failed to load resource: net::ERR_NAME_RESOLUTION_FAILED
2022-05-25 20:12:52 ERROR    Failure: 192000098578407187921566301909771202768 : http://localhost:1800/login -> net::ERR_NAME_RESOLUTION_FAILED
2022-05-25 20:12:52 ERROR    Failure: 94097134937905879805143453101758338884 : http://localhost:1800/login -> Failed to load resource: net::ERR_NAME_RESOLUTION_FAILED
2022-05-25 20:12:52 ERROR    Failure: 192000098578407187921566301909771202768 : http://localhost:1800/login -> net::ERR_NAME_RESOLUTION_FAILED
2022-05-25 20:12:52 ERROR    Failure: 94097134937905879805143453101758338884 : http://localhost:1800/login -> Failed to load resource: net::ERR_NAME_RESOLUTION_FAILED
2022-05-25 20:12:52 ERROR    Failure: 192000098578407187921566301909771202768 : http://localhost:1800/login -> net::ERR_NAME_RESOLUTION_FAILED
2022-05-25 20:12:52 ERROR    Failure: 94097134937905879805143453101758338884 : http://localhost:1800/login -> Failed to load resource: net::ERR_NAME_RESOLUTION_FAILED
2022-05-25 20:12:52 ERROR    Failure: 192000098578407187921566301909771202768 : http://localhost:1800/login -> net::ERR_NAME_RESOLUTION_FAILED
2022-05-25 20:12:52 ERROR    Failure: 94097134937905879805143453101758338884 : http://localhost:1800/login -> Failed to load resource: net::ERR_NAME_RESOLUTION_FAILED
2022-05-25 20:12:52 ERROR    Failure: 79839802101734943688249486384801588623 : http://localhost:1800/login -> Failed to load resource: the server responded with a status of 401 (Unauthorized)
2022-05-25 20:12:52 ERROR    Failure: 233681242693567643314746531081609967369 : http://localhost:1800/login -> status code(401) -> Not logged in
2022-05-25 20:12:54 ERROR    Failure: 192000098578407187921566301909771202768 : http://localhost:1800/ -> net::ERR_NAME_RESOLUTION_FAILED
2022-05-25 20:12:54 ERROR    Failure: 94097134937905879805143453101758338884 : http://localhost:1800/ -> Failed to load resource: net::ERR_NAME_RESOLUTION_FAILED
2022-05-25 20:12:54 ERROR    Failure: 192000098578407187921566301909771202768 : http://localhost:1800/ -> net::ERR_NAME_RESOLUTION_FAILED
2022-05-25 20:12:54 ERROR    Failure: 94097134937905879805143453101758338884 : http://localhost:1800/ -> Failed to load resource: net::ERR_NAME_RESOLUTION_FAILED
2022-05-25 20:12:54 ERROR    Failure: 192000098578407187921566301909771202768 : http://localhost:1800/ -> net::ERR_NAME_RESOLUTION_FAILED
2022-05-25 20:12:54 ERROR    Failure: 94097134937905879805143453101758338884 : http://localhost:1800/ -> Failed to load resource: net::ERR_NAME_RESOLUTION_FAILED
2022-05-25 20:12:54 ERROR    Failure: 192000098578407187921566301909771202768 : http://localhost:1800/ -> net::ERR_NAME_RESOLUTION_FAILED
2022-05-25 20:12:54 ERROR    Failure: 94097134937905879805143453101758338884 : http://localhost:1800/ -> Failed to load resource: net::ERR_NAME_RESOLUTION_FAILED
2022-05-25 20:12:54 ERROR    Failure: 192000098578407187921566301909771202768 : http://localhost:1800/ -> net::ERR_NAME_RESOLUTION_FAILED
2022-05-25 20:12:54 ERROR    Failure: 94097134937905879805143453101758338884 : http://localhost:1800/ -> Failed to load resource: net::ERR_NAME_RESOLUTION_FAILED
2022-05-25 20:12:54 ERROR    Failure: 192000098578407187921566301909771202768 : http://localhost:1800/ -> net::ERR_NAME_RESOLUTION_FAILED
2022-05-25 20:12:54 ERROR    Failure: 94097134937905879805143453101758338884 : http://localhost:1800/ -> Failed to load resource: net::ERR_NAME_RESOLUTION_FAILED
2022-05-25 20:12:54 ERROR    Failure: 79839802101734943688249486384801588623 : http://localhost:1800/ -> Failed to load resource: the server responded with a status of 401 (Unauthorized)
2022-05-25 20:12:54 ERROR    Failure: 233681242693567643314746531081609967369 : http://localhost:1800/ -> status code(401) -> Not logged in
2022-05-25 20:13:06 ERROR    Failure: 192000098578407187921566301909771202768 : http://localhost:1800/login -> net::ERR_NAME_RESOLUTION_FAILED
2022-05-25 20:13:06 ERROR    Failure: 94097134937905879805143453101758338884 : http://localhost:1800/login -> Failed to load resource: net::ERR_NAME_RESOLUTION_FAILED
2022-05-25 20:13:06 ERROR    Failure: 192000098578407187921566301909771202768 : http://localhost:1800/login -> net::ERR_NAME_RESOLUTION_FAILED
2022-05-25 20:13:06 ERROR    Failure: 94097134937905879805143453101758338884 : http://localhost:1800/login -> Failed to load resource: net::ERR_NAME_RESOLUTION_FAILED
2022-05-25 20:13:06 ERROR    Failure: 192000098578407187921566301909771202768 : http://localhost:1800/login -> net::ERR_NAME_RESOLUTION_FAILED
2022-05-25 20:13:06 ERROR    Failure: 94097134937905879805143453101758338884 : http://localhost:1800/login -> Failed to load resource: net::ERR_NAME_RESOLUTION_FAILED
2022-05-25 20:13:06 ERROR    Failure: 192000098578407187921566301909771202768 : http://localhost:1800/login -> net::ERR_NAME_RESOLUTION_FAILED
2022-05-25 20:13:06 ERROR    Failure: 94097134937905879805143453101758338884 : http://localhost:1800/login -> Failed to load resource: net::ERR_NAME_RESOLUTION_FAILED
2022-05-25 20:13:06 ERROR    Failure: 192000098578407187921566301909771202768 : http://localhost:1800/login -> net::ERR_NAME_RESOLUTION_FAILED
2022-05-25 20:13:06 ERROR    Failure: 94097134937905879805143453101758338884 : http://localhost:1800/login -> Failed to load resource: net::ERR_NAME_RESOLUTION_FAILED
2022-05-25 20:13:06 ERROR    Failure: 192000098578407187921566301909771202768 : http://localhost:1800/login -> net::ERR_NAME_RESOLUTION_FAILED
2022-05-25 20:13:06 ERROR    Failure: 94097134937905879805143453101758338884 : http://localhost:1800/login -> Failed to load resource: net::ERR_NAME_RESOLUTION_FAILED
2022-05-25 20:13:07 ERROR    Failure: 79839802101734943688249486384801588623 : http://localhost:1800/login -> Failed to load resource: the server responded with a status of 401 (Unauthorized)
2022-05-25 20:13:07 ERROR    Failure: 233681242693567643314746531081609967369 : http://localhost:1800/login -> status code(401) -> Not logged in
2022-05-25 20:13:12 ERROR    Failure: 262513326802567628094931167029883077585 : http://localhost:1800/ -> net::ERR_ABORTED
2022-05-25 20:13:12 ERROR    Failure: 192000098578407187921566301909771202768 : http://localhost:1800/subscribe?product=self-hosted -> net::ERR_NAME_RESOLUTION_FAILED
2022-05-25 20:13:12 ERROR    Failure: 94097134937905879805143453101758338884 : http://localhost:1800/subscribe?product=self-hosted -> Failed to load resource: net::ERR_NAME_RESOLUTION_FAILED
2022-05-25 20:13:12 ERROR    Failure: 192000098578407187921566301909771202768 : http://localhost:1800/subscribe?product=self-hosted -> net::ERR_NAME_RESOLUTION_FAILED
2022-05-25 20:13:12 ERROR    Failure: 94097134937905879805143453101758338884 : http://localhost:1800/subscribe?product=self-hosted -> Failed to load resource: net::ERR_NAME_RESOLUTION_FAILED
2022-05-25 20:13:12 ERROR    Failure: 192000098578407187921566301909771202768 : http://localhost:1800/subscribe?product=self-hosted -> net::ERR_NAME_RESOLUTION_FAILED
2022-05-25 20:13:12 ERROR    Failure: 94097134937905879805143453101758338884 : http://localhost:1800/subscribe?product=self-hosted -> Failed to load resource: net::ERR_NAME_RESOLUTION_FAILED
2022-05-25 20:13:12 ERROR    Failure: 192000098578407187921566301909771202768 : http://localhost:1800/subscribe?product=self-hosted -> net::ERR_NAME_RESOLUTION_FAILED
2022-05-25 20:13:12 ERROR    Failure: 94097134937905879805143453101758338884 : http://localhost:1800/subscribe?product=self-hosted -> Failed to load resource: net::ERR_NAME_RESOLUTION_FAILED
2022-05-25 20:13:12 ERROR    Failure: 192000098578407187921566301909771202768 : http://localhost:1800/subscribe?product=self-hosted -> net::ERR_NAME_RESOLUTION_FAILED
2022-05-25 20:13:12 ERROR    Failure: 94097134937905879805143453101758338884 : http://localhost:1800/subscribe?product=self-hosted -> Failed to load resource: net::ERR_NAME_RESOLUTION_FAILED
2022-05-25 20:13:12 ERROR    Failure: 192000098578407187921566301909771202768 : http://localhost:1800/subscribe?product=self-hosted -> net::ERR_NAME_RESOLUTION_FAILED
2022-05-25 20:13:12 ERROR    Failure: 94097134937905879805143453101758338884 : http://localhost:1800/subscribe?product=self-hosted -> Failed to load resource: net::ERR_NAME_RESOLUTION_FAILED
2022-05-25 20:13:12 ERROR    Failure: 79839802101734943688249486384801588623 : http://localhost:1800/subscribe?product=self-hosted -> Failed to load resource: the server responded with a status of 401 (Unauthorized)
2022-05-25 20:13:12 ERROR    Failure: 192000098578407187921566301909771202768 : http://localhost:1800/subscribe?product=self-hosted -> net::ERR_NAME_RESOLUTION_FAILED
2022-05-25 20:13:12 ERROR    Failure: 94097134937905879805143453101758338884 : http://localhost:1800/subscribe?product=self-hosted -> Failed to load resource: net::ERR_NAME_RESOLUTION_FAILED
2022-05-25 20:13:12 ERROR    Failure: 233681242693567643314746531081609967369 : http://localhost:1800/subscribe?product=self-hosted -> status code(401) -> Not logged in
2022-05-25 20:13:14 ERROR    Failure: 192000098578407187921566301909771202768 : http://localhost:1800/ -> net::ERR_NAME_RESOLUTION_FAILED
2022-05-25 20:13:14 ERROR    Failure: 94097134937905879805143453101758338884 : http://localhost:1800/ -> Failed to load resource: net::ERR_NAME_RESOLUTION_FAILED
2022-05-25 20:13:14 ERROR    Failure: 192000098578407187921566301909771202768 : http://localhost:1800/ -> net::ERR_NAME_RESOLUTION_FAILED
2022-05-25 20:13:14 ERROR    Failure: 94097134937905879805143453101758338884 : http://localhost:1800/ -> Failed to load resource: net::ERR_NAME_RESOLUTION_FAILED
2022-05-25 20:13:14 ERROR    Failure: 192000098578407187921566301909771202768 : http://localhost:1800/ -> net::ERR_NAME_RESOLUTION_FAILED
2022-05-25 20:13:14 ERROR    Failure: 94097134937905879805143453101758338884 : http://localhost:1800/ -> Failed to load resource: net::ERR_NAME_RESOLUTION_FAILED
2022-05-25 20:13:14 ERROR    Failure: 192000098578407187921566301909771202768 : http://localhost:1800/ -> net::ERR_NAME_RESOLUTION_FAILED
2022-05-25 20:13:14 ERROR    Failure: 94097134937905879805143453101758338884 : http://localhost:1800/ -> Failed to load resource: net::ERR_NAME_RESOLUTION_FAILED
2022-05-25 20:13:14 ERROR    Failure: 192000098578407187921566301909771202768 : http://localhost:1800/ -> net::ERR_NAME_RESOLUTION_FAILED
2022-05-25 20:13:14 ERROR    Failure: 94097134937905879805143453101758338884 : http://localhost:1800/ -> Failed to load resource: net::ERR_NAME_RESOLUTION_FAILED
2022-05-25 20:13:14 ERROR    Failure: 192000098578407187921566301909771202768 : http://localhost:1800/ -> net::ERR_NAME_RESOLUTION_FAILED
2022-05-25 20:13:14 ERROR    Failure: 94097134937905879805143453101758338884 : http://localhost:1800/ -> Failed to load resource: net::ERR_NAME_RESOLUTION_FAILED
2022-05-25 20:13:14 ERROR    Failure: 79839802101734943688249486384801588623 : http://localhost:1800/ -> Failed to load resource: the server responded with a status of 401 (Unauthorized)
2022-05-25 20:13:14 ERROR    Failure: 233681242693567643314746531081609967369 : http://localhost:1800/ -> status code(401) -> Not logged in
2022-05-25 20:13:24 ERROR    Failure: 192000098578407187921566301909771202768 : http://localhost:1800/subscribe?product=unlimited -> net::ERR_NAME_RESOLUTION_FAILED
2022-05-25 20:13:24 ERROR    Failure: 94097134937905879805143453101758338884 : http://localhost:1800/subscribe?product=unlimited -> Failed to load resource: net::ERR_NAME_RESOLUTION_FAILED
2022-05-25 20:13:24 ERROR    Failure: 192000098578407187921566301909771202768 : http://localhost:1800/subscribe?product=unlimited -> net::ERR_NAME_RESOLUTION_FAILED
2022-05-25 20:13:24 ERROR    Failure: 94097134937905879805143453101758338884 : http://localhost:1800/subscribe?product=unlimited -> Failed to load resource: net::ERR_NAME_RESOLUTION_FAILED
2022-05-25 20:13:24 ERROR    Failure: 192000098578407187921566301909771202768 : http://localhost:1800/subscribe?product=unlimited -> net::ERR_NAME_RESOLUTION_FAILED
2022-05-25 20:13:24 ERROR    Failure: 94097134937905879805143453101758338884 : http://localhost:1800/subscribe?product=unlimited -> Failed to load resource: net::ERR_NAME_RESOLUTION_FAILED
2022-05-25 20:13:24 ERROR    Failure: 192000098578407187921566301909771202768 : http://localhost:1800/subscribe?product=unlimited -> net::ERR_NAME_RESOLUTION_FAILED
2022-05-25 20:13:24 ERROR    Failure: 94097134937905879805143453101758338884 : http://localhost:1800/subscribe?product=unlimited -> Failed to load resource: net::ERR_NAME_RESOLUTION_FAILED
2022-05-25 20:13:24 ERROR    Failure: 192000098578407187921566301909771202768 : http://localhost:1800/subscribe?product=unlimited -> net::ERR_NAME_RESOLUTION_FAILED
2022-05-25 20:13:24 ERROR    Failure: 94097134937905879805143453101758338884 : http://localhost:1800/subscribe?product=unlimited -> Failed to load resource: net::ERR_NAME_RESOLUTION_FAILED
2022-05-25 20:13:24 ERROR    Failure: 192000098578407187921566301909771202768 : http://localhost:1800/subscribe?product=unlimited -> net::ERR_NAME_RESOLUTION_FAILED
2022-05-25 20:13:24 ERROR    Failure: 94097134937905879805143453101758338884 : http://localhost:1800/subscribe?product=unlimited -> Failed to load resource: net::ERR_NAME_RESOLUTION_FAILED
2022-05-25 20:13:24 ERROR    Failure: 79839802101734943688249486384801588623 : http://localhost:1800/subscribe?product=unlimited -> Failed to load resource: the server responded with a status of 401 (Unauthorized)
2022-05-25 20:13:24 ERROR    Failure: 192000098578407187921566301909771202768 : http://localhost:1800/subscribe?product=unlimited -> net::ERR_NAME_RESOLUTION_FAILED
2022-05-25 20:13:24 ERROR    Failure: 94097134937905879805143453101758338884 : http://localhost:1800/subscribe?product=unlimited -> Failed to load resource: net::ERR_NAME_RESOLUTION_FAILED
2022-05-25 20:13:24 ERROR    Failure: 233681242693567643314746531081609967369 : http://localhost:1800/subscribe?product=unlimited -> status code(401) -> Not logged in
2022-05-25 20:13:29 ERROR    Failure: 192000098578407187921566301909771202768 : http://localhost:1800/ -> net::ERR_NAME_RESOLUTION_FAILED
2022-05-25 20:13:29 ERROR    Failure: 94097134937905879805143453101758338884 : http://localhost:1800/ -> Failed to load resource: net::ERR_NAME_RESOLUTION_FAILED
2022-05-25 20:13:29 ERROR    Failure: 192000098578407187921566301909771202768 : http://localhost:1800/ -> net::ERR_NAME_RESOLUTION_FAILED
2022-05-25 20:13:29 ERROR    Failure: 94097134937905879805143453101758338884 : http://localhost:1800/ -> Failed to load resource: net::ERR_NAME_RESOLUTION_FAILED
2022-05-25 20:13:29 ERROR    Failure: 192000098578407187921566301909771202768 : http://localhost:1800/ -> net::ERR_NAME_RESOLUTION_FAILED
2022-05-25 20:13:29 ERROR    Failure: 94097134937905879805143453101758338884 : http://localhost:1800/ -> Failed to load resource: net::ERR_NAME_RESOLUTION_FAILED
2022-05-25 20:13:29 ERROR    Failure: 192000098578407187921566301909771202768 : http://localhost:1800/ -> net::ERR_NAME_RESOLUTION_FAILED
2022-05-25 20:13:29 ERROR    Failure: 94097134937905879805143453101758338884 : http://localhost:1800/ -> Failed to load resource: net::ERR_NAME_RESOLUTION_FAILED
2022-05-25 20:13:29 ERROR    Failure: 192000098578407187921566301909771202768 : http://localhost:1800/ -> net::ERR_NAME_RESOLUTION_FAILED
2022-05-25 20:13:29 ERROR    Failure: 94097134937905879805143453101758338884 : http://localhost:1800/ -> Failed to load resource: net::ERR_NAME_RESOLUTION_FAILED
2022-05-25 20:13:29 ERROR    Failure: 192000098578407187921566301909771202768 : http://localhost:1800/ -> net::ERR_NAME_RESOLUTION_FAILED
2022-05-25 20:13:29 ERROR    Failure: 94097134937905879805143453101758338884 : http://localhost:1800/ -> Failed to load resource: net::ERR_NAME_RESOLUTION_FAILED
2022-05-25 20:13:29 ERROR    Failure: 79839802101734943688249486384801588623 : http://localhost:1800/ -> Failed to load resource: the server responded with a status of 401 (Unauthorized)
2022-05-25 20:13:30 ERROR    Failure: 233681242693567643314746531081609967369 : http://localhost:1800/ -> status code(401) -> Not logged in
2022-05-25 20:13:40 ERROR    Failure: 192000098578407187921566301909771202768 : http://localhost:1800/ -> net::ERR_NAME_RESOLUTION_FAILED
2022-05-25 20:13:40 ERROR    Failure: 94097134937905879805143453101758338884 : http://localhost:1800/ -> Failed to load resource: net::ERR_NAME_RESOLUTION_FAILED
2022-05-25 20:13:40 ERROR    Failure: 192000098578407187921566301909771202768 : http://localhost:1800/ -> net::ERR_NAME_RESOLUTION_FAILED
2022-05-25 20:13:40 ERROR    Failure: 94097134937905879805143453101758338884 : http://localhost:1800/ -> Failed to load resource: net::ERR_NAME_RESOLUTION_FAILED
2022-05-25 20:13:40 ERROR    Failure: 192000098578407187921566301909771202768 : http://localhost:1800/ -> net::ERR_NAME_RESOLUTION_FAILED
2022-05-25 20:13:40 ERROR    Failure: 94097134937905879805143453101758338884 : http://localhost:1800/ -> Failed to load resource: net::ERR_NAME_RESOLUTION_FAILED
2022-05-25 20:13:40 ERROR    Failure: 192000098578407187921566301909771202768 : http://localhost:1800/ -> net::ERR_NAME_RESOLUTION_FAILED
2022-05-25 20:13:40 ERROR    Failure: 94097134937905879805143453101758338884 : http://localhost:1800/ -> Failed to load resource: net::ERR_NAME_RESOLUTION_FAILED
2022-05-25 20:13:40 ERROR    Failure: 192000098578407187921566301909771202768 : http://localhost:1800/ -> net::ERR_NAME_RESOLUTION_FAILED
2022-05-25 20:13:40 ERROR    Failure: 94097134937905879805143453101758338884 : http://localhost:1800/ -> Failed to load resource: net::ERR_NAME_RESOLUTION_FAILED
2022-05-25 20:13:40 ERROR    Failure: 192000098578407187921566301909771202768 : http://localhost:1800/ -> net::ERR_NAME_RESOLUTION_FAILED
2022-05-25 20:13:40 ERROR    Failure: 94097134937905879805143453101758338884 : http://localhost:1800/ -> Failed to load resource: net::ERR_NAME_RESOLUTION_FAILED
2022-05-25 20:13:40 ERROR    Failure: 79839802101734943688249486384801588623 : http://localhost:1800/ -> Failed to load resource: the server responded with a status of 401 (Unauthorized)
2022-05-25 20:13:40 ERROR    Failure: 233681242693567643314746531081609967369 : http://localhost:1800/ -> status code(401) -> Not logged in
2022-05-25 20:13:41 ERROR    Failure: 262513326802567628094931167029883077585 : http://localhost:1800/ -> net::ERR_ABORTED
2022-05-25 20:13:41 ERROR    Failure: 192000098578407187921566301909771202768 : http://localhost:1800/subscribe?product=unlimited -> net::ERR_NAME_RESOLUTION_FAILED
2022-05-25 20:13:41 ERROR    Failure: 94097134937905879805143453101758338884 : http://localhost:1800/subscribe?product=unlimited -> Failed to load resource: net::ERR_NAME_RESOLUTION_FAILED
2022-05-25 20:13:41 ERROR    Failure: 192000098578407187921566301909771202768 : http://localhost:1800/subscribe?product=unlimited -> net::ERR_NAME_RESOLUTION_FAILED
2022-05-25 20:13:41 ERROR    Failure: 94097134937905879805143453101758338884 : http://localhost:1800/subscribe?product=unlimited -> Failed to load resource: net::ERR_NAME_RESOLUTION_FAILED
2022-05-25 20:13:41 ERROR    Failure: 192000098578407187921566301909771202768 : http://localhost:1800/subscribe?product=unlimited -> net::ERR_NAME_RESOLUTION_FAILED
2022-05-25 20:13:41 ERROR    Failure: 94097134937905879805143453101758338884 : http://localhost:1800/subscribe?product=unlimited -> Failed to load resource: net::ERR_NAME_RESOLUTION_FAILED
2022-05-25 20:13:41 ERROR    Failure: 192000098578407187921566301909771202768 : http://localhost:1800/subscribe?product=unlimited -> net::ERR_NAME_RESOLUTION_FAILED
2022-05-25 20:13:41 ERROR    Failure: 94097134937905879805143453101758338884 : http://localhost:1800/subscribe?product=unlimited -> Failed to load resource: net::ERR_NAME_RESOLUTION_FAILED
2022-05-25 20:13:41 ERROR    Failure: 192000098578407187921566301909771202768 : http://localhost:1800/subscribe?product=unlimited -> net::ERR_NAME_RESOLUTION_FAILED
2022-05-25 20:13:41 ERROR    Failure: 94097134937905879805143453101758338884 : http://localhost:1800/subscribe?product=unlimited -> Failed to load resource: net::ERR_NAME_RESOLUTION_FAILED
2022-05-25 20:13:41 ERROR    Failure: 192000098578407187921566301909771202768 : http://localhost:1800/subscribe?product=unlimited -> net::ERR_NAME_RESOLUTION_FAILED
2022-05-25 20:13:41 ERROR    Failure: 94097134937905879805143453101758338884 : http://localhost:1800/subscribe?product=unlimited -> Failed to load resource: net::ERR_NAME_RESOLUTION_FAILED
2022-05-25 20:13:41 ERROR    Failure: 79839802101734943688249486384801588623 : http://localhost:1800/subscribe?product=unlimited -> Failed to load resource: the server responded with a status of 401 (Unauthorized)
2022-05-25 20:13:41 ERROR    Failure: 233681242693567643314746531081609967369 : http://localhost:1800/subscribe?product=unlimited -> status code(401) -> Not logged in
2022-05-25 20:13:41 ERROR    Failure: 192000098578407187921566301909771202768 : http://localhost:1800/subscribe?product=unlimited -> net::ERR_NAME_RESOLUTION_FAILED
2022-05-25 20:13:41 ERROR    Failure: 94097134937905879805143453101758338884 : http://localhost:1800/subscribe?product=unlimited -> Failed to load resource: net::ERR_NAME_RESOLUTION_FAILED
2022-05-25 20:13:48 ERROR    Failure: 192000098578407187921566301909771202768 : http://localhost:1800/ -> net::ERR_NAME_RESOLUTION_FAILED
2022-05-25 20:13:48 ERROR    Failure: 94097134937905879805143453101758338884 : http://localhost:1800/ -> Failed to load resource: net::ERR_NAME_RESOLUTION_FAILED
2022-05-25 20:13:48 ERROR    Failure: 192000098578407187921566301909771202768 : http://localhost:1800/ -> net::ERR_NAME_RESOLUTION_FAILED
2022-05-25 20:13:48 ERROR    Failure: 94097134937905879805143453101758338884 : http://localhost:1800/ -> Failed to load resource: net::ERR_NAME_RESOLUTION_FAILED
2022-05-25 20:13:48 ERROR    Failure: 192000098578407187921566301909771202768 : http://localhost:1800/ -> net::ERR_NAME_RESOLUTION_FAILED
2022-05-25 20:13:48 ERROR    Failure: 94097134937905879805143453101758338884 : http://localhost:1800/ -> Failed to load resource: net::ERR_NAME_RESOLUTION_FAILED
2022-05-25 20:13:48 ERROR    Failure: 192000098578407187921566301909771202768 : http://localhost:1800/ -> net::ERR_NAME_RESOLUTION_FAILED
2022-05-25 20:13:48 ERROR    Failure: 94097134937905879805143453101758338884 : http://localhost:1800/ -> Failed to load resource: net::ERR_NAME_RESOLUTION_FAILED
2022-05-25 20:13:48 ERROR    Failure: 192000098578407187921566301909771202768 : http://localhost:1800/ -> net::ERR_NAME_RESOLUTION_FAILED
2022-05-25 20:13:48 ERROR    Failure: 94097134937905879805143453101758338884 : http://localhost:1800/ -> Failed to load resource: net::ERR_NAME_RESOLUTION_FAILED
2022-05-25 20:13:48 ERROR    Failure: 192000098578407187921566301909771202768 : http://localhost:1800/ -> net::ERR_NAME_RESOLUTION_FAILED
2022-05-25 20:13:48 ERROR    Failure: 94097134937905879805143453101758338884 : http://localhost:1800/ -> Failed to load resource: net::ERR_NAME_RESOLUTION_FAILED
2022-05-25 20:13:49 ERROR    Failure: 79839802101734943688249486384801588623 : http://localhost:1800/ -> Failed to load resource: the server responded with a status of 401 (Unauthorized)
2022-05-25 20:13:49 ERROR    Failure: 233681242693567643314746531081609967369 : http://localhost:1800/ -> status code(401) -> Not logged in
2022-05-25 20:14:00 ERROR    Failure: 192000098578407187921566301909771202768 : http://localhost:1800/subscribe?product=unlimited -> net::ERR_NAME_RESOLUTION_FAILED
2022-05-25 20:14:00 ERROR    Failure: 94097134937905879805143453101758338884 : http://localhost:1800/subscribe?product=unlimited -> Failed to load resource: net::ERR_NAME_RESOLUTION_FAILED
2022-05-25 20:14:00 ERROR    Failure: 192000098578407187921566301909771202768 : http://localhost:1800/subscribe?product=unlimited -> net::ERR_NAME_RESOLUTION_FAILED
2022-05-25 20:14:00 ERROR    Failure: 94097134937905879805143453101758338884 : http://localhost:1800/subscribe?product=unlimited -> Failed to load resource: net::ERR_NAME_RESOLUTION_FAILED
2022-05-25 20:14:00 ERROR    Failure: 192000098578407187921566301909771202768 : http://localhost:1800/subscribe?product=unlimited -> net::ERR_NAME_RESOLUTION_FAILED
2022-05-25 20:14:00 ERROR    Failure: 94097134937905879805143453101758338884 : http://localhost:1800/subscribe?product=unlimited -> Failed to load resource: net::ERR_NAME_RESOLUTION_FAILED
2022-05-25 20:14:00 ERROR    Failure: 192000098578407187921566301909771202768 : http://localhost:1800/subscribe?product=unlimited -> net::ERR_NAME_RESOLUTION_FAILED
2022-05-25 20:14:00 ERROR    Failure: 94097134937905879805143453101758338884 : http://localhost:1800/subscribe?product=unlimited -> Failed to load resource: net::ERR_NAME_RESOLUTION_FAILED
2022-05-25 20:14:00 ERROR    Failure: 192000098578407187921566301909771202768 : http://localhost:1800/subscribe?product=unlimited -> net::ERR_NAME_RESOLUTION_FAILED
2022-05-25 20:14:00 ERROR    Failure: 94097134937905879805143453101758338884 : http://localhost:1800/subscribe?product=unlimited -> Failed to load resource: net::ERR_NAME_RESOLUTION_FAILED
2022-05-25 20:14:00 ERROR    Failure: 192000098578407187921566301909771202768 : http://localhost:1800/subscribe?product=unlimited -> net::ERR_NAME_RESOLUTION_FAILED
2022-05-25 20:14:00 ERROR    Failure: 94097134937905879805143453101758338884 : http://localhost:1800/subscribe?product=unlimited -> Failed to load resource: net::ERR_NAME_RESOLUTION_FAILED
2022-05-25 20:14:01 ERROR    Failure: 79839802101734943688249486384801588623 : http://localhost:1800/subscribe?product=unlimited -> Failed to load resource: the server responded with a status of 401 (Unauthorized)
2022-05-25 20:14:01 ERROR    Failure: 233681242693567643314746531081609967369 : http://localhost:1800/subscribe?product=unlimited -> status code(401) -> Not logged in
2022-05-25 20:14:01 ERROR    Failure: 192000098578407187921566301909771202768 : http://localhost:1800/subscribe?product=unlimited -> net::ERR_NAME_RESOLUTION_FAILED
2022-05-25 20:14:01 ERROR    Failure: 94097134937905879805143453101758338884 : http://localhost:1800/subscribe?product=unlimited -> Failed to load resource: net::ERR_NAME_RESOLUTION_FAILED
2022-05-25 20:14:02 ERROR    Failure: 262513326802567628094931167029883077585 : http://localhost:1800/ -> net::ERR_ABORTED
2022-05-25 20:14:02 ERROR    Failure: 192000098578407187921566301909771202768 : http://localhost:1800/login -> net::ERR_NAME_RESOLUTION_FAILED
2022-05-25 20:14:02 ERROR    Failure: 94097134937905879805143453101758338884 : http://localhost:1800/login -> Failed to load resource: net::ERR_NAME_RESOLUTION_FAILED
2022-05-25 20:14:02 ERROR    Failure: 192000098578407187921566301909771202768 : http://localhost:1800/login -> net::ERR_NAME_RESOLUTION_FAILED
2022-05-25 20:14:02 ERROR    Failure: 94097134937905879805143453101758338884 : http://localhost:1800/login -> Failed to load resource: net::ERR_NAME_RESOLUTION_FAILED
2022-05-25 20:14:02 ERROR    Failure: 192000098578407187921566301909771202768 : http://localhost:1800/login -> net::ERR_NAME_RESOLUTION_FAILED
2022-05-25 20:14:02 ERROR    Failure: 94097134937905879805143453101758338884 : http://localhost:1800/login -> Failed to load resource: net::ERR_NAME_RESOLUTION_FAILED
2022-05-25 20:14:02 ERROR    Failure: 192000098578407187921566301909771202768 : http://localhost:1800/login -> net::ERR_NAME_RESOLUTION_FAILED
2022-05-25 20:14:02 ERROR    Failure: 94097134937905879805143453101758338884 : http://localhost:1800/login -> Failed to load resource: net::ERR_NAME_RESOLUTION_FAILED
2022-05-25 20:14:02 ERROR    Failure: 192000098578407187921566301909771202768 : http://localhost:1800/login -> net::ERR_NAME_RESOLUTION_FAILED
2022-05-25 20:14:02 ERROR    Failure: 94097134937905879805143453101758338884 : http://localhost:1800/login -> Failed to load resource: net::ERR_NAME_RESOLUTION_FAILED
2022-05-25 20:14:02 ERROR    Failure: 192000098578407187921566301909771202768 : http://localhost:1800/login -> net::ERR_NAME_RESOLUTION_FAILED
2022-05-25 20:14:02 ERROR    Failure: 94097134937905879805143453101758338884 : http://localhost:1800/login -> Failed to load resource: net::ERR_NAME_RESOLUTION_FAILED
2022-05-25 20:14:02 ERROR    Failure: 79839802101734943688249486384801588623 : http://localhost:1800/login -> Failed to load resource: the server responded with a status of 401 (Unauthorized)
2022-05-25 20:14:02 ERROR    Failure: 233681242693567643314746531081609967369 : http://localhost:1800/login -> status code(401) -> Not logged in
2022-05-25 20:14:03 ERROR    Failure: 192000098578407187921566301909771202768 : http://localhost:1800/ -> net::ERR_NAME_RESOLUTION_FAILED
2022-05-25 20:14:03 ERROR    Failure: 94097134937905879805143453101758338884 : http://localhost:1800/ -> Failed to load resource: net::ERR_NAME_RESOLUTION_FAILED
2022-05-25 20:14:03 ERROR    Failure: 192000098578407187921566301909771202768 : http://localhost:1800/ -> net::ERR_NAME_RESOLUTION_FAILED
2022-05-25 20:14:03 ERROR    Failure: 94097134937905879805143453101758338884 : http://localhost:1800/ -> Failed to load resource: net::ERR_NAME_RESOLUTION_FAILED
2022-05-25 20:14:03 ERROR    Failure: 192000098578407187921566301909771202768 : http://localhost:1800/ -> net::ERR_NAME_RESOLUTION_FAILED
2022-05-25 20:14:03 ERROR    Failure: 94097134937905879805143453101758338884 : http://localhost:1800/ -> Failed to load resource: net::ERR_NAME_RESOLUTION_FAILED
2022-05-25 20:14:03 ERROR    Failure: 192000098578407187921566301909771202768 : http://localhost:1800/ -> net::ERR_NAME_RESOLUTION_FAILED
2022-05-25 20:14:03 ERROR    Failure: 94097134937905879805143453101758338884 : http://localhost:1800/ -> Failed to load resource: net::ERR_NAME_RESOLUTION_FAILED
2022-05-25 20:14:03 ERROR    Failure: 192000098578407187921566301909771202768 : http://localhost:1800/ -> net::ERR_NAME_RESOLUTION_FAILED
2022-05-25 20:14:03 ERROR    Failure: 94097134937905879805143453101758338884 : http://localhost:1800/ -> Failed to load resource: net::ERR_NAME_RESOLUTION_FAILED
2022-05-25 20:14:03 ERROR    Failure: 192000098578407187921566301909771202768 : http://localhost:1800/ -> net::ERR_NAME_RESOLUTION_FAILED
2022-05-25 20:14:03 ERROR    Failure: 94097134937905879805143453101758338884 : http://localhost:1800/ -> Failed to load resource: net::ERR_NAME_RESOLUTION_FAILED
2022-05-25 20:14:04 ERROR    Failure: 79839802101734943688249486384801588623 : http://localhost:1800/ -> Failed to load resource: the server responded with a status of 401 (Unauthorized)
2022-05-25 20:14:04 ERROR    Failure: 233681242693567643314746531081609967369 : http://localhost:1800/ -> status code(401) -> Not logged in
2022-05-25 20:14:20 ERROR    Failure: 192000098578407187921566301909771202768 : http://localhost:1800/subscribe?product=team -> net::ERR_NAME_RESOLUTION_FAILED
2022-05-25 20:14:20 ERROR    Failure: 94097134937905879805143453101758338884 : http://localhost:1800/subscribe?product=team -> Failed to load resource: net::ERR_NAME_RESOLUTION_FAILED
2022-05-25 20:14:20 ERROR    Failure: 192000098578407187921566301909771202768 : http://localhost:1800/subscribe?product=team -> net::ERR_NAME_RESOLUTION_FAILED
2022-05-25 20:14:20 ERROR    Failure: 94097134937905879805143453101758338884 : http://localhost:1800/subscribe?product=team -> Failed to load resource: net::ERR_NAME_RESOLUTION_FAILED
2022-05-25 20:14:20 ERROR    Failure: 192000098578407187921566301909771202768 : http://localhost:1800/subscribe?product=team -> net::ERR_NAME_RESOLUTION_FAILED
2022-05-25 20:14:20 ERROR    Failure: 94097134937905879805143453101758338884 : http://localhost:1800/subscribe?product=team -> Failed to load resource: net::ERR_NAME_RESOLUTION_FAILED
2022-05-25 20:14:20 ERROR    Failure: 192000098578407187921566301909771202768 : http://localhost:1800/subscribe?product=team -> net::ERR_NAME_RESOLUTION_FAILED
2022-05-25 20:14:20 ERROR    Failure: 94097134937905879805143453101758338884 : http://localhost:1800/subscribe?product=team -> Failed to load resource: net::ERR_NAME_RESOLUTION_FAILED
2022-05-25 20:14:20 ERROR    Failure: 192000098578407187921566301909771202768 : http://localhost:1800/subscribe?product=team -> net::ERR_NAME_RESOLUTION_FAILED
2022-05-25 20:14:20 ERROR    Failure: 94097134937905879805143453101758338884 : http://localhost:1800/subscribe?product=team -> Failed to load resource: net::ERR_NAME_RESOLUTION_FAILED
2022-05-25 20:14:20 ERROR    Failure: 192000098578407187921566301909771202768 : http://localhost:1800/subscribe?product=team -> net::ERR_NAME_RESOLUTION_FAILED
2022-05-25 20:14:20 ERROR    Failure: 94097134937905879805143453101758338884 : http://localhost:1800/subscribe?product=team -> Failed to load resource: net::ERR_NAME_RESOLUTION_FAILED
2022-05-25 20:14:20 ERROR    Failure: 79839802101734943688249486384801588623 : http://localhost:1800/subscribe?product=team -> Failed to load resource: the server responded with a status of 401 (Unauthorized)
2022-05-25 20:14:20 ERROR    Failure: 192000098578407187921566301909771202768 : http://localhost:1800/subscribe?product=team -> net::ERR_NAME_RESOLUTION_FAILED
2022-05-25 20:14:20 ERROR    Failure: 94097134937905879805143453101758338884 : http://localhost:1800/subscribe?product=team -> Failed to load resource: net::ERR_NAME_RESOLUTION_FAILED
2022-05-25 20:14:20 ERROR    Failure: 233681242693567643314746531081609967369 : http://localhost:1800/subscribe?product=team -> status code(401) -> Not logged in
2022-05-25 20:14:23 ERROR    Failure: 192000098578407187921566301909771202768 : http://localhost:1800/ -> net::ERR_NAME_RESOLUTION_FAILED
2022-05-25 20:14:23 ERROR    Failure: 94097134937905879805143453101758338884 : http://localhost:1800/ -> Failed to load resource: net::ERR_NAME_RESOLUTION_FAILED
2022-05-25 20:14:23 ERROR    Failure: 192000098578407187921566301909771202768 : http://localhost:1800/ -> net::ERR_NAME_RESOLUTION_FAILED
2022-05-25 20:14:23 ERROR    Failure: 94097134937905879805143453101758338884 : http://localhost:1800/ -> Failed to load resource: net::ERR_NAME_RESOLUTION_FAILED
2022-05-25 20:14:23 ERROR    Failure: 192000098578407187921566301909771202768 : http://localhost:1800/ -> net::ERR_NAME_RESOLUTION_FAILED
2022-05-25 20:14:23 ERROR    Failure: 94097134937905879805143453101758338884 : http://localhost:1800/ -> Failed to load resource: net::ERR_NAME_RESOLUTION_FAILED
2022-05-25 20:14:23 ERROR    Failure: 192000098578407187921566301909771202768 : http://localhost:1800/ -> net::ERR_NAME_RESOLUTION_FAILED
2022-05-25 20:14:23 ERROR    Failure: 94097134937905879805143453101758338884 : http://localhost:1800/ -> Failed to load resource: net::ERR_NAME_RESOLUTION_FAILED
2022-05-25 20:14:23 ERROR    Failure: 192000098578407187921566301909771202768 : http://localhost:1800/ -> net::ERR_NAME_RESOLUTION_FAILED
2022-05-25 20:14:23 ERROR    Failure: 94097134937905879805143453101758338884 : http://localhost:1800/ -> Failed to load resource: net::ERR_NAME_RESOLUTION_FAILED
2022-05-25 20:14:23 ERROR    Failure: 192000098578407187921566301909771202768 : http://localhost:1800/ -> net::ERR_NAME_RESOLUTION_FAILED
2022-05-25 20:14:23 ERROR    Failure: 94097134937905879805143453101758338884 : http://localhost:1800/ -> Failed to load resource: net::ERR_NAME_RESOLUTION_FAILED
2022-05-25 20:14:24 ERROR    Failure: 79839802101734943688249486384801588623 : http://localhost:1800/ -> Failed to load resource: the server responded with a status of 401 (Unauthorized)
2022-05-25 20:14:24 ERROR    Failure: 233681242693567643314746531081609967369 : http://localhost:1800/ -> status code(401) -> Not logged in
2022-05-25 20:14:34 ERROR    Failure: 192000098578407187921566301909771202768 : http://localhost:1800/subscribe?product=unlimited -> net::ERR_NAME_RESOLUTION_FAILED
2022-05-25 20:14:34 ERROR    Failure: 94097134937905879805143453101758338884 : http://localhost:1800/subscribe?product=unlimited -> Failed to load resource: net::ERR_NAME_RESOLUTION_FAILED
2022-05-25 20:14:34 ERROR    Failure: 192000098578407187921566301909771202768 : http://localhost:1800/subscribe?product=unlimited -> net::ERR_NAME_RESOLUTION_FAILED
2022-05-25 20:14:34 ERROR    Failure: 94097134937905879805143453101758338884 : http://localhost:1800/subscribe?product=unlimited -> Failed to load resource: net::ERR_NAME_RESOLUTION_FAILED
2022-05-25 20:14:34 ERROR    Failure: 192000098578407187921566301909771202768 : http://localhost:1800/subscribe?product=unlimited -> net::ERR_NAME_RESOLUTION_FAILED
2022-05-25 20:14:34 ERROR    Failure: 94097134937905879805143453101758338884 : http://localhost:1800/subscribe?product=unlimited -> Failed to load resource: net::ERR_NAME_RESOLUTION_FAILED
2022-05-25 20:14:34 ERROR    Failure: 192000098578407187921566301909771202768 : http://localhost:1800/subscribe?product=unlimited -> net::ERR_NAME_RESOLUTION_FAILED
2022-05-25 20:14:34 ERROR    Failure: 94097134937905879805143453101758338884 : http://localhost:1800/subscribe?product=unlimited -> Failed to load resource: net::ERR_NAME_RESOLUTION_FAILED
2022-05-25 20:14:34 ERROR    Failure: 192000098578407187921566301909771202768 : http://localhost:1800/subscribe?product=unlimited -> net::ERR_NAME_RESOLUTION_FAILED
2022-05-25 20:14:34 ERROR    Failure: 94097134937905879805143453101758338884 : http://localhost:1800/subscribe?product=unlimited -> Failed to load resource: net::ERR_NAME_RESOLUTION_FAILED
2022-05-25 20:14:34 ERROR    Failure: 192000098578407187921566301909771202768 : http://localhost:1800/subscribe?product=unlimited -> net::ERR_NAME_RESOLUTION_FAILED
2022-05-25 20:14:34 ERROR    Failure: 94097134937905879805143453101758338884 : http://localhost:1800/subscribe?product=unlimited -> Failed to load resource: net::ERR_NAME_RESOLUTION_FAILED
2022-05-25 20:14:34 ERROR    Failure: 79839802101734943688249486384801588623 : http://localhost:1800/subscribe?product=unlimited -> Failed to load resource: the server responded with a status of 401 (Unauthorized)
2022-05-25 20:14:34 ERROR    Failure: 233681242693567643314746531081609967369 : http://localhost:1800/subscribe?product=unlimited -> status code(401) -> Not logged in
2022-05-25 20:14:34 ERROR    Failure: 192000098578407187921566301909771202768 : http://localhost:1800/subscribe?product=unlimited -> net::ERR_NAME_RESOLUTION_FAILED
2022-05-25 20:14:34 ERROR    Failure: 94097134937905879805143453101758338884 : http://localhost:1800/subscribe?product=unlimited -> Failed to load resource: net::ERR_NAME_RESOLUTION_FAILED
2022-05-25 20:14:37 ERROR    Failure: 262513326802567628094931167029883077585 : http://localhost:1800/# -> net::ERR_ABORTED
2022-05-25 20:14:37 ERROR    Failure: 192000098578407187921566301909771202768 : http://localhost:1800/login -> net::ERR_NAME_RESOLUTION_FAILED
2022-05-25 20:14:37 ERROR    Failure: 94097134937905879805143453101758338884 : http://localhost:1800/login -> Failed to load resource: net::ERR_NAME_RESOLUTION_FAILED
2022-05-25 20:14:37 ERROR    Failure: 192000098578407187921566301909771202768 : http://localhost:1800/login -> net::ERR_NAME_RESOLUTION_FAILED
2022-05-25 20:14:37 ERROR    Failure: 94097134937905879805143453101758338884 : http://localhost:1800/login -> Failed to load resource: net::ERR_NAME_RESOLUTION_FAILED
2022-05-25 20:14:37 ERROR    Failure: 192000098578407187921566301909771202768 : http://localhost:1800/login -> net::ERR_NAME_RESOLUTION_FAILED
2022-05-25 20:14:37 ERROR    Failure: 94097134937905879805143453101758338884 : http://localhost:1800/login -> Failed to load resource: net::ERR_NAME_RESOLUTION_FAILED
2022-05-25 20:14:37 ERROR    Failure: 192000098578407187921566301909771202768 : http://localhost:1800/login -> net::ERR_NAME_RESOLUTION_FAILED
2022-05-25 20:14:37 ERROR    Failure: 94097134937905879805143453101758338884 : http://localhost:1800/login -> Failed to load resource: net::ERR_NAME_RESOLUTION_FAILED
2022-05-25 20:14:37 ERROR    Failure: 192000098578407187921566301909771202768 : http://localhost:1800/login -> net::ERR_NAME_RESOLUTION_FAILED
2022-05-25 20:14:37 ERROR    Failure: 94097134937905879805143453101758338884 : http://localhost:1800/login -> Failed to load resource: net::ERR_NAME_RESOLUTION_FAILED
2022-05-25 20:14:37 ERROR    Failure: 192000098578407187921566301909771202768 : http://localhost:1800/login -> net::ERR_NAME_RESOLUTION_FAILED
2022-05-25 20:14:37 ERROR    Failure: 94097134937905879805143453101758338884 : http://localhost:1800/login -> Failed to load resource: net::ERR_NAME_RESOLUTION_FAILED
2022-05-25 20:14:37 ERROR    Failure: 79839802101734943688249486384801588623 : http://localhost:1800/login -> Failed to load resource: the server responded with a status of 401 (Unauthorized)
2022-05-25 20:14:37 ERROR    Failure: 233681242693567643314746531081609967369 : http://localhost:1800/login -> status code(401) -> Not logged in
2022-05-25 20:14:39 ERROR    Failure: 192000098578407187921566301909771202768 : http://localhost:1800/ -> net::ERR_NAME_RESOLUTION_FAILED
2022-05-25 20:14:39 ERROR    Failure: 94097134937905879805143453101758338884 : http://localhost:1800/ -> Failed to load resource: net::ERR_NAME_RESOLUTION_FAILED
2022-05-25 20:14:39 ERROR    Failure: 192000098578407187921566301909771202768 : http://localhost:1800/ -> net::ERR_NAME_RESOLUTION_FAILED
2022-05-25 20:14:39 ERROR    Failure: 94097134937905879805143453101758338884 : http://localhost:1800/ -> Failed to load resource: net::ERR_NAME_RESOLUTION_FAILED
2022-05-25 20:14:39 ERROR    Failure: 192000098578407187921566301909771202768 : http://localhost:1800/ -> net::ERR_NAME_RESOLUTION_FAILED
2022-05-25 20:14:39 ERROR    Failure: 94097134937905879805143453101758338884 : http://localhost:1800/ -> Failed to load resource: net::ERR_NAME_RESOLUTION_FAILED
2022-05-25 20:14:39 ERROR    Failure: 192000098578407187921566301909771202768 : http://localhost:1800/ -> net::ERR_NAME_RESOLUTION_FAILED
2022-05-25 20:14:39 ERROR    Failure: 94097134937905879805143453101758338884 : http://localhost:1800/ -> Failed to load resource: net::ERR_NAME_RESOLUTION_FAILED
2022-05-25 20:14:39 ERROR    Failure: 192000098578407187921566301909771202768 : http://localhost:1800/ -> net::ERR_NAME_RESOLUTION_FAILED
2022-05-25 20:14:39 ERROR    Failure: 94097134937905879805143453101758338884 : http://localhost:1800/ -> Failed to load resource: net::ERR_NAME_RESOLUTION_FAILED
2022-05-25 20:14:39 ERROR    Failure: 192000098578407187921566301909771202768 : http://localhost:1800/ -> net::ERR_NAME_RESOLUTION_FAILED
2022-05-25 20:14:39 ERROR    Failure: 94097134937905879805143453101758338884 : http://localhost:1800/ -> Failed to load resource: net::ERR_NAME_RESOLUTION_FAILED
2022-05-25 20:14:39 ERROR    Failure: 79839802101734943688249486384801588623 : http://localhost:1800/ -> Failed to load resource: the server responded with a status of 401 (Unauthorized)
2022-05-25 20:14:39 ERROR    Failure: 233681242693567643314746531081609967369 : http://localhost:1800/ -> status code(401) -> Not logged in
2022-05-25 20:14:49 ERROR    Failure: 192000098578407187921566301909771202768 : http://localhost:1800/subscribe?product=unlimited -> net::ERR_NAME_RESOLUTION_FAILED
2022-05-25 20:14:49 ERROR    Failure: 94097134937905879805143453101758338884 : http://localhost:1800/subscribe?product=unlimited -> Failed to load resource: net::ERR_NAME_RESOLUTION_FAILED
2022-05-25 20:14:49 ERROR    Failure: 192000098578407187921566301909771202768 : http://localhost:1800/subscribe?product=unlimited -> net::ERR_NAME_RESOLUTION_FAILED
2022-05-25 20:14:49 ERROR    Failure: 94097134937905879805143453101758338884 : http://localhost:1800/subscribe?product=unlimited -> Failed to load resource: net::ERR_NAME_RESOLUTION_FAILED
2022-05-25 20:14:49 ERROR    Failure: 192000098578407187921566301909771202768 : http://localhost:1800/subscribe?product=unlimited -> net::ERR_NAME_RESOLUTION_FAILED
2022-05-25 20:14:49 ERROR    Failure: 94097134937905879805143453101758338884 : http://localhost:1800/subscribe?product=unlimited -> Failed to load resource: net::ERR_NAME_RESOLUTION_FAILED
2022-05-25 20:14:49 ERROR    Failure: 192000098578407187921566301909771202768 : http://localhost:1800/subscribe?product=unlimited -> net::ERR_NAME_RESOLUTION_FAILED
2022-05-25 20:14:49 ERROR    Failure: 94097134937905879805143453101758338884 : http://localhost:1800/subscribe?product=unlimited -> Failed to load resource: net::ERR_NAME_RESOLUTION_FAILED
2022-05-25 20:14:49 ERROR    Failure: 192000098578407187921566301909771202768 : http://localhost:1800/subscribe?product=unlimited -> net::ERR_NAME_RESOLUTION_FAILED
2022-05-25 20:14:49 ERROR    Failure: 94097134937905879805143453101758338884 : http://localhost:1800/subscribe?product=unlimited -> Failed to load resource: net::ERR_NAME_RESOLUTION_FAILED
2022-05-25 20:14:49 ERROR    Failure: 192000098578407187921566301909771202768 : http://localhost:1800/subscribe?product=unlimited -> net::ERR_NAME_RESOLUTION_FAILED
2022-05-25 20:14:49 ERROR    Failure: 94097134937905879805143453101758338884 : http://localhost:1800/subscribe?product=unlimited -> Failed to load resource: net::ERR_NAME_RESOLUTION_FAILED
2022-05-25 20:14:49 ERROR    Failure: 79839802101734943688249486384801588623 : http://localhost:1800/subscribe?product=unlimited -> Failed to load resource: the server responded with a status of 401 (Unauthorized)
2022-05-25 20:14:49 ERROR    Failure: 192000098578407187921566301909771202768 : http://localhost:1800/subscribe?product=unlimited -> net::ERR_NAME_RESOLUTION_FAILED
2022-05-25 20:14:49 ERROR    Failure: 94097134937905879805143453101758338884 : http://localhost:1800/subscribe?product=unlimited -> Failed to load resource: net::ERR_NAME_RESOLUTION_FAILED
2022-05-25 20:14:49 ERROR    Failure: 233681242693567643314746531081609967369 : http://localhost:1800/subscribe?product=unlimited -> status code(401) -> Not logged in
2022-05-25 20:14:50 ERROR    Failure: 262513326802567628094931167029883077585 : http://localhost:1800/ -> net::ERR_ABORTED
2022-05-25 20:14:50 ERROR    Failure: 192000098578407187921566301909771202768 : http://localhost:1800/login -> net::ERR_NAME_RESOLUTION_FAILED
2022-05-25 20:14:50 ERROR    Failure: 94097134937905879805143453101758338884 : http://localhost:1800/login -> Failed to load resource: net::ERR_NAME_RESOLUTION_FAILED
2022-05-25 20:14:50 ERROR    Failure: 192000098578407187921566301909771202768 : http://localhost:1800/login -> net::ERR_NAME_RESOLUTION_FAILED
2022-05-25 20:14:50 ERROR    Failure: 94097134937905879805143453101758338884 : http://localhost:1800/login -> Failed to load resource: net::ERR_NAME_RESOLUTION_FAILED
2022-05-25 20:14:50 ERROR    Failure: 192000098578407187921566301909771202768 : http://localhost:1800/login -> net::ERR_NAME_RESOLUTION_FAILED
2022-05-25 20:14:50 ERROR    Failure: 94097134937905879805143453101758338884 : http://localhost:1800/login -> Failed to load resource: net::ERR_NAME_RESOLUTION_FAILED
2022-05-25 20:14:50 ERROR    Failure: 192000098578407187921566301909771202768 : http://localhost:1800/login -> net::ERR_NAME_RESOLUTION_FAILED
2022-05-25 20:14:50 ERROR    Failure: 94097134937905879805143453101758338884 : http://localhost:1800/login -> Failed to load resource: net::ERR_NAME_RESOLUTION_FAILED
2022-05-25 20:14:50 ERROR    Failure: 192000098578407187921566301909771202768 : http://localhost:1800/login -> net::ERR_NAME_RESOLUTION_FAILED
2022-05-25 20:14:50 ERROR    Failure: 94097134937905879805143453101758338884 : http://localhost:1800/login -> Failed to load resource: net::ERR_NAME_RESOLUTION_FAILED
2022-05-25 20:14:50 ERROR    Failure: 192000098578407187921566301909771202768 : http://localhost:1800/login -> net::ERR_NAME_RESOLUTION_FAILED
2022-05-25 20:14:50 ERROR    Failure: 94097134937905879805143453101758338884 : http://localhost:1800/login -> Failed to load resource: net::ERR_NAME_RESOLUTION_FAILED
2022-05-25 20:14:51 ERROR    Failure: 79839802101734943688249486384801588623 : http://localhost:1800/login -> Failed to load resource: the server responded with a status of 401 (Unauthorized)
2022-05-25 20:14:51 ERROR    Failure: 233681242693567643314746531081609967369 : http://localhost:1800/login -> status code(401) -> Not logged in
2022-05-25 20:14:52 ERROR    Failure: 262513326802567628094931167029883077585 : http://localhost:1800/ -> net::ERR_ABORTED
2022-05-25 20:14:52 ERROR    Failure: 192000098578407187921566301909771202768 : http://localhost:1800/subscribe?product=unlimited -> net::ERR_NAME_RESOLUTION_FAILED
2022-05-25 20:14:52 ERROR    Failure: 94097134937905879805143453101758338884 : http://localhost:1800/subscribe?product=unlimited -> Failed to load resource: net::ERR_NAME_RESOLUTION_FAILED
2022-05-25 20:14:52 ERROR    Failure: 192000098578407187921566301909771202768 : http://localhost:1800/subscribe?product=unlimited -> net::ERR_NAME_RESOLUTION_FAILED
2022-05-25 20:14:52 ERROR    Failure: 94097134937905879805143453101758338884 : http://localhost:1800/subscribe?product=unlimited -> Failed to load resource: net::ERR_NAME_RESOLUTION_FAILED
2022-05-25 20:14:52 ERROR    Failure: 192000098578407187921566301909771202768 : http://localhost:1800/subscribe?product=unlimited -> net::ERR_NAME_RESOLUTION_FAILED
2022-05-25 20:14:52 ERROR    Failure: 94097134937905879805143453101758338884 : http://localhost:1800/subscribe?product=unlimited -> Failed to load resource: net::ERR_NAME_RESOLUTION_FAILED
2022-05-25 20:14:52 ERROR    Failure: 192000098578407187921566301909771202768 : http://localhost:1800/subscribe?product=unlimited -> net::ERR_NAME_RESOLUTION_FAILED
2022-05-25 20:14:52 ERROR    Failure: 94097134937905879805143453101758338884 : http://localhost:1800/subscribe?product=unlimited -> Failed to load resource: net::ERR_NAME_RESOLUTION_FAILED
2022-05-25 20:14:52 ERROR    Failure: 192000098578407187921566301909771202768 : http://localhost:1800/subscribe?product=unlimited -> net::ERR_NAME_RESOLUTION_FAILED
2022-05-25 20:14:52 ERROR    Failure: 94097134937905879805143453101758338884 : http://localhost:1800/subscribe?product=unlimited -> Failed to load resource: net::ERR_NAME_RESOLUTION_FAILED
2022-05-25 20:14:52 ERROR    Failure: 192000098578407187921566301909771202768 : http://localhost:1800/subscribe?product=unlimited -> net::ERR_NAME_RESOLUTION_FAILED
2022-05-25 20:14:52 ERROR    Failure: 94097134937905879805143453101758338884 : http://localhost:1800/subscribe?product=unlimited -> Failed to load resource: net::ERR_NAME_RESOLUTION_FAILED
2022-05-25 20:14:53 ERROR    Failure: 79839802101734943688249486384801588623 : http://localhost:1800/subscribe?product=unlimited -> Failed to load resource: the server responded with a status of 401 (Unauthorized)
2022-05-25 20:14:53 ERROR    Failure: 192000098578407187921566301909771202768 : http://localhost:1800/subscribe?product=unlimited -> net::ERR_NAME_RESOLUTION_FAILED
2022-05-25 20:14:53 ERROR    Failure: 94097134937905879805143453101758338884 : http://localhost:1800/subscribe?product=unlimited -> Failed to load resource: net::ERR_NAME_RESOLUTION_FAILED
2022-05-25 20:14:53 ERROR    Failure: 233681242693567643314746531081609967369 : http://localhost:1800/subscribe?product=unlimited -> status code(401) -> Not logged in
2022-05-25 20:14:54 ERROR    Failure: 192000098578407187921566301909771202768 : http://localhost:1800/ -> net::ERR_NAME_RESOLUTION_FAILED
2022-05-25 20:14:54 ERROR    Failure: 94097134937905879805143453101758338884 : http://localhost:1800/ -> Failed to load resource: net::ERR_NAME_RESOLUTION_FAILED
2022-05-25 20:14:54 ERROR    Failure: 192000098578407187921566301909771202768 : http://localhost:1800/ -> net::ERR_NAME_RESOLUTION_FAILED
2022-05-25 20:14:54 ERROR    Failure: 94097134937905879805143453101758338884 : http://localhost:1800/ -> Failed to load resource: net::ERR_NAME_RESOLUTION_FAILED
2022-05-25 20:14:54 ERROR    Failure: 192000098578407187921566301909771202768 : http://localhost:1800/ -> net::ERR_NAME_RESOLUTION_FAILED
2022-05-25 20:14:54 ERROR    Failure: 94097134937905879805143453101758338884 : http://localhost:1800/ -> Failed to load resource: net::ERR_NAME_RESOLUTION_FAILED
2022-05-25 20:14:54 ERROR    Failure: 192000098578407187921566301909771202768 : http://localhost:1800/ -> net::ERR_NAME_RESOLUTION_FAILED
2022-05-25 20:14:54 ERROR    Failure: 94097134937905879805143453101758338884 : http://localhost:1800/ -> Failed to load resource: net::ERR_NAME_RESOLUTION_FAILED
2022-05-25 20:14:54 ERROR    Failure: 192000098578407187921566301909771202768 : http://localhost:1800/ -> net::ERR_NAME_RESOLUTION_FAILED
2022-05-25 20:14:54 ERROR    Failure: 94097134937905879805143453101758338884 : http://localhost:1800/ -> Failed to load resource: net::ERR_NAME_RESOLUTION_FAILED
2022-05-25 20:14:54 ERROR    Failure: 192000098578407187921566301909771202768 : http://localhost:1800/ -> net::ERR_NAME_RESOLUTION_FAILED
2022-05-25 20:14:54 ERROR    Failure: 94097134937905879805143453101758338884 : http://localhost:1800/ -> Failed to load resource: net::ERR_NAME_RESOLUTION_FAILED
2022-05-25 20:14:55 ERROR    Failure: 79839802101734943688249486384801588623 : http://localhost:1800/ -> Failed to load resource: the server responded with a status of 401 (Unauthorized)
2022-05-25 20:14:55 ERROR    Failure: 233681242693567643314746531081609967369 : http://localhost:1800/ -> status code(401) -> Not logged in
2022-05-25 20:15:05 ERROR    Failure: 192000098578407187921566301909771202768 : http://localhost:1800/subscribe?product=self-hosted -> net::ERR_NAME_RESOLUTION_FAILED
2022-05-25 20:15:05 ERROR    Failure: 94097134937905879805143453101758338884 : http://localhost:1800/subscribe?product=self-hosted -> Failed to load resource: net::ERR_NAME_RESOLUTION_FAILED
2022-05-25 20:15:05 ERROR    Failure: 192000098578407187921566301909771202768 : http://localhost:1800/subscribe?product=self-hosted -> net::ERR_NAME_RESOLUTION_FAILED
2022-05-25 20:15:05 ERROR    Failure: 94097134937905879805143453101758338884 : http://localhost:1800/subscribe?product=self-hosted -> Failed to load resource: net::ERR_NAME_RESOLUTION_FAILED
2022-05-25 20:15:05 ERROR    Failure: 192000098578407187921566301909771202768 : http://localhost:1800/subscribe?product=self-hosted -> net::ERR_NAME_RESOLUTION_FAILED
2022-05-25 20:15:05 ERROR    Failure: 94097134937905879805143453101758338884 : http://localhost:1800/subscribe?product=self-hosted -> Failed to load resource: net::ERR_NAME_RESOLUTION_FAILED
2022-05-25 20:15:05 ERROR    Failure: 192000098578407187921566301909771202768 : http://localhost:1800/subscribe?product=self-hosted -> net::ERR_NAME_RESOLUTION_FAILED
2022-05-25 20:15:05 ERROR    Failure: 94097134937905879805143453101758338884 : http://localhost:1800/subscribe?product=self-hosted -> Failed to load resource: net::ERR_NAME_RESOLUTION_FAILED
2022-05-25 20:15:05 ERROR    Failure: 192000098578407187921566301909771202768 : http://localhost:1800/subscribe?product=self-hosted -> net::ERR_NAME_RESOLUTION_FAILED
2022-05-25 20:15:05 ERROR    Failure: 94097134937905879805143453101758338884 : http://localhost:1800/subscribe?product=self-hosted -> Failed to load resource: net::ERR_NAME_RESOLUTION_FAILED
2022-05-25 20:15:05 ERROR    Failure: 192000098578407187921566301909771202768 : http://localhost:1800/subscribe?product=self-hosted -> net::ERR_NAME_RESOLUTION_FAILED
2022-05-25 20:15:05 ERROR    Failure: 94097134937905879805143453101758338884 : http://localhost:1800/subscribe?product=self-hosted -> Failed to load resource: net::ERR_NAME_RESOLUTION_FAILED
2022-05-25 20:15:05 ERROR    Failure: 79839802101734943688249486384801588623 : http://localhost:1800/subscribe?product=self-hosted -> Failed to load resource: the server responded with a status of 401 (Unauthorized)
2022-05-25 20:15:05 ERROR    Failure: 233681242693567643314746531081609967369 : http://localhost:1800/subscribe?product=self-hosted -> status code(401) -> Not logged in
2022-05-25 20:15:05 ERROR    Failure: 192000098578407187921566301909771202768 : http://localhost:1800/subscribe?product=self-hosted -> net::ERR_NAME_RESOLUTION_FAILED
2022-05-25 20:15:05 ERROR    Failure: 94097134937905879805143453101758338884 : http://localhost:1800/subscribe?product=self-hosted -> Failed to load resource: net::ERR_NAME_RESOLUTION_FAILED
2022-05-25 20:15:11 ERROR    Failure: 192000098578407187921566301909771202768 : http://localhost:1800/ -> net::ERR_NAME_RESOLUTION_FAILED
2022-05-25 20:15:11 ERROR    Failure: 94097134937905879805143453101758338884 : http://localhost:1800/ -> Failed to load resource: net::ERR_NAME_RESOLUTION_FAILED
2022-05-25 20:15:11 ERROR    Failure: 192000098578407187921566301909771202768 : http://localhost:1800/ -> net::ERR_NAME_RESOLUTION_FAILED
2022-05-25 20:15:11 ERROR    Failure: 94097134937905879805143453101758338884 : http://localhost:1800/ -> Failed to load resource: net::ERR_NAME_RESOLUTION_FAILED
2022-05-25 20:15:11 ERROR    Failure: 192000098578407187921566301909771202768 : http://localhost:1800/ -> net::ERR_NAME_RESOLUTION_FAILED
2022-05-25 20:15:11 ERROR    Failure: 94097134937905879805143453101758338884 : http://localhost:1800/ -> Failed to load resource: net::ERR_NAME_RESOLUTION_FAILED
2022-05-25 20:15:11 ERROR    Failure: 192000098578407187921566301909771202768 : http://localhost:1800/ -> net::ERR_NAME_RESOLUTION_FAILED
2022-05-25 20:15:11 ERROR    Failure: 94097134937905879805143453101758338884 : http://localhost:1800/ -> Failed to load resource: net::ERR_NAME_RESOLUTION_FAILED
2022-05-25 20:15:11 ERROR    Failure: 192000098578407187921566301909771202768 : http://localhost:1800/ -> net::ERR_NAME_RESOLUTION_FAILED
2022-05-25 20:15:11 ERROR    Failure: 94097134937905879805143453101758338884 : http://localhost:1800/ -> Failed to load resource: net::ERR_NAME_RESOLUTION_FAILED
2022-05-25 20:15:11 ERROR    Failure: 192000098578407187921566301909771202768 : http://localhost:1800/ -> net::ERR_NAME_RESOLUTION_FAILED
2022-05-25 20:15:11 ERROR    Failure: 94097134937905879805143453101758338884 : http://localhost:1800/ -> Failed to load resource: net::ERR_NAME_RESOLUTION_FAILED
2022-05-25 20:15:11 ERROR    Failure: 79839802101734943688249486384801588623 : http://localhost:1800/ -> Failed to load resource: the server responded with a status of 401 (Unauthorized)
2022-05-25 20:15:11 ERROR    Failure: 233681242693567643314746531081609967369 : http://localhost:1800/ -> status code(401) -> Not logged in
2022-05-25 20:15:21 ERROR    Failure: 262513326802567628094931167029883077585 : http://localhost:1800/# -> net::ERR_ABORTED
2022-05-25 20:15:26 ERROR    Failure: 192000098578407187921566301909771202768 : http://localhost:1800/ -> net::ERR_NAME_RESOLUTION_FAILED
2022-05-25 20:15:26 ERROR    Failure: 94097134937905879805143453101758338884 : http://localhost:1800/ -> Failed to load resource: net::ERR_NAME_RESOLUTION_FAILED
2022-05-25 20:15:26 ERROR    Failure: 192000098578407187921566301909771202768 : http://localhost:1800/ -> net::ERR_NAME_RESOLUTION_FAILED
2022-05-25 20:15:26 ERROR    Failure: 94097134937905879805143453101758338884 : http://localhost:1800/ -> Failed to load resource: net::ERR_NAME_RESOLUTION_FAILED
2022-05-25 20:15:26 ERROR    Failure: 192000098578407187921566301909771202768 : http://localhost:1800/ -> net::ERR_NAME_RESOLUTION_FAILED
2022-05-25 20:15:26 ERROR    Failure: 94097134937905879805143453101758338884 : http://localhost:1800/ -> Failed to load resource: net::ERR_NAME_RESOLUTION_FAILED
2022-05-25 20:15:26 ERROR    Failure: 192000098578407187921566301909771202768 : http://localhost:1800/ -> net::ERR_NAME_RESOLUTION_FAILED
2022-05-25 20:15:26 ERROR    Failure: 94097134937905879805143453101758338884 : http://localhost:1800/ -> Failed to load resource: net::ERR_NAME_RESOLUTION_FAILED
2022-05-25 20:15:26 ERROR    Failure: 192000098578407187921566301909771202768 : http://localhost:1800/ -> net::ERR_NAME_RESOLUTION_FAILED
2022-05-25 20:15:26 ERROR    Failure: 94097134937905879805143453101758338884 : http://localhost:1800/ -> Failed to load resource: net::ERR_NAME_RESOLUTION_FAILED
2022-05-25 20:15:26 ERROR    Failure: 192000098578407187921566301909771202768 : http://localhost:1800/ -> net::ERR_NAME_RESOLUTION_FAILED
2022-05-25 20:15:26 ERROR    Failure: 94097134937905879805143453101758338884 : http://localhost:1800/ -> Failed to load resource: net::ERR_NAME_RESOLUTION_FAILED
2022-05-25 20:15:27 ERROR    Failure: 79839802101734943688249486384801588623 : http://localhost:1800/ -> Failed to load resource: the server responded with a status of 401 (Unauthorized)
2022-05-25 20:15:27 ERROR    Failure: 233681242693567643314746531081609967369 : http://localhost:1800/ -> status code(401) -> Not logged in
2022-05-25 20:15:38 ERROR    Failure: 192000098578407187921566301909771202768 : http://localhost:1800/subscribe?product=unlimited -> net::ERR_NAME_RESOLUTION_FAILED
2022-05-25 20:15:38 ERROR    Failure: 94097134937905879805143453101758338884 : http://localhost:1800/subscribe?product=unlimited -> Failed to load resource: net::ERR_NAME_RESOLUTION_FAILED
2022-05-25 20:15:38 ERROR    Failure: 192000098578407187921566301909771202768 : http://localhost:1800/subscribe?product=unlimited -> net::ERR_NAME_RESOLUTION_FAILED
2022-05-25 20:15:38 ERROR    Failure: 94097134937905879805143453101758338884 : http://localhost:1800/subscribe?product=unlimited -> Failed to load resource: net::ERR_NAME_RESOLUTION_FAILED
2022-05-25 20:15:38 ERROR    Failure: 192000098578407187921566301909771202768 : http://localhost:1800/subscribe?product=unlimited -> net::ERR_NAME_RESOLUTION_FAILED
2022-05-25 20:15:38 ERROR    Failure: 94097134937905879805143453101758338884 : http://localhost:1800/subscribe?product=unlimited -> Failed to load resource: net::ERR_NAME_RESOLUTION_FAILED
2022-05-25 20:15:38 ERROR    Failure: 192000098578407187921566301909771202768 : http://localhost:1800/subscribe?product=unlimited -> net::ERR_NAME_RESOLUTION_FAILED
2022-05-25 20:15:38 ERROR    Failure: 94097134937905879805143453101758338884 : http://localhost:1800/subscribe?product=unlimited -> Failed to load resource: net::ERR_NAME_RESOLUTION_FAILED
2022-05-25 20:15:38 ERROR    Failure: 192000098578407187921566301909771202768 : http://localhost:1800/subscribe?product=unlimited -> net::ERR_NAME_RESOLUTION_FAILED
2022-05-25 20:15:38 ERROR    Failure: 94097134937905879805143453101758338884 : http://localhost:1800/subscribe?product=unlimited -> Failed to load resource: net::ERR_NAME_RESOLUTION_FAILED
2022-05-25 20:15:38 ERROR    Failure: 192000098578407187921566301909771202768 : http://localhost:1800/subscribe?product=unlimited -> net::ERR_NAME_RESOLUTION_FAILED
2022-05-25 20:15:38 ERROR    Failure: 94097134937905879805143453101758338884 : http://localhost:1800/subscribe?product=unlimited -> Failed to load resource: net::ERR_NAME_RESOLUTION_FAILED
2022-05-25 20:15:38 ERROR    Failure: 79839802101734943688249486384801588623 : http://localhost:1800/subscribe?product=unlimited -> Failed to load resource: the server responded with a status of 401 (Unauthorized)
2022-05-25 20:15:38 ERROR    Failure: 192000098578407187921566301909771202768 : http://localhost:1800/subscribe?product=unlimited -> net::ERR_NAME_RESOLUTION_FAILED
2022-05-25 20:15:38 ERROR    Failure: 94097134937905879805143453101758338884 : http://localhost:1800/subscribe?product=unlimited -> Failed to load resource: net::ERR_NAME_RESOLUTION_FAILED
2022-05-25 20:15:38 ERROR    Failure: 233681242693567643314746531081609967369 : http://localhost:1800/subscribe?product=unlimited -> status code(401) -> Not logged in
2022-05-25 20:15:41 ERROR    Failure: 262513326802567628094931167029883077585 : http://localhost:1800/ -> net::ERR_ABORTED
2022-05-25 20:15:41 ERROR    Failure: 192000098578407187921566301909771202768 : http://localhost:1800/subscribe?product=self-hosted -> net::ERR_NAME_RESOLUTION_FAILED
2022-05-25 20:15:41 ERROR    Failure: 94097134937905879805143453101758338884 : http://localhost:1800/subscribe?product=self-hosted -> Failed to load resource: net::ERR_NAME_RESOLUTION_FAILED
2022-05-25 20:15:41 ERROR    Failure: 192000098578407187921566301909771202768 : http://localhost:1800/subscribe?product=self-hosted -> net::ERR_NAME_RESOLUTION_FAILED
2022-05-25 20:15:41 ERROR    Failure: 94097134937905879805143453101758338884 : http://localhost:1800/subscribe?product=self-hosted -> Failed to load resource: net::ERR_NAME_RESOLUTION_FAILED
2022-05-25 20:15:41 ERROR    Failure: 192000098578407187921566301909771202768 : http://localhost:1800/subscribe?product=self-hosted -> net::ERR_NAME_RESOLUTION_FAILED
2022-05-25 20:15:41 ERROR    Failure: 94097134937905879805143453101758338884 : http://localhost:1800/subscribe?product=self-hosted -> Failed to load resource: net::ERR_NAME_RESOLUTION_FAILED
2022-05-25 20:15:41 ERROR    Failure: 192000098578407187921566301909771202768 : http://localhost:1800/subscribe?product=self-hosted -> net::ERR_NAME_RESOLUTION_FAILED
2022-05-25 20:15:41 ERROR    Failure: 94097134937905879805143453101758338884 : http://localhost:1800/subscribe?product=self-hosted -> Failed to load resource: net::ERR_NAME_RESOLUTION_FAILED
2022-05-25 20:15:41 ERROR    Failure: 192000098578407187921566301909771202768 : http://localhost:1800/subscribe?product=self-hosted -> net::ERR_NAME_RESOLUTION_FAILED
2022-05-25 20:15:41 ERROR    Failure: 94097134937905879805143453101758338884 : http://localhost:1800/subscribe?product=self-hosted -> Failed to load resource: net::ERR_NAME_RESOLUTION_FAILED
2022-05-25 20:15:41 ERROR    Failure: 192000098578407187921566301909771202768 : http://localhost:1800/subscribe?product=self-hosted -> net::ERR_NAME_RESOLUTION_FAILED
2022-05-25 20:15:41 ERROR    Failure: 94097134937905879805143453101758338884 : http://localhost:1800/subscribe?product=self-hosted -> Failed to load resource: net::ERR_NAME_RESOLUTION_FAILED
2022-05-25 20:15:41 ERROR    Failure: 79839802101734943688249486384801588623 : http://localhost:1800/subscribe?product=self-hosted -> Failed to load resource: the server responded with a status of 401 (Unauthorized)
2022-05-25 20:15:41 ERROR    Failure: 192000098578407187921566301909771202768 : http://localhost:1800/subscribe?product=self-hosted -> net::ERR_NAME_RESOLUTION_FAILED
2022-05-25 20:15:41 ERROR    Failure: 94097134937905879805143453101758338884 : http://localhost:1800/subscribe?product=self-hosted -> Failed to load resource: net::ERR_NAME_RESOLUTION_FAILED
2022-05-25 20:15:41 ERROR    Failure: 233681242693567643314746531081609967369 : http://localhost:1800/subscribe?product=self-hosted -> status code(401) -> Not logged in
2022-05-25 20:15:42 ERROR    Failure: 192000098578407187921566301909771202768 : http://localhost:1800/ -> net::ERR_NAME_RESOLUTION_FAILED
2022-05-25 20:15:42 ERROR    Failure: 94097134937905879805143453101758338884 : http://localhost:1800/ -> Failed to load resource: net::ERR_NAME_RESOLUTION_FAILED
2022-05-25 20:15:42 ERROR    Failure: 192000098578407187921566301909771202768 : http://localhost:1800/ -> net::ERR_NAME_RESOLUTION_FAILED
2022-05-25 20:15:42 ERROR    Failure: 94097134937905879805143453101758338884 : http://localhost:1800/ -> Failed to load resource: net::ERR_NAME_RESOLUTION_FAILED
2022-05-25 20:15:42 ERROR    Failure: 192000098578407187921566301909771202768 : http://localhost:1800/ -> net::ERR_NAME_RESOLUTION_FAILED
2022-05-25 20:15:42 ERROR    Failure: 94097134937905879805143453101758338884 : http://localhost:1800/ -> Failed to load resource: net::ERR_NAME_RESOLUTION_FAILED
2022-05-25 20:15:42 ERROR    Failure: 192000098578407187921566301909771202768 : http://localhost:1800/ -> net::ERR_NAME_RESOLUTION_FAILED
2022-05-25 20:15:42 ERROR    Failure: 94097134937905879805143453101758338884 : http://localhost:1800/ -> Failed to load resource: net::ERR_NAME_RESOLUTION_FAILED
2022-05-25 20:15:42 ERROR    Failure: 192000098578407187921566301909771202768 : http://localhost:1800/ -> net::ERR_NAME_RESOLUTION_FAILED
2022-05-25 20:15:42 ERROR    Failure: 94097134937905879805143453101758338884 : http://localhost:1800/ -> Failed to load resource: net::ERR_NAME_RESOLUTION_FAILED
2022-05-25 20:15:42 ERROR    Failure: 192000098578407187921566301909771202768 : http://localhost:1800/ -> net::ERR_NAME_RESOLUTION_FAILED
2022-05-25 20:15:42 ERROR    Failure: 94097134937905879805143453101758338884 : http://localhost:1800/ -> Failed to load resource: net::ERR_NAME_RESOLUTION_FAILED
2022-05-25 20:15:43 ERROR    Failure: 79839802101734943688249486384801588623 : http://localhost:1800/ -> Failed to load resource: the server responded with a status of 401 (Unauthorized)
2022-05-25 20:15:43 ERROR    Failure: 233681242693567643314746531081609967369 : http://localhost:1800/ -> status code(401) -> Not logged in
2022-05-25 20:15:53 ERROR    Failure: 192000098578407187921566301909771202768 : http://localhost:1800/ -> net::ERR_NAME_RESOLUTION_FAILED
2022-05-25 20:15:53 ERROR    Failure: 94097134937905879805143453101758338884 : http://localhost:1800/ -> Failed to load resource: net::ERR_NAME_RESOLUTION_FAILED
2022-05-25 20:15:53 ERROR    Failure: 192000098578407187921566301909771202768 : http://localhost:1800/ -> net::ERR_NAME_RESOLUTION_FAILED
2022-05-25 20:15:53 ERROR    Failure: 94097134937905879805143453101758338884 : http://localhost:1800/ -> Failed to load resource: net::ERR_NAME_RESOLUTION_FAILED
2022-05-25 20:15:53 ERROR    Failure: 192000098578407187921566301909771202768 : http://localhost:1800/ -> net::ERR_NAME_RESOLUTION_FAILED
2022-05-25 20:15:53 ERROR    Failure: 94097134937905879805143453101758338884 : http://localhost:1800/ -> Failed to load resource: net::ERR_NAME_RESOLUTION_FAILED
2022-05-25 20:15:53 ERROR    Failure: 192000098578407187921566301909771202768 : http://localhost:1800/ -> net::ERR_NAME_RESOLUTION_FAILED
2022-05-25 20:15:53 ERROR    Failure: 94097134937905879805143453101758338884 : http://localhost:1800/ -> Failed to load resource: net::ERR_NAME_RESOLUTION_FAILED
2022-05-25 20:15:53 ERROR    Failure: 192000098578407187921566301909771202768 : http://localhost:1800/ -> net::ERR_NAME_RESOLUTION_FAILED
2022-05-25 20:15:53 ERROR    Failure: 94097134937905879805143453101758338884 : http://localhost:1800/ -> Failed to load resource: net::ERR_NAME_RESOLUTION_FAILED
2022-05-25 20:15:53 ERROR    Failure: 192000098578407187921566301909771202768 : http://localhost:1800/ -> net::ERR_NAME_RESOLUTION_FAILED
2022-05-25 20:15:53 ERROR    Failure: 94097134937905879805143453101758338884 : http://localhost:1800/ -> Failed to load resource: net::ERR_NAME_RESOLUTION_FAILED
2022-05-25 20:15:54 ERROR    Failure: 79839802101734943688249486384801588623 : http://localhost:1800/ -> Failed to load resource: the server responded with a status of 401 (Unauthorized)
2022-05-25 20:15:54 ERROR    Failure: 233681242693567643314746531081609967369 : http://localhost:1800/ -> status code(401) -> Not logged in
2022-05-25 20:15:54 ERROR    Failure: 262513326802567628094931167029883077585 : http://localhost:1800/# -> net::ERR_ABORTED
2022-05-25 20:15:54 ERROR    Failure: 192000098578407187921566301909771202768 : http://localhost:1800/subscribe?product=self-hosted -> net::ERR_NAME_RESOLUTION_FAILED
2022-05-25 20:15:54 ERROR    Failure: 94097134937905879805143453101758338884 : http://localhost:1800/subscribe?product=self-hosted -> Failed to load resource: net::ERR_NAME_RESOLUTION_FAILED
2022-05-25 20:15:54 ERROR    Failure: 192000098578407187921566301909771202768 : http://localhost:1800/subscribe?product=self-hosted -> net::ERR_NAME_RESOLUTION_FAILED
2022-05-25 20:15:54 ERROR    Failure: 94097134937905879805143453101758338884 : http://localhost:1800/subscribe?product=self-hosted -> Failed to load resource: net::ERR_NAME_RESOLUTION_FAILED
2022-05-25 20:15:54 ERROR    Failure: 192000098578407187921566301909771202768 : http://localhost:1800/subscribe?product=self-hosted -> net::ERR_NAME_RESOLUTION_FAILED
2022-05-25 20:15:54 ERROR    Failure: 94097134937905879805143453101758338884 : http://localhost:1800/subscribe?product=self-hosted -> Failed to load resource: net::ERR_NAME_RESOLUTION_FAILED
2022-05-25 20:15:54 ERROR    Failure: 192000098578407187921566301909771202768 : http://localhost:1800/subscribe?product=self-hosted -> net::ERR_NAME_RESOLUTION_FAILED
2022-05-25 20:15:54 ERROR    Failure: 94097134937905879805143453101758338884 : http://localhost:1800/subscribe?product=self-hosted -> Failed to load resource: net::ERR_NAME_RESOLUTION_FAILED
2022-05-25 20:15:54 ERROR    Failure: 192000098578407187921566301909771202768 : http://localhost:1800/subscribe?product=self-hosted -> net::ERR_NAME_RESOLUTION_FAILED
2022-05-25 20:15:54 ERROR    Failure: 94097134937905879805143453101758338884 : http://localhost:1800/subscribe?product=self-hosted -> Failed to load resource: net::ERR_NAME_RESOLUTION_FAILED
2022-05-25 20:15:54 ERROR    Failure: 192000098578407187921566301909771202768 : http://localhost:1800/subscribe?product=self-hosted -> net::ERR_NAME_RESOLUTION_FAILED
2022-05-25 20:15:54 ERROR    Failure: 94097134937905879805143453101758338884 : http://localhost:1800/subscribe?product=self-hosted -> Failed to load resource: net::ERR_NAME_RESOLUTION_FAILED
2022-05-25 20:15:55 ERROR    Failure: 79839802101734943688249486384801588623 : http://localhost:1800/subscribe?product=self-hosted -> Failed to load resource: the server responded with a status of 401 (Unauthorized)
2022-05-25 20:15:55 ERROR    Failure: 233681242693567643314746531081609967369 : http://localhost:1800/subscribe?product=self-hosted -> status code(401) -> Not logged in
2022-05-25 20:15:55 ERROR    Failure: 192000098578407187921566301909771202768 : http://localhost:1800/subscribe?product=self-hosted -> net::ERR_NAME_RESOLUTION_FAILED
2022-05-25 20:15:55 ERROR    Failure: 94097134937905879805143453101758338884 : http://localhost:1800/subscribe?product=self-hosted -> Failed to load resource: net::ERR_NAME_RESOLUTION_FAILED
2022-05-25 20:15:57 ERROR    Failure: 192000098578407187921566301909771202768 : http://localhost:1800/ -> net::ERR_NAME_RESOLUTION_FAILED
2022-05-25 20:15:57 ERROR    Failure: 94097134937905879805143453101758338884 : http://localhost:1800/ -> Failed to load resource: net::ERR_NAME_RESOLUTION_FAILED
2022-05-25 20:15:57 ERROR    Failure: 192000098578407187921566301909771202768 : http://localhost:1800/ -> net::ERR_NAME_RESOLUTION_FAILED
2022-05-25 20:15:57 ERROR    Failure: 94097134937905879805143453101758338884 : http://localhost:1800/ -> Failed to load resource: net::ERR_NAME_RESOLUTION_FAILED
2022-05-25 20:15:57 ERROR    Failure: 192000098578407187921566301909771202768 : http://localhost:1800/ -> net::ERR_NAME_RESOLUTION_FAILED
2022-05-25 20:15:57 ERROR    Failure: 94097134937905879805143453101758338884 : http://localhost:1800/ -> Failed to load resource: net::ERR_NAME_RESOLUTION_FAILED
2022-05-25 20:15:57 ERROR    Failure: 192000098578407187921566301909771202768 : http://localhost:1800/ -> net::ERR_NAME_RESOLUTION_FAILED
2022-05-25 20:15:57 ERROR    Failure: 94097134937905879805143453101758338884 : http://localhost:1800/ -> Failed to load resource: net::ERR_NAME_RESOLUTION_FAILED
2022-05-25 20:15:57 ERROR    Failure: 192000098578407187921566301909771202768 : http://localhost:1800/ -> net::ERR_NAME_RESOLUTION_FAILED
2022-05-25 20:15:57 ERROR    Failure: 94097134937905879805143453101758338884 : http://localhost:1800/ -> Failed to load resource: net::ERR_NAME_RESOLUTION_FAILED
2022-05-25 20:15:57 ERROR    Failure: 192000098578407187921566301909771202768 : http://localhost:1800/ -> net::ERR_NAME_RESOLUTION_FAILED
2022-05-25 20:15:57 ERROR    Failure: 94097134937905879805143453101758338884 : http://localhost:1800/ -> Failed to load resource: net::ERR_NAME_RESOLUTION_FAILED
2022-05-25 20:15:57 ERROR    Failure: 79839802101734943688249486384801588623 : http://localhost:1800/ -> Failed to load resource: the server responded with a status of 401 (Unauthorized)
2022-05-25 20:15:57 ERROR    Failure: 233681242693567643314746531081609967369 : http://localhost:1800/ -> status code(401) -> Not logged in
2022-05-25 20:16:10 ERROR    Failure: 192000098578407187921566301909771202768 : http://localhost:1800/subscribe?product=unlimited -> net::ERR_NAME_RESOLUTION_FAILED
2022-05-25 20:16:10 ERROR    Failure: 94097134937905879805143453101758338884 : http://localhost:1800/subscribe?product=unlimited -> Failed to load resource: net::ERR_NAME_RESOLUTION_FAILED
2022-05-25 20:16:10 ERROR    Failure: 192000098578407187921566301909771202768 : http://localhost:1800/subscribe?product=unlimited -> net::ERR_NAME_RESOLUTION_FAILED
2022-05-25 20:16:10 ERROR    Failure: 94097134937905879805143453101758338884 : http://localhost:1800/subscribe?product=unlimited -> Failed to load resource: net::ERR_NAME_RESOLUTION_FAILED
2022-05-25 20:16:10 ERROR    Failure: 192000098578407187921566301909771202768 : http://localhost:1800/subscribe?product=unlimited -> net::ERR_NAME_RESOLUTION_FAILED
2022-05-25 20:16:10 ERROR    Failure: 94097134937905879805143453101758338884 : http://localhost:1800/subscribe?product=unlimited -> Failed to load resource: net::ERR_NAME_RESOLUTION_FAILED
2022-05-25 20:16:10 ERROR    Failure: 192000098578407187921566301909771202768 : http://localhost:1800/subscribe?product=unlimited -> net::ERR_NAME_RESOLUTION_FAILED
2022-05-25 20:16:10 ERROR    Failure: 94097134937905879805143453101758338884 : http://localhost:1800/subscribe?product=unlimited -> Failed to load resource: net::ERR_NAME_RESOLUTION_FAILED
2022-05-25 20:16:10 ERROR    Failure: 192000098578407187921566301909771202768 : http://localhost:1800/subscribe?product=unlimited -> net::ERR_NAME_RESOLUTION_FAILED
2022-05-25 20:16:10 ERROR    Failure: 94097134937905879805143453101758338884 : http://localhost:1800/subscribe?product=unlimited -> Failed to load resource: net::ERR_NAME_RESOLUTION_FAILED
2022-05-25 20:16:10 ERROR    Failure: 192000098578407187921566301909771202768 : http://localhost:1800/subscribe?product=unlimited -> net::ERR_NAME_RESOLUTION_FAILED
2022-05-25 20:16:10 ERROR    Failure: 94097134937905879805143453101758338884 : http://localhost:1800/subscribe?product=unlimited -> Failed to load resource: net::ERR_NAME_RESOLUTION_FAILED
2022-05-25 20:16:11 ERROR    Failure: 79839802101734943688249486384801588623 : http://localhost:1800/subscribe?product=unlimited -> Failed to load resource: the server responded with a status of 401 (Unauthorized)
2022-05-25 20:16:11 ERROR    Failure: 192000098578407187921566301909771202768 : http://localhost:1800/subscribe?product=unlimited -> net::ERR_NAME_RESOLUTION_FAILED
2022-05-25 20:16:11 ERROR    Failure: 94097134937905879805143453101758338884 : http://localhost:1800/subscribe?product=unlimited -> Failed to load resource: net::ERR_NAME_RESOLUTION_FAILED
2022-05-25 20:16:11 ERROR    Failure: 233681242693567643314746531081609967369 : http://localhost:1800/subscribe?product=unlimited -> status code(401) -> Not logged in
2022-05-25 20:16:13 ERROR    Failure: 262513326802567628094931167029883077585 : http://localhost:1800/# -> net::ERR_ABORTED
2022-05-25 20:16:13 ERROR    Failure: 192000098578407187921566301909771202768 : http://localhost:1800/subscribe?product=team -> net::ERR_NAME_RESOLUTION_FAILED
2022-05-25 20:16:13 ERROR    Failure: 94097134937905879805143453101758338884 : http://localhost:1800/subscribe?product=team -> Failed to load resource: net::ERR_NAME_RESOLUTION_FAILED
2022-05-25 20:16:13 ERROR    Failure: 192000098578407187921566301909771202768 : http://localhost:1800/subscribe?product=team -> net::ERR_NAME_RESOLUTION_FAILED
2022-05-25 20:16:13 ERROR    Failure: 94097134937905879805143453101758338884 : http://localhost:1800/subscribe?product=team -> Failed to load resource: net::ERR_NAME_RESOLUTION_FAILED
2022-05-25 20:16:13 ERROR    Failure: 192000098578407187921566301909771202768 : http://localhost:1800/subscribe?product=team -> net::ERR_NAME_RESOLUTION_FAILED
2022-05-25 20:16:13 ERROR    Failure: 94097134937905879805143453101758338884 : http://localhost:1800/subscribe?product=team -> Failed to load resource: net::ERR_NAME_RESOLUTION_FAILED
2022-05-25 20:16:13 ERROR    Failure: 192000098578407187921566301909771202768 : http://localhost:1800/subscribe?product=team -> net::ERR_NAME_RESOLUTION_FAILED
2022-05-25 20:16:13 ERROR    Failure: 94097134937905879805143453101758338884 : http://localhost:1800/subscribe?product=team -> Failed to load resource: net::ERR_NAME_RESOLUTION_FAILED
2022-05-25 20:16:13 ERROR    Failure: 192000098578407187921566301909771202768 : http://localhost:1800/subscribe?product=team -> net::ERR_NAME_RESOLUTION_FAILED
2022-05-25 20:16:13 ERROR    Failure: 94097134937905879805143453101758338884 : http://localhost:1800/subscribe?product=team -> Failed to load resource: net::ERR_NAME_RESOLUTION_FAILED
2022-05-25 20:16:13 ERROR    Failure: 192000098578407187921566301909771202768 : http://localhost:1800/subscribe?product=team -> net::ERR_NAME_RESOLUTION_FAILED
2022-05-25 20:16:13 ERROR    Failure: 94097134937905879805143453101758338884 : http://localhost:1800/subscribe?product=team -> Failed to load resource: net::ERR_NAME_RESOLUTION_FAILED
2022-05-25 20:16:14 ERROR    Failure: 79839802101734943688249486384801588623 : http://localhost:1800/subscribe?product=team -> Failed to load resource: the server responded with a status of 401 (Unauthorized)
2022-05-25 20:16:14 ERROR    Failure: 233681242693567643314746531081609967369 : http://localhost:1800/subscribe?product=team -> status code(401) -> Not logged in
2022-05-25 20:16:14 ERROR    Failure: 192000098578407187921566301909771202768 : http://localhost:1800/subscribe?product=team -> net::ERR_NAME_RESOLUTION_FAILED
2022-05-25 20:16:14 ERROR    Failure: 94097134937905879805143453101758338884 : http://localhost:1800/subscribe?product=team -> Failed to load resource: net::ERR_NAME_RESOLUTION_FAILED
2022-05-25 20:16:15 ERROR    Failure: 192000098578407187921566301909771202768 : http://localhost:1800/ -> net::ERR_NAME_RESOLUTION_FAILED
2022-05-25 20:16:15 ERROR    Failure: 94097134937905879805143453101758338884 : http://localhost:1800/ -> Failed to load resource: net::ERR_NAME_RESOLUTION_FAILED
2022-05-25 20:16:15 ERROR    Failure: 192000098578407187921566301909771202768 : http://localhost:1800/ -> net::ERR_NAME_RESOLUTION_FAILED
2022-05-25 20:16:15 ERROR    Failure: 94097134937905879805143453101758338884 : http://localhost:1800/ -> Failed to load resource: net::ERR_NAME_RESOLUTION_FAILED
2022-05-25 20:16:15 ERROR    Failure: 192000098578407187921566301909771202768 : http://localhost:1800/ -> net::ERR_NAME_RESOLUTION_FAILED
2022-05-25 20:16:15 ERROR    Failure: 94097134937905879805143453101758338884 : http://localhost:1800/ -> Failed to load resource: net::ERR_NAME_RESOLUTION_FAILED
2022-05-25 20:16:15 ERROR    Failure: 192000098578407187921566301909771202768 : http://localhost:1800/ -> net::ERR_NAME_RESOLUTION_FAILED
2022-05-25 20:16:15 ERROR    Failure: 94097134937905879805143453101758338884 : http://localhost:1800/ -> Failed to load resource: net::ERR_NAME_RESOLUTION_FAILED
2022-05-25 20:16:15 ERROR    Failure: 192000098578407187921566301909771202768 : http://localhost:1800/ -> net::ERR_NAME_RESOLUTION_FAILED
2022-05-25 20:16:15 ERROR    Failure: 94097134937905879805143453101758338884 : http://localhost:1800/ -> Failed to load resource: net::ERR_NAME_RESOLUTION_FAILED
2022-05-25 20:16:15 ERROR    Failure: 192000098578407187921566301909771202768 : http://localhost:1800/ -> net::ERR_NAME_RESOLUTION_FAILED
2022-05-25 20:16:15 ERROR    Failure: 94097134937905879805143453101758338884 : http://localhost:1800/ -> Failed to load resource: net::ERR_NAME_RESOLUTION_FAILED
2022-05-25 20:16:16 ERROR    Failure: 79839802101734943688249486384801588623 : http://localhost:1800/ -> Failed to load resource: the server responded with a status of 401 (Unauthorized)
2022-05-25 20:16:16 ERROR    Failure: 233681242693567643314746531081609967369 : http://localhost:1800/ -> status code(401) -> Not logged in
2022-05-25 20:16:27 ERROR    Failure: 192000098578407187921566301909771202768 : http://localhost:1800/subscribe?product=unlimited -> net::ERR_NAME_RESOLUTION_FAILED
2022-05-25 20:16:27 ERROR    Failure: 94097134937905879805143453101758338884 : http://localhost:1800/subscribe?product=unlimited -> Failed to load resource: net::ERR_NAME_RESOLUTION_FAILED
2022-05-25 20:16:27 ERROR    Failure: 192000098578407187921566301909771202768 : http://localhost:1800/subscribe?product=unlimited -> net::ERR_NAME_RESOLUTION_FAILED
2022-05-25 20:16:27 ERROR    Failure: 94097134937905879805143453101758338884 : http://localhost:1800/subscribe?product=unlimited -> Failed to load resource: net::ERR_NAME_RESOLUTION_FAILED
2022-05-25 20:16:27 ERROR    Failure: 192000098578407187921566301909771202768 : http://localhost:1800/subscribe?product=unlimited -> net::ERR_NAME_RESOLUTION_FAILED
2022-05-25 20:16:27 ERROR    Failure: 94097134937905879805143453101758338884 : http://localhost:1800/subscribe?product=unlimited -> Failed to load resource: net::ERR_NAME_RESOLUTION_FAILED
2022-05-25 20:16:27 ERROR    Failure: 192000098578407187921566301909771202768 : http://localhost:1800/subscribe?product=unlimited -> net::ERR_NAME_RESOLUTION_FAILED
2022-05-25 20:16:27 ERROR    Failure: 94097134937905879805143453101758338884 : http://localhost:1800/subscribe?product=unlimited -> Failed to load resource: net::ERR_NAME_RESOLUTION_FAILED
2022-05-25 20:16:27 ERROR    Failure: 192000098578407187921566301909771202768 : http://localhost:1800/subscribe?product=unlimited -> net::ERR_NAME_RESOLUTION_FAILED
2022-05-25 20:16:27 ERROR    Failure: 94097134937905879805143453101758338884 : http://localhost:1800/subscribe?product=unlimited -> Failed to load resource: net::ERR_NAME_RESOLUTION_FAILED
2022-05-25 20:16:27 ERROR    Failure: 192000098578407187921566301909771202768 : http://localhost:1800/subscribe?product=unlimited -> net::ERR_NAME_RESOLUTION_FAILED
2022-05-25 20:16:27 ERROR    Failure: 94097134937905879805143453101758338884 : http://localhost:1800/subscribe?product=unlimited -> Failed to load resource: net::ERR_NAME_RESOLUTION_FAILED
2022-05-25 20:16:28 ERROR    Failure: 79839802101734943688249486384801588623 : http://localhost:1800/subscribe?product=unlimited -> Failed to load resource: the server responded with a status of 401 (Unauthorized)
2022-05-25 20:16:28 ERROR    Failure: 233681242693567643314746531081609967369 : http://localhost:1800/subscribe?product=unlimited -> status code(401) -> Not logged in
2022-05-25 20:16:28 ERROR    Failure: 192000098578407187921566301909771202768 : http://localhost:1800/subscribe?product=unlimited -> net::ERR_NAME_RESOLUTION_FAILED
2022-05-25 20:16:28 ERROR    Failure: 94097134937905879805143453101758338884 : http://localhost:1800/subscribe?product=unlimited -> Failed to load resource: net::ERR_NAME_RESOLUTION_FAILED
2022-05-25 20:16:29 ERROR    Failure: 262513326802567628094931167029883077585 : http://localhost:1800/ -> net::ERR_ABORTED
2022-05-25 20:16:29 ERROR    Failure: 262513326802567628094931167029883077585 : http://localhost:1800/ -> net::ERR_ABORTED
2022-05-25 20:16:29 ERROR    Failure: 192000098578407187921566301909771202768 : http://localhost:1800/subscribe?product=self-hosted -> net::ERR_NAME_RESOLUTION_FAILED
2022-05-25 20:16:29 ERROR    Failure: 94097134937905879805143453101758338884 : http://localhost:1800/subscribe?product=self-hosted -> Failed to load resource: net::ERR_NAME_RESOLUTION_FAILED
2022-05-25 20:16:29 ERROR    Failure: 192000098578407187921566301909771202768 : http://localhost:1800/subscribe?product=self-hosted -> net::ERR_NAME_RESOLUTION_FAILED
2022-05-25 20:16:29 ERROR    Failure: 94097134937905879805143453101758338884 : http://localhost:1800/subscribe?product=self-hosted -> Failed to load resource: net::ERR_NAME_RESOLUTION_FAILED
2022-05-25 20:16:29 ERROR    Failure: 192000098578407187921566301909771202768 : http://localhost:1800/subscribe?product=self-hosted -> net::ERR_NAME_RESOLUTION_FAILED
2022-05-25 20:16:29 ERROR    Failure: 94097134937905879805143453101758338884 : http://localhost:1800/subscribe?product=self-hosted -> Failed to load resource: net::ERR_NAME_RESOLUTION_FAILED
2022-05-25 20:16:29 ERROR    Failure: 192000098578407187921566301909771202768 : http://localhost:1800/subscribe?product=self-hosted -> net::ERR_NAME_RESOLUTION_FAILED
2022-05-25 20:16:29 ERROR    Failure: 94097134937905879805143453101758338884 : http://localhost:1800/subscribe?product=self-hosted -> Failed to load resource: net::ERR_NAME_RESOLUTION_FAILED
2022-05-25 20:16:29 ERROR    Failure: 192000098578407187921566301909771202768 : http://localhost:1800/subscribe?product=self-hosted -> net::ERR_NAME_RESOLUTION_FAILED
2022-05-25 20:16:29 ERROR    Failure: 94097134937905879805143453101758338884 : http://localhost:1800/subscribe?product=self-hosted -> Failed to load resource: net::ERR_NAME_RESOLUTION_FAILED
2022-05-25 20:16:29 ERROR    Failure: 192000098578407187921566301909771202768 : http://localhost:1800/subscribe?product=self-hosted -> net::ERR_NAME_RESOLUTION_FAILED
2022-05-25 20:16:29 ERROR    Failure: 94097134937905879805143453101758338884 : http://localhost:1800/subscribe?product=self-hosted -> Failed to load resource: net::ERR_NAME_RESOLUTION_FAILED
2022-05-25 20:16:29 ERROR    Failure: 79839802101734943688249486384801588623 : http://localhost:1800/subscribe?product=self-hosted -> Failed to load resource: the server responded with a status of 401 (Unauthorized)
2022-05-25 20:16:29 ERROR    Failure: 233681242693567643314746531081609967369 : http://localhost:1800/subscribe?product=self-hosted -> status code(401) -> Not logged in
2022-05-25 20:16:29 ERROR    Failure: 192000098578407187921566301909771202768 : http://localhost:1800/subscribe?product=self-hosted -> net::ERR_NAME_RESOLUTION_FAILED
2022-05-25 20:16:29 ERROR    Failure: 94097134937905879805143453101758338884 : http://localhost:1800/subscribe?product=self-hosted -> Failed to load resource: net::ERR_NAME_RESOLUTION_FAILED
2022-05-25 20:16:30 ERROR    Failure: 192000098578407187921566301909771202768 : http://localhost:1800/ -> net::ERR_NAME_RESOLUTION_FAILED
2022-05-25 20:16:30 ERROR    Failure: 94097134937905879805143453101758338884 : http://localhost:1800/ -> Failed to load resource: net::ERR_NAME_RESOLUTION_FAILED
2022-05-25 20:16:30 ERROR    Failure: 192000098578407187921566301909771202768 : http://localhost:1800/ -> net::ERR_NAME_RESOLUTION_FAILED
2022-05-25 20:16:30 ERROR    Failure: 94097134937905879805143453101758338884 : http://localhost:1800/ -> Failed to load resource: net::ERR_NAME_RESOLUTION_FAILED
2022-05-25 20:16:30 ERROR    Failure: 192000098578407187921566301909771202768 : http://localhost:1800/ -> net::ERR_NAME_RESOLUTION_FAILED
2022-05-25 20:16:30 ERROR    Failure: 94097134937905879805143453101758338884 : http://localhost:1800/ -> Failed to load resource: net::ERR_NAME_RESOLUTION_FAILED
2022-05-25 20:16:30 ERROR    Failure: 192000098578407187921566301909771202768 : http://localhost:1800/ -> net::ERR_NAME_RESOLUTION_FAILED
2022-05-25 20:16:30 ERROR    Failure: 94097134937905879805143453101758338884 : http://localhost:1800/ -> Failed to load resource: net::ERR_NAME_RESOLUTION_FAILED
2022-05-25 20:16:30 ERROR    Failure: 192000098578407187921566301909771202768 : http://localhost:1800/ -> net::ERR_NAME_RESOLUTION_FAILED
2022-05-25 20:16:30 ERROR    Failure: 94097134937905879805143453101758338884 : http://localhost:1800/ -> Failed to load resource: net::ERR_NAME_RESOLUTION_FAILED
2022-05-25 20:16:30 ERROR    Failure: 192000098578407187921566301909771202768 : http://localhost:1800/ -> net::ERR_NAME_RESOLUTION_FAILED
2022-05-25 20:16:30 ERROR    Failure: 94097134937905879805143453101758338884 : http://localhost:1800/ -> Failed to load resource: net::ERR_NAME_RESOLUTION_FAILED
2022-05-25 20:16:31 ERROR    Failure: 79839802101734943688249486384801588623 : http://localhost:1800/ -> Failed to load resource: the server responded with a status of 401 (Unauthorized)
2022-05-25 20:16:31 ERROR    Failure: 233681242693567643314746531081609967369 : http://localhost:1800/ -> status code(401) -> Not logged in
2022-05-25 20:16:43 ERROR    Failure: 192000098578407187921566301909771202768 : http://localhost:1800/subscribe?product=self-hosted -> net::ERR_NAME_RESOLUTION_FAILED
2022-05-25 20:16:43 ERROR    Failure: 94097134937905879805143453101758338884 : http://localhost:1800/subscribe?product=self-hosted -> Failed to load resource: net::ERR_NAME_RESOLUTION_FAILED
2022-05-25 20:16:43 ERROR    Failure: 192000098578407187921566301909771202768 : http://localhost:1800/subscribe?product=self-hosted -> net::ERR_NAME_RESOLUTION_FAILED
2022-05-25 20:16:43 ERROR    Failure: 94097134937905879805143453101758338884 : http://localhost:1800/subscribe?product=self-hosted -> Failed to load resource: net::ERR_NAME_RESOLUTION_FAILED
2022-05-25 20:16:43 ERROR    Failure: 192000098578407187921566301909771202768 : http://localhost:1800/subscribe?product=self-hosted -> net::ERR_NAME_RESOLUTION_FAILED
2022-05-25 20:16:43 ERROR    Failure: 94097134937905879805143453101758338884 : http://localhost:1800/subscribe?product=self-hosted -> Failed to load resource: net::ERR_NAME_RESOLUTION_FAILED
2022-05-25 20:16:43 ERROR    Failure: 192000098578407187921566301909771202768 : http://localhost:1800/subscribe?product=self-hosted -> net::ERR_NAME_RESOLUTION_FAILED
2022-05-25 20:16:43 ERROR    Failure: 94097134937905879805143453101758338884 : http://localhost:1800/subscribe?product=self-hosted -> Failed to load resource: net::ERR_NAME_RESOLUTION_FAILED
2022-05-25 20:16:43 ERROR    Failure: 192000098578407187921566301909771202768 : http://localhost:1800/subscribe?product=self-hosted -> net::ERR_NAME_RESOLUTION_FAILED
2022-05-25 20:16:43 ERROR    Failure: 94097134937905879805143453101758338884 : http://localhost:1800/subscribe?product=self-hosted -> Failed to load resource: net::ERR_NAME_RESOLUTION_FAILED
2022-05-25 20:16:43 ERROR    Failure: 192000098578407187921566301909771202768 : http://localhost:1800/subscribe?product=self-hosted -> net::ERR_NAME_RESOLUTION_FAILED
2022-05-25 20:16:43 ERROR    Failure: 94097134937905879805143453101758338884 : http://localhost:1800/subscribe?product=self-hosted -> Failed to load resource: net::ERR_NAME_RESOLUTION_FAILED
2022-05-25 20:16:44 ERROR    Failure: 79839802101734943688249486384801588623 : http://localhost:1800/subscribe?product=self-hosted -> Failed to load resource: the server responded with a status of 401 (Unauthorized)
2022-05-25 20:16:44 ERROR    Failure: 233681242693567643314746531081609967369 : http://localhost:1800/subscribe?product=self-hosted -> status code(401) -> Not logged in
2022-05-25 20:16:44 ERROR    Failure: 192000098578407187921566301909771202768 : http://localhost:1800/subscribe?product=self-hosted -> net::ERR_NAME_RESOLUTION_FAILED
2022-05-25 20:16:44 ERROR    Failure: 94097134937905879805143453101758338884 : http://localhost:1800/subscribe?product=self-hosted -> Failed to load resource: net::ERR_NAME_RESOLUTION_FAILED
2022-05-25 20:16:49 ERROR    Failure: 192000098578407187921566301909771202768 : http://localhost:1800/ -> net::ERR_NAME_RESOLUTION_FAILED
2022-05-25 20:16:49 ERROR    Failure: 94097134937905879805143453101758338884 : http://localhost:1800/ -> Failed to load resource: net::ERR_NAME_RESOLUTION_FAILED
2022-05-25 20:16:49 ERROR    Failure: 192000098578407187921566301909771202768 : http://localhost:1800/ -> net::ERR_NAME_RESOLUTION_FAILED
2022-05-25 20:16:49 ERROR    Failure: 94097134937905879805143453101758338884 : http://localhost:1800/ -> Failed to load resource: net::ERR_NAME_RESOLUTION_FAILED
2022-05-25 20:16:49 ERROR    Failure: 192000098578407187921566301909771202768 : http://localhost:1800/ -> net::ERR_NAME_RESOLUTION_FAILED
2022-05-25 20:16:49 ERROR    Failure: 94097134937905879805143453101758338884 : http://localhost:1800/ -> Failed to load resource: net::ERR_NAME_RESOLUTION_FAILED
2022-05-25 20:16:49 ERROR    Failure: 192000098578407187921566301909771202768 : http://localhost:1800/ -> net::ERR_NAME_RESOLUTION_FAILED
2022-05-25 20:16:49 ERROR    Failure: 94097134937905879805143453101758338884 : http://localhost:1800/ -> Failed to load resource: net::ERR_NAME_RESOLUTION_FAILED
2022-05-25 20:16:49 ERROR    Failure: 192000098578407187921566301909771202768 : http://localhost:1800/ -> net::ERR_NAME_RESOLUTION_FAILED
2022-05-25 20:16:49 ERROR    Failure: 94097134937905879805143453101758338884 : http://localhost:1800/ -> Failed to load resource: net::ERR_NAME_RESOLUTION_FAILED
2022-05-25 20:16:49 ERROR    Failure: 192000098578407187921566301909771202768 : http://localhost:1800/ -> net::ERR_NAME_RESOLUTION_FAILED
2022-05-25 20:16:49 ERROR    Failure: 94097134937905879805143453101758338884 : http://localhost:1800/ -> Failed to load resource: net::ERR_NAME_RESOLUTION_FAILED
2022-05-25 20:16:50 ERROR    Failure: 79839802101734943688249486384801588623 : http://localhost:1800/ -> Failed to load resource: the server responded with a status of 401 (Unauthorized)
2022-05-25 20:16:50 ERROR    Failure: 233681242693567643314746531081609967369 : http://localhost:1800/ -> status code(401) -> Not logged in
2022-05-25 20:16:59 ERROR    Failure: 192000098578407187921566301909771202768 : http://localhost:1800/subscribe?product=unlimited -> net::ERR_NAME_RESOLUTION_FAILED
2022-05-25 20:16:59 ERROR    Failure: 94097134937905879805143453101758338884 : http://localhost:1800/subscribe?product=unlimited -> Failed to load resource: net::ERR_NAME_RESOLUTION_FAILED
2022-05-25 20:16:59 ERROR    Failure: 192000098578407187921566301909771202768 : http://localhost:1800/subscribe?product=unlimited -> net::ERR_NAME_RESOLUTION_FAILED
2022-05-25 20:16:59 ERROR    Failure: 94097134937905879805143453101758338884 : http://localhost:1800/subscribe?product=unlimited -> Failed to load resource: net::ERR_NAME_RESOLUTION_FAILED
2022-05-25 20:16:59 ERROR    Failure: 192000098578407187921566301909771202768 : http://localhost:1800/subscribe?product=unlimited -> net::ERR_NAME_RESOLUTION_FAILED
2022-05-25 20:16:59 ERROR    Failure: 94097134937905879805143453101758338884 : http://localhost:1800/subscribe?product=unlimited -> Failed to load resource: net::ERR_NAME_RESOLUTION_FAILED
2022-05-25 20:16:59 ERROR    Failure: 192000098578407187921566301909771202768 : http://localhost:1800/subscribe?product=unlimited -> net::ERR_NAME_RESOLUTION_FAILED
2022-05-25 20:16:59 ERROR    Failure: 94097134937905879805143453101758338884 : http://localhost:1800/subscribe?product=unlimited -> Failed to load resource: net::ERR_NAME_RESOLUTION_FAILED
2022-05-25 20:16:59 ERROR    Failure: 192000098578407187921566301909771202768 : http://localhost:1800/subscribe?product=unlimited -> net::ERR_NAME_RESOLUTION_FAILED
2022-05-25 20:16:59 ERROR    Failure: 94097134937905879805143453101758338884 : http://localhost:1800/subscribe?product=unlimited -> Failed to load resource: net::ERR_NAME_RESOLUTION_FAILED
2022-05-25 20:16:59 ERROR    Failure: 192000098578407187921566301909771202768 : http://localhost:1800/subscribe?product=unlimited -> net::ERR_NAME_RESOLUTION_FAILED
2022-05-25 20:16:59 ERROR    Failure: 94097134937905879805143453101758338884 : http://localhost:1800/subscribe?product=unlimited -> Failed to load resource: net::ERR_NAME_RESOLUTION_FAILED
2022-05-25 20:17:00 ERROR    Failure: 79839802101734943688249486384801588623 : http://localhost:1800/subscribe?product=unlimited -> Failed to load resource: the server responded with a status of 401 (Unauthorized)
2022-05-25 20:17:00 ERROR    Failure: 233681242693567643314746531081609967369 : http://localhost:1800/subscribe?product=unlimited -> status code(401) -> Not logged in
2022-05-25 20:17:00 ERROR    Failure: 192000098578407187921566301909771202768 : http://localhost:1800/subscribe?product=unlimited -> net::ERR_NAME_RESOLUTION_FAILED
2022-05-25 20:17:00 ERROR    Failure: 94097134937905879805143453101758338884 : http://localhost:1800/subscribe?product=unlimited -> Failed to load resource: net::ERR_NAME_RESOLUTION_FAILED
2022-05-25 20:17:06 ERROR    Failure: 192000098578407187921566301909771202768 : http://localhost:1800/ -> net::ERR_NAME_RESOLUTION_FAILED
2022-05-25 20:17:06 ERROR    Failure: 94097134937905879805143453101758338884 : http://localhost:1800/ -> Failed to load resource: net::ERR_NAME_RESOLUTION_FAILED
2022-05-25 20:17:06 ERROR    Failure: 192000098578407187921566301909771202768 : http://localhost:1800/ -> net::ERR_NAME_RESOLUTION_FAILED
2022-05-25 20:17:06 ERROR    Failure: 94097134937905879805143453101758338884 : http://localhost:1800/ -> Failed to load resource: net::ERR_NAME_RESOLUTION_FAILED
2022-05-25 20:17:06 ERROR    Failure: 192000098578407187921566301909771202768 : http://localhost:1800/ -> net::ERR_NAME_RESOLUTION_FAILED
2022-05-25 20:17:06 ERROR    Failure: 94097134937905879805143453101758338884 : http://localhost:1800/ -> Failed to load resource: net::ERR_NAME_RESOLUTION_FAILED
2022-05-25 20:17:06 ERROR    Failure: 192000098578407187921566301909771202768 : http://localhost:1800/ -> net::ERR_NAME_RESOLUTION_FAILED
2022-05-25 20:17:06 ERROR    Failure: 94097134937905879805143453101758338884 : http://localhost:1800/ -> Failed to load resource: net::ERR_NAME_RESOLUTION_FAILED
2022-05-25 20:17:06 ERROR    Failure: 192000098578407187921566301909771202768 : http://localhost:1800/ -> net::ERR_NAME_RESOLUTION_FAILED
2022-05-25 20:17:06 ERROR    Failure: 94097134937905879805143453101758338884 : http://localhost:1800/ -> Failed to load resource: net::ERR_NAME_RESOLUTION_FAILED
2022-05-25 20:17:06 ERROR    Failure: 192000098578407187921566301909771202768 : http://localhost:1800/ -> net::ERR_NAME_RESOLUTION_FAILED
2022-05-25 20:17:06 ERROR    Failure: 94097134937905879805143453101758338884 : http://localhost:1800/ -> Failed to load resource: net::ERR_NAME_RESOLUTION_FAILED
2022-05-25 20:17:07 ERROR    Failure: 79839802101734943688249486384801588623 : http://localhost:1800/ -> Failed to load resource: the server responded with a status of 401 (Unauthorized)
2022-05-25 20:17:07 ERROR    Failure: 233681242693567643314746531081609967369 : http://localhost:1800/ -> status code(401) -> Not logged in
2022-05-25 20:17:16 ERROR    Failure: 192000098578407187921566301909771202768 : http://localhost:1800/subscribe?product=unlimited -> net::ERR_NAME_RESOLUTION_FAILED
2022-05-25 20:17:16 ERROR    Failure: 94097134937905879805143453101758338884 : http://localhost:1800/subscribe?product=unlimited -> Failed to load resource: net::ERR_NAME_RESOLUTION_FAILED
2022-05-25 20:17:16 ERROR    Failure: 192000098578407187921566301909771202768 : http://localhost:1800/subscribe?product=unlimited -> net::ERR_NAME_RESOLUTION_FAILED
2022-05-25 20:17:16 ERROR    Failure: 94097134937905879805143453101758338884 : http://localhost:1800/subscribe?product=unlimited -> Failed to load resource: net::ERR_NAME_RESOLUTION_FAILED
2022-05-25 20:17:16 ERROR    Failure: 192000098578407187921566301909771202768 : http://localhost:1800/subscribe?product=unlimited -> net::ERR_NAME_RESOLUTION_FAILED
2022-05-25 20:17:16 ERROR    Failure: 94097134937905879805143453101758338884 : http://localhost:1800/subscribe?product=unlimited -> Failed to load resource: net::ERR_NAME_RESOLUTION_FAILED
2022-05-25 20:17:16 ERROR    Failure: 192000098578407187921566301909771202768 : http://localhost:1800/subscribe?product=unlimited -> net::ERR_NAME_RESOLUTION_FAILED
2022-05-25 20:17:16 ERROR    Failure: 94097134937905879805143453101758338884 : http://localhost:1800/subscribe?product=unlimited -> Failed to load resource: net::ERR_NAME_RESOLUTION_FAILED
2022-05-25 20:17:16 ERROR    Failure: 192000098578407187921566301909771202768 : http://localhost:1800/subscribe?product=unlimited -> net::ERR_NAME_RESOLUTION_FAILED
2022-05-25 20:17:16 ERROR    Failure: 94097134937905879805143453101758338884 : http://localhost:1800/subscribe?product=unlimited -> Failed to load resource: net::ERR_NAME_RESOLUTION_FAILED
2022-05-25 20:17:16 ERROR    Failure: 192000098578407187921566301909771202768 : http://localhost:1800/subscribe?product=unlimited -> net::ERR_NAME_RESOLUTION_FAILED
2022-05-25 20:17:16 ERROR    Failure: 94097134937905879805143453101758338884 : http://localhost:1800/subscribe?product=unlimited -> Failed to load resource: net::ERR_NAME_RESOLUTION_FAILED
2022-05-25 20:17:17 ERROR    Failure: 79839802101734943688249486384801588623 : http://localhost:1800/subscribe?product=unlimited -> Failed to load resource: the server responded with a status of 401 (Unauthorized)
2022-05-25 20:17:17 ERROR    Failure: 192000098578407187921566301909771202768 : http://localhost:1800/subscribe?product=unlimited -> net::ERR_NAME_RESOLUTION_FAILED
2022-05-25 20:17:17 ERROR    Failure: 94097134937905879805143453101758338884 : http://localhost:1800/subscribe?product=unlimited -> Failed to load resource: net::ERR_NAME_RESOLUTION_FAILED
2022-05-25 20:17:17 ERROR    Failure: 233681242693567643314746531081609967369 : http://localhost:1800/subscribe?product=unlimited -> status code(401) -> Not logged in
2022-05-25 20:17:22 ERROR    Failure: 192000098578407187921566301909771202768 : http://localhost:1800/ -> net::ERR_NAME_RESOLUTION_FAILED
2022-05-25 20:17:22 ERROR    Failure: 94097134937905879805143453101758338884 : http://localhost:1800/ -> Failed to load resource: net::ERR_NAME_RESOLUTION_FAILED
2022-05-25 20:17:22 ERROR    Failure: 192000098578407187921566301909771202768 : http://localhost:1800/ -> net::ERR_NAME_RESOLUTION_FAILED
2022-05-25 20:17:22 ERROR    Failure: 94097134937905879805143453101758338884 : http://localhost:1800/ -> Failed to load resource: net::ERR_NAME_RESOLUTION_FAILED
2022-05-25 20:17:22 ERROR    Failure: 192000098578407187921566301909771202768 : http://localhost:1800/ -> net::ERR_NAME_RESOLUTION_FAILED
2022-05-25 20:17:22 ERROR    Failure: 94097134937905879805143453101758338884 : http://localhost:1800/ -> Failed to load resource: net::ERR_NAME_RESOLUTION_FAILED
2022-05-25 20:17:22 ERROR    Failure: 192000098578407187921566301909771202768 : http://localhost:1800/ -> net::ERR_NAME_RESOLUTION_FAILED
2022-05-25 20:17:22 ERROR    Failure: 94097134937905879805143453101758338884 : http://localhost:1800/ -> Failed to load resource: net::ERR_NAME_RESOLUTION_FAILED
2022-05-25 20:17:22 ERROR    Failure: 192000098578407187921566301909771202768 : http://localhost:1800/ -> net::ERR_NAME_RESOLUTION_FAILED
2022-05-25 20:17:22 ERROR    Failure: 94097134937905879805143453101758338884 : http://localhost:1800/ -> Failed to load resource: net::ERR_NAME_RESOLUTION_FAILED
2022-05-25 20:17:22 ERROR    Failure: 192000098578407187921566301909771202768 : http://localhost:1800/ -> net::ERR_NAME_RESOLUTION_FAILED
2022-05-25 20:17:22 ERROR    Failure: 94097134937905879805143453101758338884 : http://localhost:1800/ -> Failed to load resource: net::ERR_NAME_RESOLUTION_FAILED
2022-05-25 20:17:22 ERROR    Failure: 79839802101734943688249486384801588623 : http://localhost:1800/ -> Failed to load resource: the server responded with a status of 401 (Unauthorized)
2022-05-25 20:17:22 ERROR    Failure: 233681242693567643314746531081609967369 : http://localhost:1800/ -> status code(401) -> Not logged in
2022-05-25 20:17:32 ERROR    Failure: 192000098578407187921566301909771202768 : http://localhost:1800/login -> net::ERR_NAME_RESOLUTION_FAILED
2022-05-25 20:17:32 ERROR    Failure: 94097134937905879805143453101758338884 : http://localhost:1800/login -> Failed to load resource: net::ERR_NAME_RESOLUTION_FAILED
2022-05-25 20:17:32 ERROR    Failure: 192000098578407187921566301909771202768 : http://localhost:1800/login -> net::ERR_NAME_RESOLUTION_FAILED
2022-05-25 20:17:32 ERROR    Failure: 94097134937905879805143453101758338884 : http://localhost:1800/login -> Failed to load resource: net::ERR_NAME_RESOLUTION_FAILED
2022-05-25 20:17:32 ERROR    Failure: 192000098578407187921566301909771202768 : http://localhost:1800/login -> net::ERR_NAME_RESOLUTION_FAILED
2022-05-25 20:17:32 ERROR    Failure: 94097134937905879805143453101758338884 : http://localhost:1800/login -> Failed to load resource: net::ERR_NAME_RESOLUTION_FAILED
2022-05-25 20:17:32 ERROR    Failure: 192000098578407187921566301909771202768 : http://localhost:1800/login -> net::ERR_NAME_RESOLUTION_FAILED
2022-05-25 20:17:32 ERROR    Failure: 94097134937905879805143453101758338884 : http://localhost:1800/login -> Failed to load resource: net::ERR_NAME_RESOLUTION_FAILED
2022-05-25 20:17:32 ERROR    Failure: 192000098578407187921566301909771202768 : http://localhost:1800/login -> net::ERR_NAME_RESOLUTION_FAILED
2022-05-25 20:17:32 ERROR    Failure: 94097134937905879805143453101758338884 : http://localhost:1800/login -> Failed to load resource: net::ERR_NAME_RESOLUTION_FAILED
2022-05-25 20:17:32 ERROR    Failure: 192000098578407187921566301909771202768 : http://localhost:1800/login -> net::ERR_NAME_RESOLUTION_FAILED
2022-05-25 20:17:32 ERROR    Failure: 94097134937905879805143453101758338884 : http://localhost:1800/login -> Failed to load resource: net::ERR_NAME_RESOLUTION_FAILED
2022-05-25 20:17:32 ERROR    Failure: 79839802101734943688249486384801588623 : http://localhost:1800/login -> Failed to load resource: the server responded with a status of 401 (Unauthorized)
2022-05-25 20:17:33 ERROR    Failure: 233681242693567643314746531081609967369 : http://localhost:1800/login -> status code(401) -> Not logged in
2022-05-25 20:17:33 ERROR    Failure: 262513326802567628094931167029883077585 : http://localhost:1800/ -> net::ERR_ABORTED
2022-05-25 20:17:33 ERROR    Failure: 192000098578407187921566301909771202768 : http://localhost:1800/subscribe?product=unlimited -> net::ERR_NAME_RESOLUTION_FAILED
2022-05-25 20:17:33 ERROR    Failure: 94097134937905879805143453101758338884 : http://localhost:1800/subscribe?product=unlimited -> Failed to load resource: net::ERR_NAME_RESOLUTION_FAILED
2022-05-25 20:17:33 ERROR    Failure: 192000098578407187921566301909771202768 : http://localhost:1800/subscribe?product=unlimited -> net::ERR_NAME_RESOLUTION_FAILED
2022-05-25 20:17:33 ERROR    Failure: 94097134937905879805143453101758338884 : http://localhost:1800/subscribe?product=unlimited -> Failed to load resource: net::ERR_NAME_RESOLUTION_FAILED
2022-05-25 20:17:33 ERROR    Failure: 192000098578407187921566301909771202768 : http://localhost:1800/subscribe?product=unlimited -> net::ERR_NAME_RESOLUTION_FAILED
2022-05-25 20:17:33 ERROR    Failure: 94097134937905879805143453101758338884 : http://localhost:1800/subscribe?product=unlimited -> Failed to load resource: net::ERR_NAME_RESOLUTION_FAILED
2022-05-25 20:17:33 ERROR    Failure: 192000098578407187921566301909771202768 : http://localhost:1800/subscribe?product=unlimited -> net::ERR_NAME_RESOLUTION_FAILED
2022-05-25 20:17:33 ERROR    Failure: 94097134937905879805143453101758338884 : http://localhost:1800/subscribe?product=unlimited -> Failed to load resource: net::ERR_NAME_RESOLUTION_FAILED
2022-05-25 20:17:33 ERROR    Failure: 192000098578407187921566301909771202768 : http://localhost:1800/subscribe?product=unlimited -> net::ERR_NAME_RESOLUTION_FAILED
2022-05-25 20:17:33 ERROR    Failure: 94097134937905879805143453101758338884 : http://localhost:1800/subscribe?product=unlimited -> Failed to load resource: net::ERR_NAME_RESOLUTION_FAILED
2022-05-25 20:17:33 ERROR    Failure: 192000098578407187921566301909771202768 : http://localhost:1800/subscribe?product=unlimited -> net::ERR_NAME_RESOLUTION_FAILED
2022-05-25 20:17:33 ERROR    Failure: 94097134937905879805143453101758338884 : http://localhost:1800/subscribe?product=unlimited -> Failed to load resource: net::ERR_NAME_RESOLUTION_FAILED
2022-05-25 20:17:33 ERROR    Failure: 79839802101734943688249486384801588623 : http://localhost:1800/subscribe?product=unlimited -> Failed to load resource: the server responded with a status of 401 (Unauthorized)
2022-05-25 20:17:33 ERROR    Failure: 192000098578407187921566301909771202768 : http://localhost:1800/subscribe?product=unlimited -> net::ERR_NAME_RESOLUTION_FAILED
2022-05-25 20:17:33 ERROR    Failure: 94097134937905879805143453101758338884 : http://localhost:1800/subscribe?product=unlimited -> Failed to load resource: net::ERR_NAME_RESOLUTION_FAILED
2022-05-25 20:17:33 ERROR    Failure: 233681242693567643314746531081609967369 : http://localhost:1800/subscribe?product=unlimited -> status code(401) -> Not logged in
2022-05-25 20:17:45 ERROR    Failure: 192000098578407187921566301909771202768 : http://localhost:1800/ -> net::ERR_NAME_RESOLUTION_FAILED
2022-05-25 20:17:45 ERROR    Failure: 94097134937905879805143453101758338884 : http://localhost:1800/ -> Failed to load resource: net::ERR_NAME_RESOLUTION_FAILED
2022-05-25 20:17:45 ERROR    Failure: 192000098578407187921566301909771202768 : http://localhost:1800/ -> net::ERR_NAME_RESOLUTION_FAILED
2022-05-25 20:17:45 ERROR    Failure: 94097134937905879805143453101758338884 : http://localhost:1800/ -> Failed to load resource: net::ERR_NAME_RESOLUTION_FAILED
2022-05-25 20:17:45 ERROR    Failure: 192000098578407187921566301909771202768 : http://localhost:1800/ -> net::ERR_NAME_RESOLUTION_FAILED
2022-05-25 20:17:45 ERROR    Failure: 94097134937905879805143453101758338884 : http://localhost:1800/ -> Failed to load resource: net::ERR_NAME_RESOLUTION_FAILED
2022-05-25 20:17:45 ERROR    Failure: 192000098578407187921566301909771202768 : http://localhost:1800/ -> net::ERR_NAME_RESOLUTION_FAILED
2022-05-25 20:17:45 ERROR    Failure: 94097134937905879805143453101758338884 : http://localhost:1800/ -> Failed to load resource: net::ERR_NAME_RESOLUTION_FAILED
2022-05-25 20:17:45 ERROR    Failure: 192000098578407187921566301909771202768 : http://localhost:1800/ -> net::ERR_NAME_RESOLUTION_FAILED
2022-05-25 20:17:45 ERROR    Failure: 94097134937905879805143453101758338884 : http://localhost:1800/ -> Failed to load resource: net::ERR_NAME_RESOLUTION_FAILED
2022-05-25 20:17:45 ERROR    Failure: 192000098578407187921566301909771202768 : http://localhost:1800/ -> net::ERR_NAME_RESOLUTION_FAILED
2022-05-25 20:17:45 ERROR    Failure: 94097134937905879805143453101758338884 : http://localhost:1800/ -> Failed to load resource: net::ERR_NAME_RESOLUTION_FAILED
2022-05-25 20:17:46 ERROR    Failure: 79839802101734943688249486384801588623 : http://localhost:1800/ -> Failed to load resource: the server responded with a status of 401 (Unauthorized)
2022-05-25 20:17:46 ERROR    Failure: 233681242693567643314746531081609967369 : http://localhost:1800/ -> status code(401) -> Not logged in
2022-05-25 20:17:55 ERROR    Failure: 192000098578407187921566301909771202768 : http://localhost:1800/subscribe?product=self-hosted -> net::ERR_NAME_RESOLUTION_FAILED
2022-05-25 20:17:55 ERROR    Failure: 94097134937905879805143453101758338884 : http://localhost:1800/subscribe?product=self-hosted -> Failed to load resource: net::ERR_NAME_RESOLUTION_FAILED
2022-05-25 20:17:55 ERROR    Failure: 192000098578407187921566301909771202768 : http://localhost:1800/subscribe?product=self-hosted -> net::ERR_NAME_RESOLUTION_FAILED
2022-05-25 20:17:55 ERROR    Failure: 94097134937905879805143453101758338884 : http://localhost:1800/subscribe?product=self-hosted -> Failed to load resource: net::ERR_NAME_RESOLUTION_FAILED
2022-05-25 20:17:55 ERROR    Failure: 192000098578407187921566301909771202768 : http://localhost:1800/subscribe?product=self-hosted -> net::ERR_NAME_RESOLUTION_FAILED
2022-05-25 20:17:55 ERROR    Failure: 94097134937905879805143453101758338884 : http://localhost:1800/subscribe?product=self-hosted -> Failed to load resource: net::ERR_NAME_RESOLUTION_FAILED
2022-05-25 20:17:55 ERROR    Failure: 192000098578407187921566301909771202768 : http://localhost:1800/subscribe?product=self-hosted -> net::ERR_NAME_RESOLUTION_FAILED
2022-05-25 20:17:55 ERROR    Failure: 94097134937905879805143453101758338884 : http://localhost:1800/subscribe?product=self-hosted -> Failed to load resource: net::ERR_NAME_RESOLUTION_FAILED
2022-05-25 20:17:55 ERROR    Failure: 192000098578407187921566301909771202768 : http://localhost:1800/subscribe?product=self-hosted -> net::ERR_NAME_RESOLUTION_FAILED
2022-05-25 20:17:55 ERROR    Failure: 94097134937905879805143453101758338884 : http://localhost:1800/subscribe?product=self-hosted -> Failed to load resource: net::ERR_NAME_RESOLUTION_FAILED
2022-05-25 20:17:55 ERROR    Failure: 192000098578407187921566301909771202768 : http://localhost:1800/subscribe?product=self-hosted -> net::ERR_NAME_RESOLUTION_FAILED
2022-05-25 20:17:55 ERROR    Failure: 94097134937905879805143453101758338884 : http://localhost:1800/subscribe?product=self-hosted -> Failed to load resource: net::ERR_NAME_RESOLUTION_FAILED
2022-05-25 20:17:56 ERROR    Failure: 79839802101734943688249486384801588623 : http://localhost:1800/subscribe?product=self-hosted -> Failed to load resource: the server responded with a status of 401 (Unauthorized)
2022-05-25 20:17:56 ERROR    Failure: 192000098578407187921566301909771202768 : http://localhost:1800/subscribe?product=self-hosted -> net::ERR_NAME_RESOLUTION_FAILED
2022-05-25 20:17:56 ERROR    Failure: 94097134937905879805143453101758338884 : http://localhost:1800/subscribe?product=self-hosted -> Failed to load resource: net::ERR_NAME_RESOLUTION_FAILED
2022-05-25 20:17:56 ERROR    Failure: 233681242693567643314746531081609967369 : http://localhost:1800/subscribe?product=self-hosted -> status code(401) -> Not logged in
2022-05-25 20:18:03 ERROR    Failure: 192000098578407187921566301909771202768 : http://localhost:1800/ -> net::ERR_NAME_RESOLUTION_FAILED
2022-05-25 20:18:03 ERROR    Failure: 94097134937905879805143453101758338884 : http://localhost:1800/ -> Failed to load resource: net::ERR_NAME_RESOLUTION_FAILED
2022-05-25 20:18:03 ERROR    Failure: 192000098578407187921566301909771202768 : http://localhost:1800/ -> net::ERR_NAME_RESOLUTION_FAILED
2022-05-25 20:18:03 ERROR    Failure: 94097134937905879805143453101758338884 : http://localhost:1800/ -> Failed to load resource: net::ERR_NAME_RESOLUTION_FAILED
2022-05-25 20:18:03 ERROR    Failure: 192000098578407187921566301909771202768 : http://localhost:1800/ -> net::ERR_NAME_RESOLUTION_FAILED
2022-05-25 20:18:03 ERROR    Failure: 94097134937905879805143453101758338884 : http://localhost:1800/ -> Failed to load resource: net::ERR_NAME_RESOLUTION_FAILED
2022-05-25 20:18:03 ERROR    Failure: 192000098578407187921566301909771202768 : http://localhost:1800/ -> net::ERR_NAME_RESOLUTION_FAILED
2022-05-25 20:18:03 ERROR    Failure: 94097134937905879805143453101758338884 : http://localhost:1800/ -> Failed to load resource: net::ERR_NAME_RESOLUTION_FAILED
2022-05-25 20:18:03 ERROR    Failure: 192000098578407187921566301909771202768 : http://localhost:1800/ -> net::ERR_NAME_RESOLUTION_FAILED
2022-05-25 20:18:03 ERROR    Failure: 94097134937905879805143453101758338884 : http://localhost:1800/ -> Failed to load resource: net::ERR_NAME_RESOLUTION_FAILED
2022-05-25 20:18:03 ERROR    Failure: 192000098578407187921566301909771202768 : http://localhost:1800/ -> net::ERR_NAME_RESOLUTION_FAILED
2022-05-25 20:18:03 ERROR    Failure: 94097134937905879805143453101758338884 : http://localhost:1800/ -> Failed to load resource: net::ERR_NAME_RESOLUTION_FAILED
2022-05-25 20:18:03 ERROR    Failure: 79839802101734943688249486384801588623 : http://localhost:1800/ -> Failed to load resource: the server responded with a status of 401 (Unauthorized)
2022-05-25 20:18:03 ERROR    Failure: 233681242693567643314746531081609967369 : http://localhost:1800/ -> status code(401) -> Not logged in
2022-05-25 20:18:16 ERROR    Failure: 192000098578407187921566301909771202768 : http://localhost:1800/subscribe?product=unlimited -> net::ERR_NAME_RESOLUTION_FAILED
2022-05-25 20:18:16 ERROR    Failure: 94097134937905879805143453101758338884 : http://localhost:1800/subscribe?product=unlimited -> Failed to load resource: net::ERR_NAME_RESOLUTION_FAILED
2022-05-25 20:18:16 ERROR    Failure: 192000098578407187921566301909771202768 : http://localhost:1800/subscribe?product=unlimited -> net::ERR_NAME_RESOLUTION_FAILED
2022-05-25 20:18:16 ERROR    Failure: 94097134937905879805143453101758338884 : http://localhost:1800/subscribe?product=unlimited -> Failed to load resource: net::ERR_NAME_RESOLUTION_FAILED
2022-05-25 20:18:16 ERROR    Failure: 192000098578407187921566301909771202768 : http://localhost:1800/subscribe?product=unlimited -> net::ERR_NAME_RESOLUTION_FAILED
2022-05-25 20:18:16 ERROR    Failure: 94097134937905879805143453101758338884 : http://localhost:1800/subscribe?product=unlimited -> Failed to load resource: net::ERR_NAME_RESOLUTION_FAILED
2022-05-25 20:18:16 ERROR    Failure: 192000098578407187921566301909771202768 : http://localhost:1800/subscribe?product=unlimited -> net::ERR_NAME_RESOLUTION_FAILED
2022-05-25 20:18:16 ERROR    Failure: 94097134937905879805143453101758338884 : http://localhost:1800/subscribe?product=unlimited -> Failed to load resource: net::ERR_NAME_RESOLUTION_FAILED
2022-05-25 20:18:16 ERROR    Failure: 192000098578407187921566301909771202768 : http://localhost:1800/subscribe?product=unlimited -> net::ERR_NAME_RESOLUTION_FAILED
2022-05-25 20:18:16 ERROR    Failure: 94097134937905879805143453101758338884 : http://localhost:1800/subscribe?product=unlimited -> Failed to load resource: net::ERR_NAME_RESOLUTION_FAILED
2022-05-25 20:18:16 ERROR    Failure: 192000098578407187921566301909771202768 : http://localhost:1800/subscribe?product=unlimited -> net::ERR_NAME_RESOLUTION_FAILED
2022-05-25 20:18:16 ERROR    Failure: 94097134937905879805143453101758338884 : http://localhost:1800/subscribe?product=unlimited -> Failed to load resource: net::ERR_NAME_RESOLUTION_FAILED
2022-05-25 20:18:16 ERROR    Failure: 79839802101734943688249486384801588623 : http://localhost:1800/subscribe?product=unlimited -> Failed to load resource: the server responded with a status of 401 (Unauthorized)
2022-05-25 20:18:16 ERROR    Failure: 192000098578407187921566301909771202768 : http://localhost:1800/subscribe?product=unlimited -> net::ERR_NAME_RESOLUTION_FAILED
2022-05-25 20:18:16 ERROR    Failure: 94097134937905879805143453101758338884 : http://localhost:1800/subscribe?product=unlimited -> Failed to load resource: net::ERR_NAME_RESOLUTION_FAILED
2022-05-25 20:18:16 ERROR    Failure: 233681242693567643314746531081609967369 : http://localhost:1800/subscribe?product=unlimited -> status code(401) -> Not logged in
2022-05-25 20:18:19 ERROR    Failure: 192000098578407187921566301909771202768 : http://localhost:1800/ -> net::ERR_NAME_RESOLUTION_FAILED
2022-05-25 20:18:19 ERROR    Failure: 94097134937905879805143453101758338884 : http://localhost:1800/ -> Failed to load resource: net::ERR_NAME_RESOLUTION_FAILED
2022-05-25 20:18:19 ERROR    Failure: 192000098578407187921566301909771202768 : http://localhost:1800/ -> net::ERR_NAME_RESOLUTION_FAILED
2022-05-25 20:18:19 ERROR    Failure: 94097134937905879805143453101758338884 : http://localhost:1800/ -> Failed to load resource: net::ERR_NAME_RESOLUTION_FAILED
2022-05-25 20:18:19 ERROR    Failure: 192000098578407187921566301909771202768 : http://localhost:1800/ -> net::ERR_NAME_RESOLUTION_FAILED
2022-05-25 20:18:19 ERROR    Failure: 94097134937905879805143453101758338884 : http://localhost:1800/ -> Failed to load resource: net::ERR_NAME_RESOLUTION_FAILED
2022-05-25 20:18:19 ERROR    Failure: 192000098578407187921566301909771202768 : http://localhost:1800/ -> net::ERR_NAME_RESOLUTION_FAILED
2022-05-25 20:18:19 ERROR    Failure: 94097134937905879805143453101758338884 : http://localhost:1800/ -> Failed to load resource: net::ERR_NAME_RESOLUTION_FAILED
2022-05-25 20:18:19 ERROR    Failure: 192000098578407187921566301909771202768 : http://localhost:1800/ -> net::ERR_NAME_RESOLUTION_FAILED
2022-05-25 20:18:19 ERROR    Failure: 94097134937905879805143453101758338884 : http://localhost:1800/ -> Failed to load resource: net::ERR_NAME_RESOLUTION_FAILED
2022-05-25 20:18:19 ERROR    Failure: 192000098578407187921566301909771202768 : http://localhost:1800/ -> net::ERR_NAME_RESOLUTION_FAILED
2022-05-25 20:18:19 ERROR    Failure: 94097134937905879805143453101758338884 : http://localhost:1800/ -> Failed to load resource: net::ERR_NAME_RESOLUTION_FAILED
2022-05-25 20:18:20 ERROR    Failure: 79839802101734943688249486384801588623 : http://localhost:1800/ -> Failed to load resource: the server responded with a status of 401 (Unauthorized)
2022-05-25 20:18:20 ERROR    Failure: 233681242693567643314746531081609967369 : http://localhost:1800/ -> status code(401) -> Not logged in
2022-05-25 20:18:31 ERROR    Failure: 192000098578407187921566301909771202768 : http://localhost:1800/login -> net::ERR_NAME_RESOLUTION_FAILED
2022-05-25 20:18:31 ERROR    Failure: 94097134937905879805143453101758338884 : http://localhost:1800/login -> Failed to load resource: net::ERR_NAME_RESOLUTION_FAILED
2022-05-25 20:18:31 ERROR    Failure: 192000098578407187921566301909771202768 : http://localhost:1800/login -> net::ERR_NAME_RESOLUTION_FAILED
2022-05-25 20:18:31 ERROR    Failure: 94097134937905879805143453101758338884 : http://localhost:1800/login -> Failed to load resource: net::ERR_NAME_RESOLUTION_FAILED
2022-05-25 20:18:31 ERROR    Failure: 192000098578407187921566301909771202768 : http://localhost:1800/login -> net::ERR_NAME_RESOLUTION_FAILED
2022-05-25 20:18:31 ERROR    Failure: 94097134937905879805143453101758338884 : http://localhost:1800/login -> Failed to load resource: net::ERR_NAME_RESOLUTION_FAILED
2022-05-25 20:18:31 ERROR    Failure: 192000098578407187921566301909771202768 : http://localhost:1800/login -> net::ERR_NAME_RESOLUTION_FAILED
2022-05-25 20:18:31 ERROR    Failure: 94097134937905879805143453101758338884 : http://localhost:1800/login -> Failed to load resource: net::ERR_NAME_RESOLUTION_FAILED
2022-05-25 20:18:31 ERROR    Failure: 192000098578407187921566301909771202768 : http://localhost:1800/login -> net::ERR_NAME_RESOLUTION_FAILED
2022-05-25 20:18:31 ERROR    Failure: 94097134937905879805143453101758338884 : http://localhost:1800/login -> Failed to load resource: net::ERR_NAME_RESOLUTION_FAILED
2022-05-25 20:18:31 ERROR    Failure: 192000098578407187921566301909771202768 : http://localhost:1800/login -> net::ERR_NAME_RESOLUTION_FAILED
2022-05-25 20:18:31 ERROR    Failure: 94097134937905879805143453101758338884 : http://localhost:1800/login -> Failed to load resource: net::ERR_NAME_RESOLUTION_FAILED
2022-05-25 20:18:31 ERROR    Failure: 79839802101734943688249486384801588623 : http://localhost:1800/login -> Failed to load resource: the server responded with a status of 401 (Unauthorized)
2022-05-25 20:18:31 ERROR    Failure: 233681242693567643314746531081609967369 : http://localhost:1800/login -> status code(401) -> Not logged in
2022-05-25 20:18:33 ERROR    Failure: 262513326802567628094931167029883077585 : http://localhost:1800/ -> net::ERR_ABORTED
2022-05-25 20:18:33 ERROR    Failure: 192000098578407187921566301909771202768 : http://localhost:1800/subscribe?product=team -> net::ERR_NAME_RESOLUTION_FAILED
2022-05-25 20:18:33 ERROR    Failure: 94097134937905879805143453101758338884 : http://localhost:1800/subscribe?product=team -> Failed to load resource: net::ERR_NAME_RESOLUTION_FAILED
2022-05-25 20:18:33 ERROR    Failure: 192000098578407187921566301909771202768 : http://localhost:1800/subscribe?product=team -> net::ERR_NAME_RESOLUTION_FAILED
2022-05-25 20:18:33 ERROR    Failure: 94097134937905879805143453101758338884 : http://localhost:1800/subscribe?product=team -> Failed to load resource: net::ERR_NAME_RESOLUTION_FAILED
2022-05-25 20:18:33 ERROR    Failure: 192000098578407187921566301909771202768 : http://localhost:1800/subscribe?product=team -> net::ERR_NAME_RESOLUTION_FAILED
2022-05-25 20:18:33 ERROR    Failure: 94097134937905879805143453101758338884 : http://localhost:1800/subscribe?product=team -> Failed to load resource: net::ERR_NAME_RESOLUTION_FAILED
2022-05-25 20:18:33 ERROR    Failure: 192000098578407187921566301909771202768 : http://localhost:1800/subscribe?product=team -> net::ERR_NAME_RESOLUTION_FAILED
2022-05-25 20:18:33 ERROR    Failure: 94097134937905879805143453101758338884 : http://localhost:1800/subscribe?product=team -> Failed to load resource: net::ERR_NAME_RESOLUTION_FAILED
2022-05-25 20:18:33 ERROR    Failure: 192000098578407187921566301909771202768 : http://localhost:1800/subscribe?product=team -> net::ERR_NAME_RESOLUTION_FAILED
2022-05-25 20:18:33 ERROR    Failure: 94097134937905879805143453101758338884 : http://localhost:1800/subscribe?product=team -> Failed to load resource: net::ERR_NAME_RESOLUTION_FAILED
2022-05-25 20:18:33 ERROR    Failure: 192000098578407187921566301909771202768 : http://localhost:1800/subscribe?product=team -> net::ERR_NAME_RESOLUTION_FAILED
2022-05-25 20:18:33 ERROR    Failure: 94097134937905879805143453101758338884 : http://localhost:1800/subscribe?product=team -> Failed to load resource: net::ERR_NAME_RESOLUTION_FAILED
2022-05-25 20:18:34 ERROR    Failure: 79839802101734943688249486384801588623 : http://localhost:1800/subscribe?product=team -> Failed to load resource: the server responded with a status of 401 (Unauthorized)
2022-05-25 20:18:34 ERROR    Failure: 192000098578407187921566301909771202768 : http://localhost:1800/subscribe?product=team -> net::ERR_NAME_RESOLUTION_FAILED
2022-05-25 20:18:34 ERROR    Failure: 94097134937905879805143453101758338884 : http://localhost:1800/subscribe?product=team -> Failed to load resource: net::ERR_NAME_RESOLUTION_FAILED
2022-05-25 20:18:34 ERROR    Failure: 233681242693567643314746531081609967369 : http://localhost:1800/subscribe?product=team -> status code(401) -> Not logged in
2022-05-25 20:18:35 ERROR    Failure: 192000098578407187921566301909771202768 : http://localhost:1800/ -> net::ERR_NAME_RESOLUTION_FAILED
2022-05-25 20:18:35 ERROR    Failure: 94097134937905879805143453101758338884 : http://localhost:1800/ -> Failed to load resource: net::ERR_NAME_RESOLUTION_FAILED
2022-05-25 20:18:35 ERROR    Failure: 192000098578407187921566301909771202768 : http://localhost:1800/ -> net::ERR_NAME_RESOLUTION_FAILED
2022-05-25 20:18:35 ERROR    Failure: 94097134937905879805143453101758338884 : http://localhost:1800/ -> Failed to load resource: net::ERR_NAME_RESOLUTION_FAILED
2022-05-25 20:18:35 ERROR    Failure: 192000098578407187921566301909771202768 : http://localhost:1800/ -> net::ERR_NAME_RESOLUTION_FAILED
2022-05-25 20:18:35 ERROR    Failure: 94097134937905879805143453101758338884 : http://localhost:1800/ -> Failed to load resource: net::ERR_NAME_RESOLUTION_FAILED
2022-05-25 20:18:35 ERROR    Failure: 192000098578407187921566301909771202768 : http://localhost:1800/ -> net::ERR_NAME_RESOLUTION_FAILED
2022-05-25 20:18:35 ERROR    Failure: 94097134937905879805143453101758338884 : http://localhost:1800/ -> Failed to load resource: net::ERR_NAME_RESOLUTION_FAILED
2022-05-25 20:18:35 ERROR    Failure: 192000098578407187921566301909771202768 : http://localhost:1800/ -> net::ERR_NAME_RESOLUTION_FAILED
2022-05-25 20:18:35 ERROR    Failure: 94097134937905879805143453101758338884 : http://localhost:1800/ -> Failed to load resource: net::ERR_NAME_RESOLUTION_FAILED
2022-05-25 20:18:35 ERROR    Failure: 192000098578407187921566301909771202768 : http://localhost:1800/ -> net::ERR_NAME_RESOLUTION_FAILED
2022-05-25 20:18:35 ERROR    Failure: 94097134937905879805143453101758338884 : http://localhost:1800/ -> Failed to load resource: net::ERR_NAME_RESOLUTION_FAILED
2022-05-25 20:18:36 ERROR    Failure: 79839802101734943688249486384801588623 : http://localhost:1800/ -> Failed to load resource: the server responded with a status of 401 (Unauthorized)
2022-05-25 20:18:36 ERROR    Failure: 233681242693567643314746531081609967369 : http://localhost:1800/ -> status code(401) -> Not logged in
2022-05-25 20:18:47 ERROR    Failure: 192000098578407187921566301909771202768 : http://localhost:1800/subscribe?product=self-hosted -> net::ERR_NAME_RESOLUTION_FAILED
2022-05-25 20:18:47 ERROR    Failure: 94097134937905879805143453101758338884 : http://localhost:1800/subscribe?product=self-hosted -> Failed to load resource: net::ERR_NAME_RESOLUTION_FAILED
2022-05-25 20:18:47 ERROR    Failure: 192000098578407187921566301909771202768 : http://localhost:1800/subscribe?product=self-hosted -> net::ERR_NAME_RESOLUTION_FAILED
2022-05-25 20:18:47 ERROR    Failure: 94097134937905879805143453101758338884 : http://localhost:1800/subscribe?product=self-hosted -> Failed to load resource: net::ERR_NAME_RESOLUTION_FAILED
2022-05-25 20:18:47 ERROR    Failure: 192000098578407187921566301909771202768 : http://localhost:1800/subscribe?product=self-hosted -> net::ERR_NAME_RESOLUTION_FAILED
2022-05-25 20:18:47 ERROR    Failure: 94097134937905879805143453101758338884 : http://localhost:1800/subscribe?product=self-hosted -> Failed to load resource: net::ERR_NAME_RESOLUTION_FAILED
2022-05-25 20:18:47 ERROR    Failure: 192000098578407187921566301909771202768 : http://localhost:1800/subscribe?product=self-hosted -> net::ERR_NAME_RESOLUTION_FAILED
2022-05-25 20:18:47 ERROR    Failure: 94097134937905879805143453101758338884 : http://localhost:1800/subscribe?product=self-hosted -> Failed to load resource: net::ERR_NAME_RESOLUTION_FAILED
2022-05-25 20:18:47 ERROR    Failure: 192000098578407187921566301909771202768 : http://localhost:1800/subscribe?product=self-hosted -> net::ERR_NAME_RESOLUTION_FAILED
2022-05-25 20:18:47 ERROR    Failure: 94097134937905879805143453101758338884 : http://localhost:1800/subscribe?product=self-hosted -> Failed to load resource: net::ERR_NAME_RESOLUTION_FAILED
2022-05-25 20:18:47 ERROR    Failure: 192000098578407187921566301909771202768 : http://localhost:1800/subscribe?product=self-hosted -> net::ERR_NAME_RESOLUTION_FAILED
2022-05-25 20:18:47 ERROR    Failure: 94097134937905879805143453101758338884 : http://localhost:1800/subscribe?product=self-hosted -> Failed to load resource: net::ERR_NAME_RESOLUTION_FAILED
2022-05-25 20:18:47 ERROR    Failure: 79839802101734943688249486384801588623 : http://localhost:1800/subscribe?product=self-hosted -> Failed to load resource: the server responded with a status of 401 (Unauthorized)
2022-05-25 20:18:47 ERROR    Failure: 192000098578407187921566301909771202768 : http://localhost:1800/subscribe?product=self-hosted -> net::ERR_NAME_RESOLUTION_FAILED
2022-05-25 20:18:47 ERROR    Failure: 94097134937905879805143453101758338884 : http://localhost:1800/subscribe?product=self-hosted -> Failed to load resource: net::ERR_NAME_RESOLUTION_FAILED
2022-05-25 20:18:47 ERROR    Failure: 233681242693567643314746531081609967369 : http://localhost:1800/subscribe?product=self-hosted -> status code(401) -> Not logged in
2022-05-25 20:18:51 ERROR    Failure: 192000098578407187921566301909771202768 : http://localhost:1800/ -> net::ERR_NAME_RESOLUTION_FAILED
2022-05-25 20:18:51 ERROR    Failure: 94097134937905879805143453101758338884 : http://localhost:1800/ -> Failed to load resource: net::ERR_NAME_RESOLUTION_FAILED
2022-05-25 20:18:51 ERROR    Failure: 192000098578407187921566301909771202768 : http://localhost:1800/ -> net::ERR_NAME_RESOLUTION_FAILED
2022-05-25 20:18:51 ERROR    Failure: 94097134937905879805143453101758338884 : http://localhost:1800/ -> Failed to load resource: net::ERR_NAME_RESOLUTION_FAILED
2022-05-25 20:18:51 ERROR    Failure: 192000098578407187921566301909771202768 : http://localhost:1800/ -> net::ERR_NAME_RESOLUTION_FAILED
2022-05-25 20:18:51 ERROR    Failure: 94097134937905879805143453101758338884 : http://localhost:1800/ -> Failed to load resource: net::ERR_NAME_RESOLUTION_FAILED
2022-05-25 20:18:51 ERROR    Failure: 192000098578407187921566301909771202768 : http://localhost:1800/ -> net::ERR_NAME_RESOLUTION_FAILED
2022-05-25 20:18:51 ERROR    Failure: 94097134937905879805143453101758338884 : http://localhost:1800/ -> Failed to load resource: net::ERR_NAME_RESOLUTION_FAILED
2022-05-25 20:18:51 ERROR    Failure: 192000098578407187921566301909771202768 : http://localhost:1800/ -> net::ERR_NAME_RESOLUTION_FAILED
2022-05-25 20:18:51 ERROR    Failure: 94097134937905879805143453101758338884 : http://localhost:1800/ -> Failed to load resource: net::ERR_NAME_RESOLUTION_FAILED
2022-05-25 20:18:51 ERROR    Failure: 192000098578407187921566301909771202768 : http://localhost:1800/ -> net::ERR_NAME_RESOLUTION_FAILED
2022-05-25 20:18:51 ERROR    Failure: 94097134937905879805143453101758338884 : http://localhost:1800/ -> Failed to load resource: net::ERR_NAME_RESOLUTION_FAILED
2022-05-25 20:18:52 ERROR    Failure: 79839802101734943688249486384801588623 : http://localhost:1800/ -> Failed to load resource: the server responded with a status of 401 (Unauthorized)
2022-05-25 20:18:52 ERROR    Failure: 233681242693567643314746531081609967369 : http://localhost:1800/ -> status code(401) -> Not logged in
2022-05-25 20:19:02 ERROR    Failure: 192000098578407187921566301909771202768 : http://localhost:1800/login -> net::ERR_NAME_RESOLUTION_FAILED
2022-05-25 20:19:02 ERROR    Failure: 94097134937905879805143453101758338884 : http://localhost:1800/login -> Failed to load resource: net::ERR_NAME_RESOLUTION_FAILED
2022-05-25 20:19:02 ERROR    Failure: 192000098578407187921566301909771202768 : http://localhost:1800/login -> net::ERR_NAME_RESOLUTION_FAILED
2022-05-25 20:19:02 ERROR    Failure: 94097134937905879805143453101758338884 : http://localhost:1800/login -> Failed to load resource: net::ERR_NAME_RESOLUTION_FAILED
2022-05-25 20:19:02 ERROR    Failure: 192000098578407187921566301909771202768 : http://localhost:1800/login -> net::ERR_NAME_RESOLUTION_FAILED
2022-05-25 20:19:02 ERROR    Failure: 94097134937905879805143453101758338884 : http://localhost:1800/login -> Failed to load resource: net::ERR_NAME_RESOLUTION_FAILED
2022-05-25 20:19:02 ERROR    Failure: 192000098578407187921566301909771202768 : http://localhost:1800/login -> net::ERR_NAME_RESOLUTION_FAILED
2022-05-25 20:19:02 ERROR    Failure: 94097134937905879805143453101758338884 : http://localhost:1800/login -> Failed to load resource: net::ERR_NAME_RESOLUTION_FAILED
2022-05-25 20:19:02 ERROR    Failure: 192000098578407187921566301909771202768 : http://localhost:1800/login -> net::ERR_NAME_RESOLUTION_FAILED
2022-05-25 20:19:02 ERROR    Failure: 94097134937905879805143453101758338884 : http://localhost:1800/login -> Failed to load resource: net::ERR_NAME_RESOLUTION_FAILED
2022-05-25 20:19:02 ERROR    Failure: 192000098578407187921566301909771202768 : http://localhost:1800/login -> net::ERR_NAME_RESOLUTION_FAILED
2022-05-25 20:19:02 ERROR    Failure: 94097134937905879805143453101758338884 : http://localhost:1800/login -> Failed to load resource: net::ERR_NAME_RESOLUTION_FAILED
2022-05-25 20:19:03 ERROR    Failure: 79839802101734943688249486384801588623 : http://localhost:1800/login -> Failed to load resource: the server responded with a status of 401 (Unauthorized)
2022-05-25 20:19:03 ERROR    Failure: 233681242693567643314746531081609967369 : http://localhost:1800/login -> status code(401) -> Not logged in
2022-05-25 20:19:04 ERROR    Failure: 262513326802567628094931167029883077585 : http://localhost:1800/ -> net::ERR_ABORTED
2022-05-25 20:19:04 ERROR    Failure: 192000098578407187921566301909771202768 : http://localhost:1800/subscribe?product=unlimited -> net::ERR_NAME_RESOLUTION_FAILED
2022-05-25 20:19:04 ERROR    Failure: 94097134937905879805143453101758338884 : http://localhost:1800/subscribe?product=unlimited -> Failed to load resource: net::ERR_NAME_RESOLUTION_FAILED
2022-05-25 20:19:04 ERROR    Failure: 192000098578407187921566301909771202768 : http://localhost:1800/subscribe?product=unlimited -> net::ERR_NAME_RESOLUTION_FAILED
2022-05-25 20:19:04 ERROR    Failure: 94097134937905879805143453101758338884 : http://localhost:1800/subscribe?product=unlimited -> Failed to load resource: net::ERR_NAME_RESOLUTION_FAILED
2022-05-25 20:19:04 ERROR    Failure: 192000098578407187921566301909771202768 : http://localhost:1800/subscribe?product=unlimited -> net::ERR_NAME_RESOLUTION_FAILED
2022-05-25 20:19:04 ERROR    Failure: 94097134937905879805143453101758338884 : http://localhost:1800/subscribe?product=unlimited -> Failed to load resource: net::ERR_NAME_RESOLUTION_FAILED
2022-05-25 20:19:04 ERROR    Failure: 192000098578407187921566301909771202768 : http://localhost:1800/subscribe?product=unlimited -> net::ERR_NAME_RESOLUTION_FAILED
2022-05-25 20:19:04 ERROR    Failure: 94097134937905879805143453101758338884 : http://localhost:1800/subscribe?product=unlimited -> Failed to load resource: net::ERR_NAME_RESOLUTION_FAILED
2022-05-25 20:19:04 ERROR    Failure: 192000098578407187921566301909771202768 : http://localhost:1800/subscribe?product=unlimited -> net::ERR_NAME_RESOLUTION_FAILED
2022-05-25 20:19:04 ERROR    Failure: 94097134937905879805143453101758338884 : http://localhost:1800/subscribe?product=unlimited -> Failed to load resource: net::ERR_NAME_RESOLUTION_FAILED
2022-05-25 20:19:04 ERROR    Failure: 192000098578407187921566301909771202768 : http://localhost:1800/subscribe?product=unlimited -> net::ERR_NAME_RESOLUTION_FAILED
2022-05-25 20:19:04 ERROR    Failure: 94097134937905879805143453101758338884 : http://localhost:1800/subscribe?product=unlimited -> Failed to load resource: net::ERR_NAME_RESOLUTION_FAILED
2022-05-25 20:19:04 ERROR    Failure: 79839802101734943688249486384801588623 : http://localhost:1800/subscribe?product=unlimited -> Failed to load resource: the server responded with a status of 401 (Unauthorized)
2022-05-25 20:19:04 ERROR    Failure: 192000098578407187921566301909771202768 : http://localhost:1800/subscribe?product=unlimited -> net::ERR_NAME_RESOLUTION_FAILED
2022-05-25 20:19:04 ERROR    Failure: 94097134937905879805143453101758338884 : http://localhost:1800/subscribe?product=unlimited -> Failed to load resource: net::ERR_NAME_RESOLUTION_FAILED
2022-05-25 20:19:04 ERROR    Failure: 233681242693567643314746531081609967369 : http://localhost:1800/subscribe?product=unlimited -> status code(401) -> Not logged in
2022-05-25 20:19:05 ERROR    Failure: 192000098578407187921566301909771202768 : http://localhost:1800/ -> net::ERR_NAME_RESOLUTION_FAILED
2022-05-25 20:19:05 ERROR    Failure: 94097134937905879805143453101758338884 : http://localhost:1800/ -> Failed to load resource: net::ERR_NAME_RESOLUTION_FAILED
2022-05-25 20:19:05 ERROR    Failure: 192000098578407187921566301909771202768 : http://localhost:1800/ -> net::ERR_NAME_RESOLUTION_FAILED
2022-05-25 20:19:05 ERROR    Failure: 94097134937905879805143453101758338884 : http://localhost:1800/ -> Failed to load resource: net::ERR_NAME_RESOLUTION_FAILED
2022-05-25 20:19:05 ERROR    Failure: 192000098578407187921566301909771202768 : http://localhost:1800/ -> net::ERR_NAME_RESOLUTION_FAILED
2022-05-25 20:19:05 ERROR    Failure: 94097134937905879805143453101758338884 : http://localhost:1800/ -> Failed to load resource: net::ERR_NAME_RESOLUTION_FAILED
2022-05-25 20:19:05 ERROR    Failure: 192000098578407187921566301909771202768 : http://localhost:1800/ -> net::ERR_NAME_RESOLUTION_FAILED
2022-05-25 20:19:05 ERROR    Failure: 94097134937905879805143453101758338884 : http://localhost:1800/ -> Failed to load resource: net::ERR_NAME_RESOLUTION_FAILED
2022-05-25 20:19:05 ERROR    Failure: 192000098578407187921566301909771202768 : http://localhost:1800/ -> net::ERR_NAME_RESOLUTION_FAILED
2022-05-25 20:19:05 ERROR    Failure: 94097134937905879805143453101758338884 : http://localhost:1800/ -> Failed to load resource: net::ERR_NAME_RESOLUTION_FAILED
2022-05-25 20:19:05 ERROR    Failure: 192000098578407187921566301909771202768 : http://localhost:1800/ -> net::ERR_NAME_RESOLUTION_FAILED
2022-05-25 20:19:05 ERROR    Failure: 94097134937905879805143453101758338884 : http://localhost:1800/ -> Failed to load resource: net::ERR_NAME_RESOLUTION_FAILED
2022-05-25 20:19:06 ERROR    Failure: 79839802101734943688249486384801588623 : http://localhost:1800/ -> Failed to load resource: the server responded with a status of 401 (Unauthorized)
2022-05-25 20:19:06 ERROR    Failure: 233681242693567643314746531081609967369 : http://localhost:1800/ -> status code(401) -> Not logged in
2022-05-25 20:19:18 ERROR    Failure: 192000098578407187921566301909771202768 : http://localhost:1800/subscribe?product=self-hosted -> net::ERR_NAME_RESOLUTION_FAILED
2022-05-25 20:19:18 ERROR    Failure: 94097134937905879805143453101758338884 : http://localhost:1800/subscribe?product=self-hosted -> Failed to load resource: net::ERR_NAME_RESOLUTION_FAILED
2022-05-25 20:19:18 ERROR    Failure: 192000098578407187921566301909771202768 : http://localhost:1800/subscribe?product=self-hosted -> net::ERR_NAME_RESOLUTION_FAILED
2022-05-25 20:19:18 ERROR    Failure: 94097134937905879805143453101758338884 : http://localhost:1800/subscribe?product=self-hosted -> Failed to load resource: net::ERR_NAME_RESOLUTION_FAILED
2022-05-25 20:19:18 ERROR    Failure: 192000098578407187921566301909771202768 : http://localhost:1800/subscribe?product=self-hosted -> net::ERR_NAME_RESOLUTION_FAILED
2022-05-25 20:19:18 ERROR    Failure: 94097134937905879805143453101758338884 : http://localhost:1800/subscribe?product=self-hosted -> Failed to load resource: net::ERR_NAME_RESOLUTION_FAILED
2022-05-25 20:19:18 ERROR    Failure: 192000098578407187921566301909771202768 : http://localhost:1800/subscribe?product=self-hosted -> net::ERR_NAME_RESOLUTION_FAILED
2022-05-25 20:19:18 ERROR    Failure: 94097134937905879805143453101758338884 : http://localhost:1800/subscribe?product=self-hosted -> Failed to load resource: net::ERR_NAME_RESOLUTION_FAILED
2022-05-25 20:19:18 ERROR    Failure: 192000098578407187921566301909771202768 : http://localhost:1800/subscribe?product=self-hosted -> net::ERR_NAME_RESOLUTION_FAILED
2022-05-25 20:19:18 ERROR    Failure: 94097134937905879805143453101758338884 : http://localhost:1800/subscribe?product=self-hosted -> Failed to load resource: net::ERR_NAME_RESOLUTION_FAILED
2022-05-25 20:19:18 ERROR    Failure: 192000098578407187921566301909771202768 : http://localhost:1800/subscribe?product=self-hosted -> net::ERR_NAME_RESOLUTION_FAILED
2022-05-25 20:19:18 ERROR    Failure: 94097134937905879805143453101758338884 : http://localhost:1800/subscribe?product=self-hosted -> Failed to load resource: net::ERR_NAME_RESOLUTION_FAILED
2022-05-25 20:19:19 ERROR    Failure: 79839802101734943688249486384801588623 : http://localhost:1800/subscribe?product=self-hosted -> Failed to load resource: the server responded with a status of 401 (Unauthorized)
2022-05-25 20:19:19 ERROR    Failure: 192000098578407187921566301909771202768 : http://localhost:1800/subscribe?product=self-hosted -> net::ERR_NAME_RESOLUTION_FAILED
2022-05-25 20:19:19 ERROR    Failure: 94097134937905879805143453101758338884 : http://localhost:1800/subscribe?product=self-hosted -> Failed to load resource: net::ERR_NAME_RESOLUTION_FAILED
2022-05-25 20:19:19 ERROR    Failure: 233681242693567643314746531081609967369 : http://localhost:1800/subscribe?product=self-hosted -> status code(401) -> Not logged in
2022-05-25 20:19:25 ERROR    Failure: 192000098578407187921566301909771202768 : http://localhost:1800/ -> net::ERR_NAME_RESOLUTION_FAILED
2022-05-25 20:19:25 ERROR    Failure: 94097134937905879805143453101758338884 : http://localhost:1800/ -> Failed to load resource: net::ERR_NAME_RESOLUTION_FAILED
2022-05-25 20:19:25 ERROR    Failure: 192000098578407187921566301909771202768 : http://localhost:1800/ -> net::ERR_NAME_RESOLUTION_FAILED
2022-05-25 20:19:25 ERROR    Failure: 94097134937905879805143453101758338884 : http://localhost:1800/ -> Failed to load resource: net::ERR_NAME_RESOLUTION_FAILED
2022-05-25 20:19:25 ERROR    Failure: 192000098578407187921566301909771202768 : http://localhost:1800/ -> net::ERR_NAME_RESOLUTION_FAILED
2022-05-25 20:19:25 ERROR    Failure: 94097134937905879805143453101758338884 : http://localhost:1800/ -> Failed to load resource: net::ERR_NAME_RESOLUTION_FAILED
2022-05-25 20:19:25 ERROR    Failure: 192000098578407187921566301909771202768 : http://localhost:1800/ -> net::ERR_NAME_RESOLUTION_FAILED
2022-05-25 20:19:25 ERROR    Failure: 94097134937905879805143453101758338884 : http://localhost:1800/ -> Failed to load resource: net::ERR_NAME_RESOLUTION_FAILED
2022-05-25 20:19:25 ERROR    Failure: 192000098578407187921566301909771202768 : http://localhost:1800/ -> net::ERR_NAME_RESOLUTION_FAILED
2022-05-25 20:19:25 ERROR    Failure: 94097134937905879805143453101758338884 : http://localhost:1800/ -> Failed to load resource: net::ERR_NAME_RESOLUTION_FAILED
2022-05-25 20:19:25 ERROR    Failure: 192000098578407187921566301909771202768 : http://localhost:1800/ -> net::ERR_NAME_RESOLUTION_FAILED
2022-05-25 20:19:25 ERROR    Failure: 94097134937905879805143453101758338884 : http://localhost:1800/ -> Failed to load resource: net::ERR_NAME_RESOLUTION_FAILED
2022-05-25 20:19:25 ERROR    Failure: 79839802101734943688249486384801588623 : http://localhost:1800/ -> Failed to load resource: the server responded with a status of 401 (Unauthorized)
2022-05-25 20:19:25 ERROR    Failure: 233681242693567643314746531081609967369 : http://localhost:1800/ -> status code(401) -> Not logged in
2022-05-25 20:19:36 ERROR    Failure: 192000098578407187921566301909771202768 : http://localhost:1800/subscribe?product=self-hosted -> net::ERR_NAME_RESOLUTION_FAILED
2022-05-25 20:19:36 ERROR    Failure: 94097134937905879805143453101758338884 : http://localhost:1800/subscribe?product=self-hosted -> Failed to load resource: net::ERR_NAME_RESOLUTION_FAILED
2022-05-25 20:19:36 ERROR    Failure: 192000098578407187921566301909771202768 : http://localhost:1800/subscribe?product=self-hosted -> net::ERR_NAME_RESOLUTION_FAILED
2022-05-25 20:19:36 ERROR    Failure: 94097134937905879805143453101758338884 : http://localhost:1800/subscribe?product=self-hosted -> Failed to load resource: net::ERR_NAME_RESOLUTION_FAILED
2022-05-25 20:19:36 ERROR    Failure: 192000098578407187921566301909771202768 : http://localhost:1800/subscribe?product=self-hosted -> net::ERR_NAME_RESOLUTION_FAILED
2022-05-25 20:19:36 ERROR    Failure: 94097134937905879805143453101758338884 : http://localhost:1800/subscribe?product=self-hosted -> Failed to load resource: net::ERR_NAME_RESOLUTION_FAILED
2022-05-25 20:19:36 ERROR    Failure: 192000098578407187921566301909771202768 : http://localhost:1800/subscribe?product=self-hosted -> net::ERR_NAME_RESOLUTION_FAILED
2022-05-25 20:19:36 ERROR    Failure: 94097134937905879805143453101758338884 : http://localhost:1800/subscribe?product=self-hosted -> Failed to load resource: net::ERR_NAME_RESOLUTION_FAILED
2022-05-25 20:19:36 ERROR    Failure: 192000098578407187921566301909771202768 : http://localhost:1800/subscribe?product=self-hosted -> net::ERR_NAME_RESOLUTION_FAILED
2022-05-25 20:19:36 ERROR    Failure: 94097134937905879805143453101758338884 : http://localhost:1800/subscribe?product=self-hosted -> Failed to load resource: net::ERR_NAME_RESOLUTION_FAILED
2022-05-25 20:19:36 ERROR    Failure: 192000098578407187921566301909771202768 : http://localhost:1800/subscribe?product=self-hosted -> net::ERR_NAME_RESOLUTION_FAILED
2022-05-25 20:19:36 ERROR    Failure: 94097134937905879805143453101758338884 : http://localhost:1800/subscribe?product=self-hosted -> Failed to load resource: net::ERR_NAME_RESOLUTION_FAILED
2022-05-25 20:19:37 ERROR    Failure: 79839802101734943688249486384801588623 : http://localhost:1800/subscribe?product=self-hosted -> Failed to load resource: the server responded with a status of 401 (Unauthorized)
2022-05-25 20:19:37 ERROR    Failure: 233681242693567643314746531081609967369 : http://localhost:1800/subscribe?product=self-hosted -> status code(401) -> Not logged in
2022-05-25 20:19:37 ERROR    Failure: 192000098578407187921566301909771202768 : http://localhost:1800/subscribe?product=self-hosted -> net::ERR_NAME_RESOLUTION_FAILED
2022-05-25 20:19:37 ERROR    Failure: 94097134937905879805143453101758338884 : http://localhost:1800/subscribe?product=self-hosted -> Failed to load resource: net::ERR_NAME_RESOLUTION_FAILED
2022-05-25 20:19:41 ERROR    Failure: 192000098578407187921566301909771202768 : http://localhost:1800/ -> net::ERR_NAME_RESOLUTION_FAILED
2022-05-25 20:19:41 ERROR    Failure: 94097134937905879805143453101758338884 : http://localhost:1800/ -> Failed to load resource: net::ERR_NAME_RESOLUTION_FAILED
2022-05-25 20:19:41 ERROR    Failure: 192000098578407187921566301909771202768 : http://localhost:1800/ -> net::ERR_NAME_RESOLUTION_FAILED
2022-05-25 20:19:41 ERROR    Failure: 94097134937905879805143453101758338884 : http://localhost:1800/ -> Failed to load resource: net::ERR_NAME_RESOLUTION_FAILED
2022-05-25 20:19:41 ERROR    Failure: 192000098578407187921566301909771202768 : http://localhost:1800/ -> net::ERR_NAME_RESOLUTION_FAILED
2022-05-25 20:19:41 ERROR    Failure: 94097134937905879805143453101758338884 : http://localhost:1800/ -> Failed to load resource: net::ERR_NAME_RESOLUTION_FAILED
2022-05-25 20:19:41 ERROR    Failure: 192000098578407187921566301909771202768 : http://localhost:1800/ -> net::ERR_NAME_RESOLUTION_FAILED
2022-05-25 20:19:41 ERROR    Failure: 94097134937905879805143453101758338884 : http://localhost:1800/ -> Failed to load resource: net::ERR_NAME_RESOLUTION_FAILED
2022-05-25 20:19:41 ERROR    Failure: 192000098578407187921566301909771202768 : http://localhost:1800/ -> net::ERR_NAME_RESOLUTION_FAILED
2022-05-25 20:19:41 ERROR    Failure: 94097134937905879805143453101758338884 : http://localhost:1800/ -> Failed to load resource: net::ERR_NAME_RESOLUTION_FAILED
2022-05-25 20:19:41 ERROR    Failure: 192000098578407187921566301909771202768 : http://localhost:1800/ -> net::ERR_NAME_RESOLUTION_FAILED
2022-05-25 20:19:41 ERROR    Failure: 94097134937905879805143453101758338884 : http://localhost:1800/ -> Failed to load resource: net::ERR_NAME_RESOLUTION_FAILED
2022-05-25 20:19:41 ERROR    Failure: 79839802101734943688249486384801588623 : http://localhost:1800/ -> Failed to load resource: the server responded with a status of 401 (Unauthorized)
2022-05-25 20:19:41 ERROR    Failure: 233681242693567643314746531081609967369 : http://localhost:1800/ -> status code(401) -> Not logged in
2022-05-25 20:19:52 ERROR    Failure: 192000098578407187921566301909771202768 : http://localhost:1800/subscribe?product=team -> net::ERR_NAME_RESOLUTION_FAILED
2022-05-25 20:19:52 ERROR    Failure: 94097134937905879805143453101758338884 : http://localhost:1800/subscribe?product=team -> Failed to load resource: net::ERR_NAME_RESOLUTION_FAILED
2022-05-25 20:19:52 ERROR    Failure: 192000098578407187921566301909771202768 : http://localhost:1800/subscribe?product=team -> net::ERR_NAME_RESOLUTION_FAILED
2022-05-25 20:19:52 ERROR    Failure: 94097134937905879805143453101758338884 : http://localhost:1800/subscribe?product=team -> Failed to load resource: net::ERR_NAME_RESOLUTION_FAILED
2022-05-25 20:19:52 ERROR    Failure: 192000098578407187921566301909771202768 : http://localhost:1800/subscribe?product=team -> net::ERR_NAME_RESOLUTION_FAILED
2022-05-25 20:19:52 ERROR    Failure: 94097134937905879805143453101758338884 : http://localhost:1800/subscribe?product=team -> Failed to load resource: net::ERR_NAME_RESOLUTION_FAILED
2022-05-25 20:19:52 ERROR    Failure: 192000098578407187921566301909771202768 : http://localhost:1800/subscribe?product=team -> net::ERR_NAME_RESOLUTION_FAILED
2022-05-25 20:19:52 ERROR    Failure: 94097134937905879805143453101758338884 : http://localhost:1800/subscribe?product=team -> Failed to load resource: net::ERR_NAME_RESOLUTION_FAILED
2022-05-25 20:19:52 ERROR    Failure: 192000098578407187921566301909771202768 : http://localhost:1800/subscribe?product=team -> net::ERR_NAME_RESOLUTION_FAILED
2022-05-25 20:19:52 ERROR    Failure: 94097134937905879805143453101758338884 : http://localhost:1800/subscribe?product=team -> Failed to load resource: net::ERR_NAME_RESOLUTION_FAILED
2022-05-25 20:19:52 ERROR    Failure: 192000098578407187921566301909771202768 : http://localhost:1800/subscribe?product=team -> net::ERR_NAME_RESOLUTION_FAILED
2022-05-25 20:19:52 ERROR    Failure: 94097134937905879805143453101758338884 : http://localhost:1800/subscribe?product=team -> Failed to load resource: net::ERR_NAME_RESOLUTION_FAILED
2022-05-25 20:19:52 ERROR    Failure: 79839802101734943688249486384801588623 : http://localhost:1800/subscribe?product=team -> Failed to load resource: the server responded with a status of 401 (Unauthorized)
2022-05-25 20:19:52 ERROR    Failure: 233681242693567643314746531081609967369 : http://localhost:1800/subscribe?product=team -> status code(401) -> Not logged in
2022-05-25 20:19:53 ERROR    Failure: 192000098578407187921566301909771202768 : http://localhost:1800/subscribe?product=team -> net::ERR_NAME_RESOLUTION_FAILED
2022-05-25 20:19:53 ERROR    Failure: 94097134937905879805143453101758338884 : http://localhost:1800/subscribe?product=team -> Failed to load resource: net::ERR_NAME_RESOLUTION_FAILED
2022-05-25 20:20:00 ERROR    Failure: 192000098578407187921566301909771202768 : http://localhost:1800/ -> net::ERR_NAME_RESOLUTION_FAILED
2022-05-25 20:20:00 ERROR    Failure: 94097134937905879805143453101758338884 : http://localhost:1800/ -> Failed to load resource: net::ERR_NAME_RESOLUTION_FAILED
2022-05-25 20:20:00 ERROR    Failure: 192000098578407187921566301909771202768 : http://localhost:1800/ -> net::ERR_NAME_RESOLUTION_FAILED
2022-05-25 20:20:00 ERROR    Failure: 94097134937905879805143453101758338884 : http://localhost:1800/ -> Failed to load resource: net::ERR_NAME_RESOLUTION_FAILED
2022-05-25 20:20:00 ERROR    Failure: 192000098578407187921566301909771202768 : http://localhost:1800/ -> net::ERR_NAME_RESOLUTION_FAILED
2022-05-25 20:20:00 ERROR    Failure: 94097134937905879805143453101758338884 : http://localhost:1800/ -> Failed to load resource: net::ERR_NAME_RESOLUTION_FAILED
2022-05-25 20:20:00 ERROR    Failure: 192000098578407187921566301909771202768 : http://localhost:1800/ -> net::ERR_NAME_RESOLUTION_FAILED
2022-05-25 20:20:00 ERROR    Failure: 94097134937905879805143453101758338884 : http://localhost:1800/ -> Failed to load resource: net::ERR_NAME_RESOLUTION_FAILED
2022-05-25 20:20:00 ERROR    Failure: 192000098578407187921566301909771202768 : http://localhost:1800/ -> net::ERR_NAME_RESOLUTION_FAILED
2022-05-25 20:20:00 ERROR    Failure: 94097134937905879805143453101758338884 : http://localhost:1800/ -> Failed to load resource: net::ERR_NAME_RESOLUTION_FAILED
2022-05-25 20:20:00 ERROR    Failure: 192000098578407187921566301909771202768 : http://localhost:1800/ -> net::ERR_NAME_RESOLUTION_FAILED
2022-05-25 20:20:00 ERROR    Failure: 94097134937905879805143453101758338884 : http://localhost:1800/ -> Failed to load resource: net::ERR_NAME_RESOLUTION_FAILED
2022-05-25 20:20:01 ERROR    Failure: 79839802101734943688249486384801588623 : http://localhost:1800/ -> Failed to load resource: the server responded with a status of 401 (Unauthorized)
2022-05-25 20:20:01 ERROR    Failure: 233681242693567643314746531081609967369 : http://localhost:1800/ -> status code(401) -> Not logged in
2022-05-25 20:20:11 ERROR    Failure: 262513326802567628094931167029883077585 : http://localhost:1800/ -> net::ERR_ABORTED
2022-05-25 20:20:12 ERROR    Failure: 192000098578407187921566301909771202768 : http://localhost:1800/subscribe?product=team -> net::ERR_NAME_RESOLUTION_FAILED
2022-05-25 20:20:12 ERROR    Failure: 94097134937905879805143453101758338884 : http://localhost:1800/subscribe?product=team -> Failed to load resource: net::ERR_NAME_RESOLUTION_FAILED
2022-05-25 20:20:12 ERROR    Failure: 192000098578407187921566301909771202768 : http://localhost:1800/subscribe?product=team -> net::ERR_NAME_RESOLUTION_FAILED
2022-05-25 20:20:12 ERROR    Failure: 94097134937905879805143453101758338884 : http://localhost:1800/subscribe?product=team -> Failed to load resource: net::ERR_NAME_RESOLUTION_FAILED
2022-05-25 20:20:12 ERROR    Failure: 192000098578407187921566301909771202768 : http://localhost:1800/subscribe?product=team -> net::ERR_NAME_RESOLUTION_FAILED
2022-05-25 20:20:12 ERROR    Failure: 94097134937905879805143453101758338884 : http://localhost:1800/subscribe?product=team -> Failed to load resource: net::ERR_NAME_RESOLUTION_FAILED
2022-05-25 20:20:12 ERROR    Failure: 192000098578407187921566301909771202768 : http://localhost:1800/subscribe?product=team -> net::ERR_NAME_RESOLUTION_FAILED
2022-05-25 20:20:12 ERROR    Failure: 94097134937905879805143453101758338884 : http://localhost:1800/subscribe?product=team -> Failed to load resource: net::ERR_NAME_RESOLUTION_FAILED
2022-05-25 20:20:12 ERROR    Failure: 192000098578407187921566301909771202768 : http://localhost:1800/subscribe?product=team -> net::ERR_NAME_RESOLUTION_FAILED
2022-05-25 20:20:12 ERROR    Failure: 94097134937905879805143453101758338884 : http://localhost:1800/subscribe?product=team -> Failed to load resource: net::ERR_NAME_RESOLUTION_FAILED
2022-05-25 20:20:12 ERROR    Failure: 192000098578407187921566301909771202768 : http://localhost:1800/subscribe?product=team -> net::ERR_NAME_RESOLUTION_FAILED
2022-05-25 20:20:12 ERROR    Failure: 94097134937905879805143453101758338884 : http://localhost:1800/subscribe?product=team -> Failed to load resource: net::ERR_NAME_RESOLUTION_FAILED
2022-05-25 20:20:12 ERROR    Failure: 79839802101734943688249486384801588623 : http://localhost:1800/subscribe?product=team -> Failed to load resource: the server responded with a status of 401 (Unauthorized)
2022-05-25 20:20:12 ERROR    Failure: 233681242693567643314746531081609967369 : http://localhost:1800/subscribe?product=team -> status code(401) -> Not logged in
2022-05-25 20:20:12 ERROR    Failure: 192000098578407187921566301909771202768 : http://localhost:1800/subscribe?product=team -> net::ERR_NAME_RESOLUTION_FAILED
2022-05-25 20:20:12 ERROR    Failure: 94097134937905879805143453101758338884 : http://localhost:1800/subscribe?product=team -> Failed to load resource: net::ERR_NAME_RESOLUTION_FAILED
2022-05-25 20:20:14 ERROR    Failure: 192000098578407187921566301909771202768 : http://localhost:1800/ -> net::ERR_NAME_RESOLUTION_FAILED
2022-05-25 20:20:14 ERROR    Failure: 94097134937905879805143453101758338884 : http://localhost:1800/ -> Failed to load resource: net::ERR_NAME_RESOLUTION_FAILED
2022-05-25 20:20:14 ERROR    Failure: 192000098578407187921566301909771202768 : http://localhost:1800/ -> net::ERR_NAME_RESOLUTION_FAILED
2022-05-25 20:20:14 ERROR    Failure: 94097134937905879805143453101758338884 : http://localhost:1800/ -> Failed to load resource: net::ERR_NAME_RESOLUTION_FAILED
2022-05-25 20:20:14 ERROR    Failure: 192000098578407187921566301909771202768 : http://localhost:1800/ -> net::ERR_NAME_RESOLUTION_FAILED
2022-05-25 20:20:14 ERROR    Failure: 94097134937905879805143453101758338884 : http://localhost:1800/ -> Failed to load resource: net::ERR_NAME_RESOLUTION_FAILED
2022-05-25 20:20:14 ERROR    Failure: 192000098578407187921566301909771202768 : http://localhost:1800/ -> net::ERR_NAME_RESOLUTION_FAILED
2022-05-25 20:20:14 ERROR    Failure: 94097134937905879805143453101758338884 : http://localhost:1800/ -> Failed to load resource: net::ERR_NAME_RESOLUTION_FAILED
2022-05-25 20:20:14 ERROR    Failure: 192000098578407187921566301909771202768 : http://localhost:1800/ -> net::ERR_NAME_RESOLUTION_FAILED
2022-05-25 20:20:14 ERROR    Failure: 94097134937905879805143453101758338884 : http://localhost:1800/ -> Failed to load resource: net::ERR_NAME_RESOLUTION_FAILED
2022-05-25 20:20:14 ERROR    Failure: 192000098578407187921566301909771202768 : http://localhost:1800/ -> net::ERR_NAME_RESOLUTION_FAILED
2022-05-25 20:20:14 ERROR    Failure: 94097134937905879805143453101758338884 : http://localhost:1800/ -> Failed to load resource: net::ERR_NAME_RESOLUTION_FAILED
2022-05-25 20:20:15 ERROR    Failure: 79839802101734943688249486384801588623 : http://localhost:1800/ -> Failed to load resource: the server responded with a status of 401 (Unauthorized)
2022-05-25 20:20:15 ERROR    Failure: 233681242693567643314746531081609967369 : http://localhost:1800/ -> status code(401) -> Not logged in
2022-05-25 20:20:28 ERROR    Failure: 192000098578407187921566301909771202768 : http://localhost:1800/subscribe?product=unlimited -> net::ERR_NAME_RESOLUTION_FAILED
2022-05-25 20:20:28 ERROR    Failure: 94097134937905879805143453101758338884 : http://localhost:1800/subscribe?product=unlimited -> Failed to load resource: net::ERR_NAME_RESOLUTION_FAILED
2022-05-25 20:20:28 ERROR    Failure: 192000098578407187921566301909771202768 : http://localhost:1800/subscribe?product=unlimited -> net::ERR_NAME_RESOLUTION_FAILED
2022-05-25 20:20:28 ERROR    Failure: 94097134937905879805143453101758338884 : http://localhost:1800/subscribe?product=unlimited -> Failed to load resource: net::ERR_NAME_RESOLUTION_FAILED
2022-05-25 20:20:28 ERROR    Failure: 192000098578407187921566301909771202768 : http://localhost:1800/subscribe?product=unlimited -> net::ERR_NAME_RESOLUTION_FAILED
2022-05-25 20:20:28 ERROR    Failure: 94097134937905879805143453101758338884 : http://localhost:1800/subscribe?product=unlimited -> Failed to load resource: net::ERR_NAME_RESOLUTION_FAILED
2022-05-25 20:20:28 ERROR    Failure: 192000098578407187921566301909771202768 : http://localhost:1800/subscribe?product=unlimited -> net::ERR_NAME_RESOLUTION_FAILED
2022-05-25 20:20:28 ERROR    Failure: 94097134937905879805143453101758338884 : http://localhost:1800/subscribe?product=unlimited -> Failed to load resource: net::ERR_NAME_RESOLUTION_FAILED
2022-05-25 20:20:28 ERROR    Failure: 192000098578407187921566301909771202768 : http://localhost:1800/subscribe?product=unlimited -> net::ERR_NAME_RESOLUTION_FAILED
2022-05-25 20:20:28 ERROR    Failure: 94097134937905879805143453101758338884 : http://localhost:1800/subscribe?product=unlimited -> Failed to load resource: net::ERR_NAME_RESOLUTION_FAILED
2022-05-25 20:20:28 ERROR    Failure: 192000098578407187921566301909771202768 : http://localhost:1800/subscribe?product=unlimited -> net::ERR_NAME_RESOLUTION_FAILED
2022-05-25 20:20:28 ERROR    Failure: 94097134937905879805143453101758338884 : http://localhost:1800/subscribe?product=unlimited -> Failed to load resource: net::ERR_NAME_RESOLUTION_FAILED
2022-05-25 20:20:29 ERROR    Failure: 79839802101734943688249486384801588623 : http://localhost:1800/subscribe?product=unlimited -> Failed to load resource: the server responded with a status of 401 (Unauthorized)
2022-05-25 20:20:29 ERROR    Failure: 192000098578407187921566301909771202768 : http://localhost:1800/subscribe?product=unlimited -> net::ERR_NAME_RESOLUTION_FAILED
2022-05-25 20:20:29 ERROR    Failure: 94097134937905879805143453101758338884 : http://localhost:1800/subscribe?product=unlimited -> Failed to load resource: net::ERR_NAME_RESOLUTION_FAILED
2022-05-25 20:20:29 ERROR    Failure: 233681242693567643314746531081609967369 : http://localhost:1800/subscribe?product=unlimited -> status code(401) -> Not logged in
2022-05-25 20:20:31 ERROR    Failure: 262513326802567628094931167029883077585 : http://localhost:1800/ -> net::ERR_ABORTED
2022-05-25 20:20:32 ERROR    Failure: 192000098578407187921566301909771202768 : http://localhost:1800/ -> net::ERR_NAME_RESOLUTION_FAILED
2022-05-25 20:20:32 ERROR    Failure: 94097134937905879805143453101758338884 : http://localhost:1800/ -> Failed to load resource: net::ERR_NAME_RESOLUTION_FAILED
2022-05-25 20:20:32 ERROR    Failure: 192000098578407187921566301909771202768 : http://localhost:1800/ -> net::ERR_NAME_RESOLUTION_FAILED
2022-05-25 20:20:32 ERROR    Failure: 94097134937905879805143453101758338884 : http://localhost:1800/ -> Failed to load resource: net::ERR_NAME_RESOLUTION_FAILED
2022-05-25 20:20:32 ERROR    Failure: 192000098578407187921566301909771202768 : http://localhost:1800/ -> net::ERR_NAME_RESOLUTION_FAILED
2022-05-25 20:20:32 ERROR    Failure: 94097134937905879805143453101758338884 : http://localhost:1800/ -> Failed to load resource: net::ERR_NAME_RESOLUTION_FAILED
2022-05-25 20:20:32 ERROR    Failure: 192000098578407187921566301909771202768 : http://localhost:1800/ -> net::ERR_NAME_RESOLUTION_FAILED
2022-05-25 20:20:32 ERROR    Failure: 94097134937905879805143453101758338884 : http://localhost:1800/ -> Failed to load resource: net::ERR_NAME_RESOLUTION_FAILED
2022-05-25 20:20:32 ERROR    Failure: 192000098578407187921566301909771202768 : http://localhost:1800/ -> net::ERR_NAME_RESOLUTION_FAILED
2022-05-25 20:20:32 ERROR    Failure: 94097134937905879805143453101758338884 : http://localhost:1800/ -> Failed to load resource: net::ERR_NAME_RESOLUTION_FAILED
2022-05-25 20:20:32 ERROR    Failure: 192000098578407187921566301909771202768 : http://localhost:1800/ -> net::ERR_NAME_RESOLUTION_FAILED
2022-05-25 20:20:32 ERROR    Failure: 94097134937905879805143453101758338884 : http://localhost:1800/ -> Failed to load resource: net::ERR_NAME_RESOLUTION_FAILED
2022-05-25 20:20:32 ERROR    Failure: 79839802101734943688249486384801588623 : http://localhost:1800/ -> Failed to load resource: the server responded with a status of 401 (Unauthorized)
2022-05-25 20:20:32 ERROR    Failure: 233681242693567643314746531081609967369 : http://localhost:1800/ -> status code(401) -> Not logged in
2022-05-25 20:20:43 ERROR    Failure: 192000098578407187921566301909771202768 : http://localhost:1800/login -> net::ERR_NAME_RESOLUTION_FAILED
2022-05-25 20:20:43 ERROR    Failure: 94097134937905879805143453101758338884 : http://localhost:1800/login -> Failed to load resource: net::ERR_NAME_RESOLUTION_FAILED
2022-05-25 20:20:43 ERROR    Failure: 192000098578407187921566301909771202768 : http://localhost:1800/login -> net::ERR_NAME_RESOLUTION_FAILED
2022-05-25 20:20:43 ERROR    Failure: 94097134937905879805143453101758338884 : http://localhost:1800/login -> Failed to load resource: net::ERR_NAME_RESOLUTION_FAILED
2022-05-25 20:20:43 ERROR    Failure: 192000098578407187921566301909771202768 : http://localhost:1800/login -> net::ERR_NAME_RESOLUTION_FAILED
2022-05-25 20:20:43 ERROR    Failure: 94097134937905879805143453101758338884 : http://localhost:1800/login -> Failed to load resource: net::ERR_NAME_RESOLUTION_FAILED
2022-05-25 20:20:43 ERROR    Failure: 192000098578407187921566301909771202768 : http://localhost:1800/login -> net::ERR_NAME_RESOLUTION_FAILED
2022-05-25 20:20:43 ERROR    Failure: 94097134937905879805143453101758338884 : http://localhost:1800/login -> Failed to load resource: net::ERR_NAME_RESOLUTION_FAILED
2022-05-25 20:20:43 ERROR    Failure: 192000098578407187921566301909771202768 : http://localhost:1800/login -> net::ERR_NAME_RESOLUTION_FAILED
2022-05-25 20:20:43 ERROR    Failure: 94097134937905879805143453101758338884 : http://localhost:1800/login -> Failed to load resource: net::ERR_NAME_RESOLUTION_FAILED
2022-05-25 20:20:43 ERROR    Failure: 192000098578407187921566301909771202768 : http://localhost:1800/login -> net::ERR_NAME_RESOLUTION_FAILED
2022-05-25 20:20:43 ERROR    Failure: 94097134937905879805143453101758338884 : http://localhost:1800/login -> Failed to load resource: net::ERR_NAME_RESOLUTION_FAILED
2022-05-25 20:20:44 ERROR    Failure: 79839802101734943688249486384801588623 : http://localhost:1800/login -> Failed to load resource: the server responded with a status of 401 (Unauthorized)
2022-05-25 20:20:44 ERROR    Failure: 233681242693567643314746531081609967369 : http://localhost:1800/login -> status code(401) -> Not logged in
2022-05-25 20:20:48 ERROR    Failure: 192000098578407187921566301909771202768 : http://localhost:1800/ -> net::ERR_NAME_RESOLUTION_FAILED
2022-05-25 20:20:48 ERROR    Failure: 94097134937905879805143453101758338884 : http://localhost:1800/ -> Failed to load resource: net::ERR_NAME_RESOLUTION_FAILED
2022-05-25 20:20:48 ERROR    Failure: 192000098578407187921566301909771202768 : http://localhost:1800/ -> net::ERR_NAME_RESOLUTION_FAILED
2022-05-25 20:20:48 ERROR    Failure: 94097134937905879805143453101758338884 : http://localhost:1800/ -> Failed to load resource: net::ERR_NAME_RESOLUTION_FAILED
2022-05-25 20:20:48 ERROR    Failure: 192000098578407187921566301909771202768 : http://localhost:1800/ -> net::ERR_NAME_RESOLUTION_FAILED
2022-05-25 20:20:48 ERROR    Failure: 94097134937905879805143453101758338884 : http://localhost:1800/ -> Failed to load resource: net::ERR_NAME_RESOLUTION_FAILED
2022-05-25 20:20:48 ERROR    Failure: 192000098578407187921566301909771202768 : http://localhost:1800/ -> net::ERR_NAME_RESOLUTION_FAILED
2022-05-25 20:20:48 ERROR    Failure: 94097134937905879805143453101758338884 : http://localhost:1800/ -> Failed to load resource: net::ERR_NAME_RESOLUTION_FAILED
2022-05-25 20:20:48 ERROR    Failure: 192000098578407187921566301909771202768 : http://localhost:1800/ -> net::ERR_NAME_RESOLUTION_FAILED
2022-05-25 20:20:48 ERROR    Failure: 94097134937905879805143453101758338884 : http://localhost:1800/ -> Failed to load resource: net::ERR_NAME_RESOLUTION_FAILED
2022-05-25 20:20:48 ERROR    Failure: 192000098578407187921566301909771202768 : http://localhost:1800/ -> net::ERR_NAME_RESOLUTION_FAILED
2022-05-25 20:20:48 ERROR    Failure: 94097134937905879805143453101758338884 : http://localhost:1800/ -> Failed to load resource: net::ERR_NAME_RESOLUTION_FAILED
2022-05-25 20:20:48 ERROR    Failure: 79839802101734943688249486384801588623 : http://localhost:1800/ -> Failed to load resource: the server responded with a status of 401 (Unauthorized)
2022-05-25 20:20:48 ERROR    Failure: 233681242693567643314746531081609967369 : http://localhost:1800/ -> status code(401) -> Not logged in
2022-05-25 20:20:59 ERROR    Failure: 192000098578407187921566301909771202768 : http://localhost:1800/subscribe?product=team -> net::ERR_NAME_RESOLUTION_FAILED
2022-05-25 20:20:59 ERROR    Failure: 94097134937905879805143453101758338884 : http://localhost:1800/subscribe?product=team -> Failed to load resource: net::ERR_NAME_RESOLUTION_FAILED
2022-05-25 20:20:59 ERROR    Failure: 192000098578407187921566301909771202768 : http://localhost:1800/subscribe?product=team -> net::ERR_NAME_RESOLUTION_FAILED
2022-05-25 20:20:59 ERROR    Failure: 94097134937905879805143453101758338884 : http://localhost:1800/subscribe?product=team -> Failed to load resource: net::ERR_NAME_RESOLUTION_FAILED
2022-05-25 20:20:59 ERROR    Failure: 192000098578407187921566301909771202768 : http://localhost:1800/subscribe?product=team -> net::ERR_NAME_RESOLUTION_FAILED
2022-05-25 20:20:59 ERROR    Failure: 94097134937905879805143453101758338884 : http://localhost:1800/subscribe?product=team -> Failed to load resource: net::ERR_NAME_RESOLUTION_FAILED
2022-05-25 20:20:59 ERROR    Failure: 192000098578407187921566301909771202768 : http://localhost:1800/subscribe?product=team -> net::ERR_NAME_RESOLUTION_FAILED
2022-05-25 20:20:59 ERROR    Failure: 94097134937905879805143453101758338884 : http://localhost:1800/subscribe?product=team -> Failed to load resource: net::ERR_NAME_RESOLUTION_FAILED
2022-05-25 20:20:59 ERROR    Failure: 192000098578407187921566301909771202768 : http://localhost:1800/subscribe?product=team -> net::ERR_NAME_RESOLUTION_FAILED
2022-05-25 20:20:59 ERROR    Failure: 94097134937905879805143453101758338884 : http://localhost:1800/subscribe?product=team -> Failed to load resource: net::ERR_NAME_RESOLUTION_FAILED
2022-05-25 20:20:59 ERROR    Failure: 192000098578407187921566301909771202768 : http://localhost:1800/subscribe?product=team -> net::ERR_NAME_RESOLUTION_FAILED
2022-05-25 20:20:59 ERROR    Failure: 94097134937905879805143453101758338884 : http://localhost:1800/subscribe?product=team -> Failed to load resource: net::ERR_NAME_RESOLUTION_FAILED
2022-05-25 20:21:00 ERROR    Failure: 79839802101734943688249486384801588623 : http://localhost:1800/subscribe?product=team -> Failed to load resource: the server responded with a status of 401 (Unauthorized)
2022-05-25 20:21:00 ERROR    Failure: 233681242693567643314746531081609967369 : http://localhost:1800/subscribe?product=team -> status code(401) -> Not logged in
2022-05-25 20:21:00 ERROR    Failure: 192000098578407187921566301909771202768 : http://localhost:1800/subscribe?product=team -> net::ERR_NAME_RESOLUTION_FAILED
2022-05-25 20:21:00 ERROR    Failure: 94097134937905879805143453101758338884 : http://localhost:1800/subscribe?product=team -> Failed to load resource: net::ERR_NAME_RESOLUTION_FAILED
2022-05-25 20:21:02 ERROR    Failure: 192000098578407187921566301909771202768 : http://localhost:1800/ -> net::ERR_NAME_RESOLUTION_FAILED
2022-05-25 20:21:02 ERROR    Failure: 94097134937905879805143453101758338884 : http://localhost:1800/ -> Failed to load resource: net::ERR_NAME_RESOLUTION_FAILED
2022-05-25 20:21:02 ERROR    Failure: 192000098578407187921566301909771202768 : http://localhost:1800/ -> net::ERR_NAME_RESOLUTION_FAILED
2022-05-25 20:21:02 ERROR    Failure: 94097134937905879805143453101758338884 : http://localhost:1800/ -> Failed to load resource: net::ERR_NAME_RESOLUTION_FAILED
2022-05-25 20:21:02 ERROR    Failure: 192000098578407187921566301909771202768 : http://localhost:1800/ -> net::ERR_NAME_RESOLUTION_FAILED
2022-05-25 20:21:02 ERROR    Failure: 94097134937905879805143453101758338884 : http://localhost:1800/ -> Failed to load resource: net::ERR_NAME_RESOLUTION_FAILED
2022-05-25 20:21:02 ERROR    Failure: 192000098578407187921566301909771202768 : http://localhost:1800/ -> net::ERR_NAME_RESOLUTION_FAILED
2022-05-25 20:21:02 ERROR    Failure: 94097134937905879805143453101758338884 : http://localhost:1800/ -> Failed to load resource: net::ERR_NAME_RESOLUTION_FAILED
2022-05-25 20:21:02 ERROR    Failure: 192000098578407187921566301909771202768 : http://localhost:1800/ -> net::ERR_NAME_RESOLUTION_FAILED
2022-05-25 20:21:02 ERROR    Failure: 94097134937905879805143453101758338884 : http://localhost:1800/ -> Failed to load resource: net::ERR_NAME_RESOLUTION_FAILED
2022-05-25 20:21:02 ERROR    Failure: 192000098578407187921566301909771202768 : http://localhost:1800/ -> net::ERR_NAME_RESOLUTION_FAILED
2022-05-25 20:21:02 ERROR    Failure: 94097134937905879805143453101758338884 : http://localhost:1800/ -> Failed to load resource: net::ERR_NAME_RESOLUTION_FAILED
2022-05-25 20:21:03 ERROR    Failure: 79839802101734943688249486384801588623 : http://localhost:1800/ -> Failed to load resource: the server responded with a status of 401 (Unauthorized)
2022-05-25 20:21:03 ERROR    Failure: 233681242693567643314746531081609967369 : http://localhost:1800/ -> status code(401) -> Not logged in
2022-05-25 20:21:13 ERROR    Failure: 192000098578407187921566301909771202768 : http://localhost:1800/subscribe?product=team -> net::ERR_NAME_RESOLUTION_FAILED
2022-05-25 20:21:13 ERROR    Failure: 94097134937905879805143453101758338884 : http://localhost:1800/subscribe?product=team -> Failed to load resource: net::ERR_NAME_RESOLUTION_FAILED
2022-05-25 20:21:13 ERROR    Failure: 192000098578407187921566301909771202768 : http://localhost:1800/subscribe?product=team -> net::ERR_NAME_RESOLUTION_FAILED
2022-05-25 20:21:13 ERROR    Failure: 94097134937905879805143453101758338884 : http://localhost:1800/subscribe?product=team -> Failed to load resource: net::ERR_NAME_RESOLUTION_FAILED
2022-05-25 20:21:13 ERROR    Failure: 192000098578407187921566301909771202768 : http://localhost:1800/subscribe?product=team -> net::ERR_NAME_RESOLUTION_FAILED
2022-05-25 20:21:13 ERROR    Failure: 94097134937905879805143453101758338884 : http://localhost:1800/subscribe?product=team -> Failed to load resource: net::ERR_NAME_RESOLUTION_FAILED
2022-05-25 20:21:13 ERROR    Failure: 192000098578407187921566301909771202768 : http://localhost:1800/subscribe?product=team -> net::ERR_NAME_RESOLUTION_FAILED
2022-05-25 20:21:13 ERROR    Failure: 94097134937905879805143453101758338884 : http://localhost:1800/subscribe?product=team -> Failed to load resource: net::ERR_NAME_RESOLUTION_FAILED
2022-05-25 20:21:13 ERROR    Failure: 192000098578407187921566301909771202768 : http://localhost:1800/subscribe?product=team -> net::ERR_NAME_RESOLUTION_FAILED
2022-05-25 20:21:13 ERROR    Failure: 94097134937905879805143453101758338884 : http://localhost:1800/subscribe?product=team -> Failed to load resource: net::ERR_NAME_RESOLUTION_FAILED
2022-05-25 20:21:13 ERROR    Failure: 192000098578407187921566301909771202768 : http://localhost:1800/subscribe?product=team -> net::ERR_NAME_RESOLUTION_FAILED
2022-05-25 20:21:13 ERROR    Failure: 94097134937905879805143453101758338884 : http://localhost:1800/subscribe?product=team -> Failed to load resource: net::ERR_NAME_RESOLUTION_FAILED
2022-05-25 20:21:13 ERROR    Failure: 79839802101734943688249486384801588623 : http://localhost:1800/subscribe?product=team -> Failed to load resource: the server responded with a status of 401 (Unauthorized)
2022-05-25 20:21:13 ERROR    Failure: 233681242693567643314746531081609967369 : http://localhost:1800/subscribe?product=team -> status code(401) -> Not logged in
2022-05-25 20:21:13 ERROR    Failure: 192000098578407187921566301909771202768 : http://localhost:1800/subscribe?product=team -> net::ERR_NAME_RESOLUTION_FAILED
2022-05-25 20:21:13 ERROR    Failure: 94097134937905879805143453101758338884 : http://localhost:1800/subscribe?product=team -> Failed to load resource: net::ERR_NAME_RESOLUTION_FAILED
2022-05-25 20:21:19 ERROR    Failure: 192000098578407187921566301909771202768 : http://localhost:1800/ -> net::ERR_NAME_RESOLUTION_FAILED
2022-05-25 20:21:19 ERROR    Failure: 94097134937905879805143453101758338884 : http://localhost:1800/ -> Failed to load resource: net::ERR_NAME_RESOLUTION_FAILED
2022-05-25 20:21:19 ERROR    Failure: 192000098578407187921566301909771202768 : http://localhost:1800/ -> net::ERR_NAME_RESOLUTION_FAILED
2022-05-25 20:21:19 ERROR    Failure: 94097134937905879805143453101758338884 : http://localhost:1800/ -> Failed to load resource: net::ERR_NAME_RESOLUTION_FAILED
2022-05-25 20:21:19 ERROR    Failure: 192000098578407187921566301909771202768 : http://localhost:1800/ -> net::ERR_NAME_RESOLUTION_FAILED
2022-05-25 20:21:19 ERROR    Failure: 94097134937905879805143453101758338884 : http://localhost:1800/ -> Failed to load resource: net::ERR_NAME_RESOLUTION_FAILED
2022-05-25 20:21:19 ERROR    Failure: 192000098578407187921566301909771202768 : http://localhost:1800/ -> net::ERR_NAME_RESOLUTION_FAILED
2022-05-25 20:21:19 ERROR    Failure: 94097134937905879805143453101758338884 : http://localhost:1800/ -> Failed to load resource: net::ERR_NAME_RESOLUTION_FAILED
2022-05-25 20:21:19 ERROR    Failure: 192000098578407187921566301909771202768 : http://localhost:1800/ -> net::ERR_NAME_RESOLUTION_FAILED
2022-05-25 20:21:19 ERROR    Failure: 94097134937905879805143453101758338884 : http://localhost:1800/ -> Failed to load resource: net::ERR_NAME_RESOLUTION_FAILED
2022-05-25 20:21:19 ERROR    Failure: 192000098578407187921566301909771202768 : http://localhost:1800/ -> net::ERR_NAME_RESOLUTION_FAILED
2022-05-25 20:21:19 ERROR    Failure: 94097134937905879805143453101758338884 : http://localhost:1800/ -> Failed to load resource: net::ERR_NAME_RESOLUTION_FAILED
2022-05-25 20:21:19 ERROR    Failure: 79839802101734943688249486384801588623 : http://localhost:1800/ -> Failed to load resource: the server responded with a status of 401 (Unauthorized)
2022-05-25 20:21:19 ERROR    Failure: 233681242693567643314746531081609967369 : http://localhost:1800/ -> status code(401) -> Not logged in
2022-05-25 20:21:33 ERROR    Failure: 262513326802567628094931167029883077585 : http://localhost:1800/ -> net::ERR_ABORTED
2022-05-25 20:21:34 ERROR    Failure: 192000098578407187921566301909771202768 : http://localhost:1800/subscribe?product=unlimited -> net::ERR_NAME_RESOLUTION_FAILED
2022-05-25 20:21:34 ERROR    Failure: 94097134937905879805143453101758338884 : http://localhost:1800/subscribe?product=unlimited -> Failed to load resource: net::ERR_NAME_RESOLUTION_FAILED
2022-05-25 20:21:34 ERROR    Failure: 192000098578407187921566301909771202768 : http://localhost:1800/subscribe?product=unlimited -> net::ERR_NAME_RESOLUTION_FAILED
2022-05-25 20:21:34 ERROR    Failure: 94097134937905879805143453101758338884 : http://localhost:1800/subscribe?product=unlimited -> Failed to load resource: net::ERR_NAME_RESOLUTION_FAILED
2022-05-25 20:21:34 ERROR    Failure: 192000098578407187921566301909771202768 : http://localhost:1800/subscribe?product=unlimited -> net::ERR_NAME_RESOLUTION_FAILED
2022-05-25 20:21:34 ERROR    Failure: 94097134937905879805143453101758338884 : http://localhost:1800/subscribe?product=unlimited -> Failed to load resource: net::ERR_NAME_RESOLUTION_FAILED
2022-05-25 20:21:34 ERROR    Failure: 192000098578407187921566301909771202768 : http://localhost:1800/subscribe?product=unlimited -> net::ERR_NAME_RESOLUTION_FAILED
2022-05-25 20:21:34 ERROR    Failure: 94097134937905879805143453101758338884 : http://localhost:1800/subscribe?product=unlimited -> Failed to load resource: net::ERR_NAME_RESOLUTION_FAILED
2022-05-25 20:21:34 ERROR    Failure: 192000098578407187921566301909771202768 : http://localhost:1800/subscribe?product=unlimited -> net::ERR_NAME_RESOLUTION_FAILED
2022-05-25 20:21:34 ERROR    Failure: 94097134937905879805143453101758338884 : http://localhost:1800/subscribe?product=unlimited -> Failed to load resource: net::ERR_NAME_RESOLUTION_FAILED
2022-05-25 20:21:34 ERROR    Failure: 192000098578407187921566301909771202768 : http://localhost:1800/subscribe?product=unlimited -> net::ERR_NAME_RESOLUTION_FAILED
2022-05-25 20:21:34 ERROR    Failure: 94097134937905879805143453101758338884 : http://localhost:1800/subscribe?product=unlimited -> Failed to load resource: net::ERR_NAME_RESOLUTION_FAILED
2022-05-25 20:21:34 ERROR    Failure: 79839802101734943688249486384801588623 : http://localhost:1800/subscribe?product=unlimited -> Failed to load resource: the server responded with a status of 401 (Unauthorized)
2022-05-25 20:21:34 ERROR    Failure: 192000098578407187921566301909771202768 : http://localhost:1800/subscribe?product=unlimited -> net::ERR_NAME_RESOLUTION_FAILED
2022-05-25 20:21:34 ERROR    Failure: 94097134937905879805143453101758338884 : http://localhost:1800/subscribe?product=unlimited -> Failed to load resource: net::ERR_NAME_RESOLUTION_FAILED
2022-05-25 20:21:34 ERROR    Failure: 233681242693567643314746531081609967369 : http://localhost:1800/subscribe?product=unlimited -> status code(401) -> Not logged in
2022-05-25 20:21:36 ERROR    Failure: 192000098578407187921566301909771202768 : http://localhost:1800/ -> net::ERR_NAME_RESOLUTION_FAILED
2022-05-25 20:21:36 ERROR    Failure: 94097134937905879805143453101758338884 : http://localhost:1800/ -> Failed to load resource: net::ERR_NAME_RESOLUTION_FAILED
2022-05-25 20:21:36 ERROR    Failure: 192000098578407187921566301909771202768 : http://localhost:1800/ -> net::ERR_NAME_RESOLUTION_FAILED
2022-05-25 20:21:36 ERROR    Failure: 94097134937905879805143453101758338884 : http://localhost:1800/ -> Failed to load resource: net::ERR_NAME_RESOLUTION_FAILED
2022-05-25 20:21:36 ERROR    Failure: 192000098578407187921566301909771202768 : http://localhost:1800/ -> net::ERR_NAME_RESOLUTION_FAILED
2022-05-25 20:21:36 ERROR    Failure: 94097134937905879805143453101758338884 : http://localhost:1800/ -> Failed to load resource: net::ERR_NAME_RESOLUTION_FAILED
2022-05-25 20:21:36 ERROR    Failure: 192000098578407187921566301909771202768 : http://localhost:1800/ -> net::ERR_NAME_RESOLUTION_FAILED
2022-05-25 20:21:36 ERROR    Failure: 94097134937905879805143453101758338884 : http://localhost:1800/ -> Failed to load resource: net::ERR_NAME_RESOLUTION_FAILED
2022-05-25 20:21:36 ERROR    Failure: 192000098578407187921566301909771202768 : http://localhost:1800/ -> net::ERR_NAME_RESOLUTION_FAILED
2022-05-25 20:21:36 ERROR    Failure: 94097134937905879805143453101758338884 : http://localhost:1800/ -> Failed to load resource: net::ERR_NAME_RESOLUTION_FAILED
2022-05-25 20:21:36 ERROR    Failure: 192000098578407187921566301909771202768 : http://localhost:1800/ -> net::ERR_NAME_RESOLUTION_FAILED
2022-05-25 20:21:36 ERROR    Failure: 94097134937905879805143453101758338884 : http://localhost:1800/ -> Failed to load resource: net::ERR_NAME_RESOLUTION_FAILED
2022-05-25 20:21:36 ERROR    Failure: 79839802101734943688249486384801588623 : http://localhost:1800/ -> Failed to load resource: the server responded with a status of 401 (Unauthorized)
2022-05-25 20:21:36 ERROR    Failure: 233681242693567643314746531081609967369 : http://localhost:1800/ -> status code(401) -> Not logged in
2022-05-25 20:21:46 ERROR    Failure: 192000098578407187921566301909771202768 : http://localhost:1800/login -> net::ERR_NAME_RESOLUTION_FAILED
2022-05-25 20:21:46 ERROR    Failure: 94097134937905879805143453101758338884 : http://localhost:1800/login -> Failed to load resource: net::ERR_NAME_RESOLUTION_FAILED
2022-05-25 20:21:46 ERROR    Failure: 192000098578407187921566301909771202768 : http://localhost:1800/login -> net::ERR_NAME_RESOLUTION_FAILED
2022-05-25 20:21:46 ERROR    Failure: 94097134937905879805143453101758338884 : http://localhost:1800/login -> Failed to load resource: net::ERR_NAME_RESOLUTION_FAILED
2022-05-25 20:21:46 ERROR    Failure: 192000098578407187921566301909771202768 : http://localhost:1800/login -> net::ERR_NAME_RESOLUTION_FAILED
2022-05-25 20:21:46 ERROR    Failure: 94097134937905879805143453101758338884 : http://localhost:1800/login -> Failed to load resource: net::ERR_NAME_RESOLUTION_FAILED
2022-05-25 20:21:46 ERROR    Failure: 192000098578407187921566301909771202768 : http://localhost:1800/login -> net::ERR_NAME_RESOLUTION_FAILED
2022-05-25 20:21:46 ERROR    Failure: 94097134937905879805143453101758338884 : http://localhost:1800/login -> Failed to load resource: net::ERR_NAME_RESOLUTION_FAILED
2022-05-25 20:21:46 ERROR    Failure: 192000098578407187921566301909771202768 : http://localhost:1800/login -> net::ERR_NAME_RESOLUTION_FAILED
2022-05-25 20:21:46 ERROR    Failure: 94097134937905879805143453101758338884 : http://localhost:1800/login -> Failed to load resource: net::ERR_NAME_RESOLUTION_FAILED
2022-05-25 20:21:46 ERROR    Failure: 192000098578407187921566301909771202768 : http://localhost:1800/login -> net::ERR_NAME_RESOLUTION_FAILED
2022-05-25 20:21:46 ERROR    Failure: 94097134937905879805143453101758338884 : http://localhost:1800/login -> Failed to load resource: net::ERR_NAME_RESOLUTION_FAILED
2022-05-25 20:21:46 ERROR    Failure: 79839802101734943688249486384801588623 : http://localhost:1800/login -> Failed to load resource: the server responded with a status of 401 (Unauthorized)
2022-05-25 20:21:46 ERROR    Failure: 233681242693567643314746531081609967369 : http://localhost:1800/login -> status code(401) -> Not logged in
2022-05-25 20:21:48 ERROR    Failure: 262513326802567628094931167029883077585 : http://localhost:1800/ -> net::ERR_ABORTED
2022-05-25 20:21:48 ERROR    Failure: 192000098578407187921566301909771202768 : http://localhost:1800/subscribe?product=team -> net::ERR_NAME_RESOLUTION_FAILED
2022-05-25 20:21:48 ERROR    Failure: 94097134937905879805143453101758338884 : http://localhost:1800/subscribe?product=team -> Failed to load resource: net::ERR_NAME_RESOLUTION_FAILED
2022-05-25 20:21:48 ERROR    Failure: 192000098578407187921566301909771202768 : http://localhost:1800/subscribe?product=team -> net::ERR_NAME_RESOLUTION_FAILED
2022-05-25 20:21:48 ERROR    Failure: 94097134937905879805143453101758338884 : http://localhost:1800/subscribe?product=team -> Failed to load resource: net::ERR_NAME_RESOLUTION_FAILED
2022-05-25 20:21:48 ERROR    Failure: 192000098578407187921566301909771202768 : http://localhost:1800/subscribe?product=team -> net::ERR_NAME_RESOLUTION_FAILED
2022-05-25 20:21:48 ERROR    Failure: 94097134937905879805143453101758338884 : http://localhost:1800/subscribe?product=team -> Failed to load resource: net::ERR_NAME_RESOLUTION_FAILED
2022-05-25 20:21:48 ERROR    Failure: 192000098578407187921566301909771202768 : http://localhost:1800/subscribe?product=team -> net::ERR_NAME_RESOLUTION_FAILED
2022-05-25 20:21:48 ERROR    Failure: 94097134937905879805143453101758338884 : http://localhost:1800/subscribe?product=team -> Failed to load resource: net::ERR_NAME_RESOLUTION_FAILED
2022-05-25 20:21:48 ERROR    Failure: 192000098578407187921566301909771202768 : http://localhost:1800/subscribe?product=team -> net::ERR_NAME_RESOLUTION_FAILED
2022-05-25 20:21:48 ERROR    Failure: 94097134937905879805143453101758338884 : http://localhost:1800/subscribe?product=team -> Failed to load resource: net::ERR_NAME_RESOLUTION_FAILED
2022-05-25 20:21:48 ERROR    Failure: 192000098578407187921566301909771202768 : http://localhost:1800/subscribe?product=team -> net::ERR_NAME_RESOLUTION_FAILED
2022-05-25 20:21:48 ERROR    Failure: 94097134937905879805143453101758338884 : http://localhost:1800/subscribe?product=team -> Failed to load resource: net::ERR_NAME_RESOLUTION_FAILED
2022-05-25 20:21:49 ERROR    Failure: 79839802101734943688249486384801588623 : http://localhost:1800/subscribe?product=team -> Failed to load resource: the server responded with a status of 401 (Unauthorized)
2022-05-25 20:21:49 ERROR    Failure: 233681242693567643314746531081609967369 : http://localhost:1800/subscribe?product=team -> status code(401) -> Not logged in
2022-05-25 20:21:49 ERROR    Failure: 192000098578407187921566301909771202768 : http://localhost:1800/subscribe?product=team -> net::ERR_NAME_RESOLUTION_FAILED
2022-05-25 20:21:49 ERROR    Failure: 94097134937905879805143453101758338884 : http://localhost:1800/subscribe?product=team -> Failed to load resource: net::ERR_NAME_RESOLUTION_FAILED
2022-05-25 20:21:50 ERROR    Failure: 192000098578407187921566301909771202768 : http://localhost:1800/ -> net::ERR_NAME_RESOLUTION_FAILED
2022-05-25 20:21:50 ERROR    Failure: 94097134937905879805143453101758338884 : http://localhost:1800/ -> Failed to load resource: net::ERR_NAME_RESOLUTION_FAILED
2022-05-25 20:21:51 ERROR    Failure: 192000098578407187921566301909771202768 : http://localhost:1800/ -> net::ERR_NAME_RESOLUTION_FAILED
2022-05-25 20:21:51 ERROR    Failure: 94097134937905879805143453101758338884 : http://localhost:1800/ -> Failed to load resource: net::ERR_NAME_RESOLUTION_FAILED
2022-05-25 20:21:51 ERROR    Failure: 192000098578407187921566301909771202768 : http://localhost:1800/ -> net::ERR_NAME_RESOLUTION_FAILED
2022-05-25 20:21:51 ERROR    Failure: 94097134937905879805143453101758338884 : http://localhost:1800/ -> Failed to load resource: net::ERR_NAME_RESOLUTION_FAILED
2022-05-25 20:21:51 ERROR    Failure: 192000098578407187921566301909771202768 : http://localhost:1800/ -> net::ERR_NAME_RESOLUTION_FAILED
2022-05-25 20:21:51 ERROR    Failure: 94097134937905879805143453101758338884 : http://localhost:1800/ -> Failed to load resource: net::ERR_NAME_RESOLUTION_FAILED
2022-05-25 20:21:51 ERROR    Failure: 192000098578407187921566301909771202768 : http://localhost:1800/ -> net::ERR_NAME_RESOLUTION_FAILED
2022-05-25 20:21:51 ERROR    Failure: 94097134937905879805143453101758338884 : http://localhost:1800/ -> Failed to load resource: net::ERR_NAME_RESOLUTION_FAILED
2022-05-25 20:21:51 ERROR    Failure: 192000098578407187921566301909771202768 : http://localhost:1800/ -> net::ERR_NAME_RESOLUTION_FAILED
2022-05-25 20:21:51 ERROR    Failure: 94097134937905879805143453101758338884 : http://localhost:1800/ -> Failed to load resource: net::ERR_NAME_RESOLUTION_FAILED
2022-05-25 20:21:51 ERROR    Failure: 79839802101734943688249486384801588623 : http://localhost:1800/ -> Failed to load resource: the server responded with a status of 401 (Unauthorized)
2022-05-25 20:21:51 ERROR    Failure: 233681242693567643314746531081609967369 : http://localhost:1800/ -> status code(401) -> Not logged in
2022-05-25 20:22:01 ERROR    Failure: 192000098578407187921566301909771202768 : http://localhost:1800/subscribe?product=team -> net::ERR_NAME_RESOLUTION_FAILED
2022-05-25 20:22:01 ERROR    Failure: 94097134937905879805143453101758338884 : http://localhost:1800/subscribe?product=team -> Failed to load resource: net::ERR_NAME_RESOLUTION_FAILED
2022-05-25 20:22:01 ERROR    Failure: 192000098578407187921566301909771202768 : http://localhost:1800/subscribe?product=team -> net::ERR_NAME_RESOLUTION_FAILED
2022-05-25 20:22:01 ERROR    Failure: 94097134937905879805143453101758338884 : http://localhost:1800/subscribe?product=team -> Failed to load resource: net::ERR_NAME_RESOLUTION_FAILED
2022-05-25 20:22:01 ERROR    Failure: 192000098578407187921566301909771202768 : http://localhost:1800/subscribe?product=team -> net::ERR_NAME_RESOLUTION_FAILED
2022-05-25 20:22:01 ERROR    Failure: 94097134937905879805143453101758338884 : http://localhost:1800/subscribe?product=team -> Failed to load resource: net::ERR_NAME_RESOLUTION_FAILED
2022-05-25 20:22:01 ERROR    Failure: 192000098578407187921566301909771202768 : http://localhost:1800/subscribe?product=team -> net::ERR_NAME_RESOLUTION_FAILED
2022-05-25 20:22:01 ERROR    Failure: 94097134937905879805143453101758338884 : http://localhost:1800/subscribe?product=team -> Failed to load resource: net::ERR_NAME_RESOLUTION_FAILED
2022-05-25 20:22:01 ERROR    Failure: 192000098578407187921566301909771202768 : http://localhost:1800/subscribe?product=team -> net::ERR_NAME_RESOLUTION_FAILED
2022-05-25 20:22:01 ERROR    Failure: 94097134937905879805143453101758338884 : http://localhost:1800/subscribe?product=team -> Failed to load resource: net::ERR_NAME_RESOLUTION_FAILED
2022-05-25 20:22:01 ERROR    Failure: 192000098578407187921566301909771202768 : http://localhost:1800/subscribe?product=team -> net::ERR_NAME_RESOLUTION_FAILED
2022-05-25 20:22:01 ERROR    Failure: 94097134937905879805143453101758338884 : http://localhost:1800/subscribe?product=team -> Failed to load resource: net::ERR_NAME_RESOLUTION_FAILED
2022-05-25 20:22:01 ERROR    Failure: 79839802101734943688249486384801588623 : http://localhost:1800/subscribe?product=team -> Failed to load resource: the server responded with a status of 401 (Unauthorized)
2022-05-25 20:22:01 ERROR    Failure: 192000098578407187921566301909771202768 : http://localhost:1800/subscribe?product=team -> net::ERR_NAME_RESOLUTION_FAILED
2022-05-25 20:22:01 ERROR    Failure: 94097134937905879805143453101758338884 : http://localhost:1800/subscribe?product=team -> Failed to load resource: net::ERR_NAME_RESOLUTION_FAILED
2022-05-25 20:22:01 ERROR    Failure: 233681242693567643314746531081609967369 : http://localhost:1800/subscribe?product=team -> status code(401) -> Not logged in
2022-05-25 20:22:06 ERROR    Failure: 192000098578407187921566301909771202768 : http://localhost:1800/ -> net::ERR_NAME_RESOLUTION_FAILED
2022-05-25 20:22:06 ERROR    Failure: 94097134937905879805143453101758338884 : http://localhost:1800/ -> Failed to load resource: net::ERR_NAME_RESOLUTION_FAILED
2022-05-25 20:22:06 ERROR    Failure: 192000098578407187921566301909771202768 : http://localhost:1800/ -> net::ERR_NAME_RESOLUTION_FAILED
2022-05-25 20:22:06 ERROR    Failure: 94097134937905879805143453101758338884 : http://localhost:1800/ -> Failed to load resource: net::ERR_NAME_RESOLUTION_FAILED
2022-05-25 20:22:06 ERROR    Failure: 192000098578407187921566301909771202768 : http://localhost:1800/ -> net::ERR_NAME_RESOLUTION_FAILED
2022-05-25 20:22:06 ERROR    Failure: 94097134937905879805143453101758338884 : http://localhost:1800/ -> Failed to load resource: net::ERR_NAME_RESOLUTION_FAILED
2022-05-25 20:22:06 ERROR    Failure: 192000098578407187921566301909771202768 : http://localhost:1800/ -> net::ERR_NAME_RESOLUTION_FAILED
2022-05-25 20:22:06 ERROR    Failure: 94097134937905879805143453101758338884 : http://localhost:1800/ -> Failed to load resource: net::ERR_NAME_RESOLUTION_FAILED
2022-05-25 20:22:06 ERROR    Failure: 192000098578407187921566301909771202768 : http://localhost:1800/ -> net::ERR_NAME_RESOLUTION_FAILED
2022-05-25 20:22:06 ERROR    Failure: 94097134937905879805143453101758338884 : http://localhost:1800/ -> Failed to load resource: net::ERR_NAME_RESOLUTION_FAILED
2022-05-25 20:22:06 ERROR    Failure: 192000098578407187921566301909771202768 : http://localhost:1800/ -> net::ERR_NAME_RESOLUTION_FAILED
2022-05-25 20:22:06 ERROR    Failure: 94097134937905879805143453101758338884 : http://localhost:1800/ -> Failed to load resource: net::ERR_NAME_RESOLUTION_FAILED
2022-05-25 20:22:07 ERROR    Failure: 79839802101734943688249486384801588623 : http://localhost:1800/ -> Failed to load resource: the server responded with a status of 401 (Unauthorized)
2022-05-25 20:22:07 ERROR    Failure: 233681242693567643314746531081609967369 : http://localhost:1800/ -> status code(401) -> Not logged in
2022-05-25 20:22:17 ERROR    Failure: 192000098578407187921566301909771202768 : http://localhost:1800/login -> net::ERR_NAME_RESOLUTION_FAILED
2022-05-25 20:22:17 ERROR    Failure: 94097134937905879805143453101758338884 : http://localhost:1800/login -> Failed to load resource: net::ERR_NAME_RESOLUTION_FAILED
2022-05-25 20:22:17 ERROR    Failure: 192000098578407187921566301909771202768 : http://localhost:1800/login -> net::ERR_NAME_RESOLUTION_FAILED
2022-05-25 20:22:17 ERROR    Failure: 94097134937905879805143453101758338884 : http://localhost:1800/login -> Failed to load resource: net::ERR_NAME_RESOLUTION_FAILED
2022-05-25 20:22:17 ERROR    Failure: 192000098578407187921566301909771202768 : http://localhost:1800/login -> net::ERR_NAME_RESOLUTION_FAILED
2022-05-25 20:22:17 ERROR    Failure: 94097134937905879805143453101758338884 : http://localhost:1800/login -> Failed to load resource: net::ERR_NAME_RESOLUTION_FAILED
2022-05-25 20:22:17 ERROR    Failure: 192000098578407187921566301909771202768 : http://localhost:1800/login -> net::ERR_NAME_RESOLUTION_FAILED
2022-05-25 20:22:17 ERROR    Failure: 94097134937905879805143453101758338884 : http://localhost:1800/login -> Failed to load resource: net::ERR_NAME_RESOLUTION_FAILED
2022-05-25 20:22:17 ERROR    Failure: 192000098578407187921566301909771202768 : http://localhost:1800/login -> net::ERR_NAME_RESOLUTION_FAILED
2022-05-25 20:22:17 ERROR    Failure: 94097134937905879805143453101758338884 : http://localhost:1800/login -> Failed to load resource: net::ERR_NAME_RESOLUTION_FAILED
2022-05-25 20:22:17 ERROR    Failure: 192000098578407187921566301909771202768 : http://localhost:1800/login -> net::ERR_NAME_RESOLUTION_FAILED
2022-05-25 20:22:17 ERROR    Failure: 94097134937905879805143453101758338884 : http://localhost:1800/login -> Failed to load resource: net::ERR_NAME_RESOLUTION_FAILED
2022-05-25 20:22:17 ERROR    Failure: 79839802101734943688249486384801588623 : http://localhost:1800/login -> Failed to load resource: the server responded with a status of 401 (Unauthorized)
2022-05-25 20:22:17 ERROR    Failure: 233681242693567643314746531081609967369 : http://localhost:1800/login -> status code(401) -> Not logged in
2022-05-25 20:22:19 ERROR    Failure: 262513326802567628094931167029883077585 : http://localhost:1800/ -> net::ERR_ABORTED
2022-05-25 20:22:19 ERROR    Failure: 192000098578407187921566301909771202768 : http://localhost:1800/subscribe?product=self-hosted -> net::ERR_NAME_RESOLUTION_FAILED
2022-05-25 20:22:19 ERROR    Failure: 94097134937905879805143453101758338884 : http://localhost:1800/subscribe?product=self-hosted -> Failed to load resource: net::ERR_NAME_RESOLUTION_FAILED
2022-05-25 20:22:19 ERROR    Failure: 192000098578407187921566301909771202768 : http://localhost:1800/subscribe?product=self-hosted -> net::ERR_NAME_RESOLUTION_FAILED
2022-05-25 20:22:19 ERROR    Failure: 94097134937905879805143453101758338884 : http://localhost:1800/subscribe?product=self-hosted -> Failed to load resource: net::ERR_NAME_RESOLUTION_FAILED
2022-05-25 20:22:19 ERROR    Failure: 192000098578407187921566301909771202768 : http://localhost:1800/subscribe?product=self-hosted -> net::ERR_NAME_RESOLUTION_FAILED
2022-05-25 20:22:19 ERROR    Failure: 94097134937905879805143453101758338884 : http://localhost:1800/subscribe?product=self-hosted -> Failed to load resource: net::ERR_NAME_RESOLUTION_FAILED
2022-05-25 20:22:19 ERROR    Failure: 192000098578407187921566301909771202768 : http://localhost:1800/subscribe?product=self-hosted -> net::ERR_NAME_RESOLUTION_FAILED
2022-05-25 20:22:19 ERROR    Failure: 94097134937905879805143453101758338884 : http://localhost:1800/subscribe?product=self-hosted -> Failed to load resource: net::ERR_NAME_RESOLUTION_FAILED
2022-05-25 20:22:19 ERROR    Failure: 192000098578407187921566301909771202768 : http://localhost:1800/subscribe?product=self-hosted -> net::ERR_NAME_RESOLUTION_FAILED
2022-05-25 20:22:19 ERROR    Failure: 94097134937905879805143453101758338884 : http://localhost:1800/subscribe?product=self-hosted -> Failed to load resource: net::ERR_NAME_RESOLUTION_FAILED
2022-05-25 20:22:19 ERROR    Failure: 192000098578407187921566301909771202768 : http://localhost:1800/subscribe?product=self-hosted -> net::ERR_NAME_RESOLUTION_FAILED
2022-05-25 20:22:19 ERROR    Failure: 94097134937905879805143453101758338884 : http://localhost:1800/subscribe?product=self-hosted -> Failed to load resource: net::ERR_NAME_RESOLUTION_FAILED
2022-05-25 20:22:19 ERROR    Failure: 79839802101734943688249486384801588623 : http://localhost:1800/subscribe?product=self-hosted -> Failed to load resource: the server responded with a status of 401 (Unauthorized)
2022-05-25 20:22:19 ERROR    Failure: 233681242693567643314746531081609967369 : http://localhost:1800/subscribe?product=self-hosted -> status code(401) -> Not logged in
2022-05-25 20:22:19 ERROR    Failure: 192000098578407187921566301909771202768 : http://localhost:1800/subscribe?product=self-hosted -> net::ERR_NAME_RESOLUTION_FAILED
2022-05-25 20:22:19 ERROR    Failure: 94097134937905879805143453101758338884 : http://localhost:1800/subscribe?product=self-hosted -> Failed to load resource: net::ERR_NAME_RESOLUTION_FAILED
2022-05-25 20:22:22 ERROR    Failure: 192000098578407187921566301909771202768 : http://localhost:1800/ -> net::ERR_NAME_RESOLUTION_FAILED
2022-05-25 20:22:22 ERROR    Failure: 94097134937905879805143453101758338884 : http://localhost:1800/ -> Failed to load resource: net::ERR_NAME_RESOLUTION_FAILED
2022-05-25 20:22:22 ERROR    Failure: 192000098578407187921566301909771202768 : http://localhost:1800/ -> net::ERR_NAME_RESOLUTION_FAILED
2022-05-25 20:22:22 ERROR    Failure: 94097134937905879805143453101758338884 : http://localhost:1800/ -> Failed to load resource: net::ERR_NAME_RESOLUTION_FAILED
2022-05-25 20:22:22 ERROR    Failure: 192000098578407187921566301909771202768 : http://localhost:1800/ -> net::ERR_NAME_RESOLUTION_FAILED
2022-05-25 20:22:22 ERROR    Failure: 94097134937905879805143453101758338884 : http://localhost:1800/ -> Failed to load resource: net::ERR_NAME_RESOLUTION_FAILED
2022-05-25 20:22:22 ERROR    Failure: 192000098578407187921566301909771202768 : http://localhost:1800/ -> net::ERR_NAME_RESOLUTION_FAILED
2022-05-25 20:22:22 ERROR    Failure: 94097134937905879805143453101758338884 : http://localhost:1800/ -> Failed to load resource: net::ERR_NAME_RESOLUTION_FAILED
2022-05-25 20:22:22 ERROR    Failure: 192000098578407187921566301909771202768 : http://localhost:1800/ -> net::ERR_NAME_RESOLUTION_FAILED
2022-05-25 20:22:22 ERROR    Failure: 94097134937905879805143453101758338884 : http://localhost:1800/ -> Failed to load resource: net::ERR_NAME_RESOLUTION_FAILED
2022-05-25 20:22:22 ERROR    Failure: 192000098578407187921566301909771202768 : http://localhost:1800/ -> net::ERR_NAME_RESOLUTION_FAILED
2022-05-25 20:22:22 ERROR    Failure: 94097134937905879805143453101758338884 : http://localhost:1800/ -> Failed to load resource: net::ERR_NAME_RESOLUTION_FAILED
2022-05-25 20:22:22 ERROR    Failure: 79839802101734943688249486384801588623 : http://localhost:1800/ -> Failed to load resource: the server responded with a status of 401 (Unauthorized)
2022-05-25 20:22:22 ERROR    Failure: 233681242693567643314746531081609967369 : http://localhost:1800/ -> status code(401) -> Not logged in
2022-05-25 20:22:32 ERROR    Failure: 262513326802567628094931167029883077585 : http://localhost:1800/# -> net::ERR_ABORTED
2022-05-25 20:22:32 ERROR    Failure: 192000098578407187921566301909771202768 : http://localhost:1800/subscribe?product=unlimited -> net::ERR_NAME_RESOLUTION_FAILED
2022-05-25 20:22:32 ERROR    Failure: 94097134937905879805143453101758338884 : http://localhost:1800/subscribe?product=unlimited -> Failed to load resource: net::ERR_NAME_RESOLUTION_FAILED
2022-05-25 20:22:32 ERROR    Failure: 192000098578407187921566301909771202768 : http://localhost:1800/subscribe?product=unlimited -> net::ERR_NAME_RESOLUTION_FAILED
2022-05-25 20:22:32 ERROR    Failure: 94097134937905879805143453101758338884 : http://localhost:1800/subscribe?product=unlimited -> Failed to load resource: net::ERR_NAME_RESOLUTION_FAILED
2022-05-25 20:22:32 ERROR    Failure: 192000098578407187921566301909771202768 : http://localhost:1800/subscribe?product=unlimited -> net::ERR_NAME_RESOLUTION_FAILED
2022-05-25 20:22:32 ERROR    Failure: 94097134937905879805143453101758338884 : http://localhost:1800/subscribe?product=unlimited -> Failed to load resource: net::ERR_NAME_RESOLUTION_FAILED
2022-05-25 20:22:32 ERROR    Failure: 192000098578407187921566301909771202768 : http://localhost:1800/subscribe?product=unlimited -> net::ERR_NAME_RESOLUTION_FAILED
2022-05-25 20:22:32 ERROR    Failure: 94097134937905879805143453101758338884 : http://localhost:1800/subscribe?product=unlimited -> Failed to load resource: net::ERR_NAME_RESOLUTION_FAILED
2022-05-25 20:22:32 ERROR    Failure: 192000098578407187921566301909771202768 : http://localhost:1800/subscribe?product=unlimited -> net::ERR_NAME_RESOLUTION_FAILED
2022-05-25 20:22:32 ERROR    Failure: 94097134937905879805143453101758338884 : http://localhost:1800/subscribe?product=unlimited -> Failed to load resource: net::ERR_NAME_RESOLUTION_FAILED
2022-05-25 20:22:32 ERROR    Failure: 192000098578407187921566301909771202768 : http://localhost:1800/subscribe?product=unlimited -> net::ERR_NAME_RESOLUTION_FAILED
2022-05-25 20:22:32 ERROR    Failure: 94097134937905879805143453101758338884 : http://localhost:1800/subscribe?product=unlimited -> Failed to load resource: net::ERR_NAME_RESOLUTION_FAILED
2022-05-25 20:22:33 ERROR    Failure: 79839802101734943688249486384801588623 : http://localhost:1800/subscribe?product=unlimited -> Failed to load resource: the server responded with a status of 401 (Unauthorized)
2022-05-25 20:22:33 ERROR    Failure: 192000098578407187921566301909771202768 : http://localhost:1800/subscribe?product=unlimited -> net::ERR_NAME_RESOLUTION_FAILED
2022-05-25 20:22:33 ERROR    Failure: 94097134937905879805143453101758338884 : http://localhost:1800/subscribe?product=unlimited -> Failed to load resource: net::ERR_NAME_RESOLUTION_FAILED
2022-05-25 20:22:33 ERROR    Failure: 233681242693567643314746531081609967369 : http://localhost:1800/subscribe?product=unlimited -> status code(401) -> Not logged in
2022-05-25 20:22:33 ERROR    Failure: 262513326802567628094931167029883077585 : http://localhost:1800/ -> net::ERR_ABORTED
2022-05-25 20:22:33 ERROR    Failure: 192000098578407187921566301909771202768 : http://localhost:1800/login -> net::ERR_NAME_RESOLUTION_FAILED
2022-05-25 20:22:33 ERROR    Failure: 94097134937905879805143453101758338884 : http://localhost:1800/login -> Failed to load resource: net::ERR_NAME_RESOLUTION_FAILED
2022-05-25 20:22:33 ERROR    Failure: 192000098578407187921566301909771202768 : http://localhost:1800/login -> net::ERR_NAME_RESOLUTION_FAILED
2022-05-25 20:22:33 ERROR    Failure: 94097134937905879805143453101758338884 : http://localhost:1800/login -> Failed to load resource: net::ERR_NAME_RESOLUTION_FAILED
2022-05-25 20:22:33 ERROR    Failure: 192000098578407187921566301909771202768 : http://localhost:1800/login -> net::ERR_NAME_RESOLUTION_FAILED
2022-05-25 20:22:33 ERROR    Failure: 94097134937905879805143453101758338884 : http://localhost:1800/login -> Failed to load resource: net::ERR_NAME_RESOLUTION_FAILED
2022-05-25 20:22:33 ERROR    Failure: 192000098578407187921566301909771202768 : http://localhost:1800/login -> net::ERR_NAME_RESOLUTION_FAILED
2022-05-25 20:22:33 ERROR    Failure: 94097134937905879805143453101758338884 : http://localhost:1800/login -> Failed to load resource: net::ERR_NAME_RESOLUTION_FAILED
2022-05-25 20:22:33 ERROR    Failure: 192000098578407187921566301909771202768 : http://localhost:1800/login -> net::ERR_NAME_RESOLUTION_FAILED
2022-05-25 20:22:33 ERROR    Failure: 94097134937905879805143453101758338884 : http://localhost:1800/login -> Failed to load resource: net::ERR_NAME_RESOLUTION_FAILED
2022-05-25 20:22:33 ERROR    Failure: 192000098578407187921566301909771202768 : http://localhost:1800/login -> net::ERR_NAME_RESOLUTION_FAILED
2022-05-25 20:22:33 ERROR    Failure: 94097134937905879805143453101758338884 : http://localhost:1800/login -> Failed to load resource: net::ERR_NAME_RESOLUTION_FAILED
2022-05-25 20:22:33 ERROR    Failure: 79839802101734943688249486384801588623 : http://localhost:1800/login -> Failed to load resource: the server responded with a status of 401 (Unauthorized)
2022-05-25 20:22:33 ERROR    Failure: 233681242693567643314746531081609967369 : http://localhost:1800/login -> status code(401) -> Not logged in
2022-05-25 20:22:35 ERROR    Failure: 262513326802567628094931167029883077585 : http://localhost:1800/ -> net::ERR_ABORTED
2022-05-25 20:22:35 ERROR    Failure: 192000098578407187921566301909771202768 : http://localhost:1800/subscribe?product=team -> net::ERR_NAME_RESOLUTION_FAILED
2022-05-25 20:22:35 ERROR    Failure: 94097134937905879805143453101758338884 : http://localhost:1800/subscribe?product=team -> Failed to load resource: net::ERR_NAME_RESOLUTION_FAILED
2022-05-25 20:22:35 ERROR    Failure: 192000098578407187921566301909771202768 : http://localhost:1800/subscribe?product=team -> net::ERR_NAME_RESOLUTION_FAILED
2022-05-25 20:22:35 ERROR    Failure: 94097134937905879805143453101758338884 : http://localhost:1800/subscribe?product=team -> Failed to load resource: net::ERR_NAME_RESOLUTION_FAILED
2022-05-25 20:22:35 ERROR    Failure: 192000098578407187921566301909771202768 : http://localhost:1800/subscribe?product=team -> net::ERR_NAME_RESOLUTION_FAILED
2022-05-25 20:22:35 ERROR    Failure: 94097134937905879805143453101758338884 : http://localhost:1800/subscribe?product=team -> Failed to load resource: net::ERR_NAME_RESOLUTION_FAILED
2022-05-25 20:22:35 ERROR    Failure: 192000098578407187921566301909771202768 : http://localhost:1800/subscribe?product=team -> net::ERR_NAME_RESOLUTION_FAILED
2022-05-25 20:22:35 ERROR    Failure: 94097134937905879805143453101758338884 : http://localhost:1800/subscribe?product=team -> Failed to load resource: net::ERR_NAME_RESOLUTION_FAILED
2022-05-25 20:22:35 ERROR    Failure: 192000098578407187921566301909771202768 : http://localhost:1800/subscribe?product=team -> net::ERR_NAME_RESOLUTION_FAILED
2022-05-25 20:22:35 ERROR    Failure: 94097134937905879805143453101758338884 : http://localhost:1800/subscribe?product=team -> Failed to load resource: net::ERR_NAME_RESOLUTION_FAILED
2022-05-25 20:22:35 ERROR    Failure: 192000098578407187921566301909771202768 : http://localhost:1800/subscribe?product=team -> net::ERR_NAME_RESOLUTION_FAILED
2022-05-25 20:22:35 ERROR    Failure: 94097134937905879805143453101758338884 : http://localhost:1800/subscribe?product=team -> Failed to load resource: net::ERR_NAME_RESOLUTION_FAILED
2022-05-25 20:22:35 ERROR    Failure: 79839802101734943688249486384801588623 : http://localhost:1800/subscribe?product=team -> Failed to load resource: the server responded with a status of 401 (Unauthorized)
2022-05-25 20:22:35 ERROR    Failure: 192000098578407187921566301909771202768 : http://localhost:1800/subscribe?product=team -> net::ERR_NAME_RESOLUTION_FAILED
2022-05-25 20:22:35 ERROR    Failure: 94097134937905879805143453101758338884 : http://localhost:1800/subscribe?product=team -> Failed to load resource: net::ERR_NAME_RESOLUTION_FAILED
2022-05-25 20:22:35 ERROR    Failure: 233681242693567643314746531081609967369 : http://localhost:1800/subscribe?product=team -> status code(401) -> Not logged in
2022-05-25 20:22:37 ERROR    Failure: 192000098578407187921566301909771202768 : http://localhost:1800/ -> net::ERR_NAME_RESOLUTION_FAILED
2022-05-25 20:22:37 ERROR    Failure: 94097134937905879805143453101758338884 : http://localhost:1800/ -> Failed to load resource: net::ERR_NAME_RESOLUTION_FAILED
2022-05-25 20:22:37 ERROR    Failure: 192000098578407187921566301909771202768 : http://localhost:1800/ -> net::ERR_NAME_RESOLUTION_FAILED
2022-05-25 20:22:37 ERROR    Failure: 94097134937905879805143453101758338884 : http://localhost:1800/ -> Failed to load resource: net::ERR_NAME_RESOLUTION_FAILED
2022-05-25 20:22:37 ERROR    Failure: 192000098578407187921566301909771202768 : http://localhost:1800/ -> net::ERR_NAME_RESOLUTION_FAILED
2022-05-25 20:22:37 ERROR    Failure: 94097134937905879805143453101758338884 : http://localhost:1800/ -> Failed to load resource: net::ERR_NAME_RESOLUTION_FAILED
2022-05-25 20:22:37 ERROR    Failure: 192000098578407187921566301909771202768 : http://localhost:1800/ -> net::ERR_NAME_RESOLUTION_FAILED
2022-05-25 20:22:37 ERROR    Failure: 94097134937905879805143453101758338884 : http://localhost:1800/ -> Failed to load resource: net::ERR_NAME_RESOLUTION_FAILED
2022-05-25 20:22:37 ERROR    Failure: 192000098578407187921566301909771202768 : http://localhost:1800/ -> net::ERR_NAME_RESOLUTION_FAILED
2022-05-25 20:22:37 ERROR    Failure: 94097134937905879805143453101758338884 : http://localhost:1800/ -> Failed to load resource: net::ERR_NAME_RESOLUTION_FAILED
2022-05-25 20:22:37 ERROR    Failure: 192000098578407187921566301909771202768 : http://localhost:1800/ -> net::ERR_NAME_RESOLUTION_FAILED
2022-05-25 20:22:37 ERROR    Failure: 94097134937905879805143453101758338884 : http://localhost:1800/ -> Failed to load resource: net::ERR_NAME_RESOLUTION_FAILED
2022-05-25 20:22:38 ERROR    Failure: 79839802101734943688249486384801588623 : http://localhost:1800/ -> Failed to load resource: the server responded with a status of 401 (Unauthorized)
2022-05-25 20:22:38 ERROR    Failure: 233681242693567643314746531081609967369 : http://localhost:1800/ -> status code(401) -> Not logged in
2022-05-25 20:22:48 ERROR    Failure: 192000098578407187921566301909771202768 : http://localhost:1800/subscribe?product=self-hosted -> net::ERR_NAME_RESOLUTION_FAILED
2022-05-25 20:22:48 ERROR    Failure: 94097134937905879805143453101758338884 : http://localhost:1800/subscribe?product=self-hosted -> Failed to load resource: net::ERR_NAME_RESOLUTION_FAILED
2022-05-25 20:22:48 ERROR    Failure: 192000098578407187921566301909771202768 : http://localhost:1800/subscribe?product=self-hosted -> net::ERR_NAME_RESOLUTION_FAILED
2022-05-25 20:22:48 ERROR    Failure: 94097134937905879805143453101758338884 : http://localhost:1800/subscribe?product=self-hosted -> Failed to load resource: net::ERR_NAME_RESOLUTION_FAILED
2022-05-25 20:22:48 ERROR    Failure: 192000098578407187921566301909771202768 : http://localhost:1800/subscribe?product=self-hosted -> net::ERR_NAME_RESOLUTION_FAILED
2022-05-25 20:22:48 ERROR    Failure: 94097134937905879805143453101758338884 : http://localhost:1800/subscribe?product=self-hosted -> Failed to load resource: net::ERR_NAME_RESOLUTION_FAILED
2022-05-25 20:22:48 ERROR    Failure: 192000098578407187921566301909771202768 : http://localhost:1800/subscribe?product=self-hosted -> net::ERR_NAME_RESOLUTION_FAILED
2022-05-25 20:22:48 ERROR    Failure: 94097134937905879805143453101758338884 : http://localhost:1800/subscribe?product=self-hosted -> Failed to load resource: net::ERR_NAME_RESOLUTION_FAILED
2022-05-25 20:22:48 ERROR    Failure: 192000098578407187921566301909771202768 : http://localhost:1800/subscribe?product=self-hosted -> net::ERR_NAME_RESOLUTION_FAILED
2022-05-25 20:22:48 ERROR    Failure: 94097134937905879805143453101758338884 : http://localhost:1800/subscribe?product=self-hosted -> Failed to load resource: net::ERR_NAME_RESOLUTION_FAILED
2022-05-25 20:22:48 ERROR    Failure: 192000098578407187921566301909771202768 : http://localhost:1800/subscribe?product=self-hosted -> net::ERR_NAME_RESOLUTION_FAILED
2022-05-25 20:22:48 ERROR    Failure: 94097134937905879805143453101758338884 : http://localhost:1800/subscribe?product=self-hosted -> Failed to load resource: net::ERR_NAME_RESOLUTION_FAILED
2022-05-25 20:22:48 ERROR    Failure: 79839802101734943688249486384801588623 : http://localhost:1800/subscribe?product=self-hosted -> Failed to load resource: the server responded with a status of 401 (Unauthorized)
2022-05-25 20:22:48 ERROR    Failure: 233681242693567643314746531081609967369 : http://localhost:1800/subscribe?product=self-hosted -> status code(401) -> Not logged in
2022-05-25 20:22:48 ERROR    Failure: 192000098578407187921566301909771202768 : http://localhost:1800/subscribe?product=self-hosted -> net::ERR_NAME_RESOLUTION_FAILED
2022-05-25 20:22:48 ERROR    Failure: 94097134937905879805143453101758338884 : http://localhost:1800/subscribe?product=self-hosted -> Failed to load resource: net::ERR_NAME_RESOLUTION_FAILED
2022-05-25 20:22:53 ERROR    Failure: 192000098578407187921566301909771202768 : http://localhost:1800/ -> net::ERR_NAME_RESOLUTION_FAILED
2022-05-25 20:22:53 ERROR    Failure: 94097134937905879805143453101758338884 : http://localhost:1800/ -> Failed to load resource: net::ERR_NAME_RESOLUTION_FAILED
2022-05-25 20:22:53 ERROR    Failure: 192000098578407187921566301909771202768 : http://localhost:1800/ -> net::ERR_NAME_RESOLUTION_FAILED
2022-05-25 20:22:53 ERROR    Failure: 94097134937905879805143453101758338884 : http://localhost:1800/ -> Failed to load resource: net::ERR_NAME_RESOLUTION_FAILED
2022-05-25 20:22:53 ERROR    Failure: 192000098578407187921566301909771202768 : http://localhost:1800/ -> net::ERR_NAME_RESOLUTION_FAILED
2022-05-25 20:22:53 ERROR    Failure: 94097134937905879805143453101758338884 : http://localhost:1800/ -> Failed to load resource: net::ERR_NAME_RESOLUTION_FAILED
2022-05-25 20:22:53 ERROR    Failure: 192000098578407187921566301909771202768 : http://localhost:1800/ -> net::ERR_NAME_RESOLUTION_FAILED
2022-05-25 20:22:53 ERROR    Failure: 94097134937905879805143453101758338884 : http://localhost:1800/ -> Failed to load resource: net::ERR_NAME_RESOLUTION_FAILED
2022-05-25 20:22:53 ERROR    Failure: 192000098578407187921566301909771202768 : http://localhost:1800/ -> net::ERR_NAME_RESOLUTION_FAILED
2022-05-25 20:22:53 ERROR    Failure: 94097134937905879805143453101758338884 : http://localhost:1800/ -> Failed to load resource: net::ERR_NAME_RESOLUTION_FAILED
2022-05-25 20:22:53 ERROR    Failure: 192000098578407187921566301909771202768 : http://localhost:1800/ -> net::ERR_NAME_RESOLUTION_FAILED
2022-05-25 20:22:53 ERROR    Failure: 94097134937905879805143453101758338884 : http://localhost:1800/ -> Failed to load resource: net::ERR_NAME_RESOLUTION_FAILED
2022-05-25 20:22:53 ERROR    Failure: 79839802101734943688249486384801588623 : http://localhost:1800/ -> Failed to load resource: the server responded with a status of 401 (Unauthorized)
2022-05-25 20:22:53 ERROR    Failure: 233681242693567643314746531081609967369 : http://localhost:1800/ -> status code(401) -> Not logged in
2022-05-25 20:23:03 ERROR    Failure: 192000098578407187921566301909771202768 : http://localhost:1800/subscribe?product=unlimited -> net::ERR_NAME_RESOLUTION_FAILED
2022-05-25 20:23:03 ERROR    Failure: 94097134937905879805143453101758338884 : http://localhost:1800/subscribe?product=unlimited -> Failed to load resource: net::ERR_NAME_RESOLUTION_FAILED
2022-05-25 20:23:03 ERROR    Failure: 192000098578407187921566301909771202768 : http://localhost:1800/subscribe?product=unlimited -> net::ERR_NAME_RESOLUTION_FAILED
2022-05-25 20:23:03 ERROR    Failure: 94097134937905879805143453101758338884 : http://localhost:1800/subscribe?product=unlimited -> Failed to load resource: net::ERR_NAME_RESOLUTION_FAILED
2022-05-25 20:23:03 ERROR    Failure: 192000098578407187921566301909771202768 : http://localhost:1800/subscribe?product=unlimited -> net::ERR_NAME_RESOLUTION_FAILED
2022-05-25 20:23:03 ERROR    Failure: 94097134937905879805143453101758338884 : http://localhost:1800/subscribe?product=unlimited -> Failed to load resource: net::ERR_NAME_RESOLUTION_FAILED
2022-05-25 20:23:03 ERROR    Failure: 192000098578407187921566301909771202768 : http://localhost:1800/subscribe?product=unlimited -> net::ERR_NAME_RESOLUTION_FAILED
2022-05-25 20:23:03 ERROR    Failure: 94097134937905879805143453101758338884 : http://localhost:1800/subscribe?product=unlimited -> Failed to load resource: net::ERR_NAME_RESOLUTION_FAILED
2022-05-25 20:23:03 ERROR    Failure: 192000098578407187921566301909771202768 : http://localhost:1800/subscribe?product=unlimited -> net::ERR_NAME_RESOLUTION_FAILED
2022-05-25 20:23:03 ERROR    Failure: 94097134937905879805143453101758338884 : http://localhost:1800/subscribe?product=unlimited -> Failed to load resource: net::ERR_NAME_RESOLUTION_FAILED
2022-05-25 20:23:03 ERROR    Failure: 192000098578407187921566301909771202768 : http://localhost:1800/subscribe?product=unlimited -> net::ERR_NAME_RESOLUTION_FAILED
2022-05-25 20:23:03 ERROR    Failure: 94097134937905879805143453101758338884 : http://localhost:1800/subscribe?product=unlimited -> Failed to load resource: net::ERR_NAME_RESOLUTION_FAILED
2022-05-25 20:23:04 ERROR    Failure: 79839802101734943688249486384801588623 : http://localhost:1800/subscribe?product=unlimited -> Failed to load resource: the server responded with a status of 401 (Unauthorized)
2022-05-25 20:23:04 ERROR    Failure: 192000098578407187921566301909771202768 : http://localhost:1800/subscribe?product=unlimited -> net::ERR_NAME_RESOLUTION_FAILED
2022-05-25 20:23:04 ERROR    Failure: 94097134937905879805143453101758338884 : http://localhost:1800/subscribe?product=unlimited -> Failed to load resource: net::ERR_NAME_RESOLUTION_FAILED
2022-05-25 20:23:04 ERROR    Failure: 233681242693567643314746531081609967369 : http://localhost:1800/subscribe?product=unlimited -> status code(401) -> Not logged in
2022-05-25 20:23:06 ERROR    Failure: 262513326802567628094931167029883077585 : http://localhost:1800/ -> net::ERR_ABORTED
2022-05-25 20:23:06 ERROR    Failure: 192000098578407187921566301909771202768 : http://localhost:1800/login -> net::ERR_NAME_RESOLUTION_FAILED
2022-05-25 20:23:06 ERROR    Failure: 94097134937905879805143453101758338884 : http://localhost:1800/login -> Failed to load resource: net::ERR_NAME_RESOLUTION_FAILED
2022-05-25 20:23:06 ERROR    Failure: 192000098578407187921566301909771202768 : http://localhost:1800/login -> net::ERR_NAME_RESOLUTION_FAILED
2022-05-25 20:23:06 ERROR    Failure: 94097134937905879805143453101758338884 : http://localhost:1800/login -> Failed to load resource: net::ERR_NAME_RESOLUTION_FAILED
2022-05-25 20:23:06 ERROR    Failure: 192000098578407187921566301909771202768 : http://localhost:1800/login -> net::ERR_NAME_RESOLUTION_FAILED
2022-05-25 20:23:06 ERROR    Failure: 94097134937905879805143453101758338884 : http://localhost:1800/login -> Failed to load resource: net::ERR_NAME_RESOLUTION_FAILED
2022-05-25 20:23:06 ERROR    Failure: 192000098578407187921566301909771202768 : http://localhost:1800/login -> net::ERR_NAME_RESOLUTION_FAILED
2022-05-25 20:23:06 ERROR    Failure: 94097134937905879805143453101758338884 : http://localhost:1800/login -> Failed to load resource: net::ERR_NAME_RESOLUTION_FAILED
2022-05-25 20:23:06 ERROR    Failure: 192000098578407187921566301909771202768 : http://localhost:1800/login -> net::ERR_NAME_RESOLUTION_FAILED
2022-05-25 20:23:06 ERROR    Failure: 94097134937905879805143453101758338884 : http://localhost:1800/login -> Failed to load resource: net::ERR_NAME_RESOLUTION_FAILED
2022-05-25 20:23:06 ERROR    Failure: 192000098578407187921566301909771202768 : http://localhost:1800/login -> net::ERR_NAME_RESOLUTION_FAILED
2022-05-25 20:23:06 ERROR    Failure: 94097134937905879805143453101758338884 : http://localhost:1800/login -> Failed to load resource: net::ERR_NAME_RESOLUTION_FAILED
2022-05-25 20:23:06 ERROR    Failure: 79839802101734943688249486384801588623 : http://localhost:1800/login -> Failed to load resource: the server responded with a status of 401 (Unauthorized)
2022-05-25 20:23:06 ERROR    Failure: 233681242693567643314746531081609967369 : http://localhost:1800/login -> status code(401) -> Not logged in
2022-05-25 20:23:07 ERROR    Failure: 262513326802567628094931167029883077585 : http://localhost:1800/ -> net::ERR_ABORTED
2022-05-25 20:23:08 ERROR    Failure: 192000098578407187921566301909771202768 : http://localhost:1800/login -> net::ERR_NAME_RESOLUTION_FAILED
2022-05-25 20:23:08 ERROR    Failure: 94097134937905879805143453101758338884 : http://localhost:1800/login -> Failed to load resource: net::ERR_NAME_RESOLUTION_FAILED
2022-05-25 20:23:08 ERROR    Failure: 192000098578407187921566301909771202768 : http://localhost:1800/login -> net::ERR_NAME_RESOLUTION_FAILED
2022-05-25 20:23:08 ERROR    Failure: 94097134937905879805143453101758338884 : http://localhost:1800/login -> Failed to load resource: net::ERR_NAME_RESOLUTION_FAILED
2022-05-25 20:23:08 ERROR    Failure: 192000098578407187921566301909771202768 : http://localhost:1800/login -> net::ERR_NAME_RESOLUTION_FAILED
2022-05-25 20:23:08 ERROR    Failure: 94097134937905879805143453101758338884 : http://localhost:1800/login -> Failed to load resource: net::ERR_NAME_RESOLUTION_FAILED
2022-05-25 20:23:08 ERROR    Failure: 192000098578407187921566301909771202768 : http://localhost:1800/login -> net::ERR_NAME_RESOLUTION_FAILED
2022-05-25 20:23:08 ERROR    Failure: 94097134937905879805143453101758338884 : http://localhost:1800/login -> Failed to load resource: net::ERR_NAME_RESOLUTION_FAILED
2022-05-25 20:23:08 ERROR    Failure: 192000098578407187921566301909771202768 : http://localhost:1800/login -> net::ERR_NAME_RESOLUTION_FAILED
2022-05-25 20:23:08 ERROR    Failure: 94097134937905879805143453101758338884 : http://localhost:1800/login -> Failed to load resource: net::ERR_NAME_RESOLUTION_FAILED
2022-05-25 20:23:08 ERROR    Failure: 192000098578407187921566301909771202768 : http://localhost:1800/login -> net::ERR_NAME_RESOLUTION_FAILED
2022-05-25 20:23:08 ERROR    Failure: 94097134937905879805143453101758338884 : http://localhost:1800/login -> Failed to load resource: net::ERR_NAME_RESOLUTION_FAILED
2022-05-25 20:23:08 ERROR    Failure: 79839802101734943688249486384801588623 : http://localhost:1800/login -> Failed to load resource: the server responded with a status of 401 (Unauthorized)
2022-05-25 20:23:08 ERROR    Failure: 233681242693567643314746531081609967369 : http://localhost:1800/login -> status code(401) -> Not logged in
2022-05-25 20:23:09 ERROR    Failure: 192000098578407187921566301909771202768 : http://localhost:1800/ -> net::ERR_NAME_RESOLUTION_FAILED
2022-05-25 20:23:09 ERROR    Failure: 94097134937905879805143453101758338884 : http://localhost:1800/ -> Failed to load resource: net::ERR_NAME_RESOLUTION_FAILED
2022-05-25 20:23:09 ERROR    Failure: 192000098578407187921566301909771202768 : http://localhost:1800/ -> net::ERR_NAME_RESOLUTION_FAILED
2022-05-25 20:23:09 ERROR    Failure: 94097134937905879805143453101758338884 : http://localhost:1800/ -> Failed to load resource: net::ERR_NAME_RESOLUTION_FAILED
2022-05-25 20:23:09 ERROR    Failure: 192000098578407187921566301909771202768 : http://localhost:1800/ -> net::ERR_NAME_RESOLUTION_FAILED
2022-05-25 20:23:09 ERROR    Failure: 94097134937905879805143453101758338884 : http://localhost:1800/ -> Failed to load resource: net::ERR_NAME_RESOLUTION_FAILED
2022-05-25 20:23:09 ERROR    Failure: 192000098578407187921566301909771202768 : http://localhost:1800/ -> net::ERR_NAME_RESOLUTION_FAILED
2022-05-25 20:23:09 ERROR    Failure: 94097134937905879805143453101758338884 : http://localhost:1800/ -> Failed to load resource: net::ERR_NAME_RESOLUTION_FAILED
2022-05-25 20:23:09 ERROR    Failure: 192000098578407187921566301909771202768 : http://localhost:1800/ -> net::ERR_NAME_RESOLUTION_FAILED
2022-05-25 20:23:09 ERROR    Failure: 94097134937905879805143453101758338884 : http://localhost:1800/ -> Failed to load resource: net::ERR_NAME_RESOLUTION_FAILED
2022-05-25 20:23:09 ERROR    Failure: 192000098578407187921566301909771202768 : http://localhost:1800/ -> net::ERR_NAME_RESOLUTION_FAILED
2022-05-25 20:23:09 ERROR    Failure: 94097134937905879805143453101758338884 : http://localhost:1800/ -> Failed to load resource: net::ERR_NAME_RESOLUTION_FAILED
2022-05-25 20:23:10 ERROR    Failure: 79839802101734943688249486384801588623 : http://localhost:1800/ -> Failed to load resource: the server responded with a status of 401 (Unauthorized)
2022-05-25 20:23:10 ERROR    Failure: 233681242693567643314746531081609967369 : http://localhost:1800/ -> status code(401) -> Not logged in
2022-05-25 20:23:21 ERROR    Failure: 192000098578407187921566301909771202768 : http://localhost:1800/login -> net::ERR_NAME_RESOLUTION_FAILED
2022-05-25 20:23:21 ERROR    Failure: 94097134937905879805143453101758338884 : http://localhost:1800/login -> Failed to load resource: net::ERR_NAME_RESOLUTION_FAILED
2022-05-25 20:23:21 ERROR    Failure: 192000098578407187921566301909771202768 : http://localhost:1800/login -> net::ERR_NAME_RESOLUTION_FAILED
2022-05-25 20:23:21 ERROR    Failure: 94097134937905879805143453101758338884 : http://localhost:1800/login -> Failed to load resource: net::ERR_NAME_RESOLUTION_FAILED
2022-05-25 20:23:21 ERROR    Failure: 192000098578407187921566301909771202768 : http://localhost:1800/login -> net::ERR_NAME_RESOLUTION_FAILED
2022-05-25 20:23:21 ERROR    Failure: 94097134937905879805143453101758338884 : http://localhost:1800/login -> Failed to load resource: net::ERR_NAME_RESOLUTION_FAILED
2022-05-25 20:23:21 ERROR    Failure: 192000098578407187921566301909771202768 : http://localhost:1800/login -> net::ERR_NAME_RESOLUTION_FAILED
2022-05-25 20:23:21 ERROR    Failure: 94097134937905879805143453101758338884 : http://localhost:1800/login -> Failed to load resource: net::ERR_NAME_RESOLUTION_FAILED
2022-05-25 20:23:21 ERROR    Failure: 192000098578407187921566301909771202768 : http://localhost:1800/login -> net::ERR_NAME_RESOLUTION_FAILED
2022-05-25 20:23:21 ERROR    Failure: 94097134937905879805143453101758338884 : http://localhost:1800/login -> Failed to load resource: net::ERR_NAME_RESOLUTION_FAILED
2022-05-25 20:23:21 ERROR    Failure: 192000098578407187921566301909771202768 : http://localhost:1800/login -> net::ERR_NAME_RESOLUTION_FAILED
2022-05-25 20:23:21 ERROR    Failure: 94097134937905879805143453101758338884 : http://localhost:1800/login -> Failed to load resource: net::ERR_NAME_RESOLUTION_FAILED
2022-05-25 20:23:22 ERROR    Failure: 79839802101734943688249486384801588623 : http://localhost:1800/login -> Failed to load resource: the server responded with a status of 401 (Unauthorized)
2022-05-25 20:23:22 ERROR    Failure: 233681242693567643314746531081609967369 : http://localhost:1800/login -> status code(401) -> Not logged in
2022-05-25 20:23:22 ERROR    Failure: 262513326802567628094931167029883077585 : http://localhost:1800/ -> net::ERR_ABORTED
2022-05-25 20:23:22 ERROR    Failure: 192000098578407187921566301909771202768 : http://localhost:1800/subscribe?product=team -> net::ERR_NAME_RESOLUTION_FAILED
2022-05-25 20:23:22 ERROR    Failure: 94097134937905879805143453101758338884 : http://localhost:1800/subscribe?product=team -> Failed to load resource: net::ERR_NAME_RESOLUTION_FAILED
2022-05-25 20:23:22 ERROR    Failure: 192000098578407187921566301909771202768 : http://localhost:1800/subscribe?product=team -> net::ERR_NAME_RESOLUTION_FAILED
2022-05-25 20:23:22 ERROR    Failure: 94097134937905879805143453101758338884 : http://localhost:1800/subscribe?product=team -> Failed to load resource: net::ERR_NAME_RESOLUTION_FAILED
2022-05-25 20:23:22 ERROR    Failure: 192000098578407187921566301909771202768 : http://localhost:1800/subscribe?product=team -> net::ERR_NAME_RESOLUTION_FAILED
2022-05-25 20:23:22 ERROR    Failure: 94097134937905879805143453101758338884 : http://localhost:1800/subscribe?product=team -> Failed to load resource: net::ERR_NAME_RESOLUTION_FAILED
2022-05-25 20:23:22 ERROR    Failure: 192000098578407187921566301909771202768 : http://localhost:1800/subscribe?product=team -> net::ERR_NAME_RESOLUTION_FAILED
2022-05-25 20:23:22 ERROR    Failure: 94097134937905879805143453101758338884 : http://localhost:1800/subscribe?product=team -> Failed to load resource: net::ERR_NAME_RESOLUTION_FAILED
2022-05-25 20:23:22 ERROR    Failure: 192000098578407187921566301909771202768 : http://localhost:1800/subscribe?product=team -> net::ERR_NAME_RESOLUTION_FAILED
2022-05-25 20:23:22 ERROR    Failure: 94097134937905879805143453101758338884 : http://localhost:1800/subscribe?product=team -> Failed to load resource: net::ERR_NAME_RESOLUTION_FAILED
2022-05-25 20:23:22 ERROR    Failure: 192000098578407187921566301909771202768 : http://localhost:1800/subscribe?product=team -> net::ERR_NAME_RESOLUTION_FAILED
2022-05-25 20:23:22 ERROR    Failure: 94097134937905879805143453101758338884 : http://localhost:1800/subscribe?product=team -> Failed to load resource: net::ERR_NAME_RESOLUTION_FAILED
2022-05-25 20:23:23 ERROR    Failure: 79839802101734943688249486384801588623 : http://localhost:1800/subscribe?product=team -> Failed to load resource: the server responded with a status of 401 (Unauthorized)
2022-05-25 20:23:23 ERROR    Failure: 192000098578407187921566301909771202768 : http://localhost:1800/subscribe?product=team -> net::ERR_NAME_RESOLUTION_FAILED
2022-05-25 20:23:23 ERROR    Failure: 94097134937905879805143453101758338884 : http://localhost:1800/subscribe?product=team -> Failed to load resource: net::ERR_NAME_RESOLUTION_FAILED
2022-05-25 20:23:23 ERROR    Failure: 233681242693567643314746531081609967369 : http://localhost:1800/subscribe?product=team -> status code(401) -> Not logged in
2022-05-25 20:23:25 ERROR    Failure: 192000098578407187921566301909771202768 : http://localhost:1800/ -> net::ERR_NAME_RESOLUTION_FAILED
2022-05-25 20:23:25 ERROR    Failure: 94097134937905879805143453101758338884 : http://localhost:1800/ -> Failed to load resource: net::ERR_NAME_RESOLUTION_FAILED
2022-05-25 20:23:25 ERROR    Failure: 192000098578407187921566301909771202768 : http://localhost:1800/ -> net::ERR_NAME_RESOLUTION_FAILED
2022-05-25 20:23:25 ERROR    Failure: 94097134937905879805143453101758338884 : http://localhost:1800/ -> Failed to load resource: net::ERR_NAME_RESOLUTION_FAILED
2022-05-25 20:23:25 ERROR    Failure: 192000098578407187921566301909771202768 : http://localhost:1800/ -> net::ERR_NAME_RESOLUTION_FAILED
2022-05-25 20:23:25 ERROR    Failure: 94097134937905879805143453101758338884 : http://localhost:1800/ -> Failed to load resource: net::ERR_NAME_RESOLUTION_FAILED
2022-05-25 20:23:25 ERROR    Failure: 192000098578407187921566301909771202768 : http://localhost:1800/ -> net::ERR_NAME_RESOLUTION_FAILED
2022-05-25 20:23:25 ERROR    Failure: 94097134937905879805143453101758338884 : http://localhost:1800/ -> Failed to load resource: net::ERR_NAME_RESOLUTION_FAILED
2022-05-25 20:23:25 ERROR    Failure: 192000098578407187921566301909771202768 : http://localhost:1800/ -> net::ERR_NAME_RESOLUTION_FAILED
2022-05-25 20:23:25 ERROR    Failure: 94097134937905879805143453101758338884 : http://localhost:1800/ -> Failed to load resource: net::ERR_NAME_RESOLUTION_FAILED
2022-05-25 20:23:25 ERROR    Failure: 192000098578407187921566301909771202768 : http://localhost:1800/ -> net::ERR_NAME_RESOLUTION_FAILED
2022-05-25 20:23:25 ERROR    Failure: 94097134937905879805143453101758338884 : http://localhost:1800/ -> Failed to load resource: net::ERR_NAME_RESOLUTION_FAILED
2022-05-25 20:23:25 ERROR    Failure: 79839802101734943688249486384801588623 : http://localhost:1800/ -> Failed to load resource: the server responded with a status of 401 (Unauthorized)
2022-05-25 20:23:25 ERROR    Failure: 233681242693567643314746531081609967369 : http://localhost:1800/ -> status code(401) -> Not logged in
2022-05-25 20:23:38 ERROR    Failure: 192000098578407187921566301909771202768 : http://localhost:1800/subscribe?product=unlimited -> net::ERR_NAME_RESOLUTION_FAILED
2022-05-25 20:23:38 ERROR    Failure: 94097134937905879805143453101758338884 : http://localhost:1800/subscribe?product=unlimited -> Failed to load resource: net::ERR_NAME_RESOLUTION_FAILED
2022-05-25 20:23:38 ERROR    Failure: 192000098578407187921566301909771202768 : http://localhost:1800/subscribe?product=unlimited -> net::ERR_NAME_RESOLUTION_FAILED
2022-05-25 20:23:38 ERROR    Failure: 94097134937905879805143453101758338884 : http://localhost:1800/subscribe?product=unlimited -> Failed to load resource: net::ERR_NAME_RESOLUTION_FAILED
2022-05-25 20:23:38 ERROR    Failure: 192000098578407187921566301909771202768 : http://localhost:1800/subscribe?product=unlimited -> net::ERR_NAME_RESOLUTION_FAILED
2022-05-25 20:23:38 ERROR    Failure: 94097134937905879805143453101758338884 : http://localhost:1800/subscribe?product=unlimited -> Failed to load resource: net::ERR_NAME_RESOLUTION_FAILED
2022-05-25 20:23:38 ERROR    Failure: 192000098578407187921566301909771202768 : http://localhost:1800/subscribe?product=unlimited -> net::ERR_NAME_RESOLUTION_FAILED
2022-05-25 20:23:38 ERROR    Failure: 94097134937905879805143453101758338884 : http://localhost:1800/subscribe?product=unlimited -> Failed to load resource: net::ERR_NAME_RESOLUTION_FAILED
2022-05-25 20:23:38 ERROR    Failure: 192000098578407187921566301909771202768 : http://localhost:1800/subscribe?product=unlimited -> net::ERR_NAME_RESOLUTION_FAILED
2022-05-25 20:23:38 ERROR    Failure: 94097134937905879805143453101758338884 : http://localhost:1800/subscribe?product=unlimited -> Failed to load resource: net::ERR_NAME_RESOLUTION_FAILED
2022-05-25 20:23:38 ERROR    Failure: 192000098578407187921566301909771202768 : http://localhost:1800/subscribe?product=unlimited -> net::ERR_NAME_RESOLUTION_FAILED
2022-05-25 20:23:38 ERROR    Failure: 94097134937905879805143453101758338884 : http://localhost:1800/subscribe?product=unlimited -> Failed to load resource: net::ERR_NAME_RESOLUTION_FAILED
2022-05-25 20:23:38 ERROR    Failure: 79839802101734943688249486384801588623 : http://localhost:1800/subscribe?product=unlimited -> Failed to load resource: the server responded with a status of 401 (Unauthorized)
2022-05-25 20:23:38 ERROR    Failure: 192000098578407187921566301909771202768 : http://localhost:1800/subscribe?product=unlimited -> net::ERR_NAME_RESOLUTION_FAILED
2022-05-25 20:23:38 ERROR    Failure: 94097134937905879805143453101758338884 : http://localhost:1800/subscribe?product=unlimited -> Failed to load resource: net::ERR_NAME_RESOLUTION_FAILED
2022-05-25 20:23:38 ERROR    Failure: 233681242693567643314746531081609967369 : http://localhost:1800/subscribe?product=unlimited -> status code(401) -> Not logged in
2022-05-25 20:23:39 ERROR    Failure: 262513326802567628094931167029883077585 : http://localhost:1800/ -> net::ERR_ABORTED
2022-05-25 20:23:39 ERROR    Failure: 262513326802567628094931167029883077585 : http://localhost:1800/# -> net::ERR_ABORTED
2022-05-25 20:23:39 ERROR    Failure: 192000098578407187921566301909771202768 : http://localhost:1800/subscribe?product=unlimited -> net::ERR_NAME_RESOLUTION_FAILED
2022-05-25 20:23:39 ERROR    Failure: 94097134937905879805143453101758338884 : http://localhost:1800/subscribe?product=unlimited -> Failed to load resource: net::ERR_NAME_RESOLUTION_FAILED
2022-05-25 20:23:39 ERROR    Failure: 192000098578407187921566301909771202768 : http://localhost:1800/subscribe?product=unlimited -> net::ERR_NAME_RESOLUTION_FAILED
2022-05-25 20:23:39 ERROR    Failure: 94097134937905879805143453101758338884 : http://localhost:1800/subscribe?product=unlimited -> Failed to load resource: net::ERR_NAME_RESOLUTION_FAILED
2022-05-25 20:23:39 ERROR    Failure: 192000098578407187921566301909771202768 : http://localhost:1800/subscribe?product=unlimited -> net::ERR_NAME_RESOLUTION_FAILED
2022-05-25 20:23:39 ERROR    Failure: 94097134937905879805143453101758338884 : http://localhost:1800/subscribe?product=unlimited -> Failed to load resource: net::ERR_NAME_RESOLUTION_FAILED
2022-05-25 20:23:39 ERROR    Failure: 192000098578407187921566301909771202768 : http://localhost:1800/subscribe?product=unlimited -> net::ERR_NAME_RESOLUTION_FAILED
2022-05-25 20:23:39 ERROR    Failure: 94097134937905879805143453101758338884 : http://localhost:1800/subscribe?product=unlimited -> Failed to load resource: net::ERR_NAME_RESOLUTION_FAILED
2022-05-25 20:23:39 ERROR    Failure: 192000098578407187921566301909771202768 : http://localhost:1800/subscribe?product=unlimited -> net::ERR_NAME_RESOLUTION_FAILED
2022-05-25 20:23:39 ERROR    Failure: 94097134937905879805143453101758338884 : http://localhost:1800/subscribe?product=unlimited -> Failed to load resource: net::ERR_NAME_RESOLUTION_FAILED
2022-05-25 20:23:39 ERROR    Failure: 192000098578407187921566301909771202768 : http://localhost:1800/subscribe?product=unlimited -> net::ERR_NAME_RESOLUTION_FAILED
2022-05-25 20:23:39 ERROR    Failure: 94097134937905879805143453101758338884 : http://localhost:1800/subscribe?product=unlimited -> Failed to load resource: net::ERR_NAME_RESOLUTION_FAILED
2022-05-25 20:23:39 ERROR    Failure: 79839802101734943688249486384801588623 : http://localhost:1800/subscribe?product=unlimited -> Failed to load resource: the server responded with a status of 401 (Unauthorized)
2022-05-25 20:23:39 ERROR    Failure: 192000098578407187921566301909771202768 : http://localhost:1800/subscribe?product=unlimited -> net::ERR_NAME_RESOLUTION_FAILED
2022-05-25 20:23:39 ERROR    Failure: 94097134937905879805143453101758338884 : http://localhost:1800/subscribe?product=unlimited -> Failed to load resource: net::ERR_NAME_RESOLUTION_FAILED
2022-05-25 20:23:39 ERROR    Failure: 233681242693567643314746531081609967369 : http://localhost:1800/subscribe?product=unlimited -> status code(401) -> Not logged in
2022-05-25 20:23:40 ERROR    Failure: 262513326802567628094931167029883077585 : http://localhost:1800/ -> net::ERR_ABORTED
2022-05-25 20:23:40 ERROR    Failure: 192000098578407187921566301909771202768 : http://localhost:1800/login -> net::ERR_NAME_RESOLUTION_FAILED
2022-05-25 20:23:40 ERROR    Failure: 94097134937905879805143453101758338884 : http://localhost:1800/login -> Failed to load resource: net::ERR_NAME_RESOLUTION_FAILED
2022-05-25 20:23:40 ERROR    Failure: 192000098578407187921566301909771202768 : http://localhost:1800/login -> net::ERR_NAME_RESOLUTION_FAILED
2022-05-25 20:23:40 ERROR    Failure: 94097134937905879805143453101758338884 : http://localhost:1800/login -> Failed to load resource: net::ERR_NAME_RESOLUTION_FAILED
2022-05-25 20:23:40 ERROR    Failure: 192000098578407187921566301909771202768 : http://localhost:1800/login -> net::ERR_NAME_RESOLUTION_FAILED
2022-05-25 20:23:40 ERROR    Failure: 94097134937905879805143453101758338884 : http://localhost:1800/login -> Failed to load resource: net::ERR_NAME_RESOLUTION_FAILED
2022-05-25 20:23:40 ERROR    Failure: 192000098578407187921566301909771202768 : http://localhost:1800/login -> net::ERR_NAME_RESOLUTION_FAILED
2022-05-25 20:23:40 ERROR    Failure: 94097134937905879805143453101758338884 : http://localhost:1800/login -> Failed to load resource: net::ERR_NAME_RESOLUTION_FAILED
2022-05-25 20:23:40 ERROR    Failure: 192000098578407187921566301909771202768 : http://localhost:1800/login -> net::ERR_NAME_RESOLUTION_FAILED
2022-05-25 20:23:40 ERROR    Failure: 94097134937905879805143453101758338884 : http://localhost:1800/login -> Failed to load resource: net::ERR_NAME_RESOLUTION_FAILED
2022-05-25 20:23:40 ERROR    Failure: 192000098578407187921566301909771202768 : http://localhost:1800/login -> net::ERR_NAME_RESOLUTION_FAILED
2022-05-25 20:23:40 ERROR    Failure: 94097134937905879805143453101758338884 : http://localhost:1800/login -> Failed to load resource: net::ERR_NAME_RESOLUTION_FAILED
2022-05-25 20:23:40 ERROR    Failure: 79839802101734943688249486384801588623 : http://localhost:1800/login -> Failed to load resource: the server responded with a status of 401 (Unauthorized)
2022-05-25 20:23:40 ERROR    Failure: 233681242693567643314746531081609967369 : http://localhost:1800/login -> status code(401) -> Not logged in
2022-05-25 20:23:42 ERROR    Failure: 192000098578407187921566301909771202768 : http://localhost:1800/ -> net::ERR_NAME_RESOLUTION_FAILED
2022-05-25 20:23:42 ERROR    Failure: 94097134937905879805143453101758338884 : http://localhost:1800/ -> Failed to load resource: net::ERR_NAME_RESOLUTION_FAILED
2022-05-25 20:23:42 ERROR    Failure: 192000098578407187921566301909771202768 : http://localhost:1800/ -> net::ERR_NAME_RESOLUTION_FAILED
2022-05-25 20:23:42 ERROR    Failure: 94097134937905879805143453101758338884 : http://localhost:1800/ -> Failed to load resource: net::ERR_NAME_RESOLUTION_FAILED
2022-05-25 20:23:42 ERROR    Failure: 192000098578407187921566301909771202768 : http://localhost:1800/ -> net::ERR_NAME_RESOLUTION_FAILED
2022-05-25 20:23:42 ERROR    Failure: 94097134937905879805143453101758338884 : http://localhost:1800/ -> Failed to load resource: net::ERR_NAME_RESOLUTION_FAILED
2022-05-25 20:23:42 ERROR    Failure: 192000098578407187921566301909771202768 : http://localhost:1800/ -> net::ERR_NAME_RESOLUTION_FAILED
2022-05-25 20:23:42 ERROR    Failure: 94097134937905879805143453101758338884 : http://localhost:1800/ -> Failed to load resource: net::ERR_NAME_RESOLUTION_FAILED
2022-05-25 20:23:42 ERROR    Failure: 192000098578407187921566301909771202768 : http://localhost:1800/ -> net::ERR_NAME_RESOLUTION_FAILED
2022-05-25 20:23:42 ERROR    Failure: 94097134937905879805143453101758338884 : http://localhost:1800/ -> Failed to load resource: net::ERR_NAME_RESOLUTION_FAILED
2022-05-25 20:23:42 ERROR    Failure: 192000098578407187921566301909771202768 : http://localhost:1800/ -> net::ERR_NAME_RESOLUTION_FAILED
2022-05-25 20:23:42 ERROR    Failure: 94097134937905879805143453101758338884 : http://localhost:1800/ -> Failed to load resource: net::ERR_NAME_RESOLUTION_FAILED
2022-05-25 20:23:42 ERROR    Failure: 79839802101734943688249486384801588623 : http://localhost:1800/ -> Failed to load resource: the server responded with a status of 401 (Unauthorized)
2022-05-25 20:23:42 ERROR    Failure: 233681242693567643314746531081609967369 : http://localhost:1800/ -> status code(401) -> Not logged in
2022-05-25 20:23:56 ERROR    Failure: 192000098578407187921566301909771202768 : http://localhost:1800/subscribe?product=self-hosted -> net::ERR_NAME_RESOLUTION_FAILED
2022-05-25 20:23:56 ERROR    Failure: 94097134937905879805143453101758338884 : http://localhost:1800/subscribe?product=self-hosted -> Failed to load resource: net::ERR_NAME_RESOLUTION_FAILED
2022-05-25 20:23:56 ERROR    Failure: 192000098578407187921566301909771202768 : http://localhost:1800/subscribe?product=self-hosted -> net::ERR_NAME_RESOLUTION_FAILED
2022-05-25 20:23:56 ERROR    Failure: 94097134937905879805143453101758338884 : http://localhost:1800/subscribe?product=self-hosted -> Failed to load resource: net::ERR_NAME_RESOLUTION_FAILED
2022-05-25 20:23:56 ERROR    Failure: 192000098578407187921566301909771202768 : http://localhost:1800/subscribe?product=self-hosted -> net::ERR_NAME_RESOLUTION_FAILED
2022-05-25 20:23:56 ERROR    Failure: 94097134937905879805143453101758338884 : http://localhost:1800/subscribe?product=self-hosted -> Failed to load resource: net::ERR_NAME_RESOLUTION_FAILED
2022-05-25 20:23:56 ERROR    Failure: 192000098578407187921566301909771202768 : http://localhost:1800/subscribe?product=self-hosted -> net::ERR_NAME_RESOLUTION_FAILED
2022-05-25 20:23:56 ERROR    Failure: 94097134937905879805143453101758338884 : http://localhost:1800/subscribe?product=self-hosted -> Failed to load resource: net::ERR_NAME_RESOLUTION_FAILED
2022-05-25 20:23:56 ERROR    Failure: 192000098578407187921566301909771202768 : http://localhost:1800/subscribe?product=self-hosted -> net::ERR_NAME_RESOLUTION_FAILED
2022-05-25 20:23:56 ERROR    Failure: 94097134937905879805143453101758338884 : http://localhost:1800/subscribe?product=self-hosted -> Failed to load resource: net::ERR_NAME_RESOLUTION_FAILED
2022-05-25 20:23:56 ERROR    Failure: 192000098578407187921566301909771202768 : http://localhost:1800/subscribe?product=self-hosted -> net::ERR_NAME_RESOLUTION_FAILED
2022-05-25 20:23:56 ERROR    Failure: 94097134937905879805143453101758338884 : http://localhost:1800/subscribe?product=self-hosted -> Failed to load resource: net::ERR_NAME_RESOLUTION_FAILED
2022-05-25 20:23:56 ERROR    Failure: 79839802101734943688249486384801588623 : http://localhost:1800/subscribe?product=self-hosted -> Failed to load resource: the server responded with a status of 401 (Unauthorized)
2022-05-25 20:23:56 ERROR    Failure: 233681242693567643314746531081609967369 : http://localhost:1800/subscribe?product=self-hosted -> status code(401) -> Not logged in
2022-05-25 20:23:56 ERROR    Failure: 192000098578407187921566301909771202768 : http://localhost:1800/subscribe?product=self-hosted -> net::ERR_NAME_RESOLUTION_FAILED
2022-05-25 20:23:56 ERROR    Failure: 94097134937905879805143453101758338884 : http://localhost:1800/subscribe?product=self-hosted -> Failed to load resource: net::ERR_NAME_RESOLUTION_FAILED
2022-05-25 20:24:00 ERROR    Failure: 192000098578407187921566301909771202768 : http://localhost:1800/ -> net::ERR_NAME_RESOLUTION_FAILED
2022-05-25 20:24:00 ERROR    Failure: 94097134937905879805143453101758338884 : http://localhost:1800/ -> Failed to load resource: net::ERR_NAME_RESOLUTION_FAILED
2022-05-25 20:24:00 ERROR    Failure: 192000098578407187921566301909771202768 : http://localhost:1800/ -> net::ERR_NAME_RESOLUTION_FAILED
2022-05-25 20:24:00 ERROR    Failure: 94097134937905879805143453101758338884 : http://localhost:1800/ -> Failed to load resource: net::ERR_NAME_RESOLUTION_FAILED
2022-05-25 20:24:00 ERROR    Failure: 192000098578407187921566301909771202768 : http://localhost:1800/ -> net::ERR_NAME_RESOLUTION_FAILED
2022-05-25 20:24:00 ERROR    Failure: 94097134937905879805143453101758338884 : http://localhost:1800/ -> Failed to load resource: net::ERR_NAME_RESOLUTION_FAILED
2022-05-25 20:24:00 ERROR    Failure: 192000098578407187921566301909771202768 : http://localhost:1800/ -> net::ERR_NAME_RESOLUTION_FAILED
2022-05-25 20:24:00 ERROR    Failure: 94097134937905879805143453101758338884 : http://localhost:1800/ -> Failed to load resource: net::ERR_NAME_RESOLUTION_FAILED
2022-05-25 20:24:00 ERROR    Failure: 192000098578407187921566301909771202768 : http://localhost:1800/ -> net::ERR_NAME_RESOLUTION_FAILED
2022-05-25 20:24:00 ERROR    Failure: 94097134937905879805143453101758338884 : http://localhost:1800/ -> Failed to load resource: net::ERR_NAME_RESOLUTION_FAILED
2022-05-25 20:24:00 ERROR    Failure: 192000098578407187921566301909771202768 : http://localhost:1800/ -> net::ERR_NAME_RESOLUTION_FAILED
2022-05-25 20:24:00 ERROR    Failure: 94097134937905879805143453101758338884 : http://localhost:1800/ -> Failed to load resource: net::ERR_NAME_RESOLUTION_FAILED
2022-05-25 20:24:01 ERROR    Failure: 79839802101734943688249486384801588623 : http://localhost:1800/ -> Failed to load resource: the server responded with a status of 401 (Unauthorized)
2022-05-25 20:24:01 ERROR    Failure: 233681242693567643314746531081609967369 : http://localhost:1800/ -> status code(401) -> Not logged in
2022-05-25 20:24:12 ERROR    Failure: 192000098578407187921566301909771202768 : http://localhost:1800/login -> net::ERR_NAME_RESOLUTION_FAILED
2022-05-25 20:24:12 ERROR    Failure: 94097134937905879805143453101758338884 : http://localhost:1800/login -> Failed to load resource: net::ERR_NAME_RESOLUTION_FAILED
2022-05-25 20:24:12 ERROR    Failure: 192000098578407187921566301909771202768 : http://localhost:1800/login -> net::ERR_NAME_RESOLUTION_FAILED
2022-05-25 20:24:12 ERROR    Failure: 94097134937905879805143453101758338884 : http://localhost:1800/login -> Failed to load resource: net::ERR_NAME_RESOLUTION_FAILED
2022-05-25 20:24:12 ERROR    Failure: 192000098578407187921566301909771202768 : http://localhost:1800/login -> net::ERR_NAME_RESOLUTION_FAILED
2022-05-25 20:24:12 ERROR    Failure: 94097134937905879805143453101758338884 : http://localhost:1800/login -> Failed to load resource: net::ERR_NAME_RESOLUTION_FAILED
2022-05-25 20:24:12 ERROR    Failure: 192000098578407187921566301909771202768 : http://localhost:1800/login -> net::ERR_NAME_RESOLUTION_FAILED
2022-05-25 20:24:12 ERROR    Failure: 94097134937905879805143453101758338884 : http://localhost:1800/login -> Failed to load resource: net::ERR_NAME_RESOLUTION_FAILED
2022-05-25 20:24:12 ERROR    Failure: 192000098578407187921566301909771202768 : http://localhost:1800/login -> net::ERR_NAME_RESOLUTION_FAILED
2022-05-25 20:24:12 ERROR    Failure: 94097134937905879805143453101758338884 : http://localhost:1800/login -> Failed to load resource: net::ERR_NAME_RESOLUTION_FAILED
2022-05-25 20:24:12 ERROR    Failure: 192000098578407187921566301909771202768 : http://localhost:1800/login -> net::ERR_NAME_RESOLUTION_FAILED
2022-05-25 20:24:12 ERROR    Failure: 94097134937905879805143453101758338884 : http://localhost:1800/login -> Failed to load resource: net::ERR_NAME_RESOLUTION_FAILED
2022-05-25 20:24:12 ERROR    Failure: 79839802101734943688249486384801588623 : http://localhost:1800/login -> Failed to load resource: the server responded with a status of 401 (Unauthorized)
2022-05-25 20:24:12 ERROR    Failure: 233681242693567643314746531081609967369 : http://localhost:1800/login -> status code(401) -> Not logged in
2022-05-25 20:24:13 ERROR    Failure: 262513326802567628094931167029883077585 : http://localhost:1800/ -> net::ERR_ABORTED
2022-05-25 20:24:13 ERROR    Failure: 192000098578407187921566301909771202768 : http://localhost:1800/subscribe?product=team -> net::ERR_NAME_RESOLUTION_FAILED
2022-05-25 20:24:13 ERROR    Failure: 94097134937905879805143453101758338884 : http://localhost:1800/subscribe?product=team -> Failed to load resource: net::ERR_NAME_RESOLUTION_FAILED
2022-05-25 20:24:13 ERROR    Failure: 192000098578407187921566301909771202768 : http://localhost:1800/subscribe?product=team -> net::ERR_NAME_RESOLUTION_FAILED
2022-05-25 20:24:13 ERROR    Failure: 94097134937905879805143453101758338884 : http://localhost:1800/subscribe?product=team -> Failed to load resource: net::ERR_NAME_RESOLUTION_FAILED
2022-05-25 20:24:13 ERROR    Failure: 192000098578407187921566301909771202768 : http://localhost:1800/subscribe?product=team -> net::ERR_NAME_RESOLUTION_FAILED
2022-05-25 20:24:13 ERROR    Failure: 94097134937905879805143453101758338884 : http://localhost:1800/subscribe?product=team -> Failed to load resource: net::ERR_NAME_RESOLUTION_FAILED
2022-05-25 20:24:13 ERROR    Failure: 192000098578407187921566301909771202768 : http://localhost:1800/subscribe?product=team -> net::ERR_NAME_RESOLUTION_FAILED
2022-05-25 20:24:13 ERROR    Failure: 94097134937905879805143453101758338884 : http://localhost:1800/subscribe?product=team -> Failed to load resource: net::ERR_NAME_RESOLUTION_FAILED
2022-05-25 20:24:13 ERROR    Failure: 192000098578407187921566301909771202768 : http://localhost:1800/subscribe?product=team -> net::ERR_NAME_RESOLUTION_FAILED
2022-05-25 20:24:13 ERROR    Failure: 94097134937905879805143453101758338884 : http://localhost:1800/subscribe?product=team -> Failed to load resource: net::ERR_NAME_RESOLUTION_FAILED
2022-05-25 20:24:13 ERROR    Failure: 192000098578407187921566301909771202768 : http://localhost:1800/subscribe?product=team -> net::ERR_NAME_RESOLUTION_FAILED
2022-05-25 20:24:13 ERROR    Failure: 94097134937905879805143453101758338884 : http://localhost:1800/subscribe?product=team -> Failed to load resource: net::ERR_NAME_RESOLUTION_FAILED
2022-05-25 20:24:13 ERROR    Failure: 79839802101734943688249486384801588623 : http://localhost:1800/subscribe?product=team -> Failed to load resource: the server responded with a status of 401 (Unauthorized)
2022-05-25 20:24:13 ERROR    Failure: 192000098578407187921566301909771202768 : http://localhost:1800/subscribe?product=team -> net::ERR_NAME_RESOLUTION_FAILED
2022-05-25 20:24:13 ERROR    Failure: 94097134937905879805143453101758338884 : http://localhost:1800/subscribe?product=team -> Failed to load resource: net::ERR_NAME_RESOLUTION_FAILED
2022-05-25 20:24:13 ERROR    Failure: 233681242693567643314746531081609967369 : http://localhost:1800/subscribe?product=team -> status code(401) -> Not logged in
2022-05-25 20:24:16 ERROR    Failure: 192000098578407187921566301909771202768 : http://localhost:1800/ -> net::ERR_NAME_RESOLUTION_FAILED
2022-05-25 20:24:16 ERROR    Failure: 94097134937905879805143453101758338884 : http://localhost:1800/ -> Failed to load resource: net::ERR_NAME_RESOLUTION_FAILED
2022-05-25 20:24:16 ERROR    Failure: 192000098578407187921566301909771202768 : http://localhost:1800/ -> net::ERR_NAME_RESOLUTION_FAILED
2022-05-25 20:24:16 ERROR    Failure: 94097134937905879805143453101758338884 : http://localhost:1800/ -> Failed to load resource: net::ERR_NAME_RESOLUTION_FAILED
2022-05-25 20:24:16 ERROR    Failure: 192000098578407187921566301909771202768 : http://localhost:1800/ -> net::ERR_NAME_RESOLUTION_FAILED
2022-05-25 20:24:16 ERROR    Failure: 94097134937905879805143453101758338884 : http://localhost:1800/ -> Failed to load resource: net::ERR_NAME_RESOLUTION_FAILED
2022-05-25 20:24:16 ERROR    Failure: 192000098578407187921566301909771202768 : http://localhost:1800/ -> net::ERR_NAME_RESOLUTION_FAILED
2022-05-25 20:24:16 ERROR    Failure: 94097134937905879805143453101758338884 : http://localhost:1800/ -> Failed to load resource: net::ERR_NAME_RESOLUTION_FAILED
2022-05-25 20:24:16 ERROR    Failure: 192000098578407187921566301909771202768 : http://localhost:1800/ -> net::ERR_NAME_RESOLUTION_FAILED
2022-05-25 20:24:16 ERROR    Failure: 94097134937905879805143453101758338884 : http://localhost:1800/ -> Failed to load resource: net::ERR_NAME_RESOLUTION_FAILED
2022-05-25 20:24:16 ERROR    Failure: 192000098578407187921566301909771202768 : http://localhost:1800/ -> net::ERR_NAME_RESOLUTION_FAILED
2022-05-25 20:24:16 ERROR    Failure: 94097134937905879805143453101758338884 : http://localhost:1800/ -> Failed to load resource: net::ERR_NAME_RESOLUTION_FAILED
2022-05-25 20:24:17 ERROR    Failure: 79839802101734943688249486384801588623 : http://localhost:1800/ -> Failed to load resource: the server responded with a status of 401 (Unauthorized)
2022-05-25 20:24:17 ERROR    Failure: 233681242693567643314746531081609967369 : http://localhost:1800/ -> status code(401) -> Not logged in
2022-05-25 20:24:27 ERROR    Failure: 192000098578407187921566301909771202768 : http://localhost:1800/subscribe?product=team -> net::ERR_NAME_RESOLUTION_FAILED
2022-05-25 20:24:27 ERROR    Failure: 94097134937905879805143453101758338884 : http://localhost:1800/subscribe?product=team -> Failed to load resource: net::ERR_NAME_RESOLUTION_FAILED
2022-05-25 20:24:27 ERROR    Failure: 192000098578407187921566301909771202768 : http://localhost:1800/subscribe?product=team -> net::ERR_NAME_RESOLUTION_FAILED
2022-05-25 20:24:27 ERROR    Failure: 94097134937905879805143453101758338884 : http://localhost:1800/subscribe?product=team -> Failed to load resource: net::ERR_NAME_RESOLUTION_FAILED
2022-05-25 20:24:27 ERROR    Failure: 192000098578407187921566301909771202768 : http://localhost:1800/subscribe?product=team -> net::ERR_NAME_RESOLUTION_FAILED
2022-05-25 20:24:27 ERROR    Failure: 94097134937905879805143453101758338884 : http://localhost:1800/subscribe?product=team -> Failed to load resource: net::ERR_NAME_RESOLUTION_FAILED
2022-05-25 20:24:27 ERROR    Failure: 192000098578407187921566301909771202768 : http://localhost:1800/subscribe?product=team -> net::ERR_NAME_RESOLUTION_FAILED
2022-05-25 20:24:27 ERROR    Failure: 94097134937905879805143453101758338884 : http://localhost:1800/subscribe?product=team -> Failed to load resource: net::ERR_NAME_RESOLUTION_FAILED
2022-05-25 20:24:27 ERROR    Failure: 192000098578407187921566301909771202768 : http://localhost:1800/subscribe?product=team -> net::ERR_NAME_RESOLUTION_FAILED
2022-05-25 20:24:27 ERROR    Failure: 94097134937905879805143453101758338884 : http://localhost:1800/subscribe?product=team -> Failed to load resource: net::ERR_NAME_RESOLUTION_FAILED
2022-05-25 20:24:27 ERROR    Failure: 192000098578407187921566301909771202768 : http://localhost:1800/subscribe?product=team -> net::ERR_NAME_RESOLUTION_FAILED
2022-05-25 20:24:27 ERROR    Failure: 94097134937905879805143453101758338884 : http://localhost:1800/subscribe?product=team -> Failed to load resource: net::ERR_NAME_RESOLUTION_FAILED
2022-05-25 20:24:27 ERROR    Failure: 79839802101734943688249486384801588623 : http://localhost:1800/subscribe?product=team -> Failed to load resource: the server responded with a status of 401 (Unauthorized)
2022-05-25 20:24:27 ERROR    Failure: 233681242693567643314746531081609967369 : http://localhost:1800/subscribe?product=team -> status code(401) -> Not logged in
2022-05-25 20:24:27 ERROR    Failure: 192000098578407187921566301909771202768 : http://localhost:1800/subscribe?product=team -> net::ERR_NAME_RESOLUTION_FAILED
2022-05-25 20:24:27 ERROR    Failure: 94097134937905879805143453101758338884 : http://localhost:1800/subscribe?product=team -> Failed to load resource: net::ERR_NAME_RESOLUTION_FAILED
2022-05-25 20:24:30 ERROR    Failure: 192000098578407187921566301909771202768 : http://localhost:1800/ -> net::ERR_NAME_RESOLUTION_FAILED
2022-05-25 20:24:30 ERROR    Failure: 94097134937905879805143453101758338884 : http://localhost:1800/ -> Failed to load resource: net::ERR_NAME_RESOLUTION_FAILED
2022-05-25 20:24:30 ERROR    Failure: 192000098578407187921566301909771202768 : http://localhost:1800/ -> net::ERR_NAME_RESOLUTION_FAILED
2022-05-25 20:24:30 ERROR    Failure: 94097134937905879805143453101758338884 : http://localhost:1800/ -> Failed to load resource: net::ERR_NAME_RESOLUTION_FAILED
2022-05-25 20:24:30 ERROR    Failure: 192000098578407187921566301909771202768 : http://localhost:1800/ -> net::ERR_NAME_RESOLUTION_FAILED
2022-05-25 20:24:30 ERROR    Failure: 94097134937905879805143453101758338884 : http://localhost:1800/ -> Failed to load resource: net::ERR_NAME_RESOLUTION_FAILED
2022-05-25 20:24:30 ERROR    Failure: 192000098578407187921566301909771202768 : http://localhost:1800/ -> net::ERR_NAME_RESOLUTION_FAILED
2022-05-25 20:24:30 ERROR    Failure: 94097134937905879805143453101758338884 : http://localhost:1800/ -> Failed to load resource: net::ERR_NAME_RESOLUTION_FAILED
2022-05-25 20:24:30 ERROR    Failure: 192000098578407187921566301909771202768 : http://localhost:1800/ -> net::ERR_NAME_RESOLUTION_FAILED
2022-05-25 20:24:30 ERROR    Failure: 94097134937905879805143453101758338884 : http://localhost:1800/ -> Failed to load resource: net::ERR_NAME_RESOLUTION_FAILED
2022-05-25 20:24:30 ERROR    Failure: 192000098578407187921566301909771202768 : http://localhost:1800/ -> net::ERR_NAME_RESOLUTION_FAILED
2022-05-25 20:24:30 ERROR    Failure: 94097134937905879805143453101758338884 : http://localhost:1800/ -> Failed to load resource: net::ERR_NAME_RESOLUTION_FAILED
2022-05-25 20:24:31 ERROR    Failure: 79839802101734943688249486384801588623 : http://localhost:1800/ -> Failed to load resource: the server responded with a status of 401 (Unauthorized)
2022-05-25 20:24:31 ERROR    Failure: 233681242693567643314746531081609967369 : http://localhost:1800/ -> status code(401) -> Not logged in
2022-05-25 20:24:41 ERROR    Failure: 192000098578407187921566301909771202768 : http://localhost:1800/login -> net::ERR_NAME_RESOLUTION_FAILED
2022-05-25 20:24:41 ERROR    Failure: 94097134937905879805143453101758338884 : http://localhost:1800/login -> Failed to load resource: net::ERR_NAME_RESOLUTION_FAILED
2022-05-25 20:24:41 ERROR    Failure: 192000098578407187921566301909771202768 : http://localhost:1800/login -> net::ERR_NAME_RESOLUTION_FAILED
2022-05-25 20:24:41 ERROR    Failure: 94097134937905879805143453101758338884 : http://localhost:1800/login -> Failed to load resource: net::ERR_NAME_RESOLUTION_FAILED
2022-05-25 20:24:41 ERROR    Failure: 192000098578407187921566301909771202768 : http://localhost:1800/login -> net::ERR_NAME_RESOLUTION_FAILED
2022-05-25 20:24:41 ERROR    Failure: 94097134937905879805143453101758338884 : http://localhost:1800/login -> Failed to load resource: net::ERR_NAME_RESOLUTION_FAILED
2022-05-25 20:24:41 ERROR    Failure: 192000098578407187921566301909771202768 : http://localhost:1800/login -> net::ERR_NAME_RESOLUTION_FAILED
2022-05-25 20:24:41 ERROR    Failure: 94097134937905879805143453101758338884 : http://localhost:1800/login -> Failed to load resource: net::ERR_NAME_RESOLUTION_FAILED
2022-05-25 20:24:41 ERROR    Failure: 192000098578407187921566301909771202768 : http://localhost:1800/login -> net::ERR_NAME_RESOLUTION_FAILED
2022-05-25 20:24:41 ERROR    Failure: 94097134937905879805143453101758338884 : http://localhost:1800/login -> Failed to load resource: net::ERR_NAME_RESOLUTION_FAILED
2022-05-25 20:24:41 ERROR    Failure: 192000098578407187921566301909771202768 : http://localhost:1800/login -> net::ERR_NAME_RESOLUTION_FAILED
2022-05-25 20:24:41 ERROR    Failure: 94097134937905879805143453101758338884 : http://localhost:1800/login -> Failed to load resource: net::ERR_NAME_RESOLUTION_FAILED
2022-05-25 20:24:41 ERROR    Failure: 79839802101734943688249486384801588623 : http://localhost:1800/login -> Failed to load resource: the server responded with a status of 401 (Unauthorized)
2022-05-25 20:24:41 ERROR    Failure: 233681242693567643314746531081609967369 : http://localhost:1800/login -> status code(401) -> Not logged in
2022-05-25 20:24:41 ERROR    Failure: 262513326802567628094931167029883077585 : http://localhost:1800/ -> net::ERR_ABORTED
2022-05-25 20:24:43 ERROR    Failure: 262513326802567628094931167029883077585 : http://localhost:1800/ -> net::ERR_ABORTED
2022-05-25 20:24:43 ERROR    Failure: 192000098578407187921566301909771202768 : http://localhost:1800/subscribe?product=team -> net::ERR_NAME_RESOLUTION_FAILED
2022-05-25 20:24:43 ERROR    Failure: 94097134937905879805143453101758338884 : http://localhost:1800/subscribe?product=team -> Failed to load resource: net::ERR_NAME_RESOLUTION_FAILED
2022-05-25 20:24:43 ERROR    Failure: 192000098578407187921566301909771202768 : http://localhost:1800/subscribe?product=team -> net::ERR_NAME_RESOLUTION_FAILED
2022-05-25 20:24:43 ERROR    Failure: 94097134937905879805143453101758338884 : http://localhost:1800/subscribe?product=team -> Failed to load resource: net::ERR_NAME_RESOLUTION_FAILED
2022-05-25 20:24:43 ERROR    Failure: 192000098578407187921566301909771202768 : http://localhost:1800/subscribe?product=team -> net::ERR_NAME_RESOLUTION_FAILED
2022-05-25 20:24:43 ERROR    Failure: 94097134937905879805143453101758338884 : http://localhost:1800/subscribe?product=team -> Failed to load resource: net::ERR_NAME_RESOLUTION_FAILED
2022-05-25 20:24:43 ERROR    Failure: 192000098578407187921566301909771202768 : http://localhost:1800/subscribe?product=team -> net::ERR_NAME_RESOLUTION_FAILED
2022-05-25 20:24:43 ERROR    Failure: 94097134937905879805143453101758338884 : http://localhost:1800/subscribe?product=team -> Failed to load resource: net::ERR_NAME_RESOLUTION_FAILED
2022-05-25 20:24:43 ERROR    Failure: 192000098578407187921566301909771202768 : http://localhost:1800/subscribe?product=team -> net::ERR_NAME_RESOLUTION_FAILED
2022-05-25 20:24:43 ERROR    Failure: 94097134937905879805143453101758338884 : http://localhost:1800/subscribe?product=team -> Failed to load resource: net::ERR_NAME_RESOLUTION_FAILED
2022-05-25 20:24:43 ERROR    Failure: 192000098578407187921566301909771202768 : http://localhost:1800/subscribe?product=team -> net::ERR_NAME_RESOLUTION_FAILED
2022-05-25 20:24:43 ERROR    Failure: 94097134937905879805143453101758338884 : http://localhost:1800/subscribe?product=team -> Failed to load resource: net::ERR_NAME_RESOLUTION_FAILED
2022-05-25 20:24:43 ERROR    Failure: 79839802101734943688249486384801588623 : http://localhost:1800/subscribe?product=team -> Failed to load resource: the server responded with a status of 401 (Unauthorized)
2022-05-25 20:24:43 ERROR    Failure: 192000098578407187921566301909771202768 : http://localhost:1800/subscribe?product=team -> net::ERR_NAME_RESOLUTION_FAILED
2022-05-25 20:24:43 ERROR    Failure: 94097134937905879805143453101758338884 : http://localhost:1800/subscribe?product=team -> Failed to load resource: net::ERR_NAME_RESOLUTION_FAILED
2022-05-25 20:24:43 ERROR    Failure: 233681242693567643314746531081609967369 : http://localhost:1800/subscribe?product=team -> status code(401) -> Not logged in
2022-05-25 20:24:46 ERROR    Failure: 192000098578407187921566301909771202768 : http://localhost:1800/ -> net::ERR_NAME_RESOLUTION_FAILED
2022-05-25 20:24:46 ERROR    Failure: 94097134937905879805143453101758338884 : http://localhost:1800/ -> Failed to load resource: net::ERR_NAME_RESOLUTION_FAILED
2022-05-25 20:24:46 ERROR    Failure: 192000098578407187921566301909771202768 : http://localhost:1800/ -> net::ERR_NAME_RESOLUTION_FAILED
2022-05-25 20:24:46 ERROR    Failure: 94097134937905879805143453101758338884 : http://localhost:1800/ -> Failed to load resource: net::ERR_NAME_RESOLUTION_FAILED
2022-05-25 20:24:46 ERROR    Failure: 192000098578407187921566301909771202768 : http://localhost:1800/ -> net::ERR_NAME_RESOLUTION_FAILED
2022-05-25 20:24:46 ERROR    Failure: 94097134937905879805143453101758338884 : http://localhost:1800/ -> Failed to load resource: net::ERR_NAME_RESOLUTION_FAILED
2022-05-25 20:24:46 ERROR    Failure: 192000098578407187921566301909771202768 : http://localhost:1800/ -> net::ERR_NAME_RESOLUTION_FAILED
2022-05-25 20:24:46 ERROR    Failure: 94097134937905879805143453101758338884 : http://localhost:1800/ -> Failed to load resource: net::ERR_NAME_RESOLUTION_FAILED
2022-05-25 20:24:46 ERROR    Failure: 192000098578407187921566301909771202768 : http://localhost:1800/ -> net::ERR_NAME_RESOLUTION_FAILED
2022-05-25 20:24:46 ERROR    Failure: 94097134937905879805143453101758338884 : http://localhost:1800/ -> Failed to load resource: net::ERR_NAME_RESOLUTION_FAILED
2022-05-25 20:24:46 ERROR    Failure: 192000098578407187921566301909771202768 : http://localhost:1800/ -> net::ERR_NAME_RESOLUTION_FAILED
2022-05-25 20:24:46 ERROR    Failure: 94097134937905879805143453101758338884 : http://localhost:1800/ -> Failed to load resource: net::ERR_NAME_RESOLUTION_FAILED
2022-05-25 20:24:47 ERROR    Failure: 79839802101734943688249486384801588623 : http://localhost:1800/ -> Failed to load resource: the server responded with a status of 401 (Unauthorized)
2022-05-25 20:24:47 ERROR    Failure: 233681242693567643314746531081609967369 : http://localhost:1800/ -> status code(401) -> Not logged in
2022-05-25 20:24:57 ERROR    Failure: 192000098578407187921566301909771202768 : http://localhost:1800/login -> net::ERR_NAME_RESOLUTION_FAILED
2022-05-25 20:24:57 ERROR    Failure: 94097134937905879805143453101758338884 : http://localhost:1800/login -> Failed to load resource: net::ERR_NAME_RESOLUTION_FAILED
2022-05-25 20:24:57 ERROR    Failure: 192000098578407187921566301909771202768 : http://localhost:1800/login -> net::ERR_NAME_RESOLUTION_FAILED
2022-05-25 20:24:57 ERROR    Failure: 94097134937905879805143453101758338884 : http://localhost:1800/login -> Failed to load resource: net::ERR_NAME_RESOLUTION_FAILED
2022-05-25 20:24:57 ERROR    Failure: 192000098578407187921566301909771202768 : http://localhost:1800/login -> net::ERR_NAME_RESOLUTION_FAILED
2022-05-25 20:24:57 ERROR    Failure: 94097134937905879805143453101758338884 : http://localhost:1800/login -> Failed to load resource: net::ERR_NAME_RESOLUTION_FAILED
2022-05-25 20:24:57 ERROR    Failure: 192000098578407187921566301909771202768 : http://localhost:1800/login -> net::ERR_NAME_RESOLUTION_FAILED
2022-05-25 20:24:57 ERROR    Failure: 94097134937905879805143453101758338884 : http://localhost:1800/login -> Failed to load resource: net::ERR_NAME_RESOLUTION_FAILED
2022-05-25 20:24:57 ERROR    Failure: 192000098578407187921566301909771202768 : http://localhost:1800/login -> net::ERR_NAME_RESOLUTION_FAILED
2022-05-25 20:24:57 ERROR    Failure: 94097134937905879805143453101758338884 : http://localhost:1800/login -> Failed to load resource: net::ERR_NAME_RESOLUTION_FAILED
2022-05-25 20:24:57 ERROR    Failure: 192000098578407187921566301909771202768 : http://localhost:1800/login -> net::ERR_NAME_RESOLUTION_FAILED
2022-05-25 20:24:57 ERROR    Failure: 94097134937905879805143453101758338884 : http://localhost:1800/login -> Failed to load resource: net::ERR_NAME_RESOLUTION_FAILED
2022-05-25 20:24:57 ERROR    Failure: 79839802101734943688249486384801588623 : http://localhost:1800/login -> Failed to load resource: the server responded with a status of 401 (Unauthorized)
2022-05-25 20:24:57 ERROR    Failure: 233681242693567643314746531081609967369 : http://localhost:1800/login -> status code(401) -> Not logged in
2022-05-25 20:24:57 ERROR    Failure: 262513326802567628094931167029883077585 : http://localhost:1800/ -> net::ERR_ABORTED
2022-05-25 20:24:57 ERROR    Failure: 192000098578407187921566301909771202768 : http://localhost:1800/subscribe?product=self-hosted -> net::ERR_NAME_RESOLUTION_FAILED
2022-05-25 20:24:57 ERROR    Failure: 94097134937905879805143453101758338884 : http://localhost:1800/subscribe?product=self-hosted -> Failed to load resource: net::ERR_NAME_RESOLUTION_FAILED
2022-05-25 20:24:57 ERROR    Failure: 192000098578407187921566301909771202768 : http://localhost:1800/subscribe?product=self-hosted -> net::ERR_NAME_RESOLUTION_FAILED
2022-05-25 20:24:57 ERROR    Failure: 94097134937905879805143453101758338884 : http://localhost:1800/subscribe?product=self-hosted -> Failed to load resource: net::ERR_NAME_RESOLUTION_FAILED
2022-05-25 20:24:57 ERROR    Failure: 192000098578407187921566301909771202768 : http://localhost:1800/subscribe?product=self-hosted -> net::ERR_NAME_RESOLUTION_FAILED
2022-05-25 20:24:57 ERROR    Failure: 94097134937905879805143453101758338884 : http://localhost:1800/subscribe?product=self-hosted -> Failed to load resource: net::ERR_NAME_RESOLUTION_FAILED
2022-05-25 20:24:57 ERROR    Failure: 192000098578407187921566301909771202768 : http://localhost:1800/subscribe?product=self-hosted -> net::ERR_NAME_RESOLUTION_FAILED
2022-05-25 20:24:57 ERROR    Failure: 94097134937905879805143453101758338884 : http://localhost:1800/subscribe?product=self-hosted -> Failed to load resource: net::ERR_NAME_RESOLUTION_FAILED
2022-05-25 20:24:57 ERROR    Failure: 192000098578407187921566301909771202768 : http://localhost:1800/subscribe?product=self-hosted -> net::ERR_NAME_RESOLUTION_FAILED
2022-05-25 20:24:57 ERROR    Failure: 94097134937905879805143453101758338884 : http://localhost:1800/subscribe?product=self-hosted -> Failed to load resource: net::ERR_NAME_RESOLUTION_FAILED
2022-05-25 20:24:57 ERROR    Failure: 192000098578407187921566301909771202768 : http://localhost:1800/subscribe?product=self-hosted -> net::ERR_NAME_RESOLUTION_FAILED
2022-05-25 20:24:57 ERROR    Failure: 94097134937905879805143453101758338884 : http://localhost:1800/subscribe?product=self-hosted -> Failed to load resource: net::ERR_NAME_RESOLUTION_FAILED
2022-05-25 20:24:58 ERROR    Failure: 79839802101734943688249486384801588623 : http://localhost:1800/subscribe?product=self-hosted -> Failed to load resource: the server responded with a status of 401 (Unauthorized)
2022-05-25 20:24:58 ERROR    Failure: 192000098578407187921566301909771202768 : http://localhost:1800/subscribe?product=self-hosted -> net::ERR_NAME_RESOLUTION_FAILED
2022-05-25 20:24:58 ERROR    Failure: 94097134937905879805143453101758338884 : http://localhost:1800/subscribe?product=self-hosted -> Failed to load resource: net::ERR_NAME_RESOLUTION_FAILED
2022-05-25 20:24:58 ERROR    Failure: 233681242693567643314746531081609967369 : http://localhost:1800/subscribe?product=self-hosted -> status code(401) -> Not logged in
2022-05-25 20:25:02 ERROR    Failure: 192000098578407187921566301909771202768 : http://localhost:1800/ -> net::ERR_NAME_RESOLUTION_FAILED
2022-05-25 20:25:02 ERROR    Failure: 94097134937905879805143453101758338884 : http://localhost:1800/ -> Failed to load resource: net::ERR_NAME_RESOLUTION_FAILED
2022-05-25 20:25:02 ERROR    Failure: 192000098578407187921566301909771202768 : http://localhost:1800/ -> net::ERR_NAME_RESOLUTION_FAILED
2022-05-25 20:25:02 ERROR    Failure: 94097134937905879805143453101758338884 : http://localhost:1800/ -> Failed to load resource: net::ERR_NAME_RESOLUTION_FAILED
2022-05-25 20:25:02 ERROR    Failure: 192000098578407187921566301909771202768 : http://localhost:1800/ -> net::ERR_NAME_RESOLUTION_FAILED
2022-05-25 20:25:02 ERROR    Failure: 94097134937905879805143453101758338884 : http://localhost:1800/ -> Failed to load resource: net::ERR_NAME_RESOLUTION_FAILED
2022-05-25 20:25:02 ERROR    Failure: 192000098578407187921566301909771202768 : http://localhost:1800/ -> net::ERR_NAME_RESOLUTION_FAILED
2022-05-25 20:25:02 ERROR    Failure: 94097134937905879805143453101758338884 : http://localhost:1800/ -> Failed to load resource: net::ERR_NAME_RESOLUTION_FAILED
2022-05-25 20:25:02 ERROR    Failure: 192000098578407187921566301909771202768 : http://localhost:1800/ -> net::ERR_NAME_RESOLUTION_FAILED
2022-05-25 20:25:02 ERROR    Failure: 94097134937905879805143453101758338884 : http://localhost:1800/ -> Failed to load resource: net::ERR_NAME_RESOLUTION_FAILED
2022-05-25 20:25:02 ERROR    Failure: 192000098578407187921566301909771202768 : http://localhost:1800/ -> net::ERR_NAME_RESOLUTION_FAILED
2022-05-25 20:25:02 ERROR    Failure: 94097134937905879805143453101758338884 : http://localhost:1800/ -> Failed to load resource: net::ERR_NAME_RESOLUTION_FAILED
2022-05-25 20:25:03 ERROR    Failure: 79839802101734943688249486384801588623 : http://localhost:1800/ -> Failed to load resource: the server responded with a status of 401 (Unauthorized)
2022-05-25 20:25:03 ERROR    Failure: 233681242693567643314746531081609967369 : http://localhost:1800/ -> status code(401) -> Not logged in
2022-05-25 20:25:14 ERROR    Failure: 192000098578407187921566301909771202768 : http://localhost:1800/login -> net::ERR_NAME_RESOLUTION_FAILED
2022-05-25 20:25:14 ERROR    Failure: 94097134937905879805143453101758338884 : http://localhost:1800/login -> Failed to load resource: net::ERR_NAME_RESOLUTION_FAILED
2022-05-25 20:25:14 ERROR    Failure: 192000098578407187921566301909771202768 : http://localhost:1800/login -> net::ERR_NAME_RESOLUTION_FAILED
2022-05-25 20:25:14 ERROR    Failure: 94097134937905879805143453101758338884 : http://localhost:1800/login -> Failed to load resource: net::ERR_NAME_RESOLUTION_FAILED
2022-05-25 20:25:14 ERROR    Failure: 192000098578407187921566301909771202768 : http://localhost:1800/login -> net::ERR_NAME_RESOLUTION_FAILED
2022-05-25 20:25:14 ERROR    Failure: 94097134937905879805143453101758338884 : http://localhost:1800/login -> Failed to load resource: net::ERR_NAME_RESOLUTION_FAILED
2022-05-25 20:25:14 ERROR    Failure: 192000098578407187921566301909771202768 : http://localhost:1800/login -> net::ERR_NAME_RESOLUTION_FAILED
2022-05-25 20:25:14 ERROR    Failure: 94097134937905879805143453101758338884 : http://localhost:1800/login -> Failed to load resource: net::ERR_NAME_RESOLUTION_FAILED
2022-05-25 20:25:14 ERROR    Failure: 192000098578407187921566301909771202768 : http://localhost:1800/login -> net::ERR_NAME_RESOLUTION_FAILED
2022-05-25 20:25:14 ERROR    Failure: 94097134937905879805143453101758338884 : http://localhost:1800/login -> Failed to load resource: net::ERR_NAME_RESOLUTION_FAILED
2022-05-25 20:25:14 ERROR    Failure: 192000098578407187921566301909771202768 : http://localhost:1800/login -> net::ERR_NAME_RESOLUTION_FAILED
2022-05-25 20:25:14 ERROR    Failure: 94097134937905879805143453101758338884 : http://localhost:1800/login -> Failed to load resource: net::ERR_NAME_RESOLUTION_FAILED
2022-05-25 20:25:14 ERROR    Failure: 79839802101734943688249486384801588623 : http://localhost:1800/login -> Failed to load resource: the server responded with a status of 401 (Unauthorized)
2022-05-25 20:25:14 ERROR    Failure: 233681242693567643314746531081609967369 : http://localhost:1800/login -> status code(401) -> Not logged in
2022-05-25 20:25:16 ERROR    Failure: 262513326802567628094931167029883077585 : http://localhost:1800/ -> net::ERR_ABORTED
2022-05-25 20:25:16 ERROR    Failure: 192000098578407187921566301909771202768 : http://localhost:1800/subscribe?product=self-hosted -> net::ERR_NAME_RESOLUTION_FAILED
2022-05-25 20:25:16 ERROR    Failure: 94097134937905879805143453101758338884 : http://localhost:1800/subscribe?product=self-hosted -> Failed to load resource: net::ERR_NAME_RESOLUTION_FAILED
2022-05-25 20:25:16 ERROR    Failure: 192000098578407187921566301909771202768 : http://localhost:1800/subscribe?product=self-hosted -> net::ERR_NAME_RESOLUTION_FAILED
2022-05-25 20:25:16 ERROR    Failure: 94097134937905879805143453101758338884 : http://localhost:1800/subscribe?product=self-hosted -> Failed to load resource: net::ERR_NAME_RESOLUTION_FAILED
2022-05-25 20:25:16 ERROR    Failure: 192000098578407187921566301909771202768 : http://localhost:1800/subscribe?product=self-hosted -> net::ERR_NAME_RESOLUTION_FAILED
2022-05-25 20:25:16 ERROR    Failure: 94097134937905879805143453101758338884 : http://localhost:1800/subscribe?product=self-hosted -> Failed to load resource: net::ERR_NAME_RESOLUTION_FAILED
2022-05-25 20:25:16 ERROR    Failure: 192000098578407187921566301909771202768 : http://localhost:1800/subscribe?product=self-hosted -> net::ERR_NAME_RESOLUTION_FAILED
2022-05-25 20:25:16 ERROR    Failure: 94097134937905879805143453101758338884 : http://localhost:1800/subscribe?product=self-hosted -> Failed to load resource: net::ERR_NAME_RESOLUTION_FAILED
2022-05-25 20:25:16 ERROR    Failure: 192000098578407187921566301909771202768 : http://localhost:1800/subscribe?product=self-hosted -> net::ERR_NAME_RESOLUTION_FAILED
2022-05-25 20:25:16 ERROR    Failure: 94097134937905879805143453101758338884 : http://localhost:1800/subscribe?product=self-hosted -> Failed to load resource: net::ERR_NAME_RESOLUTION_FAILED
2022-05-25 20:25:16 ERROR    Failure: 192000098578407187921566301909771202768 : http://localhost:1800/subscribe?product=self-hosted -> net::ERR_NAME_RESOLUTION_FAILED
2022-05-25 20:25:16 ERROR    Failure: 94097134937905879805143453101758338884 : http://localhost:1800/subscribe?product=self-hosted -> Failed to load resource: net::ERR_NAME_RESOLUTION_FAILED
2022-05-25 20:25:16 ERROR    Failure: 79839802101734943688249486384801588623 : http://localhost:1800/subscribe?product=self-hosted -> Failed to load resource: the server responded with a status of 401 (Unauthorized)
2022-05-25 20:25:16 ERROR    Failure: 233681242693567643314746531081609967369 : http://localhost:1800/subscribe?product=self-hosted -> status code(401) -> Not logged in
2022-05-25 20:25:16 ERROR    Failure: 192000098578407187921566301909771202768 : http://localhost:1800/subscribe?product=self-hosted -> net::ERR_NAME_RESOLUTION_FAILED
2022-05-25 20:25:16 ERROR    Failure: 94097134937905879805143453101758338884 : http://localhost:1800/subscribe?product=self-hosted -> Failed to load resource: net::ERR_NAME_RESOLUTION_FAILED
2022-05-25 20:25:19 ERROR    Failure: 192000098578407187921566301909771202768 : http://localhost:1800/ -> net::ERR_NAME_RESOLUTION_FAILED
2022-05-25 20:25:19 ERROR    Failure: 94097134937905879805143453101758338884 : http://localhost:1800/ -> Failed to load resource: net::ERR_NAME_RESOLUTION_FAILED
2022-05-25 20:25:19 ERROR    Failure: 192000098578407187921566301909771202768 : http://localhost:1800/ -> net::ERR_NAME_RESOLUTION_FAILED
2022-05-25 20:25:19 ERROR    Failure: 94097134937905879805143453101758338884 : http://localhost:1800/ -> Failed to load resource: net::ERR_NAME_RESOLUTION_FAILED
2022-05-25 20:25:19 ERROR    Failure: 192000098578407187921566301909771202768 : http://localhost:1800/ -> net::ERR_NAME_RESOLUTION_FAILED
2022-05-25 20:25:19 ERROR    Failure: 94097134937905879805143453101758338884 : http://localhost:1800/ -> Failed to load resource: net::ERR_NAME_RESOLUTION_FAILED
2022-05-25 20:25:19 ERROR    Failure: 192000098578407187921566301909771202768 : http://localhost:1800/ -> net::ERR_NAME_RESOLUTION_FAILED
2022-05-25 20:25:19 ERROR    Failure: 94097134937905879805143453101758338884 : http://localhost:1800/ -> Failed to load resource: net::ERR_NAME_RESOLUTION_FAILED
2022-05-25 20:25:19 ERROR    Failure: 192000098578407187921566301909771202768 : http://localhost:1800/ -> net::ERR_NAME_RESOLUTION_FAILED
2022-05-25 20:25:19 ERROR    Failure: 94097134937905879805143453101758338884 : http://localhost:1800/ -> Failed to load resource: net::ERR_NAME_RESOLUTION_FAILED
2022-05-25 20:25:19 ERROR    Failure: 192000098578407187921566301909771202768 : http://localhost:1800/ -> net::ERR_NAME_RESOLUTION_FAILED
2022-05-25 20:25:19 ERROR    Failure: 94097134937905879805143453101758338884 : http://localhost:1800/ -> Failed to load resource: net::ERR_NAME_RESOLUTION_FAILED
2022-05-25 20:25:19 ERROR    Failure: 79839802101734943688249486384801588623 : http://localhost:1800/ -> Failed to load resource: the server responded with a status of 401 (Unauthorized)
2022-05-25 20:25:19 ERROR    Failure: 233681242693567643314746531081609967369 : http://localhost:1800/ -> status code(401) -> Not logged in
2022-05-25 20:25:29 ERROR    Failure: 192000098578407187921566301909771202768 : http://localhost:1800/login -> net::ERR_NAME_RESOLUTION_FAILED
2022-05-25 20:25:29 ERROR    Failure: 94097134937905879805143453101758338884 : http://localhost:1800/login -> Failed to load resource: net::ERR_NAME_RESOLUTION_FAILED
2022-05-25 20:25:29 ERROR    Failure: 192000098578407187921566301909771202768 : http://localhost:1800/login -> net::ERR_NAME_RESOLUTION_FAILED
2022-05-25 20:25:29 ERROR    Failure: 94097134937905879805143453101758338884 : http://localhost:1800/login -> Failed to load resource: net::ERR_NAME_RESOLUTION_FAILED
2022-05-25 20:25:29 ERROR    Failure: 192000098578407187921566301909771202768 : http://localhost:1800/login -> net::ERR_NAME_RESOLUTION_FAILED
2022-05-25 20:25:29 ERROR    Failure: 94097134937905879805143453101758338884 : http://localhost:1800/login -> Failed to load resource: net::ERR_NAME_RESOLUTION_FAILED
2022-05-25 20:25:29 ERROR    Failure: 192000098578407187921566301909771202768 : http://localhost:1800/login -> net::ERR_NAME_RESOLUTION_FAILED
2022-05-25 20:25:29 ERROR    Failure: 94097134937905879805143453101758338884 : http://localhost:1800/login -> Failed to load resource: net::ERR_NAME_RESOLUTION_FAILED
2022-05-25 20:25:29 ERROR    Failure: 192000098578407187921566301909771202768 : http://localhost:1800/login -> net::ERR_NAME_RESOLUTION_FAILED
2022-05-25 20:25:29 ERROR    Failure: 94097134937905879805143453101758338884 : http://localhost:1800/login -> Failed to load resource: net::ERR_NAME_RESOLUTION_FAILED
2022-05-25 20:25:29 ERROR    Failure: 192000098578407187921566301909771202768 : http://localhost:1800/login -> net::ERR_NAME_RESOLUTION_FAILED
2022-05-25 20:25:29 ERROR    Failure: 94097134937905879805143453101758338884 : http://localhost:1800/login -> Failed to load resource: net::ERR_NAME_RESOLUTION_FAILED
2022-05-25 20:25:29 ERROR    Failure: 79839802101734943688249486384801588623 : http://localhost:1800/login -> Failed to load resource: the server responded with a status of 401 (Unauthorized)
2022-05-25 20:25:29 ERROR    Failure: 233681242693567643314746531081609967369 : http://localhost:1800/login -> status code(401) -> Not logged in
2022-05-25 20:25:30 ERROR    Failure: 262513326802567628094931167029883077585 : http://localhost:1800/ -> net::ERR_ABORTED
2022-05-25 20:25:30 ERROR    Failure: 192000098578407187921566301909771202768 : http://localhost:1800/subscribe?product=self-hosted -> net::ERR_NAME_RESOLUTION_FAILED
2022-05-25 20:25:30 ERROR    Failure: 94097134937905879805143453101758338884 : http://localhost:1800/subscribe?product=self-hosted -> Failed to load resource: net::ERR_NAME_RESOLUTION_FAILED
2022-05-25 20:25:30 ERROR    Failure: 192000098578407187921566301909771202768 : http://localhost:1800/subscribe?product=self-hosted -> net::ERR_NAME_RESOLUTION_FAILED
2022-05-25 20:25:30 ERROR    Failure: 94097134937905879805143453101758338884 : http://localhost:1800/subscribe?product=self-hosted -> Failed to load resource: net::ERR_NAME_RESOLUTION_FAILED
2022-05-25 20:25:30 ERROR    Failure: 192000098578407187921566301909771202768 : http://localhost:1800/subscribe?product=self-hosted -> net::ERR_NAME_RESOLUTION_FAILED
2022-05-25 20:25:30 ERROR    Failure: 94097134937905879805143453101758338884 : http://localhost:1800/subscribe?product=self-hosted -> Failed to load resource: net::ERR_NAME_RESOLUTION_FAILED
2022-05-25 20:25:30 ERROR    Failure: 192000098578407187921566301909771202768 : http://localhost:1800/subscribe?product=self-hosted -> net::ERR_NAME_RESOLUTION_FAILED
2022-05-25 20:25:30 ERROR    Failure: 94097134937905879805143453101758338884 : http://localhost:1800/subscribe?product=self-hosted -> Failed to load resource: net::ERR_NAME_RESOLUTION_FAILED
2022-05-25 20:25:30 ERROR    Failure: 192000098578407187921566301909771202768 : http://localhost:1800/subscribe?product=self-hosted -> net::ERR_NAME_RESOLUTION_FAILED
2022-05-25 20:25:30 ERROR    Failure: 94097134937905879805143453101758338884 : http://localhost:1800/subscribe?product=self-hosted -> Failed to load resource: net::ERR_NAME_RESOLUTION_FAILED
2022-05-25 20:25:30 ERROR    Failure: 192000098578407187921566301909771202768 : http://localhost:1800/subscribe?product=self-hosted -> net::ERR_NAME_RESOLUTION_FAILED
2022-05-25 20:25:30 ERROR    Failure: 94097134937905879805143453101758338884 : http://localhost:1800/subscribe?product=self-hosted -> Failed to load resource: net::ERR_NAME_RESOLUTION_FAILED
2022-05-25 20:25:30 ERROR    Failure: 79839802101734943688249486384801588623 : http://localhost:1800/subscribe?product=self-hosted -> Failed to load resource: the server responded with a status of 401 (Unauthorized)
2022-05-25 20:25:30 ERROR    Failure: 233681242693567643314746531081609967369 : http://localhost:1800/subscribe?product=self-hosted -> status code(401) -> Not logged in
2022-05-25 20:25:30 ERROR    Failure: 192000098578407187921566301909771202768 : http://localhost:1800/subscribe?product=self-hosted -> net::ERR_NAME_RESOLUTION_FAILED
2022-05-25 20:25:30 ERROR    Failure: 94097134937905879805143453101758338884 : http://localhost:1800/subscribe?product=self-hosted -> Failed to load resource: net::ERR_NAME_RESOLUTION_FAILED
2022-05-25 20:25:34 WARNING  Finished
2022-05-25 20:25:35 WARNING  (Failure Count, Coverage Percentage) : (5, 68.01911201454686)
2022-05-25 20:25:35 ERROR    192000098578407187921566301909771202768 : http://localhost:1800/ -> net::ERR_NAME_RESOLUTION_FAILED
2022-05-25 20:25:35 ERROR    94097134937905879805143453101758338884 : http://localhost:1800/ -> Failed to load resource: net::ERR_NAME_RESOLUTION_FAILED
2022-05-25 20:25:35 ERROR    79839802101734943688249486384801588623 : http://localhost:1800/ -> Failed to load resource: the server responded with a status of 401 (Unauthorized)
2022-05-25 20:25:35 ERROR    233681242693567643314746531081609967369 : http://localhost:1800/ -> status code(401) -> Not logged in
2022-05-25 20:25:35 ERROR    262513326802567628094931167029883077585 : http://localhost:1800/ -> net::ERR_ABORTED
