2022-05-26 11:49:27 WARNING  Starting
2022-05-26 11:49:35 ERROR    Failure: 223684313413012242652925975724179693671 : http://localhost:4200/ -> net::ERR_CONNECTION_REFUSED
2022-05-26 11:49:35 ERROR    Failure: 46822577063395887337747847899479931724 : http://localhost:4200/ -> Failed to load resource: net::ERR_CONNECTION_REFUSED
2022-05-26 11:49:47 ERROR    Failure: 223684313413012242652925975724179693671 : http://localhost:4200/ -> net::ERR_CONNECTION_REFUSED
2022-05-26 11:49:47 ERROR    Failure: 46822577063395887337747847899479931724 : http://localhost:4200/ -> Failed to load resource: net::ERR_CONNECTION_REFUSED
2022-05-26 11:49:51 ERROR    Failure: 204148924151735858044210481229518018319 : http://localhost:4200/ -> status code(400) -> 
2022-05-26 11:49:51 ERROR    Failure: 209036318680772634052885377060412114839 : http://localhost:4200/ -> Access to XMLHttpRequest at 'https://geoip.nekudo.com/api' from origin 'http://localhost:4200' has been blocked by CORS policy: No 'Access-Control-Allow-Origin' header is present on the requested resource.
2022-05-26 11:49:51 ERROR    Failure: 116883329609946864055106810307069809545 : http://localhost:4200/ -> JSHandle@object
2022-05-26 11:49:51 ERROR    Failure: 262513326802567628094931167029883077585 : http://localhost:4200/new -> net::ERR_ABORTED
2022-05-26 11:49:55 ERROR    Failure: 223684313413012242652925975724179693671 : http://localhost:4200/ -> net::ERR_CONNECTION_REFUSED
2022-05-26 11:49:55 ERROR    Failure: 46822577063395887337747847899479931724 : http://localhost:4200/ -> Failed to load resource: net::ERR_CONNECTION_REFUSED
2022-05-26 11:49:58 ERROR    Failure: 204148924151735858044210481229518018319 : http://localhost:4200/ -> status code(400) -> 
2022-05-26 11:49:58 ERROR    Failure: 209036318680772634052885377060412114839 : http://localhost:4200/ -> Access to XMLHttpRequest at 'https://geoip.nekudo.com/api' from origin 'http://localhost:4200' has been blocked by CORS policy: No 'Access-Control-Allow-Origin' header is present on the requested resource.
2022-05-26 11:49:58 ERROR    Failure: 116883329609946864055106810307069809545 : http://localhost:4200/ -> JSHandle@object
2022-05-26 11:49:58 ERROR    Failure: 262513326802567628094931167029883077585 : http://localhost:4200/new -> net::ERR_ABORTED
2022-05-26 11:50:04 ERROR    Failure: 223684313413012242652925975724179693671 : http://localhost:4200/ -> net::ERR_CONNECTION_REFUSED
2022-05-26 11:50:04 ERROR    Failure: 46822577063395887337747847899479931724 : http://localhost:4200/ -> Failed to load resource: net::ERR_CONNECTION_REFUSED
2022-05-26 11:50:06 ERROR    Failure: 204148924151735858044210481229518018319 : http://localhost:4200/ -> status code(400) -> 
2022-05-26 11:50:07 ERROR    Failure: 209036318680772634052885377060412114839 : http://localhost:4200/ -> Access to XMLHttpRequest at 'https://geoip.nekudo.com/api' from origin 'http://localhost:4200' has been blocked by CORS policy: No 'Access-Control-Allow-Origin' header is present on the requested resource.
2022-05-26 11:50:07 ERROR    Failure: 116883329609946864055106810307069809545 : http://localhost:4200/ -> JSHandle@object
2022-05-26 11:50:07 ERROR    Failure: 262513326802567628094931167029883077585 : http://localhost:4200/new -> net::ERR_ABORTED
2022-05-26 11:50:13 ERROR    Failure: 223684313413012242652925975724179693671 : http://localhost:4200/ -> net::ERR_CONNECTION_REFUSED
2022-05-26 11:50:13 ERROR    Failure: 46822577063395887337747847899479931724 : http://localhost:4200/ -> Failed to load resource: net::ERR_CONNECTION_REFUSED
2022-05-26 11:50:16 ERROR    Failure: 204148924151735858044210481229518018319 : http://localhost:4200/ -> status code(400) -> 
2022-05-26 11:50:17 ERROR    Failure: 209036318680772634052885377060412114839 : http://localhost:4200/ -> Access to XMLHttpRequest at 'https://geoip.nekudo.com/api' from origin 'http://localhost:4200' has been blocked by CORS policy: No 'Access-Control-Allow-Origin' header is present on the requested resource.
2022-05-26 11:50:17 ERROR    Failure: 116883329609946864055106810307069809545 : http://localhost:4200/ -> JSHandle@object
2022-05-26 11:50:17 ERROR    Failure: 262513326802567628094931167029883077585 : http://localhost:4200/new -> net::ERR_ABORTED
2022-05-26 11:50:20 ERROR    Failure: 223684313413012242652925975724179693671 : http://localhost:4200/ -> net::ERR_CONNECTION_REFUSED
2022-05-26 11:50:20 ERROR    Failure: 46822577063395887337747847899479931724 : http://localhost:4200/ -> Failed to load resource: net::ERR_CONNECTION_REFUSED
2022-05-26 11:50:31 ERROR    Failure: 223684313413012242652925975724179693671 : http://localhost:4200/ -> net::ERR_CONNECTION_REFUSED
2022-05-26 11:50:31 ERROR    Failure: 46822577063395887337747847899479931724 : http://localhost:4200/ -> Failed to load resource: net::ERR_CONNECTION_REFUSED
2022-05-26 11:50:36 ERROR    Failure: 204148924151735858044210481229518018319 : http://localhost:4200/ -> status code(400) -> 
2022-05-26 11:50:37 ERROR    Failure: 209036318680772634052885377060412114839 : http://localhost:4200/ -> Access to XMLHttpRequest at 'https://geoip.nekudo.com/api' from origin 'http://localhost:4200' has been blocked by CORS policy: No 'Access-Control-Allow-Origin' header is present on the requested resource.
2022-05-26 11:50:37 ERROR    Failure: 116883329609946864055106810307069809545 : http://localhost:4200/ -> JSHandle@object
2022-05-26 11:50:37 ERROR    Failure: 262513326802567628094931167029883077585 : http://localhost:4200/new -> net::ERR_ABORTED
2022-05-26 11:50:38 ERROR    Failure: 223684313413012242652925975724179693671 : http://localhost:4200/ -> net::ERR_CONNECTION_REFUSED
2022-05-26 11:50:38 ERROR    Failure: 46822577063395887337747847899479931724 : http://localhost:4200/ -> Failed to load resource: net::ERR_CONNECTION_REFUSED
2022-05-26 11:50:41 ERROR    Failure: 204148924151735858044210481229518018319 : http://localhost:4200/ -> status code(400) -> 
2022-05-26 11:50:41 ERROR    Failure: 209036318680772634052885377060412114839 : http://localhost:4200/ -> Access to XMLHttpRequest at 'https://geoip.nekudo.com/api' from origin 'http://localhost:4200' has been blocked by CORS policy: No 'Access-Control-Allow-Origin' header is present on the requested resource.
2022-05-26 11:50:41 ERROR    Failure: 116883329609946864055106810307069809545 : http://localhost:4200/ -> JSHandle@object
2022-05-26 11:50:41 ERROR    Failure: 262513326802567628094931167029883077585 : http://localhost:4200/new -> net::ERR_ABORTED
2022-05-26 11:50:46 ERROR    Failure: 223684313413012242652925975724179693671 : http://localhost:4200/ -> net::ERR_CONNECTION_REFUSED
2022-05-26 11:50:46 ERROR    Failure: 46822577063395887337747847899479931724 : http://localhost:4200/ -> Failed to load resource: net::ERR_CONNECTION_REFUSED
2022-05-26 11:50:58 ERROR    Failure: 223684313413012242652925975724179693671 : http://localhost:4200/ -> net::ERR_CONNECTION_REFUSED
2022-05-26 11:50:58 ERROR    Failure: 46822577063395887337747847899479931724 : http://localhost:4200/ -> Failed to load resource: net::ERR_CONNECTION_REFUSED
2022-05-26 11:51:01 ERROR    Failure: 204148924151735858044210481229518018319 : http://localhost:4200/ -> status code(400) -> 
2022-05-26 11:51:01 ERROR    Failure: 209036318680772634052885377060412114839 : http://localhost:4200/ -> Access to XMLHttpRequest at 'https://geoip.nekudo.com/api' from origin 'http://localhost:4200' has been blocked by CORS policy: No 'Access-Control-Allow-Origin' header is present on the requested resource.
2022-05-26 11:51:01 ERROR    Failure: 116883329609946864055106810307069809545 : http://localhost:4200/ -> JSHandle@object
2022-05-26 11:51:01 ERROR    Failure: 262513326802567628094931167029883077585 : http://localhost:4200/new -> net::ERR_ABORTED
2022-05-26 11:51:03 ERROR    Failure: 223684313413012242652925975724179693671 : http://localhost:4200/ -> net::ERR_CONNECTION_REFUSED
2022-05-26 11:51:03 ERROR    Failure: 46822577063395887337747847899479931724 : http://localhost:4200/ -> Failed to load resource: net::ERR_CONNECTION_REFUSED
2022-05-26 11:51:07 ERROR    Failure: 204148924151735858044210481229518018319 : http://localhost:4200/ -> status code(400) -> 
2022-05-26 11:51:07 ERROR    Failure: 209036318680772634052885377060412114839 : http://localhost:4200/ -> Access to XMLHttpRequest at 'https://geoip.nekudo.com/api' from origin 'http://localhost:4200' has been blocked by CORS policy: No 'Access-Control-Allow-Origin' header is present on the requested resource.
2022-05-26 11:51:07 ERROR    Failure: 116883329609946864055106810307069809545 : http://localhost:4200/ -> JSHandle@object
2022-05-26 11:51:07 ERROR    Failure: 262513326802567628094931167029883077585 : http://localhost:4200/new -> net::ERR_ABORTED
2022-05-26 11:51:12 ERROR    Failure: 223684313413012242652925975724179693671 : http://localhost:4200/ -> net::ERR_CONNECTION_REFUSED
2022-05-26 11:51:12 ERROR    Failure: 46822577063395887337747847899479931724 : http://localhost:4200/ -> Failed to load resource: net::ERR_CONNECTION_REFUSED
2022-05-26 11:51:24 ERROR    Failure: 223684313413012242652925975724179693671 : http://localhost:4200/ -> net::ERR_CONNECTION_REFUSED
2022-05-26 11:51:24 ERROR    Failure: 46822577063395887337747847899479931724 : http://localhost:4200/ -> Failed to load resource: net::ERR_CONNECTION_REFUSED
2022-05-26 11:51:28 ERROR    Failure: 204148924151735858044210481229518018319 : http://localhost:4200/ -> status code(400) -> 
2022-05-26 11:51:29 ERROR    Failure: 209036318680772634052885377060412114839 : http://localhost:4200/ -> Access to XMLHttpRequest at 'https://geoip.nekudo.com/api' from origin 'http://localhost:4200' has been blocked by CORS policy: No 'Access-Control-Allow-Origin' header is present on the requested resource.
2022-05-26 11:51:29 ERROR    Failure: 116883329609946864055106810307069809545 : http://localhost:4200/ -> JSHandle@object
2022-05-26 11:51:29 ERROR    Failure: 262513326802567628094931167029883077585 : http://localhost:4200/new -> net::ERR_ABORTED
2022-05-26 11:51:32 ERROR    Failure: 223684313413012242652925975724179693671 : http://localhost:4200/ -> net::ERR_CONNECTION_REFUSED
2022-05-26 11:51:32 ERROR    Failure: 46822577063395887337747847899479931724 : http://localhost:4200/ -> Failed to load resource: net::ERR_CONNECTION_REFUSED
2022-05-26 11:51:34 ERROR    Failure: 204148924151735858044210481229518018319 : http://localhost:4200/ -> status code(400) -> 
2022-05-26 11:51:34 ERROR    Failure: 209036318680772634052885377060412114839 : http://localhost:4200/ -> Access to XMLHttpRequest at 'https://geoip.nekudo.com/api' from origin 'http://localhost:4200' has been blocked by CORS policy: No 'Access-Control-Allow-Origin' header is present on the requested resource.
2022-05-26 11:51:34 ERROR    Failure: 116883329609946864055106810307069809545 : http://localhost:4200/ -> JSHandle@object
2022-05-26 11:51:35 ERROR    Failure: 262513326802567628094931167029883077585 : http://localhost:4200/new -> net::ERR_ABORTED
2022-05-26 11:51:39 ERROR    Failure: 223684313413012242652925975724179693671 : http://localhost:4200/ -> net::ERR_CONNECTION_REFUSED
2022-05-26 11:51:39 ERROR    Failure: 46822577063395887337747847899479931724 : http://localhost:4200/ -> Failed to load resource: net::ERR_CONNECTION_REFUSED
2022-05-26 11:51:43 ERROR    Failure: 204148924151735858044210481229518018319 : http://localhost:4200/ -> status code(400) -> 
2022-05-26 11:51:43 ERROR    Failure: 209036318680772634052885377060412114839 : http://localhost:4200/ -> Access to XMLHttpRequest at 'https://geoip.nekudo.com/api' from origin 'http://localhost:4200' has been blocked by CORS policy: No 'Access-Control-Allow-Origin' header is present on the requested resource.
2022-05-26 11:51:43 ERROR    Failure: 116883329609946864055106810307069809545 : http://localhost:4200/ -> JSHandle@object
2022-05-26 11:51:43 ERROR    Failure: 262513326802567628094931167029883077585 : http://localhost:4200/new -> net::ERR_ABORTED
2022-05-26 11:51:47 ERROR    Failure: 223684313413012242652925975724179693671 : http://localhost:4200/ -> net::ERR_CONNECTION_REFUSED
2022-05-26 11:51:47 ERROR    Failure: 46822577063395887337747847899479931724 : http://localhost:4200/ -> Failed to load resource: net::ERR_CONNECTION_REFUSED
2022-05-26 11:51:51 ERROR    Failure: 204148924151735858044210481229518018319 : http://localhost:4200/ -> status code(400) -> 
2022-05-26 11:51:52 ERROR    Failure: 209036318680772634052885377060412114839 : http://localhost:4200/ -> Access to XMLHttpRequest at 'https://geoip.nekudo.com/api' from origin 'http://localhost:4200' has been blocked by CORS policy: No 'Access-Control-Allow-Origin' header is present on the requested resource.
2022-05-26 11:51:52 ERROR    Failure: 116883329609946864055106810307069809545 : http://localhost:4200/ -> JSHandle@object
2022-05-26 11:51:52 ERROR    Failure: 262513326802567628094931167029883077585 : http://localhost:4200/new -> net::ERR_ABORTED
2022-05-26 11:51:55 ERROR    Failure: 223684313413012242652925975724179693671 : http://localhost:4200/ -> net::ERR_CONNECTION_REFUSED
2022-05-26 11:51:55 ERROR    Failure: 46822577063395887337747847899479931724 : http://localhost:4200/ -> Failed to load resource: net::ERR_CONNECTION_REFUSED
2022-05-26 11:51:58 ERROR    Failure: 204148924151735858044210481229518018319 : http://localhost:4200/ -> status code(400) -> 
2022-05-26 11:51:59 ERROR    Failure: 209036318680772634052885377060412114839 : http://localhost:4200/ -> Access to XMLHttpRequest at 'https://geoip.nekudo.com/api' from origin 'http://localhost:4200' has been blocked by CORS policy: No 'Access-Control-Allow-Origin' header is present on the requested resource.
2022-05-26 11:51:59 ERROR    Failure: 116883329609946864055106810307069809545 : http://localhost:4200/ -> JSHandle@object
2022-05-26 11:51:59 ERROR    Failure: 262513326802567628094931167029883077585 : http://localhost:4200/new -> net::ERR_ABORTED
2022-05-26 11:52:03 ERROR    Failure: 223684313413012242652925975724179693671 : http://localhost:4200/ -> net::ERR_CONNECTION_REFUSED
2022-05-26 11:52:03 ERROR    Failure: 46822577063395887337747847899479931724 : http://localhost:4200/ -> Failed to load resource: net::ERR_CONNECTION_REFUSED
2022-05-26 11:52:05 ERROR    Failure: 204148924151735858044210481229518018319 : http://localhost:4200/ -> status code(400) -> 
2022-05-26 11:52:05 ERROR    Failure: 209036318680772634052885377060412114839 : http://localhost:4200/ -> Access to XMLHttpRequest at 'https://geoip.nekudo.com/api' from origin 'http://localhost:4200' has been blocked by CORS policy: No 'Access-Control-Allow-Origin' header is present on the requested resource.
2022-05-26 11:52:05 ERROR    Failure: 116883329609946864055106810307069809545 : http://localhost:4200/ -> JSHandle@object
2022-05-26 11:52:05 ERROR    Failure: 262513326802567628094931167029883077585 : http://localhost:4200/new -> net::ERR_ABORTED
2022-05-26 11:52:10 ERROR    Failure: 223684313413012242652925975724179693671 : http://localhost:4200/ -> net::ERR_CONNECTION_REFUSED
2022-05-26 11:52:10 ERROR    Failure: 46822577063395887337747847899479931724 : http://localhost:4200/ -> Failed to load resource: net::ERR_CONNECTION_REFUSED
2022-05-26 11:52:15 ERROR    Failure: 204148924151735858044210481229518018319 : http://localhost:4200/ -> status code(400) -> 
2022-05-26 11:52:16 ERROR    Failure: 209036318680772634052885377060412114839 : http://localhost:4200/ -> Access to XMLHttpRequest at 'https://geoip.nekudo.com/api' from origin 'http://localhost:4200' has been blocked by CORS policy: No 'Access-Control-Allow-Origin' header is present on the requested resource.
2022-05-26 11:52:16 ERROR    Failure: 116883329609946864055106810307069809545 : http://localhost:4200/ -> JSHandle@object
2022-05-26 11:52:17 ERROR    Failure: 262513326802567628094931167029883077585 : http://localhost:4200/new -> net::ERR_ABORTED
2022-05-26 11:52:19 ERROR    Failure: 223684313413012242652925975724179693671 : http://localhost:4200/ -> net::ERR_CONNECTION_REFUSED
2022-05-26 11:52:19 ERROR    Failure: 46822577063395887337747847899479931724 : http://localhost:4200/ -> Failed to load resource: net::ERR_CONNECTION_REFUSED
2022-05-26 11:52:28 ERROR    Failure: 204148924151735858044210481229518018319 : http://localhost:4200/ -> status code(400) -> 
2022-05-26 11:52:28 ERROR    Failure: 209036318680772634052885377060412114839 : http://localhost:4200/ -> Access to XMLHttpRequest at 'https://geoip.nekudo.com/api' from origin 'http://localhost:4200' has been blocked by CORS policy: No 'Access-Control-Allow-Origin' header is present on the requested resource.
2022-05-26 11:52:28 ERROR    Failure: 116883329609946864055106810307069809545 : http://localhost:4200/ -> JSHandle@object
2022-05-26 11:52:28 ERROR    Failure: 262513326802567628094931167029883077585 : http://localhost:4200/new -> net::ERR_ABORTED
2022-05-26 11:52:30 ERROR    Failure: 223684313413012242652925975724179693671 : http://localhost:4200/ -> net::ERR_CONNECTION_REFUSED
2022-05-26 11:52:30 ERROR    Failure: 46822577063395887337747847899479931724 : http://localhost:4200/ -> Failed to load resource: net::ERR_CONNECTION_REFUSED
2022-05-26 11:52:32 ERROR    Failure: 204148924151735858044210481229518018319 : http://localhost:4200/ -> status code(400) -> 
2022-05-26 11:52:33 ERROR    Failure: 209036318680772634052885377060412114839 : http://localhost:4200/ -> Access to XMLHttpRequest at 'https://geoip.nekudo.com/api' from origin 'http://localhost:4200' has been blocked by CORS policy: No 'Access-Control-Allow-Origin' header is present on the requested resource.
2022-05-26 11:52:33 ERROR    Failure: 116883329609946864055106810307069809545 : http://localhost:4200/ -> JSHandle@object
2022-05-26 11:52:33 ERROR    Failure: 262513326802567628094931167029883077585 : http://localhost:4200/new -> net::ERR_ABORTED
2022-05-26 11:52:38 ERROR    Failure: 223684313413012242652925975724179693671 : http://localhost:4200/ -> net::ERR_CONNECTION_REFUSED
2022-05-26 11:52:38 ERROR    Failure: 46822577063395887337747847899479931724 : http://localhost:4200/ -> Failed to load resource: net::ERR_CONNECTION_REFUSED
2022-05-26 11:52:40 ERROR    Failure: 204148924151735858044210481229518018319 : http://localhost:4200/ -> status code(400) -> 
2022-05-26 11:52:40 ERROR    Failure: 209036318680772634052885377060412114839 : http://localhost:4200/ -> Access to XMLHttpRequest at 'https://geoip.nekudo.com/api' from origin 'http://localhost:4200' has been blocked by CORS policy: No 'Access-Control-Allow-Origin' header is present on the requested resource.
2022-05-26 11:52:40 ERROR    Failure: 116883329609946864055106810307069809545 : http://localhost:4200/ -> JSHandle@object
2022-05-26 11:52:40 ERROR    Failure: 262513326802567628094931167029883077585 : http://localhost:4200/new -> net::ERR_ABORTED
2022-05-26 11:52:47 ERROR    Failure: 223684313413012242652925975724179693671 : http://localhost:4200/ -> net::ERR_CONNECTION_REFUSED
2022-05-26 11:52:47 ERROR    Failure: 46822577063395887337747847899479931724 : http://localhost:4200/ -> Failed to load resource: net::ERR_CONNECTION_REFUSED
2022-05-26 11:52:50 ERROR    Failure: 204148924151735858044210481229518018319 : http://localhost:4200/ -> status code(400) -> 
2022-05-26 11:52:50 ERROR    Failure: 209036318680772634052885377060412114839 : http://localhost:4200/ -> Access to XMLHttpRequest at 'https://geoip.nekudo.com/api' from origin 'http://localhost:4200' has been blocked by CORS policy: No 'Access-Control-Allow-Origin' header is present on the requested resource.
2022-05-26 11:52:50 ERROR    Failure: 116883329609946864055106810307069809545 : http://localhost:4200/ -> JSHandle@object
2022-05-26 11:52:50 ERROR    Failure: 262513326802567628094931167029883077585 : http://localhost:4200/new -> net::ERR_ABORTED
2022-05-26 11:52:55 ERROR    Failure: 223684313413012242652925975724179693671 : http://localhost:4200/ -> net::ERR_CONNECTION_REFUSED
2022-05-26 11:52:55 ERROR    Failure: 46822577063395887337747847899479931724 : http://localhost:4200/ -> Failed to load resource: net::ERR_CONNECTION_REFUSED
2022-05-26 11:52:59 ERROR    Failure: 204148924151735858044210481229518018319 : http://localhost:4200/ -> status code(400) -> 
2022-05-26 11:52:59 ERROR    Failure: 209036318680772634052885377060412114839 : http://localhost:4200/ -> Access to XMLHttpRequest at 'https://geoip.nekudo.com/api' from origin 'http://localhost:4200' has been blocked by CORS policy: No 'Access-Control-Allow-Origin' header is present on the requested resource.
2022-05-26 11:52:59 ERROR    Failure: 116883329609946864055106810307069809545 : http://localhost:4200/ -> JSHandle@object
2022-05-26 11:52:59 ERROR    Failure: 262513326802567628094931167029883077585 : http://localhost:4200/new -> net::ERR_ABORTED
2022-05-26 11:53:05 ERROR    Failure: 223684313413012242652925975724179693671 : http://localhost:4200/ -> net::ERR_CONNECTION_REFUSED
2022-05-26 11:53:05 ERROR    Failure: 46822577063395887337747847899479931724 : http://localhost:4200/ -> Failed to load resource: net::ERR_CONNECTION_REFUSED
2022-05-26 11:53:07 ERROR    Failure: 204148924151735858044210481229518018319 : http://localhost:4200/ -> status code(400) -> 
2022-05-26 11:53:08 ERROR    Failure: 209036318680772634052885377060412114839 : http://localhost:4200/ -> Access to XMLHttpRequest at 'https://geoip.nekudo.com/api' from origin 'http://localhost:4200' has been blocked by CORS policy: No 'Access-Control-Allow-Origin' header is present on the requested resource.
2022-05-26 11:53:08 ERROR    Failure: 116883329609946864055106810307069809545 : http://localhost:4200/ -> JSHandle@object
2022-05-26 11:53:08 ERROR    Failure: 262513326802567628094931167029883077585 : http://localhost:4200/new -> net::ERR_ABORTED
2022-05-26 11:53:12 ERROR    Failure: 223684313413012242652925975724179693671 : http://localhost:4200/ -> net::ERR_CONNECTION_REFUSED
2022-05-26 11:53:12 ERROR    Failure: 46822577063395887337747847899479931724 : http://localhost:4200/ -> Failed to load resource: net::ERR_CONNECTION_REFUSED
2022-05-26 11:53:18 ERROR    Failure: 204148924151735858044210481229518018319 : http://localhost:4200/ -> status code(400) -> 
2022-05-26 11:53:19 ERROR    Failure: 209036318680772634052885377060412114839 : http://localhost:4200/ -> Access to XMLHttpRequest at 'https://geoip.nekudo.com/api' from origin 'http://localhost:4200' has been blocked by CORS policy: No 'Access-Control-Allow-Origin' header is present on the requested resource.
2022-05-26 11:53:19 ERROR    Failure: 116883329609946864055106810307069809545 : http://localhost:4200/ -> JSHandle@object
2022-05-26 11:53:19 ERROR    Failure: 262513326802567628094931167029883077585 : http://localhost:4200/new -> net::ERR_ABORTED
2022-05-26 11:53:22 ERROR    Failure: 223684313413012242652925975724179693671 : http://localhost:4200/ -> net::ERR_CONNECTION_REFUSED
2022-05-26 11:53:22 ERROR    Failure: 46822577063395887337747847899479931724 : http://localhost:4200/ -> Failed to load resource: net::ERR_CONNECTION_REFUSED
2022-05-26 11:53:24 ERROR    Failure: 204148924151735858044210481229518018319 : http://localhost:4200/ -> status code(400) -> 
2022-05-26 11:53:24 ERROR    Failure: 209036318680772634052885377060412114839 : http://localhost:4200/ -> Access to XMLHttpRequest at 'https://geoip.nekudo.com/api' from origin 'http://localhost:4200' has been blocked by CORS policy: No 'Access-Control-Allow-Origin' header is present on the requested resource.
2022-05-26 11:53:24 ERROR    Failure: 116883329609946864055106810307069809545 : http://localhost:4200/ -> JSHandle@object
2022-05-26 11:53:24 ERROR    Failure: 262513326802567628094931167029883077585 : http://localhost:4200/new -> net::ERR_ABORTED
2022-05-26 11:53:32 ERROR    Failure: 223684313413012242652925975724179693671 : http://localhost:4200/ -> net::ERR_CONNECTION_REFUSED
2022-05-26 11:53:32 ERROR    Failure: 46822577063395887337747847899479931724 : http://localhost:4200/ -> Failed to load resource: net::ERR_CONNECTION_REFUSED
2022-05-26 11:53:36 ERROR    Failure: 204148924151735858044210481229518018319 : http://localhost:4200/ -> status code(400) -> 
2022-05-26 11:53:36 ERROR    Failure: 209036318680772634052885377060412114839 : http://localhost:4200/ -> Access to XMLHttpRequest at 'https://geoip.nekudo.com/api' from origin 'http://localhost:4200' has been blocked by CORS policy: No 'Access-Control-Allow-Origin' header is present on the requested resource.
2022-05-26 11:53:36 ERROR    Failure: 116883329609946864055106810307069809545 : http://localhost:4200/ -> JSHandle@object
2022-05-26 11:53:37 ERROR    Failure: 262513326802567628094931167029883077585 : http://localhost:4200/new -> net::ERR_ABORTED
2022-05-26 11:53:39 ERROR    Failure: 223684313413012242652925975724179693671 : http://localhost:4200/ -> net::ERR_CONNECTION_REFUSED
2022-05-26 11:53:39 ERROR    Failure: 46822577063395887337747847899479931724 : http://localhost:4200/ -> Failed to load resource: net::ERR_CONNECTION_REFUSED
2022-05-26 11:53:44 ERROR    Failure: 204148924151735858044210481229518018319 : http://localhost:4200/ -> status code(400) -> 
2022-05-26 11:53:44 ERROR    Failure: 209036318680772634052885377060412114839 : http://localhost:4200/ -> Access to XMLHttpRequest at 'https://geoip.nekudo.com/api' from origin 'http://localhost:4200' has been blocked by CORS policy: No 'Access-Control-Allow-Origin' header is present on the requested resource.
2022-05-26 11:53:44 ERROR    Failure: 116883329609946864055106810307069809545 : http://localhost:4200/ -> JSHandle@object
2022-05-26 11:53:45 ERROR    Failure: 262513326802567628094931167029883077585 : http://localhost:4200/new -> net::ERR_ABORTED
2022-05-26 11:53:49 ERROR    Failure: 223684313413012242652925975724179693671 : http://localhost:4200/ -> net::ERR_CONNECTION_REFUSED
2022-05-26 11:53:49 ERROR    Failure: 46822577063395887337747847899479931724 : http://localhost:4200/ -> Failed to load resource: net::ERR_CONNECTION_REFUSED
2022-05-26 11:53:51 ERROR    Failure: 204148924151735858044210481229518018319 : http://localhost:4200/ -> status code(400) -> 
2022-05-26 11:53:51 ERROR    Failure: 209036318680772634052885377060412114839 : http://localhost:4200/ -> Access to XMLHttpRequest at 'https://geoip.nekudo.com/api' from origin 'http://localhost:4200' has been blocked by CORS policy: No 'Access-Control-Allow-Origin' header is present on the requested resource.
2022-05-26 11:53:51 ERROR    Failure: 116883329609946864055106810307069809545 : http://localhost:4200/ -> JSHandle@object
2022-05-26 11:53:51 ERROR    Failure: 262513326802567628094931167029883077585 : http://localhost:4200/new -> net::ERR_ABORTED
2022-05-26 11:53:57 ERROR    Failure: 223684313413012242652925975724179693671 : http://localhost:4200/ -> net::ERR_CONNECTION_REFUSED
2022-05-26 11:53:57 ERROR    Failure: 46822577063395887337747847899479931724 : http://localhost:4200/ -> Failed to load resource: net::ERR_CONNECTION_REFUSED
2022-05-26 11:53:59 ERROR    Failure: 204148924151735858044210481229518018319 : http://localhost:4200/ -> status code(400) -> 
2022-05-26 11:54:00 ERROR    Failure: 209036318680772634052885377060412114839 : http://localhost:4200/ -> Access to XMLHttpRequest at 'https://geoip.nekudo.com/api' from origin 'http://localhost:4200' has been blocked by CORS policy: No 'Access-Control-Allow-Origin' header is present on the requested resource.
2022-05-26 11:54:00 ERROR    Failure: 116883329609946864055106810307069809545 : http://localhost:4200/ -> JSHandle@object
2022-05-26 11:54:00 ERROR    Failure: 262513326802567628094931167029883077585 : http://localhost:4200/new -> net::ERR_ABORTED
2022-05-26 11:54:06 ERROR    Failure: 223684313413012242652925975724179693671 : http://localhost:4200/ -> net::ERR_CONNECTION_REFUSED
2022-05-26 11:54:06 ERROR    Failure: 46822577063395887337747847899479931724 : http://localhost:4200/ -> Failed to load resource: net::ERR_CONNECTION_REFUSED
2022-05-26 11:54:09 ERROR    Failure: 204148924151735858044210481229518018319 : http://localhost:4200/ -> status code(400) -> 
2022-05-26 11:54:10 ERROR    Failure: 209036318680772634052885377060412114839 : http://localhost:4200/ -> Access to XMLHttpRequest at 'https://geoip.nekudo.com/api' from origin 'http://localhost:4200' has been blocked by CORS policy: No 'Access-Control-Allow-Origin' header is present on the requested resource.
2022-05-26 11:54:10 ERROR    Failure: 116883329609946864055106810307069809545 : http://localhost:4200/ -> JSHandle@object
2022-05-26 11:54:10 ERROR    Failure: 262513326802567628094931167029883077585 : http://localhost:4200/new -> net::ERR_ABORTED
2022-05-26 11:54:13 ERROR    Failure: 223684313413012242652925975724179693671 : http://localhost:4200/ -> net::ERR_CONNECTION_REFUSED
2022-05-26 11:54:13 ERROR    Failure: 46822577063395887337747847899479931724 : http://localhost:4200/ -> Failed to load resource: net::ERR_CONNECTION_REFUSED
2022-05-26 11:54:19 ERROR    Failure: 204148924151735858044210481229518018319 : http://localhost:4200/ -> status code(400) -> 
2022-05-26 11:54:19 ERROR    Failure: 209036318680772634052885377060412114839 : http://localhost:4200/ -> Access to XMLHttpRequest at 'https://geoip.nekudo.com/api' from origin 'http://localhost:4200' has been blocked by CORS policy: No 'Access-Control-Allow-Origin' header is present on the requested resource.
2022-05-26 11:54:19 ERROR    Failure: 116883329609946864055106810307069809545 : http://localhost:4200/ -> JSHandle@object
2022-05-26 11:54:19 ERROR    Failure: 262513326802567628094931167029883077585 : http://localhost:4200/new -> net::ERR_ABORTED
2022-05-26 11:54:23 ERROR    Failure: 223684313413012242652925975724179693671 : http://localhost:4200/ -> net::ERR_CONNECTION_REFUSED
2022-05-26 11:54:23 ERROR    Failure: 46822577063395887337747847899479931724 : http://localhost:4200/ -> Failed to load resource: net::ERR_CONNECTION_REFUSED
2022-05-26 11:54:28 ERROR    Failure: 204148924151735858044210481229518018319 : http://localhost:4200/ -> status code(400) -> 
2022-05-26 11:54:28 ERROR    Failure: 209036318680772634052885377060412114839 : http://localhost:4200/ -> Access to XMLHttpRequest at 'https://geoip.nekudo.com/api' from origin 'http://localhost:4200' has been blocked by CORS policy: No 'Access-Control-Allow-Origin' header is present on the requested resource.
2022-05-26 11:54:28 ERROR    Failure: 116883329609946864055106810307069809545 : http://localhost:4200/ -> JSHandle@object
2022-05-26 11:54:28 ERROR    Failure: 262513326802567628094931167029883077585 : http://localhost:4200/new -> net::ERR_ABORTED
2022-05-26 11:54:33 ERROR    Failure: 223684313413012242652925975724179693671 : http://localhost:4200/ -> net::ERR_CONNECTION_REFUSED
2022-05-26 11:54:33 ERROR    Failure: 46822577063395887337747847899479931724 : http://localhost:4200/ -> Failed to load resource: net::ERR_CONNECTION_REFUSED
2022-05-26 11:54:36 ERROR    Failure: 204148924151735858044210481229518018319 : http://localhost:4200/ -> status code(400) -> 
2022-05-26 11:54:37 ERROR    Failure: 209036318680772634052885377060412114839 : http://localhost:4200/ -> Access to XMLHttpRequest at 'https://geoip.nekudo.com/api' from origin 'http://localhost:4200' has been blocked by CORS policy: No 'Access-Control-Allow-Origin' header is present on the requested resource.
2022-05-26 11:54:37 ERROR    Failure: 116883329609946864055106810307069809545 : http://localhost:4200/ -> JSHandle@object
2022-05-26 11:54:37 ERROR    Failure: 262513326802567628094931167029883077585 : http://localhost:4200/new -> net::ERR_ABORTED
2022-05-26 11:54:41 ERROR    Failure: 223684313413012242652925975724179693671 : http://localhost:4200/ -> net::ERR_CONNECTION_REFUSED
2022-05-26 11:54:41 ERROR    Failure: 46822577063395887337747847899479931724 : http://localhost:4200/ -> Failed to load resource: net::ERR_CONNECTION_REFUSED
2022-05-26 11:54:45 ERROR    Failure: 204148924151735858044210481229518018319 : http://localhost:4200/ -> status code(400) -> 
2022-05-26 11:54:45 ERROR    Failure: 209036318680772634052885377060412114839 : http://localhost:4200/ -> Access to XMLHttpRequest at 'https://geoip.nekudo.com/api' from origin 'http://localhost:4200' has been blocked by CORS policy: No 'Access-Control-Allow-Origin' header is present on the requested resource.
2022-05-26 11:54:45 ERROR    Failure: 116883329609946864055106810307069809545 : http://localhost:4200/ -> JSHandle@object
2022-05-26 11:54:45 ERROR    Failure: 262513326802567628094931167029883077585 : http://localhost:4200/new -> net::ERR_ABORTED
2022-05-26 11:54:49 ERROR    Failure: 223684313413012242652925975724179693671 : http://localhost:4200/ -> net::ERR_CONNECTION_REFUSED
2022-05-26 11:54:49 ERROR    Failure: 46822577063395887337747847899479931724 : http://localhost:4200/ -> Failed to load resource: net::ERR_CONNECTION_REFUSED
2022-05-26 11:54:51 ERROR    Failure: 204148924151735858044210481229518018319 : http://localhost:4200/ -> status code(400) -> 
2022-05-26 11:54:52 ERROR    Failure: 209036318680772634052885377060412114839 : http://localhost:4200/ -> Access to XMLHttpRequest at 'https://geoip.nekudo.com/api' from origin 'http://localhost:4200' has been blocked by CORS policy: No 'Access-Control-Allow-Origin' header is present on the requested resource.
2022-05-26 11:54:52 ERROR    Failure: 116883329609946864055106810307069809545 : http://localhost:4200/ -> JSHandle@object
2022-05-26 11:54:52 ERROR    Failure: 262513326802567628094931167029883077585 : http://localhost:4200/new -> net::ERR_ABORTED
2022-05-26 11:54:58 ERROR    Failure: 223684313413012242652925975724179693671 : http://localhost:4200/ -> net::ERR_CONNECTION_REFUSED
2022-05-26 11:54:58 ERROR    Failure: 46822577063395887337747847899479931724 : http://localhost:4200/ -> Failed to load resource: net::ERR_CONNECTION_REFUSED
2022-05-26 11:55:04 ERROR    Failure: 204148924151735858044210481229518018319 : http://localhost:4200/ -> status code(400) -> 
2022-05-26 11:55:04 ERROR    Failure: 209036318680772634052885377060412114839 : http://localhost:4200/ -> Access to XMLHttpRequest at 'https://geoip.nekudo.com/api' from origin 'http://localhost:4200' has been blocked by CORS policy: No 'Access-Control-Allow-Origin' header is present on the requested resource.
2022-05-26 11:55:04 ERROR    Failure: 116883329609946864055106810307069809545 : http://localhost:4200/ -> JSHandle@object
2022-05-26 11:55:04 ERROR    Failure: 262513326802567628094931167029883077585 : http://localhost:4200/new -> net::ERR_ABORTED
2022-05-26 11:55:07 ERROR    Failure: 223684313413012242652925975724179693671 : http://localhost:4200/ -> net::ERR_CONNECTION_REFUSED
2022-05-26 11:55:07 ERROR    Failure: 46822577063395887337747847899479931724 : http://localhost:4200/ -> Failed to load resource: net::ERR_CONNECTION_REFUSED
2022-05-26 11:55:11 ERROR    Failure: 204148924151735858044210481229518018319 : http://localhost:4200/ -> status code(400) -> 
2022-05-26 11:55:11 ERROR    Failure: 209036318680772634052885377060412114839 : http://localhost:4200/ -> Access to XMLHttpRequest at 'https://geoip.nekudo.com/api' from origin 'http://localhost:4200' has been blocked by CORS policy: No 'Access-Control-Allow-Origin' header is present on the requested resource.
2022-05-26 11:55:11 ERROR    Failure: 116883329609946864055106810307069809545 : http://localhost:4200/ -> JSHandle@object
2022-05-26 11:55:11 ERROR    Failure: 262513326802567628094931167029883077585 : http://localhost:4200/new -> net::ERR_ABORTED
2022-05-26 11:55:17 ERROR    Failure: 223684313413012242652925975724179693671 : http://localhost:4200/ -> net::ERR_CONNECTION_REFUSED
2022-05-26 11:55:17 ERROR    Failure: 46822577063395887337747847899479931724 : http://localhost:4200/ -> Failed to load resource: net::ERR_CONNECTION_REFUSED
2022-05-26 11:55:19 ERROR    Failure: 204148924151735858044210481229518018319 : http://localhost:4200/ -> status code(400) -> 
2022-05-26 11:55:20 ERROR    Failure: 209036318680772634052885377060412114839 : http://localhost:4200/ -> Access to XMLHttpRequest at 'https://geoip.nekudo.com/api' from origin 'http://localhost:4200' has been blocked by CORS policy: No 'Access-Control-Allow-Origin' header is present on the requested resource.
2022-05-26 11:55:20 ERROR    Failure: 116883329609946864055106810307069809545 : http://localhost:4200/ -> JSHandle@object
2022-05-26 11:55:20 ERROR    Failure: 262513326802567628094931167029883077585 : http://localhost:4200/new -> net::ERR_ABORTED
2022-05-26 11:55:24 ERROR    Failure: 223684313413012242652925975724179693671 : http://localhost:4200/ -> net::ERR_CONNECTION_REFUSED
2022-05-26 11:55:24 ERROR    Failure: 46822577063395887337747847899479931724 : http://localhost:4200/ -> Failed to load resource: net::ERR_CONNECTION_REFUSED
2022-05-26 11:55:26 ERROR    Failure: 204148924151735858044210481229518018319 : http://localhost:4200/ -> status code(400) -> 
2022-05-26 11:55:27 ERROR    Failure: 209036318680772634052885377060412114839 : http://localhost:4200/ -> Access to XMLHttpRequest at 'https://geoip.nekudo.com/api' from origin 'http://localhost:4200' has been blocked by CORS policy: No 'Access-Control-Allow-Origin' header is present on the requested resource.
2022-05-26 11:55:27 ERROR    Failure: 116883329609946864055106810307069809545 : http://localhost:4200/ -> JSHandle@object
2022-05-26 11:55:27 ERROR    Failure: 262513326802567628094931167029883077585 : http://localhost:4200/new -> net::ERR_ABORTED
2022-05-26 11:55:31 ERROR    Failure: 223684313413012242652925975724179693671 : http://localhost:4200/ -> net::ERR_CONNECTION_REFUSED
2022-05-26 11:55:31 ERROR    Failure: 46822577063395887337747847899479931724 : http://localhost:4200/ -> Failed to load resource: net::ERR_CONNECTION_REFUSED
2022-05-26 11:55:35 ERROR    Failure: 204148924151735858044210481229518018319 : http://localhost:4200/ -> status code(400) -> 
2022-05-26 11:55:35 ERROR    Failure: 209036318680772634052885377060412114839 : http://localhost:4200/ -> Access to XMLHttpRequest at 'https://geoip.nekudo.com/api' from origin 'http://localhost:4200' has been blocked by CORS policy: No 'Access-Control-Allow-Origin' header is present on the requested resource.
2022-05-26 11:55:35 ERROR    Failure: 116883329609946864055106810307069809545 : http://localhost:4200/ -> JSHandle@object
2022-05-26 11:55:36 ERROR    Failure: 262513326802567628094931167029883077585 : http://localhost:4200/new -> net::ERR_ABORTED
2022-05-26 11:55:39 ERROR    Failure: 223684313413012242652925975724179693671 : http://localhost:4200/ -> net::ERR_CONNECTION_REFUSED
2022-05-26 11:55:39 ERROR    Failure: 46822577063395887337747847899479931724 : http://localhost:4200/ -> Failed to load resource: net::ERR_CONNECTION_REFUSED
2022-05-26 11:55:42 ERROR    Failure: 204148924151735858044210481229518018319 : http://localhost:4200/ -> status code(400) -> 
2022-05-26 11:55:43 ERROR    Failure: 209036318680772634052885377060412114839 : http://localhost:4200/ -> Access to XMLHttpRequest at 'https://geoip.nekudo.com/api' from origin 'http://localhost:4200' has been blocked by CORS policy: No 'Access-Control-Allow-Origin' header is present on the requested resource.
2022-05-26 11:55:43 ERROR    Failure: 116883329609946864055106810307069809545 : http://localhost:4200/ -> JSHandle@object
2022-05-26 11:55:43 ERROR    Failure: 262513326802567628094931167029883077585 : http://localhost:4200/new -> net::ERR_ABORTED
2022-05-26 11:55:48 ERROR    Failure: 223684313413012242652925975724179693671 : http://localhost:4200/ -> net::ERR_CONNECTION_REFUSED
2022-05-26 11:55:48 ERROR    Failure: 46822577063395887337747847899479931724 : http://localhost:4200/ -> Failed to load resource: net::ERR_CONNECTION_REFUSED
2022-05-26 11:55:52 ERROR    Failure: 204148924151735858044210481229518018319 : http://localhost:4200/ -> status code(400) -> 
2022-05-26 11:55:52 ERROR    Failure: 209036318680772634052885377060412114839 : http://localhost:4200/ -> Access to XMLHttpRequest at 'https://geoip.nekudo.com/api' from origin 'http://localhost:4200' has been blocked by CORS policy: No 'Access-Control-Allow-Origin' header is present on the requested resource.
2022-05-26 11:55:52 ERROR    Failure: 116883329609946864055106810307069809545 : http://localhost:4200/ -> JSHandle@object
2022-05-26 11:55:52 ERROR    Failure: 262513326802567628094931167029883077585 : http://localhost:4200/new -> net::ERR_ABORTED
2022-05-26 11:55:57 ERROR    Failure: 223684313413012242652925975724179693671 : http://localhost:4200/ -> net::ERR_CONNECTION_REFUSED
2022-05-26 11:55:57 ERROR    Failure: 46822577063395887337747847899479931724 : http://localhost:4200/ -> Failed to load resource: net::ERR_CONNECTION_REFUSED
2022-05-26 11:55:59 ERROR    Failure: 204148924151735858044210481229518018319 : http://localhost:4200/ -> status code(400) -> 
2022-05-26 11:55:59 ERROR    Failure: 209036318680772634052885377060412114839 : http://localhost:4200/ -> Access to XMLHttpRequest at 'https://geoip.nekudo.com/api' from origin 'http://localhost:4200' has been blocked by CORS policy: No 'Access-Control-Allow-Origin' header is present on the requested resource.
2022-05-26 11:55:59 ERROR    Failure: 116883329609946864055106810307069809545 : http://localhost:4200/ -> JSHandle@object
2022-05-26 11:55:59 ERROR    Failure: 262513326802567628094931167029883077585 : http://localhost:4200/new -> net::ERR_ABORTED
2022-05-26 11:56:02 ERROR    Failure: 223684313413012242652925975724179693671 : http://localhost:4200/ -> net::ERR_CONNECTION_REFUSED
2022-05-26 11:56:02 ERROR    Failure: 46822577063395887337747847899479931724 : http://localhost:4200/ -> Failed to load resource: net::ERR_CONNECTION_REFUSED
2022-05-26 11:56:05 ERROR    Failure: 204148924151735858044210481229518018319 : http://localhost:4200/ -> status code(400) -> 
2022-05-26 11:56:05 ERROR    Failure: 209036318680772634052885377060412114839 : http://localhost:4200/ -> Access to XMLHttpRequest at 'https://geoip.nekudo.com/api' from origin 'http://localhost:4200' has been blocked by CORS policy: No 'Access-Control-Allow-Origin' header is present on the requested resource.
2022-05-26 11:56:05 ERROR    Failure: 116883329609946864055106810307069809545 : http://localhost:4200/ -> JSHandle@object
2022-05-26 11:56:05 ERROR    Failure: 262513326802567628094931167029883077585 : http://localhost:4200/new -> net::ERR_ABORTED
2022-05-26 11:56:09 ERROR    Failure: 223684313413012242652925975724179693671 : http://localhost:4200/ -> net::ERR_CONNECTION_REFUSED
2022-05-26 11:56:09 ERROR    Failure: 46822577063395887337747847899479931724 : http://localhost:4200/ -> Failed to load resource: net::ERR_CONNECTION_REFUSED
2022-05-26 11:56:13 ERROR    Failure: 204148924151735858044210481229518018319 : http://localhost:4200/ -> status code(400) -> 
2022-05-26 11:56:13 ERROR    Failure: 209036318680772634052885377060412114839 : http://localhost:4200/ -> Access to XMLHttpRequest at 'https://geoip.nekudo.com/api' from origin 'http://localhost:4200' has been blocked by CORS policy: No 'Access-Control-Allow-Origin' header is present on the requested resource.
2022-05-26 11:56:13 ERROR    Failure: 116883329609946864055106810307069809545 : http://localhost:4200/ -> JSHandle@object
2022-05-26 11:56:13 ERROR    Failure: 262513326802567628094931167029883077585 : http://localhost:4200/new -> net::ERR_ABORTED
2022-05-26 11:56:17 ERROR    Failure: 223684313413012242652925975724179693671 : http://localhost:4200/ -> net::ERR_CONNECTION_REFUSED
2022-05-26 11:56:17 ERROR    Failure: 46822577063395887337747847899479931724 : http://localhost:4200/ -> Failed to load resource: net::ERR_CONNECTION_REFUSED
2022-05-26 11:56:23 ERROR    Failure: 204148924151735858044210481229518018319 : http://localhost:4200/ -> status code(400) -> 
2022-05-26 11:56:23 ERROR    Failure: 209036318680772634052885377060412114839 : http://localhost:4200/ -> Access to XMLHttpRequest at 'https://geoip.nekudo.com/api' from origin 'http://localhost:4200' has been blocked by CORS policy: No 'Access-Control-Allow-Origin' header is present on the requested resource.
2022-05-26 11:56:23 ERROR    Failure: 116883329609946864055106810307069809545 : http://localhost:4200/ -> JSHandle@object
2022-05-26 11:56:23 ERROR    Failure: 262513326802567628094931167029883077585 : http://localhost:4200/new -> net::ERR_ABORTED
2022-05-26 11:56:24 ERROR    Failure: 223684313413012242652925975724179693671 : http://localhost:4200/ -> net::ERR_CONNECTION_REFUSED
2022-05-26 11:56:24 ERROR    Failure: 46822577063395887337747847899479931724 : http://localhost:4200/ -> Failed to load resource: net::ERR_CONNECTION_REFUSED
2022-05-26 11:56:27 ERROR    Failure: 204148924151735858044210481229518018319 : http://localhost:4200/ -> status code(400) -> 
2022-05-26 11:56:27 ERROR    Failure: 209036318680772634052885377060412114839 : http://localhost:4200/ -> Access to XMLHttpRequest at 'https://geoip.nekudo.com/api' from origin 'http://localhost:4200' has been blocked by CORS policy: No 'Access-Control-Allow-Origin' header is present on the requested resource.
2022-05-26 11:56:27 ERROR    Failure: 116883329609946864055106810307069809545 : http://localhost:4200/ -> JSHandle@object
2022-05-26 11:56:27 ERROR    Failure: 262513326802567628094931167029883077585 : http://localhost:4200/new -> net::ERR_ABORTED
2022-05-26 11:56:32 ERROR    Failure: 223684313413012242652925975724179693671 : http://localhost:4200/ -> net::ERR_CONNECTION_REFUSED
2022-05-26 11:56:32 ERROR    Failure: 46822577063395887337747847899479931724 : http://localhost:4200/ -> Failed to load resource: net::ERR_CONNECTION_REFUSED
2022-05-26 11:56:39 ERROR    Failure: 204148924151735858044210481229518018319 : http://localhost:4200/ -> status code(400) -> 
2022-05-26 11:56:40 ERROR    Failure: 209036318680772634052885377060412114839 : http://localhost:4200/ -> Access to XMLHttpRequest at 'https://geoip.nekudo.com/api' from origin 'http://localhost:4200' has been blocked by CORS policy: No 'Access-Control-Allow-Origin' header is present on the requested resource.
2022-05-26 11:56:40 ERROR    Failure: 116883329609946864055106810307069809545 : http://localhost:4200/ -> JSHandle@object
2022-05-26 11:56:40 ERROR    Failure: 262513326802567628094931167029883077585 : http://localhost:4200/new -> net::ERR_ABORTED
2022-05-26 11:56:42 ERROR    Failure: 223684313413012242652925975724179693671 : http://localhost:4200/ -> net::ERR_CONNECTION_REFUSED
2022-05-26 11:56:42 ERROR    Failure: 46822577063395887337747847899479931724 : http://localhost:4200/ -> Failed to load resource: net::ERR_CONNECTION_REFUSED
2022-05-26 11:56:45 ERROR    Failure: 204148924151735858044210481229518018319 : http://localhost:4200/ -> status code(400) -> 
2022-05-26 11:56:46 ERROR    Failure: 209036318680772634052885377060412114839 : http://localhost:4200/ -> Access to XMLHttpRequest at 'https://geoip.nekudo.com/api' from origin 'http://localhost:4200' has been blocked by CORS policy: No 'Access-Control-Allow-Origin' header is present on the requested resource.
2022-05-26 11:56:46 ERROR    Failure: 116883329609946864055106810307069809545 : http://localhost:4200/ -> JSHandle@object
2022-05-26 11:56:46 ERROR    Failure: 262513326802567628094931167029883077585 : http://localhost:4200/new -> net::ERR_ABORTED
2022-05-26 11:56:49 ERROR    Failure: 223684313413012242652925975724179693671 : http://localhost:4200/ -> net::ERR_CONNECTION_REFUSED
2022-05-26 11:56:49 ERROR    Failure: 46822577063395887337747847899479931724 : http://localhost:4200/ -> Failed to load resource: net::ERR_CONNECTION_REFUSED
2022-05-26 11:56:59 ERROR    Failure: 204148924151735858044210481229518018319 : http://localhost:4200/ -> status code(400) -> 
2022-05-26 11:56:59 ERROR    Failure: 209036318680772634052885377060412114839 : http://localhost:4200/ -> Access to XMLHttpRequest at 'https://geoip.nekudo.com/api' from origin 'http://localhost:4200' has been blocked by CORS policy: No 'Access-Control-Allow-Origin' header is present on the requested resource.
2022-05-26 11:56:59 ERROR    Failure: 116883329609946864055106810307069809545 : http://localhost:4200/ -> JSHandle@object
2022-05-26 11:56:59 ERROR    Failure: 262513326802567628094931167029883077585 : http://localhost:4200/new -> net::ERR_ABORTED
2022-05-26 11:57:01 ERROR    Failure: 223684313413012242652925975724179693671 : http://localhost:4200/ -> net::ERR_CONNECTION_REFUSED
2022-05-26 11:57:01 ERROR    Failure: 46822577063395887337747847899479931724 : http://localhost:4200/ -> Failed to load resource: net::ERR_CONNECTION_REFUSED
2022-05-26 11:57:03 ERROR    Failure: 204148924151735858044210481229518018319 : http://localhost:4200/ -> status code(400) -> 
2022-05-26 11:57:04 ERROR    Failure: 209036318680772634052885377060412114839 : http://localhost:4200/ -> Access to XMLHttpRequest at 'https://geoip.nekudo.com/api' from origin 'http://localhost:4200' has been blocked by CORS policy: No 'Access-Control-Allow-Origin' header is present on the requested resource.
2022-05-26 11:57:04 ERROR    Failure: 116883329609946864055106810307069809545 : http://localhost:4200/ -> JSHandle@object
2022-05-26 11:57:04 ERROR    Failure: 262513326802567628094931167029883077585 : http://localhost:4200/new -> net::ERR_ABORTED
2022-05-26 11:57:09 ERROR    Failure: 223684313413012242652925975724179693671 : http://localhost:4200/ -> net::ERR_CONNECTION_REFUSED
2022-05-26 11:57:09 ERROR    Failure: 46822577063395887337747847899479931724 : http://localhost:4200/ -> Failed to load resource: net::ERR_CONNECTION_REFUSED
2022-05-26 11:57:20 ERROR    Failure: 204148924151735858044210481229518018319 : http://localhost:4200/ -> status code(400) -> 
2022-05-26 11:57:20 ERROR    Failure: 209036318680772634052885377060412114839 : http://localhost:4200/ -> Access to XMLHttpRequest at 'https://geoip.nekudo.com/api' from origin 'http://localhost:4200' has been blocked by CORS policy: No 'Access-Control-Allow-Origin' header is present on the requested resource.
2022-05-26 11:57:20 ERROR    Failure: 116883329609946864055106810307069809545 : http://localhost:4200/ -> JSHandle@object
2022-05-26 11:57:20 ERROR    Failure: 262513326802567628094931167029883077585 : http://localhost:4200/new -> net::ERR_ABORTED
2022-05-26 11:57:21 ERROR    Failure: 223684313413012242652925975724179693671 : http://localhost:4200/ -> net::ERR_CONNECTION_REFUSED
2022-05-26 11:57:21 ERROR    Failure: 46822577063395887337747847899479931724 : http://localhost:4200/ -> Failed to load resource: net::ERR_CONNECTION_REFUSED
2022-05-26 11:57:23 ERROR    Failure: 204148924151735858044210481229518018319 : http://localhost:4200/ -> status code(400) -> 
2022-05-26 11:57:23 ERROR    Failure: 209036318680772634052885377060412114839 : http://localhost:4200/ -> Access to XMLHttpRequest at 'https://geoip.nekudo.com/api' from origin 'http://localhost:4200' has been blocked by CORS policy: No 'Access-Control-Allow-Origin' header is present on the requested resource.
2022-05-26 11:57:23 ERROR    Failure: 116883329609946864055106810307069809545 : http://localhost:4200/ -> JSHandle@object
2022-05-26 11:57:24 ERROR    Failure: 262513326802567628094931167029883077585 : http://localhost:4200/new -> net::ERR_ABORTED
2022-05-26 11:57:29 ERROR    Failure: 223684313413012242652925975724179693671 : http://localhost:4200/ -> net::ERR_CONNECTION_REFUSED
2022-05-26 11:57:29 ERROR    Failure: 46822577063395887337747847899479931724 : http://localhost:4200/ -> Failed to load resource: net::ERR_CONNECTION_REFUSED
2022-05-26 11:57:34 ERROR    Failure: 204148924151735858044210481229518018319 : http://localhost:4200/ -> status code(400) -> 
2022-05-26 11:57:34 ERROR    Failure: 209036318680772634052885377060412114839 : http://localhost:4200/ -> Access to XMLHttpRequest at 'https://geoip.nekudo.com/api' from origin 'http://localhost:4200' has been blocked by CORS policy: No 'Access-Control-Allow-Origin' header is present on the requested resource.
2022-05-26 11:57:34 ERROR    Failure: 116883329609946864055106810307069809545 : http://localhost:4200/ -> JSHandle@object
2022-05-26 11:57:34 ERROR    Failure: 262513326802567628094931167029883077585 : http://localhost:4200/new -> net::ERR_ABORTED
2022-05-26 11:57:37 ERROR    Failure: 223684313413012242652925975724179693671 : http://localhost:4200/ -> net::ERR_CONNECTION_REFUSED
2022-05-26 11:57:37 ERROR    Failure: 46822577063395887337747847899479931724 : http://localhost:4200/ -> Failed to load resource: net::ERR_CONNECTION_REFUSED
2022-05-26 11:57:39 ERROR    Failure: 204148924151735858044210481229518018319 : http://localhost:4200/ -> status code(400) -> 
2022-05-26 11:57:40 ERROR    Failure: 209036318680772634052885377060412114839 : http://localhost:4200/ -> Access to XMLHttpRequest at 'https://geoip.nekudo.com/api' from origin 'http://localhost:4200' has been blocked by CORS policy: No 'Access-Control-Allow-Origin' header is present on the requested resource.
2022-05-26 11:57:40 ERROR    Failure: 116883329609946864055106810307069809545 : http://localhost:4200/ -> JSHandle@object
2022-05-26 11:57:41 ERROR    Failure: 262513326802567628094931167029883077585 : http://localhost:4200/new -> net::ERR_ABORTED
2022-05-26 11:57:45 ERROR    Failure: 223684313413012242652925975724179693671 : http://localhost:4200/ -> net::ERR_CONNECTION_REFUSED
2022-05-26 11:57:45 ERROR    Failure: 46822577063395887337747847899479931724 : http://localhost:4200/ -> Failed to load resource: net::ERR_CONNECTION_REFUSED
2022-05-26 11:57:48 ERROR    Failure: 204148924151735858044210481229518018319 : http://localhost:4200/ -> status code(400) -> 
2022-05-26 11:57:49 ERROR    Failure: 209036318680772634052885377060412114839 : http://localhost:4200/ -> Access to XMLHttpRequest at 'https://geoip.nekudo.com/api' from origin 'http://localhost:4200' has been blocked by CORS policy: No 'Access-Control-Allow-Origin' header is present on the requested resource.
2022-05-26 11:57:49 ERROR    Failure: 116883329609946864055106810307069809545 : http://localhost:4200/ -> JSHandle@object
2022-05-26 11:57:49 ERROR    Failure: 262513326802567628094931167029883077585 : http://localhost:4200/new -> net::ERR_ABORTED
2022-05-26 11:57:52 ERROR    Failure: 223684313413012242652925975724179693671 : http://localhost:4200/ -> net::ERR_CONNECTION_REFUSED
2022-05-26 11:57:52 ERROR    Failure: 46822577063395887337747847899479931724 : http://localhost:4200/ -> Failed to load resource: net::ERR_CONNECTION_REFUSED
2022-05-26 11:57:56 ERROR    Failure: 204148924151735858044210481229518018319 : http://localhost:4200/ -> status code(400) -> 
2022-05-26 11:57:56 ERROR    Failure: 209036318680772634052885377060412114839 : http://localhost:4200/ -> Access to XMLHttpRequest at 'https://geoip.nekudo.com/api' from origin 'http://localhost:4200' has been blocked by CORS policy: No 'Access-Control-Allow-Origin' header is present on the requested resource.
2022-05-26 11:57:56 ERROR    Failure: 116883329609946864055106810307069809545 : http://localhost:4200/ -> JSHandle@object
2022-05-26 11:57:56 ERROR    Failure: 262513326802567628094931167029883077585 : http://localhost:4200/new -> net::ERR_ABORTED
2022-05-26 11:58:00 ERROR    Failure: 223684313413012242652925975724179693671 : http://localhost:4200/ -> net::ERR_CONNECTION_REFUSED
2022-05-26 11:58:00 ERROR    Failure: 46822577063395887337747847899479931724 : http://localhost:4200/ -> Failed to load resource: net::ERR_CONNECTION_REFUSED
2022-05-26 11:58:03 ERROR    Failure: 204148924151735858044210481229518018319 : http://localhost:4200/ -> status code(400) -> 
2022-05-26 11:58:03 ERROR    Failure: 209036318680772634052885377060412114839 : http://localhost:4200/ -> Access to XMLHttpRequest at 'https://geoip.nekudo.com/api' from origin 'http://localhost:4200' has been blocked by CORS policy: No 'Access-Control-Allow-Origin' header is present on the requested resource.
2022-05-26 11:58:03 ERROR    Failure: 116883329609946864055106810307069809545 : http://localhost:4200/ -> JSHandle@object
2022-05-26 11:58:03 ERROR    Failure: 262513326802567628094931167029883077585 : http://localhost:4200/new -> net::ERR_ABORTED
2022-05-26 11:58:10 ERROR    Failure: 223684313413012242652925975724179693671 : http://localhost:4200/ -> net::ERR_CONNECTION_REFUSED
2022-05-26 11:58:10 ERROR    Failure: 46822577063395887337747847899479931724 : http://localhost:4200/ -> Failed to load resource: net::ERR_CONNECTION_REFUSED
2022-05-26 11:58:14 ERROR    Failure: 204148924151735858044210481229518018319 : http://localhost:4200/ -> status code(400) -> 
2022-05-26 11:58:15 ERROR    Failure: 209036318680772634052885377060412114839 : http://localhost:4200/ -> Access to XMLHttpRequest at 'https://geoip.nekudo.com/api' from origin 'http://localhost:4200' has been blocked by CORS policy: No 'Access-Control-Allow-Origin' header is present on the requested resource.
2022-05-26 11:58:15 ERROR    Failure: 116883329609946864055106810307069809545 : http://localhost:4200/ -> JSHandle@object
2022-05-26 11:58:15 ERROR    Failure: 262513326802567628094931167029883077585 : http://localhost:4200/new -> net::ERR_ABORTED
2022-05-26 11:58:19 ERROR    Failure: 223684313413012242652925975724179693671 : http://localhost:4200/ -> net::ERR_CONNECTION_REFUSED
2022-05-26 11:58:19 ERROR    Failure: 46822577063395887337747847899479931724 : http://localhost:4200/ -> Failed to load resource: net::ERR_CONNECTION_REFUSED
2022-05-26 11:58:23 ERROR    Failure: 204148924151735858044210481229518018319 : http://localhost:4200/ -> status code(400) -> 
2022-05-26 11:58:24 ERROR    Failure: 209036318680772634052885377060412114839 : http://localhost:4200/ -> Access to XMLHttpRequest at 'https://geoip.nekudo.com/api' from origin 'http://localhost:4200' has been blocked by CORS policy: No 'Access-Control-Allow-Origin' header is present on the requested resource.
2022-05-26 11:58:24 ERROR    Failure: 116883329609946864055106810307069809545 : http://localhost:4200/ -> JSHandle@object
2022-05-26 11:58:24 ERROR    Failure: 262513326802567628094931167029883077585 : http://localhost:4200/new -> net::ERR_ABORTED
2022-05-26 11:58:28 ERROR    Failure: 223684313413012242652925975724179693671 : http://localhost:4200/ -> net::ERR_CONNECTION_REFUSED
2022-05-26 11:58:28 ERROR    Failure: 46822577063395887337747847899479931724 : http://localhost:4200/ -> Failed to load resource: net::ERR_CONNECTION_REFUSED
2022-05-26 11:58:32 ERROR    Failure: 204148924151735858044210481229518018319 : http://localhost:4200/ -> status code(400) -> 
2022-05-26 11:58:32 ERROR    Failure: 209036318680772634052885377060412114839 : http://localhost:4200/ -> Access to XMLHttpRequest at 'https://geoip.nekudo.com/api' from origin 'http://localhost:4200' has been blocked by CORS policy: No 'Access-Control-Allow-Origin' header is present on the requested resource.
2022-05-26 11:58:32 ERROR    Failure: 116883329609946864055106810307069809545 : http://localhost:4200/ -> JSHandle@object
2022-05-26 11:58:32 ERROR    Failure: 262513326802567628094931167029883077585 : http://localhost:4200/new -> net::ERR_ABORTED
2022-05-26 11:58:36 ERROR    Failure: 223684313413012242652925975724179693671 : http://localhost:4200/ -> net::ERR_CONNECTION_REFUSED
2022-05-26 11:58:36 ERROR    Failure: 46822577063395887337747847899479931724 : http://localhost:4200/ -> Failed to load resource: net::ERR_CONNECTION_REFUSED
2022-05-26 11:58:43 ERROR    Failure: 204148924151735858044210481229518018319 : http://localhost:4200/ -> status code(400) -> 
2022-05-26 11:58:43 ERROR    Failure: 209036318680772634052885377060412114839 : http://localhost:4200/ -> Access to XMLHttpRequest at 'https://geoip.nekudo.com/api' from origin 'http://localhost:4200' has been blocked by CORS policy: No 'Access-Control-Allow-Origin' header is present on the requested resource.
2022-05-26 11:58:43 ERROR    Failure: 116883329609946864055106810307069809545 : http://localhost:4200/ -> JSHandle@object
2022-05-26 11:58:43 ERROR    Failure: 262513326802567628094931167029883077585 : http://localhost:4200/new -> net::ERR_ABORTED
2022-05-26 11:58:45 ERROR    Failure: 223684313413012242652925975724179693671 : http://localhost:4200/ -> net::ERR_CONNECTION_REFUSED
2022-05-26 11:58:45 ERROR    Failure: 46822577063395887337747847899479931724 : http://localhost:4200/ -> Failed to load resource: net::ERR_CONNECTION_REFUSED
2022-05-26 11:58:50 ERROR    Failure: 204148924151735858044210481229518018319 : http://localhost:4200/ -> status code(400) -> 
2022-05-26 11:58:51 ERROR    Failure: 209036318680772634052885377060412114839 : http://localhost:4200/ -> Access to XMLHttpRequest at 'https://geoip.nekudo.com/api' from origin 'http://localhost:4200' has been blocked by CORS policy: No 'Access-Control-Allow-Origin' header is present on the requested resource.
2022-05-26 11:58:51 ERROR    Failure: 116883329609946864055106810307069809545 : http://localhost:4200/ -> JSHandle@object
2022-05-26 11:58:51 ERROR    Failure: 262513326802567628094931167029883077585 : http://localhost:4200/new -> net::ERR_ABORTED
2022-05-26 11:58:56 ERROR    Failure: 223684313413012242652925975724179693671 : http://localhost:4200/ -> net::ERR_CONNECTION_REFUSED
2022-05-26 11:58:56 ERROR    Failure: 46822577063395887337747847899479931724 : http://localhost:4200/ -> Failed to load resource: net::ERR_CONNECTION_REFUSED
2022-05-26 11:58:58 ERROR    Failure: 204148924151735858044210481229518018319 : http://localhost:4200/ -> status code(400) -> 
2022-05-26 11:58:59 ERROR    Failure: 209036318680772634052885377060412114839 : http://localhost:4200/ -> Access to XMLHttpRequest at 'https://geoip.nekudo.com/api' from origin 'http://localhost:4200' has been blocked by CORS policy: No 'Access-Control-Allow-Origin' header is present on the requested resource.
2022-05-26 11:58:59 ERROR    Failure: 116883329609946864055106810307069809545 : http://localhost:4200/ -> JSHandle@object
2022-05-26 11:58:59 ERROR    Failure: 262513326802567628094931167029883077585 : http://localhost:4200/new -> net::ERR_ABORTED
2022-05-26 11:59:06 ERROR    Failure: 223684313413012242652925975724179693671 : http://localhost:4200/ -> net::ERR_CONNECTION_REFUSED
2022-05-26 11:59:06 ERROR    Failure: 46822577063395887337747847899479931724 : http://localhost:4200/ -> Failed to load resource: net::ERR_CONNECTION_REFUSED
2022-05-26 11:59:08 ERROR    Failure: 204148924151735858044210481229518018319 : http://localhost:4200/ -> status code(400) -> 
2022-05-26 11:59:09 ERROR    Failure: 209036318680772634052885377060412114839 : http://localhost:4200/ -> Access to XMLHttpRequest at 'https://geoip.nekudo.com/api' from origin 'http://localhost:4200' has been blocked by CORS policy: No 'Access-Control-Allow-Origin' header is present on the requested resource.
2022-05-26 11:59:09 ERROR    Failure: 116883329609946864055106810307069809545 : http://localhost:4200/ -> JSHandle@object
2022-05-26 11:59:09 ERROR    Failure: 262513326802567628094931167029883077585 : http://localhost:4200/new -> net::ERR_ABORTED
2022-05-26 11:59:12 ERROR    Failure: 223684313413012242652925975724179693671 : http://localhost:4200/ -> net::ERR_CONNECTION_REFUSED
2022-05-26 11:59:12 ERROR    Failure: 46822577063395887337747847899479931724 : http://localhost:4200/ -> Failed to load resource: net::ERR_CONNECTION_REFUSED
2022-05-26 11:59:14 ERROR    Failure: 204148924151735858044210481229518018319 : http://localhost:4200/ -> status code(400) -> 
2022-05-26 11:59:15 ERROR    Failure: 209036318680772634052885377060412114839 : http://localhost:4200/ -> Access to XMLHttpRequest at 'https://geoip.nekudo.com/api' from origin 'http://localhost:4200' has been blocked by CORS policy: No 'Access-Control-Allow-Origin' header is present on the requested resource.
2022-05-26 11:59:15 ERROR    Failure: 116883329609946864055106810307069809545 : http://localhost:4200/ -> JSHandle@object
2022-05-26 11:59:15 ERROR    Failure: 262513326802567628094931167029883077585 : http://localhost:4200/new -> net::ERR_ABORTED
2022-05-26 11:59:19 ERROR    Failure: 223684313413012242652925975724179693671 : http://localhost:4200/ -> net::ERR_CONNECTION_REFUSED
2022-05-26 11:59:19 ERROR    Failure: 46822577063395887337747847899479931724 : http://localhost:4200/ -> Failed to load resource: net::ERR_CONNECTION_REFUSED
2022-05-26 11:59:28 ERROR    Failure: 204148924151735858044210481229518018319 : http://localhost:4200/ -> status code(400) -> 
2022-05-26 11:59:29 ERROR    Failure: 209036318680772634052885377060412114839 : http://localhost:4200/ -> Access to XMLHttpRequest at 'https://geoip.nekudo.com/api' from origin 'http://localhost:4200' has been blocked by CORS policy: No 'Access-Control-Allow-Origin' header is present on the requested resource.
2022-05-26 11:59:29 ERROR    Failure: 116883329609946864055106810307069809545 : http://localhost:4200/ -> JSHandle@object
2022-05-26 11:59:29 ERROR    Failure: 262513326802567628094931167029883077585 : http://localhost:4200/new -> net::ERR_ABORTED
2022-05-26 11:59:29 ERROR    Failure: 223684313413012242652925975724179693671 : http://localhost:4200/ -> net::ERR_CONNECTION_REFUSED
2022-05-26 11:59:29 ERROR    Failure: 46822577063395887337747847899479931724 : http://localhost:4200/ -> Failed to load resource: net::ERR_CONNECTION_REFUSED
2022-05-26 11:59:33 ERROR    Failure: 204148924151735858044210481229518018319 : http://localhost:4200/ -> status code(400) -> 
2022-05-26 11:59:35 ERROR    Failure: 209036318680772634052885377060412114839 : http://localhost:4200/ -> Access to XMLHttpRequest at 'https://geoip.nekudo.com/api' from origin 'http://localhost:4200' has been blocked by CORS policy: No 'Access-Control-Allow-Origin' header is present on the requested resource.
2022-05-26 11:59:35 ERROR    Failure: 116883329609946864055106810307069809545 : http://localhost:4200/ -> JSHandle@object
2022-05-26 11:59:35 ERROR    Failure: 262513326802567628094931167029883077585 : http://localhost:4200/new -> net::ERR_ABORTED
2022-05-26 11:59:37 ERROR    Failure: 223684313413012242652925975724179693671 : http://localhost:4200/ -> net::ERR_CONNECTION_REFUSED
2022-05-26 11:59:37 ERROR    Failure: 46822577063395887337747847899479931724 : http://localhost:4200/ -> Failed to load resource: net::ERR_CONNECTION_REFUSED
2022-05-26 11:59:40 ERROR    Failure: 204148924151735858044210481229518018319 : http://localhost:4200/ -> status code(400) -> 
2022-05-26 11:59:41 ERROR    Failure: 209036318680772634052885377060412114839 : http://localhost:4200/ -> Access to XMLHttpRequest at 'https://geoip.nekudo.com/api' from origin 'http://localhost:4200' has been blocked by CORS policy: No 'Access-Control-Allow-Origin' header is present on the requested resource.
2022-05-26 11:59:41 ERROR    Failure: 116883329609946864055106810307069809545 : http://localhost:4200/ -> JSHandle@object
2022-05-26 11:59:41 ERROR    Failure: 262513326802567628094931167029883077585 : http://localhost:4200/new -> net::ERR_ABORTED
2022-05-26 11:59:46 ERROR    Failure: 223684313413012242652925975724179693671 : http://localhost:4200/ -> net::ERR_CONNECTION_REFUSED
2022-05-26 11:59:46 ERROR    Failure: 46822577063395887337747847899479931724 : http://localhost:4200/ -> Failed to load resource: net::ERR_CONNECTION_REFUSED
2022-05-26 11:59:53 ERROR    Failure: 204148924151735858044210481229518018319 : http://localhost:4200/ -> status code(400) -> 
2022-05-26 11:59:53 ERROR    Failure: 209036318680772634052885377060412114839 : http://localhost:4200/ -> Access to XMLHttpRequest at 'https://geoip.nekudo.com/api' from origin 'http://localhost:4200' has been blocked by CORS policy: No 'Access-Control-Allow-Origin' header is present on the requested resource.
2022-05-26 11:59:53 ERROR    Failure: 116883329609946864055106810307069809545 : http://localhost:4200/ -> JSHandle@object
2022-05-26 11:59:53 ERROR    Failure: 262513326802567628094931167029883077585 : http://localhost:4200/new -> net::ERR_ABORTED
2022-05-26 11:59:54 ERROR    Failure: 223684313413012242652925975724179693671 : http://localhost:4200/ -> net::ERR_CONNECTION_REFUSED
2022-05-26 11:59:54 ERROR    Failure: 46822577063395887337747847899479931724 : http://localhost:4200/ -> Failed to load resource: net::ERR_CONNECTION_REFUSED
2022-05-26 11:59:55 ERROR    Failure: 204148924151735858044210481229518018319 : http://localhost:4200/ -> status code(400) -> 
2022-05-26 11:59:56 ERROR    Failure: 209036318680772634052885377060412114839 : http://localhost:4200/ -> Access to XMLHttpRequest at 'https://geoip.nekudo.com/api' from origin 'http://localhost:4200' has been blocked by CORS policy: No 'Access-Control-Allow-Origin' header is present on the requested resource.
2022-05-26 11:59:56 ERROR    Failure: 116883329609946864055106810307069809545 : http://localhost:4200/ -> JSHandle@object
2022-05-26 11:59:56 ERROR    Failure: 262513326802567628094931167029883077585 : http://localhost:4200/new -> net::ERR_ABORTED
2022-05-26 12:00:02 ERROR    Failure: 223684313413012242652925975724179693671 : http://localhost:4200/ -> net::ERR_CONNECTION_REFUSED
2022-05-26 12:00:02 ERROR    Failure: 46822577063395887337747847899479931724 : http://localhost:4200/ -> Failed to load resource: net::ERR_CONNECTION_REFUSED
2022-05-26 12:00:05 ERROR    Failure: 204148924151735858044210481229518018319 : http://localhost:4200/ -> status code(400) -> 
2022-05-26 12:00:06 ERROR    Failure: 209036318680772634052885377060412114839 : http://localhost:4200/ -> Access to XMLHttpRequest at 'https://geoip.nekudo.com/api' from origin 'http://localhost:4200' has been blocked by CORS policy: No 'Access-Control-Allow-Origin' header is present on the requested resource.
2022-05-26 12:00:06 ERROR    Failure: 116883329609946864055106810307069809545 : http://localhost:4200/ -> JSHandle@object
2022-05-26 12:00:06 ERROR    Failure: 262513326802567628094931167029883077585 : http://localhost:4200/new -> net::ERR_ABORTED
2022-05-26 12:00:08 ERROR    Failure: 223684313413012242652925975724179693671 : http://localhost:4200/ -> net::ERR_CONNECTION_REFUSED
2022-05-26 12:00:08 ERROR    Failure: 46822577063395887337747847899479931724 : http://localhost:4200/ -> Failed to load resource: net::ERR_CONNECTION_REFUSED
2022-05-26 12:00:10 ERROR    Failure: 204148924151735858044210481229518018319 : http://localhost:4200/ -> status code(400) -> 
2022-05-26 12:00:11 ERROR    Failure: 209036318680772634052885377060412114839 : http://localhost:4200/ -> Access to XMLHttpRequest at 'https://geoip.nekudo.com/api' from origin 'http://localhost:4200' has been blocked by CORS policy: No 'Access-Control-Allow-Origin' header is present on the requested resource.
2022-05-26 12:00:11 ERROR    Failure: 116883329609946864055106810307069809545 : http://localhost:4200/ -> JSHandle@object
2022-05-26 12:00:11 ERROR    Failure: 262513326802567628094931167029883077585 : http://localhost:4200/new -> net::ERR_ABORTED
2022-05-26 12:00:15 ERROR    Failure: 223684313413012242652925975724179693671 : http://localhost:4200/ -> net::ERR_CONNECTION_REFUSED
2022-05-26 12:00:15 ERROR    Failure: 46822577063395887337747847899479931724 : http://localhost:4200/ -> Failed to load resource: net::ERR_CONNECTION_REFUSED
2022-05-26 12:00:19 ERROR    Failure: 204148924151735858044210481229518018319 : http://localhost:4200/ -> status code(400) -> 
2022-05-26 12:00:19 ERROR    Failure: 209036318680772634052885377060412114839 : http://localhost:4200/ -> Access to XMLHttpRequest at 'https://geoip.nekudo.com/api' from origin 'http://localhost:4200' has been blocked by CORS policy: No 'Access-Control-Allow-Origin' header is present on the requested resource.
2022-05-26 12:00:19 ERROR    Failure: 116883329609946864055106810307069809545 : http://localhost:4200/ -> JSHandle@object
2022-05-26 12:00:19 ERROR    Failure: 262513326802567628094931167029883077585 : http://localhost:4200/new -> net::ERR_ABORTED
2022-05-26 12:00:25 ERROR    Failure: 223684313413012242652925975724179693671 : http://localhost:4200/ -> net::ERR_CONNECTION_REFUSED
2022-05-26 12:00:25 ERROR    Failure: 46822577063395887337747847899479931724 : http://localhost:4200/ -> Failed to load resource: net::ERR_CONNECTION_REFUSED
2022-05-26 12:00:28 ERROR    Failure: 204148924151735858044210481229518018319 : http://localhost:4200/ -> status code(400) -> 
2022-05-26 12:00:29 ERROR    Failure: 209036318680772634052885377060412114839 : http://localhost:4200/ -> Access to XMLHttpRequest at 'https://geoip.nekudo.com/api' from origin 'http://localhost:4200' has been blocked by CORS policy: No 'Access-Control-Allow-Origin' header is present on the requested resource.
2022-05-26 12:00:29 ERROR    Failure: 116883329609946864055106810307069809545 : http://localhost:4200/ -> JSHandle@object
2022-05-26 12:00:29 ERROR    Failure: 262513326802567628094931167029883077585 : http://localhost:4200/new -> net::ERR_ABORTED
2022-05-26 12:00:34 ERROR    Failure: 223684313413012242652925975724179693671 : http://localhost:4200/ -> net::ERR_CONNECTION_REFUSED
2022-05-26 12:00:34 ERROR    Failure: 46822577063395887337747847899479931724 : http://localhost:4200/ -> Failed to load resource: net::ERR_CONNECTION_REFUSED
2022-05-26 12:00:38 ERROR    Failure: 204148924151735858044210481229518018319 : http://localhost:4200/ -> status code(400) -> 
2022-05-26 12:00:39 ERROR    Failure: 209036318680772634052885377060412114839 : http://localhost:4200/ -> Access to XMLHttpRequest at 'https://geoip.nekudo.com/api' from origin 'http://localhost:4200' has been blocked by CORS policy: No 'Access-Control-Allow-Origin' header is present on the requested resource.
2022-05-26 12:00:39 ERROR    Failure: 116883329609946864055106810307069809545 : http://localhost:4200/ -> JSHandle@object
2022-05-26 12:00:39 ERROR    Failure: 262513326802567628094931167029883077585 : http://localhost:4200/new -> net::ERR_ABORTED
2022-05-26 12:00:42 ERROR    Failure: 223684313413012242652925975724179693671 : http://localhost:4200/ -> net::ERR_CONNECTION_REFUSED
2022-05-26 12:00:42 ERROR    Failure: 46822577063395887337747847899479931724 : http://localhost:4200/ -> Failed to load resource: net::ERR_CONNECTION_REFUSED
2022-05-26 12:00:46 ERROR    Failure: 204148924151735858044210481229518018319 : http://localhost:4200/ -> status code(400) -> 
2022-05-26 12:00:47 ERROR    Failure: 209036318680772634052885377060412114839 : http://localhost:4200/ -> Access to XMLHttpRequest at 'https://geoip.nekudo.com/api' from origin 'http://localhost:4200' has been blocked by CORS policy: No 'Access-Control-Allow-Origin' header is present on the requested resource.
2022-05-26 12:00:47 ERROR    Failure: 116883329609946864055106810307069809545 : http://localhost:4200/ -> JSHandle@object
2022-05-26 12:00:47 ERROR    Failure: 262513326802567628094931167029883077585 : http://localhost:4200/new -> net::ERR_ABORTED
2022-05-26 12:00:52 ERROR    Failure: 223684313413012242652925975724179693671 : http://localhost:4200/ -> net::ERR_CONNECTION_REFUSED
2022-05-26 12:00:52 ERROR    Failure: 46822577063395887337747847899479931724 : http://localhost:4200/ -> Failed to load resource: net::ERR_CONNECTION_REFUSED
2022-05-26 12:00:59 ERROR    Failure: 204148924151735858044210481229518018319 : http://localhost:4200/ -> status code(400) -> 
2022-05-26 12:01:00 ERROR    Failure: 209036318680772634052885377060412114839 : http://localhost:4200/ -> Access to XMLHttpRequest at 'https://geoip.nekudo.com/api' from origin 'http://localhost:4200' has been blocked by CORS policy: No 'Access-Control-Allow-Origin' header is present on the requested resource.
2022-05-26 12:01:00 ERROR    Failure: 116883329609946864055106810307069809545 : http://localhost:4200/ -> JSHandle@object
2022-05-26 12:01:00 ERROR    Failure: 262513326802567628094931167029883077585 : http://localhost:4200/new -> net::ERR_ABORTED
2022-05-26 12:01:03 ERROR    Failure: 223684313413012242652925975724179693671 : http://localhost:4200/ -> net::ERR_CONNECTION_REFUSED
2022-05-26 12:01:03 ERROR    Failure: 46822577063395887337747847899479931724 : http://localhost:4200/ -> Failed to load resource: net::ERR_CONNECTION_REFUSED
2022-05-26 12:01:06 ERROR    Failure: 204148924151735858044210481229518018319 : http://localhost:4200/ -> status code(400) -> 
2022-05-26 12:01:07 ERROR    Failure: 209036318680772634052885377060412114839 : http://localhost:4200/ -> Access to XMLHttpRequest at 'https://geoip.nekudo.com/api' from origin 'http://localhost:4200' has been blocked by CORS policy: No 'Access-Control-Allow-Origin' header is present on the requested resource.
2022-05-26 12:01:07 ERROR    Failure: 116883329609946864055106810307069809545 : http://localhost:4200/ -> JSHandle@object
2022-05-26 12:01:07 ERROR    Failure: 262513326802567628094931167029883077585 : http://localhost:4200/new -> net::ERR_ABORTED
2022-05-26 12:01:12 ERROR    Failure: 223684313413012242652925975724179693671 : http://localhost:4200/ -> net::ERR_CONNECTION_REFUSED
2022-05-26 12:01:12 ERROR    Failure: 46822577063395887337747847899479931724 : http://localhost:4200/ -> Failed to load resource: net::ERR_CONNECTION_REFUSED
2022-05-26 12:01:17 ERROR    Failure: 204148924151735858044210481229518018319 : http://localhost:4200/ -> status code(400) -> 
2022-05-26 12:01:17 ERROR    Failure: 209036318680772634052885377060412114839 : http://localhost:4200/ -> Access to XMLHttpRequest at 'https://geoip.nekudo.com/api' from origin 'http://localhost:4200' has been blocked by CORS policy: No 'Access-Control-Allow-Origin' header is present on the requested resource.
2022-05-26 12:01:17 ERROR    Failure: 116883329609946864055106810307069809545 : http://localhost:4200/ -> JSHandle@object
2022-05-26 12:01:17 ERROR    Failure: 262513326802567628094931167029883077585 : http://localhost:4200/new -> net::ERR_ABORTED
2022-05-26 12:01:19 ERROR    Failure: 223684313413012242652925975724179693671 : http://localhost:4200/ -> net::ERR_CONNECTION_REFUSED
2022-05-26 12:01:19 ERROR    Failure: 46822577063395887337747847899479931724 : http://localhost:4200/ -> Failed to load resource: net::ERR_CONNECTION_REFUSED
2022-05-26 12:01:28 ERROR    Failure: 204148924151735858044210481229518018319 : http://localhost:4200/ -> status code(400) -> 
2022-05-26 12:01:28 ERROR    Failure: 209036318680772634052885377060412114839 : http://localhost:4200/ -> Access to XMLHttpRequest at 'https://geoip.nekudo.com/api' from origin 'http://localhost:4200' has been blocked by CORS policy: No 'Access-Control-Allow-Origin' header is present on the requested resource.
2022-05-26 12:01:28 ERROR    Failure: 116883329609946864055106810307069809545 : http://localhost:4200/ -> JSHandle@object
2022-05-26 12:01:28 ERROR    Failure: 262513326802567628094931167029883077585 : http://localhost:4200/new -> net::ERR_ABORTED
2022-05-26 12:01:29 ERROR    Failure: 223684313413012242652925975724179693671 : http://localhost:4200/ -> net::ERR_CONNECTION_REFUSED
2022-05-26 12:01:29 ERROR    Failure: 46822577063395887337747847899479931724 : http://localhost:4200/ -> Failed to load resource: net::ERR_CONNECTION_REFUSED
2022-05-26 12:01:34 ERROR    Failure: 204148924151735858044210481229518018319 : http://localhost:4200/ -> status code(400) -> 
2022-05-26 12:01:34 ERROR    Failure: 209036318680772634052885377060412114839 : http://localhost:4200/ -> Access to XMLHttpRequest at 'https://geoip.nekudo.com/api' from origin 'http://localhost:4200' has been blocked by CORS policy: No 'Access-Control-Allow-Origin' header is present on the requested resource.
2022-05-26 12:01:34 ERROR    Failure: 116883329609946864055106810307069809545 : http://localhost:4200/ -> JSHandle@object
2022-05-26 12:01:34 ERROR    Failure: 262513326802567628094931167029883077585 : http://localhost:4200/new -> net::ERR_ABORTED
2022-05-26 12:01:38 ERROR    Failure: 223684313413012242652925975724179693671 : http://localhost:4200/ -> net::ERR_CONNECTION_REFUSED
2022-05-26 12:01:38 ERROR    Failure: 46822577063395887337747847899479931724 : http://localhost:4200/ -> Failed to load resource: net::ERR_CONNECTION_REFUSED
2022-05-26 12:01:41 ERROR    Failure: 204148924151735858044210481229518018319 : http://localhost:4200/ -> status code(400) -> 
2022-05-26 12:01:42 ERROR    Failure: 209036318680772634052885377060412114839 : http://localhost:4200/ -> Access to XMLHttpRequest at 'https://geoip.nekudo.com/api' from origin 'http://localhost:4200' has been blocked by CORS policy: No 'Access-Control-Allow-Origin' header is present on the requested resource.
2022-05-26 12:01:42 ERROR    Failure: 116883329609946864055106810307069809545 : http://localhost:4200/ -> JSHandle@object
2022-05-26 12:01:42 ERROR    Failure: 262513326802567628094931167029883077585 : http://localhost:4200/new -> net::ERR_ABORTED
2022-05-26 12:01:45 ERROR    Failure: 223684313413012242652925975724179693671 : http://localhost:4200/ -> net::ERR_CONNECTION_REFUSED
2022-05-26 12:01:45 ERROR    Failure: 46822577063395887337747847899479931724 : http://localhost:4200/ -> Failed to load resource: net::ERR_CONNECTION_REFUSED
2022-05-26 12:01:49 ERROR    Failure: 204148924151735858044210481229518018319 : http://localhost:4200/ -> status code(400) -> 
2022-05-26 12:01:49 ERROR    Failure: 209036318680772634052885377060412114839 : http://localhost:4200/ -> Access to XMLHttpRequest at 'https://geoip.nekudo.com/api' from origin 'http://localhost:4200' has been blocked by CORS policy: No 'Access-Control-Allow-Origin' header is present on the requested resource.
2022-05-26 12:01:49 ERROR    Failure: 116883329609946864055106810307069809545 : http://localhost:4200/ -> JSHandle@object
2022-05-26 12:01:49 ERROR    Failure: 262513326802567628094931167029883077585 : http://localhost:4200/new -> net::ERR_ABORTED
2022-05-26 12:01:55 ERROR    Failure: 223684313413012242652925975724179693671 : http://localhost:4200/ -> net::ERR_CONNECTION_REFUSED
2022-05-26 12:01:55 ERROR    Failure: 46822577063395887337747847899479931724 : http://localhost:4200/ -> Failed to load resource: net::ERR_CONNECTION_REFUSED
2022-05-26 12:01:59 ERROR    Failure: 204148924151735858044210481229518018319 : http://localhost:4200/ -> status code(400) -> 
2022-05-26 12:02:00 ERROR    Failure: 209036318680772634052885377060412114839 : http://localhost:4200/ -> Access to XMLHttpRequest at 'https://geoip.nekudo.com/api' from origin 'http://localhost:4200' has been blocked by CORS policy: No 'Access-Control-Allow-Origin' header is present on the requested resource.
2022-05-26 12:02:00 ERROR    Failure: 116883329609946864055106810307069809545 : http://localhost:4200/ -> JSHandle@object
2022-05-26 12:02:00 ERROR    Failure: 262513326802567628094931167029883077585 : http://localhost:4200/new -> net::ERR_ABORTED
2022-05-26 12:02:05 ERROR    Failure: 223684313413012242652925975724179693671 : http://localhost:4200/ -> net::ERR_CONNECTION_REFUSED
2022-05-26 12:02:05 ERROR    Failure: 46822577063395887337747847899479931724 : http://localhost:4200/ -> Failed to load resource: net::ERR_CONNECTION_REFUSED
2022-05-26 12:02:10 ERROR    Failure: 204148924151735858044210481229518018319 : http://localhost:4200/ -> status code(400) -> 
2022-05-26 12:02:10 ERROR    Failure: 209036318680772634052885377060412114839 : http://localhost:4200/ -> Access to XMLHttpRequest at 'https://geoip.nekudo.com/api' from origin 'http://localhost:4200' has been blocked by CORS policy: No 'Access-Control-Allow-Origin' header is present on the requested resource.
2022-05-26 12:02:10 ERROR    Failure: 116883329609946864055106810307069809545 : http://localhost:4200/ -> JSHandle@object
2022-05-26 12:02:10 ERROR    Failure: 262513326802567628094931167029883077585 : http://localhost:4200/new -> net::ERR_ABORTED
2022-05-26 12:02:16 ERROR    Failure: 223684313413012242652925975724179693671 : http://localhost:4200/ -> net::ERR_CONNECTION_REFUSED
2022-05-26 12:02:16 ERROR    Failure: 46822577063395887337747847899479931724 : http://localhost:4200/ -> Failed to load resource: net::ERR_CONNECTION_REFUSED
2022-05-26 12:02:24 ERROR    Failure: 204148924151735858044210481229518018319 : http://localhost:4200/ -> status code(400) -> 
2022-05-26 12:02:25 ERROR    Failure: 209036318680772634052885377060412114839 : http://localhost:4200/ -> Access to XMLHttpRequest at 'https://geoip.nekudo.com/api' from origin 'http://localhost:4200' has been blocked by CORS policy: No 'Access-Control-Allow-Origin' header is present on the requested resource.
2022-05-26 12:02:25 ERROR    Failure: 116883329609946864055106810307069809545 : http://localhost:4200/ -> JSHandle@object
2022-05-26 12:02:25 ERROR    Failure: 262513326802567628094931167029883077585 : http://localhost:4200/new -> net::ERR_ABORTED
2022-05-26 12:02:26 ERROR    Failure: 223684313413012242652925975724179693671 : http://localhost:4200/ -> net::ERR_CONNECTION_REFUSED
2022-05-26 12:02:26 ERROR    Failure: 46822577063395887337747847899479931724 : http://localhost:4200/ -> Failed to load resource: net::ERR_CONNECTION_REFUSED
2022-05-26 12:02:37 ERROR    Failure: 204148924151735858044210481229518018319 : http://localhost:4200/ -> status code(400) -> 
2022-05-26 12:02:37 ERROR    Failure: 209036318680772634052885377060412114839 : http://localhost:4200/ -> Access to XMLHttpRequest at 'https://geoip.nekudo.com/api' from origin 'http://localhost:4200' has been blocked by CORS policy: No 'Access-Control-Allow-Origin' header is present on the requested resource.
2022-05-26 12:02:37 ERROR    Failure: 116883329609946864055106810307069809545 : http://localhost:4200/ -> JSHandle@object
2022-05-26 12:02:37 ERROR    Failure: 262513326802567628094931167029883077585 : http://localhost:4200/new -> net::ERR_ABORTED
2022-05-26 12:02:38 ERROR    Failure: 223684313413012242652925975724179693671 : http://localhost:4200/ -> net::ERR_CONNECTION_REFUSED
2022-05-26 12:02:38 ERROR    Failure: 46822577063395887337747847899479931724 : http://localhost:4200/ -> Failed to load resource: net::ERR_CONNECTION_REFUSED
2022-05-26 12:02:45 ERROR    Failure: 204148924151735858044210481229518018319 : http://localhost:4200/ -> status code(400) -> 
2022-05-26 12:02:45 ERROR    Failure: 209036318680772634052885377060412114839 : http://localhost:4200/ -> Access to XMLHttpRequest at 'https://geoip.nekudo.com/api' from origin 'http://localhost:4200' has been blocked by CORS policy: No 'Access-Control-Allow-Origin' header is present on the requested resource.
2022-05-26 12:02:45 ERROR    Failure: 116883329609946864055106810307069809545 : http://localhost:4200/ -> JSHandle@object
2022-05-26 12:02:45 ERROR    Failure: 262513326802567628094931167029883077585 : http://localhost:4200/new -> net::ERR_ABORTED
2022-05-26 12:02:47 ERROR    Failure: 223684313413012242652925975724179693671 : http://localhost:4200/ -> net::ERR_CONNECTION_REFUSED
2022-05-26 12:02:47 ERROR    Failure: 46822577063395887337747847899479931724 : http://localhost:4200/ -> Failed to load resource: net::ERR_CONNECTION_REFUSED
2022-05-26 12:02:51 ERROR    Failure: 204148924151735858044210481229518018319 : http://localhost:4200/ -> status code(400) -> 
2022-05-26 12:02:51 ERROR    Failure: 209036318680772634052885377060412114839 : http://localhost:4200/ -> Access to XMLHttpRequest at 'https://geoip.nekudo.com/api' from origin 'http://localhost:4200' has been blocked by CORS policy: No 'Access-Control-Allow-Origin' header is present on the requested resource.
2022-05-26 12:02:51 ERROR    Failure: 116883329609946864055106810307069809545 : http://localhost:4200/ -> JSHandle@object
2022-05-26 12:02:51 ERROR    Failure: 262513326802567628094931167029883077585 : http://localhost:4200/new -> net::ERR_ABORTED
2022-05-26 12:02:58 ERROR    Failure: 223684313413012242652925975724179693671 : http://localhost:4200/ -> net::ERR_CONNECTION_REFUSED
2022-05-26 12:02:58 ERROR    Failure: 46822577063395887337747847899479931724 : http://localhost:4200/ -> Failed to load resource: net::ERR_CONNECTION_REFUSED
2022-05-26 12:03:00 ERROR    Failure: 204148924151735858044210481229518018319 : http://localhost:4200/ -> status code(400) -> 
2022-05-26 12:03:01 ERROR    Failure: 209036318680772634052885377060412114839 : http://localhost:4200/ -> Access to XMLHttpRequest at 'https://geoip.nekudo.com/api' from origin 'http://localhost:4200' has been blocked by CORS policy: No 'Access-Control-Allow-Origin' header is present on the requested resource.
2022-05-26 12:03:01 ERROR    Failure: 116883329609946864055106810307069809545 : http://localhost:4200/ -> JSHandle@object
2022-05-26 12:03:01 ERROR    Failure: 262513326802567628094931167029883077585 : http://localhost:4200/new -> net::ERR_ABORTED
2022-05-26 12:03:05 ERROR    Failure: 223684313413012242652925975724179693671 : http://localhost:4200/ -> net::ERR_CONNECTION_REFUSED
2022-05-26 12:03:05 ERROR    Failure: 46822577063395887337747847899479931724 : http://localhost:4200/ -> Failed to load resource: net::ERR_CONNECTION_REFUSED
2022-05-26 12:03:10 ERROR    Failure: 204148924151735858044210481229518018319 : http://localhost:4200/ -> status code(400) -> 
2022-05-26 12:03:10 ERROR    Failure: 209036318680772634052885377060412114839 : http://localhost:4200/ -> Access to XMLHttpRequest at 'https://geoip.nekudo.com/api' from origin 'http://localhost:4200' has been blocked by CORS policy: No 'Access-Control-Allow-Origin' header is present on the requested resource.
2022-05-26 12:03:10 ERROR    Failure: 116883329609946864055106810307069809545 : http://localhost:4200/ -> JSHandle@object
2022-05-26 12:03:10 ERROR    Failure: 262513326802567628094931167029883077585 : http://localhost:4200/new -> net::ERR_ABORTED
2022-05-26 12:03:14 ERROR    Failure: 223684313413012242652925975724179693671 : http://localhost:4200/ -> net::ERR_CONNECTION_REFUSED
2022-05-26 12:03:14 ERROR    Failure: 46822577063395887337747847899479931724 : http://localhost:4200/ -> Failed to load resource: net::ERR_CONNECTION_REFUSED
2022-05-26 12:03:20 ERROR    Failure: 204148924151735858044210481229518018319 : http://localhost:4200/ -> status code(400) -> 
2022-05-26 12:03:20 ERROR    Failure: 209036318680772634052885377060412114839 : http://localhost:4200/ -> Access to XMLHttpRequest at 'https://geoip.nekudo.com/api' from origin 'http://localhost:4200' has been blocked by CORS policy: No 'Access-Control-Allow-Origin' header is present on the requested resource.
2022-05-26 12:03:20 ERROR    Failure: 116883329609946864055106810307069809545 : http://localhost:4200/ -> JSHandle@object
2022-05-26 12:03:20 ERROR    Failure: 262513326802567628094931167029883077585 : http://localhost:4200/new -> net::ERR_ABORTED
2022-05-26 12:03:21 ERROR    Failure: 223684313413012242652925975724179693671 : http://localhost:4200/ -> net::ERR_CONNECTION_REFUSED
2022-05-26 12:03:21 ERROR    Failure: 46822577063395887337747847899479931724 : http://localhost:4200/ -> Failed to load resource: net::ERR_CONNECTION_REFUSED
2022-05-26 12:03:24 ERROR    Failure: 204148924151735858044210481229518018319 : http://localhost:4200/ -> status code(400) -> 
2022-05-26 12:03:24 ERROR    Failure: 209036318680772634052885377060412114839 : http://localhost:4200/ -> Access to XMLHttpRequest at 'https://geoip.nekudo.com/api' from origin 'http://localhost:4200' has been blocked by CORS policy: No 'Access-Control-Allow-Origin' header is present on the requested resource.
2022-05-26 12:03:24 ERROR    Failure: 116883329609946864055106810307069809545 : http://localhost:4200/ -> JSHandle@object
2022-05-26 12:03:24 ERROR    Failure: 262513326802567628094931167029883077585 : http://localhost:4200/new -> net::ERR_ABORTED
2022-05-26 12:03:30 ERROR    Failure: 223684313413012242652925975724179693671 : http://localhost:4200/ -> net::ERR_CONNECTION_REFUSED
2022-05-26 12:03:30 ERROR    Failure: 46822577063395887337747847899479931724 : http://localhost:4200/ -> Failed to load resource: net::ERR_CONNECTION_REFUSED
2022-05-26 12:03:35 ERROR    Failure: 204148924151735858044210481229518018319 : http://localhost:4200/ -> status code(400) -> 
2022-05-26 12:03:35 ERROR    Failure: 209036318680772634052885377060412114839 : http://localhost:4200/ -> Access to XMLHttpRequest at 'https://geoip.nekudo.com/api' from origin 'http://localhost:4200' has been blocked by CORS policy: No 'Access-Control-Allow-Origin' header is present on the requested resource.
2022-05-26 12:03:35 ERROR    Failure: 116883329609946864055106810307069809545 : http://localhost:4200/ -> JSHandle@object
2022-05-26 12:03:35 ERROR    Failure: 262513326802567628094931167029883077585 : http://localhost:4200/new -> net::ERR_ABORTED
2022-05-26 12:03:38 ERROR    Failure: 223684313413012242652925975724179693671 : http://localhost:4200/ -> net::ERR_CONNECTION_REFUSED
2022-05-26 12:03:38 ERROR    Failure: 46822577063395887337747847899479931724 : http://localhost:4200/ -> Failed to load resource: net::ERR_CONNECTION_REFUSED
2022-05-26 12:03:45 ERROR    Failure: 204148924151735858044210481229518018319 : http://localhost:4200/ -> status code(400) -> 
2022-05-26 12:03:46 ERROR    Failure: 209036318680772634052885377060412114839 : http://localhost:4200/ -> Access to XMLHttpRequest at 'https://geoip.nekudo.com/api' from origin 'http://localhost:4200' has been blocked by CORS policy: No 'Access-Control-Allow-Origin' header is present on the requested resource.
2022-05-26 12:03:46 ERROR    Failure: 116883329609946864055106810307069809545 : http://localhost:4200/ -> JSHandle@object
2022-05-26 12:03:46 ERROR    Failure: 262513326802567628094931167029883077585 : http://localhost:4200/new -> net::ERR_ABORTED
2022-05-26 12:03:48 ERROR    Failure: 223684313413012242652925975724179693671 : http://localhost:4200/ -> net::ERR_CONNECTION_REFUSED
2022-05-26 12:03:48 ERROR    Failure: 46822577063395887337747847899479931724 : http://localhost:4200/ -> Failed to load resource: net::ERR_CONNECTION_REFUSED
2022-05-26 12:03:50 ERROR    Failure: 204148924151735858044210481229518018319 : http://localhost:4200/ -> status code(400) -> 
2022-05-26 12:03:51 ERROR    Failure: 209036318680772634052885377060412114839 : http://localhost:4200/ -> Access to XMLHttpRequest at 'https://geoip.nekudo.com/api' from origin 'http://localhost:4200' has been blocked by CORS policy: No 'Access-Control-Allow-Origin' header is present on the requested resource.
2022-05-26 12:03:51 ERROR    Failure: 116883329609946864055106810307069809545 : http://localhost:4200/ -> JSHandle@object
2022-05-26 12:03:51 ERROR    Failure: 262513326802567628094931167029883077585 : http://localhost:4200/new -> net::ERR_ABORTED
2022-05-26 12:03:55 ERROR    Failure: 223684313413012242652925975724179693671 : http://localhost:4200/ -> net::ERR_CONNECTION_REFUSED
2022-05-26 12:03:55 ERROR    Failure: 46822577063395887337747847899479931724 : http://localhost:4200/ -> Failed to load resource: net::ERR_CONNECTION_REFUSED
2022-05-26 12:04:06 ERROR    Failure: 204148924151735858044210481229518018319 : http://localhost:4200/ -> status code(400) -> 
2022-05-26 12:04:07 ERROR    Failure: 209036318680772634052885377060412114839 : http://localhost:4200/ -> Access to XMLHttpRequest at 'https://geoip.nekudo.com/api' from origin 'http://localhost:4200' has been blocked by CORS policy: No 'Access-Control-Allow-Origin' header is present on the requested resource.
2022-05-26 12:04:07 ERROR    Failure: 116883329609946864055106810307069809545 : http://localhost:4200/ -> JSHandle@object
2022-05-26 12:04:08 ERROR    Failure: 262513326802567628094931167029883077585 : http://localhost:4200/new -> net::ERR_ABORTED
2022-05-26 12:04:09 ERROR    Failure: 223684313413012242652925975724179693671 : http://localhost:4200/ -> net::ERR_CONNECTION_REFUSED
2022-05-26 12:04:09 ERROR    Failure: 46822577063395887337747847899479931724 : http://localhost:4200/ -> Failed to load resource: net::ERR_CONNECTION_REFUSED
2022-05-26 12:04:20 ERROR    Failure: 223684313413012242652925975724179693671 : http://localhost:4200/ -> net::ERR_CONNECTION_REFUSED
2022-05-26 12:04:20 ERROR    Failure: 46822577063395887337747847899479931724 : http://localhost:4200/ -> Failed to load resource: net::ERR_CONNECTION_REFUSED
2022-05-26 12:04:22 ERROR    Failure: 204148924151735858044210481229518018319 : http://localhost:4200/ -> status code(400) -> 
2022-05-26 12:04:23 ERROR    Failure: 209036318680772634052885377060412114839 : http://localhost:4200/ -> Access to XMLHttpRequest at 'https://geoip.nekudo.com/api' from origin 'http://localhost:4200' has been blocked by CORS policy: No 'Access-Control-Allow-Origin' header is present on the requested resource.
2022-05-26 12:04:23 ERROR    Failure: 116883329609946864055106810307069809545 : http://localhost:4200/ -> JSHandle@object
2022-05-26 12:04:23 ERROR    Failure: 262513326802567628094931167029883077585 : http://localhost:4200/new -> net::ERR_ABORTED
2022-05-26 12:04:30 ERROR    Failure: 223684313413012242652925975724179693671 : http://localhost:4200/ -> net::ERR_CONNECTION_REFUSED
2022-05-26 12:04:30 ERROR    Failure: 46822577063395887337747847899479931724 : http://localhost:4200/ -> Failed to load resource: net::ERR_CONNECTION_REFUSED
2022-05-26 12:04:34 ERROR    Failure: 204148924151735858044210481229518018319 : http://localhost:4200/ -> status code(400) -> 
2022-05-26 12:04:34 ERROR    Failure: 209036318680772634052885377060412114839 : http://localhost:4200/ -> Access to XMLHttpRequest at 'https://geoip.nekudo.com/api' from origin 'http://localhost:4200' has been blocked by CORS policy: No 'Access-Control-Allow-Origin' header is present on the requested resource.
2022-05-26 12:04:34 ERROR    Failure: 116883329609946864055106810307069809545 : http://localhost:4200/ -> JSHandle@object
2022-05-26 12:04:34 ERROR    Failure: 262513326802567628094931167029883077585 : http://localhost:4200/new -> net::ERR_ABORTED
2022-05-26 12:04:37 ERROR    Failure: 223684313413012242652925975724179693671 : http://localhost:4200/ -> net::ERR_CONNECTION_REFUSED
2022-05-26 12:04:38 ERROR    Failure: 46822577063395887337747847899479931724 : http://localhost:4200/ -> Failed to load resource: net::ERR_CONNECTION_REFUSED
2022-05-26 12:04:42 ERROR    Failure: 204148924151735858044210481229518018319 : http://localhost:4200/ -> status code(400) -> 
2022-05-26 12:04:43 ERROR    Failure: 209036318680772634052885377060412114839 : http://localhost:4200/ -> Access to XMLHttpRequest at 'https://geoip.nekudo.com/api' from origin 'http://localhost:4200' has been blocked by CORS policy: No 'Access-Control-Allow-Origin' header is present on the requested resource.
2022-05-26 12:04:43 ERROR    Failure: 116883329609946864055106810307069809545 : http://localhost:4200/ -> JSHandle@object
2022-05-26 12:04:43 ERROR    Failure: 262513326802567628094931167029883077585 : http://localhost:4200/new -> net::ERR_ABORTED
2022-05-26 12:04:47 ERROR    Failure: 223684313413012242652925975724179693671 : http://localhost:4200/ -> net::ERR_CONNECTION_REFUSED
2022-05-26 12:04:47 ERROR    Failure: 46822577063395887337747847899479931724 : http://localhost:4200/ -> Failed to load resource: net::ERR_CONNECTION_REFUSED
2022-05-26 12:04:51 ERROR    Failure: 204148924151735858044210481229518018319 : http://localhost:4200/ -> status code(400) -> 
2022-05-26 12:04:52 ERROR    Failure: 209036318680772634052885377060412114839 : http://localhost:4200/ -> Access to XMLHttpRequest at 'https://geoip.nekudo.com/api' from origin 'http://localhost:4200' has been blocked by CORS policy: No 'Access-Control-Allow-Origin' header is present on the requested resource.
2022-05-26 12:04:52 ERROR    Failure: 116883329609946864055106810307069809545 : http://localhost:4200/ -> JSHandle@object
2022-05-26 12:04:52 ERROR    Failure: 262513326802567628094931167029883077585 : http://localhost:4200/new -> net::ERR_ABORTED
2022-05-26 12:04:55 ERROR    Failure: 223684313413012242652925975724179693671 : http://localhost:4200/ -> net::ERR_CONNECTION_REFUSED
2022-05-26 12:04:55 ERROR    Failure: 46822577063395887337747847899479931724 : http://localhost:4200/ -> Failed to load resource: net::ERR_CONNECTION_REFUSED
2022-05-26 12:04:58 ERROR    Failure: 204148924151735858044210481229518018319 : http://localhost:4200/ -> status code(400) -> 
2022-05-26 12:04:58 ERROR    Failure: 209036318680772634052885377060412114839 : http://localhost:4200/ -> Access to XMLHttpRequest at 'https://geoip.nekudo.com/api' from origin 'http://localhost:4200' has been blocked by CORS policy: No 'Access-Control-Allow-Origin' header is present on the requested resource.
2022-05-26 12:04:58 ERROR    Failure: 116883329609946864055106810307069809545 : http://localhost:4200/ -> JSHandle@object
2022-05-26 12:04:59 ERROR    Failure: 262513326802567628094931167029883077585 : http://localhost:4200/new -> net::ERR_ABORTED
2022-05-26 12:05:03 ERROR    Failure: 223684313413012242652925975724179693671 : http://localhost:4200/ -> net::ERR_CONNECTION_REFUSED
2022-05-26 12:05:03 ERROR    Failure: 46822577063395887337747847899479931724 : http://localhost:4200/ -> Failed to load resource: net::ERR_CONNECTION_REFUSED
2022-05-26 12:05:05 ERROR    Failure: 204148924151735858044210481229518018319 : http://localhost:4200/ -> status code(400) -> 
2022-05-26 12:05:06 ERROR    Failure: 209036318680772634052885377060412114839 : http://localhost:4200/ -> Access to XMLHttpRequest at 'https://geoip.nekudo.com/api' from origin 'http://localhost:4200' has been blocked by CORS policy: No 'Access-Control-Allow-Origin' header is present on the requested resource.
2022-05-26 12:05:06 ERROR    Failure: 116883329609946864055106810307069809545 : http://localhost:4200/ -> JSHandle@object
2022-05-26 12:05:06 ERROR    Failure: 262513326802567628094931167029883077585 : http://localhost:4200/new -> net::ERR_ABORTED
2022-05-26 12:05:12 ERROR    Failure: 223684313413012242652925975724179693671 : http://localhost:4200/ -> net::ERR_CONNECTION_REFUSED
2022-05-26 12:05:12 ERROR    Failure: 46822577063395887337747847899479931724 : http://localhost:4200/ -> Failed to load resource: net::ERR_CONNECTION_REFUSED
2022-05-26 12:05:16 ERROR    Failure: 204148924151735858044210481229518018319 : http://localhost:4200/ -> status code(400) -> 
2022-05-26 12:05:16 ERROR    Failure: 209036318680772634052885377060412114839 : http://localhost:4200/ -> Access to XMLHttpRequest at 'https://geoip.nekudo.com/api' from origin 'http://localhost:4200' has been blocked by CORS policy: No 'Access-Control-Allow-Origin' header is present on the requested resource.
2022-05-26 12:05:16 ERROR    Failure: 116883329609946864055106810307069809545 : http://localhost:4200/ -> JSHandle@object
2022-05-26 12:05:16 ERROR    Failure: 262513326802567628094931167029883077585 : http://localhost:4200/new -> net::ERR_ABORTED
2022-05-26 12:05:22 ERROR    Failure: 223684313413012242652925975724179693671 : http://localhost:4200/ -> net::ERR_CONNECTION_REFUSED
2022-05-26 12:05:22 ERROR    Failure: 46822577063395887337747847899479931724 : http://localhost:4200/ -> Failed to load resource: net::ERR_CONNECTION_REFUSED
2022-05-26 12:05:26 ERROR    Failure: 204148924151735858044210481229518018319 : http://localhost:4200/ -> status code(400) -> 
2022-05-26 12:05:26 ERROR    Failure: 209036318680772634052885377060412114839 : http://localhost:4200/ -> Access to XMLHttpRequest at 'https://geoip.nekudo.com/api' from origin 'http://localhost:4200' has been blocked by CORS policy: No 'Access-Control-Allow-Origin' header is present on the requested resource.
2022-05-26 12:05:26 ERROR    Failure: 116883329609946864055106810307069809545 : http://localhost:4200/ -> JSHandle@object
2022-05-26 12:05:26 ERROR    Failure: 262513326802567628094931167029883077585 : http://localhost:4200/new -> net::ERR_ABORTED
2022-05-26 12:05:32 ERROR    Failure: 223684313413012242652925975724179693671 : http://localhost:4200/ -> net::ERR_CONNECTION_REFUSED
2022-05-26 12:05:32 ERROR    Failure: 46822577063395887337747847899479931724 : http://localhost:4200/ -> Failed to load resource: net::ERR_CONNECTION_REFUSED
2022-05-26 12:05:35 ERROR    Failure: 204148924151735858044210481229518018319 : http://localhost:4200/ -> status code(400) -> 
2022-05-26 12:05:39 ERROR    Failure: 209036318680772634052885377060412114839 : http://localhost:4200/ -> Access to XMLHttpRequest at 'https://geoip.nekudo.com/api' from origin 'http://localhost:4200' has been blocked by CORS policy: No 'Access-Control-Allow-Origin' header is present on the requested resource.
2022-05-26 12:05:39 ERROR    Failure: 116883329609946864055106810307069809545 : http://localhost:4200/ -> JSHandle@object
2022-05-26 12:05:39 ERROR    Failure: 262513326802567628094931167029883077585 : http://localhost:4200/new -> net::ERR_ABORTED
2022-05-26 12:05:43 ERROR    Failure: 223684313413012242652925975724179693671 : http://localhost:4200/ -> net::ERR_CONNECTION_REFUSED
2022-05-26 12:05:43 ERROR    Failure: 46822577063395887337747847899479931724 : http://localhost:4200/ -> Failed to load resource: net::ERR_CONNECTION_REFUSED
2022-05-26 12:05:47 ERROR    Failure: 204148924151735858044210481229518018319 : http://localhost:4200/ -> status code(400) -> 
2022-05-26 12:05:48 ERROR    Failure: 209036318680772634052885377060412114839 : http://localhost:4200/ -> Access to XMLHttpRequest at 'https://geoip.nekudo.com/api' from origin 'http://localhost:4200' has been blocked by CORS policy: No 'Access-Control-Allow-Origin' header is present on the requested resource.
2022-05-26 12:05:48 ERROR    Failure: 116883329609946864055106810307069809545 : http://localhost:4200/ -> JSHandle@object
2022-05-26 12:05:48 ERROR    Failure: 262513326802567628094931167029883077585 : http://localhost:4200/new -> net::ERR_ABORTED
2022-05-26 12:05:51 ERROR    Failure: 223684313413012242652925975724179693671 : http://localhost:4200/ -> net::ERR_CONNECTION_REFUSED
2022-05-26 12:05:51 ERROR    Failure: 46822577063395887337747847899479931724 : http://localhost:4200/ -> Failed to load resource: net::ERR_CONNECTION_REFUSED
2022-05-26 12:05:54 ERROR    Failure: 204148924151735858044210481229518018319 : http://localhost:4200/ -> status code(400) -> 
2022-05-26 12:05:54 ERROR    Failure: 209036318680772634052885377060412114839 : http://localhost:4200/ -> Access to XMLHttpRequest at 'https://geoip.nekudo.com/api' from origin 'http://localhost:4200' has been blocked by CORS policy: No 'Access-Control-Allow-Origin' header is present on the requested resource.
2022-05-26 12:05:54 ERROR    Failure: 116883329609946864055106810307069809545 : http://localhost:4200/ -> JSHandle@object
2022-05-26 12:05:54 ERROR    Failure: 262513326802567628094931167029883077585 : http://localhost:4200/new -> net::ERR_ABORTED
2022-05-26 12:06:01 ERROR    Failure: 223684313413012242652925975724179693671 : http://localhost:4200/ -> net::ERR_CONNECTION_REFUSED
2022-05-26 12:06:01 ERROR    Failure: 46822577063395887337747847899479931724 : http://localhost:4200/ -> Failed to load resource: net::ERR_CONNECTION_REFUSED
2022-05-26 12:06:04 ERROR    Failure: 204148924151735858044210481229518018319 : http://localhost:4200/ -> status code(400) -> 
2022-05-26 12:06:05 ERROR    Failure: 209036318680772634052885377060412114839 : http://localhost:4200/ -> Access to XMLHttpRequest at 'https://geoip.nekudo.com/api' from origin 'http://localhost:4200' has been blocked by CORS policy: No 'Access-Control-Allow-Origin' header is present on the requested resource.
2022-05-26 12:06:05 ERROR    Failure: 116883329609946864055106810307069809545 : http://localhost:4200/ -> JSHandle@object
2022-05-26 12:06:05 ERROR    Failure: 262513326802567628094931167029883077585 : http://localhost:4200/new -> net::ERR_ABORTED
2022-05-26 12:06:09 ERROR    Failure: 223684313413012242652925975724179693671 : http://localhost:4200/ -> net::ERR_CONNECTION_REFUSED
2022-05-26 12:06:09 ERROR    Failure: 46822577063395887337747847899479931724 : http://localhost:4200/ -> Failed to load resource: net::ERR_CONNECTION_REFUSED
2022-05-26 12:06:17 ERROR    Failure: 204148924151735858044210481229518018319 : http://localhost:4200/ -> status code(400) -> 
2022-05-26 12:06:18 ERROR    Failure: 209036318680772634052885377060412114839 : http://localhost:4200/ -> Access to XMLHttpRequest at 'https://geoip.nekudo.com/api' from origin 'http://localhost:4200' has been blocked by CORS policy: No 'Access-Control-Allow-Origin' header is present on the requested resource.
2022-05-26 12:06:18 ERROR    Failure: 116883329609946864055106810307069809545 : http://localhost:4200/ -> JSHandle@object
2022-05-26 12:06:18 ERROR    Failure: 262513326802567628094931167029883077585 : http://localhost:4200/new -> net::ERR_ABORTED
2022-05-26 12:06:21 ERROR    Failure: 223684313413012242652925975724179693671 : http://localhost:4200/ -> net::ERR_CONNECTION_REFUSED
2022-05-26 12:06:21 ERROR    Failure: 46822577063395887337747847899479931724 : http://localhost:4200/ -> Failed to load resource: net::ERR_CONNECTION_REFUSED
2022-05-26 12:06:24 ERROR    Failure: 204148924151735858044210481229518018319 : http://localhost:4200/ -> status code(400) -> 
2022-05-26 12:06:24 ERROR    Failure: 209036318680772634052885377060412114839 : http://localhost:4200/ -> Access to XMLHttpRequest at 'https://geoip.nekudo.com/api' from origin 'http://localhost:4200' has been blocked by CORS policy: No 'Access-Control-Allow-Origin' header is present on the requested resource.
2022-05-26 12:06:24 ERROR    Failure: 116883329609946864055106810307069809545 : http://localhost:4200/ -> JSHandle@object
2022-05-26 12:06:24 ERROR    Failure: 262513326802567628094931167029883077585 : http://localhost:4200/new -> net::ERR_ABORTED
2022-05-26 12:06:29 ERROR    Failure: 223684313413012242652925975724179693671 : http://localhost:4200/ -> net::ERR_CONNECTION_REFUSED
2022-05-26 12:06:29 ERROR    Failure: 46822577063395887337747847899479931724 : http://localhost:4200/ -> Failed to load resource: net::ERR_CONNECTION_REFUSED
2022-05-26 12:06:32 ERROR    Failure: 204148924151735858044210481229518018319 : http://localhost:4200/ -> status code(400) -> 
2022-05-26 12:06:32 ERROR    Failure: 209036318680772634052885377060412114839 : http://localhost:4200/ -> Access to XMLHttpRequest at 'https://geoip.nekudo.com/api' from origin 'http://localhost:4200' has been blocked by CORS policy: No 'Access-Control-Allow-Origin' header is present on the requested resource.
2022-05-26 12:06:32 ERROR    Failure: 116883329609946864055106810307069809545 : http://localhost:4200/ -> JSHandle@object
2022-05-26 12:06:32 ERROR    Failure: 262513326802567628094931167029883077585 : http://localhost:4200/new -> net::ERR_ABORTED
2022-05-26 12:06:35 ERROR    Failure: 223684313413012242652925975724179693671 : http://localhost:4200/ -> net::ERR_CONNECTION_REFUSED
2022-05-26 12:06:35 ERROR    Failure: 46822577063395887337747847899479931724 : http://localhost:4200/ -> Failed to load resource: net::ERR_CONNECTION_REFUSED
2022-05-26 12:06:37 ERROR    Failure: 204148924151735858044210481229518018319 : http://localhost:4200/ -> status code(400) -> 
2022-05-26 12:06:38 ERROR    Failure: 209036318680772634052885377060412114839 : http://localhost:4200/ -> Access to XMLHttpRequest at 'https://geoip.nekudo.com/api' from origin 'http://localhost:4200' has been blocked by CORS policy: No 'Access-Control-Allow-Origin' header is present on the requested resource.
2022-05-26 12:06:38 ERROR    Failure: 116883329609946864055106810307069809545 : http://localhost:4200/ -> JSHandle@object
2022-05-26 12:06:38 ERROR    Failure: 262513326802567628094931167029883077585 : http://localhost:4200/new -> net::ERR_ABORTED
2022-05-26 12:06:42 ERROR    Failure: 223684313413012242652925975724179693671 : http://localhost:4200/ -> net::ERR_CONNECTION_REFUSED
2022-05-26 12:06:42 ERROR    Failure: 46822577063395887337747847899479931724 : http://localhost:4200/ -> Failed to load resource: net::ERR_CONNECTION_REFUSED
2022-05-26 12:06:46 ERROR    Failure: 204148924151735858044210481229518018319 : http://localhost:4200/ -> status code(400) -> 
2022-05-26 12:06:47 ERROR    Failure: 209036318680772634052885377060412114839 : http://localhost:4200/ -> Access to XMLHttpRequest at 'https://geoip.nekudo.com/api' from origin 'http://localhost:4200' has been blocked by CORS policy: No 'Access-Control-Allow-Origin' header is present on the requested resource.
2022-05-26 12:06:47 ERROR    Failure: 116883329609946864055106810307069809545 : http://localhost:4200/ -> JSHandle@object
2022-05-26 12:06:47 ERROR    Failure: 262513326802567628094931167029883077585 : http://localhost:4200/new -> net::ERR_ABORTED
2022-05-26 12:06:51 ERROR    Failure: 223684313413012242652925975724179693671 : http://localhost:4200/ -> net::ERR_CONNECTION_REFUSED
2022-05-26 12:06:51 ERROR    Failure: 46822577063395887337747847899479931724 : http://localhost:4200/ -> Failed to load resource: net::ERR_CONNECTION_REFUSED
2022-05-26 12:06:53 ERROR    Failure: 204148924151735858044210481229518018319 : http://localhost:4200/ -> status code(400) -> 
2022-05-26 12:06:54 ERROR    Failure: 209036318680772634052885377060412114839 : http://localhost:4200/ -> Access to XMLHttpRequest at 'https://geoip.nekudo.com/api' from origin 'http://localhost:4200' has been blocked by CORS policy: No 'Access-Control-Allow-Origin' header is present on the requested resource.
2022-05-26 12:06:54 ERROR    Failure: 116883329609946864055106810307069809545 : http://localhost:4200/ -> JSHandle@object
2022-05-26 12:06:54 ERROR    Failure: 262513326802567628094931167029883077585 : http://localhost:4200/new -> net::ERR_ABORTED
2022-05-26 12:06:59 ERROR    Failure: 223684313413012242652925975724179693671 : http://localhost:4200/ -> net::ERR_CONNECTION_REFUSED
2022-05-26 12:06:59 ERROR    Failure: 46822577063395887337747847899479931724 : http://localhost:4200/ -> Failed to load resource: net::ERR_CONNECTION_REFUSED
2022-05-26 12:07:06 ERROR    Failure: 204148924151735858044210481229518018319 : http://localhost:4200/ -> status code(400) -> 
2022-05-26 12:07:08 ERROR    Failure: 209036318680772634052885377060412114839 : http://localhost:4200/ -> Access to XMLHttpRequest at 'https://geoip.nekudo.com/api' from origin 'http://localhost:4200' has been blocked by CORS policy: No 'Access-Control-Allow-Origin' header is present on the requested resource.
2022-05-26 12:07:08 ERROR    Failure: 116883329609946864055106810307069809545 : http://localhost:4200/ -> JSHandle@object
2022-05-26 12:07:08 ERROR    Failure: 262513326802567628094931167029883077585 : http://localhost:4200/new -> net::ERR_ABORTED
2022-05-26 12:07:09 ERROR    Failure: 223684313413012242652925975724179693671 : http://localhost:4200/ -> net::ERR_CONNECTION_REFUSED
2022-05-26 12:07:09 ERROR    Failure: 46822577063395887337747847899479931724 : http://localhost:4200/ -> Failed to load resource: net::ERR_CONNECTION_REFUSED
2022-05-26 12:07:15 ERROR    Failure: 204148924151735858044210481229518018319 : http://localhost:4200/ -> status code(400) -> 
2022-05-26 12:07:16 ERROR    Failure: 209036318680772634052885377060412114839 : http://localhost:4200/ -> Access to XMLHttpRequest at 'https://geoip.nekudo.com/api' from origin 'http://localhost:4200' has been blocked by CORS policy: No 'Access-Control-Allow-Origin' header is present on the requested resource.
2022-05-26 12:07:16 ERROR    Failure: 116883329609946864055106810307069809545 : http://localhost:4200/ -> JSHandle@object
2022-05-26 12:07:16 ERROR    Failure: 262513326802567628094931167029883077585 : http://localhost:4200/new -> net::ERR_ABORTED
2022-05-26 12:07:18 ERROR    Failure: 223684313413012242652925975724179693671 : http://localhost:4200/ -> net::ERR_CONNECTION_REFUSED
2022-05-26 12:07:18 ERROR    Failure: 46822577063395887337747847899479931724 : http://localhost:4200/ -> Failed to load resource: net::ERR_CONNECTION_REFUSED
2022-05-26 12:07:20 ERROR    Failure: 204148924151735858044210481229518018319 : http://localhost:4200/ -> status code(400) -> 
2022-05-26 12:07:21 ERROR    Failure: 209036318680772634052885377060412114839 : http://localhost:4200/ -> Access to XMLHttpRequest at 'https://geoip.nekudo.com/api' from origin 'http://localhost:4200' has been blocked by CORS policy: No 'Access-Control-Allow-Origin' header is present on the requested resource.
2022-05-26 12:07:21 ERROR    Failure: 116883329609946864055106810307069809545 : http://localhost:4200/ -> JSHandle@object
2022-05-26 12:07:21 ERROR    Failure: 262513326802567628094931167029883077585 : http://localhost:4200/new -> net::ERR_ABORTED
2022-05-26 12:07:26 ERROR    Failure: 223684313413012242652925975724179693671 : http://localhost:4200/ -> net::ERR_CONNECTION_REFUSED
2022-05-26 12:07:26 ERROR    Failure: 46822577063395887337747847899479931724 : http://localhost:4200/ -> Failed to load resource: net::ERR_CONNECTION_REFUSED
2022-05-26 12:07:29 ERROR    Failure: 204148924151735858044210481229518018319 : http://localhost:4200/ -> status code(400) -> 
2022-05-26 12:07:29 ERROR    Failure: 209036318680772634052885377060412114839 : http://localhost:4200/ -> Access to XMLHttpRequest at 'https://geoip.nekudo.com/api' from origin 'http://localhost:4200' has been blocked by CORS policy: No 'Access-Control-Allow-Origin' header is present on the requested resource.
2022-05-26 12:07:29 ERROR    Failure: 116883329609946864055106810307069809545 : http://localhost:4200/ -> JSHandle@object
2022-05-26 12:07:29 ERROR    Failure: 262513326802567628094931167029883077585 : http://localhost:4200/new -> net::ERR_ABORTED
2022-05-26 12:07:34 ERROR    Failure: 223684313413012242652925975724179693671 : http://localhost:4200/ -> net::ERR_CONNECTION_REFUSED
2022-05-26 12:07:34 ERROR    Failure: 46822577063395887337747847899479931724 : http://localhost:4200/ -> Failed to load resource: net::ERR_CONNECTION_REFUSED
2022-05-26 12:07:36 ERROR    Failure: 204148924151735858044210481229518018319 : http://localhost:4200/ -> status code(400) -> 
2022-05-26 12:07:37 ERROR    Failure: 209036318680772634052885377060412114839 : http://localhost:4200/ -> Access to XMLHttpRequest at 'https://geoip.nekudo.com/api' from origin 'http://localhost:4200' has been blocked by CORS policy: No 'Access-Control-Allow-Origin' header is present on the requested resource.
2022-05-26 12:07:37 ERROR    Failure: 116883329609946864055106810307069809545 : http://localhost:4200/ -> JSHandle@object
2022-05-26 12:07:37 ERROR    Failure: 262513326802567628094931167029883077585 : http://localhost:4200/new -> net::ERR_ABORTED
2022-05-26 12:07:41 ERROR    Failure: 223684313413012242652925975724179693671 : http://localhost:4200/ -> net::ERR_CONNECTION_REFUSED
2022-05-26 12:07:41 ERROR    Failure: 46822577063395887337747847899479931724 : http://localhost:4200/ -> Failed to load resource: net::ERR_CONNECTION_REFUSED
2022-05-26 12:07:44 ERROR    Failure: 204148924151735858044210481229518018319 : http://localhost:4200/ -> status code(400) -> 
2022-05-26 12:07:44 ERROR    Failure: 209036318680772634052885377060412114839 : http://localhost:4200/ -> Access to XMLHttpRequest at 'https://geoip.nekudo.com/api' from origin 'http://localhost:4200' has been blocked by CORS policy: No 'Access-Control-Allow-Origin' header is present on the requested resource.
2022-05-26 12:07:44 ERROR    Failure: 116883329609946864055106810307069809545 : http://localhost:4200/ -> JSHandle@object
2022-05-26 12:07:44 ERROR    Failure: 262513326802567628094931167029883077585 : http://localhost:4200/new -> net::ERR_ABORTED
2022-05-26 12:07:49 ERROR    Failure: 223684313413012242652925975724179693671 : http://localhost:4200/ -> net::ERR_CONNECTION_REFUSED
2022-05-26 12:07:49 ERROR    Failure: 46822577063395887337747847899479931724 : http://localhost:4200/ -> Failed to load resource: net::ERR_CONNECTION_REFUSED
2022-05-26 12:07:55 ERROR    Failure: 204148924151735858044210481229518018319 : http://localhost:4200/ -> status code(400) -> 
2022-05-26 12:07:55 ERROR    Failure: 209036318680772634052885377060412114839 : http://localhost:4200/ -> Access to XMLHttpRequest at 'https://geoip.nekudo.com/api' from origin 'http://localhost:4200' has been blocked by CORS policy: No 'Access-Control-Allow-Origin' header is present on the requested resource.
2022-05-26 12:07:55 ERROR    Failure: 116883329609946864055106810307069809545 : http://localhost:4200/ -> JSHandle@object
2022-05-26 12:07:55 ERROR    Failure: 262513326802567628094931167029883077585 : http://localhost:4200/new -> net::ERR_ABORTED
2022-05-26 12:07:58 ERROR    Failure: 223684313413012242652925975724179693671 : http://localhost:4200/ -> net::ERR_CONNECTION_REFUSED
2022-05-26 12:07:58 ERROR    Failure: 46822577063395887337747847899479931724 : http://localhost:4200/ -> Failed to load resource: net::ERR_CONNECTION_REFUSED
2022-05-26 12:08:01 ERROR    Failure: 204148924151735858044210481229518018319 : http://localhost:4200/ -> status code(400) -> 
2022-05-26 12:08:01 ERROR    Failure: 209036318680772634052885377060412114839 : http://localhost:4200/ -> Access to XMLHttpRequest at 'https://geoip.nekudo.com/api' from origin 'http://localhost:4200' has been blocked by CORS policy: No 'Access-Control-Allow-Origin' header is present on the requested resource.
2022-05-26 12:08:01 ERROR    Failure: 116883329609946864055106810307069809545 : http://localhost:4200/ -> JSHandle@object
2022-05-26 12:08:01 ERROR    Failure: 262513326802567628094931167029883077585 : http://localhost:4200/new -> net::ERR_ABORTED
2022-05-26 12:08:05 ERROR    Failure: 223684313413012242652925975724179693671 : http://localhost:4200/ -> net::ERR_CONNECTION_REFUSED
2022-05-26 12:08:05 ERROR    Failure: 46822577063395887337747847899479931724 : http://localhost:4200/ -> Failed to load resource: net::ERR_CONNECTION_REFUSED
2022-05-26 12:08:08 ERROR    Failure: 204148924151735858044210481229518018319 : http://localhost:4200/ -> status code(400) -> 
2022-05-26 12:08:09 ERROR    Failure: 209036318680772634052885377060412114839 : http://localhost:4200/ -> Access to XMLHttpRequest at 'https://geoip.nekudo.com/api' from origin 'http://localhost:4200' has been blocked by CORS policy: No 'Access-Control-Allow-Origin' header is present on the requested resource.
2022-05-26 12:08:09 ERROR    Failure: 116883329609946864055106810307069809545 : http://localhost:4200/ -> JSHandle@object
2022-05-26 12:08:09 ERROR    Failure: 262513326802567628094931167029883077585 : http://localhost:4200/new -> net::ERR_ABORTED
2022-05-26 12:08:14 ERROR    Failure: 223684313413012242652925975724179693671 : http://localhost:4200/ -> net::ERR_CONNECTION_REFUSED
2022-05-26 12:08:14 ERROR    Failure: 46822577063395887337747847899479931724 : http://localhost:4200/ -> Failed to load resource: net::ERR_CONNECTION_REFUSED
2022-05-26 12:08:16 ERROR    Failure: 204148924151735858044210481229518018319 : http://localhost:4200/ -> status code(400) -> 
2022-05-26 12:08:17 ERROR    Failure: 209036318680772634052885377060412114839 : http://localhost:4200/ -> Access to XMLHttpRequest at 'https://geoip.nekudo.com/api' from origin 'http://localhost:4200' has been blocked by CORS policy: No 'Access-Control-Allow-Origin' header is present on the requested resource.
2022-05-26 12:08:17 ERROR    Failure: 116883329609946864055106810307069809545 : http://localhost:4200/ -> JSHandle@object
2022-05-26 12:08:17 ERROR    Failure: 262513326802567628094931167029883077585 : http://localhost:4200/new -> net::ERR_ABORTED
2022-05-26 12:08:23 ERROR    Failure: 223684313413012242652925975724179693671 : http://localhost:4200/ -> net::ERR_CONNECTION_REFUSED
2022-05-26 12:08:23 ERROR    Failure: 46822577063395887337747847899479931724 : http://localhost:4200/ -> Failed to load resource: net::ERR_CONNECTION_REFUSED
2022-05-26 12:08:27 ERROR    Failure: 204148924151735858044210481229518018319 : http://localhost:4200/ -> status code(400) -> 
2022-05-26 12:08:27 ERROR    Failure: 209036318680772634052885377060412114839 : http://localhost:4200/ -> Access to XMLHttpRequest at 'https://geoip.nekudo.com/api' from origin 'http://localhost:4200' has been blocked by CORS policy: No 'Access-Control-Allow-Origin' header is present on the requested resource.
2022-05-26 12:08:27 ERROR    Failure: 116883329609946864055106810307069809545 : http://localhost:4200/ -> JSHandle@object
2022-05-26 12:08:27 ERROR    Failure: 262513326802567628094931167029883077585 : http://localhost:4200/new -> net::ERR_ABORTED
2022-05-26 12:08:31 ERROR    Failure: 223684313413012242652925975724179693671 : http://localhost:4200/ -> net::ERR_CONNECTION_REFUSED
2022-05-26 12:08:31 ERROR    Failure: 46822577063395887337747847899479931724 : http://localhost:4200/ -> Failed to load resource: net::ERR_CONNECTION_REFUSED
2022-05-26 12:08:34 ERROR    Failure: 204148924151735858044210481229518018319 : http://localhost:4200/ -> status code(400) -> 
2022-05-26 12:08:34 ERROR    Failure: 209036318680772634052885377060412114839 : http://localhost:4200/ -> Access to XMLHttpRequest at 'https://geoip.nekudo.com/api' from origin 'http://localhost:4200' has been blocked by CORS policy: No 'Access-Control-Allow-Origin' header is present on the requested resource.
2022-05-26 12:08:34 ERROR    Failure: 116883329609946864055106810307069809545 : http://localhost:4200/ -> JSHandle@object
2022-05-26 12:08:34 ERROR    Failure: 262513326802567628094931167029883077585 : http://localhost:4200/new -> net::ERR_ABORTED
2022-05-26 12:08:41 ERROR    Failure: 223684313413012242652925975724179693671 : http://localhost:4200/ -> net::ERR_CONNECTION_REFUSED
2022-05-26 12:08:41 ERROR    Failure: 46822577063395887337747847899479931724 : http://localhost:4200/ -> Failed to load resource: net::ERR_CONNECTION_REFUSED
2022-05-26 12:08:42 ERROR    Failure: 204148924151735858044210481229518018319 : http://localhost:4200/ -> status code(400) -> 
2022-05-26 12:08:43 ERROR    Failure: 209036318680772634052885377060412114839 : http://localhost:4200/ -> Access to XMLHttpRequest at 'https://geoip.nekudo.com/api' from origin 'http://localhost:4200' has been blocked by CORS policy: No 'Access-Control-Allow-Origin' header is present on the requested resource.
2022-05-26 12:08:43 ERROR    Failure: 116883329609946864055106810307069809545 : http://localhost:4200/ -> JSHandle@object
2022-05-26 12:08:43 ERROR    Failure: 262513326802567628094931167029883077585 : http://localhost:4200/new -> net::ERR_ABORTED
2022-05-26 12:08:46 ERROR    Failure: 223684313413012242652925975724179693671 : http://localhost:4200/ -> net::ERR_CONNECTION_REFUSED
2022-05-26 12:08:46 ERROR    Failure: 46822577063395887337747847899479931724 : http://localhost:4200/ -> Failed to load resource: net::ERR_CONNECTION_REFUSED
2022-05-26 12:08:50 ERROR    Failure: 204148924151735858044210481229518018319 : http://localhost:4200/ -> status code(400) -> 
2022-05-26 12:08:50 ERROR    Failure: 209036318680772634052885377060412114839 : http://localhost:4200/ -> Access to XMLHttpRequest at 'https://geoip.nekudo.com/api' from origin 'http://localhost:4200' has been blocked by CORS policy: No 'Access-Control-Allow-Origin' header is present on the requested resource.
2022-05-26 12:08:50 ERROR    Failure: 116883329609946864055106810307069809545 : http://localhost:4200/ -> JSHandle@object
2022-05-26 12:08:50 ERROR    Failure: 262513326802567628094931167029883077585 : http://localhost:4200/new -> net::ERR_ABORTED
2022-05-26 12:08:56 ERROR    Failure: 223684313413012242652925975724179693671 : http://localhost:4200/ -> net::ERR_CONNECTION_REFUSED
2022-05-26 12:08:56 ERROR    Failure: 46822577063395887337747847899479931724 : http://localhost:4200/ -> Failed to load resource: net::ERR_CONNECTION_REFUSED
2022-05-26 12:09:00 ERROR    Failure: 204148924151735858044210481229518018319 : http://localhost:4200/ -> status code(400) -> 
2022-05-26 12:09:01 ERROR    Failure: 209036318680772634052885377060412114839 : http://localhost:4200/ -> Access to XMLHttpRequest at 'https://geoip.nekudo.com/api' from origin 'http://localhost:4200' has been blocked by CORS policy: No 'Access-Control-Allow-Origin' header is present on the requested resource.
2022-05-26 12:09:01 ERROR    Failure: 116883329609946864055106810307069809545 : http://localhost:4200/ -> JSHandle@object
2022-05-26 12:09:01 ERROR    Failure: 262513326802567628094931167029883077585 : http://localhost:4200/new -> net::ERR_ABORTED
2022-05-26 12:09:04 ERROR    Failure: 223684313413012242652925975724179693671 : http://localhost:4200/ -> net::ERR_CONNECTION_REFUSED
2022-05-26 12:09:04 ERROR    Failure: 46822577063395887337747847899479931724 : http://localhost:4200/ -> Failed to load resource: net::ERR_CONNECTION_REFUSED
2022-05-26 12:09:09 ERROR    Failure: 204148924151735858044210481229518018319 : http://localhost:4200/ -> status code(400) -> 
2022-05-26 12:09:09 ERROR    Failure: 209036318680772634052885377060412114839 : http://localhost:4200/ -> Access to XMLHttpRequest at 'https://geoip.nekudo.com/api' from origin 'http://localhost:4200' has been blocked by CORS policy: No 'Access-Control-Allow-Origin' header is present on the requested resource.
2022-05-26 12:09:09 ERROR    Failure: 116883329609946864055106810307069809545 : http://localhost:4200/ -> JSHandle@object
2022-05-26 12:09:09 ERROR    Failure: 262513326802567628094931167029883077585 : http://localhost:4200/new -> net::ERR_ABORTED
2022-05-26 12:09:13 ERROR    Failure: 223684313413012242652925975724179693671 : http://localhost:4200/ -> net::ERR_CONNECTION_REFUSED
2022-05-26 12:09:13 ERROR    Failure: 46822577063395887337747847899479931724 : http://localhost:4200/ -> Failed to load resource: net::ERR_CONNECTION_REFUSED
2022-05-26 12:09:16 ERROR    Failure: 204148924151735858044210481229518018319 : http://localhost:4200/ -> status code(400) -> 
2022-05-26 12:09:17 ERROR    Failure: 209036318680772634052885377060412114839 : http://localhost:4200/ -> Access to XMLHttpRequest at 'https://geoip.nekudo.com/api' from origin 'http://localhost:4200' has been blocked by CORS policy: No 'Access-Control-Allow-Origin' header is present on the requested resource.
2022-05-26 12:09:17 ERROR    Failure: 116883329609946864055106810307069809545 : http://localhost:4200/ -> JSHandle@object
2022-05-26 12:09:17 ERROR    Failure: 262513326802567628094931167029883077585 : http://localhost:4200/new -> net::ERR_ABORTED
2022-05-26 12:09:19 ERROR    Failure: 223684313413012242652925975724179693671 : http://localhost:4200/ -> net::ERR_CONNECTION_REFUSED
2022-05-26 12:09:19 ERROR    Failure: 46822577063395887337747847899479931724 : http://localhost:4200/ -> Failed to load resource: net::ERR_CONNECTION_REFUSED
2022-05-26 12:09:23 ERROR    Failure: 204148924151735858044210481229518018319 : http://localhost:4200/ -> status code(400) -> 
2022-05-26 12:09:23 ERROR    Failure: 209036318680772634052885377060412114839 : http://localhost:4200/ -> Access to XMLHttpRequest at 'https://geoip.nekudo.com/api' from origin 'http://localhost:4200' has been blocked by CORS policy: No 'Access-Control-Allow-Origin' header is present on the requested resource.
2022-05-26 12:09:23 ERROR    Failure: 116883329609946864055106810307069809545 : http://localhost:4200/ -> JSHandle@object
2022-05-26 12:09:24 ERROR    Failure: 262513326802567628094931167029883077585 : http://localhost:4200/new -> net::ERR_ABORTED
2022-05-26 12:09:30 ERROR    Failure: 223684313413012242652925975724179693671 : http://localhost:4200/ -> net::ERR_CONNECTION_REFUSED
2022-05-26 12:09:30 ERROR    Failure: 46822577063395887337747847899479931724 : http://localhost:4200/ -> Failed to load resource: net::ERR_CONNECTION_REFUSED
2022-05-26 12:09:35 ERROR    Failure: 204148924151735858044210481229518018319 : http://localhost:4200/ -> status code(400) -> 
2022-05-26 12:09:36 ERROR    Failure: 209036318680772634052885377060412114839 : http://localhost:4200/ -> Access to XMLHttpRequest at 'https://geoip.nekudo.com/api' from origin 'http://localhost:4200' has been blocked by CORS policy: No 'Access-Control-Allow-Origin' header is present on the requested resource.
2022-05-26 12:09:36 ERROR    Failure: 116883329609946864055106810307069809545 : http://localhost:4200/ -> JSHandle@object
2022-05-26 12:09:36 ERROR    Failure: 262513326802567628094931167029883077585 : http://localhost:4200/new -> net::ERR_ABORTED
2022-05-26 12:09:38 ERROR    Failure: 223684313413012242652925975724179693671 : http://localhost:4200/ -> net::ERR_CONNECTION_REFUSED
2022-05-26 12:09:38 ERROR    Failure: 46822577063395887337747847899479931724 : http://localhost:4200/ -> Failed to load resource: net::ERR_CONNECTION_REFUSED
2022-05-26 12:09:41 ERROR    Failure: 204148924151735858044210481229518018319 : http://localhost:4200/ -> status code(400) -> 
2022-05-26 12:09:41 ERROR    Failure: 209036318680772634052885377060412114839 : http://localhost:4200/ -> Access to XMLHttpRequest at 'https://geoip.nekudo.com/api' from origin 'http://localhost:4200' has been blocked by CORS policy: No 'Access-Control-Allow-Origin' header is present on the requested resource.
2022-05-26 12:09:41 ERROR    Failure: 116883329609946864055106810307069809545 : http://localhost:4200/ -> JSHandle@object
2022-05-26 12:09:41 ERROR    Failure: 262513326802567628094931167029883077585 : http://localhost:4200/new -> net::ERR_ABORTED
2022-05-26 12:09:46 ERROR    Failure: 223684313413012242652925975724179693671 : http://localhost:4200/ -> net::ERR_CONNECTION_REFUSED
2022-05-26 12:09:46 ERROR    Failure: 46822577063395887337747847899479931724 : http://localhost:4200/ -> Failed to load resource: net::ERR_CONNECTION_REFUSED
2022-05-26 12:09:50 ERROR    Failure: 204148924151735858044210481229518018319 : http://localhost:4200/ -> status code(400) -> 
2022-05-26 12:09:51 ERROR    Failure: 209036318680772634052885377060412114839 : http://localhost:4200/ -> Access to XMLHttpRequest at 'https://geoip.nekudo.com/api' from origin 'http://localhost:4200' has been blocked by CORS policy: No 'Access-Control-Allow-Origin' header is present on the requested resource.
2022-05-26 12:09:51 ERROR    Failure: 116883329609946864055106810307069809545 : http://localhost:4200/ -> JSHandle@object
2022-05-26 12:09:51 ERROR    Failure: 262513326802567628094931167029883077585 : http://localhost:4200/new -> net::ERR_ABORTED
2022-05-26 12:09:54 ERROR    Failure: 223684313413012242652925975724179693671 : http://localhost:4200/ -> net::ERR_CONNECTION_REFUSED
2022-05-26 12:09:54 ERROR    Failure: 46822577063395887337747847899479931724 : http://localhost:4200/ -> Failed to load resource: net::ERR_CONNECTION_REFUSED
2022-05-26 12:09:59 ERROR    Failure: 204148924151735858044210481229518018319 : http://localhost:4200/ -> status code(400) -> 
2022-05-26 12:10:00 ERROR    Failure: 209036318680772634052885377060412114839 : http://localhost:4200/ -> Access to XMLHttpRequest at 'https://geoip.nekudo.com/api' from origin 'http://localhost:4200' has been blocked by CORS policy: No 'Access-Control-Allow-Origin' header is present on the requested resource.
2022-05-26 12:10:00 ERROR    Failure: 116883329609946864055106810307069809545 : http://localhost:4200/ -> JSHandle@object
2022-05-26 12:10:00 ERROR    Failure: 262513326802567628094931167029883077585 : http://localhost:4200/new -> net::ERR_ABORTED
2022-05-26 12:10:03 ERROR    Failure: 223684313413012242652925975724179693671 : http://localhost:4200/ -> net::ERR_CONNECTION_REFUSED
2022-05-26 12:10:03 ERROR    Failure: 46822577063395887337747847899479931724 : http://localhost:4200/ -> Failed to load resource: net::ERR_CONNECTION_REFUSED
2022-05-26 12:10:06 ERROR    Failure: 204148924151735858044210481229518018319 : http://localhost:4200/ -> status code(400) -> 
2022-05-26 12:10:07 ERROR    Failure: 209036318680772634052885377060412114839 : http://localhost:4200/ -> Access to XMLHttpRequest at 'https://geoip.nekudo.com/api' from origin 'http://localhost:4200' has been blocked by CORS policy: No 'Access-Control-Allow-Origin' header is present on the requested resource.
2022-05-26 12:10:07 ERROR    Failure: 116883329609946864055106810307069809545 : http://localhost:4200/ -> JSHandle@object
2022-05-26 12:10:07 ERROR    Failure: 262513326802567628094931167029883077585 : http://localhost:4200/new -> net::ERR_ABORTED
2022-05-26 12:10:10 ERROR    Failure: 223684313413012242652925975724179693671 : http://localhost:4200/ -> net::ERR_CONNECTION_REFUSED
2022-05-26 12:10:10 ERROR    Failure: 46822577063395887337747847899479931724 : http://localhost:4200/ -> Failed to load resource: net::ERR_CONNECTION_REFUSED
2022-05-26 12:10:14 ERROR    Failure: 204148924151735858044210481229518018319 : http://localhost:4200/ -> status code(400) -> 
2022-05-26 12:10:14 ERROR    Failure: 209036318680772634052885377060412114839 : http://localhost:4200/ -> Access to XMLHttpRequest at 'https://geoip.nekudo.com/api' from origin 'http://localhost:4200' has been blocked by CORS policy: No 'Access-Control-Allow-Origin' header is present on the requested resource.
2022-05-26 12:10:14 ERROR    Failure: 116883329609946864055106810307069809545 : http://localhost:4200/ -> JSHandle@object
2022-05-26 12:10:15 ERROR    Failure: 262513326802567628094931167029883077585 : http://localhost:4200/new -> net::ERR_ABORTED
2022-05-26 12:10:19 ERROR    Failure: 223684313413012242652925975724179693671 : http://localhost:4200/ -> net::ERR_CONNECTION_REFUSED
2022-05-26 12:10:19 ERROR    Failure: 46822577063395887337747847899479931724 : http://localhost:4200/ -> Failed to load resource: net::ERR_CONNECTION_REFUSED
2022-05-26 12:10:21 ERROR    Failure: 204148924151735858044210481229518018319 : http://localhost:4200/ -> status code(400) -> 
2022-05-26 12:10:22 ERROR    Failure: 209036318680772634052885377060412114839 : http://localhost:4200/ -> Access to XMLHttpRequest at 'https://geoip.nekudo.com/api' from origin 'http://localhost:4200' has been blocked by CORS policy: No 'Access-Control-Allow-Origin' header is present on the requested resource.
2022-05-26 12:10:22 ERROR    Failure: 116883329609946864055106810307069809545 : http://localhost:4200/ -> JSHandle@object
2022-05-26 12:10:22 ERROR    Failure: 262513326802567628094931167029883077585 : http://localhost:4200/new -> net::ERR_ABORTED
2022-05-26 12:10:26 ERROR    Failure: 223684313413012242652925975724179693671 : http://localhost:4200/ -> net::ERR_CONNECTION_REFUSED
2022-05-26 12:10:26 ERROR    Failure: 46822577063395887337747847899479931724 : http://localhost:4200/ -> Failed to load resource: net::ERR_CONNECTION_REFUSED
2022-05-26 12:10:30 ERROR    Failure: 204148924151735858044210481229518018319 : http://localhost:4200/ -> status code(400) -> 
2022-05-26 12:10:30 ERROR    Failure: 209036318680772634052885377060412114839 : http://localhost:4200/ -> Access to XMLHttpRequest at 'https://geoip.nekudo.com/api' from origin 'http://localhost:4200' has been blocked by CORS policy: No 'Access-Control-Allow-Origin' header is present on the requested resource.
2022-05-26 12:10:30 ERROR    Failure: 116883329609946864055106810307069809545 : http://localhost:4200/ -> JSHandle@object
2022-05-26 12:10:31 ERROR    Failure: 262513326802567628094931167029883077585 : http://localhost:4200/new -> net::ERR_ABORTED
2022-05-26 12:10:34 ERROR    Failure: 223684313413012242652925975724179693671 : http://localhost:4200/ -> net::ERR_CONNECTION_REFUSED
2022-05-26 12:10:34 ERROR    Failure: 46822577063395887337747847899479931724 : http://localhost:4200/ -> Failed to load resource: net::ERR_CONNECTION_REFUSED
2022-05-26 12:10:39 ERROR    Failure: 204148924151735858044210481229518018319 : http://localhost:4200/ -> status code(400) -> 
2022-05-26 12:10:39 ERROR    Failure: 209036318680772634052885377060412114839 : http://localhost:4200/ -> Access to XMLHttpRequest at 'https://geoip.nekudo.com/api' from origin 'http://localhost:4200' has been blocked by CORS policy: No 'Access-Control-Allow-Origin' header is present on the requested resource.
2022-05-26 12:10:39 ERROR    Failure: 116883329609946864055106810307069809545 : http://localhost:4200/ -> JSHandle@object
2022-05-26 12:10:39 ERROR    Failure: 262513326802567628094931167029883077585 : http://localhost:4200/new -> net::ERR_ABORTED
2022-05-26 12:10:45 ERROR    Failure: 223684313413012242652925975724179693671 : http://localhost:4200/ -> net::ERR_CONNECTION_REFUSED
2022-05-26 12:10:45 ERROR    Failure: 46822577063395887337747847899479931724 : http://localhost:4200/ -> Failed to load resource: net::ERR_CONNECTION_REFUSED
2022-05-26 12:10:51 ERROR    Failure: 204148924151735858044210481229518018319 : http://localhost:4200/ -> status code(400) -> 
2022-05-26 12:10:51 ERROR    Failure: 209036318680772634052885377060412114839 : http://localhost:4200/ -> Access to XMLHttpRequest at 'https://geoip.nekudo.com/api' from origin 'http://localhost:4200' has been blocked by CORS policy: No 'Access-Control-Allow-Origin' header is present on the requested resource.
2022-05-26 12:10:51 ERROR    Failure: 116883329609946864055106810307069809545 : http://localhost:4200/ -> JSHandle@object
2022-05-26 12:10:51 ERROR    Failure: 262513326802567628094931167029883077585 : http://localhost:4200/new -> net::ERR_ABORTED
2022-05-26 12:10:54 ERROR    Failure: 223684313413012242652925975724179693671 : http://localhost:4200/ -> net::ERR_CONNECTION_REFUSED
2022-05-26 12:10:54 ERROR    Failure: 46822577063395887337747847899479931724 : http://localhost:4200/ -> Failed to load resource: net::ERR_CONNECTION_REFUSED
2022-05-26 12:10:57 ERROR    Failure: 204148924151735858044210481229518018319 : http://localhost:4200/ -> status code(400) -> 
2022-05-26 12:10:58 ERROR    Failure: 209036318680772634052885377060412114839 : http://localhost:4200/ -> Access to XMLHttpRequest at 'https://geoip.nekudo.com/api' from origin 'http://localhost:4200' has been blocked by CORS policy: No 'Access-Control-Allow-Origin' header is present on the requested resource.
2022-05-26 12:10:58 ERROR    Failure: 116883329609946864055106810307069809545 : http://localhost:4200/ -> JSHandle@object
2022-05-26 12:10:58 ERROR    Failure: 262513326802567628094931167029883077585 : http://localhost:4200/new -> net::ERR_ABORTED
2022-05-26 12:11:04 ERROR    Failure: 223684313413012242652925975724179693671 : http://localhost:4200/ -> net::ERR_CONNECTION_REFUSED
2022-05-26 12:11:04 ERROR    Failure: 46822577063395887337747847899479931724 : http://localhost:4200/ -> Failed to load resource: net::ERR_CONNECTION_REFUSED
2022-05-26 12:11:08 ERROR    Failure: 204148924151735858044210481229518018319 : http://localhost:4200/ -> status code(400) -> 
2022-05-26 12:11:08 ERROR    Failure: 209036318680772634052885377060412114839 : http://localhost:4200/ -> Access to XMLHttpRequest at 'https://geoip.nekudo.com/api' from origin 'http://localhost:4200' has been blocked by CORS policy: No 'Access-Control-Allow-Origin' header is present on the requested resource.
2022-05-26 12:11:08 ERROR    Failure: 116883329609946864055106810307069809545 : http://localhost:4200/ -> JSHandle@object
2022-05-26 12:11:08 ERROR    Failure: 262513326802567628094931167029883077585 : http://localhost:4200/new -> net::ERR_ABORTED
2022-05-26 12:11:14 ERROR    Failure: 223684313413012242652925975724179693671 : http://localhost:4200/ -> net::ERR_CONNECTION_REFUSED
2022-05-26 12:11:14 ERROR    Failure: 46822577063395887337747847899479931724 : http://localhost:4200/ -> Failed to load resource: net::ERR_CONNECTION_REFUSED
2022-05-26 12:11:16 ERROR    Failure: 204148924151735858044210481229518018319 : http://localhost:4200/ -> status code(400) -> 
2022-05-26 12:11:17 ERROR    Failure: 209036318680772634052885377060412114839 : http://localhost:4200/ -> Access to XMLHttpRequest at 'https://geoip.nekudo.com/api' from origin 'http://localhost:4200' has been blocked by CORS policy: No 'Access-Control-Allow-Origin' header is present on the requested resource.
2022-05-26 12:11:17 ERROR    Failure: 116883329609946864055106810307069809545 : http://localhost:4200/ -> JSHandle@object
2022-05-26 12:11:17 ERROR    Failure: 262513326802567628094931167029883077585 : http://localhost:4200/new -> net::ERR_ABORTED
2022-05-26 12:11:22 ERROR    Failure: 223684313413012242652925975724179693671 : http://localhost:4200/ -> net::ERR_CONNECTION_REFUSED
2022-05-26 12:11:22 ERROR    Failure: 46822577063395887337747847899479931724 : http://localhost:4200/ -> Failed to load resource: net::ERR_CONNECTION_REFUSED
2022-05-26 12:11:27 ERROR    Failure: 204148924151735858044210481229518018319 : http://localhost:4200/ -> status code(400) -> 
2022-05-26 12:11:27 ERROR    Failure: 209036318680772634052885377060412114839 : http://localhost:4200/ -> Access to XMLHttpRequest at 'https://geoip.nekudo.com/api' from origin 'http://localhost:4200' has been blocked by CORS policy: No 'Access-Control-Allow-Origin' header is present on the requested resource.
2022-05-26 12:11:27 ERROR    Failure: 116883329609946864055106810307069809545 : http://localhost:4200/ -> JSHandle@object
2022-05-26 12:11:27 ERROR    Failure: 262513326802567628094931167029883077585 : http://localhost:4200/new -> net::ERR_ABORTED
2022-05-26 12:11:32 ERROR    Failure: 223684313413012242652925975724179693671 : http://localhost:4200/ -> net::ERR_CONNECTION_REFUSED
2022-05-26 12:11:32 ERROR    Failure: 46822577063395887337747847899479931724 : http://localhost:4200/ -> Failed to load resource: net::ERR_CONNECTION_REFUSED
2022-05-26 12:11:34 ERROR    Failure: 204148924151735858044210481229518018319 : http://localhost:4200/ -> status code(400) -> 
2022-05-26 12:11:35 ERROR    Failure: 209036318680772634052885377060412114839 : http://localhost:4200/ -> Access to XMLHttpRequest at 'https://geoip.nekudo.com/api' from origin 'http://localhost:4200' has been blocked by CORS policy: No 'Access-Control-Allow-Origin' header is present on the requested resource.
2022-05-26 12:11:35 ERROR    Failure: 116883329609946864055106810307069809545 : http://localhost:4200/ -> JSHandle@object
2022-05-26 12:11:35 ERROR    Failure: 262513326802567628094931167029883077585 : http://localhost:4200/new -> net::ERR_ABORTED
2022-05-26 12:11:41 ERROR    Failure: 223684313413012242652925975724179693671 : http://localhost:4200/ -> net::ERR_CONNECTION_REFUSED
2022-05-26 12:11:41 ERROR    Failure: 46822577063395887337747847899479931724 : http://localhost:4200/ -> Failed to load resource: net::ERR_CONNECTION_REFUSED
2022-05-26 12:11:45 ERROR    Failure: 204148924151735858044210481229518018319 : http://localhost:4200/ -> status code(400) -> 
2022-05-26 12:11:45 ERROR    Failure: 209036318680772634052885377060412114839 : http://localhost:4200/ -> Access to XMLHttpRequest at 'https://geoip.nekudo.com/api' from origin 'http://localhost:4200' has been blocked by CORS policy: No 'Access-Control-Allow-Origin' header is present on the requested resource.
2022-05-26 12:11:45 ERROR    Failure: 116883329609946864055106810307069809545 : http://localhost:4200/ -> JSHandle@object
2022-05-26 12:11:46 ERROR    Failure: 262513326802567628094931167029883077585 : http://localhost:4200/new -> net::ERR_ABORTED
2022-05-26 12:11:52 ERROR    Failure: 223684313413012242652925975724179693671 : http://localhost:4200/ -> net::ERR_CONNECTION_REFUSED
2022-05-26 12:11:52 ERROR    Failure: 46822577063395887337747847899479931724 : http://localhost:4200/ -> Failed to load resource: net::ERR_CONNECTION_REFUSED
2022-05-26 12:11:57 ERROR    Failure: 204148924151735858044210481229518018319 : http://localhost:4200/ -> status code(400) -> 
2022-05-26 12:11:57 ERROR    Failure: 209036318680772634052885377060412114839 : http://localhost:4200/ -> Access to XMLHttpRequest at 'https://geoip.nekudo.com/api' from origin 'http://localhost:4200' has been blocked by CORS policy: No 'Access-Control-Allow-Origin' header is present on the requested resource.
2022-05-26 12:11:57 ERROR    Failure: 116883329609946864055106810307069809545 : http://localhost:4200/ -> JSHandle@object
2022-05-26 12:11:58 ERROR    Failure: 262513326802567628094931167029883077585 : http://localhost:4200/new -> net::ERR_ABORTED
2022-05-26 12:12:01 ERROR    Failure: 223684313413012242652925975724179693671 : http://localhost:4200/ -> net::ERR_CONNECTION_REFUSED
2022-05-26 12:12:01 ERROR    Failure: 46822577063395887337747847899479931724 : http://localhost:4200/ -> Failed to load resource: net::ERR_CONNECTION_REFUSED
2022-05-26 12:12:04 ERROR    Failure: 204148924151735858044210481229518018319 : http://localhost:4200/ -> status code(400) -> 
2022-05-26 12:12:05 ERROR    Failure: 209036318680772634052885377060412114839 : http://localhost:4200/ -> Access to XMLHttpRequest at 'https://geoip.nekudo.com/api' from origin 'http://localhost:4200' has been blocked by CORS policy: No 'Access-Control-Allow-Origin' header is present on the requested resource.
2022-05-26 12:12:05 ERROR    Failure: 116883329609946864055106810307069809545 : http://localhost:4200/ -> JSHandle@object
2022-05-26 12:12:05 ERROR    Failure: 262513326802567628094931167029883077585 : http://localhost:4200/new -> net::ERR_ABORTED
2022-05-26 12:12:08 ERROR    Failure: 223684313413012242652925975724179693671 : http://localhost:4200/ -> net::ERR_CONNECTION_REFUSED
2022-05-26 12:12:08 ERROR    Failure: 46822577063395887337747847899479931724 : http://localhost:4200/ -> Failed to load resource: net::ERR_CONNECTION_REFUSED
2022-05-26 12:12:13 ERROR    Failure: 204148924151735858044210481229518018319 : http://localhost:4200/ -> status code(400) -> 
2022-05-26 12:12:13 ERROR    Failure: 209036318680772634052885377060412114839 : http://localhost:4200/ -> Access to XMLHttpRequest at 'https://geoip.nekudo.com/api' from origin 'http://localhost:4200' has been blocked by CORS policy: No 'Access-Control-Allow-Origin' header is present on the requested resource.
2022-05-26 12:12:13 ERROR    Failure: 116883329609946864055106810307069809545 : http://localhost:4200/ -> JSHandle@object
2022-05-26 12:12:13 ERROR    Failure: 262513326802567628094931167029883077585 : http://localhost:4200/new -> net::ERR_ABORTED
2022-05-26 12:12:16 ERROR    Failure: 223684313413012242652925975724179693671 : http://localhost:4200/ -> net::ERR_CONNECTION_REFUSED
2022-05-26 12:12:16 ERROR    Failure: 46822577063395887337747847899479931724 : http://localhost:4200/ -> Failed to load resource: net::ERR_CONNECTION_REFUSED
2022-05-26 12:12:19 ERROR    Failure: 204148924151735858044210481229518018319 : http://localhost:4200/ -> status code(400) -> 
2022-05-26 12:12:19 ERROR    Failure: 209036318680772634052885377060412114839 : http://localhost:4200/ -> Access to XMLHttpRequest at 'https://geoip.nekudo.com/api' from origin 'http://localhost:4200' has been blocked by CORS policy: No 'Access-Control-Allow-Origin' header is present on the requested resource.
2022-05-26 12:12:19 ERROR    Failure: 116883329609946864055106810307069809545 : http://localhost:4200/ -> JSHandle@object
2022-05-26 12:12:19 ERROR    Failure: 262513326802567628094931167029883077585 : http://localhost:4200/new -> net::ERR_ABORTED
2022-05-26 12:12:22 ERROR    Failure: 223684313413012242652925975724179693671 : http://localhost:4200/ -> net::ERR_CONNECTION_REFUSED
2022-05-26 12:12:22 ERROR    Failure: 46822577063395887337747847899479931724 : http://localhost:4200/ -> Failed to load resource: net::ERR_CONNECTION_REFUSED
2022-05-26 12:12:26 ERROR    Failure: 204148924151735858044210481229518018319 : http://localhost:4200/ -> status code(400) -> 
2022-05-26 12:12:27 ERROR    Failure: 209036318680772634052885377060412114839 : http://localhost:4200/ -> Access to XMLHttpRequest at 'https://geoip.nekudo.com/api' from origin 'http://localhost:4200' has been blocked by CORS policy: No 'Access-Control-Allow-Origin' header is present on the requested resource.
2022-05-26 12:12:27 ERROR    Failure: 116883329609946864055106810307069809545 : http://localhost:4200/ -> JSHandle@object
2022-05-26 12:12:27 ERROR    Failure: 262513326802567628094931167029883077585 : http://localhost:4200/new -> net::ERR_ABORTED
2022-05-26 12:12:32 ERROR    Failure: 223684313413012242652925975724179693671 : http://localhost:4200/ -> net::ERR_CONNECTION_REFUSED
2022-05-26 12:12:32 ERROR    Failure: 46822577063395887337747847899479931724 : http://localhost:4200/ -> Failed to load resource: net::ERR_CONNECTION_REFUSED
2022-05-26 12:12:39 ERROR    Failure: 204148924151735858044210481229518018319 : http://localhost:4200/ -> status code(400) -> 
2022-05-26 12:12:40 ERROR    Failure: 209036318680772634052885377060412114839 : http://localhost:4200/ -> Access to XMLHttpRequest at 'https://geoip.nekudo.com/api' from origin 'http://localhost:4200' has been blocked by CORS policy: No 'Access-Control-Allow-Origin' header is present on the requested resource.
2022-05-26 12:12:40 ERROR    Failure: 116883329609946864055106810307069809545 : http://localhost:4200/ -> JSHandle@object
2022-05-26 12:12:40 ERROR    Failure: 262513326802567628094931167029883077585 : http://localhost:4200/new -> net::ERR_ABORTED
2022-05-26 12:12:42 ERROR    Failure: 223684313413012242652925975724179693671 : http://localhost:4200/ -> net::ERR_CONNECTION_REFUSED
2022-05-26 12:12:42 ERROR    Failure: 46822577063395887337747847899479931724 : http://localhost:4200/ -> Failed to load resource: net::ERR_CONNECTION_REFUSED
2022-05-26 12:12:45 ERROR    Failure: 204148924151735858044210481229518018319 : http://localhost:4200/ -> status code(400) -> 
2022-05-26 12:12:45 ERROR    Failure: 209036318680772634052885377060412114839 : http://localhost:4200/ -> Access to XMLHttpRequest at 'https://geoip.nekudo.com/api' from origin 'http://localhost:4200' has been blocked by CORS policy: No 'Access-Control-Allow-Origin' header is present on the requested resource.
2022-05-26 12:12:45 ERROR    Failure: 116883329609946864055106810307069809545 : http://localhost:4200/ -> JSHandle@object
2022-05-26 12:12:45 ERROR    Failure: 262513326802567628094931167029883077585 : http://localhost:4200/new -> net::ERR_ABORTED
2022-05-26 12:12:49 ERROR    Failure: 223684313413012242652925975724179693671 : http://localhost:4200/ -> net::ERR_CONNECTION_REFUSED
2022-05-26 12:12:49 ERROR    Failure: 46822577063395887337747847899479931724 : http://localhost:4200/ -> Failed to load resource: net::ERR_CONNECTION_REFUSED
2022-05-26 12:12:54 ERROR    Failure: 204148924151735858044210481229518018319 : http://localhost:4200/ -> status code(400) -> 
2022-05-26 12:12:55 ERROR    Failure: 209036318680772634052885377060412114839 : http://localhost:4200/ -> Access to XMLHttpRequest at 'https://geoip.nekudo.com/api' from origin 'http://localhost:4200' has been blocked by CORS policy: No 'Access-Control-Allow-Origin' header is present on the requested resource.
2022-05-26 12:12:55 ERROR    Failure: 116883329609946864055106810307069809545 : http://localhost:4200/ -> JSHandle@object
2022-05-26 12:12:55 ERROR    Failure: 262513326802567628094931167029883077585 : http://localhost:4200/new -> net::ERR_ABORTED
2022-05-26 12:13:00 ERROR    Failure: 223684313413012242652925975724179693671 : http://localhost:4200/ -> net::ERR_CONNECTION_REFUSED
2022-05-26 12:13:00 ERROR    Failure: 46822577063395887337747847899479931724 : http://localhost:4200/ -> Failed to load resource: net::ERR_CONNECTION_REFUSED
2022-05-26 12:13:09 ERROR    Failure: 204148924151735858044210481229518018319 : http://localhost:4200/ -> status code(400) -> 
2022-05-26 12:13:10 ERROR    Failure: 209036318680772634052885377060412114839 : http://localhost:4200/ -> Access to XMLHttpRequest at 'https://geoip.nekudo.com/api' from origin 'http://localhost:4200' has been blocked by CORS policy: No 'Access-Control-Allow-Origin' header is present on the requested resource.
2022-05-26 12:13:10 ERROR    Failure: 116883329609946864055106810307069809545 : http://localhost:4200/ -> JSHandle@object
2022-05-26 12:13:10 ERROR    Failure: 262513326802567628094931167029883077585 : http://localhost:4200/new -> net::ERR_ABORTED
2022-05-26 12:13:10 ERROR    Failure: 223684313413012242652925975724179693671 : http://localhost:4200/ -> net::ERR_CONNECTION_REFUSED
2022-05-26 12:13:10 ERROR    Failure: 46822577063395887337747847899479931724 : http://localhost:4200/ -> Failed to load resource: net::ERR_CONNECTION_REFUSED
2022-05-26 12:13:15 ERROR    Failure: 204148924151735858044210481229518018319 : http://localhost:4200/ -> status code(400) -> 
2022-05-26 12:13:16 ERROR    Failure: 209036318680772634052885377060412114839 : http://localhost:4200/ -> Access to XMLHttpRequest at 'https://geoip.nekudo.com/api' from origin 'http://localhost:4200' has been blocked by CORS policy: No 'Access-Control-Allow-Origin' header is present on the requested resource.
2022-05-26 12:13:16 ERROR    Failure: 116883329609946864055106810307069809545 : http://localhost:4200/ -> JSHandle@object
2022-05-26 12:13:16 ERROR    Failure: 262513326802567628094931167029883077585 : http://localhost:4200/new -> net::ERR_ABORTED
2022-05-26 12:13:20 ERROR    Failure: 223684313413012242652925975724179693671 : http://localhost:4200/ -> net::ERR_CONNECTION_REFUSED
2022-05-26 12:13:20 ERROR    Failure: 46822577063395887337747847899479931724 : http://localhost:4200/ -> Failed to load resource: net::ERR_CONNECTION_REFUSED
2022-05-26 12:13:25 ERROR    Failure: 204148924151735858044210481229518018319 : http://localhost:4200/ -> status code(400) -> 
2022-05-26 12:13:25 ERROR    Failure: 209036318680772634052885377060412114839 : http://localhost:4200/ -> Access to XMLHttpRequest at 'https://geoip.nekudo.com/api' from origin 'http://localhost:4200' has been blocked by CORS policy: No 'Access-Control-Allow-Origin' header is present on the requested resource.
2022-05-26 12:13:25 ERROR    Failure: 116883329609946864055106810307069809545 : http://localhost:4200/ -> JSHandle@object
2022-05-26 12:13:25 ERROR    Failure: 262513326802567628094931167029883077585 : http://localhost:4200/new -> net::ERR_ABORTED
2022-05-26 12:13:30 ERROR    Failure: 223684313413012242652925975724179693671 : http://localhost:4200/ -> net::ERR_CONNECTION_REFUSED
2022-05-26 12:13:30 ERROR    Failure: 46822577063395887337747847899479931724 : http://localhost:4200/ -> Failed to load resource: net::ERR_CONNECTION_REFUSED
2022-05-26 12:13:34 ERROR    Failure: 204148924151735858044210481229518018319 : http://localhost:4200/ -> status code(400) -> 
2022-05-26 12:13:34 ERROR    Failure: 209036318680772634052885377060412114839 : http://localhost:4200/ -> Access to XMLHttpRequest at 'https://geoip.nekudo.com/api' from origin 'http://localhost:4200' has been blocked by CORS policy: No 'Access-Control-Allow-Origin' header is present on the requested resource.
2022-05-26 12:13:34 ERROR    Failure: 116883329609946864055106810307069809545 : http://localhost:4200/ -> JSHandle@object
2022-05-26 12:13:34 ERROR    Failure: 262513326802567628094931167029883077585 : http://localhost:4200/new -> net::ERR_ABORTED
2022-05-26 12:13:37 ERROR    Failure: 223684313413012242652925975724179693671 : http://localhost:4200/ -> net::ERR_CONNECTION_REFUSED
2022-05-26 12:13:37 ERROR    Failure: 46822577063395887337747847899479931724 : http://localhost:4200/ -> Failed to load resource: net::ERR_CONNECTION_REFUSED
2022-05-26 12:13:41 ERROR    Failure: 204148924151735858044210481229518018319 : http://localhost:4200/ -> status code(400) -> 
2022-05-26 12:13:42 ERROR    Failure: 209036318680772634052885377060412114839 : http://localhost:4200/ -> Access to XMLHttpRequest at 'https://geoip.nekudo.com/api' from origin 'http://localhost:4200' has been blocked by CORS policy: No 'Access-Control-Allow-Origin' header is present on the requested resource.
2022-05-26 12:13:42 ERROR    Failure: 116883329609946864055106810307069809545 : http://localhost:4200/ -> JSHandle@object
2022-05-26 12:13:42 ERROR    Failure: 262513326802567628094931167029883077585 : http://localhost:4200/new -> net::ERR_ABORTED
2022-05-26 12:13:46 ERROR    Failure: 223684313413012242652925975724179693671 : http://localhost:4200/ -> net::ERR_CONNECTION_REFUSED
2022-05-26 12:13:46 ERROR    Failure: 46822577063395887337747847899479931724 : http://localhost:4200/ -> Failed to load resource: net::ERR_CONNECTION_REFUSED
2022-05-26 12:13:52 ERROR    Failure: 204148924151735858044210481229518018319 : http://localhost:4200/ -> status code(400) -> 
2022-05-26 12:13:52 ERROR    Failure: 209036318680772634052885377060412114839 : http://localhost:4200/ -> Access to XMLHttpRequest at 'https://geoip.nekudo.com/api' from origin 'http://localhost:4200' has been blocked by CORS policy: No 'Access-Control-Allow-Origin' header is present on the requested resource.
2022-05-26 12:13:52 ERROR    Failure: 116883329609946864055106810307069809545 : http://localhost:4200/ -> JSHandle@object
2022-05-26 12:13:52 ERROR    Failure: 262513326802567628094931167029883077585 : http://localhost:4200/new -> net::ERR_ABORTED
2022-05-26 12:13:55 ERROR    Failure: 223684313413012242652925975724179693671 : http://localhost:4200/ -> net::ERR_CONNECTION_REFUSED
2022-05-26 12:13:55 ERROR    Failure: 46822577063395887337747847899479931724 : http://localhost:4200/ -> Failed to load resource: net::ERR_CONNECTION_REFUSED
2022-05-26 12:13:58 ERROR    Failure: 204148924151735858044210481229518018319 : http://localhost:4200/ -> status code(400) -> 
2022-05-26 12:13:58 ERROR    Failure: 209036318680772634052885377060412114839 : http://localhost:4200/ -> Access to XMLHttpRequest at 'https://geoip.nekudo.com/api' from origin 'http://localhost:4200' has been blocked by CORS policy: No 'Access-Control-Allow-Origin' header is present on the requested resource.
2022-05-26 12:13:58 ERROR    Failure: 116883329609946864055106810307069809545 : http://localhost:4200/ -> JSHandle@object
2022-05-26 12:13:58 ERROR    Failure: 262513326802567628094931167029883077585 : http://localhost:4200/new -> net::ERR_ABORTED
2022-05-26 12:14:04 ERROR    Failure: 223684313413012242652925975724179693671 : http://localhost:4200/ -> net::ERR_CONNECTION_REFUSED
2022-05-26 12:14:04 ERROR    Failure: 46822577063395887337747847899479931724 : http://localhost:4200/ -> Failed to load resource: net::ERR_CONNECTION_REFUSED
2022-05-26 12:14:07 ERROR    Failure: 204148924151735858044210481229518018319 : http://localhost:4200/ -> status code(400) -> 
2022-05-26 12:14:08 ERROR    Failure: 209036318680772634052885377060412114839 : http://localhost:4200/ -> Access to XMLHttpRequest at 'https://geoip.nekudo.com/api' from origin 'http://localhost:4200' has been blocked by CORS policy: No 'Access-Control-Allow-Origin' header is present on the requested resource.
2022-05-26 12:14:08 ERROR    Failure: 116883329609946864055106810307069809545 : http://localhost:4200/ -> JSHandle@object
2022-05-26 12:14:08 ERROR    Failure: 262513326802567628094931167029883077585 : http://localhost:4200/new -> net::ERR_ABORTED
2022-05-26 12:14:12 ERROR    Failure: 223684313413012242652925975724179693671 : http://localhost:4200/ -> net::ERR_CONNECTION_REFUSED
2022-05-26 12:14:12 ERROR    Failure: 46822577063395887337747847899479931724 : http://localhost:4200/ -> Failed to load resource: net::ERR_CONNECTION_REFUSED
2022-05-26 12:14:17 ERROR    Failure: 204148924151735858044210481229518018319 : http://localhost:4200/ -> status code(400) -> 
2022-05-26 12:14:17 ERROR    Failure: 209036318680772634052885377060412114839 : http://localhost:4200/ -> Access to XMLHttpRequest at 'https://geoip.nekudo.com/api' from origin 'http://localhost:4200' has been blocked by CORS policy: No 'Access-Control-Allow-Origin' header is present on the requested resource.
2022-05-26 12:14:17 ERROR    Failure: 116883329609946864055106810307069809545 : http://localhost:4200/ -> JSHandle@object
2022-05-26 12:14:17 ERROR    Failure: 262513326802567628094931167029883077585 : http://localhost:4200/new -> net::ERR_ABORTED
2022-05-26 12:14:21 ERROR    Failure: 223684313413012242652925975724179693671 : http://localhost:4200/ -> net::ERR_CONNECTION_REFUSED
2022-05-26 12:14:21 ERROR    Failure: 46822577063395887337747847899479931724 : http://localhost:4200/ -> Failed to load resource: net::ERR_CONNECTION_REFUSED
2022-05-26 12:14:22 ERROR    Failure: 204148924151735858044210481229518018319 : http://localhost:4200/ -> status code(400) -> 
2022-05-26 12:14:22 ERROR    Failure: 209036318680772634052885377060412114839 : http://localhost:4200/ -> Access to XMLHttpRequest at 'https://geoip.nekudo.com/api' from origin 'http://localhost:4200' has been blocked by CORS policy: No 'Access-Control-Allow-Origin' header is present on the requested resource.
2022-05-26 12:14:22 ERROR    Failure: 116883329609946864055106810307069809545 : http://localhost:4200/ -> JSHandle@object
2022-05-26 12:14:22 ERROR    Failure: 262513326802567628094931167029883077585 : http://localhost:4200/new -> net::ERR_ABORTED
2022-05-26 12:14:26 ERROR    Failure: 223684313413012242652925975724179693671 : http://localhost:4200/ -> net::ERR_CONNECTION_REFUSED
2022-05-26 12:14:26 ERROR    Failure: 46822577063395887337747847899479931724 : http://localhost:4200/ -> Failed to load resource: net::ERR_CONNECTION_REFUSED
2022-05-26 12:14:34 ERROR    Failure: 204148924151735858044210481229518018319 : http://localhost:4200/ -> status code(400) -> 
2022-05-26 12:14:35 ERROR    Failure: 209036318680772634052885377060412114839 : http://localhost:4200/ -> Access to XMLHttpRequest at 'https://geoip.nekudo.com/api' from origin 'http://localhost:4200' has been blocked by CORS policy: No 'Access-Control-Allow-Origin' header is present on the requested resource.
2022-05-26 12:14:35 ERROR    Failure: 116883329609946864055106810307069809545 : http://localhost:4200/ -> JSHandle@object
2022-05-26 12:14:35 ERROR    Failure: 262513326802567628094931167029883077585 : http://localhost:4200/new -> net::ERR_ABORTED
2022-05-26 12:14:36 ERROR    Failure: 223684313413012242652925975724179693671 : http://localhost:4200/ -> net::ERR_CONNECTION_REFUSED
2022-05-26 12:14:36 ERROR    Failure: 46822577063395887337747847899479931724 : http://localhost:4200/ -> Failed to load resource: net::ERR_CONNECTION_REFUSED
2022-05-26 12:14:41 ERROR    Failure: 204148924151735858044210481229518018319 : http://localhost:4200/ -> status code(400) -> 
2022-05-26 12:14:42 ERROR    Failure: 209036318680772634052885377060412114839 : http://localhost:4200/ -> Access to XMLHttpRequest at 'https://geoip.nekudo.com/api' from origin 'http://localhost:4200' has been blocked by CORS policy: No 'Access-Control-Allow-Origin' header is present on the requested resource.
2022-05-26 12:14:42 ERROR    Failure: 116883329609946864055106810307069809545 : http://localhost:4200/ -> JSHandle@object
2022-05-26 12:14:42 ERROR    Failure: 262513326802567628094931167029883077585 : http://localhost:4200/new -> net::ERR_ABORTED
2022-05-26 12:14:43 ERROR    Failure: 223684313413012242652925975724179693671 : http://localhost:4200/ -> net::ERR_CONNECTION_REFUSED
2022-05-26 12:14:43 ERROR    Failure: 46822577063395887337747847899479931724 : http://localhost:4200/ -> Failed to load resource: net::ERR_CONNECTION_REFUSED
2022-05-26 12:14:47 ERROR    Failure: 204148924151735858044210481229518018319 : http://localhost:4200/ -> status code(400) -> 
2022-05-26 12:14:47 ERROR    Failure: 209036318680772634052885377060412114839 : http://localhost:4200/ -> Access to XMLHttpRequest at 'https://geoip.nekudo.com/api' from origin 'http://localhost:4200' has been blocked by CORS policy: No 'Access-Control-Allow-Origin' header is present on the requested resource.
2022-05-26 12:14:47 ERROR    Failure: 116883329609946864055106810307069809545 : http://localhost:4200/ -> JSHandle@object
2022-05-26 12:14:47 ERROR    Failure: 262513326802567628094931167029883077585 : http://localhost:4200/new -> net::ERR_ABORTED
2022-05-26 12:14:54 ERROR    Failure: 223684313413012242652925975724179693671 : http://localhost:4200/ -> net::ERR_CONNECTION_REFUSED
2022-05-26 12:14:54 ERROR    Failure: 46822577063395887337747847899479931724 : http://localhost:4200/ -> Failed to load resource: net::ERR_CONNECTION_REFUSED
2022-05-26 12:14:56 ERROR    Failure: 204148924151735858044210481229518018319 : http://localhost:4200/ -> status code(400) -> 
2022-05-26 12:14:57 ERROR    Failure: 209036318680772634052885377060412114839 : http://localhost:4200/ -> Access to XMLHttpRequest at 'https://geoip.nekudo.com/api' from origin 'http://localhost:4200' has been blocked by CORS policy: No 'Access-Control-Allow-Origin' header is present on the requested resource.
2022-05-26 12:14:57 ERROR    Failure: 116883329609946864055106810307069809545 : http://localhost:4200/ -> JSHandle@object
2022-05-26 12:14:57 ERROR    Failure: 262513326802567628094931167029883077585 : http://localhost:4200/new -> net::ERR_ABORTED
2022-05-26 12:15:02 ERROR    Failure: 223684313413012242652925975724179693671 : http://localhost:4200/ -> net::ERR_CONNECTION_REFUSED
2022-05-26 12:15:02 ERROR    Failure: 46822577063395887337747847899479931724 : http://localhost:4200/ -> Failed to load resource: net::ERR_CONNECTION_REFUSED
2022-05-26 12:15:09 ERROR    Failure: 204148924151735858044210481229518018319 : http://localhost:4200/ -> status code(400) -> 
2022-05-26 12:15:10 ERROR    Failure: 209036318680772634052885377060412114839 : http://localhost:4200/ -> Access to XMLHttpRequest at 'https://geoip.nekudo.com/api' from origin 'http://localhost:4200' has been blocked by CORS policy: No 'Access-Control-Allow-Origin' header is present on the requested resource.
2022-05-26 12:15:10 ERROR    Failure: 116883329609946864055106810307069809545 : http://localhost:4200/ -> JSHandle@object
2022-05-26 12:15:10 ERROR    Failure: 262513326802567628094931167029883077585 : http://localhost:4200/new -> net::ERR_ABORTED
2022-05-26 12:15:12 ERROR    Failure: 223684313413012242652925975724179693671 : http://localhost:4200/ -> net::ERR_CONNECTION_REFUSED
2022-05-26 12:15:12 ERROR    Failure: 46822577063395887337747847899479931724 : http://localhost:4200/ -> Failed to load resource: net::ERR_CONNECTION_REFUSED
2022-05-26 12:15:18 ERROR    Failure: 204148924151735858044210481229518018319 : http://localhost:4200/ -> status code(400) -> 
2022-05-26 12:15:19 ERROR    Failure: 209036318680772634052885377060412114839 : http://localhost:4200/ -> Access to XMLHttpRequest at 'https://geoip.nekudo.com/api' from origin 'http://localhost:4200' has been blocked by CORS policy: No 'Access-Control-Allow-Origin' header is present on the requested resource.
2022-05-26 12:15:19 ERROR    Failure: 116883329609946864055106810307069809545 : http://localhost:4200/ -> JSHandle@object
2022-05-26 12:15:19 ERROR    Failure: 262513326802567628094931167029883077585 : http://localhost:4200/new -> net::ERR_ABORTED
2022-05-26 12:15:21 ERROR    Failure: 223684313413012242652925975724179693671 : http://localhost:4200/ -> net::ERR_CONNECTION_REFUSED
2022-05-26 12:15:21 ERROR    Failure: 46822577063395887337747847899479931724 : http://localhost:4200/ -> Failed to load resource: net::ERR_CONNECTION_REFUSED
2022-05-26 12:15:25 ERROR    Failure: 204148924151735858044210481229518018319 : http://localhost:4200/ -> status code(400) -> 
2022-05-26 12:15:26 ERROR    Failure: 209036318680772634052885377060412114839 : http://localhost:4200/ -> Access to XMLHttpRequest at 'https://geoip.nekudo.com/api' from origin 'http://localhost:4200' has been blocked by CORS policy: No 'Access-Control-Allow-Origin' header is present on the requested resource.
2022-05-26 12:15:26 ERROR    Failure: 116883329609946864055106810307069809545 : http://localhost:4200/ -> JSHandle@object
2022-05-26 12:15:26 ERROR    Failure: 262513326802567628094931167029883077585 : http://localhost:4200/new -> net::ERR_ABORTED
2022-05-26 12:15:29 ERROR    Failure: 223684313413012242652925975724179693671 : http://localhost:4200/ -> net::ERR_CONNECTION_REFUSED
2022-05-26 12:15:29 ERROR    Failure: 46822577063395887337747847899479931724 : http://localhost:4200/ -> Failed to load resource: net::ERR_CONNECTION_REFUSED
2022-05-26 12:15:33 ERROR    Failure: 204148924151735858044210481229518018319 : http://localhost:4200/ -> status code(400) -> 
2022-05-26 12:15:33 ERROR    Failure: 209036318680772634052885377060412114839 : http://localhost:4200/ -> Access to XMLHttpRequest at 'https://geoip.nekudo.com/api' from origin 'http://localhost:4200' has been blocked by CORS policy: No 'Access-Control-Allow-Origin' header is present on the requested resource.
2022-05-26 12:15:33 ERROR    Failure: 116883329609946864055106810307069809545 : http://localhost:4200/ -> JSHandle@object
2022-05-26 12:15:33 ERROR    Failure: 262513326802567628094931167029883077585 : http://localhost:4200/new -> net::ERR_ABORTED
2022-05-26 12:15:38 ERROR    Failure: 223684313413012242652925975724179693671 : http://localhost:4200/ -> net::ERR_CONNECTION_REFUSED
2022-05-26 12:15:38 ERROR    Failure: 46822577063395887337747847899479931724 : http://localhost:4200/ -> Failed to load resource: net::ERR_CONNECTION_REFUSED
2022-05-26 12:15:45 ERROR    Failure: 204148924151735858044210481229518018319 : http://localhost:4200/ -> status code(400) -> 
2022-05-26 12:15:45 ERROR    Failure: 209036318680772634052885377060412114839 : http://localhost:4200/ -> Access to XMLHttpRequest at 'https://geoip.nekudo.com/api' from origin 'http://localhost:4200' has been blocked by CORS policy: No 'Access-Control-Allow-Origin' header is present on the requested resource.
2022-05-26 12:15:45 ERROR    Failure: 116883329609946864055106810307069809545 : http://localhost:4200/ -> JSHandle@object
2022-05-26 12:15:45 ERROR    Failure: 262513326802567628094931167029883077585 : http://localhost:4200/new -> net::ERR_ABORTED
2022-05-26 12:15:46 ERROR    Failure: 223684313413012242652925975724179693671 : http://localhost:4200/ -> net::ERR_CONNECTION_REFUSED
2022-05-26 12:15:46 ERROR    Failure: 46822577063395887337747847899479931724 : http://localhost:4200/ -> Failed to load resource: net::ERR_CONNECTION_REFUSED
2022-05-26 12:15:47 ERROR    Failure: 223684313413012242652925975724179693671 : http://localhost:4200/ -> net::ERR_CONNECTION_REFUSED
2022-05-26 12:15:47 ERROR    Failure: 46822577063395887337747847899479931724 : http://localhost:4200/ -> Failed to load resource: net::ERR_CONNECTION_REFUSED
2022-05-26 12:15:50 ERROR    Failure: 223684313413012242652925975724179693671 : http://localhost:4200/ -> net::ERR_CONNECTION_REFUSED
2022-05-26 12:15:50 ERROR    Failure: 46822577063395887337747847899479931724 : http://localhost:4200/ -> Failed to load resource: net::ERR_CONNECTION_REFUSED
2022-05-26 12:15:51 ERROR    Failure: 223684313413012242652925975724179693671 : http://localhost:4200/ -> net::ERR_CONNECTION_REFUSED
2022-05-26 12:15:51 ERROR    Failure: 46822577063395887337747847899479931724 : http://localhost:4200/ -> Failed to load resource: net::ERR_CONNECTION_REFUSED
2022-05-26 12:15:54 ERROR    Failure: 223684313413012242652925975724179693671 : http://localhost:4200/ -> net::ERR_CONNECTION_REFUSED
2022-05-26 12:15:54 ERROR    Failure: 46822577063395887337747847899479931724 : http://localhost:4200/ -> Failed to load resource: net::ERR_CONNECTION_REFUSED
2022-05-26 12:15:55 ERROR    Failure: 223684313413012242652925975724179693671 : http://localhost:4200/ -> net::ERR_CONNECTION_REFUSED
2022-05-26 12:15:55 ERROR    Failure: 46822577063395887337747847899479931724 : http://localhost:4200/ -> Failed to load resource: net::ERR_CONNECTION_REFUSED
2022-05-26 12:15:58 ERROR    Failure: 223684313413012242652925975724179693671 : http://localhost:4200/ -> net::ERR_CONNECTION_REFUSED
2022-05-26 12:15:58 ERROR    Failure: 46822577063395887337747847899479931724 : http://localhost:4200/ -> Failed to load resource: net::ERR_CONNECTION_REFUSED
2022-05-26 12:15:59 ERROR    Failure: 223684313413012242652925975724179693671 : http://localhost:4200/ -> net::ERR_CONNECTION_REFUSED
2022-05-26 12:15:59 ERROR    Failure: 46822577063395887337747847899479931724 : http://localhost:4200/ -> Failed to load resource: net::ERR_CONNECTION_REFUSED
2022-05-26 12:16:02 ERROR    Failure: 223684313413012242652925975724179693671 : http://localhost:4200/ -> net::ERR_CONNECTION_REFUSED
2022-05-26 12:16:03 ERROR    Failure: 46822577063395887337747847899479931724 : http://localhost:4200/ -> Failed to load resource: net::ERR_CONNECTION_REFUSED
2022-05-26 12:16:04 ERROR    Failure: 223684313413012242652925975724179693671 : http://localhost:4200/ -> net::ERR_CONNECTION_REFUSED
2022-05-26 12:16:04 ERROR    Failure: 46822577063395887337747847899479931724 : http://localhost:4200/ -> Failed to load resource: net::ERR_CONNECTION_REFUSED
2022-05-26 12:16:07 ERROR    Failure: 223684313413012242652925975724179693671 : http://localhost:4200/ -> net::ERR_CONNECTION_REFUSED
2022-05-26 12:16:07 ERROR    Failure: 46822577063395887337747847899479931724 : http://localhost:4200/ -> Failed to load resource: net::ERR_CONNECTION_REFUSED
2022-05-26 12:16:08 ERROR    Failure: 223684313413012242652925975724179693671 : http://localhost:4200/ -> net::ERR_CONNECTION_REFUSED
2022-05-26 12:16:08 ERROR    Failure: 46822577063395887337747847899479931724 : http://localhost:4200/ -> Failed to load resource: net::ERR_CONNECTION_REFUSED
2022-05-26 12:16:11 ERROR    Failure: 223684313413012242652925975724179693671 : http://localhost:4200/ -> net::ERR_CONNECTION_REFUSED
2022-05-26 12:16:11 ERROR    Failure: 46822577063395887337747847899479931724 : http://localhost:4200/ -> Failed to load resource: net::ERR_CONNECTION_REFUSED
2022-05-26 12:16:12 ERROR    Failure: 223684313413012242652925975724179693671 : http://localhost:4200/ -> net::ERR_CONNECTION_REFUSED
2022-05-26 12:16:12 ERROR    Failure: 46822577063395887337747847899479931724 : http://localhost:4200/ -> Failed to load resource: net::ERR_CONNECTION_REFUSED
2022-05-26 12:16:15 ERROR    Failure: 223684313413012242652925975724179693671 : http://localhost:4200/ -> net::ERR_CONNECTION_REFUSED
2022-05-26 12:16:15 ERROR    Failure: 46822577063395887337747847899479931724 : http://localhost:4200/ -> Failed to load resource: net::ERR_CONNECTION_REFUSED
2022-05-26 12:16:16 ERROR    Failure: 223684313413012242652925975724179693671 : http://localhost:4200/ -> net::ERR_CONNECTION_REFUSED
2022-05-26 12:16:16 ERROR    Failure: 46822577063395887337747847899479931724 : http://localhost:4200/ -> Failed to load resource: net::ERR_CONNECTION_REFUSED
2022-05-26 12:16:19 ERROR    Failure: 223684313413012242652925975724179693671 : http://localhost:4200/ -> net::ERR_CONNECTION_REFUSED
2022-05-26 12:16:19 ERROR    Failure: 46822577063395887337747847899479931724 : http://localhost:4200/ -> Failed to load resource: net::ERR_CONNECTION_REFUSED
2022-05-26 12:16:20 ERROR    Failure: 223684313413012242652925975724179693671 : http://localhost:4200/ -> net::ERR_CONNECTION_REFUSED
2022-05-26 12:16:20 ERROR    Failure: 46822577063395887337747847899479931724 : http://localhost:4200/ -> Failed to load resource: net::ERR_CONNECTION_REFUSED
2022-05-26 12:16:23 ERROR    Failure: 223684313413012242652925975724179693671 : http://localhost:4200/ -> net::ERR_CONNECTION_REFUSED
2022-05-26 12:16:23 ERROR    Failure: 46822577063395887337747847899479931724 : http://localhost:4200/ -> Failed to load resource: net::ERR_CONNECTION_REFUSED
2022-05-26 12:16:24 ERROR    Failure: 223684313413012242652925975724179693671 : http://localhost:4200/ -> net::ERR_CONNECTION_REFUSED
2022-05-26 12:16:24 ERROR    Failure: 46822577063395887337747847899479931724 : http://localhost:4200/ -> Failed to load resource: net::ERR_CONNECTION_REFUSED
2022-05-26 12:16:26 ERROR    Failure: 223684313413012242652925975724179693671 : http://localhost:4200/ -> net::ERR_CONNECTION_REFUSED
2022-05-26 12:16:26 ERROR    Failure: 46822577063395887337747847899479931724 : http://localhost:4200/ -> Failed to load resource: net::ERR_CONNECTION_REFUSED
2022-05-26 12:16:27 ERROR    Failure: 223684313413012242652925975724179693671 : http://localhost:4200/ -> net::ERR_CONNECTION_REFUSED
2022-05-26 12:16:27 ERROR    Failure: 46822577063395887337747847899479931724 : http://localhost:4200/ -> Failed to load resource: net::ERR_CONNECTION_REFUSED
2022-05-26 12:16:30 ERROR    Failure: 223684313413012242652925975724179693671 : http://localhost:4200/ -> net::ERR_CONNECTION_REFUSED
2022-05-26 12:16:30 ERROR    Failure: 46822577063395887337747847899479931724 : http://localhost:4200/ -> Failed to load resource: net::ERR_CONNECTION_REFUSED
2022-05-26 12:16:31 ERROR    Failure: 223684313413012242652925975724179693671 : http://localhost:4200/ -> net::ERR_CONNECTION_REFUSED
2022-05-26 12:16:31 ERROR    Failure: 46822577063395887337747847899479931724 : http://localhost:4200/ -> Failed to load resource: net::ERR_CONNECTION_REFUSED
2022-05-26 12:16:34 ERROR    Failure: 223684313413012242652925975724179693671 : http://localhost:4200/ -> net::ERR_CONNECTION_REFUSED
2022-05-26 12:16:34 ERROR    Failure: 46822577063395887337747847899479931724 : http://localhost:4200/ -> Failed to load resource: net::ERR_CONNECTION_REFUSED
2022-05-26 12:16:35 ERROR    Failure: 223684313413012242652925975724179693671 : http://localhost:4200/ -> net::ERR_CONNECTION_REFUSED
2022-05-26 12:16:35 ERROR    Failure: 46822577063395887337747847899479931724 : http://localhost:4200/ -> Failed to load resource: net::ERR_CONNECTION_REFUSED
2022-05-26 12:16:39 ERROR    Failure: 223684313413012242652925975724179693671 : http://localhost:4200/ -> net::ERR_CONNECTION_REFUSED
2022-05-26 12:16:39 ERROR    Failure: 46822577063395887337747847899479931724 : http://localhost:4200/ -> Failed to load resource: net::ERR_CONNECTION_REFUSED
2022-05-26 12:16:40 ERROR    Failure: 223684313413012242652925975724179693671 : http://localhost:4200/ -> net::ERR_CONNECTION_REFUSED
2022-05-26 12:16:40 ERROR    Failure: 46822577063395887337747847899479931724 : http://localhost:4200/ -> Failed to load resource: net::ERR_CONNECTION_REFUSED
2022-05-26 12:16:43 ERROR    Failure: 223684313413012242652925975724179693671 : http://localhost:4200/ -> net::ERR_CONNECTION_REFUSED
2022-05-26 12:16:43 ERROR    Failure: 46822577063395887337747847899479931724 : http://localhost:4200/ -> Failed to load resource: net::ERR_CONNECTION_REFUSED
2022-05-26 12:16:44 ERROR    Failure: 223684313413012242652925975724179693671 : http://localhost:4200/ -> net::ERR_CONNECTION_REFUSED
2022-05-26 12:16:44 ERROR    Failure: 46822577063395887337747847899479931724 : http://localhost:4200/ -> Failed to load resource: net::ERR_CONNECTION_REFUSED
2022-05-26 12:16:47 ERROR    Failure: 223684313413012242652925975724179693671 : http://localhost:4200/ -> net::ERR_CONNECTION_REFUSED
2022-05-26 12:16:47 ERROR    Failure: 46822577063395887337747847899479931724 : http://localhost:4200/ -> Failed to load resource: net::ERR_CONNECTION_REFUSED
2022-05-26 12:16:48 ERROR    Failure: 223684313413012242652925975724179693671 : http://localhost:4200/ -> net::ERR_CONNECTION_REFUSED
2022-05-26 12:16:48 ERROR    Failure: 46822577063395887337747847899479931724 : http://localhost:4200/ -> Failed to load resource: net::ERR_CONNECTION_REFUSED
2022-05-26 12:16:51 ERROR    Failure: 223684313413012242652925975724179693671 : http://localhost:4200/ -> net::ERR_CONNECTION_REFUSED
2022-05-26 12:16:51 ERROR    Failure: 46822577063395887337747847899479931724 : http://localhost:4200/ -> Failed to load resource: net::ERR_CONNECTION_REFUSED
2022-05-26 12:16:52 ERROR    Failure: 223684313413012242652925975724179693671 : http://localhost:4200/ -> net::ERR_CONNECTION_REFUSED
2022-05-26 12:16:52 ERROR    Failure: 46822577063395887337747847899479931724 : http://localhost:4200/ -> Failed to load resource: net::ERR_CONNECTION_REFUSED
2022-05-26 12:16:55 ERROR    Failure: 223684313413012242652925975724179693671 : http://localhost:4200/ -> net::ERR_CONNECTION_REFUSED
2022-05-26 12:16:55 ERROR    Failure: 46822577063395887337747847899479931724 : http://localhost:4200/ -> Failed to load resource: net::ERR_CONNECTION_REFUSED
2022-05-26 12:16:56 ERROR    Failure: 223684313413012242652925975724179693671 : http://localhost:4200/ -> net::ERR_CONNECTION_REFUSED
2022-05-26 12:16:56 ERROR    Failure: 46822577063395887337747847899479931724 : http://localhost:4200/ -> Failed to load resource: net::ERR_CONNECTION_REFUSED
2022-05-26 12:16:59 ERROR    Failure: 223684313413012242652925975724179693671 : http://localhost:4200/ -> net::ERR_CONNECTION_REFUSED
2022-05-26 12:16:59 ERROR    Failure: 46822577063395887337747847899479931724 : http://localhost:4200/ -> Failed to load resource: net::ERR_CONNECTION_REFUSED
2022-05-26 12:17:01 ERROR    Failure: 223684313413012242652925975724179693671 : http://localhost:4200/ -> net::ERR_CONNECTION_REFUSED
2022-05-26 12:17:01 ERROR    Failure: 46822577063395887337747847899479931724 : http://localhost:4200/ -> Failed to load resource: net::ERR_CONNECTION_REFUSED
2022-05-26 12:17:04 ERROR    Failure: 223684313413012242652925975724179693671 : http://localhost:4200/ -> net::ERR_CONNECTION_REFUSED
2022-05-26 12:17:04 ERROR    Failure: 46822577063395887337747847899479931724 : http://localhost:4200/ -> Failed to load resource: net::ERR_CONNECTION_REFUSED
2022-05-26 12:17:05 ERROR    Failure: 223684313413012242652925975724179693671 : http://localhost:4200/ -> net::ERR_CONNECTION_REFUSED
2022-05-26 12:17:05 ERROR    Failure: 46822577063395887337747847899479931724 : http://localhost:4200/ -> Failed to load resource: net::ERR_CONNECTION_REFUSED
2022-05-26 12:17:08 ERROR    Failure: 223684313413012242652925975724179693671 : http://localhost:4200/ -> net::ERR_CONNECTION_REFUSED
2022-05-26 12:17:08 ERROR    Failure: 46822577063395887337747847899479931724 : http://localhost:4200/ -> Failed to load resource: net::ERR_CONNECTION_REFUSED
2022-05-26 12:17:09 ERROR    Failure: 223684313413012242652925975724179693671 : http://localhost:4200/ -> net::ERR_CONNECTION_REFUSED
2022-05-26 12:17:09 ERROR    Failure: 46822577063395887337747847899479931724 : http://localhost:4200/ -> Failed to load resource: net::ERR_CONNECTION_REFUSED
2022-05-26 12:17:11 ERROR    Failure: 223684313413012242652925975724179693671 : http://localhost:4200/ -> net::ERR_CONNECTION_REFUSED
2022-05-26 12:17:11 ERROR    Failure: 46822577063395887337747847899479931724 : http://localhost:4200/ -> Failed to load resource: net::ERR_CONNECTION_REFUSED
2022-05-26 12:17:13 ERROR    Failure: 223684313413012242652925975724179693671 : http://localhost:4200/ -> net::ERR_CONNECTION_REFUSED
2022-05-26 12:17:13 ERROR    Failure: 46822577063395887337747847899479931724 : http://localhost:4200/ -> Failed to load resource: net::ERR_CONNECTION_REFUSED
2022-05-26 12:17:16 ERROR    Failure: 223684313413012242652925975724179693671 : http://localhost:4200/ -> net::ERR_CONNECTION_REFUSED
2022-05-26 12:17:16 ERROR    Failure: 46822577063395887337747847899479931724 : http://localhost:4200/ -> Failed to load resource: net::ERR_CONNECTION_REFUSED
2022-05-26 12:17:17 ERROR    Failure: 223684313413012242652925975724179693671 : http://localhost:4200/ -> net::ERR_CONNECTION_REFUSED
2022-05-26 12:17:17 ERROR    Failure: 46822577063395887337747847899479931724 : http://localhost:4200/ -> Failed to load resource: net::ERR_CONNECTION_REFUSED
2022-05-26 12:17:20 ERROR    Failure: 223684313413012242652925975724179693671 : http://localhost:4200/ -> net::ERR_CONNECTION_REFUSED
2022-05-26 12:17:20 ERROR    Failure: 46822577063395887337747847899479931724 : http://localhost:4200/ -> Failed to load resource: net::ERR_CONNECTION_REFUSED
2022-05-26 12:17:21 ERROR    Failure: 223684313413012242652925975724179693671 : http://localhost:4200/ -> net::ERR_CONNECTION_REFUSED
2022-05-26 12:17:21 ERROR    Failure: 46822577063395887337747847899479931724 : http://localhost:4200/ -> Failed to load resource: net::ERR_CONNECTION_REFUSED
2022-05-26 12:17:24 ERROR    Failure: 223684313413012242652925975724179693671 : http://localhost:4200/ -> net::ERR_CONNECTION_REFUSED
2022-05-26 12:17:24 ERROR    Failure: 46822577063395887337747847899479931724 : http://localhost:4200/ -> Failed to load resource: net::ERR_CONNECTION_REFUSED
2022-05-26 12:17:25 ERROR    Failure: 223684313413012242652925975724179693671 : http://localhost:4200/ -> net::ERR_CONNECTION_REFUSED
2022-05-26 12:17:25 ERROR    Failure: 46822577063395887337747847899479931724 : http://localhost:4200/ -> Failed to load resource: net::ERR_CONNECTION_REFUSED
2022-05-26 12:17:28 ERROR    Failure: 223684313413012242652925975724179693671 : http://localhost:4200/ -> net::ERR_CONNECTION_REFUSED
2022-05-26 12:17:28 ERROR    Failure: 46822577063395887337747847899479931724 : http://localhost:4200/ -> Failed to load resource: net::ERR_CONNECTION_REFUSED
2022-05-26 12:17:29 ERROR    Failure: 223684313413012242652925975724179693671 : http://localhost:4200/ -> net::ERR_CONNECTION_REFUSED
2022-05-26 12:17:29 ERROR    Failure: 46822577063395887337747847899479931724 : http://localhost:4200/ -> Failed to load resource: net::ERR_CONNECTION_REFUSED
2022-05-26 12:17:32 ERROR    Failure: 223684313413012242652925975724179693671 : http://localhost:4200/ -> net::ERR_CONNECTION_REFUSED
2022-05-26 12:17:32 ERROR    Failure: 46822577063395887337747847899479931724 : http://localhost:4200/ -> Failed to load resource: net::ERR_CONNECTION_REFUSED
2022-05-26 12:17:33 ERROR    Failure: 223684313413012242652925975724179693671 : http://localhost:4200/ -> net::ERR_CONNECTION_REFUSED
2022-05-26 12:17:33 ERROR    Failure: 46822577063395887337747847899479931724 : http://localhost:4200/ -> Failed to load resource: net::ERR_CONNECTION_REFUSED
2022-05-26 12:17:36 ERROR    Failure: 223684313413012242652925975724179693671 : http://localhost:4200/ -> net::ERR_CONNECTION_REFUSED
2022-05-26 12:17:36 ERROR    Failure: 46822577063395887337747847899479931724 : http://localhost:4200/ -> Failed to load resource: net::ERR_CONNECTION_REFUSED
2022-05-26 12:17:37 ERROR    Failure: 223684313413012242652925975724179693671 : http://localhost:4200/ -> net::ERR_CONNECTION_REFUSED
2022-05-26 12:17:37 ERROR    Failure: 46822577063395887337747847899479931724 : http://localhost:4200/ -> Failed to load resource: net::ERR_CONNECTION_REFUSED
2022-05-26 12:17:42 ERROR    Failure: 223684313413012242652925975724179693671 : http://localhost:4200/ -> net::ERR_CONNECTION_REFUSED
2022-05-26 12:17:42 ERROR    Failure: 46822577063395887337747847899479931724 : http://localhost:4200/ -> Failed to load resource: net::ERR_CONNECTION_REFUSED
2022-05-26 12:17:43 ERROR    Failure: 223684313413012242652925975724179693671 : http://localhost:4200/ -> net::ERR_CONNECTION_REFUSED
2022-05-26 12:17:43 ERROR    Failure: 46822577063395887337747847899479931724 : http://localhost:4200/ -> Failed to load resource: net::ERR_CONNECTION_REFUSED
2022-05-26 12:17:46 ERROR    Failure: 223684313413012242652925975724179693671 : http://localhost:4200/ -> net::ERR_CONNECTION_REFUSED
2022-05-26 12:17:46 ERROR    Failure: 46822577063395887337747847899479931724 : http://localhost:4200/ -> Failed to load resource: net::ERR_CONNECTION_REFUSED
2022-05-26 12:17:48 ERROR    Failure: 223684313413012242652925975724179693671 : http://localhost:4200/ -> net::ERR_CONNECTION_REFUSED
2022-05-26 12:17:48 ERROR    Failure: 46822577063395887337747847899479931724 : http://localhost:4200/ -> Failed to load resource: net::ERR_CONNECTION_REFUSED
2022-05-26 12:17:51 ERROR    Failure: 223684313413012242652925975724179693671 : http://localhost:4200/ -> net::ERR_CONNECTION_REFUSED
2022-05-26 12:17:51 ERROR    Failure: 46822577063395887337747847899479931724 : http://localhost:4200/ -> Failed to load resource: net::ERR_CONNECTION_REFUSED
2022-05-26 12:17:52 ERROR    Failure: 223684313413012242652925975724179693671 : http://localhost:4200/ -> net::ERR_CONNECTION_REFUSED
2022-05-26 12:17:52 ERROR    Failure: 46822577063395887337747847899479931724 : http://localhost:4200/ -> Failed to load resource: net::ERR_CONNECTION_REFUSED
2022-05-26 12:17:55 ERROR    Failure: 223684313413012242652925975724179693671 : http://localhost:4200/ -> net::ERR_CONNECTION_REFUSED
2022-05-26 12:17:55 ERROR    Failure: 46822577063395887337747847899479931724 : http://localhost:4200/ -> Failed to load resource: net::ERR_CONNECTION_REFUSED
2022-05-26 12:17:56 ERROR    Failure: 223684313413012242652925975724179693671 : http://localhost:4200/ -> net::ERR_CONNECTION_REFUSED
2022-05-26 12:17:56 ERROR    Failure: 46822577063395887337747847899479931724 : http://localhost:4200/ -> Failed to load resource: net::ERR_CONNECTION_REFUSED
2022-05-26 12:18:00 ERROR    Failure: 223684313413012242652925975724179693671 : http://localhost:4200/ -> net::ERR_CONNECTION_REFUSED
2022-05-26 12:18:00 ERROR    Failure: 46822577063395887337747847899479931724 : http://localhost:4200/ -> Failed to load resource: net::ERR_CONNECTION_REFUSED
2022-05-26 12:18:01 ERROR    Failure: 223684313413012242652925975724179693671 : http://localhost:4200/ -> net::ERR_CONNECTION_REFUSED
2022-05-26 12:18:01 ERROR    Failure: 46822577063395887337747847899479931724 : http://localhost:4200/ -> Failed to load resource: net::ERR_CONNECTION_REFUSED
2022-05-26 12:18:05 ERROR    Failure: 223684313413012242652925975724179693671 : http://localhost:4200/ -> net::ERR_CONNECTION_REFUSED
2022-05-26 12:18:05 ERROR    Failure: 46822577063395887337747847899479931724 : http://localhost:4200/ -> Failed to load resource: net::ERR_CONNECTION_REFUSED
2022-05-26 12:18:06 ERROR    Failure: 223684313413012242652925975724179693671 : http://localhost:4200/ -> net::ERR_CONNECTION_REFUSED
2022-05-26 12:18:06 ERROR    Failure: 46822577063395887337747847899479931724 : http://localhost:4200/ -> Failed to load resource: net::ERR_CONNECTION_REFUSED
2022-05-26 12:18:09 ERROR    Failure: 223684313413012242652925975724179693671 : http://localhost:4200/ -> net::ERR_CONNECTION_REFUSED
2022-05-26 12:18:09 ERROR    Failure: 46822577063395887337747847899479931724 : http://localhost:4200/ -> Failed to load resource: net::ERR_CONNECTION_REFUSED
2022-05-26 12:18:10 ERROR    Failure: 223684313413012242652925975724179693671 : http://localhost:4200/ -> net::ERR_CONNECTION_REFUSED
2022-05-26 12:18:10 ERROR    Failure: 46822577063395887337747847899479931724 : http://localhost:4200/ -> Failed to load resource: net::ERR_CONNECTION_REFUSED
2022-05-26 12:18:13 ERROR    Failure: 223684313413012242652925975724179693671 : http://localhost:4200/ -> net::ERR_CONNECTION_REFUSED
2022-05-26 12:18:13 ERROR    Failure: 46822577063395887337747847899479931724 : http://localhost:4200/ -> Failed to load resource: net::ERR_CONNECTION_REFUSED
2022-05-26 12:18:14 ERROR    Failure: 223684313413012242652925975724179693671 : http://localhost:4200/ -> net::ERR_CONNECTION_REFUSED
2022-05-26 12:18:14 ERROR    Failure: 46822577063395887337747847899479931724 : http://localhost:4200/ -> Failed to load resource: net::ERR_CONNECTION_REFUSED
2022-05-26 12:18:17 ERROR    Failure: 223684313413012242652925975724179693671 : http://localhost:4200/ -> net::ERR_CONNECTION_REFUSED
2022-05-26 12:18:17 ERROR    Failure: 46822577063395887337747847899479931724 : http://localhost:4200/ -> Failed to load resource: net::ERR_CONNECTION_REFUSED
2022-05-26 12:18:18 ERROR    Failure: 223684313413012242652925975724179693671 : http://localhost:4200/ -> net::ERR_CONNECTION_REFUSED
2022-05-26 12:18:18 ERROR    Failure: 46822577063395887337747847899479931724 : http://localhost:4200/ -> Failed to load resource: net::ERR_CONNECTION_REFUSED
2022-05-26 12:18:22 ERROR    Failure: 223684313413012242652925975724179693671 : http://localhost:4200/ -> net::ERR_CONNECTION_REFUSED
2022-05-26 12:18:22 ERROR    Failure: 46822577063395887337747847899479931724 : http://localhost:4200/ -> Failed to load resource: net::ERR_CONNECTION_REFUSED
2022-05-26 12:18:23 ERROR    Failure: 223684313413012242652925975724179693671 : http://localhost:4200/ -> net::ERR_CONNECTION_REFUSED
2022-05-26 12:18:23 ERROR    Failure: 46822577063395887337747847899479931724 : http://localhost:4200/ -> Failed to load resource: net::ERR_CONNECTION_REFUSED
2022-05-26 12:18:26 ERROR    Failure: 223684313413012242652925975724179693671 : http://localhost:4200/ -> net::ERR_CONNECTION_REFUSED
2022-05-26 12:18:26 ERROR    Failure: 46822577063395887337747847899479931724 : http://localhost:4200/ -> Failed to load resource: net::ERR_CONNECTION_REFUSED
2022-05-26 12:18:27 ERROR    Failure: 223684313413012242652925975724179693671 : http://localhost:4200/ -> net::ERR_CONNECTION_REFUSED
2022-05-26 12:18:27 ERROR    Failure: 46822577063395887337747847899479931724 : http://localhost:4200/ -> Failed to load resource: net::ERR_CONNECTION_REFUSED
2022-05-26 12:18:30 ERROR    Failure: 223684313413012242652925975724179693671 : http://localhost:4200/ -> net::ERR_CONNECTION_REFUSED
2022-05-26 12:18:30 ERROR    Failure: 46822577063395887337747847899479931724 : http://localhost:4200/ -> Failed to load resource: net::ERR_CONNECTION_REFUSED
2022-05-26 12:18:31 ERROR    Failure: 223684313413012242652925975724179693671 : http://localhost:4200/ -> net::ERR_CONNECTION_REFUSED
2022-05-26 12:18:31 ERROR    Failure: 46822577063395887337747847899479931724 : http://localhost:4200/ -> Failed to load resource: net::ERR_CONNECTION_REFUSED
2022-05-26 12:18:35 ERROR    Failure: 223684313413012242652925975724179693671 : http://localhost:4200/ -> net::ERR_CONNECTION_REFUSED
2022-05-26 12:18:35 ERROR    Failure: 46822577063395887337747847899479931724 : http://localhost:4200/ -> Failed to load resource: net::ERR_CONNECTION_REFUSED
2022-05-26 12:18:36 ERROR    Failure: 223684313413012242652925975724179693671 : http://localhost:4200/ -> net::ERR_CONNECTION_REFUSED
2022-05-26 12:18:36 ERROR    Failure: 46822577063395887337747847899479931724 : http://localhost:4200/ -> Failed to load resource: net::ERR_CONNECTION_REFUSED
2022-05-26 12:18:39 ERROR    Failure: 223684313413012242652925975724179693671 : http://localhost:4200/ -> net::ERR_CONNECTION_REFUSED
2022-05-26 12:18:39 ERROR    Failure: 46822577063395887337747847899479931724 : http://localhost:4200/ -> Failed to load resource: net::ERR_CONNECTION_REFUSED
2022-05-26 12:18:40 ERROR    Failure: 223684313413012242652925975724179693671 : http://localhost:4200/ -> net::ERR_CONNECTION_REFUSED
2022-05-26 12:18:40 ERROR    Failure: 46822577063395887337747847899479931724 : http://localhost:4200/ -> Failed to load resource: net::ERR_CONNECTION_REFUSED
2022-05-26 12:18:43 ERROR    Failure: 223684313413012242652925975724179693671 : http://localhost:4200/ -> net::ERR_CONNECTION_REFUSED
2022-05-26 12:18:43 ERROR    Failure: 46822577063395887337747847899479931724 : http://localhost:4200/ -> Failed to load resource: net::ERR_CONNECTION_REFUSED
2022-05-26 12:18:44 ERROR    Failure: 223684313413012242652925975724179693671 : http://localhost:4200/ -> net::ERR_CONNECTION_REFUSED
2022-05-26 12:18:44 ERROR    Failure: 46822577063395887337747847899479931724 : http://localhost:4200/ -> Failed to load resource: net::ERR_CONNECTION_REFUSED
2022-05-26 12:18:47 ERROR    Failure: 223684313413012242652925975724179693671 : http://localhost:4200/ -> net::ERR_CONNECTION_REFUSED
2022-05-26 12:18:47 ERROR    Failure: 46822577063395887337747847899479931724 : http://localhost:4200/ -> Failed to load resource: net::ERR_CONNECTION_REFUSED
2022-05-26 12:18:48 ERROR    Failure: 223684313413012242652925975724179693671 : http://localhost:4200/ -> net::ERR_CONNECTION_REFUSED
2022-05-26 12:18:48 ERROR    Failure: 46822577063395887337747847899479931724 : http://localhost:4200/ -> Failed to load resource: net::ERR_CONNECTION_REFUSED
2022-05-26 12:18:52 ERROR    Failure: 223684313413012242652925975724179693671 : http://localhost:4200/ -> net::ERR_CONNECTION_REFUSED
2022-05-26 12:18:52 ERROR    Failure: 46822577063395887337747847899479931724 : http://localhost:4200/ -> Failed to load resource: net::ERR_CONNECTION_REFUSED
2022-05-26 12:18:53 ERROR    Failure: 223684313413012242652925975724179693671 : http://localhost:4200/ -> net::ERR_CONNECTION_REFUSED
2022-05-26 12:18:53 ERROR    Failure: 46822577063395887337747847899479931724 : http://localhost:4200/ -> Failed to load resource: net::ERR_CONNECTION_REFUSED
2022-05-26 12:18:56 ERROR    Failure: 223684313413012242652925975724179693671 : http://localhost:4200/ -> net::ERR_CONNECTION_REFUSED
2022-05-26 12:18:56 ERROR    Failure: 46822577063395887337747847899479931724 : http://localhost:4200/ -> Failed to load resource: net::ERR_CONNECTION_REFUSED
2022-05-26 12:18:57 ERROR    Failure: 223684313413012242652925975724179693671 : http://localhost:4200/ -> net::ERR_CONNECTION_REFUSED
2022-05-26 12:18:57 ERROR    Failure: 46822577063395887337747847899479931724 : http://localhost:4200/ -> Failed to load resource: net::ERR_CONNECTION_REFUSED
2022-05-26 12:19:00 ERROR    Failure: 223684313413012242652925975724179693671 : http://localhost:4200/ -> net::ERR_CONNECTION_REFUSED
2022-05-26 12:19:00 ERROR    Failure: 46822577063395887337747847899479931724 : http://localhost:4200/ -> Failed to load resource: net::ERR_CONNECTION_REFUSED
2022-05-26 12:19:01 ERROR    Failure: 223684313413012242652925975724179693671 : http://localhost:4200/ -> net::ERR_CONNECTION_REFUSED
2022-05-26 12:19:01 ERROR    Failure: 46822577063395887337747847899479931724 : http://localhost:4200/ -> Failed to load resource: net::ERR_CONNECTION_REFUSED
2022-05-26 12:19:04 ERROR    Failure: 223684313413012242652925975724179693671 : http://localhost:4200/ -> net::ERR_CONNECTION_REFUSED
2022-05-26 12:19:04 ERROR    Failure: 46822577063395887337747847899479931724 : http://localhost:4200/ -> Failed to load resource: net::ERR_CONNECTION_REFUSED
2022-05-26 12:19:05 ERROR    Failure: 223684313413012242652925975724179693671 : http://localhost:4200/ -> net::ERR_CONNECTION_REFUSED
2022-05-26 12:19:05 ERROR    Failure: 46822577063395887337747847899479931724 : http://localhost:4200/ -> Failed to load resource: net::ERR_CONNECTION_REFUSED
2022-05-26 12:19:08 ERROR    Failure: 223684313413012242652925975724179693671 : http://localhost:4200/ -> net::ERR_CONNECTION_REFUSED
2022-05-26 12:19:08 ERROR    Failure: 46822577063395887337747847899479931724 : http://localhost:4200/ -> Failed to load resource: net::ERR_CONNECTION_REFUSED
2022-05-26 12:19:09 ERROR    Failure: 223684313413012242652925975724179693671 : http://localhost:4200/ -> net::ERR_CONNECTION_REFUSED
2022-05-26 12:19:09 ERROR    Failure: 46822577063395887337747847899479931724 : http://localhost:4200/ -> Failed to load resource: net::ERR_CONNECTION_REFUSED
2022-05-26 12:19:12 ERROR    Failure: 223684313413012242652925975724179693671 : http://localhost:4200/ -> net::ERR_CONNECTION_REFUSED
2022-05-26 12:19:12 ERROR    Failure: 46822577063395887337747847899479931724 : http://localhost:4200/ -> Failed to load resource: net::ERR_CONNECTION_REFUSED
2022-05-26 12:19:14 ERROR    Failure: 223684313413012242652925975724179693671 : http://localhost:4200/ -> net::ERR_CONNECTION_REFUSED
2022-05-26 12:19:14 ERROR    Failure: 46822577063395887337747847899479931724 : http://localhost:4200/ -> Failed to load resource: net::ERR_CONNECTION_REFUSED
2022-05-26 12:19:17 ERROR    Failure: 223684313413012242652925975724179693671 : http://localhost:4200/ -> net::ERR_CONNECTION_REFUSED
2022-05-26 12:19:17 ERROR    Failure: 46822577063395887337747847899479931724 : http://localhost:4200/ -> Failed to load resource: net::ERR_CONNECTION_REFUSED
2022-05-26 12:19:18 ERROR    Failure: 223684313413012242652925975724179693671 : http://localhost:4200/ -> net::ERR_CONNECTION_REFUSED
2022-05-26 12:19:18 ERROR    Failure: 46822577063395887337747847899479931724 : http://localhost:4200/ -> Failed to load resource: net::ERR_CONNECTION_REFUSED
2022-05-26 12:19:21 ERROR    Failure: 223684313413012242652925975724179693671 : http://localhost:4200/ -> net::ERR_CONNECTION_REFUSED
2022-05-26 12:19:21 ERROR    Failure: 46822577063395887337747847899479931724 : http://localhost:4200/ -> Failed to load resource: net::ERR_CONNECTION_REFUSED
2022-05-26 12:19:22 ERROR    Failure: 223684313413012242652925975724179693671 : http://localhost:4200/ -> net::ERR_CONNECTION_REFUSED
2022-05-26 12:19:22 ERROR    Failure: 46822577063395887337747847899479931724 : http://localhost:4200/ -> Failed to load resource: net::ERR_CONNECTION_REFUSED
2022-05-26 12:19:25 ERROR    Failure: 223684313413012242652925975724179693671 : http://localhost:4200/ -> net::ERR_CONNECTION_REFUSED
2022-05-26 12:19:25 ERROR    Failure: 46822577063395887337747847899479931724 : http://localhost:4200/ -> Failed to load resource: net::ERR_CONNECTION_REFUSED
2022-05-26 12:19:26 ERROR    Failure: 223684313413012242652925975724179693671 : http://localhost:4200/ -> net::ERR_CONNECTION_REFUSED
2022-05-26 12:19:26 ERROR    Failure: 46822577063395887337747847899479931724 : http://localhost:4200/ -> Failed to load resource: net::ERR_CONNECTION_REFUSED
2022-05-26 12:19:29 ERROR    Failure: 223684313413012242652925975724179693671 : http://localhost:4200/ -> net::ERR_CONNECTION_REFUSED
2022-05-26 12:19:29 ERROR    Failure: 46822577063395887337747847899479931724 : http://localhost:4200/ -> Failed to load resource: net::ERR_CONNECTION_REFUSED
2022-05-26 12:19:30 WARNING  Finished
2022-05-26 12:19:31 WARNING  (Failure Count, Coverage Percentage) : (6, 57.04183780717986)
2022-05-26 12:19:31 ERROR    223684313413012242652925975724179693671 : http://localhost:4200/ -> net::ERR_CONNECTION_REFUSED
2022-05-26 12:19:31 ERROR    46822577063395887337747847899479931724 : http://localhost:4200/ -> Failed to load resource: net::ERR_CONNECTION_REFUSED
2022-05-26 12:19:31 ERROR    204148924151735858044210481229518018319 : http://localhost:4200/ -> status code(400) -> 
2022-05-26 12:19:31 ERROR    209036318680772634052885377060412114839 : http://localhost:4200/ -> Access to XMLHttpRequest at 'https://geoip.nekudo.com/api' from origin 'http://localhost:4200' has been blocked by CORS policy: No 'Access-Control-Allow-Origin' header is present on the requested resource.
2022-05-26 12:19:31 ERROR    116883329609946864055106810307069809545 : http://localhost:4200/ -> JSHandle@object
2022-05-26 12:19:31 ERROR    262513326802567628094931167029883077585 : http://localhost:4200/new -> net::ERR_ABORTED
~2022-05-26 12:19:31 ERROR    Future exception was never retrieved
future: <Future finished exception=NetworkError('Protocol error Target.detachFromTarget: Target closed.')>
pyppeteer.errors.NetworkError: Protocol error Target.detachFromTarget: Target closed.
~2022-05-26 12:19:31 ERROR    Future exception was never retrieved
future: <Future finished exception=NetworkError('Protocol error Target.sendMessageToTarget: Target closed.')>
pyppeteer.errors.NetworkError: Protocol error Target.sendMessageToTarget: Target closed.
