2022-05-25 11:51:50 WARNING  Starting
2022-05-25 11:51:51 ERROR    Failure: 223684313413012242652925975724179693671 : http://localhost:4200/ -> net::ERR_CONNECTION_REFUSED
2022-05-25 11:51:51 ERROR    Failure: 46822577063395887337747847899479931724 : http://localhost:4200/ -> Failed to load resource: net::ERR_CONNECTION_REFUSED
2022-05-25 11:52:03 ERROR    Failure: 223684313413012242652925975724179693671 : http://localhost:4200/ -> net::ERR_CONNECTION_REFUSED
2022-05-25 11:52:03 ERROR    Failure: 46822577063395887337747847899479931724 : http://localhost:4200/ -> Failed to load resource: net::ERR_CONNECTION_REFUSED
2022-05-25 11:52:16 ERROR    Failure: 223684313413012242652925975724179693671 : http://localhost:4200/ -> net::ERR_CONNECTION_REFUSED
2022-05-25 11:52:16 ERROR    Failure: 46822577063395887337747847899479931724 : http://localhost:4200/ -> Failed to load resource: net::ERR_CONNECTION_REFUSED
2022-05-25 11:52:24 ERROR    Failure: 204148924151735858044210481229518018319 : http://localhost:4200/ -> status code(400) -> 
2022-05-25 11:52:24 ERROR    Failure: 209036318680772634052885377060412114839 : http://localhost:4200/ -> Access to XMLHttpRequest at 'https://geoip.nekudo.com/api' from origin 'http://localhost:4200' has been blocked by CORS policy: No 'Access-Control-Allow-Origin' header is present on the requested resource.
2022-05-25 11:52:24 ERROR    Failure: 116883329609946864055106810307069809545 : http://localhost:4200/ -> JSHandle@object
2022-05-25 11:52:24 ERROR    Failure: 262513326802567628094931167029883077585 : http://localhost:4200/new -> net::ERR_ABORTED
2022-05-25 11:52:25 ERROR    Failure: 223684313413012242652925975724179693671 : http://localhost:4200/ -> net::ERR_CONNECTION_REFUSED
2022-05-25 11:52:25 ERROR    Failure: 46822577063395887337747847899479931724 : http://localhost:4200/ -> Failed to load resource: net::ERR_CONNECTION_REFUSED
2022-05-25 11:52:35 ERROR    Failure: 204148924151735858044210481229518018319 : http://localhost:4200/ -> status code(400) -> 
2022-05-25 11:52:35 ERROR    Failure: 209036318680772634052885377060412114839 : http://localhost:4200/ -> Access to XMLHttpRequest at 'https://geoip.nekudo.com/api' from origin 'http://localhost:4200' has been blocked by CORS policy: No 'Access-Control-Allow-Origin' header is present on the requested resource.
2022-05-25 11:52:35 ERROR    Failure: 116883329609946864055106810307069809545 : http://localhost:4200/ -> JSHandle@object
2022-05-25 11:52:35 ERROR    Failure: 262513326802567628094931167029883077585 : http://localhost:4200/new -> net::ERR_ABORTED
2022-05-25 11:52:36 ERROR    Failure: 223684313413012242652925975724179693671 : http://localhost:4200/ -> net::ERR_CONNECTION_REFUSED
2022-05-25 11:52:36 ERROR    Failure: 46822577063395887337747847899479931724 : http://localhost:4200/ -> Failed to load resource: net::ERR_CONNECTION_REFUSED
2022-05-25 11:52:38 ERROR    Failure: 204148924151735858044210481229518018319 : http://localhost:4200/ -> status code(400) -> 
2022-05-25 11:52:38 ERROR    Failure: 209036318680772634052885377060412114839 : http://localhost:4200/ -> Access to XMLHttpRequest at 'https://geoip.nekudo.com/api' from origin 'http://localhost:4200' has been blocked by CORS policy: No 'Access-Control-Allow-Origin' header is present on the requested resource.
2022-05-25 11:52:38 ERROR    Failure: 116883329609946864055106810307069809545 : http://localhost:4200/ -> JSHandle@object
2022-05-25 11:52:38 ERROR    Failure: 262513326802567628094931167029883077585 : http://localhost:4200/new -> net::ERR_ABORTED
2022-05-25 11:52:39 ERROR    Failure: 223684313413012242652925975724179693671 : http://localhost:4200/ -> net::ERR_CONNECTION_REFUSED
2022-05-25 11:52:39 ERROR    Failure: 46822577063395887337747847899479931724 : http://localhost:4200/ -> Failed to load resource: net::ERR_CONNECTION_REFUSED
2022-05-25 11:52:48 ERROR    Failure: 204148924151735858044210481229518018319 : http://localhost:4200/ -> status code(400) -> 
2022-05-25 11:52:49 ERROR    Failure: 209036318680772634052885377060412114839 : http://localhost:4200/ -> Access to XMLHttpRequest at 'https://geoip.nekudo.com/api' from origin 'http://localhost:4200' has been blocked by CORS policy: No 'Access-Control-Allow-Origin' header is present on the requested resource.
2022-05-25 11:52:49 ERROR    Failure: 116883329609946864055106810307069809545 : http://localhost:4200/ -> JSHandle@object
2022-05-25 11:52:49 ERROR    Failure: 262513326802567628094931167029883077585 : http://localhost:4200/new -> net::ERR_ABORTED
2022-05-25 11:52:49 ERROR    Failure: 223684313413012242652925975724179693671 : http://localhost:4200/ -> net::ERR_CONNECTION_REFUSED
2022-05-25 11:52:49 ERROR    Failure: 46822577063395887337747847899479931724 : http://localhost:4200/ -> Failed to load resource: net::ERR_CONNECTION_REFUSED
2022-05-25 11:52:54 ERROR    Failure: 204148924151735858044210481229518018319 : http://localhost:4200/ -> status code(400) -> 
2022-05-25 11:52:55 ERROR    Failure: 209036318680772634052885377060412114839 : http://localhost:4200/ -> Access to XMLHttpRequest at 'https://geoip.nekudo.com/api' from origin 'http://localhost:4200' has been blocked by CORS policy: No 'Access-Control-Allow-Origin' header is present on the requested resource.
2022-05-25 11:52:55 ERROR    Failure: 116883329609946864055106810307069809545 : http://localhost:4200/ -> JSHandle@object
2022-05-25 11:52:55 ERROR    Failure: 262513326802567628094931167029883077585 : http://localhost:4200/new -> net::ERR_ABORTED
2022-05-25 11:52:59 ERROR    Failure: 223684313413012242652925975724179693671 : http://localhost:4200/ -> net::ERR_CONNECTION_REFUSED
2022-05-25 11:52:59 ERROR    Failure: 46822577063395887337747847899479931724 : http://localhost:4200/ -> Failed to load resource: net::ERR_CONNECTION_REFUSED
2022-05-25 11:53:13 ERROR    Failure: 223684313413012242652925975724179693671 : http://localhost:4200/ -> net::ERR_CONNECTION_REFUSED
2022-05-25 11:53:13 ERROR    Failure: 46822577063395887337747847899479931724 : http://localhost:4200/ -> Failed to load resource: net::ERR_CONNECTION_REFUSED
2022-05-25 11:53:15 ERROR    Failure: 204148924151735858044210481229518018319 : http://localhost:4200/ -> status code(400) -> 
2022-05-25 11:53:15 ERROR    Failure: 209036318680772634052885377060412114839 : http://localhost:4200/ -> Access to XMLHttpRequest at 'https://geoip.nekudo.com/api' from origin 'http://localhost:4200' has been blocked by CORS policy: No 'Access-Control-Allow-Origin' header is present on the requested resource.
2022-05-25 11:53:15 ERROR    Failure: 116883329609946864055106810307069809545 : http://localhost:4200/ -> JSHandle@object
2022-05-25 11:53:15 ERROR    Failure: 262513326802567628094931167029883077585 : http://localhost:4200/new -> net::ERR_ABORTED
2022-05-25 11:53:21 ERROR    Failure: 223684313413012242652925975724179693671 : http://localhost:4200/ -> net::ERR_CONNECTION_REFUSED
2022-05-25 11:53:21 ERROR    Failure: 46822577063395887337747847899479931724 : http://localhost:4200/ -> Failed to load resource: net::ERR_CONNECTION_REFUSED
2022-05-25 11:53:26 ERROR    Failure: 204148924151735858044210481229518018319 : http://localhost:4200/ -> status code(400) -> 
2022-05-25 11:53:27 ERROR    Failure: 209036318680772634052885377060412114839 : http://localhost:4200/ -> Access to XMLHttpRequest at 'https://geoip.nekudo.com/api' from origin 'http://localhost:4200' has been blocked by CORS policy: No 'Access-Control-Allow-Origin' header is present on the requested resource.
2022-05-25 11:53:27 ERROR    Failure: 116883329609946864055106810307069809545 : http://localhost:4200/ -> JSHandle@object
2022-05-25 11:53:27 ERROR    Failure: 262513326802567628094931167029883077585 : http://localhost:4200/new -> net::ERR_ABORTED
2022-05-25 11:53:30 ERROR    Failure: 223684313413012242652925975724179693671 : http://localhost:4200/ -> net::ERR_CONNECTION_REFUSED
2022-05-25 11:53:30 ERROR    Failure: 46822577063395887337747847899479931724 : http://localhost:4200/ -> Failed to load resource: net::ERR_CONNECTION_REFUSED
2022-05-25 11:53:35 ERROR    Failure: 204148924151735858044210481229518018319 : http://localhost:4200/ -> status code(400) -> 
2022-05-25 11:53:36 ERROR    Failure: 209036318680772634052885377060412114839 : http://localhost:4200/ -> Access to XMLHttpRequest at 'https://geoip.nekudo.com/api' from origin 'http://localhost:4200' has been blocked by CORS policy: No 'Access-Control-Allow-Origin' header is present on the requested resource.
2022-05-25 11:53:36 ERROR    Failure: 116883329609946864055106810307069809545 : http://localhost:4200/ -> JSHandle@object
2022-05-25 11:53:36 ERROR    Failure: 262513326802567628094931167029883077585 : http://localhost:4200/new -> net::ERR_ABORTED
2022-05-25 11:53:39 ERROR    Failure: 223684313413012242652925975724179693671 : http://localhost:4200/ -> net::ERR_CONNECTION_REFUSED
2022-05-25 11:53:39 ERROR    Failure: 46822577063395887337747847899479931724 : http://localhost:4200/ -> Failed to load resource: net::ERR_CONNECTION_REFUSED
2022-05-25 11:53:46 ERROR    Failure: 204148924151735858044210481229518018319 : http://localhost:4200/ -> status code(400) -> 
2022-05-25 11:53:46 ERROR    Failure: 209036318680772634052885377060412114839 : http://localhost:4200/ -> Access to XMLHttpRequest at 'https://geoip.nekudo.com/api' from origin 'http://localhost:4200' has been blocked by CORS policy: No 'Access-Control-Allow-Origin' header is present on the requested resource.
2022-05-25 11:53:46 ERROR    Failure: 116883329609946864055106810307069809545 : http://localhost:4200/ -> JSHandle@object
2022-05-25 11:53:46 ERROR    Failure: 262513326802567628094931167029883077585 : http://localhost:4200/new -> net::ERR_ABORTED
2022-05-25 11:53:48 ERROR    Failure: 223684313413012242652925975724179693671 : http://localhost:4200/ -> net::ERR_CONNECTION_REFUSED
2022-05-25 11:53:48 ERROR    Failure: 46822577063395887337747847899479931724 : http://localhost:4200/ -> Failed to load resource: net::ERR_CONNECTION_REFUSED
2022-05-25 11:53:55 ERROR    Failure: 204148924151735858044210481229518018319 : http://localhost:4200/ -> status code(400) -> 
2022-05-25 11:53:56 ERROR    Failure: 209036318680772634052885377060412114839 : http://localhost:4200/ -> Access to XMLHttpRequest at 'https://geoip.nekudo.com/api' from origin 'http://localhost:4200' has been blocked by CORS policy: No 'Access-Control-Allow-Origin' header is present on the requested resource.
2022-05-25 11:53:56 ERROR    Failure: 116883329609946864055106810307069809545 : http://localhost:4200/ -> JSHandle@object
2022-05-25 11:53:56 ERROR    Failure: 262513326802567628094931167029883077585 : http://localhost:4200/new -> net::ERR_ABORTED
2022-05-25 11:53:58 ERROR    Failure: 223684313413012242652925975724179693671 : http://localhost:4200/ -> net::ERR_CONNECTION_REFUSED
2022-05-25 11:53:58 ERROR    Failure: 46822577063395887337747847899479931724 : http://localhost:4200/ -> Failed to load resource: net::ERR_CONNECTION_REFUSED
2022-05-25 11:54:00 ERROR    Failure: 204148924151735858044210481229518018319 : http://localhost:4200/ -> status code(400) -> 
2022-05-25 11:54:00 ERROR    Failure: 209036318680772634052885377060412114839 : http://localhost:4200/ -> Access to XMLHttpRequest at 'https://geoip.nekudo.com/api' from origin 'http://localhost:4200' has been blocked by CORS policy: No 'Access-Control-Allow-Origin' header is present on the requested resource.
2022-05-25 11:54:00 ERROR    Failure: 116883329609946864055106810307069809545 : http://localhost:4200/ -> JSHandle@object
2022-05-25 11:54:00 ERROR    Failure: 262513326802567628094931167029883077585 : http://localhost:4200/new -> net::ERR_ABORTED
2022-05-25 11:54:07 ERROR    Failure: 223684313413012242652925975724179693671 : http://localhost:4200/ -> net::ERR_CONNECTION_REFUSED
2022-05-25 11:54:07 ERROR    Failure: 46822577063395887337747847899479931724 : http://localhost:4200/ -> Failed to load resource: net::ERR_CONNECTION_REFUSED
2022-05-25 11:54:09 ERROR    Failure: 204148924151735858044210481229518018319 : http://localhost:4200/ -> status code(400) -> 
2022-05-25 11:54:10 ERROR    Failure: 209036318680772634052885377060412114839 : http://localhost:4200/ -> Access to XMLHttpRequest at 'https://geoip.nekudo.com/api' from origin 'http://localhost:4200' has been blocked by CORS policy: No 'Access-Control-Allow-Origin' header is present on the requested resource.
2022-05-25 11:54:10 ERROR    Failure: 116883329609946864055106810307069809545 : http://localhost:4200/ -> JSHandle@object
2022-05-25 11:54:10 ERROR    Failure: 262513326802567628094931167029883077585 : http://localhost:4200/new -> net::ERR_ABORTED
2022-05-25 11:54:14 ERROR    Failure: 223684313413012242652925975724179693671 : http://localhost:4200/ -> net::ERR_CONNECTION_REFUSED
2022-05-25 11:54:14 ERROR    Failure: 46822577063395887337747847899479931724 : http://localhost:4200/ -> Failed to load resource: net::ERR_CONNECTION_REFUSED
2022-05-25 11:54:18 ERROR    Failure: 204148924151735858044210481229518018319 : http://localhost:4200/ -> status code(400) -> 
2022-05-25 11:54:18 ERROR    Failure: 209036318680772634052885377060412114839 : http://localhost:4200/ -> Access to XMLHttpRequest at 'https://geoip.nekudo.com/api' from origin 'http://localhost:4200' has been blocked by CORS policy: No 'Access-Control-Allow-Origin' header is present on the requested resource.
2022-05-25 11:54:18 ERROR    Failure: 116883329609946864055106810307069809545 : http://localhost:4200/ -> JSHandle@object
2022-05-25 11:54:18 ERROR    Failure: 262513326802567628094931167029883077585 : http://localhost:4200/new -> net::ERR_ABORTED
2022-05-25 11:54:22 ERROR    Failure: 223684313413012242652925975724179693671 : http://localhost:4200/ -> net::ERR_CONNECTION_REFUSED
2022-05-25 11:54:22 ERROR    Failure: 46822577063395887337747847899479931724 : http://localhost:4200/ -> Failed to load resource: net::ERR_CONNECTION_REFUSED
2022-05-25 11:54:24 ERROR    Failure: 204148924151735858044210481229518018319 : http://localhost:4200/ -> status code(400) -> 
2022-05-25 11:54:25 ERROR    Failure: 209036318680772634052885377060412114839 : http://localhost:4200/ -> Access to XMLHttpRequest at 'https://geoip.nekudo.com/api' from origin 'http://localhost:4200' has been blocked by CORS policy: No 'Access-Control-Allow-Origin' header is present on the requested resource.
2022-05-25 11:54:25 ERROR    Failure: 116883329609946864055106810307069809545 : http://localhost:4200/ -> JSHandle@object
2022-05-25 11:54:25 ERROR    Failure: 262513326802567628094931167029883077585 : http://localhost:4200/new -> net::ERR_ABORTED
2022-05-25 11:54:29 ERROR    Failure: 223684313413012242652925975724179693671 : http://localhost:4200/ -> net::ERR_CONNECTION_REFUSED
2022-05-25 11:54:29 ERROR    Failure: 46822577063395887337747847899479931724 : http://localhost:4200/ -> Failed to load resource: net::ERR_CONNECTION_REFUSED
2022-05-25 11:54:41 ERROR    Failure: 223684313413012242652925975724179693671 : http://localhost:4200/ -> net::ERR_CONNECTION_REFUSED
2022-05-25 11:54:41 ERROR    Failure: 46822577063395887337747847899479931724 : http://localhost:4200/ -> Failed to load resource: net::ERR_CONNECTION_REFUSED
2022-05-25 11:54:46 ERROR    Failure: 204148924151735858044210481229518018319 : http://localhost:4200/ -> status code(400) -> 
2022-05-25 11:54:46 ERROR    Failure: 209036318680772634052885377060412114839 : http://localhost:4200/ -> Access to XMLHttpRequest at 'https://geoip.nekudo.com/api' from origin 'http://localhost:4200' has been blocked by CORS policy: No 'Access-Control-Allow-Origin' header is present on the requested resource.
2022-05-25 11:54:46 ERROR    Failure: 116883329609946864055106810307069809545 : http://localhost:4200/ -> JSHandle@object
2022-05-25 11:54:46 ERROR    Failure: 262513326802567628094931167029883077585 : http://localhost:4200/new -> net::ERR_ABORTED
2022-05-25 11:54:50 ERROR    Failure: 223684313413012242652925975724179693671 : http://localhost:4200/ -> net::ERR_CONNECTION_REFUSED
2022-05-25 11:54:50 ERROR    Failure: 46822577063395887337747847899479931724 : http://localhost:4200/ -> Failed to load resource: net::ERR_CONNECTION_REFUSED
2022-05-25 11:55:02 ERROR    Failure: 223684313413012242652925975724179693671 : http://localhost:4200/ -> net::ERR_CONNECTION_REFUSED
2022-05-25 11:55:02 ERROR    Failure: 46822577063395887337747847899479931724 : http://localhost:4200/ -> Failed to load resource: net::ERR_CONNECTION_REFUSED
2022-05-25 11:55:04 ERROR    Failure: 204148924151735858044210481229518018319 : http://localhost:4200/ -> status code(400) -> 
2022-05-25 11:55:04 ERROR    Failure: 209036318680772634052885377060412114839 : http://localhost:4200/ -> Access to XMLHttpRequest at 'https://geoip.nekudo.com/api' from origin 'http://localhost:4200' has been blocked by CORS policy: No 'Access-Control-Allow-Origin' header is present on the requested resource.
2022-05-25 11:55:04 ERROR    Failure: 116883329609946864055106810307069809545 : http://localhost:4200/ -> JSHandle@object
2022-05-25 11:55:04 ERROR    Failure: 262513326802567628094931167029883077585 : http://localhost:4200/new -> net::ERR_ABORTED
2022-05-25 11:55:08 ERROR    Failure: 223684313413012242652925975724179693671 : http://localhost:4200/ -> net::ERR_CONNECTION_REFUSED
2022-05-25 11:55:08 ERROR    Failure: 46822577063395887337747847899479931724 : http://localhost:4200/ -> Failed to load resource: net::ERR_CONNECTION_REFUSED
2022-05-25 11:55:18 ERROR    Failure: 223684313413012242652925975724179693671 : http://localhost:4200/ -> net::ERR_CONNECTION_REFUSED
2022-05-25 11:55:18 ERROR    Failure: 46822577063395887337747847899479931724 : http://localhost:4200/ -> Failed to load resource: net::ERR_CONNECTION_REFUSED
2022-05-25 11:55:21 ERROR    Failure: 204148924151735858044210481229518018319 : http://localhost:4200/ -> status code(400) -> 
2022-05-25 11:55:21 ERROR    Failure: 209036318680772634052885377060412114839 : http://localhost:4200/ -> Access to XMLHttpRequest at 'https://geoip.nekudo.com/api' from origin 'http://localhost:4200' has been blocked by CORS policy: No 'Access-Control-Allow-Origin' header is present on the requested resource.
2022-05-25 11:55:21 ERROR    Failure: 116883329609946864055106810307069809545 : http://localhost:4200/ -> JSHandle@object
2022-05-25 11:55:21 ERROR    Failure: 262513326802567628094931167029883077585 : http://localhost:4200/new -> net::ERR_ABORTED
2022-05-25 11:55:25 ERROR    Failure: 223684313413012242652925975724179693671 : http://localhost:4200/ -> net::ERR_CONNECTION_REFUSED
2022-05-25 11:55:25 ERROR    Failure: 46822577063395887337747847899479931724 : http://localhost:4200/ -> Failed to load resource: net::ERR_CONNECTION_REFUSED
2022-05-25 11:55:26 ERROR    Failure: 204148924151735858044210481229518018319 : http://localhost:4200/ -> status code(400) -> 
2022-05-25 11:55:27 ERROR    Failure: 209036318680772634052885377060412114839 : http://localhost:4200/ -> Access to XMLHttpRequest at 'https://geoip.nekudo.com/api' from origin 'http://localhost:4200' has been blocked by CORS policy: No 'Access-Control-Allow-Origin' header is present on the requested resource.
2022-05-25 11:55:27 ERROR    Failure: 116883329609946864055106810307069809545 : http://localhost:4200/ -> JSHandle@object
2022-05-25 11:55:27 ERROR    Failure: 262513326802567628094931167029883077585 : http://localhost:4200/new -> net::ERR_ABORTED
2022-05-25 11:55:32 ERROR    Failure: 223684313413012242652925975724179693671 : http://localhost:4200/ -> net::ERR_CONNECTION_REFUSED
2022-05-25 11:55:32 ERROR    Failure: 46822577063395887337747847899479931724 : http://localhost:4200/ -> Failed to load resource: net::ERR_CONNECTION_REFUSED
2022-05-25 11:55:37 ERROR    Failure: 204148924151735858044210481229518018319 : http://localhost:4200/ -> status code(400) -> 
2022-05-25 11:55:38 ERROR    Failure: 209036318680772634052885377060412114839 : http://localhost:4200/ -> Access to XMLHttpRequest at 'https://geoip.nekudo.com/api' from origin 'http://localhost:4200' has been blocked by CORS policy: No 'Access-Control-Allow-Origin' header is present on the requested resource.
2022-05-25 11:55:38 ERROR    Failure: 116883329609946864055106810307069809545 : http://localhost:4200/ -> JSHandle@object
2022-05-25 11:55:38 ERROR    Failure: 262513326802567628094931167029883077585 : http://localhost:4200/new -> net::ERR_ABORTED
2022-05-25 11:55:42 ERROR    Failure: 223684313413012242652925975724179693671 : http://localhost:4200/ -> net::ERR_CONNECTION_REFUSED
2022-05-25 11:55:42 ERROR    Failure: 46822577063395887337747847899479931724 : http://localhost:4200/ -> Failed to load resource: net::ERR_CONNECTION_REFUSED
2022-05-25 11:55:54 ERROR    Failure: 223684313413012242652925975724179693671 : http://localhost:4200/ -> net::ERR_CONNECTION_REFUSED
2022-05-25 11:55:54 ERROR    Failure: 46822577063395887337747847899479931724 : http://localhost:4200/ -> Failed to load resource: net::ERR_CONNECTION_REFUSED
2022-05-25 11:55:57 ERROR    Failure: 204148924151735858044210481229518018319 : http://localhost:4200/ -> status code(400) -> 
2022-05-25 11:55:57 ERROR    Failure: 209036318680772634052885377060412114839 : http://localhost:4200/ -> Access to XMLHttpRequest at 'https://geoip.nekudo.com/api' from origin 'http://localhost:4200' has been blocked by CORS policy: No 'Access-Control-Allow-Origin' header is present on the requested resource.
2022-05-25 11:55:57 ERROR    Failure: 116883329609946864055106810307069809545 : http://localhost:4200/ -> JSHandle@object
2022-05-25 11:55:57 ERROR    Failure: 262513326802567628094931167029883077585 : http://localhost:4200/new -> net::ERR_ABORTED
2022-05-25 11:56:04 ERROR    Failure: 223684313413012242652925975724179693671 : http://localhost:4200/ -> net::ERR_CONNECTION_REFUSED
2022-05-25 11:56:04 ERROR    Failure: 46822577063395887337747847899479931724 : http://localhost:4200/ -> Failed to load resource: net::ERR_CONNECTION_REFUSED
2022-05-25 11:56:05 ERROR    Failure: 204148924151735858044210481229518018319 : http://localhost:4200/ -> status code(400) -> 
2022-05-25 11:56:06 ERROR    Failure: 209036318680772634052885377060412114839 : http://localhost:4200/ -> Access to XMLHttpRequest at 'https://geoip.nekudo.com/api' from origin 'http://localhost:4200' has been blocked by CORS policy: No 'Access-Control-Allow-Origin' header is present on the requested resource.
2022-05-25 11:56:06 ERROR    Failure: 116883329609946864055106810307069809545 : http://localhost:4200/ -> JSHandle@object
2022-05-25 11:56:06 ERROR    Failure: 262513326802567628094931167029883077585 : http://localhost:4200/new -> net::ERR_ABORTED
2022-05-25 11:56:08 ERROR    Failure: 223684313413012242652925975724179693671 : http://localhost:4200/ -> net::ERR_CONNECTION_REFUSED
2022-05-25 11:56:08 ERROR    Failure: 46822577063395887337747847899479931724 : http://localhost:4200/ -> Failed to load resource: net::ERR_CONNECTION_REFUSED
2022-05-25 11:56:11 ERROR    Failure: 204148924151735858044210481229518018319 : http://localhost:4200/ -> status code(400) -> 
2022-05-25 11:56:11 ERROR    Failure: 209036318680772634052885377060412114839 : http://localhost:4200/ -> Access to XMLHttpRequest at 'https://geoip.nekudo.com/api' from origin 'http://localhost:4200' has been blocked by CORS policy: No 'Access-Control-Allow-Origin' header is present on the requested resource.
2022-05-25 11:56:11 ERROR    Failure: 116883329609946864055106810307069809545 : http://localhost:4200/ -> JSHandle@object
2022-05-25 11:56:11 ERROR    Failure: 262513326802567628094931167029883077585 : http://localhost:4200/new -> net::ERR_ABORTED
2022-05-25 11:56:18 ERROR    Failure: 223684313413012242652925975724179693671 : http://localhost:4200/ -> net::ERR_CONNECTION_REFUSED
2022-05-25 11:56:18 ERROR    Failure: 46822577063395887337747847899479931724 : http://localhost:4200/ -> Failed to load resource: net::ERR_CONNECTION_REFUSED
2022-05-25 11:56:20 ERROR    Failure: 204148924151735858044210481229518018319 : http://localhost:4200/ -> status code(400) -> 
2022-05-25 11:56:21 ERROR    Failure: 209036318680772634052885377060412114839 : http://localhost:4200/ -> Access to XMLHttpRequest at 'https://geoip.nekudo.com/api' from origin 'http://localhost:4200' has been blocked by CORS policy: No 'Access-Control-Allow-Origin' header is present on the requested resource.
2022-05-25 11:56:21 ERROR    Failure: 116883329609946864055106810307069809545 : http://localhost:4200/ -> JSHandle@object
2022-05-25 11:56:21 ERROR    Failure: 262513326802567628094931167029883077585 : http://localhost:4200/new -> net::ERR_ABORTED
2022-05-25 11:56:27 ERROR    Failure: 223684313413012242652925975724179693671 : http://localhost:4200/ -> net::ERR_CONNECTION_REFUSED
2022-05-25 11:56:27 ERROR    Failure: 46822577063395887337747847899479931724 : http://localhost:4200/ -> Failed to load resource: net::ERR_CONNECTION_REFUSED
2022-05-25 11:56:33 ERROR    Failure: 204148924151735858044210481229518018319 : http://localhost:4200/ -> status code(400) -> 
2022-05-25 11:56:34 ERROR    Failure: 209036318680772634052885377060412114839 : http://localhost:4200/ -> Access to XMLHttpRequest at 'https://geoip.nekudo.com/api' from origin 'http://localhost:4200' has been blocked by CORS policy: No 'Access-Control-Allow-Origin' header is present on the requested resource.
2022-05-25 11:56:34 ERROR    Failure: 116883329609946864055106810307069809545 : http://localhost:4200/ -> JSHandle@object
2022-05-25 11:56:34 ERROR    Failure: 262513326802567628094931167029883077585 : http://localhost:4200/new -> net::ERR_ABORTED
2022-05-25 11:56:36 ERROR    Failure: 223684313413012242652925975724179693671 : http://localhost:4200/ -> net::ERR_CONNECTION_REFUSED
2022-05-25 11:56:36 ERROR    Failure: 46822577063395887337747847899479931724 : http://localhost:4200/ -> Failed to load resource: net::ERR_CONNECTION_REFUSED
2022-05-25 11:56:39 ERROR    Failure: 204148924151735858044210481229518018319 : http://localhost:4200/ -> status code(400) -> 
2022-05-25 11:56:40 ERROR    Failure: 209036318680772634052885377060412114839 : http://localhost:4200/ -> Access to XMLHttpRequest at 'https://geoip.nekudo.com/api' from origin 'http://localhost:4200' has been blocked by CORS policy: No 'Access-Control-Allow-Origin' header is present on the requested resource.
2022-05-25 11:56:40 ERROR    Failure: 116883329609946864055106810307069809545 : http://localhost:4200/ -> JSHandle@object
2022-05-25 11:56:40 ERROR    Failure: 262513326802567628094931167029883077585 : http://localhost:4200/new -> net::ERR_ABORTED
2022-05-25 11:56:45 ERROR    Failure: 223684313413012242652925975724179693671 : http://localhost:4200/ -> net::ERR_CONNECTION_REFUSED
2022-05-25 11:56:45 ERROR    Failure: 46822577063395887337747847899479931724 : http://localhost:4200/ -> Failed to load resource: net::ERR_CONNECTION_REFUSED
2022-05-25 11:56:47 ERROR    Failure: 204148924151735858044210481229518018319 : http://localhost:4200/ -> status code(400) -> 
2022-05-25 11:56:47 ERROR    Failure: 209036318680772634052885377060412114839 : http://localhost:4200/ -> Access to XMLHttpRequest at 'https://geoip.nekudo.com/api' from origin 'http://localhost:4200' has been blocked by CORS policy: No 'Access-Control-Allow-Origin' header is present on the requested resource.
2022-05-25 11:56:47 ERROR    Failure: 116883329609946864055106810307069809545 : http://localhost:4200/ -> JSHandle@object
2022-05-25 11:56:47 ERROR    Failure: 262513326802567628094931167029883077585 : http://localhost:4200/new -> net::ERR_ABORTED
2022-05-25 11:56:55 ERROR    Failure: 223684313413012242652925975724179693671 : http://localhost:4200/ -> net::ERR_CONNECTION_REFUSED
2022-05-25 11:56:55 ERROR    Failure: 46822577063395887337747847899479931724 : http://localhost:4200/ -> Failed to load resource: net::ERR_CONNECTION_REFUSED
2022-05-25 11:56:58 ERROR    Failure: 204148924151735858044210481229518018319 : http://localhost:4200/ -> status code(400) -> 
2022-05-25 11:56:58 ERROR    Failure: 209036318680772634052885377060412114839 : http://localhost:4200/ -> Access to XMLHttpRequest at 'https://geoip.nekudo.com/api' from origin 'http://localhost:4200' has been blocked by CORS policy: No 'Access-Control-Allow-Origin' header is present on the requested resource.
2022-05-25 11:56:58 ERROR    Failure: 116883329609946864055106810307069809545 : http://localhost:4200/ -> JSHandle@object
2022-05-25 11:56:59 ERROR    Failure: 262513326802567628094931167029883077585 : http://localhost:4200/new -> net::ERR_ABORTED
2022-05-25 11:57:02 ERROR    Failure: 223684313413012242652925975724179693671 : http://localhost:4200/ -> net::ERR_CONNECTION_REFUSED
2022-05-25 11:57:02 ERROR    Failure: 46822577063395887337747847899479931724 : http://localhost:4200/ -> Failed to load resource: net::ERR_CONNECTION_REFUSED
2022-05-25 11:57:06 ERROR    Failure: 204148924151735858044210481229518018319 : http://localhost:4200/ -> status code(400) -> 
2022-05-25 11:57:06 ERROR    Failure: 209036318680772634052885377060412114839 : http://localhost:4200/ -> Access to XMLHttpRequest at 'https://geoip.nekudo.com/api' from origin 'http://localhost:4200' has been blocked by CORS policy: No 'Access-Control-Allow-Origin' header is present on the requested resource.
2022-05-25 11:57:06 ERROR    Failure: 116883329609946864055106810307069809545 : http://localhost:4200/ -> JSHandle@object
2022-05-25 11:57:06 ERROR    Failure: 262513326802567628094931167029883077585 : http://localhost:4200/new -> net::ERR_ABORTED
2022-05-25 11:57:10 ERROR    Failure: 223684313413012242652925975724179693671 : http://localhost:4200/ -> net::ERR_CONNECTION_REFUSED
2022-05-25 11:57:10 ERROR    Failure: 46822577063395887337747847899479931724 : http://localhost:4200/ -> Failed to load resource: net::ERR_CONNECTION_REFUSED
2022-05-25 11:57:18 ERROR    Failure: 204148924151735858044210481229518018319 : http://localhost:4200/ -> status code(400) -> 
2022-05-25 11:57:18 ERROR    Failure: 209036318680772634052885377060412114839 : http://localhost:4200/ -> Access to XMLHttpRequest at 'https://geoip.nekudo.com/api' from origin 'http://localhost:4200' has been blocked by CORS policy: No 'Access-Control-Allow-Origin' header is present on the requested resource.
2022-05-25 11:57:18 ERROR    Failure: 116883329609946864055106810307069809545 : http://localhost:4200/ -> JSHandle@object
2022-05-25 11:57:18 ERROR    Failure: 262513326802567628094931167029883077585 : http://localhost:4200/new -> net::ERR_ABORTED
2022-05-25 11:57:19 ERROR    Failure: 223684313413012242652925975724179693671 : http://localhost:4200/ -> net::ERR_CONNECTION_REFUSED
2022-05-25 11:57:19 ERROR    Failure: 46822577063395887337747847899479931724 : http://localhost:4200/ -> Failed to load resource: net::ERR_CONNECTION_REFUSED
2022-05-25 11:57:24 ERROR    Failure: 204148924151735858044210481229518018319 : http://localhost:4200/ -> status code(400) -> 
2022-05-25 11:57:24 ERROR    Failure: 209036318680772634052885377060412114839 : http://localhost:4200/ -> Access to XMLHttpRequest at 'https://geoip.nekudo.com/api' from origin 'http://localhost:4200' has been blocked by CORS policy: No 'Access-Control-Allow-Origin' header is present on the requested resource.
2022-05-25 11:57:24 ERROR    Failure: 116883329609946864055106810307069809545 : http://localhost:4200/ -> JSHandle@object
2022-05-25 11:57:24 ERROR    Failure: 262513326802567628094931167029883077585 : http://localhost:4200/new -> net::ERR_ABORTED
2022-05-25 11:57:25 ERROR    Failure: 223684313413012242652925975724179693671 : http://localhost:4200/ -> net::ERR_CONNECTION_REFUSED
2022-05-25 11:57:25 ERROR    Failure: 46822577063395887337747847899479931724 : http://localhost:4200/ -> Failed to load resource: net::ERR_CONNECTION_REFUSED
2022-05-25 11:57:28 ERROR    Failure: 204148924151735858044210481229518018319 : http://localhost:4200/ -> status code(400) -> 
2022-05-25 11:57:28 ERROR    Failure: 209036318680772634052885377060412114839 : http://localhost:4200/ -> Access to XMLHttpRequest at 'https://geoip.nekudo.com/api' from origin 'http://localhost:4200' has been blocked by CORS policy: No 'Access-Control-Allow-Origin' header is present on the requested resource.
2022-05-25 11:57:28 ERROR    Failure: 116883329609946864055106810307069809545 : http://localhost:4200/ -> JSHandle@object
2022-05-25 11:57:28 ERROR    Failure: 262513326802567628094931167029883077585 : http://localhost:4200/new -> net::ERR_ABORTED
2022-05-25 11:57:36 ERROR    Failure: 223684313413012242652925975724179693671 : http://localhost:4200/ -> net::ERR_CONNECTION_REFUSED
2022-05-25 11:57:36 ERROR    Failure: 46822577063395887337747847899479931724 : http://localhost:4200/ -> Failed to load resource: net::ERR_CONNECTION_REFUSED
2022-05-25 11:57:38 ERROR    Failure: 204148924151735858044210481229518018319 : http://localhost:4200/ -> status code(400) -> 
2022-05-25 11:57:39 ERROR    Failure: 209036318680772634052885377060412114839 : http://localhost:4200/ -> Access to XMLHttpRequest at 'https://geoip.nekudo.com/api' from origin 'http://localhost:4200' has been blocked by CORS policy: No 'Access-Control-Allow-Origin' header is present on the requested resource.
2022-05-25 11:57:39 ERROR    Failure: 116883329609946864055106810307069809545 : http://localhost:4200/ -> JSHandle@object
2022-05-25 11:57:39 ERROR    Failure: 262513326802567628094931167029883077585 : http://localhost:4200/new -> net::ERR_ABORTED
2022-05-25 11:57:45 ERROR    Failure: 223684313413012242652925975724179693671 : http://localhost:4200/ -> net::ERR_CONNECTION_REFUSED
2022-05-25 11:57:45 ERROR    Failure: 46822577063395887337747847899479931724 : http://localhost:4200/ -> Failed to load resource: net::ERR_CONNECTION_REFUSED
2022-05-25 11:57:51 ERROR    Failure: 204148924151735858044210481229518018319 : http://localhost:4200/ -> status code(400) -> 
2022-05-25 11:57:51 ERROR    Failure: 209036318680772634052885377060412114839 : http://localhost:4200/ -> Access to XMLHttpRequest at 'https://geoip.nekudo.com/api' from origin 'http://localhost:4200' has been blocked by CORS policy: No 'Access-Control-Allow-Origin' header is present on the requested resource.
2022-05-25 11:57:51 ERROR    Failure: 116883329609946864055106810307069809545 : http://localhost:4200/ -> JSHandle@object
2022-05-25 11:57:51 ERROR    Failure: 262513326802567628094931167029883077585 : http://localhost:4200/new -> net::ERR_ABORTED
2022-05-25 11:57:57 ERROR    Failure: 223684313413012242652925975724179693671 : http://localhost:4200/ -> net::ERR_CONNECTION_REFUSED
2022-05-25 11:57:57 ERROR    Failure: 46822577063395887337747847899479931724 : http://localhost:4200/ -> Failed to load resource: net::ERR_CONNECTION_REFUSED
2022-05-25 11:58:10 ERROR    Failure: 223684313413012242652925975724179693671 : http://localhost:4200/ -> net::ERR_CONNECTION_REFUSED
2022-05-25 11:58:10 ERROR    Failure: 46822577063395887337747847899479931724 : http://localhost:4200/ -> Failed to load resource: net::ERR_CONNECTION_REFUSED
2022-05-25 11:58:12 ERROR    Failure: 204148924151735858044210481229518018319 : http://localhost:4200/ -> status code(400) -> 
2022-05-25 11:58:12 ERROR    Failure: 209036318680772634052885377060412114839 : http://localhost:4200/ -> Access to XMLHttpRequest at 'https://geoip.nekudo.com/api' from origin 'http://localhost:4200' has been blocked by CORS policy: No 'Access-Control-Allow-Origin' header is present on the requested resource.
2022-05-25 11:58:12 ERROR    Failure: 116883329609946864055106810307069809545 : http://localhost:4200/ -> JSHandle@object
2022-05-25 11:58:12 ERROR    Failure: 262513326802567628094931167029883077585 : http://localhost:4200/new -> net::ERR_ABORTED
2022-05-25 11:58:17 ERROR    Failure: 223684313413012242652925975724179693671 : http://localhost:4200/ -> net::ERR_CONNECTION_REFUSED
2022-05-25 11:58:17 ERROR    Failure: 46822577063395887337747847899479931724 : http://localhost:4200/ -> Failed to load resource: net::ERR_CONNECTION_REFUSED
2022-05-25 11:58:19 ERROR    Failure: 204148924151735858044210481229518018319 : http://localhost:4200/ -> status code(400) -> 
2022-05-25 11:58:19 ERROR    Failure: 209036318680772634052885377060412114839 : http://localhost:4200/ -> Access to XMLHttpRequest at 'https://geoip.nekudo.com/api' from origin 'http://localhost:4200' has been blocked by CORS policy: No 'Access-Control-Allow-Origin' header is present on the requested resource.
2022-05-25 11:58:19 ERROR    Failure: 116883329609946864055106810307069809545 : http://localhost:4200/ -> JSHandle@object
2022-05-25 11:58:19 ERROR    Failure: 262513326802567628094931167029883077585 : http://localhost:4200/new -> net::ERR_ABORTED
2022-05-25 11:58:28 ERROR    Failure: 223684313413012242652925975724179693671 : http://localhost:4200/ -> net::ERR_CONNECTION_REFUSED
2022-05-25 11:58:28 ERROR    Failure: 46822577063395887337747847899479931724 : http://localhost:4200/ -> Failed to load resource: net::ERR_CONNECTION_REFUSED
2022-05-25 11:58:38 ERROR    Failure: 204148924151735858044210481229518018319 : http://localhost:4200/#events -> status code(400) -> 
2022-05-25 11:58:39 ERROR    Failure: 209036318680772634052885377060412114839 : http://localhost:4200/#events -> Access to XMLHttpRequest at 'https://geoip.nekudo.com/api' from origin 'http://localhost:4200' has been blocked by CORS policy: No 'Access-Control-Allow-Origin' header is present on the requested resource.
2022-05-25 11:58:39 ERROR    Failure: 116883329609946864055106810307069809545 : http://localhost:4200/#events -> JSHandle@object
2022-05-25 11:58:39 ERROR    Failure: 262513326802567628094931167029883077585 : http://localhost:4200/new -> net::ERR_ABORTED
2022-05-25 11:58:40 ERROR    Failure: 223684313413012242652925975724179693671 : http://localhost:4200/ -> net::ERR_CONNECTION_REFUSED
2022-05-25 11:58:40 ERROR    Failure: 46822577063395887337747847899479931724 : http://localhost:4200/ -> Failed to load resource: net::ERR_CONNECTION_REFUSED
2022-05-25 11:58:41 ERROR    Failure: 204148924151735858044210481229518018319 : http://localhost:4200/ -> status code(400) -> 
2022-05-25 11:58:42 ERROR    Failure: 209036318680772634052885377060412114839 : http://localhost:4200/ -> Access to XMLHttpRequest at 'https://geoip.nekudo.com/api' from origin 'http://localhost:4200' has been blocked by CORS policy: No 'Access-Control-Allow-Origin' header is present on the requested resource.
2022-05-25 11:58:42 ERROR    Failure: 116883329609946864055106810307069809545 : http://localhost:4200/ -> JSHandle@object
2022-05-25 11:58:42 ERROR    Failure: 262513326802567628094931167029883077585 : http://localhost:4200/new -> net::ERR_ABORTED
2022-05-25 11:58:48 ERROR    Failure: 223684313413012242652925975724179693671 : http://localhost:4200/ -> net::ERR_CONNECTION_REFUSED
2022-05-25 11:58:48 ERROR    Failure: 46822577063395887337747847899479931724 : http://localhost:4200/ -> Failed to load resource: net::ERR_CONNECTION_REFUSED
2022-05-25 11:58:52 ERROR    Failure: 204148924151735858044210481229518018319 : http://localhost:4200/ -> status code(400) -> 
2022-05-25 11:58:52 ERROR    Failure: 209036318680772634052885377060412114839 : http://localhost:4200/ -> Access to XMLHttpRequest at 'https://geoip.nekudo.com/api' from origin 'http://localhost:4200' has been blocked by CORS policy: No 'Access-Control-Allow-Origin' header is present on the requested resource.
2022-05-25 11:58:52 ERROR    Failure: 116883329609946864055106810307069809545 : http://localhost:4200/ -> JSHandle@object
2022-05-25 11:58:52 ERROR    Failure: 262513326802567628094931167029883077585 : http://localhost:4200/new -> net::ERR_ABORTED
2022-05-25 11:58:56 ERROR    Failure: 223684313413012242652925975724179693671 : http://localhost:4200/ -> net::ERR_CONNECTION_REFUSED
2022-05-25 11:58:56 ERROR    Failure: 46822577063395887337747847899479931724 : http://localhost:4200/ -> Failed to load resource: net::ERR_CONNECTION_REFUSED
2022-05-25 11:59:01 ERROR    Failure: 204148924151735858044210481229518018319 : http://localhost:4200/ -> status code(400) -> 
2022-05-25 11:59:01 ERROR    Failure: 209036318680772634052885377060412114839 : http://localhost:4200/ -> Access to XMLHttpRequest at 'https://geoip.nekudo.com/api' from origin 'http://localhost:4200' has been blocked by CORS policy: No 'Access-Control-Allow-Origin' header is present on the requested resource.
2022-05-25 11:59:01 ERROR    Failure: 116883329609946864055106810307069809545 : http://localhost:4200/ -> JSHandle@object
2022-05-25 11:59:01 ERROR    Failure: 262513326802567628094931167029883077585 : http://localhost:4200/new -> net::ERR_ABORTED
2022-05-25 11:59:06 ERROR    Failure: 223684313413012242652925975724179693671 : http://localhost:4200/ -> net::ERR_CONNECTION_REFUSED
2022-05-25 11:59:06 ERROR    Failure: 46822577063395887337747847899479931724 : http://localhost:4200/ -> Failed to load resource: net::ERR_CONNECTION_REFUSED
2022-05-25 11:59:09 ERROR    Failure: 204148924151735858044210481229518018319 : http://localhost:4200/ -> status code(400) -> 
2022-05-25 11:59:09 ERROR    Failure: 209036318680772634052885377060412114839 : http://localhost:4200/ -> Access to XMLHttpRequest at 'https://geoip.nekudo.com/api' from origin 'http://localhost:4200' has been blocked by CORS policy: No 'Access-Control-Allow-Origin' header is present on the requested resource.
2022-05-25 11:59:09 ERROR    Failure: 116883329609946864055106810307069809545 : http://localhost:4200/ -> JSHandle@object
2022-05-25 11:59:09 ERROR    Failure: 262513326802567628094931167029883077585 : http://localhost:4200/new -> net::ERR_ABORTED
2022-05-25 11:59:12 ERROR    Failure: 223684313413012242652925975724179693671 : http://localhost:4200/ -> net::ERR_CONNECTION_REFUSED
2022-05-25 11:59:12 ERROR    Failure: 46822577063395887337747847899479931724 : http://localhost:4200/ -> Failed to load resource: net::ERR_CONNECTION_REFUSED
2022-05-25 11:59:20 ERROR    Failure: 204148924151735858044210481229518018319 : http://localhost:4200/ -> status code(400) -> 
2022-05-25 11:59:20 ERROR    Failure: 209036318680772634052885377060412114839 : http://localhost:4200/ -> Access to XMLHttpRequest at 'https://geoip.nekudo.com/api' from origin 'http://localhost:4200' has been blocked by CORS policy: No 'Access-Control-Allow-Origin' header is present on the requested resource.
2022-05-25 11:59:20 ERROR    Failure: 116883329609946864055106810307069809545 : http://localhost:4200/ -> JSHandle@object
2022-05-25 11:59:20 ERROR    Failure: 262513326802567628094931167029883077585 : http://localhost:4200/new -> net::ERR_ABORTED
2022-05-25 11:59:23 ERROR    Failure: 223684313413012242652925975724179693671 : http://localhost:4200/ -> net::ERR_CONNECTION_REFUSED
2022-05-25 11:59:23 ERROR    Failure: 46822577063395887337747847899479931724 : http://localhost:4200/ -> Failed to load resource: net::ERR_CONNECTION_REFUSED
2022-05-25 11:59:28 ERROR    Failure: 204148924151735858044210481229518018319 : http://localhost:4200/ -> status code(400) -> 
2022-05-25 11:59:28 ERROR    Failure: 209036318680772634052885377060412114839 : http://localhost:4200/ -> Access to XMLHttpRequest at 'https://geoip.nekudo.com/api' from origin 'http://localhost:4200' has been blocked by CORS policy: No 'Access-Control-Allow-Origin' header is present on the requested resource.
2022-05-25 11:59:28 ERROR    Failure: 116883329609946864055106810307069809545 : http://localhost:4200/ -> JSHandle@object
2022-05-25 11:59:28 ERROR    Failure: 262513326802567628094931167029883077585 : http://localhost:4200/new -> net::ERR_ABORTED
2022-05-25 11:59:33 ERROR    Failure: 223684313413012242652925975724179693671 : http://localhost:4200/ -> net::ERR_CONNECTION_REFUSED
2022-05-25 11:59:33 ERROR    Failure: 46822577063395887337747847899479931724 : http://localhost:4200/ -> Failed to load resource: net::ERR_CONNECTION_REFUSED
2022-05-25 11:59:40 ERROR    Failure: 204148924151735858044210481229518018319 : http://localhost:4200/ -> status code(400) -> 
2022-05-25 11:59:41 ERROR    Failure: 209036318680772634052885377060412114839 : http://localhost:4200/ -> Access to XMLHttpRequest at 'https://geoip.nekudo.com/api' from origin 'http://localhost:4200' has been blocked by CORS policy: No 'Access-Control-Allow-Origin' header is present on the requested resource.
2022-05-25 11:59:41 ERROR    Failure: 116883329609946864055106810307069809545 : http://localhost:4200/ -> JSHandle@object
2022-05-25 11:59:41 ERROR    Failure: 262513326802567628094931167029883077585 : http://localhost:4200/new -> net::ERR_ABORTED
2022-05-25 11:59:44 ERROR    Failure: 223684313413012242652925975724179693671 : http://localhost:4200/ -> net::ERR_CONNECTION_REFUSED
2022-05-25 11:59:44 ERROR    Failure: 46822577063395887337747847899479931724 : http://localhost:4200/ -> Failed to load resource: net::ERR_CONNECTION_REFUSED
2022-05-25 11:59:46 ERROR    Failure: 204148924151735858044210481229518018319 : http://localhost:4200/ -> status code(400) -> 
2022-05-25 11:59:46 ERROR    Failure: 209036318680772634052885377060412114839 : http://localhost:4200/ -> Access to XMLHttpRequest at 'https://geoip.nekudo.com/api' from origin 'http://localhost:4200' has been blocked by CORS policy: No 'Access-Control-Allow-Origin' header is present on the requested resource.
2022-05-25 11:59:46 ERROR    Failure: 116883329609946864055106810307069809545 : http://localhost:4200/ -> JSHandle@object
2022-05-25 11:59:46 ERROR    Failure: 262513326802567628094931167029883077585 : http://localhost:4200/new -> net::ERR_ABORTED
2022-05-25 11:59:53 ERROR    Failure: 223684313413012242652925975724179693671 : http://localhost:4200/ -> net::ERR_CONNECTION_REFUSED
2022-05-25 11:59:53 ERROR    Failure: 46822577063395887337747847899479931724 : http://localhost:4200/ -> Failed to load resource: net::ERR_CONNECTION_REFUSED
2022-05-25 11:59:57 ERROR    Failure: 204148924151735858044210481229518018319 : http://localhost:4200/ -> status code(400) -> 
2022-05-25 11:59:57 ERROR    Failure: 209036318680772634052885377060412114839 : http://localhost:4200/ -> Access to XMLHttpRequest at 'https://geoip.nekudo.com/api' from origin 'http://localhost:4200' has been blocked by CORS policy: No 'Access-Control-Allow-Origin' header is present on the requested resource.
2022-05-25 11:59:57 ERROR    Failure: 116883329609946864055106810307069809545 : http://localhost:4200/ -> JSHandle@object
2022-05-25 11:59:57 ERROR    Failure: 262513326802567628094931167029883077585 : http://localhost:4200/new -> net::ERR_ABORTED
2022-05-25 12:00:01 ERROR    Failure: 223684313413012242652925975724179693671 : http://localhost:4200/ -> net::ERR_CONNECTION_REFUSED
2022-05-25 12:00:01 ERROR    Failure: 46822577063395887337747847899479931724 : http://localhost:4200/ -> Failed to load resource: net::ERR_CONNECTION_REFUSED
2022-05-25 12:00:04 ERROR    Failure: 204148924151735858044210481229518018319 : http://localhost:4200/ -> status code(400) -> 
2022-05-25 12:00:04 ERROR    Failure: 209036318680772634052885377060412114839 : http://localhost:4200/ -> Access to XMLHttpRequest at 'https://geoip.nekudo.com/api' from origin 'http://localhost:4200' has been blocked by CORS policy: No 'Access-Control-Allow-Origin' header is present on the requested resource.
2022-05-25 12:00:04 ERROR    Failure: 116883329609946864055106810307069809545 : http://localhost:4200/ -> JSHandle@object
2022-05-25 12:00:04 ERROR    Failure: 262513326802567628094931167029883077585 : http://localhost:4200/new -> net::ERR_ABORTED
2022-05-25 12:00:10 ERROR    Failure: 223684313413012242652925975724179693671 : http://localhost:4200/ -> net::ERR_CONNECTION_REFUSED
2022-05-25 12:00:10 ERROR    Failure: 46822577063395887337747847899479931724 : http://localhost:4200/ -> Failed to load resource: net::ERR_CONNECTION_REFUSED
2022-05-25 12:00:15 ERROR    Failure: 204148924151735858044210481229518018319 : http://localhost:4200/ -> status code(400) -> 
2022-05-25 12:00:15 ERROR    Failure: 209036318680772634052885377060412114839 : http://localhost:4200/ -> Access to XMLHttpRequest at 'https://geoip.nekudo.com/api' from origin 'http://localhost:4200' has been blocked by CORS policy: No 'Access-Control-Allow-Origin' header is present on the requested resource.
2022-05-25 12:00:15 ERROR    Failure: 116883329609946864055106810307069809545 : http://localhost:4200/ -> JSHandle@object
2022-05-25 12:00:15 ERROR    Failure: 262513326802567628094931167029883077585 : http://localhost:4200/new -> net::ERR_ABORTED
2022-05-25 12:00:21 ERROR    Failure: 223684313413012242652925975724179693671 : http://localhost:4200/ -> net::ERR_CONNECTION_REFUSED
2022-05-25 12:00:21 ERROR    Failure: 46822577063395887337747847899479931724 : http://localhost:4200/ -> Failed to load resource: net::ERR_CONNECTION_REFUSED
2022-05-25 12:00:23 ERROR    Failure: 204148924151735858044210481229518018319 : http://localhost:4200/ -> status code(400) -> 
2022-05-25 12:00:23 ERROR    Failure: 209036318680772634052885377060412114839 : http://localhost:4200/ -> Access to XMLHttpRequest at 'https://geoip.nekudo.com/api' from origin 'http://localhost:4200' has been blocked by CORS policy: No 'Access-Control-Allow-Origin' header is present on the requested resource.
2022-05-25 12:00:23 ERROR    Failure: 116883329609946864055106810307069809545 : http://localhost:4200/ -> JSHandle@object
2022-05-25 12:00:23 ERROR    Failure: 262513326802567628094931167029883077585 : http://localhost:4200/new -> net::ERR_ABORTED
2022-05-25 12:00:29 ERROR    Failure: 223684313413012242652925975724179693671 : http://localhost:4200/ -> net::ERR_CONNECTION_REFUSED
2022-05-25 12:00:29 ERROR    Failure: 46822577063395887337747847899479931724 : http://localhost:4200/ -> Failed to load resource: net::ERR_CONNECTION_REFUSED
2022-05-25 12:00:34 ERROR    Failure: 204148924151735858044210481229518018319 : http://localhost:4200/ -> status code(400) -> 
2022-05-25 12:00:34 ERROR    Failure: 209036318680772634052885377060412114839 : http://localhost:4200/ -> Access to XMLHttpRequest at 'https://geoip.nekudo.com/api' from origin 'http://localhost:4200' has been blocked by CORS policy: No 'Access-Control-Allow-Origin' header is present on the requested resource.
2022-05-25 12:00:34 ERROR    Failure: 116883329609946864055106810307069809545 : http://localhost:4200/ -> JSHandle@object
2022-05-25 12:00:34 ERROR    Failure: 262513326802567628094931167029883077585 : http://localhost:4200/new -> net::ERR_ABORTED
2022-05-25 12:00:38 ERROR    Failure: 223684313413012242652925975724179693671 : http://localhost:4200/ -> net::ERR_CONNECTION_REFUSED
2022-05-25 12:00:38 ERROR    Failure: 46822577063395887337747847899479931724 : http://localhost:4200/ -> Failed to load resource: net::ERR_CONNECTION_REFUSED
2022-05-25 12:00:41 ERROR    Failure: 204148924151735858044210481229518018319 : http://localhost:4200/ -> status code(400) -> 
2022-05-25 12:00:41 ERROR    Failure: 209036318680772634052885377060412114839 : http://localhost:4200/ -> Access to XMLHttpRequest at 'https://geoip.nekudo.com/api' from origin 'http://localhost:4200' has been blocked by CORS policy: No 'Access-Control-Allow-Origin' header is present on the requested resource.
2022-05-25 12:00:41 ERROR    Failure: 116883329609946864055106810307069809545 : http://localhost:4200/ -> JSHandle@object
2022-05-25 12:00:41 ERROR    Failure: 262513326802567628094931167029883077585 : http://localhost:4200/new -> net::ERR_ABORTED
2022-05-25 12:00:45 ERROR    Failure: 223684313413012242652925975724179693671 : http://localhost:4200/ -> net::ERR_CONNECTION_REFUSED
2022-05-25 12:00:45 ERROR    Failure: 46822577063395887337747847899479931724 : http://localhost:4200/ -> Failed to load resource: net::ERR_CONNECTION_REFUSED
2022-05-25 12:00:48 ERROR    Failure: 204148924151735858044210481229518018319 : http://localhost:4200/ -> status code(400) -> 
2022-05-25 12:00:48 ERROR    Failure: 209036318680772634052885377060412114839 : http://localhost:4200/ -> Access to XMLHttpRequest at 'https://geoip.nekudo.com/api' from origin 'http://localhost:4200' has been blocked by CORS policy: No 'Access-Control-Allow-Origin' header is present on the requested resource.
2022-05-25 12:00:48 ERROR    Failure: 116883329609946864055106810307069809545 : http://localhost:4200/ -> JSHandle@object
2022-05-25 12:00:48 ERROR    Failure: 262513326802567628094931167029883077585 : http://localhost:4200/new -> net::ERR_ABORTED
2022-05-25 12:00:55 ERROR    Failure: 223684313413012242652925975724179693671 : http://localhost:4200/ -> net::ERR_CONNECTION_REFUSED
2022-05-25 12:00:55 ERROR    Failure: 46822577063395887337747847899479931724 : http://localhost:4200/ -> Failed to load resource: net::ERR_CONNECTION_REFUSED
2022-05-25 12:01:01 ERROR    Failure: 204148924151735858044210481229518018319 : http://localhost:4200/ -> status code(400) -> 
2022-05-25 12:01:01 ERROR    Failure: 209036318680772634052885377060412114839 : http://localhost:4200/ -> Access to XMLHttpRequest at 'https://geoip.nekudo.com/api' from origin 'http://localhost:4200' has been blocked by CORS policy: No 'Access-Control-Allow-Origin' header is present on the requested resource.
2022-05-25 12:01:01 ERROR    Failure: 116883329609946864055106810307069809545 : http://localhost:4200/ -> JSHandle@object
2022-05-25 12:01:01 ERROR    Failure: 262513326802567628094931167029883077585 : http://localhost:4200/new -> net::ERR_ABORTED
2022-05-25 12:01:04 ERROR    Failure: 223684313413012242652925975724179693671 : http://localhost:4200/ -> net::ERR_CONNECTION_REFUSED
2022-05-25 12:01:04 ERROR    Failure: 46822577063395887337747847899479931724 : http://localhost:4200/ -> Failed to load resource: net::ERR_CONNECTION_REFUSED
2022-05-25 12:01:11 ERROR    Failure: 204148924151735858044210481229518018319 : http://localhost:4200/ -> status code(400) -> 
2022-05-25 12:01:12 ERROR    Failure: 209036318680772634052885377060412114839 : http://localhost:4200/ -> Access to XMLHttpRequest at 'https://geoip.nekudo.com/api' from origin 'http://localhost:4200' has been blocked by CORS policy: No 'Access-Control-Allow-Origin' header is present on the requested resource.
2022-05-25 12:01:12 ERROR    Failure: 116883329609946864055106810307069809545 : http://localhost:4200/ -> JSHandle@object
2022-05-25 12:01:12 ERROR    Failure: 262513326802567628094931167029883077585 : http://localhost:4200/new -> net::ERR_ABORTED
2022-05-25 12:01:15 ERROR    Failure: 223684313413012242652925975724179693671 : http://localhost:4200/ -> net::ERR_CONNECTION_REFUSED
2022-05-25 12:01:15 ERROR    Failure: 46822577063395887337747847899479931724 : http://localhost:4200/ -> Failed to load resource: net::ERR_CONNECTION_REFUSED
2022-05-25 12:01:17 ERROR    Failure: 204148924151735858044210481229518018319 : http://localhost:4200/ -> status code(400) -> 
2022-05-25 12:01:17 ERROR    Failure: 209036318680772634052885377060412114839 : http://localhost:4200/ -> Access to XMLHttpRequest at 'https://geoip.nekudo.com/api' from origin 'http://localhost:4200' has been blocked by CORS policy: No 'Access-Control-Allow-Origin' header is present on the requested resource.
2022-05-25 12:01:17 ERROR    Failure: 116883329609946864055106810307069809545 : http://localhost:4200/ -> JSHandle@object
2022-05-25 12:01:17 ERROR    Failure: 262513326802567628094931167029883077585 : http://localhost:4200/new -> net::ERR_ABORTED
2022-05-25 12:01:23 ERROR    Failure: 223684313413012242652925975724179693671 : http://localhost:4200/ -> net::ERR_CONNECTION_REFUSED
2022-05-25 12:01:23 ERROR    Failure: 46822577063395887337747847899479931724 : http://localhost:4200/ -> Failed to load resource: net::ERR_CONNECTION_REFUSED
2022-05-25 12:01:35 ERROR    Failure: 223684313413012242652925975724179693671 : http://localhost:4200/ -> net::ERR_CONNECTION_REFUSED
2022-05-25 12:01:35 ERROR    Failure: 46822577063395887337747847899479931724 : http://localhost:4200/ -> Failed to load resource: net::ERR_CONNECTION_REFUSED
2022-05-25 12:01:47 ERROR    Failure: 223684313413012242652925975724179693671 : http://localhost:4200/ -> net::ERR_CONNECTION_REFUSED
2022-05-25 12:01:47 ERROR    Failure: 46822577063395887337747847899479931724 : http://localhost:4200/ -> Failed to load resource: net::ERR_CONNECTION_REFUSED
2022-05-25 12:01:49 ERROR    Failure: 204148924151735858044210481229518018319 : http://localhost:4200/ -> status code(400) -> 
2022-05-25 12:01:50 ERROR    Failure: 209036318680772634052885377060412114839 : http://localhost:4200/ -> Access to XMLHttpRequest at 'https://geoip.nekudo.com/api' from origin 'http://localhost:4200' has been blocked by CORS policy: No 'Access-Control-Allow-Origin' header is present on the requested resource.
2022-05-25 12:01:50 ERROR    Failure: 116883329609946864055106810307069809545 : http://localhost:4200/ -> JSHandle@object
2022-05-25 12:01:50 ERROR    Failure: 262513326802567628094931167029883077585 : http://localhost:4200/new -> net::ERR_ABORTED
2022-05-25 12:01:54 ERROR    Failure: 223684313413012242652925975724179693671 : http://localhost:4200/ -> net::ERR_CONNECTION_REFUSED
2022-05-25 12:01:54 ERROR    Failure: 46822577063395887337747847899479931724 : http://localhost:4200/ -> Failed to load resource: net::ERR_CONNECTION_REFUSED
2022-05-25 12:02:01 ERROR    Failure: 204148924151735858044210481229518018319 : http://localhost:4200/ -> status code(400) -> 
2022-05-25 12:02:01 ERROR    Failure: 209036318680772634052885377060412114839 : http://localhost:4200/ -> Access to XMLHttpRequest at 'https://geoip.nekudo.com/api' from origin 'http://localhost:4200' has been blocked by CORS policy: No 'Access-Control-Allow-Origin' header is present on the requested resource.
2022-05-25 12:02:01 ERROR    Failure: 116883329609946864055106810307069809545 : http://localhost:4200/ -> JSHandle@object
2022-05-25 12:02:01 ERROR    Failure: 262513326802567628094931167029883077585 : http://localhost:4200/new -> net::ERR_ABORTED
2022-05-25 12:02:05 ERROR    Failure: 223684313413012242652925975724179693671 : http://localhost:4200/ -> net::ERR_CONNECTION_REFUSED
2022-05-25 12:02:05 ERROR    Failure: 46822577063395887337747847899479931724 : http://localhost:4200/ -> Failed to load resource: net::ERR_CONNECTION_REFUSED
2022-05-25 12:02:11 ERROR    Failure: 204148924151735858044210481229518018319 : http://localhost:4200/ -> status code(400) -> 
2022-05-25 12:02:11 ERROR    Failure: 209036318680772634052885377060412114839 : http://localhost:4200/ -> Access to XMLHttpRequest at 'https://geoip.nekudo.com/api' from origin 'http://localhost:4200' has been blocked by CORS policy: No 'Access-Control-Allow-Origin' header is present on the requested resource.
2022-05-25 12:02:11 ERROR    Failure: 116883329609946864055106810307069809545 : http://localhost:4200/ -> JSHandle@object
2022-05-25 12:02:11 ERROR    Failure: 262513326802567628094931167029883077585 : http://localhost:4200/new -> net::ERR_ABORTED
2022-05-25 12:02:13 ERROR    Failure: 223684313413012242652925975724179693671 : http://localhost:4200/ -> net::ERR_CONNECTION_REFUSED
2022-05-25 12:02:13 ERROR    Failure: 46822577063395887337747847899479931724 : http://localhost:4200/ -> Failed to load resource: net::ERR_CONNECTION_REFUSED
2022-05-25 12:02:15 ERROR    Failure: 204148924151735858044210481229518018319 : http://localhost:4200/ -> status code(400) -> 
2022-05-25 12:02:15 ERROR    Failure: 209036318680772634052885377060412114839 : http://localhost:4200/ -> Access to XMLHttpRequest at 'https://geoip.nekudo.com/api' from origin 'http://localhost:4200' has been blocked by CORS policy: No 'Access-Control-Allow-Origin' header is present on the requested resource.
2022-05-25 12:02:15 ERROR    Failure: 116883329609946864055106810307069809545 : http://localhost:4200/ -> JSHandle@object
2022-05-25 12:02:15 ERROR    Failure: 262513326802567628094931167029883077585 : http://localhost:4200/new -> net::ERR_ABORTED
2022-05-25 12:02:21 ERROR    Failure: 223684313413012242652925975724179693671 : http://localhost:4200/ -> net::ERR_CONNECTION_REFUSED
2022-05-25 12:02:21 ERROR    Failure: 46822577063395887337747847899479931724 : http://localhost:4200/ -> Failed to load resource: net::ERR_CONNECTION_REFUSED
2022-05-25 12:02:22 ERROR    Failure: 204148924151735858044210481229518018319 : http://localhost:4200/ -> status code(400) -> 
2022-05-25 12:02:22 ERROR    Failure: 209036318680772634052885377060412114839 : http://localhost:4200/ -> Access to XMLHttpRequest at 'https://geoip.nekudo.com/api' from origin 'http://localhost:4200' has been blocked by CORS policy: No 'Access-Control-Allow-Origin' header is present on the requested resource.
2022-05-25 12:02:22 ERROR    Failure: 116883329609946864055106810307069809545 : http://localhost:4200/ -> JSHandle@object
2022-05-25 12:02:23 ERROR    Failure: 262513326802567628094931167029883077585 : http://localhost:4200/new -> net::ERR_ABORTED
2022-05-25 12:02:25 ERROR    Failure: 223684313413012242652925975724179693671 : http://localhost:4200/ -> net::ERR_CONNECTION_REFUSED
2022-05-25 12:02:25 ERROR    Failure: 46822577063395887337747847899479931724 : http://localhost:4200/ -> Failed to load resource: net::ERR_CONNECTION_REFUSED
2022-05-25 12:02:31 ERROR    Failure: 204148924151735858044210481229518018319 : http://localhost:4200/ -> status code(400) -> 
2022-05-25 12:02:31 ERROR    Failure: 209036318680772634052885377060412114839 : http://localhost:4200/ -> Access to XMLHttpRequest at 'https://geoip.nekudo.com/api' from origin 'http://localhost:4200' has been blocked by CORS policy: No 'Access-Control-Allow-Origin' header is present on the requested resource.
2022-05-25 12:02:31 ERROR    Failure: 116883329609946864055106810307069809545 : http://localhost:4200/ -> JSHandle@object
2022-05-25 12:02:31 ERROR    Failure: 262513326802567628094931167029883077585 : http://localhost:4200/new -> net::ERR_ABORTED
2022-05-25 12:02:35 ERROR    Failure: 223684313413012242652925975724179693671 : http://localhost:4200/ -> net::ERR_CONNECTION_REFUSED
2022-05-25 12:02:35 ERROR    Failure: 46822577063395887337747847899479931724 : http://localhost:4200/ -> Failed to load resource: net::ERR_CONNECTION_REFUSED
2022-05-25 12:02:37 ERROR    Failure: 204148924151735858044210481229518018319 : http://localhost:4200/ -> status code(400) -> 
2022-05-25 12:02:38 ERROR    Failure: 209036318680772634052885377060412114839 : http://localhost:4200/ -> Access to XMLHttpRequest at 'https://geoip.nekudo.com/api' from origin 'http://localhost:4200' has been blocked by CORS policy: No 'Access-Control-Allow-Origin' header is present on the requested resource.
2022-05-25 12:02:38 ERROR    Failure: 116883329609946864055106810307069809545 : http://localhost:4200/ -> JSHandle@object
2022-05-25 12:02:38 ERROR    Failure: 262513326802567628094931167029883077585 : http://localhost:4200/new -> net::ERR_ABORTED
2022-05-25 12:02:42 ERROR    Failure: 223684313413012242652925975724179693671 : http://localhost:4200/ -> net::ERR_CONNECTION_REFUSED
2022-05-25 12:02:42 ERROR    Failure: 46822577063395887337747847899479931724 : http://localhost:4200/ -> Failed to load resource: net::ERR_CONNECTION_REFUSED
2022-05-25 12:02:43 ERROR    Failure: 204148924151735858044210481229518018319 : http://localhost:4200/ -> status code(400) -> 
2022-05-25 12:02:43 ERROR    Failure: 209036318680772634052885377060412114839 : http://localhost:4200/ -> Access to XMLHttpRequest at 'https://geoip.nekudo.com/api' from origin 'http://localhost:4200' has been blocked by CORS policy: No 'Access-Control-Allow-Origin' header is present on the requested resource.
2022-05-25 12:02:43 ERROR    Failure: 116883329609946864055106810307069809545 : http://localhost:4200/ -> JSHandle@object
2022-05-25 12:02:43 ERROR    Failure: 262513326802567628094931167029883077585 : http://localhost:4200/new -> net::ERR_ABORTED
2022-05-25 12:02:49 ERROR    Failure: 223684313413012242652925975724179693671 : http://localhost:4200/ -> net::ERR_CONNECTION_REFUSED
2022-05-25 12:02:49 ERROR    Failure: 46822577063395887337747847899479931724 : http://localhost:4200/ -> Failed to load resource: net::ERR_CONNECTION_REFUSED
2022-05-25 12:02:51 ERROR    Failure: 204148924151735858044210481229518018319 : http://localhost:4200/ -> status code(400) -> 
2022-05-25 12:02:52 ERROR    Failure: 209036318680772634052885377060412114839 : http://localhost:4200/ -> Access to XMLHttpRequest at 'https://geoip.nekudo.com/api' from origin 'http://localhost:4200' has been blocked by CORS policy: No 'Access-Control-Allow-Origin' header is present on the requested resource.
2022-05-25 12:02:52 ERROR    Failure: 116883329609946864055106810307069809545 : http://localhost:4200/ -> JSHandle@object
2022-05-25 12:02:52 ERROR    Failure: 262513326802567628094931167029883077585 : http://localhost:4200/new -> net::ERR_ABORTED
2022-05-25 12:02:56 ERROR    Failure: 223684313413012242652925975724179693671 : http://localhost:4200/ -> net::ERR_CONNECTION_REFUSED
2022-05-25 12:02:56 ERROR    Failure: 46822577063395887337747847899479931724 : http://localhost:4200/ -> Failed to load resource: net::ERR_CONNECTION_REFUSED
2022-05-25 12:03:00 ERROR    Failure: 204148924151735858044210481229518018319 : http://localhost:4200/ -> status code(400) -> 
2022-05-25 12:03:00 ERROR    Failure: 209036318680772634052885377060412114839 : http://localhost:4200/ -> Access to XMLHttpRequest at 'https://geoip.nekudo.com/api' from origin 'http://localhost:4200' has been blocked by CORS policy: No 'Access-Control-Allow-Origin' header is present on the requested resource.
2022-05-25 12:03:00 ERROR    Failure: 116883329609946864055106810307069809545 : http://localhost:4200/ -> JSHandle@object
2022-05-25 12:03:00 ERROR    Failure: 262513326802567628094931167029883077585 : http://localhost:4200/new -> net::ERR_ABORTED
2022-05-25 12:03:04 ERROR    Failure: 223684313413012242652925975724179693671 : http://localhost:4200/ -> net::ERR_CONNECTION_REFUSED
2022-05-25 12:03:04 ERROR    Failure: 46822577063395887337747847899479931724 : http://localhost:4200/ -> Failed to load resource: net::ERR_CONNECTION_REFUSED
2022-05-25 12:03:05 ERROR    Failure: 204148924151735858044210481229518018319 : http://localhost:4200/ -> status code(400) -> 
2022-05-25 12:03:05 ERROR    Failure: 209036318680772634052885377060412114839 : http://localhost:4200/ -> Access to XMLHttpRequest at 'https://geoip.nekudo.com/api' from origin 'http://localhost:4200' has been blocked by CORS policy: No 'Access-Control-Allow-Origin' header is present on the requested resource.
2022-05-25 12:03:05 ERROR    Failure: 116883329609946864055106810307069809545 : http://localhost:4200/ -> JSHandle@object
2022-05-25 12:03:05 ERROR    Failure: 262513326802567628094931167029883077585 : http://localhost:4200/new -> net::ERR_ABORTED
2022-05-25 12:03:12 ERROR    Failure: 223684313413012242652925975724179693671 : http://localhost:4200/ -> net::ERR_CONNECTION_REFUSED
2022-05-25 12:03:12 ERROR    Failure: 46822577063395887337747847899479931724 : http://localhost:4200/ -> Failed to load resource: net::ERR_CONNECTION_REFUSED
2022-05-25 12:03:16 ERROR    Failure: 204148924151735858044210481229518018319 : http://localhost:4200/ -> status code(400) -> 
2022-05-25 12:03:17 ERROR    Failure: 209036318680772634052885377060412114839 : http://localhost:4200/ -> Access to XMLHttpRequest at 'https://geoip.nekudo.com/api' from origin 'http://localhost:4200' has been blocked by CORS policy: No 'Access-Control-Allow-Origin' header is present on the requested resource.
2022-05-25 12:03:17 ERROR    Failure: 116883329609946864055106810307069809545 : http://localhost:4200/ -> JSHandle@object
2022-05-25 12:03:17 ERROR    Failure: 262513326802567628094931167029883077585 : http://localhost:4200/new -> net::ERR_ABORTED
2022-05-25 12:03:19 ERROR    Failure: 223684313413012242652925975724179693671 : http://localhost:4200/ -> net::ERR_CONNECTION_REFUSED
2022-05-25 12:03:19 ERROR    Failure: 46822577063395887337747847899479931724 : http://localhost:4200/ -> Failed to load resource: net::ERR_CONNECTION_REFUSED
2022-05-25 12:03:30 ERROR    Failure: 204148924151735858044210481229518018319 : http://localhost:4200/ -> status code(400) -> 
2022-05-25 12:03:30 ERROR    Failure: 209036318680772634052885377060412114839 : http://localhost:4200/ -> Access to XMLHttpRequest at 'https://geoip.nekudo.com/api' from origin 'http://localhost:4200' has been blocked by CORS policy: No 'Access-Control-Allow-Origin' header is present on the requested resource.
2022-05-25 12:03:30 ERROR    Failure: 116883329609946864055106810307069809545 : http://localhost:4200/ -> JSHandle@object
2022-05-25 12:03:30 ERROR    Failure: 262513326802567628094931167029883077585 : http://localhost:4200/new -> net::ERR_ABORTED
2022-05-25 12:03:31 ERROR    Failure: 223684313413012242652925975724179693671 : http://localhost:4200/ -> net::ERR_CONNECTION_REFUSED
2022-05-25 12:03:31 ERROR    Failure: 46822577063395887337747847899479931724 : http://localhost:4200/ -> Failed to load resource: net::ERR_CONNECTION_REFUSED
2022-05-25 12:03:35 ERROR    Failure: 204148924151735858044210481229518018319 : http://localhost:4200/ -> status code(400) -> 
2022-05-25 12:03:36 ERROR    Failure: 209036318680772634052885377060412114839 : http://localhost:4200/ -> Access to XMLHttpRequest at 'https://geoip.nekudo.com/api' from origin 'http://localhost:4200' has been blocked by CORS policy: No 'Access-Control-Allow-Origin' header is present on the requested resource.
2022-05-25 12:03:36 ERROR    Failure: 116883329609946864055106810307069809545 : http://localhost:4200/ -> JSHandle@object
2022-05-25 12:03:36 ERROR    Failure: 262513326802567628094931167029883077585 : http://localhost:4200/new -> net::ERR_ABORTED
2022-05-25 12:03:40 ERROR    Failure: 223684313413012242652925975724179693671 : http://localhost:4200/ -> net::ERR_CONNECTION_REFUSED
2022-05-25 12:03:40 ERROR    Failure: 46822577063395887337747847899479931724 : http://localhost:4200/ -> Failed to load resource: net::ERR_CONNECTION_REFUSED
2022-05-25 12:03:48 ERROR    Failure: 204148924151735858044210481229518018319 : http://localhost:4200/ -> status code(400) -> 
2022-05-25 12:03:49 ERROR    Failure: 209036318680772634052885377060412114839 : http://localhost:4200/ -> Access to XMLHttpRequest at 'https://geoip.nekudo.com/api' from origin 'http://localhost:4200' has been blocked by CORS policy: No 'Access-Control-Allow-Origin' header is present on the requested resource.
2022-05-25 12:03:49 ERROR    Failure: 116883329609946864055106810307069809545 : http://localhost:4200/ -> JSHandle@object
2022-05-25 12:03:49 ERROR    Failure: 262513326802567628094931167029883077585 : http://localhost:4200/new -> net::ERR_ABORTED
2022-05-25 12:03:51 ERROR    Failure: 223684313413012242652925975724179693671 : http://localhost:4200/ -> net::ERR_CONNECTION_REFUSED
2022-05-25 12:03:51 ERROR    Failure: 46822577063395887337747847899479931724 : http://localhost:4200/ -> Failed to load resource: net::ERR_CONNECTION_REFUSED
2022-05-25 12:03:59 ERROR    Failure: 204148924151735858044210481229518018319 : http://localhost:4200/ -> status code(400) -> 
2022-05-25 12:03:59 ERROR    Failure: 209036318680772634052885377060412114839 : http://localhost:4200/ -> Access to XMLHttpRequest at 'https://geoip.nekudo.com/api' from origin 'http://localhost:4200' has been blocked by CORS policy: No 'Access-Control-Allow-Origin' header is present on the requested resource.
2022-05-25 12:03:59 ERROR    Failure: 116883329609946864055106810307069809545 : http://localhost:4200/ -> JSHandle@object
2022-05-25 12:03:59 ERROR    Failure: 262513326802567628094931167029883077585 : http://localhost:4200/new -> net::ERR_ABORTED
2022-05-25 12:04:02 ERROR    Failure: 223684313413012242652925975724179693671 : http://localhost:4200/ -> net::ERR_CONNECTION_REFUSED
2022-05-25 12:04:02 ERROR    Failure: 46822577063395887337747847899479931724 : http://localhost:4200/ -> Failed to load resource: net::ERR_CONNECTION_REFUSED
2022-05-25 12:04:04 ERROR    Failure: 204148924151735858044210481229518018319 : http://localhost:4200/ -> status code(400) -> 
2022-05-25 12:04:04 ERROR    Failure: 209036318680772634052885377060412114839 : http://localhost:4200/ -> Access to XMLHttpRequest at 'https://geoip.nekudo.com/api' from origin 'http://localhost:4200' has been blocked by CORS policy: No 'Access-Control-Allow-Origin' header is present on the requested resource.
2022-05-25 12:04:04 ERROR    Failure: 116883329609946864055106810307069809545 : http://localhost:4200/ -> JSHandle@object
2022-05-25 12:04:04 ERROR    Failure: 262513326802567628094931167029883077585 : http://localhost:4200/new -> net::ERR_ABORTED
2022-05-25 12:04:09 ERROR    Failure: 223684313413012242652925975724179693671 : http://localhost:4200/ -> net::ERR_CONNECTION_REFUSED
2022-05-25 12:04:09 ERROR    Failure: 46822577063395887337747847899479931724 : http://localhost:4200/ -> Failed to load resource: net::ERR_CONNECTION_REFUSED
2022-05-25 12:04:11 ERROR    Failure: 204148924151735858044210481229518018319 : http://localhost:4200/ -> status code(400) -> 
2022-05-25 12:04:11 ERROR    Failure: 209036318680772634052885377060412114839 : http://localhost:4200/ -> Access to XMLHttpRequest at 'https://geoip.nekudo.com/api' from origin 'http://localhost:4200' has been blocked by CORS policy: No 'Access-Control-Allow-Origin' header is present on the requested resource.
2022-05-25 12:04:11 ERROR    Failure: 116883329609946864055106810307069809545 : http://localhost:4200/ -> JSHandle@object
2022-05-25 12:04:11 ERROR    Failure: 262513326802567628094931167029883077585 : http://localhost:4200/new -> net::ERR_ABORTED
2022-05-25 12:04:15 ERROR    Failure: 223684313413012242652925975724179693671 : http://localhost:4200/ -> net::ERR_CONNECTION_REFUSED
2022-05-25 12:04:15 ERROR    Failure: 46822577063395887337747847899479931724 : http://localhost:4200/ -> Failed to load resource: net::ERR_CONNECTION_REFUSED
2022-05-25 12:04:16 ERROR    Failure: 204148924151735858044210481229518018319 : http://localhost:4200/ -> status code(400) -> 
2022-05-25 12:04:16 ERROR    Failure: 209036318680772634052885377060412114839 : http://localhost:4200/ -> Access to XMLHttpRequest at 'https://geoip.nekudo.com/api' from origin 'http://localhost:4200' has been blocked by CORS policy: No 'Access-Control-Allow-Origin' header is present on the requested resource.
2022-05-25 12:04:16 ERROR    Failure: 116883329609946864055106810307069809545 : http://localhost:4200/ -> JSHandle@object
2022-05-25 12:04:16 ERROR    Failure: 262513326802567628094931167029883077585 : http://localhost:4200/new -> net::ERR_ABORTED
2022-05-25 12:04:23 ERROR    Failure: 223684313413012242652925975724179693671 : http://localhost:4200/ -> net::ERR_CONNECTION_REFUSED
2022-05-25 12:04:23 ERROR    Failure: 46822577063395887337747847899479931724 : http://localhost:4200/ -> Failed to load resource: net::ERR_CONNECTION_REFUSED
2022-05-25 12:04:33 ERROR    Failure: 223684313413012242652925975724179693671 : http://localhost:4200/ -> net::ERR_CONNECTION_REFUSED
2022-05-25 12:04:33 ERROR    Failure: 46822577063395887337747847899479931724 : http://localhost:4200/ -> Failed to load resource: net::ERR_CONNECTION_REFUSED
2022-05-25 12:04:37 ERROR    Failure: 204148924151735858044210481229518018319 : http://localhost:4200/ -> status code(400) -> 
2022-05-25 12:04:37 ERROR    Failure: 209036318680772634052885377060412114839 : http://localhost:4200/ -> Access to XMLHttpRequest at 'https://geoip.nekudo.com/api' from origin 'http://localhost:4200' has been blocked by CORS policy: No 'Access-Control-Allow-Origin' header is present on the requested resource.
2022-05-25 12:04:37 ERROR    Failure: 116883329609946864055106810307069809545 : http://localhost:4200/ -> JSHandle@object
2022-05-25 12:04:37 ERROR    Failure: 262513326802567628094931167029883077585 : http://localhost:4200/new -> net::ERR_ABORTED
2022-05-25 12:04:42 ERROR    Failure: 223684313413012242652925975724179693671 : http://localhost:4200/ -> net::ERR_CONNECTION_REFUSED
2022-05-25 12:04:42 ERROR    Failure: 46822577063395887337747847899479931724 : http://localhost:4200/ -> Failed to load resource: net::ERR_CONNECTION_REFUSED
2022-05-25 12:04:43 ERROR    Failure: 223684313413012242652925975724179693671 : http://localhost:4200/ -> net::ERR_CONNECTION_REFUSED
2022-05-25 12:04:43 ERROR    Failure: 46822577063395887337747847899479931724 : http://localhost:4200/ -> Failed to load resource: net::ERR_CONNECTION_REFUSED
2022-05-25 12:04:44 ERROR    Failure: 223684313413012242652925975724179693671 : http://localhost:4200/ -> net::ERR_CONNECTION_REFUSED
2022-05-25 12:04:44 ERROR    Failure: 46822577063395887337747847899479931724 : http://localhost:4200/ -> Failed to load resource: net::ERR_CONNECTION_REFUSED
2022-05-25 12:04:47 ERROR    Failure: 204148924151735858044210481229518018319 : http://localhost:4200/ -> status code(400) -> 
2022-05-25 12:04:47 ERROR    Failure: 209036318680772634052885377060412114839 : http://localhost:4200/ -> Access to XMLHttpRequest at 'https://geoip.nekudo.com/api' from origin 'http://localhost:4200' has been blocked by CORS policy: No 'Access-Control-Allow-Origin' header is present on the requested resource.
2022-05-25 12:04:47 ERROR    Failure: 116883329609946864055106810307069809545 : http://localhost:4200/ -> JSHandle@object
2022-05-25 12:04:47 ERROR    Failure: 262513326802567628094931167029883077585 : http://localhost:4200/new -> net::ERR_ABORTED
2022-05-25 12:04:51 ERROR    Failure: 223684313413012242652925975724179693671 : http://localhost:4200/ -> net::ERR_CONNECTION_REFUSED
2022-05-25 12:04:51 ERROR    Failure: 46822577063395887337747847899479931724 : http://localhost:4200/ -> Failed to load resource: net::ERR_CONNECTION_REFUSED
2022-05-25 12:04:55 ERROR    Failure: 204148924151735858044210481229518018319 : http://localhost:4200/ -> status code(400) -> 
2022-05-25 12:04:55 ERROR    Failure: 209036318680772634052885377060412114839 : http://localhost:4200/ -> Access to XMLHttpRequest at 'https://geoip.nekudo.com/api' from origin 'http://localhost:4200' has been blocked by CORS policy: No 'Access-Control-Allow-Origin' header is present on the requested resource.
2022-05-25 12:04:55 ERROR    Failure: 116883329609946864055106810307069809545 : http://localhost:4200/ -> JSHandle@object
2022-05-25 12:04:55 ERROR    Failure: 262513326802567628094931167029883077585 : http://localhost:4200/new -> net::ERR_ABORTED
2022-05-25 12:05:00 ERROR    Failure: 223684313413012242652925975724179693671 : http://localhost:4200/ -> net::ERR_CONNECTION_REFUSED
2022-05-25 12:05:00 ERROR    Failure: 46822577063395887337747847899479931724 : http://localhost:4200/ -> Failed to load resource: net::ERR_CONNECTION_REFUSED
2022-05-25 12:05:03 ERROR    Failure: 204148924151735858044210481229518018319 : http://localhost:4200/ -> status code(400) -> 
2022-05-25 12:05:03 ERROR    Failure: 209036318680772634052885377060412114839 : http://localhost:4200/ -> Access to XMLHttpRequest at 'https://geoip.nekudo.com/api' from origin 'http://localhost:4200' has been blocked by CORS policy: No 'Access-Control-Allow-Origin' header is present on the requested resource.
2022-05-25 12:05:03 ERROR    Failure: 116883329609946864055106810307069809545 : http://localhost:4200/ -> JSHandle@object
2022-05-25 12:05:03 ERROR    Failure: 262513326802567628094931167029883077585 : http://localhost:4200/new -> net::ERR_ABORTED
2022-05-25 12:05:09 ERROR    Failure: 223684313413012242652925975724179693671 : http://localhost:4200/ -> net::ERR_CONNECTION_REFUSED
2022-05-25 12:05:09 ERROR    Failure: 46822577063395887337747847899479931724 : http://localhost:4200/ -> Failed to load resource: net::ERR_CONNECTION_REFUSED
2022-05-25 12:05:13 ERROR    Failure: 204148924151735858044210481229518018319 : http://localhost:4200/ -> status code(400) -> 
2022-05-25 12:05:13 ERROR    Failure: 209036318680772634052885377060412114839 : http://localhost:4200/ -> Access to XMLHttpRequest at 'https://geoip.nekudo.com/api' from origin 'http://localhost:4200' has been blocked by CORS policy: No 'Access-Control-Allow-Origin' header is present on the requested resource.
2022-05-25 12:05:13 ERROR    Failure: 116883329609946864055106810307069809545 : http://localhost:4200/ -> JSHandle@object
2022-05-25 12:05:13 ERROR    Failure: 262513326802567628094931167029883077585 : http://localhost:4200/new -> net::ERR_ABORTED
2022-05-25 12:05:16 ERROR    Failure: 223684313413012242652925975724179693671 : http://localhost:4200/ -> net::ERR_CONNECTION_REFUSED
2022-05-25 12:05:16 ERROR    Failure: 46822577063395887337747847899479931724 : http://localhost:4200/ -> Failed to load resource: net::ERR_CONNECTION_REFUSED
2022-05-25 12:05:18 ERROR    Failure: 204148924151735858044210481229518018319 : http://localhost:4200/ -> status code(400) -> 
2022-05-25 12:05:18 ERROR    Failure: 209036318680772634052885377060412114839 : http://localhost:4200/ -> Access to XMLHttpRequest at 'https://geoip.nekudo.com/api' from origin 'http://localhost:4200' has been blocked by CORS policy: No 'Access-Control-Allow-Origin' header is present on the requested resource.
2022-05-25 12:05:18 ERROR    Failure: 116883329609946864055106810307069809545 : http://localhost:4200/ -> JSHandle@object
2022-05-25 12:05:19 ERROR    Failure: 262513326802567628094931167029883077585 : http://localhost:4200/new -> net::ERR_ABORTED
2022-05-25 12:05:23 ERROR    Failure: 223684313413012242652925975724179693671 : http://localhost:4200/ -> net::ERR_CONNECTION_REFUSED
2022-05-25 12:05:23 ERROR    Failure: 46822577063395887337747847899479931724 : http://localhost:4200/ -> Failed to load resource: net::ERR_CONNECTION_REFUSED
2022-05-25 12:05:33 ERROR    Failure: 204148924151735858044210481229518018319 : http://localhost:4200/ -> status code(400) -> 
2022-05-25 12:05:34 ERROR    Failure: 209036318680772634052885377060412114839 : http://localhost:4200/ -> Access to XMLHttpRequest at 'https://geoip.nekudo.com/api' from origin 'http://localhost:4200' has been blocked by CORS policy: No 'Access-Control-Allow-Origin' header is present on the requested resource.
2022-05-25 12:05:34 ERROR    Failure: 116883329609946864055106810307069809545 : http://localhost:4200/ -> JSHandle@object
2022-05-25 12:05:34 ERROR    Failure: 262513326802567628094931167029883077585 : http://localhost:4200/new -> net::ERR_ABORTED
2022-05-25 12:05:35 ERROR    Failure: 223684313413012242652925975724179693671 : http://localhost:4200/ -> net::ERR_CONNECTION_REFUSED
2022-05-25 12:05:35 ERROR    Failure: 46822577063395887337747847899479931724 : http://localhost:4200/ -> Failed to load resource: net::ERR_CONNECTION_REFUSED
2022-05-25 12:05:40 ERROR    Failure: 204148924151735858044210481229518018319 : http://localhost:4200/ -> status code(400) -> 
2022-05-25 12:05:41 ERROR    Failure: 209036318680772634052885377060412114839 : http://localhost:4200/ -> Access to XMLHttpRequest at 'https://geoip.nekudo.com/api' from origin 'http://localhost:4200' has been blocked by CORS policy: No 'Access-Control-Allow-Origin' header is present on the requested resource.
2022-05-25 12:05:41 ERROR    Failure: 116883329609946864055106810307069809545 : http://localhost:4200/ -> JSHandle@object
2022-05-25 12:05:41 ERROR    Failure: 262513326802567628094931167029883077585 : http://localhost:4200/new -> net::ERR_ABORTED
2022-05-25 12:05:44 ERROR    Failure: 223684313413012242652925975724179693671 : http://localhost:4200/ -> net::ERR_CONNECTION_REFUSED
2022-05-25 12:05:44 ERROR    Failure: 46822577063395887337747847899479931724 : http://localhost:4200/ -> Failed to load resource: net::ERR_CONNECTION_REFUSED
2022-05-25 12:05:48 ERROR    Failure: 204148924151735858044210481229518018319 : http://localhost:4200/ -> status code(400) -> 
2022-05-25 12:05:49 ERROR    Failure: 209036318680772634052885377060412114839 : http://localhost:4200/ -> Access to XMLHttpRequest at 'https://geoip.nekudo.com/api' from origin 'http://localhost:4200' has been blocked by CORS policy: No 'Access-Control-Allow-Origin' header is present on the requested resource.
2022-05-25 12:05:49 ERROR    Failure: 116883329609946864055106810307069809545 : http://localhost:4200/ -> JSHandle@object
2022-05-25 12:05:49 ERROR    Failure: 262513326802567628094931167029883077585 : http://localhost:4200/new -> net::ERR_ABORTED
2022-05-25 12:05:52 ERROR    Failure: 223684313413012242652925975724179693671 : http://localhost:4200/ -> net::ERR_CONNECTION_REFUSED
2022-05-25 12:05:52 ERROR    Failure: 46822577063395887337747847899479931724 : http://localhost:4200/ -> Failed to load resource: net::ERR_CONNECTION_REFUSED
2022-05-25 12:05:59 ERROR    Failure: 204148924151735858044210481229518018319 : http://localhost:4200/ -> status code(400) -> 
2022-05-25 12:05:59 ERROR    Failure: 209036318680772634052885377060412114839 : http://localhost:4200/ -> Access to XMLHttpRequest at 'https://geoip.nekudo.com/api' from origin 'http://localhost:4200' has been blocked by CORS policy: No 'Access-Control-Allow-Origin' header is present on the requested resource.
2022-05-25 12:05:59 ERROR    Failure: 116883329609946864055106810307069809545 : http://localhost:4200/ -> JSHandle@object
2022-05-25 12:05:59 ERROR    Failure: 262513326802567628094931167029883077585 : http://localhost:4200/new -> net::ERR_ABORTED
2022-05-25 12:06:03 ERROR    Failure: 223684313413012242652925975724179693671 : http://localhost:4200/ -> net::ERR_CONNECTION_REFUSED
2022-05-25 12:06:03 ERROR    Failure: 46822577063395887337747847899479931724 : http://localhost:4200/ -> Failed to load resource: net::ERR_CONNECTION_REFUSED
2022-05-25 12:06:06 ERROR    Failure: 204148924151735858044210481229518018319 : http://localhost:4200/ -> status code(400) -> 
2022-05-25 12:06:06 ERROR    Failure: 209036318680772634052885377060412114839 : http://localhost:4200/ -> Access to XMLHttpRequest at 'https://geoip.nekudo.com/api' from origin 'http://localhost:4200' has been blocked by CORS policy: No 'Access-Control-Allow-Origin' header is present on the requested resource.
2022-05-25 12:06:06 ERROR    Failure: 116883329609946864055106810307069809545 : http://localhost:4200/ -> JSHandle@object
2022-05-25 12:06:06 ERROR    Failure: 262513326802567628094931167029883077585 : http://localhost:4200/new -> net::ERR_ABORTED
2022-05-25 12:06:15 ERROR    Failure: 223684313413012242652925975724179693671 : http://localhost:4200/ -> net::ERR_CONNECTION_REFUSED
2022-05-25 12:06:15 ERROR    Failure: 46822577063395887337747847899479931724 : http://localhost:4200/ -> Failed to load resource: net::ERR_CONNECTION_REFUSED
2022-05-25 12:06:17 ERROR    Failure: 204148924151735858044210481229518018319 : http://localhost:4200/ -> status code(400) -> 
2022-05-25 12:06:17 ERROR    Failure: 209036318680772634052885377060412114839 : http://localhost:4200/ -> Access to XMLHttpRequest at 'https://geoip.nekudo.com/api' from origin 'http://localhost:4200' has been blocked by CORS policy: No 'Access-Control-Allow-Origin' header is present on the requested resource.
2022-05-25 12:06:17 ERROR    Failure: 116883329609946864055106810307069809545 : http://localhost:4200/ -> JSHandle@object
2022-05-25 12:06:17 ERROR    Failure: 262513326802567628094931167029883077585 : http://localhost:4200/new -> net::ERR_ABORTED
2022-05-25 12:06:25 ERROR    Failure: 223684313413012242652925975724179693671 : http://localhost:4200/ -> net::ERR_CONNECTION_REFUSED
2022-05-25 12:06:25 ERROR    Failure: 46822577063395887337747847899479931724 : http://localhost:4200/ -> Failed to load resource: net::ERR_CONNECTION_REFUSED
2022-05-25 12:06:26 ERROR    Failure: 204148924151735858044210481229518018319 : http://localhost:4200/ -> status code(400) -> 
2022-05-25 12:06:26 ERROR    Failure: 209036318680772634052885377060412114839 : http://localhost:4200/ -> Access to XMLHttpRequest at 'https://geoip.nekudo.com/api' from origin 'http://localhost:4200' has been blocked by CORS policy: No 'Access-Control-Allow-Origin' header is present on the requested resource.
2022-05-25 12:06:26 ERROR    Failure: 116883329609946864055106810307069809545 : http://localhost:4200/ -> JSHandle@object
2022-05-25 12:06:26 ERROR    Failure: 262513326802567628094931167029883077585 : http://localhost:4200/new -> net::ERR_ABORTED
2022-05-25 12:06:32 ERROR    Failure: 223684313413012242652925975724179693671 : http://localhost:4200/ -> net::ERR_CONNECTION_REFUSED
2022-05-25 12:06:32 ERROR    Failure: 46822577063395887337747847899479931724 : http://localhost:4200/ -> Failed to load resource: net::ERR_CONNECTION_REFUSED
2022-05-25 12:06:37 ERROR    Failure: 204148924151735858044210481229518018319 : http://localhost:4200/ -> status code(400) -> 
2022-05-25 12:06:37 ERROR    Failure: 209036318680772634052885377060412114839 : http://localhost:4200/ -> Access to XMLHttpRequest at 'https://geoip.nekudo.com/api' from origin 'http://localhost:4200' has been blocked by CORS policy: No 'Access-Control-Allow-Origin' header is present on the requested resource.
2022-05-25 12:06:37 ERROR    Failure: 116883329609946864055106810307069809545 : http://localhost:4200/ -> JSHandle@object
2022-05-25 12:06:37 ERROR    Failure: 262513326802567628094931167029883077585 : http://localhost:4200/new -> net::ERR_ABORTED
2022-05-25 12:06:42 ERROR    Failure: 223684313413012242652925975724179693671 : http://localhost:4200/ -> net::ERR_CONNECTION_REFUSED
2022-05-25 12:06:42 ERROR    Failure: 46822577063395887337747847899479931724 : http://localhost:4200/ -> Failed to load resource: net::ERR_CONNECTION_REFUSED
2022-05-25 12:06:55 ERROR    Failure: 223684313413012242652925975724179693671 : http://localhost:4200/ -> net::ERR_CONNECTION_REFUSED
2022-05-25 12:06:55 ERROR    Failure: 46822577063395887337747847899479931724 : http://localhost:4200/ -> Failed to load resource: net::ERR_CONNECTION_REFUSED
2022-05-25 12:06:57 ERROR    Failure: 204148924151735858044210481229518018319 : http://localhost:4200/ -> status code(400) -> 
2022-05-25 12:06:57 ERROR    Failure: 209036318680772634052885377060412114839 : http://localhost:4200/ -> Access to XMLHttpRequest at 'https://geoip.nekudo.com/api' from origin 'http://localhost:4200' has been blocked by CORS policy: No 'Access-Control-Allow-Origin' header is present on the requested resource.
2022-05-25 12:06:57 ERROR    Failure: 116883329609946864055106810307069809545 : http://localhost:4200/ -> JSHandle@object
2022-05-25 12:06:57 ERROR    Failure: 262513326802567628094931167029883077585 : http://localhost:4200/new -> net::ERR_ABORTED
2022-05-25 12:07:03 ERROR    Failure: 223684313413012242652925975724179693671 : http://localhost:4200/ -> net::ERR_CONNECTION_REFUSED
2022-05-25 12:07:03 ERROR    Failure: 46822577063395887337747847899479931724 : http://localhost:4200/ -> Failed to load resource: net::ERR_CONNECTION_REFUSED
2022-05-25 12:07:08 ERROR    Failure: 204148924151735858044210481229518018319 : http://localhost:4200/ -> status code(400) -> 
2022-05-25 12:07:09 ERROR    Failure: 209036318680772634052885377060412114839 : http://localhost:4200/ -> Access to XMLHttpRequest at 'https://geoip.nekudo.com/api' from origin 'http://localhost:4200' has been blocked by CORS policy: No 'Access-Control-Allow-Origin' header is present on the requested resource.
2022-05-25 12:07:09 ERROR    Failure: 116883329609946864055106810307069809545 : http://localhost:4200/ -> JSHandle@object
2022-05-25 12:07:09 ERROR    Failure: 262513326802567628094931167029883077585 : http://localhost:4200/new -> net::ERR_ABORTED
2022-05-25 12:07:12 ERROR    Failure: 223684313413012242652925975724179693671 : http://localhost:4200/ -> net::ERR_CONNECTION_REFUSED
2022-05-25 12:07:12 ERROR    Failure: 46822577063395887337747847899479931724 : http://localhost:4200/ -> Failed to load resource: net::ERR_CONNECTION_REFUSED
2022-05-25 12:07:16 ERROR    Failure: 204148924151735858044210481229518018319 : http://localhost:4200/ -> status code(400) -> 
2022-05-25 12:07:16 ERROR    Failure: 209036318680772634052885377060412114839 : http://localhost:4200/ -> Access to XMLHttpRequest at 'https://geoip.nekudo.com/api' from origin 'http://localhost:4200' has been blocked by CORS policy: No 'Access-Control-Allow-Origin' header is present on the requested resource.
2022-05-25 12:07:16 ERROR    Failure: 116883329609946864055106810307069809545 : http://localhost:4200/ -> JSHandle@object
2022-05-25 12:07:16 ERROR    Failure: 262513326802567628094931167029883077585 : http://localhost:4200/new -> net::ERR_ABORTED
2022-05-25 12:07:24 ERROR    Failure: 223684313413012242652925975724179693671 : http://localhost:4200/ -> net::ERR_CONNECTION_REFUSED
2022-05-25 12:07:24 ERROR    Failure: 46822577063395887337747847899479931724 : http://localhost:4200/ -> Failed to load resource: net::ERR_CONNECTION_REFUSED
2022-05-25 12:07:25 ERROR    Failure: 204148924151735858044210481229518018319 : http://localhost:4200/ -> status code(400) -> 
2022-05-25 12:07:26 ERROR    Failure: 209036318680772634052885377060412114839 : http://localhost:4200/ -> Access to XMLHttpRequest at 'https://geoip.nekudo.com/api' from origin 'http://localhost:4200' has been blocked by CORS policy: No 'Access-Control-Allow-Origin' header is present on the requested resource.
2022-05-25 12:07:26 ERROR    Failure: 116883329609946864055106810307069809545 : http://localhost:4200/ -> JSHandle@object
2022-05-25 12:07:26 ERROR    Failure: 262513326802567628094931167029883077585 : http://localhost:4200/new -> net::ERR_ABORTED
2022-05-25 12:07:30 ERROR    Failure: 223684313413012242652925975724179693671 : http://localhost:4200/ -> net::ERR_CONNECTION_REFUSED
2022-05-25 12:07:30 ERROR    Failure: 46822577063395887337747847899479931724 : http://localhost:4200/ -> Failed to load resource: net::ERR_CONNECTION_REFUSED
2022-05-25 12:07:35 ERROR    Failure: 204148924151735858044210481229518018319 : http://localhost:4200/ -> status code(400) -> 
2022-05-25 12:07:36 ERROR    Failure: 209036318680772634052885377060412114839 : http://localhost:4200/ -> Access to XMLHttpRequest at 'https://geoip.nekudo.com/api' from origin 'http://localhost:4200' has been blocked by CORS policy: No 'Access-Control-Allow-Origin' header is present on the requested resource.
2022-05-25 12:07:36 ERROR    Failure: 116883329609946864055106810307069809545 : http://localhost:4200/ -> JSHandle@object
2022-05-25 12:07:36 ERROR    Failure: 262513326802567628094931167029883077585 : http://localhost:4200/new -> net::ERR_ABORTED
2022-05-25 12:07:41 ERROR    Failure: 223684313413012242652925975724179693671 : http://localhost:4200/ -> net::ERR_CONNECTION_REFUSED
2022-05-25 12:07:41 ERROR    Failure: 46822577063395887337747847899479931724 : http://localhost:4200/ -> Failed to load resource: net::ERR_CONNECTION_REFUSED
2022-05-25 12:07:52 ERROR    Failure: 223684313413012242652925975724179693671 : http://localhost:4200/ -> net::ERR_CONNECTION_REFUSED
2022-05-25 12:07:52 ERROR    Failure: 46822577063395887337747847899479931724 : http://localhost:4200/ -> Failed to load resource: net::ERR_CONNECTION_REFUSED
2022-05-25 12:07:55 ERROR    Failure: 204148924151735858044210481229518018319 : http://localhost:4200/ -> status code(400) -> 
2022-05-25 12:07:55 ERROR    Failure: 209036318680772634052885377060412114839 : http://localhost:4200/ -> Access to XMLHttpRequest at 'https://geoip.nekudo.com/api' from origin 'http://localhost:4200' has been blocked by CORS policy: No 'Access-Control-Allow-Origin' header is present on the requested resource.
2022-05-25 12:07:55 ERROR    Failure: 116883329609946864055106810307069809545 : http://localhost:4200/ -> JSHandle@object
2022-05-25 12:07:55 ERROR    Failure: 262513326802567628094931167029883077585 : http://localhost:4200/new -> net::ERR_ABORTED
2022-05-25 12:08:04 ERROR    Failure: 223684313413012242652925975724179693671 : http://localhost:4200/ -> net::ERR_CONNECTION_REFUSED
2022-05-25 12:08:04 ERROR    Failure: 46822577063395887337747847899479931724 : http://localhost:4200/ -> Failed to load resource: net::ERR_CONNECTION_REFUSED
2022-05-25 12:08:07 ERROR    Failure: 204148924151735858044210481229518018319 : http://localhost:4200/ -> status code(400) -> 
2022-05-25 12:08:07 ERROR    Failure: 209036318680772634052885377060412114839 : http://localhost:4200/ -> Access to XMLHttpRequest at 'https://geoip.nekudo.com/api' from origin 'http://localhost:4200' has been blocked by CORS policy: No 'Access-Control-Allow-Origin' header is present on the requested resource.
2022-05-25 12:08:07 ERROR    Failure: 116883329609946864055106810307069809545 : http://localhost:4200/ -> JSHandle@object
2022-05-25 12:08:07 ERROR    Failure: 262513326802567628094931167029883077585 : http://localhost:4200/new -> net::ERR_ABORTED
2022-05-25 12:08:11 ERROR    Failure: 223684313413012242652925975724179693671 : http://localhost:4200/ -> net::ERR_CONNECTION_REFUSED
2022-05-25 12:08:11 ERROR    Failure: 46822577063395887337747847899479931724 : http://localhost:4200/ -> Failed to load resource: net::ERR_CONNECTION_REFUSED
2022-05-25 12:08:15 ERROR    Failure: 204148924151735858044210481229518018319 : http://localhost:4200/ -> status code(400) -> 
2022-05-25 12:08:15 ERROR    Failure: 209036318680772634052885377060412114839 : http://localhost:4200/ -> Access to XMLHttpRequest at 'https://geoip.nekudo.com/api' from origin 'http://localhost:4200' has been blocked by CORS policy: No 'Access-Control-Allow-Origin' header is present on the requested resource.
2022-05-25 12:08:15 ERROR    Failure: 116883329609946864055106810307069809545 : http://localhost:4200/ -> JSHandle@object
2022-05-25 12:08:16 ERROR    Failure: 262513326802567628094931167029883077585 : http://localhost:4200/new -> net::ERR_ABORTED
2022-05-25 12:08:21 ERROR    Failure: 223684313413012242652925975724179693671 : http://localhost:4200/ -> net::ERR_CONNECTION_REFUSED
2022-05-25 12:08:21 ERROR    Failure: 46822577063395887337747847899479931724 : http://localhost:4200/ -> Failed to load resource: net::ERR_CONNECTION_REFUSED
2022-05-25 12:08:23 ERROR    Failure: 223684313413012242652925975724179693671 : http://localhost:4200/ -> net::ERR_CONNECTION_REFUSED
2022-05-25 12:08:23 ERROR    Failure: 46822577063395887337747847899479931724 : http://localhost:4200/ -> Failed to load resource: net::ERR_CONNECTION_REFUSED
2022-05-25 12:08:26 ERROR    Failure: 204148924151735858044210481229518018319 : http://localhost:4200/ -> status code(400) -> 
2022-05-25 12:08:26 ERROR    Failure: 209036318680772634052885377060412114839 : http://localhost:4200/ -> Access to XMLHttpRequest at 'https://geoip.nekudo.com/api' from origin 'http://localhost:4200' has been blocked by CORS policy: No 'Access-Control-Allow-Origin' header is present on the requested resource.
2022-05-25 12:08:26 ERROR    Failure: 116883329609946864055106810307069809545 : http://localhost:4200/ -> JSHandle@object
2022-05-25 12:08:26 ERROR    Failure: 262513326802567628094931167029883077585 : http://localhost:4200/new -> net::ERR_ABORTED
2022-05-25 12:08:33 ERROR    Failure: 223684313413012242652925975724179693671 : http://localhost:4200/ -> net::ERR_CONNECTION_REFUSED
2022-05-25 12:08:33 ERROR    Failure: 46822577063395887337747847899479931724 : http://localhost:4200/ -> Failed to load resource: net::ERR_CONNECTION_REFUSED
2022-05-25 12:08:42 ERROR    Failure: 223684313413012242652925975724179693671 : http://localhost:4200/ -> net::ERR_CONNECTION_REFUSED
2022-05-25 12:08:42 ERROR    Failure: 46822577063395887337747847899479931724 : http://localhost:4200/ -> Failed to load resource: net::ERR_CONNECTION_REFUSED
2022-05-25 12:08:45 ERROR    Failure: 204148924151735858044210481229518018319 : http://localhost:4200/ -> status code(400) -> 
2022-05-25 12:08:45 ERROR    Failure: 209036318680772634052885377060412114839 : http://localhost:4200/ -> Access to XMLHttpRequest at 'https://geoip.nekudo.com/api' from origin 'http://localhost:4200' has been blocked by CORS policy: No 'Access-Control-Allow-Origin' header is present on the requested resource.
2022-05-25 12:08:45 ERROR    Failure: 116883329609946864055106810307069809545 : http://localhost:4200/ -> JSHandle@object
2022-05-25 12:08:45 ERROR    Failure: 262513326802567628094931167029883077585 : http://localhost:4200/new -> net::ERR_ABORTED
2022-05-25 12:08:50 ERROR    Failure: 223684313413012242652925975724179693671 : http://localhost:4200/ -> net::ERR_CONNECTION_REFUSED
2022-05-25 12:08:50 ERROR    Failure: 46822577063395887337747847899479931724 : http://localhost:4200/ -> Failed to load resource: net::ERR_CONNECTION_REFUSED
2022-05-25 12:08:54 ERROR    Failure: 204148924151735858044210481229518018319 : http://localhost:4200/ -> status code(400) -> 
2022-05-25 12:08:54 ERROR    Failure: 209036318680772634052885377060412114839 : http://localhost:4200/ -> Access to XMLHttpRequest at 'https://geoip.nekudo.com/api' from origin 'http://localhost:4200' has been blocked by CORS policy: No 'Access-Control-Allow-Origin' header is present on the requested resource.
2022-05-25 12:08:54 ERROR    Failure: 116883329609946864055106810307069809545 : http://localhost:4200/ -> JSHandle@object
2022-05-25 12:08:54 ERROR    Failure: 262513326802567628094931167029883077585 : http://localhost:4200/new -> net::ERR_ABORTED
2022-05-25 12:08:58 ERROR    Failure: 223684313413012242652925975724179693671 : http://localhost:4200/ -> net::ERR_CONNECTION_REFUSED
2022-05-25 12:08:58 ERROR    Failure: 46822577063395887337747847899479931724 : http://localhost:4200/ -> Failed to load resource: net::ERR_CONNECTION_REFUSED
2022-05-25 12:08:59 ERROR    Failure: 204148924151735858044210481229518018319 : http://localhost:4200/ -> status code(400) -> 
2022-05-25 12:08:59 ERROR    Failure: 209036318680772634052885377060412114839 : http://localhost:4200/ -> Access to XMLHttpRequest at 'https://geoip.nekudo.com/api' from origin 'http://localhost:4200' has been blocked by CORS policy: No 'Access-Control-Allow-Origin' header is present on the requested resource.
2022-05-25 12:08:59 ERROR    Failure: 116883329609946864055106810307069809545 : http://localhost:4200/ -> JSHandle@object
2022-05-25 12:08:59 ERROR    Failure: 262513326802567628094931167029883077585 : http://localhost:4200/new -> net::ERR_ABORTED
2022-05-25 12:09:08 ERROR    Failure: 223684313413012242652925975724179693671 : http://localhost:4200/ -> net::ERR_CONNECTION_REFUSED
2022-05-25 12:09:08 ERROR    Failure: 46822577063395887337747847899479931724 : http://localhost:4200/ -> Failed to load resource: net::ERR_CONNECTION_REFUSED
2022-05-25 12:09:13 ERROR    Failure: 204148924151735858044210481229518018319 : http://localhost:4200/ -> status code(400) -> 
2022-05-25 12:09:13 ERROR    Failure: 209036318680772634052885377060412114839 : http://localhost:4200/ -> Access to XMLHttpRequest at 'https://geoip.nekudo.com/api' from origin 'http://localhost:4200' has been blocked by CORS policy: No 'Access-Control-Allow-Origin' header is present on the requested resource.
2022-05-25 12:09:13 ERROR    Failure: 116883329609946864055106810307069809545 : http://localhost:4200/ -> JSHandle@object
2022-05-25 12:09:13 ERROR    Failure: 262513326802567628094931167029883077585 : http://localhost:4200/new -> net::ERR_ABORTED
2022-05-25 12:09:16 ERROR    Failure: 223684313413012242652925975724179693671 : http://localhost:4200/ -> net::ERR_CONNECTION_REFUSED
2022-05-25 12:09:16 ERROR    Failure: 46822577063395887337747847899479931724 : http://localhost:4200/ -> Failed to load resource: net::ERR_CONNECTION_REFUSED
2022-05-25 12:09:19 ERROR    Failure: 204148924151735858044210481229518018319 : http://localhost:4200/ -> status code(400) -> 
2022-05-25 12:09:19 ERROR    Failure: 209036318680772634052885377060412114839 : http://localhost:4200/ -> Access to XMLHttpRequest at 'https://geoip.nekudo.com/api' from origin 'http://localhost:4200' has been blocked by CORS policy: No 'Access-Control-Allow-Origin' header is present on the requested resource.
2022-05-25 12:09:19 ERROR    Failure: 116883329609946864055106810307069809545 : http://localhost:4200/ -> JSHandle@object
2022-05-25 12:09:19 ERROR    Failure: 262513326802567628094931167029883077585 : http://localhost:4200/new -> net::ERR_ABORTED
2022-05-25 12:09:23 ERROR    Failure: 223684313413012242652925975724179693671 : http://localhost:4200/ -> net::ERR_CONNECTION_REFUSED
2022-05-25 12:09:23 ERROR    Failure: 46822577063395887337747847899479931724 : http://localhost:4200/ -> Failed to load resource: net::ERR_CONNECTION_REFUSED
2022-05-25 12:09:26 ERROR    Failure: 204148924151735858044210481229518018319 : http://localhost:4200/ -> status code(400) -> 
2022-05-25 12:09:27 ERROR    Failure: 209036318680772634052885377060412114839 : http://localhost:4200/ -> Access to XMLHttpRequest at 'https://geoip.nekudo.com/api' from origin 'http://localhost:4200' has been blocked by CORS policy: No 'Access-Control-Allow-Origin' header is present on the requested resource.
2022-05-25 12:09:27 ERROR    Failure: 116883329609946864055106810307069809545 : http://localhost:4200/ -> JSHandle@object
2022-05-25 12:09:27 ERROR    Failure: 262513326802567628094931167029883077585 : http://localhost:4200/new -> net::ERR_ABORTED
2022-05-25 12:09:31 ERROR    Failure: 223684313413012242652925975724179693671 : http://localhost:4200/ -> net::ERR_CONNECTION_REFUSED
2022-05-25 12:09:31 ERROR    Failure: 46822577063395887337747847899479931724 : http://localhost:4200/ -> Failed to load resource: net::ERR_CONNECTION_REFUSED
2022-05-25 12:09:34 ERROR    Failure: 204148924151735858044210481229518018319 : http://localhost:4200/ -> status code(400) -> 
2022-05-25 12:09:34 ERROR    Failure: 209036318680772634052885377060412114839 : http://localhost:4200/ -> Access to XMLHttpRequest at 'https://geoip.nekudo.com/api' from origin 'http://localhost:4200' has been blocked by CORS policy: No 'Access-Control-Allow-Origin' header is present on the requested resource.
2022-05-25 12:09:34 ERROR    Failure: 116883329609946864055106810307069809545 : http://localhost:4200/ -> JSHandle@object
2022-05-25 12:09:34 ERROR    Failure: 262513326802567628094931167029883077585 : http://localhost:4200/new -> net::ERR_ABORTED
2022-05-25 12:09:41 ERROR    Failure: 223684313413012242652925975724179693671 : http://localhost:4200/ -> net::ERR_CONNECTION_REFUSED
2022-05-25 12:09:41 ERROR    Failure: 46822577063395887337747847899479931724 : http://localhost:4200/ -> Failed to load resource: net::ERR_CONNECTION_REFUSED
2022-05-25 12:09:44 ERROR    Failure: 204148924151735858044210481229518018319 : http://localhost:4200/ -> status code(400) -> 
2022-05-25 12:09:45 ERROR    Failure: 209036318680772634052885377060412114839 : http://localhost:4200/ -> Access to XMLHttpRequest at 'https://geoip.nekudo.com/api' from origin 'http://localhost:4200' has been blocked by CORS policy: No 'Access-Control-Allow-Origin' header is present on the requested resource.
2022-05-25 12:09:45 ERROR    Failure: 116883329609946864055106810307069809545 : http://localhost:4200/ -> JSHandle@object
2022-05-25 12:09:45 ERROR    Failure: 262513326802567628094931167029883077585 : http://localhost:4200/new -> net::ERR_ABORTED
2022-05-25 12:09:49 ERROR    Failure: 223684313413012242652925975724179693671 : http://localhost:4200/ -> net::ERR_CONNECTION_REFUSED
2022-05-25 12:09:49 ERROR    Failure: 46822577063395887337747847899479931724 : http://localhost:4200/ -> Failed to load resource: net::ERR_CONNECTION_REFUSED
2022-05-25 12:09:53 ERROR    Failure: 204148924151735858044210481229518018319 : http://localhost:4200/ -> status code(400) -> 
2022-05-25 12:09:53 ERROR    Failure: 209036318680772634052885377060412114839 : http://localhost:4200/ -> Access to XMLHttpRequest at 'https://geoip.nekudo.com/api' from origin 'http://localhost:4200' has been blocked by CORS policy: No 'Access-Control-Allow-Origin' header is present on the requested resource.
2022-05-25 12:09:53 ERROR    Failure: 116883329609946864055106810307069809545 : http://localhost:4200/ -> JSHandle@object
2022-05-25 12:09:53 ERROR    Failure: 262513326802567628094931167029883077585 : http://localhost:4200/new -> net::ERR_ABORTED
2022-05-25 12:09:57 ERROR    Failure: 223684313413012242652925975724179693671 : http://localhost:4200/ -> net::ERR_CONNECTION_REFUSED
2022-05-25 12:09:57 ERROR    Failure: 46822577063395887337747847899479931724 : http://localhost:4200/ -> Failed to load resource: net::ERR_CONNECTION_REFUSED
2022-05-25 12:10:06 ERROR    Failure: 204148924151735858044210481229518018319 : http://localhost:4200/ -> status code(400) -> 
2022-05-25 12:10:07 ERROR    Failure: 209036318680772634052885377060412114839 : http://localhost:4200/ -> Access to XMLHttpRequest at 'https://geoip.nekudo.com/api' from origin 'http://localhost:4200' has been blocked by CORS policy: No 'Access-Control-Allow-Origin' header is present on the requested resource.
2022-05-25 12:10:07 ERROR    Failure: 116883329609946864055106810307069809545 : http://localhost:4200/ -> JSHandle@object
2022-05-25 12:10:07 ERROR    Failure: 262513326802567628094931167029883077585 : http://localhost:4200/new -> net::ERR_ABORTED
2022-05-25 12:10:10 ERROR    Failure: 223684313413012242652925975724179693671 : http://localhost:4200/ -> net::ERR_CONNECTION_REFUSED
2022-05-25 12:10:10 ERROR    Failure: 46822577063395887337747847899479931724 : http://localhost:4200/ -> Failed to load resource: net::ERR_CONNECTION_REFUSED
2022-05-25 12:10:11 ERROR    Failure: 204148924151735858044210481229518018319 : http://localhost:4200/ -> status code(400) -> 
2022-05-25 12:10:11 ERROR    Failure: 209036318680772634052885377060412114839 : http://localhost:4200/ -> Access to XMLHttpRequest at 'https://geoip.nekudo.com/api' from origin 'http://localhost:4200' has been blocked by CORS policy: No 'Access-Control-Allow-Origin' header is present on the requested resource.
2022-05-25 12:10:11 ERROR    Failure: 116883329609946864055106810307069809545 : http://localhost:4200/ -> JSHandle@object
2022-05-25 12:10:12 ERROR    Failure: 262513326802567628094931167029883077585 : http://localhost:4200/new -> net::ERR_ABORTED
2022-05-25 12:10:18 ERROR    Failure: 223684313413012242652925975724179693671 : http://localhost:4200/ -> net::ERR_CONNECTION_REFUSED
2022-05-25 12:10:18 ERROR    Failure: 46822577063395887337747847899479931724 : http://localhost:4200/ -> Failed to load resource: net::ERR_CONNECTION_REFUSED
2022-05-25 12:10:21 ERROR    Failure: 204148924151735858044210481229518018319 : http://localhost:4200/ -> status code(400) -> 
2022-05-25 12:10:21 ERROR    Failure: 209036318680772634052885377060412114839 : http://localhost:4200/ -> Access to XMLHttpRequest at 'https://geoip.nekudo.com/api' from origin 'http://localhost:4200' has been blocked by CORS policy: No 'Access-Control-Allow-Origin' header is present on the requested resource.
2022-05-25 12:10:21 ERROR    Failure: 116883329609946864055106810307069809545 : http://localhost:4200/ -> JSHandle@object
2022-05-25 12:10:21 ERROR    Failure: 262513326802567628094931167029883077585 : http://localhost:4200/new -> net::ERR_ABORTED
2022-05-25 12:10:29 ERROR    Failure: 223684313413012242652925975724179693671 : http://localhost:4200/ -> net::ERR_CONNECTION_REFUSED
2022-05-25 12:10:29 ERROR    Failure: 46822577063395887337747847899479931724 : http://localhost:4200/ -> Failed to load resource: net::ERR_CONNECTION_REFUSED
2022-05-25 12:10:32 ERROR    Failure: 204148924151735858044210481229518018319 : http://localhost:4200/ -> status code(400) -> 
2022-05-25 12:10:32 ERROR    Failure: 209036318680772634052885377060412114839 : http://localhost:4200/ -> Access to XMLHttpRequest at 'https://geoip.nekudo.com/api' from origin 'http://localhost:4200' has been blocked by CORS policy: No 'Access-Control-Allow-Origin' header is present on the requested resource.
2022-05-25 12:10:32 ERROR    Failure: 116883329609946864055106810307069809545 : http://localhost:4200/ -> JSHandle@object
2022-05-25 12:10:32 ERROR    Failure: 262513326802567628094931167029883077585 : http://localhost:4200/new -> net::ERR_ABORTED
2022-05-25 12:10:37 ERROR    Failure: 223684313413012242652925975724179693671 : http://localhost:4200/ -> net::ERR_CONNECTION_REFUSED
2022-05-25 12:10:37 ERROR    Failure: 46822577063395887337747847899479931724 : http://localhost:4200/ -> Failed to load resource: net::ERR_CONNECTION_REFUSED
2022-05-25 12:10:39 ERROR    Failure: 204148924151735858044210481229518018319 : http://localhost:4200/ -> status code(400) -> 
2022-05-25 12:10:39 ERROR    Failure: 209036318680772634052885377060412114839 : http://localhost:4200/ -> Access to XMLHttpRequest at 'https://geoip.nekudo.com/api' from origin 'http://localhost:4200' has been blocked by CORS policy: No 'Access-Control-Allow-Origin' header is present on the requested resource.
2022-05-25 12:10:39 ERROR    Failure: 116883329609946864055106810307069809545 : http://localhost:4200/ -> JSHandle@object
2022-05-25 12:10:39 ERROR    Failure: 262513326802567628094931167029883077585 : http://localhost:4200/new -> net::ERR_ABORTED
2022-05-25 12:10:44 ERROR    Failure: 223684313413012242652925975724179693671 : http://localhost:4200/ -> net::ERR_CONNECTION_REFUSED
2022-05-25 12:10:44 ERROR    Failure: 46822577063395887337747847899479931724 : http://localhost:4200/ -> Failed to load resource: net::ERR_CONNECTION_REFUSED
2022-05-25 12:10:51 ERROR    Failure: 204148924151735858044210481229518018319 : http://localhost:4200/ -> status code(400) -> 
2022-05-25 12:10:52 ERROR    Failure: 209036318680772634052885377060412114839 : http://localhost:4200/ -> Access to XMLHttpRequest at 'https://geoip.nekudo.com/api' from origin 'http://localhost:4200' has been blocked by CORS policy: No 'Access-Control-Allow-Origin' header is present on the requested resource.
2022-05-25 12:10:52 ERROR    Failure: 116883329609946864055106810307069809545 : http://localhost:4200/ -> JSHandle@object
2022-05-25 12:10:52 ERROR    Failure: 262513326802567628094931167029883077585 : http://localhost:4200/new -> net::ERR_ABORTED
2022-05-25 12:10:56 ERROR    Failure: 223684313413012242652925975724179693671 : http://localhost:4200/ -> net::ERR_CONNECTION_REFUSED
2022-05-25 12:10:56 ERROR    Failure: 46822577063395887337747847899479931724 : http://localhost:4200/ -> Failed to load resource: net::ERR_CONNECTION_REFUSED
2022-05-25 12:10:57 ERROR    Failure: 204148924151735858044210481229518018319 : http://localhost:4200/ -> status code(400) -> 
2022-05-25 12:10:57 ERROR    Failure: 209036318680772634052885377060412114839 : http://localhost:4200/ -> Access to XMLHttpRequest at 'https://geoip.nekudo.com/api' from origin 'http://localhost:4200' has been blocked by CORS policy: No 'Access-Control-Allow-Origin' header is present on the requested resource.
2022-05-25 12:10:57 ERROR    Failure: 116883329609946864055106810307069809545 : http://localhost:4200/ -> JSHandle@object
2022-05-25 12:10:57 ERROR    Failure: 262513326802567628094931167029883077585 : http://localhost:4200/new -> net::ERR_ABORTED
2022-05-25 12:11:01 ERROR    Failure: 223684313413012242652925975724179693671 : http://localhost:4200/ -> net::ERR_CONNECTION_REFUSED
2022-05-25 12:11:01 ERROR    Failure: 46822577063395887337747847899479931724 : http://localhost:4200/ -> Failed to load resource: net::ERR_CONNECTION_REFUSED
2022-05-25 12:11:05 ERROR    Failure: 204148924151735858044210481229518018319 : http://localhost:4200/ -> status code(400) -> 
2022-05-25 12:11:05 ERROR    Failure: 209036318680772634052885377060412114839 : http://localhost:4200/ -> Access to XMLHttpRequest at 'https://geoip.nekudo.com/api' from origin 'http://localhost:4200' has been blocked by CORS policy: No 'Access-Control-Allow-Origin' header is present on the requested resource.
2022-05-25 12:11:05 ERROR    Failure: 116883329609946864055106810307069809545 : http://localhost:4200/ -> JSHandle@object
2022-05-25 12:11:05 ERROR    Failure: 262513326802567628094931167029883077585 : http://localhost:4200/new -> net::ERR_ABORTED
2022-05-25 12:11:15 ERROR    Failure: 223684313413012242652925975724179693671 : http://localhost:4200/ -> net::ERR_CONNECTION_REFUSED
2022-05-25 12:11:15 ERROR    Failure: 46822577063395887337747847899479931724 : http://localhost:4200/ -> Failed to load resource: net::ERR_CONNECTION_REFUSED
2022-05-25 12:11:19 ERROR    Failure: 204148924151735858044210481229518018319 : http://localhost:4200/ -> status code(400) -> 
2022-05-25 12:11:19 ERROR    Failure: 209036318680772634052885377060412114839 : http://localhost:4200/ -> Access to XMLHttpRequest at 'https://geoip.nekudo.com/api' from origin 'http://localhost:4200' has been blocked by CORS policy: No 'Access-Control-Allow-Origin' header is present on the requested resource.
2022-05-25 12:11:19 ERROR    Failure: 116883329609946864055106810307069809545 : http://localhost:4200/ -> JSHandle@object
2022-05-25 12:11:19 ERROR    Failure: 262513326802567628094931167029883077585 : http://localhost:4200/new -> net::ERR_ABORTED
2022-05-25 12:11:21 ERROR    Failure: 223684313413012242652925975724179693671 : http://localhost:4200/ -> net::ERR_CONNECTION_REFUSED
2022-05-25 12:11:21 ERROR    Failure: 46822577063395887337747847899479931724 : http://localhost:4200/ -> Failed to load resource: net::ERR_CONNECTION_REFUSED
2022-05-25 12:11:25 ERROR    Failure: 204148924151735858044210481229518018319 : http://localhost:4200/ -> status code(400) -> 
2022-05-25 12:11:25 ERROR    Failure: 209036318680772634052885377060412114839 : http://localhost:4200/ -> Access to XMLHttpRequest at 'https://geoip.nekudo.com/api' from origin 'http://localhost:4200' has been blocked by CORS policy: No 'Access-Control-Allow-Origin' header is present on the requested resource.
2022-05-25 12:11:25 ERROR    Failure: 116883329609946864055106810307069809545 : http://localhost:4200/ -> JSHandle@object
2022-05-25 12:11:25 ERROR    Failure: 262513326802567628094931167029883077585 : http://localhost:4200/new -> net::ERR_ABORTED
2022-05-25 12:11:32 ERROR    Failure: 223684313413012242652925975724179693671 : http://localhost:4200/ -> net::ERR_CONNECTION_REFUSED
2022-05-25 12:11:32 ERROR    Failure: 46822577063395887337747847899479931724 : http://localhost:4200/ -> Failed to load resource: net::ERR_CONNECTION_REFUSED
2022-05-25 12:11:34 ERROR    Failure: 204148924151735858044210481229518018319 : http://localhost:4200/ -> status code(400) -> 
2022-05-25 12:11:34 ERROR    Failure: 209036318680772634052885377060412114839 : http://localhost:4200/ -> Access to XMLHttpRequest at 'https://geoip.nekudo.com/api' from origin 'http://localhost:4200' has been blocked by CORS policy: No 'Access-Control-Allow-Origin' header is present on the requested resource.
2022-05-25 12:11:34 ERROR    Failure: 116883329609946864055106810307069809545 : http://localhost:4200/ -> JSHandle@object
2022-05-25 12:11:34 ERROR    Failure: 262513326802567628094931167029883077585 : http://localhost:4200/new -> net::ERR_ABORTED
2022-05-25 12:11:42 ERROR    Failure: 223684313413012242652925975724179693671 : http://localhost:4200/ -> net::ERR_CONNECTION_REFUSED
2022-05-25 12:11:42 ERROR    Failure: 46822577063395887337747847899479931724 : http://localhost:4200/ -> Failed to load resource: net::ERR_CONNECTION_REFUSED
2022-05-25 12:11:44 ERROR    Failure: 204148924151735858044210481229518018319 : http://localhost:4200/ -> status code(400) -> 
2022-05-25 12:11:44 ERROR    Failure: 209036318680772634052885377060412114839 : http://localhost:4200/ -> Access to XMLHttpRequest at 'https://geoip.nekudo.com/api' from origin 'http://localhost:4200' has been blocked by CORS policy: No 'Access-Control-Allow-Origin' header is present on the requested resource.
2022-05-25 12:11:44 ERROR    Failure: 116883329609946864055106810307069809545 : http://localhost:4200/ -> JSHandle@object
2022-05-25 12:11:45 ERROR    Failure: 262513326802567628094931167029883077585 : http://localhost:4200/new -> net::ERR_ABORTED
2022-05-25 12:11:52 ERROR    Failure: 223684313413012242652925975724179693671 : http://localhost:4200/ -> net::ERR_CONNECTION_REFUSED
2022-05-25 12:11:52 ERROR    Failure: 46822577063395887337747847899479931724 : http://localhost:4200/ -> Failed to load resource: net::ERR_CONNECTION_REFUSED
2022-05-25 12:11:59 ERROR    Failure: 204148924151735858044210481229518018319 : http://localhost:4200/ -> status code(400) -> 
2022-05-25 12:11:59 ERROR    Failure: 209036318680772634052885377060412114839 : http://localhost:4200/ -> Access to XMLHttpRequest at 'https://geoip.nekudo.com/api' from origin 'http://localhost:4200' has been blocked by CORS policy: No 'Access-Control-Allow-Origin' header is present on the requested resource.
2022-05-25 12:11:59 ERROR    Failure: 116883329609946864055106810307069809545 : http://localhost:4200/ -> JSHandle@object
2022-05-25 12:11:59 ERROR    Failure: 262513326802567628094931167029883077585 : http://localhost:4200/new -> net::ERR_ABORTED
2022-05-25 12:12:03 ERROR    Failure: 223684313413012242652925975724179693671 : http://localhost:4200/ -> net::ERR_CONNECTION_REFUSED
2022-05-25 12:12:03 ERROR    Failure: 46822577063395887337747847899479931724 : http://localhost:4200/ -> Failed to load resource: net::ERR_CONNECTION_REFUSED
2022-05-25 12:12:05 ERROR    Failure: 204148924151735858044210481229518018319 : http://localhost:4200/ -> status code(400) -> 
2022-05-25 12:12:05 ERROR    Failure: 209036318680772634052885377060412114839 : http://localhost:4200/ -> Access to XMLHttpRequest at 'https://geoip.nekudo.com/api' from origin 'http://localhost:4200' has been blocked by CORS policy: No 'Access-Control-Allow-Origin' header is present on the requested resource.
2022-05-25 12:12:05 ERROR    Failure: 116883329609946864055106810307069809545 : http://localhost:4200/ -> JSHandle@object
2022-05-25 12:12:05 ERROR    Failure: 262513326802567628094931167029883077585 : http://localhost:4200/new -> net::ERR_ABORTED
2022-05-25 12:12:11 ERROR    Failure: 223684313413012242652925975724179693671 : http://localhost:4200/ -> net::ERR_CONNECTION_REFUSED
2022-05-25 12:12:11 ERROR    Failure: 46822577063395887337747847899479931724 : http://localhost:4200/ -> Failed to load resource: net::ERR_CONNECTION_REFUSED
2022-05-25 12:12:14 ERROR    Failure: 204148924151735858044210481229518018319 : http://localhost:4200/ -> status code(400) -> 
2022-05-25 12:12:14 ERROR    Failure: 209036318680772634052885377060412114839 : http://localhost:4200/ -> Access to XMLHttpRequest at 'https://geoip.nekudo.com/api' from origin 'http://localhost:4200' has been blocked by CORS policy: No 'Access-Control-Allow-Origin' header is present on the requested resource.
2022-05-25 12:12:14 ERROR    Failure: 116883329609946864055106810307069809545 : http://localhost:4200/ -> JSHandle@object
2022-05-25 12:12:14 ERROR    Failure: 262513326802567628094931167029883077585 : http://localhost:4200/new -> net::ERR_ABORTED
2022-05-25 12:12:21 ERROR    Failure: 223684313413012242652925975724179693671 : http://localhost:4200/ -> net::ERR_CONNECTION_REFUSED
2022-05-25 12:12:21 ERROR    Failure: 46822577063395887337747847899479931724 : http://localhost:4200/ -> Failed to load resource: net::ERR_CONNECTION_REFUSED
2022-05-25 12:12:23 ERROR    Failure: 204148924151735858044210481229518018319 : http://localhost:4200/ -> status code(400) -> 
2022-05-25 12:12:23 ERROR    Failure: 209036318680772634052885377060412114839 : http://localhost:4200/ -> Access to XMLHttpRequest at 'https://geoip.nekudo.com/api' from origin 'http://localhost:4200' has been blocked by CORS policy: No 'Access-Control-Allow-Origin' header is present on the requested resource.
2022-05-25 12:12:23 ERROR    Failure: 116883329609946864055106810307069809545 : http://localhost:4200/ -> JSHandle@object
2022-05-25 12:12:23 ERROR    Failure: 262513326802567628094931167029883077585 : http://localhost:4200/new -> net::ERR_ABORTED
2022-05-25 12:12:28 ERROR    Failure: 223684313413012242652925975724179693671 : http://localhost:4200/ -> net::ERR_CONNECTION_REFUSED
2022-05-25 12:12:28 ERROR    Failure: 46822577063395887337747847899479931724 : http://localhost:4200/ -> Failed to load resource: net::ERR_CONNECTION_REFUSED
2022-05-25 12:12:29 ERROR    Failure: 204148924151735858044210481229518018319 : http://localhost:4200/ -> status code(400) -> 
2022-05-25 12:12:30 ERROR    Failure: 209036318680772634052885377060412114839 : http://localhost:4200/ -> Access to XMLHttpRequest at 'https://geoip.nekudo.com/api' from origin 'http://localhost:4200' has been blocked by CORS policy: No 'Access-Control-Allow-Origin' header is present on the requested resource.
2022-05-25 12:12:30 ERROR    Failure: 116883329609946864055106810307069809545 : http://localhost:4200/ -> JSHandle@object
2022-05-25 12:12:30 ERROR    Failure: 262513326802567628094931167029883077585 : http://localhost:4200/new -> net::ERR_ABORTED
2022-05-25 12:12:34 ERROR    Failure: 223684313413012242652925975724179693671 : http://localhost:4200/ -> net::ERR_CONNECTION_REFUSED
2022-05-25 12:12:34 ERROR    Failure: 46822577063395887337747847899479931724 : http://localhost:4200/ -> Failed to load resource: net::ERR_CONNECTION_REFUSED
2022-05-25 12:12:37 ERROR    Failure: 204148924151735858044210481229518018319 : http://localhost:4200/ -> status code(400) -> 
2022-05-25 12:12:37 ERROR    Failure: 209036318680772634052885377060412114839 : http://localhost:4200/ -> Access to XMLHttpRequest at 'https://geoip.nekudo.com/api' from origin 'http://localhost:4200' has been blocked by CORS policy: No 'Access-Control-Allow-Origin' header is present on the requested resource.
2022-05-25 12:12:37 ERROR    Failure: 116883329609946864055106810307069809545 : http://localhost:4200/ -> JSHandle@object
2022-05-25 12:12:37 ERROR    Failure: 262513326802567628094931167029883077585 : http://localhost:4200/new -> net::ERR_ABORTED
2022-05-25 12:12:41 ERROR    Failure: 223684313413012242652925975724179693671 : http://localhost:4200/ -> net::ERR_CONNECTION_REFUSED
2022-05-25 12:12:41 ERROR    Failure: 46822577063395887337747847899479931724 : http://localhost:4200/ -> Failed to load resource: net::ERR_CONNECTION_REFUSED
2022-05-25 12:12:45 ERROR    Failure: 204148924151735858044210481229518018319 : http://localhost:4200/ -> status code(400) -> 
2022-05-25 12:12:45 ERROR    Failure: 209036318680772634052885377060412114839 : http://localhost:4200/ -> Access to XMLHttpRequest at 'https://geoip.nekudo.com/api' from origin 'http://localhost:4200' has been blocked by CORS policy: No 'Access-Control-Allow-Origin' header is present on the requested resource.
2022-05-25 12:12:45 ERROR    Failure: 116883329609946864055106810307069809545 : http://localhost:4200/ -> JSHandle@object
2022-05-25 12:12:45 ERROR    Failure: 262513326802567628094931167029883077585 : http://localhost:4200/new -> net::ERR_ABORTED
2022-05-25 12:12:49 ERROR    Failure: 223684313413012242652925975724179693671 : http://localhost:4200/ -> net::ERR_CONNECTION_REFUSED
2022-05-25 12:12:49 ERROR    Failure: 46822577063395887337747847899479931724 : http://localhost:4200/ -> Failed to load resource: net::ERR_CONNECTION_REFUSED
2022-05-25 12:12:54 ERROR    Failure: 204148924151735858044210481229518018319 : http://localhost:4200/ -> status code(400) -> 
2022-05-25 12:12:54 ERROR    Failure: 209036318680772634052885377060412114839 : http://localhost:4200/ -> Access to XMLHttpRequest at 'https://geoip.nekudo.com/api' from origin 'http://localhost:4200' has been blocked by CORS policy: No 'Access-Control-Allow-Origin' header is present on the requested resource.
2022-05-25 12:12:54 ERROR    Failure: 116883329609946864055106810307069809545 : http://localhost:4200/ -> JSHandle@object
2022-05-25 12:12:55 ERROR    Failure: 262513326802567628094931167029883077585 : http://localhost:4200/new -> net::ERR_ABORTED
2022-05-25 12:13:01 ERROR    Failure: 223684313413012242652925975724179693671 : http://localhost:4200/ -> net::ERR_CONNECTION_REFUSED
2022-05-25 12:13:01 ERROR    Failure: 46822577063395887337747847899479931724 : http://localhost:4200/ -> Failed to load resource: net::ERR_CONNECTION_REFUSED
2022-05-25 12:13:02 ERROR    Failure: 204148924151735858044210481229518018319 : http://localhost:4200/ -> status code(400) -> 
2022-05-25 12:13:03 ERROR    Failure: 209036318680772634052885377060412114839 : http://localhost:4200/ -> Access to XMLHttpRequest at 'https://geoip.nekudo.com/api' from origin 'http://localhost:4200' has been blocked by CORS policy: No 'Access-Control-Allow-Origin' header is present on the requested resource.
2022-05-25 12:13:03 ERROR    Failure: 116883329609946864055106810307069809545 : http://localhost:4200/ -> JSHandle@object
2022-05-25 12:13:03 ERROR    Failure: 262513326802567628094931167029883077585 : http://localhost:4200/new -> net::ERR_ABORTED
2022-05-25 12:13:09 ERROR    Failure: 223684313413012242652925975724179693671 : http://localhost:4200/ -> net::ERR_CONNECTION_REFUSED
2022-05-25 12:13:09 ERROR    Failure: 46822577063395887337747847899479931724 : http://localhost:4200/ -> Failed to load resource: net::ERR_CONNECTION_REFUSED
2022-05-25 12:13:13 ERROR    Failure: 204148924151735858044210481229518018319 : http://localhost:4200/ -> status code(400) -> 
2022-05-25 12:13:13 ERROR    Failure: 209036318680772634052885377060412114839 : http://localhost:4200/ -> Access to XMLHttpRequest at 'https://geoip.nekudo.com/api' from origin 'http://localhost:4200' has been blocked by CORS policy: No 'Access-Control-Allow-Origin' header is present on the requested resource.
2022-05-25 12:13:13 ERROR    Failure: 116883329609946864055106810307069809545 : http://localhost:4200/ -> JSHandle@object
2022-05-25 12:13:13 ERROR    Failure: 262513326802567628094931167029883077585 : http://localhost:4200/new -> net::ERR_ABORTED
2022-05-25 12:13:17 ERROR    Failure: 223684313413012242652925975724179693671 : http://localhost:4200/ -> net::ERR_CONNECTION_REFUSED
2022-05-25 12:13:17 ERROR    Failure: 46822577063395887337747847899479931724 : http://localhost:4200/ -> Failed to load resource: net::ERR_CONNECTION_REFUSED
2022-05-25 12:13:29 ERROR    Failure: 223684313413012242652925975724179693671 : http://localhost:4200/ -> net::ERR_CONNECTION_REFUSED
2022-05-25 12:13:29 ERROR    Failure: 46822577063395887337747847899479931724 : http://localhost:4200/ -> Failed to load resource: net::ERR_CONNECTION_REFUSED
2022-05-25 12:13:34 ERROR    Failure: 204148924151735858044210481229518018319 : http://localhost:4200/ -> status code(400) -> 
2022-05-25 12:13:35 ERROR    Failure: 209036318680772634052885377060412114839 : http://localhost:4200/ -> Access to XMLHttpRequest at 'https://geoip.nekudo.com/api' from origin 'http://localhost:4200' has been blocked by CORS policy: No 'Access-Control-Allow-Origin' header is present on the requested resource.
2022-05-25 12:13:35 ERROR    Failure: 116883329609946864055106810307069809545 : http://localhost:4200/ -> JSHandle@object
2022-05-25 12:13:35 ERROR    Failure: 262513326802567628094931167029883077585 : http://localhost:4200/new -> net::ERR_ABORTED
2022-05-25 12:13:37 ERROR    Failure: 223684313413012242652925975724179693671 : http://localhost:4200/ -> net::ERR_CONNECTION_REFUSED
2022-05-25 12:13:37 ERROR    Failure: 46822577063395887337747847899479931724 : http://localhost:4200/ -> Failed to load resource: net::ERR_CONNECTION_REFUSED
2022-05-25 12:13:41 ERROR    Failure: 204148924151735858044210481229518018319 : http://localhost:4200/ -> status code(400) -> 
2022-05-25 12:13:42 ERROR    Failure: 209036318680772634052885377060412114839 : http://localhost:4200/ -> Access to XMLHttpRequest at 'https://geoip.nekudo.com/api' from origin 'http://localhost:4200' has been blocked by CORS policy: No 'Access-Control-Allow-Origin' header is present on the requested resource.
2022-05-25 12:13:42 ERROR    Failure: 116883329609946864055106810307069809545 : http://localhost:4200/ -> JSHandle@object
2022-05-25 12:13:42 ERROR    Failure: 262513326802567628094931167029883077585 : http://localhost:4200/new -> net::ERR_ABORTED
2022-05-25 12:13:47 ERROR    Failure: 223684313413012242652925975724179693671 : http://localhost:4200/ -> net::ERR_CONNECTION_REFUSED
2022-05-25 12:13:47 ERROR    Failure: 46822577063395887337747847899479931724 : http://localhost:4200/ -> Failed to load resource: net::ERR_CONNECTION_REFUSED
2022-05-25 12:13:48 ERROR    Failure: 204148924151735858044210481229518018319 : http://localhost:4200/ -> status code(400) -> 
2022-05-25 12:13:49 ERROR    Failure: 209036318680772634052885377060412114839 : http://localhost:4200/ -> Access to XMLHttpRequest at 'https://geoip.nekudo.com/api' from origin 'http://localhost:4200' has been blocked by CORS policy: No 'Access-Control-Allow-Origin' header is present on the requested resource.
2022-05-25 12:13:49 ERROR    Failure: 116883329609946864055106810307069809545 : http://localhost:4200/ -> JSHandle@object
2022-05-25 12:13:49 ERROR    Failure: 262513326802567628094931167029883077585 : http://localhost:4200/new -> net::ERR_ABORTED
2022-05-25 12:13:53 ERROR    Failure: 223684313413012242652925975724179693671 : http://localhost:4200/ -> net::ERR_CONNECTION_REFUSED
2022-05-25 12:13:53 ERROR    Failure: 46822577063395887337747847899479931724 : http://localhost:4200/ -> Failed to load resource: net::ERR_CONNECTION_REFUSED
2022-05-25 12:13:56 ERROR    Failure: 204148924151735858044210481229518018319 : http://localhost:4200/ -> status code(400) -> 
2022-05-25 12:13:57 ERROR    Failure: 209036318680772634052885377060412114839 : http://localhost:4200/ -> Access to XMLHttpRequest at 'https://geoip.nekudo.com/api' from origin 'http://localhost:4200' has been blocked by CORS policy: No 'Access-Control-Allow-Origin' header is present on the requested resource.
2022-05-25 12:13:57 ERROR    Failure: 116883329609946864055106810307069809545 : http://localhost:4200/ -> JSHandle@object
2022-05-25 12:13:57 ERROR    Failure: 262513326802567628094931167029883077585 : http://localhost:4200/new -> net::ERR_ABORTED
2022-05-25 12:14:04 ERROR    Failure: 223684313413012242652925975724179693671 : http://localhost:4200/ -> net::ERR_CONNECTION_REFUSED
2022-05-25 12:14:04 ERROR    Failure: 46822577063395887337747847899479931724 : http://localhost:4200/ -> Failed to load resource: net::ERR_CONNECTION_REFUSED
2022-05-25 12:14:07 ERROR    Failure: 204148924151735858044210481229518018319 : http://localhost:4200/ -> status code(400) -> 
2022-05-25 12:14:08 ERROR    Failure: 209036318680772634052885377060412114839 : http://localhost:4200/ -> Access to XMLHttpRequest at 'https://geoip.nekudo.com/api' from origin 'http://localhost:4200' has been blocked by CORS policy: No 'Access-Control-Allow-Origin' header is present on the requested resource.
2022-05-25 12:14:08 ERROR    Failure: 116883329609946864055106810307069809545 : http://localhost:4200/ -> JSHandle@object
2022-05-25 12:14:08 ERROR    Failure: 262513326802567628094931167029883077585 : http://localhost:4200/new -> net::ERR_ABORTED
2022-05-25 12:14:11 ERROR    Failure: 223684313413012242652925975724179693671 : http://localhost:4200/ -> net::ERR_CONNECTION_REFUSED
2022-05-25 12:14:11 ERROR    Failure: 46822577063395887337747847899479931724 : http://localhost:4200/ -> Failed to load resource: net::ERR_CONNECTION_REFUSED
2022-05-25 12:14:13 ERROR    Failure: 204148924151735858044210481229518018319 : http://localhost:4200/ -> status code(400) -> 
2022-05-25 12:14:14 ERROR    Failure: 209036318680772634052885377060412114839 : http://localhost:4200/ -> Access to XMLHttpRequest at 'https://geoip.nekudo.com/api' from origin 'http://localhost:4200' has been blocked by CORS policy: No 'Access-Control-Allow-Origin' header is present on the requested resource.
2022-05-25 12:14:14 ERROR    Failure: 116883329609946864055106810307069809545 : http://localhost:4200/ -> JSHandle@object
2022-05-25 12:14:14 ERROR    Failure: 262513326802567628094931167029883077585 : http://localhost:4200/new -> net::ERR_ABORTED
2022-05-25 12:14:19 ERROR    Failure: 223684313413012242652925975724179693671 : http://localhost:4200/ -> net::ERR_CONNECTION_REFUSED
2022-05-25 12:14:19 ERROR    Failure: 46822577063395887337747847899479931724 : http://localhost:4200/ -> Failed to load resource: net::ERR_CONNECTION_REFUSED
2022-05-25 12:14:22 ERROR    Failure: 204148924151735858044210481229518018319 : http://localhost:4200/ -> status code(400) -> 
2022-05-25 12:14:22 ERROR    Failure: 209036318680772634052885377060412114839 : http://localhost:4200/ -> Access to XMLHttpRequest at 'https://geoip.nekudo.com/api' from origin 'http://localhost:4200' has been blocked by CORS policy: No 'Access-Control-Allow-Origin' header is present on the requested resource.
2022-05-25 12:14:22 ERROR    Failure: 116883329609946864055106810307069809545 : http://localhost:4200/ -> JSHandle@object
2022-05-25 12:14:22 ERROR    Failure: 262513326802567628094931167029883077585 : http://localhost:4200/new -> net::ERR_ABORTED
2022-05-25 12:14:29 ERROR    Failure: 223684313413012242652925975724179693671 : http://localhost:4200/ -> net::ERR_CONNECTION_REFUSED
2022-05-25 12:14:29 ERROR    Failure: 46822577063395887337747847899479931724 : http://localhost:4200/ -> Failed to load resource: net::ERR_CONNECTION_REFUSED
2022-05-25 12:14:33 ERROR    Failure: 204148924151735858044210481229518018319 : http://localhost:4200/ -> status code(400) -> 
2022-05-25 12:14:33 ERROR    Failure: 209036318680772634052885377060412114839 : http://localhost:4200/ -> Access to XMLHttpRequest at 'https://geoip.nekudo.com/api' from origin 'http://localhost:4200' has been blocked by CORS policy: No 'Access-Control-Allow-Origin' header is present on the requested resource.
2022-05-25 12:14:33 ERROR    Failure: 116883329609946864055106810307069809545 : http://localhost:4200/ -> JSHandle@object
2022-05-25 12:14:34 ERROR    Failure: 262513326802567628094931167029883077585 : http://localhost:4200/new -> net::ERR_ABORTED
2022-05-25 12:14:40 ERROR    Failure: 223684313413012242652925975724179693671 : http://localhost:4200/ -> net::ERR_CONNECTION_REFUSED
2022-05-25 12:14:40 ERROR    Failure: 46822577063395887337747847899479931724 : http://localhost:4200/ -> Failed to load resource: net::ERR_CONNECTION_REFUSED
2022-05-25 12:14:42 ERROR    Failure: 204148924151735858044210481229518018319 : http://localhost:4200/ -> status code(400) -> 
2022-05-25 12:14:42 ERROR    Failure: 209036318680772634052885377060412114839 : http://localhost:4200/ -> Access to XMLHttpRequest at 'https://geoip.nekudo.com/api' from origin 'http://localhost:4200' has been blocked by CORS policy: No 'Access-Control-Allow-Origin' header is present on the requested resource.
2022-05-25 12:14:42 ERROR    Failure: 116883329609946864055106810307069809545 : http://localhost:4200/ -> JSHandle@object
2022-05-25 12:14:42 ERROR    Failure: 262513326802567628094931167029883077585 : http://localhost:4200/new -> net::ERR_ABORTED
2022-05-25 12:14:47 ERROR    Failure: 223684313413012242652925975724179693671 : http://localhost:4200/ -> net::ERR_CONNECTION_REFUSED
2022-05-25 12:14:47 ERROR    Failure: 46822577063395887337747847899479931724 : http://localhost:4200/ -> Failed to load resource: net::ERR_CONNECTION_REFUSED
2022-05-25 12:14:51 ERROR    Failure: 204148924151735858044210481229518018319 : http://localhost:4200/ -> status code(400) -> 
2022-05-25 12:14:52 ERROR    Failure: 209036318680772634052885377060412114839 : http://localhost:4200/ -> Access to XMLHttpRequest at 'https://geoip.nekudo.com/api' from origin 'http://localhost:4200' has been blocked by CORS policy: No 'Access-Control-Allow-Origin' header is present on the requested resource.
2022-05-25 12:14:52 ERROR    Failure: 116883329609946864055106810307069809545 : http://localhost:4200/ -> JSHandle@object
2022-05-25 12:14:52 ERROR    Failure: 262513326802567628094931167029883077585 : http://localhost:4200/new -> net::ERR_ABORTED
2022-05-25 12:14:56 ERROR    Failure: 223684313413012242652925975724179693671 : http://localhost:4200/ -> net::ERR_CONNECTION_REFUSED
2022-05-25 12:14:56 ERROR    Failure: 46822577063395887337747847899479931724 : http://localhost:4200/ -> Failed to load resource: net::ERR_CONNECTION_REFUSED
2022-05-25 12:15:00 ERROR    Failure: 204148924151735858044210481229518018319 : http://localhost:4200/ -> status code(400) -> 
2022-05-25 12:15:00 ERROR    Failure: 209036318680772634052885377060412114839 : http://localhost:4200/ -> Access to XMLHttpRequest at 'https://geoip.nekudo.com/api' from origin 'http://localhost:4200' has been blocked by CORS policy: No 'Access-Control-Allow-Origin' header is present on the requested resource.
2022-05-25 12:15:00 ERROR    Failure: 116883329609946864055106810307069809545 : http://localhost:4200/ -> JSHandle@object
2022-05-25 12:15:00 ERROR    Failure: 262513326802567628094931167029883077585 : http://localhost:4200/new -> net::ERR_ABORTED
2022-05-25 12:15:05 ERROR    Failure: 223684313413012242652925975724179693671 : http://localhost:4200/ -> net::ERR_CONNECTION_REFUSED
2022-05-25 12:15:05 ERROR    Failure: 46822577063395887337747847899479931724 : http://localhost:4200/ -> Failed to load resource: net::ERR_CONNECTION_REFUSED
2022-05-25 12:15:13 ERROR    Failure: 204148924151735858044210481229518018319 : http://localhost:4200/ -> status code(400) -> 
2022-05-25 12:15:14 ERROR    Failure: 209036318680772634052885377060412114839 : http://localhost:4200/ -> Access to XMLHttpRequest at 'https://geoip.nekudo.com/api' from origin 'http://localhost:4200' has been blocked by CORS policy: No 'Access-Control-Allow-Origin' header is present on the requested resource.
2022-05-25 12:15:14 ERROR    Failure: 116883329609946864055106810307069809545 : http://localhost:4200/ -> JSHandle@object
2022-05-25 12:15:14 ERROR    Failure: 262513326802567628094931167029883077585 : http://localhost:4200/new -> net::ERR_ABORTED
2022-05-25 12:15:16 ERROR    Failure: 223684313413012242652925975724179693671 : http://localhost:4200/ -> net::ERR_CONNECTION_REFUSED
2022-05-25 12:15:16 ERROR    Failure: 46822577063395887337747847899479931724 : http://localhost:4200/ -> Failed to load resource: net::ERR_CONNECTION_REFUSED
2022-05-25 12:15:22 ERROR    Failure: 204148924151735858044210481229518018319 : http://localhost:4200/ -> status code(400) -> 
2022-05-25 12:15:22 ERROR    Failure: 209036318680772634052885377060412114839 : http://localhost:4200/ -> Access to XMLHttpRequest at 'https://geoip.nekudo.com/api' from origin 'http://localhost:4200' has been blocked by CORS policy: No 'Access-Control-Allow-Origin' header is present on the requested resource.
2022-05-25 12:15:22 ERROR    Failure: 116883329609946864055106810307069809545 : http://localhost:4200/ -> JSHandle@object
2022-05-25 12:15:23 ERROR    Failure: 262513326802567628094931167029883077585 : http://localhost:4200/new -> net::ERR_ABORTED
2022-05-25 12:15:24 ERROR    Failure: 223684313413012242652925975724179693671 : http://localhost:4200/ -> net::ERR_CONNECTION_REFUSED
2022-05-25 12:15:24 ERROR    Failure: 46822577063395887337747847899479931724 : http://localhost:4200/ -> Failed to load resource: net::ERR_CONNECTION_REFUSED
2022-05-25 12:15:29 ERROR    Failure: 204148924151735858044210481229518018319 : http://localhost:4200/ -> status code(400) -> 
2022-05-25 12:15:29 ERROR    Failure: 209036318680772634052885377060412114839 : http://localhost:4200/ -> Access to XMLHttpRequest at 'https://geoip.nekudo.com/api' from origin 'http://localhost:4200' has been blocked by CORS policy: No 'Access-Control-Allow-Origin' header is present on the requested resource.
2022-05-25 12:15:29 ERROR    Failure: 116883329609946864055106810307069809545 : http://localhost:4200/ -> JSHandle@object
2022-05-25 12:15:30 ERROR    Failure: 262513326802567628094931167029883077585 : http://localhost:4200/new -> net::ERR_ABORTED
2022-05-25 12:15:33 ERROR    Failure: 223684313413012242652925975724179693671 : http://localhost:4200/ -> net::ERR_CONNECTION_REFUSED
2022-05-25 12:15:33 ERROR    Failure: 46822577063395887337747847899479931724 : http://localhost:4200/ -> Failed to load resource: net::ERR_CONNECTION_REFUSED
2022-05-25 12:15:35 ERROR    Failure: 204148924151735858044210481229518018319 : http://localhost:4200/ -> status code(400) -> 
2022-05-25 12:15:36 ERROR    Failure: 209036318680772634052885377060412114839 : http://localhost:4200/ -> Access to XMLHttpRequest at 'https://geoip.nekudo.com/api' from origin 'http://localhost:4200' has been blocked by CORS policy: No 'Access-Control-Allow-Origin' header is present on the requested resource.
2022-05-25 12:15:36 ERROR    Failure: 116883329609946864055106810307069809545 : http://localhost:4200/ -> JSHandle@object
2022-05-25 12:15:36 ERROR    Failure: 262513326802567628094931167029883077585 : http://localhost:4200/new -> net::ERR_ABORTED
2022-05-25 12:15:44 ERROR    Failure: 223684313413012242652925975724179693671 : http://localhost:4200/ -> net::ERR_CONNECTION_REFUSED
2022-05-25 12:15:44 ERROR    Failure: 46822577063395887337747847899479931724 : http://localhost:4200/ -> Failed to load resource: net::ERR_CONNECTION_REFUSED
2022-05-25 12:15:45 ERROR    Failure: 204148924151735858044210481229518018319 : http://localhost:4200/ -> status code(400) -> 
2022-05-25 12:15:45 ERROR    Failure: 209036318680772634052885377060412114839 : http://localhost:4200/ -> Access to XMLHttpRequest at 'https://geoip.nekudo.com/api' from origin 'http://localhost:4200' has been blocked by CORS policy: No 'Access-Control-Allow-Origin' header is present on the requested resource.
2022-05-25 12:15:45 ERROR    Failure: 116883329609946864055106810307069809545 : http://localhost:4200/ -> JSHandle@object
2022-05-25 12:15:45 ERROR    Failure: 262513326802567628094931167029883077585 : http://localhost:4200/new -> net::ERR_ABORTED
2022-05-25 12:15:50 ERROR    Failure: 223684313413012242652925975724179693671 : http://localhost:4200/ -> net::ERR_CONNECTION_REFUSED
2022-05-25 12:15:50 ERROR    Failure: 46822577063395887337747847899479931724 : http://localhost:4200/ -> Failed to load resource: net::ERR_CONNECTION_REFUSED
2022-05-25 12:15:52 ERROR    Failure: 204148924151735858044210481229518018319 : http://localhost:4200/ -> status code(400) -> 
2022-05-25 12:15:53 ERROR    Failure: 209036318680772634052885377060412114839 : http://localhost:4200/ -> Access to XMLHttpRequest at 'https://geoip.nekudo.com/api' from origin 'http://localhost:4200' has been blocked by CORS policy: No 'Access-Control-Allow-Origin' header is present on the requested resource.
2022-05-25 12:15:53 ERROR    Failure: 116883329609946864055106810307069809545 : http://localhost:4200/ -> JSHandle@object
2022-05-25 12:15:53 ERROR    Failure: 262513326802567628094931167029883077585 : http://localhost:4200/new -> net::ERR_ABORTED
2022-05-25 12:15:59 ERROR    Failure: 223684313413012242652925975724179693671 : http://localhost:4200/ -> net::ERR_CONNECTION_REFUSED
2022-05-25 12:15:59 ERROR    Failure: 46822577063395887337747847899479931724 : http://localhost:4200/ -> Failed to load resource: net::ERR_CONNECTION_REFUSED
2022-05-25 12:16:04 ERROR    Failure: 204148924151735858044210481229518018319 : http://localhost:4200/ -> status code(400) -> 
2022-05-25 12:16:05 ERROR    Failure: 209036318680772634052885377060412114839 : http://localhost:4200/ -> Access to XMLHttpRequest at 'https://geoip.nekudo.com/api' from origin 'http://localhost:4200' has been blocked by CORS policy: No 'Access-Control-Allow-Origin' header is present on the requested resource.
2022-05-25 12:16:05 ERROR    Failure: 116883329609946864055106810307069809545 : http://localhost:4200/ -> JSHandle@object
2022-05-25 12:16:05 ERROR    Failure: 262513326802567628094931167029883077585 : http://localhost:4200/new -> net::ERR_ABORTED
2022-05-25 12:16:09 ERROR    Failure: 223684313413012242652925975724179693671 : http://localhost:4200/ -> net::ERR_CONNECTION_REFUSED
2022-05-25 12:16:09 ERROR    Failure: 46822577063395887337747847899479931724 : http://localhost:4200/ -> Failed to load resource: net::ERR_CONNECTION_REFUSED
2022-05-25 12:16:13 ERROR    Failure: 204148924151735858044210481229518018319 : http://localhost:4200/ -> status code(400) -> 
2022-05-25 12:16:13 ERROR    Failure: 209036318680772634052885377060412114839 : http://localhost:4200/ -> Access to XMLHttpRequest at 'https://geoip.nekudo.com/api' from origin 'http://localhost:4200' has been blocked by CORS policy: No 'Access-Control-Allow-Origin' header is present on the requested resource.
2022-05-25 12:16:13 ERROR    Failure: 116883329609946864055106810307069809545 : http://localhost:4200/ -> JSHandle@object
2022-05-25 12:16:13 ERROR    Failure: 262513326802567628094931167029883077585 : http://localhost:4200/new -> net::ERR_ABORTED
2022-05-25 12:16:19 ERROR    Failure: 223684313413012242652925975724179693671 : http://localhost:4200/ -> net::ERR_CONNECTION_REFUSED
2022-05-25 12:16:19 ERROR    Failure: 46822577063395887337747847899479931724 : http://localhost:4200/ -> Failed to load resource: net::ERR_CONNECTION_REFUSED
2022-05-25 12:16:21 ERROR    Failure: 204148924151735858044210481229518018319 : http://localhost:4200/ -> status code(400) -> 
2022-05-25 12:16:22 ERROR    Failure: 209036318680772634052885377060412114839 : http://localhost:4200/ -> Access to XMLHttpRequest at 'https://geoip.nekudo.com/api' from origin 'http://localhost:4200' has been blocked by CORS policy: No 'Access-Control-Allow-Origin' header is present on the requested resource.
2022-05-25 12:16:22 ERROR    Failure: 116883329609946864055106810307069809545 : http://localhost:4200/ -> JSHandle@object
2022-05-25 12:16:22 ERROR    Failure: 262513326802567628094931167029883077585 : http://localhost:4200/new -> net::ERR_ABORTED
2022-05-25 12:16:25 ERROR    Failure: 223684313413012242652925975724179693671 : http://localhost:4200/ -> net::ERR_CONNECTION_REFUSED
2022-05-25 12:16:25 ERROR    Failure: 46822577063395887337747847899479931724 : http://localhost:4200/ -> Failed to load resource: net::ERR_CONNECTION_REFUSED
2022-05-25 12:16:31 ERROR    Failure: 204148924151735858044210481229518018319 : http://localhost:4200/ -> status code(400) -> 
2022-05-25 12:16:31 ERROR    Failure: 209036318680772634052885377060412114839 : http://localhost:4200/ -> Access to XMLHttpRequest at 'https://geoip.nekudo.com/api' from origin 'http://localhost:4200' has been blocked by CORS policy: No 'Access-Control-Allow-Origin' header is present on the requested resource.
2022-05-25 12:16:31 ERROR    Failure: 116883329609946864055106810307069809545 : http://localhost:4200/ -> JSHandle@object
2022-05-25 12:16:31 ERROR    Failure: 262513326802567628094931167029883077585 : http://localhost:4200/new -> net::ERR_ABORTED
2022-05-25 12:16:35 ERROR    Failure: 223684313413012242652925975724179693671 : http://localhost:4200/ -> net::ERR_CONNECTION_REFUSED
2022-05-25 12:16:35 ERROR    Failure: 46822577063395887337747847899479931724 : http://localhost:4200/ -> Failed to load resource: net::ERR_CONNECTION_REFUSED
2022-05-25 12:16:39 ERROR    Failure: 204148924151735858044210481229518018319 : http://localhost:4200/ -> status code(400) -> 
2022-05-25 12:16:40 ERROR    Failure: 209036318680772634052885377060412114839 : http://localhost:4200/ -> Access to XMLHttpRequest at 'https://geoip.nekudo.com/api' from origin 'http://localhost:4200' has been blocked by CORS policy: No 'Access-Control-Allow-Origin' header is present on the requested resource.
2022-05-25 12:16:40 ERROR    Failure: 116883329609946864055106810307069809545 : http://localhost:4200/ -> JSHandle@object
2022-05-25 12:16:40 ERROR    Failure: 262513326802567628094931167029883077585 : http://localhost:4200/new -> net::ERR_ABORTED
2022-05-25 12:16:42 ERROR    Failure: 223684313413012242652925975724179693671 : http://localhost:4200/ -> net::ERR_CONNECTION_REFUSED
2022-05-25 12:16:42 ERROR    Failure: 46822577063395887337747847899479931724 : http://localhost:4200/ -> Failed to load resource: net::ERR_CONNECTION_REFUSED
2022-05-25 12:16:48 ERROR    Failure: 204148924151735858044210481229518018319 : http://localhost:4200/ -> status code(400) -> 
2022-05-25 12:16:48 ERROR    Failure: 209036318680772634052885377060412114839 : http://localhost:4200/ -> Access to XMLHttpRequest at 'https://geoip.nekudo.com/api' from origin 'http://localhost:4200' has been blocked by CORS policy: No 'Access-Control-Allow-Origin' header is present on the requested resource.
2022-05-25 12:16:48 ERROR    Failure: 116883329609946864055106810307069809545 : http://localhost:4200/ -> JSHandle@object
2022-05-25 12:16:48 ERROR    Failure: 262513326802567628094931167029883077585 : http://localhost:4200/new -> net::ERR_ABORTED
2022-05-25 12:16:51 ERROR    Failure: 223684313413012242652925975724179693671 : http://localhost:4200/ -> net::ERR_CONNECTION_REFUSED
2022-05-25 12:16:51 ERROR    Failure: 46822577063395887337747847899479931724 : http://localhost:4200/ -> Failed to load resource: net::ERR_CONNECTION_REFUSED
2022-05-25 12:16:54 ERROR    Failure: 204148924151735858044210481229518018319 : http://localhost:4200/ -> status code(400) -> 
2022-05-25 12:16:54 ERROR    Failure: 209036318680772634052885377060412114839 : http://localhost:4200/ -> Access to XMLHttpRequest at 'https://geoip.nekudo.com/api' from origin 'http://localhost:4200' has been blocked by CORS policy: No 'Access-Control-Allow-Origin' header is present on the requested resource.
2022-05-25 12:16:54 ERROR    Failure: 116883329609946864055106810307069809545 : http://localhost:4200/ -> JSHandle@object
2022-05-25 12:16:54 ERROR    Failure: 262513326802567628094931167029883077585 : http://localhost:4200/new -> net::ERR_ABORTED
2022-05-25 12:16:59 ERROR    Failure: 223684313413012242652925975724179693671 : http://localhost:4200/ -> net::ERR_CONNECTION_REFUSED
2022-05-25 12:16:59 ERROR    Failure: 46822577063395887337747847899479931724 : http://localhost:4200/ -> Failed to load resource: net::ERR_CONNECTION_REFUSED
2022-05-25 12:17:01 ERROR    Failure: 204148924151735858044210481229518018319 : http://localhost:4200/ -> status code(400) -> 
2022-05-25 12:17:01 ERROR    Failure: 209036318680772634052885377060412114839 : http://localhost:4200/ -> Access to XMLHttpRequest at 'https://geoip.nekudo.com/api' from origin 'http://localhost:4200' has been blocked by CORS policy: No 'Access-Control-Allow-Origin' header is present on the requested resource.
2022-05-25 12:17:01 ERROR    Failure: 116883329609946864055106810307069809545 : http://localhost:4200/ -> JSHandle@object
2022-05-25 12:17:01 ERROR    Failure: 262513326802567628094931167029883077585 : http://localhost:4200/new -> net::ERR_ABORTED
2022-05-25 12:17:09 ERROR    Failure: 223684313413012242652925975724179693671 : http://localhost:4200/ -> net::ERR_CONNECTION_REFUSED
2022-05-25 12:17:09 ERROR    Failure: 46822577063395887337747847899479931724 : http://localhost:4200/ -> Failed to load resource: net::ERR_CONNECTION_REFUSED
2022-05-25 12:17:11 ERROR    Failure: 204148924151735858044210481229518018319 : http://localhost:4200/ -> status code(400) -> 
2022-05-25 12:17:11 ERROR    Failure: 209036318680772634052885377060412114839 : http://localhost:4200/ -> Access to XMLHttpRequest at 'https://geoip.nekudo.com/api' from origin 'http://localhost:4200' has been blocked by CORS policy: No 'Access-Control-Allow-Origin' header is present on the requested resource.
2022-05-25 12:17:11 ERROR    Failure: 116883329609946864055106810307069809545 : http://localhost:4200/ -> JSHandle@object
2022-05-25 12:17:11 ERROR    Failure: 262513326802567628094931167029883077585 : http://localhost:4200/new -> net::ERR_ABORTED
2022-05-25 12:17:14 ERROR    Failure: 223684313413012242652925975724179693671 : http://localhost:4200/ -> net::ERR_CONNECTION_REFUSED
2022-05-25 12:17:14 ERROR    Failure: 46822577063395887337747847899479931724 : http://localhost:4200/ -> Failed to load resource: net::ERR_CONNECTION_REFUSED
2022-05-25 12:17:15 ERROR    Failure: 204148924151735858044210481229518018319 : http://localhost:4200/ -> status code(400) -> 
2022-05-25 12:17:16 ERROR    Failure: 209036318680772634052885377060412114839 : http://localhost:4200/ -> Access to XMLHttpRequest at 'https://geoip.nekudo.com/api' from origin 'http://localhost:4200' has been blocked by CORS policy: No 'Access-Control-Allow-Origin' header is present on the requested resource.
2022-05-25 12:17:16 ERROR    Failure: 116883329609946864055106810307069809545 : http://localhost:4200/ -> JSHandle@object
2022-05-25 12:17:16 ERROR    Failure: 262513326802567628094931167029883077585 : http://localhost:4200/new -> net::ERR_ABORTED
2022-05-25 12:17:23 ERROR    Failure: 223684313413012242652925975724179693671 : http://localhost:4200/ -> net::ERR_CONNECTION_REFUSED
2022-05-25 12:17:23 ERROR    Failure: 46822577063395887337747847899479931724 : http://localhost:4200/ -> Failed to load resource: net::ERR_CONNECTION_REFUSED
2022-05-25 12:17:25 ERROR    Failure: 204148924151735858044210481229518018319 : http://localhost:4200/ -> status code(400) -> 
2022-05-25 12:17:25 ERROR    Failure: 209036318680772634052885377060412114839 : http://localhost:4200/ -> Access to XMLHttpRequest at 'https://geoip.nekudo.com/api' from origin 'http://localhost:4200' has been blocked by CORS policy: No 'Access-Control-Allow-Origin' header is present on the requested resource.
2022-05-25 12:17:25 ERROR    Failure: 116883329609946864055106810307069809545 : http://localhost:4200/ -> JSHandle@object
2022-05-25 12:17:25 ERROR    Failure: 262513326802567628094931167029883077585 : http://localhost:4200/new -> net::ERR_ABORTED
2022-05-25 12:17:29 ERROR    Failure: 223684313413012242652925975724179693671 : http://localhost:4200/ -> net::ERR_CONNECTION_REFUSED
2022-05-25 12:17:29 ERROR    Failure: 46822577063395887337747847899479931724 : http://localhost:4200/ -> Failed to load resource: net::ERR_CONNECTION_REFUSED
2022-05-25 12:17:39 ERROR    Failure: 204148924151735858044210481229518018319 : http://localhost:4200/ -> status code(400) -> 
2022-05-25 12:17:39 ERROR    Failure: 209036318680772634052885377060412114839 : http://localhost:4200/ -> Access to XMLHttpRequest at 'https://geoip.nekudo.com/api' from origin 'http://localhost:4200' has been blocked by CORS policy: No 'Access-Control-Allow-Origin' header is present on the requested resource.
2022-05-25 12:17:39 ERROR    Failure: 116883329609946864055106810307069809545 : http://localhost:4200/ -> JSHandle@object
2022-05-25 12:17:39 ERROR    Failure: 262513326802567628094931167029883077585 : http://localhost:4200/new -> net::ERR_ABORTED
2022-05-25 12:17:42 ERROR    Failure: 223684313413012242652925975724179693671 : http://localhost:4200/ -> net::ERR_CONNECTION_REFUSED
2022-05-25 12:17:42 ERROR    Failure: 46822577063395887337747847899479931724 : http://localhost:4200/ -> Failed to load resource: net::ERR_CONNECTION_REFUSED
2022-05-25 12:17:45 ERROR    Failure: 204148924151735858044210481229518018319 : http://localhost:4200/ -> status code(400) -> 
2022-05-25 12:17:45 ERROR    Failure: 209036318680772634052885377060412114839 : http://localhost:4200/ -> Access to XMLHttpRequest at 'https://geoip.nekudo.com/api' from origin 'http://localhost:4200' has been blocked by CORS policy: No 'Access-Control-Allow-Origin' header is present on the requested resource.
2022-05-25 12:17:45 ERROR    Failure: 116883329609946864055106810307069809545 : http://localhost:4200/ -> JSHandle@object
2022-05-25 12:17:45 ERROR    Failure: 262513326802567628094931167029883077585 : http://localhost:4200/new -> net::ERR_ABORTED
2022-05-25 12:17:50 ERROR    Failure: 223684313413012242652925975724179693671 : http://localhost:4200/ -> net::ERR_CONNECTION_REFUSED
2022-05-25 12:17:50 ERROR    Failure: 46822577063395887337747847899479931724 : http://localhost:4200/ -> Failed to load resource: net::ERR_CONNECTION_REFUSED
2022-05-25 12:17:54 ERROR    Failure: 204148924151735858044210481229518018319 : http://localhost:4200/ -> status code(400) -> 
2022-05-25 12:17:54 ERROR    Failure: 209036318680772634052885377060412114839 : http://localhost:4200/ -> Access to XMLHttpRequest at 'https://geoip.nekudo.com/api' from origin 'http://localhost:4200' has been blocked by CORS policy: No 'Access-Control-Allow-Origin' header is present on the requested resource.
2022-05-25 12:17:54 ERROR    Failure: 116883329609946864055106810307069809545 : http://localhost:4200/ -> JSHandle@object
2022-05-25 12:17:54 ERROR    Failure: 262513326802567628094931167029883077585 : http://localhost:4200/new -> net::ERR_ABORTED
2022-05-25 12:17:58 ERROR    Failure: 223684313413012242652925975724179693671 : http://localhost:4200/ -> net::ERR_CONNECTION_REFUSED
2022-05-25 12:17:58 ERROR    Failure: 46822577063395887337747847899479931724 : http://localhost:4200/ -> Failed to load resource: net::ERR_CONNECTION_REFUSED
2022-05-25 12:18:01 ERROR    Failure: 204148924151735858044210481229518018319 : http://localhost:4200/ -> status code(400) -> 
2022-05-25 12:18:01 ERROR    Failure: 209036318680772634052885377060412114839 : http://localhost:4200/ -> Access to XMLHttpRequest at 'https://geoip.nekudo.com/api' from origin 'http://localhost:4200' has been blocked by CORS policy: No 'Access-Control-Allow-Origin' header is present on the requested resource.
2022-05-25 12:18:01 ERROR    Failure: 116883329609946864055106810307069809545 : http://localhost:4200/ -> JSHandle@object
2022-05-25 12:18:01 ERROR    Failure: 262513326802567628094931167029883077585 : http://localhost:4200/new -> net::ERR_ABORTED
2022-05-25 12:18:06 ERROR    Failure: 223684313413012242652925975724179693671 : http://localhost:4200/ -> net::ERR_CONNECTION_REFUSED
2022-05-25 12:18:06 ERROR    Failure: 46822577063395887337747847899479931724 : http://localhost:4200/ -> Failed to load resource: net::ERR_CONNECTION_REFUSED
2022-05-25 12:18:10 ERROR    Failure: 204148924151735858044210481229518018319 : http://localhost:4200/ -> status code(400) -> 
2022-05-25 12:18:10 ERROR    Failure: 209036318680772634052885377060412114839 : http://localhost:4200/ -> Access to XMLHttpRequest at 'https://geoip.nekudo.com/api' from origin 'http://localhost:4200' has been blocked by CORS policy: No 'Access-Control-Allow-Origin' header is present on the requested resource.
2022-05-25 12:18:10 ERROR    Failure: 116883329609946864055106810307069809545 : http://localhost:4200/ -> JSHandle@object
2022-05-25 12:18:10 ERROR    Failure: 262513326802567628094931167029883077585 : http://localhost:4200/new -> net::ERR_ABORTED
2022-05-25 12:18:14 ERROR    Failure: 223684313413012242652925975724179693671 : http://localhost:4200/ -> net::ERR_CONNECTION_REFUSED
2022-05-25 12:18:14 ERROR    Failure: 46822577063395887337747847899479931724 : http://localhost:4200/ -> Failed to load resource: net::ERR_CONNECTION_REFUSED
2022-05-25 12:18:16 ERROR    Failure: 204148924151735858044210481229518018319 : http://localhost:4200/ -> status code(400) -> 
2022-05-25 12:18:17 ERROR    Failure: 209036318680772634052885377060412114839 : http://localhost:4200/ -> Access to XMLHttpRequest at 'https://geoip.nekudo.com/api' from origin 'http://localhost:4200' has been blocked by CORS policy: No 'Access-Control-Allow-Origin' header is present on the requested resource.
2022-05-25 12:18:17 ERROR    Failure: 116883329609946864055106810307069809545 : http://localhost:4200/ -> JSHandle@object
2022-05-25 12:18:17 ERROR    Failure: 262513326802567628094931167029883077585 : http://localhost:4200/new -> net::ERR_ABORTED
2022-05-25 12:18:22 ERROR    Failure: 223684313413012242652925975724179693671 : http://localhost:4200/ -> net::ERR_CONNECTION_REFUSED
2022-05-25 12:18:22 ERROR    Failure: 46822577063395887337747847899479931724 : http://localhost:4200/ -> Failed to load resource: net::ERR_CONNECTION_REFUSED
2022-05-25 12:18:26 ERROR    Failure: 204148924151735858044210481229518018319 : http://localhost:4200/ -> status code(400) -> 
2022-05-25 12:18:26 ERROR    Failure: 209036318680772634052885377060412114839 : http://localhost:4200/ -> Access to XMLHttpRequest at 'https://geoip.nekudo.com/api' from origin 'http://localhost:4200' has been blocked by CORS policy: No 'Access-Control-Allow-Origin' header is present on the requested resource.
2022-05-25 12:18:26 ERROR    Failure: 116883329609946864055106810307069809545 : http://localhost:4200/ -> JSHandle@object
2022-05-25 12:18:26 ERROR    Failure: 262513326802567628094931167029883077585 : http://localhost:4200/new -> net::ERR_ABORTED
2022-05-25 12:18:31 ERROR    Failure: 223684313413012242652925975724179693671 : http://localhost:4200/ -> net::ERR_CONNECTION_REFUSED
2022-05-25 12:18:31 ERROR    Failure: 46822577063395887337747847899479931724 : http://localhost:4200/ -> Failed to load resource: net::ERR_CONNECTION_REFUSED
2022-05-25 12:18:35 ERROR    Failure: 204148924151735858044210481229518018319 : http://localhost:4200/ -> status code(400) -> 
2022-05-25 12:18:35 ERROR    Failure: 209036318680772634052885377060412114839 : http://localhost:4200/ -> Access to XMLHttpRequest at 'https://geoip.nekudo.com/api' from origin 'http://localhost:4200' has been blocked by CORS policy: No 'Access-Control-Allow-Origin' header is present on the requested resource.
2022-05-25 12:18:35 ERROR    Failure: 116883329609946864055106810307069809545 : http://localhost:4200/ -> JSHandle@object
2022-05-25 12:18:35 ERROR    Failure: 262513326802567628094931167029883077585 : http://localhost:4200/new -> net::ERR_ABORTED
2022-05-25 12:18:42 ERROR    Failure: 223684313413012242652925975724179693671 : http://localhost:4200/ -> net::ERR_CONNECTION_REFUSED
2022-05-25 12:18:42 ERROR    Failure: 46822577063395887337747847899479931724 : http://localhost:4200/ -> Failed to load resource: net::ERR_CONNECTION_REFUSED
2022-05-25 12:18:44 ERROR    Failure: 204148924151735858044210481229518018319 : http://localhost:4200/ -> status code(400) -> 
2022-05-25 12:18:45 ERROR    Failure: 209036318680772634052885377060412114839 : http://localhost:4200/ -> Access to XMLHttpRequest at 'https://geoip.nekudo.com/api' from origin 'http://localhost:4200' has been blocked by CORS policy: No 'Access-Control-Allow-Origin' header is present on the requested resource.
2022-05-25 12:18:45 ERROR    Failure: 116883329609946864055106810307069809545 : http://localhost:4200/ -> JSHandle@object
2022-05-25 12:18:45 ERROR    Failure: 262513326802567628094931167029883077585 : http://localhost:4200/new -> net::ERR_ABORTED
2022-05-25 12:18:49 ERROR    Failure: 223684313413012242652925975724179693671 : http://localhost:4200/ -> net::ERR_CONNECTION_REFUSED
2022-05-25 12:18:49 ERROR    Failure: 46822577063395887337747847899479931724 : http://localhost:4200/ -> Failed to load resource: net::ERR_CONNECTION_REFUSED
2022-05-25 12:18:53 ERROR    Failure: 204148924151735858044210481229518018319 : http://localhost:4200/ -> status code(400) -> 
2022-05-25 12:18:53 ERROR    Failure: 209036318680772634052885377060412114839 : http://localhost:4200/ -> Access to XMLHttpRequest at 'https://geoip.nekudo.com/api' from origin 'http://localhost:4200' has been blocked by CORS policy: No 'Access-Control-Allow-Origin' header is present on the requested resource.
2022-05-25 12:18:53 ERROR    Failure: 116883329609946864055106810307069809545 : http://localhost:4200/ -> JSHandle@object
2022-05-25 12:18:53 ERROR    Failure: 262513326802567628094931167029883077585 : http://localhost:4200/new -> net::ERR_ABORTED
2022-05-25 12:18:59 ERROR    Failure: 223684313413012242652925975724179693671 : http://localhost:4200/ -> net::ERR_CONNECTION_REFUSED
2022-05-25 12:18:59 ERROR    Failure: 46822577063395887337747847899479931724 : http://localhost:4200/ -> Failed to load resource: net::ERR_CONNECTION_REFUSED
2022-05-25 12:19:02 ERROR    Failure: 204148924151735858044210481229518018319 : http://localhost:4200/ -> status code(400) -> 
2022-05-25 12:19:03 ERROR    Failure: 209036318680772634052885377060412114839 : http://localhost:4200/ -> Access to XMLHttpRequest at 'https://geoip.nekudo.com/api' from origin 'http://localhost:4200' has been blocked by CORS policy: No 'Access-Control-Allow-Origin' header is present on the requested resource.
2022-05-25 12:19:03 ERROR    Failure: 116883329609946864055106810307069809545 : http://localhost:4200/ -> JSHandle@object
2022-05-25 12:19:03 ERROR    Failure: 262513326802567628094931167029883077585 : http://localhost:4200/new -> net::ERR_ABORTED
2022-05-25 12:19:08 ERROR    Failure: 223684313413012242652925975724179693671 : http://localhost:4200/ -> net::ERR_CONNECTION_REFUSED
2022-05-25 12:19:08 ERROR    Failure: 46822577063395887337747847899479931724 : http://localhost:4200/ -> Failed to load resource: net::ERR_CONNECTION_REFUSED
2022-05-25 12:19:09 ERROR    Failure: 204148924151735858044210481229518018319 : http://localhost:4200/ -> status code(400) -> 
2022-05-25 12:19:09 ERROR    Failure: 209036318680772634052885377060412114839 : http://localhost:4200/ -> Access to XMLHttpRequest at 'https://geoip.nekudo.com/api' from origin 'http://localhost:4200' has been blocked by CORS policy: No 'Access-Control-Allow-Origin' header is present on the requested resource.
2022-05-25 12:19:09 ERROR    Failure: 116883329609946864055106810307069809545 : http://localhost:4200/ -> JSHandle@object
2022-05-25 12:19:09 ERROR    Failure: 262513326802567628094931167029883077585 : http://localhost:4200/new -> net::ERR_ABORTED
2022-05-25 12:19:17 ERROR    Failure: 223684313413012242652925975724179693671 : http://localhost:4200/ -> net::ERR_CONNECTION_REFUSED
2022-05-25 12:19:17 ERROR    Failure: 46822577063395887337747847899479931724 : http://localhost:4200/ -> Failed to load resource: net::ERR_CONNECTION_REFUSED
2022-05-25 12:19:20 ERROR    Failure: 204148924151735858044210481229518018319 : http://localhost:4200/ -> status code(400) -> 
2022-05-25 12:19:20 ERROR    Failure: 209036318680772634052885377060412114839 : http://localhost:4200/ -> Access to XMLHttpRequest at 'https://geoip.nekudo.com/api' from origin 'http://localhost:4200' has been blocked by CORS policy: No 'Access-Control-Allow-Origin' header is present on the requested resource.
2022-05-25 12:19:20 ERROR    Failure: 116883329609946864055106810307069809545 : http://localhost:4200/ -> JSHandle@object
2022-05-25 12:19:20 ERROR    Failure: 262513326802567628094931167029883077585 : http://localhost:4200/new -> net::ERR_ABORTED
2022-05-25 12:19:26 ERROR    Failure: 223684313413012242652925975724179693671 : http://localhost:4200/ -> net::ERR_CONNECTION_REFUSED
2022-05-25 12:19:26 ERROR    Failure: 46822577063395887337747847899479931724 : http://localhost:4200/ -> Failed to load resource: net::ERR_CONNECTION_REFUSED
2022-05-25 12:19:29 ERROR    Failure: 204148924151735858044210481229518018319 : http://localhost:4200/ -> status code(400) -> 
2022-05-25 12:19:30 ERROR    Failure: 209036318680772634052885377060412114839 : http://localhost:4200/ -> Access to XMLHttpRequest at 'https://geoip.nekudo.com/api' from origin 'http://localhost:4200' has been blocked by CORS policy: No 'Access-Control-Allow-Origin' header is present on the requested resource.
2022-05-25 12:19:30 ERROR    Failure: 116883329609946864055106810307069809545 : http://localhost:4200/ -> JSHandle@object
2022-05-25 12:19:30 ERROR    Failure: 262513326802567628094931167029883077585 : http://localhost:4200/new -> net::ERR_ABORTED
2022-05-25 12:19:34 ERROR    Failure: 223684313413012242652925975724179693671 : http://localhost:4200/ -> net::ERR_CONNECTION_REFUSED
2022-05-25 12:19:34 ERROR    Failure: 46822577063395887337747847899479931724 : http://localhost:4200/ -> Failed to load resource: net::ERR_CONNECTION_REFUSED
2022-05-25 12:19:40 ERROR    Failure: 204148924151735858044210481229518018319 : http://localhost:4200/ -> status code(400) -> 
2022-05-25 12:19:41 ERROR    Failure: 209036318680772634052885377060412114839 : http://localhost:4200/ -> Access to XMLHttpRequest at 'https://geoip.nekudo.com/api' from origin 'http://localhost:4200' has been blocked by CORS policy: No 'Access-Control-Allow-Origin' header is present on the requested resource.
2022-05-25 12:19:41 ERROR    Failure: 116883329609946864055106810307069809545 : http://localhost:4200/ -> JSHandle@object
2022-05-25 12:19:41 ERROR    Failure: 262513326802567628094931167029883077585 : http://localhost:4200/new -> net::ERR_ABORTED
2022-05-25 12:19:44 ERROR    Failure: 223684313413012242652925975724179693671 : http://localhost:4200/ -> net::ERR_CONNECTION_REFUSED
2022-05-25 12:19:44 ERROR    Failure: 46822577063395887337747847899479931724 : http://localhost:4200/ -> Failed to load resource: net::ERR_CONNECTION_REFUSED
2022-05-25 12:19:48 ERROR    Failure: 204148924151735858044210481229518018319 : http://localhost:4200/ -> status code(400) -> 
2022-05-25 12:19:48 ERROR    Failure: 209036318680772634052885377060412114839 : http://localhost:4200/ -> Access to XMLHttpRequest at 'https://geoip.nekudo.com/api' from origin 'http://localhost:4200' has been blocked by CORS policy: No 'Access-Control-Allow-Origin' header is present on the requested resource.
2022-05-25 12:19:48 ERROR    Failure: 116883329609946864055106810307069809545 : http://localhost:4200/ -> JSHandle@object
2022-05-25 12:19:48 ERROR    Failure: 262513326802567628094931167029883077585 : http://localhost:4200/new -> net::ERR_ABORTED
2022-05-25 12:19:52 ERROR    Failure: 223684313413012242652925975724179693671 : http://localhost:4200/ -> net::ERR_CONNECTION_REFUSED
2022-05-25 12:19:52 ERROR    Failure: 46822577063395887337747847899479931724 : http://localhost:4200/ -> Failed to load resource: net::ERR_CONNECTION_REFUSED
2022-05-25 12:19:59 ERROR    Failure: 204148924151735858044210481229518018319 : http://localhost:4200/# -> status code(400) -> 
2022-05-25 12:19:59 ERROR    Failure: 209036318680772634052885377060412114839 : http://localhost:4200/# -> Access to XMLHttpRequest at 'https://geoip.nekudo.com/api' from origin 'http://localhost:4200' has been blocked by CORS policy: No 'Access-Control-Allow-Origin' header is present on the requested resource.
2022-05-25 12:19:59 ERROR    Failure: 116883329609946864055106810307069809545 : http://localhost:4200/# -> JSHandle@object
2022-05-25 12:19:59 ERROR    Failure: 262513326802567628094931167029883077585 : http://localhost:4200/new -> net::ERR_ABORTED
2022-05-25 12:20:02 ERROR    Failure: 223684313413012242652925975724179693671 : http://localhost:4200/ -> net::ERR_CONNECTION_REFUSED
2022-05-25 12:20:02 ERROR    Failure: 46822577063395887337747847899479931724 : http://localhost:4200/ -> Failed to load resource: net::ERR_CONNECTION_REFUSED
2022-05-25 12:20:07 ERROR    Failure: 204148924151735858044210481229518018319 : http://localhost:4200/ -> status code(400) -> 
2022-05-25 12:20:07 ERROR    Failure: 209036318680772634052885377060412114839 : http://localhost:4200/ -> Access to XMLHttpRequest at 'https://geoip.nekudo.com/api' from origin 'http://localhost:4200' has been blocked by CORS policy: No 'Access-Control-Allow-Origin' header is present on the requested resource.
2022-05-25 12:20:07 ERROR    Failure: 116883329609946864055106810307069809545 : http://localhost:4200/ -> JSHandle@object
2022-05-25 12:20:07 ERROR    Failure: 262513326802567628094931167029883077585 : http://localhost:4200/new -> net::ERR_ABORTED
2022-05-25 12:20:12 ERROR    Failure: 223684313413012242652925975724179693671 : http://localhost:4200/ -> net::ERR_CONNECTION_REFUSED
2022-05-25 12:20:12 ERROR    Failure: 46822577063395887337747847899479931724 : http://localhost:4200/ -> Failed to load resource: net::ERR_CONNECTION_REFUSED
2022-05-25 12:20:15 ERROR    Failure: 204148924151735858044210481229518018319 : http://localhost:4200/ -> status code(400) -> 
2022-05-25 12:20:15 ERROR    Failure: 209036318680772634052885377060412114839 : http://localhost:4200/ -> Access to XMLHttpRequest at 'https://geoip.nekudo.com/api' from origin 'http://localhost:4200' has been blocked by CORS policy: No 'Access-Control-Allow-Origin' header is present on the requested resource.
2022-05-25 12:20:15 ERROR    Failure: 116883329609946864055106810307069809545 : http://localhost:4200/ -> JSHandle@object
2022-05-25 12:20:15 ERROR    Failure: 262513326802567628094931167029883077585 : http://localhost:4200/new -> net::ERR_ABORTED
2022-05-25 12:20:19 ERROR    Failure: 223684313413012242652925975724179693671 : http://localhost:4200/ -> net::ERR_CONNECTION_REFUSED
2022-05-25 12:20:19 ERROR    Failure: 46822577063395887337747847899479931724 : http://localhost:4200/ -> Failed to load resource: net::ERR_CONNECTION_REFUSED
2022-05-25 12:20:23 ERROR    Failure: 204148924151735858044210481229518018319 : http://localhost:4200/ -> status code(400) -> 
2022-05-25 12:20:23 ERROR    Failure: 209036318680772634052885377060412114839 : http://localhost:4200/ -> Access to XMLHttpRequest at 'https://geoip.nekudo.com/api' from origin 'http://localhost:4200' has been blocked by CORS policy: No 'Access-Control-Allow-Origin' header is present on the requested resource.
2022-05-25 12:20:23 ERROR    Failure: 116883329609946864055106810307069809545 : http://localhost:4200/ -> JSHandle@object
2022-05-25 12:20:23 ERROR    Failure: 262513326802567628094931167029883077585 : http://localhost:4200/new -> net::ERR_ABORTED
2022-05-25 12:20:29 ERROR    Failure: 223684313413012242652925975724179693671 : http://localhost:4200/ -> net::ERR_CONNECTION_REFUSED
2022-05-25 12:20:29 ERROR    Failure: 46822577063395887337747847899479931724 : http://localhost:4200/ -> Failed to load resource: net::ERR_CONNECTION_REFUSED
2022-05-25 12:20:30 ERROR    Failure: 204148924151735858044210481229518018319 : http://localhost:4200/ -> status code(400) -> 
2022-05-25 12:20:30 ERROR    Failure: 209036318680772634052885377060412114839 : http://localhost:4200/ -> Access to XMLHttpRequest at 'https://geoip.nekudo.com/api' from origin 'http://localhost:4200' has been blocked by CORS policy: No 'Access-Control-Allow-Origin' header is present on the requested resource.
2022-05-25 12:20:30 ERROR    Failure: 116883329609946864055106810307069809545 : http://localhost:4200/ -> JSHandle@object
2022-05-25 12:20:30 ERROR    Failure: 262513326802567628094931167029883077585 : http://localhost:4200/new -> net::ERR_ABORTED
2022-05-25 12:20:36 ERROR    Failure: 223684313413012242652925975724179693671 : http://localhost:4200/ -> net::ERR_CONNECTION_REFUSED
2022-05-25 12:20:36 ERROR    Failure: 46822577063395887337747847899479931724 : http://localhost:4200/ -> Failed to load resource: net::ERR_CONNECTION_REFUSED
2022-05-25 12:20:40 ERROR    Failure: 204148924151735858044210481229518018319 : http://localhost:4200/ -> status code(400) -> 
2022-05-25 12:20:41 ERROR    Failure: 209036318680772634052885377060412114839 : http://localhost:4200/ -> Access to XMLHttpRequest at 'https://geoip.nekudo.com/api' from origin 'http://localhost:4200' has been blocked by CORS policy: No 'Access-Control-Allow-Origin' header is present on the requested resource.
2022-05-25 12:20:41 ERROR    Failure: 116883329609946864055106810307069809545 : http://localhost:4200/ -> JSHandle@object
2022-05-25 12:20:41 ERROR    Failure: 262513326802567628094931167029883077585 : http://localhost:4200/new -> net::ERR_ABORTED
2022-05-25 12:20:46 ERROR    Failure: 223684313413012242652925975724179693671 : http://localhost:4200/ -> net::ERR_CONNECTION_REFUSED
2022-05-25 12:20:46 ERROR    Failure: 46822577063395887337747847899479931724 : http://localhost:4200/ -> Failed to load resource: net::ERR_CONNECTION_REFUSED
2022-05-25 12:20:50 ERROR    Failure: 204148924151735858044210481229518018319 : http://localhost:4200/ -> status code(400) -> 
2022-05-25 12:20:51 ERROR    Failure: 209036318680772634052885377060412114839 : http://localhost:4200/ -> Access to XMLHttpRequest at 'https://geoip.nekudo.com/api' from origin 'http://localhost:4200' has been blocked by CORS policy: No 'Access-Control-Allow-Origin' header is present on the requested resource.
2022-05-25 12:20:51 ERROR    Failure: 116883329609946864055106810307069809545 : http://localhost:4200/ -> JSHandle@object
2022-05-25 12:20:51 ERROR    Failure: 262513326802567628094931167029883077585 : http://localhost:4200/new -> net::ERR_ABORTED
2022-05-25 12:20:54 ERROR    Failure: 223684313413012242652925975724179693671 : http://localhost:4200/ -> net::ERR_CONNECTION_REFUSED
2022-05-25 12:20:54 ERROR    Failure: 46822577063395887337747847899479931724 : http://localhost:4200/ -> Failed to load resource: net::ERR_CONNECTION_REFUSED
2022-05-25 12:20:58 ERROR    Failure: 204148924151735858044210481229518018319 : http://localhost:4200/ -> status code(400) -> 
2022-05-25 12:20:59 ERROR    Failure: 209036318680772634052885377060412114839 : http://localhost:4200/ -> Access to XMLHttpRequest at 'https://geoip.nekudo.com/api' from origin 'http://localhost:4200' has been blocked by CORS policy: No 'Access-Control-Allow-Origin' header is present on the requested resource.
2022-05-25 12:20:59 ERROR    Failure: 116883329609946864055106810307069809545 : http://localhost:4200/ -> JSHandle@object
2022-05-25 12:20:59 ERROR    Failure: 262513326802567628094931167029883077585 : http://localhost:4200/new -> net::ERR_ABORTED
2022-05-25 12:21:05 ERROR    Failure: 223684313413012242652925975724179693671 : http://localhost:4200/ -> net::ERR_CONNECTION_REFUSED
2022-05-25 12:21:05 ERROR    Failure: 46822577063395887337747847899479931724 : http://localhost:4200/ -> Failed to load resource: net::ERR_CONNECTION_REFUSED
2022-05-25 12:21:09 ERROR    Failure: 204148924151735858044210481229518018319 : http://localhost:4200/ -> status code(400) -> 
2022-05-25 12:21:09 ERROR    Failure: 209036318680772634052885377060412114839 : http://localhost:4200/ -> Access to XMLHttpRequest at 'https://geoip.nekudo.com/api' from origin 'http://localhost:4200' has been blocked by CORS policy: No 'Access-Control-Allow-Origin' header is present on the requested resource.
2022-05-25 12:21:09 ERROR    Failure: 116883329609946864055106810307069809545 : http://localhost:4200/ -> JSHandle@object
2022-05-25 12:21:09 ERROR    Failure: 262513326802567628094931167029883077585 : http://localhost:4200/new -> net::ERR_ABORTED
2022-05-25 12:21:12 ERROR    Failure: 223684313413012242652925975724179693671 : http://localhost:4200/ -> net::ERR_CONNECTION_REFUSED
2022-05-25 12:21:12 ERROR    Failure: 46822577063395887337747847899479931724 : http://localhost:4200/ -> Failed to load resource: net::ERR_CONNECTION_REFUSED
2022-05-25 12:21:17 ERROR    Failure: 204148924151735858044210481229518018319 : http://localhost:4200/ -> status code(400) -> 
2022-05-25 12:21:18 ERROR    Failure: 209036318680772634052885377060412114839 : http://localhost:4200/ -> Access to XMLHttpRequest at 'https://geoip.nekudo.com/api' from origin 'http://localhost:4200' has been blocked by CORS policy: No 'Access-Control-Allow-Origin' header is present on the requested resource.
2022-05-25 12:21:18 ERROR    Failure: 116883329609946864055106810307069809545 : http://localhost:4200/ -> JSHandle@object
2022-05-25 12:21:18 ERROR    Failure: 262513326802567628094931167029883077585 : http://localhost:4200/new -> net::ERR_ABORTED
2022-05-25 12:21:22 ERROR    Failure: 223684313413012242652925975724179693671 : http://localhost:4200/ -> net::ERR_CONNECTION_REFUSED
2022-05-25 12:21:22 ERROR    Failure: 46822577063395887337747847899479931724 : http://localhost:4200/ -> Failed to load resource: net::ERR_CONNECTION_REFUSED
2022-05-25 12:21:24 ERROR    Failure: 204148924151735858044210481229518018319 : http://localhost:4200/ -> status code(400) -> 
2022-05-25 12:21:24 ERROR    Failure: 209036318680772634052885377060412114839 : http://localhost:4200/ -> Access to XMLHttpRequest at 'https://geoip.nekudo.com/api' from origin 'http://localhost:4200' has been blocked by CORS policy: No 'Access-Control-Allow-Origin' header is present on the requested resource.
2022-05-25 12:21:24 ERROR    Failure: 116883329609946864055106810307069809545 : http://localhost:4200/ -> JSHandle@object
2022-05-25 12:21:24 ERROR    Failure: 262513326802567628094931167029883077585 : http://localhost:4200/new -> net::ERR_ABORTED
2022-05-25 12:21:32 ERROR    Failure: 223684313413012242652925975724179693671 : http://localhost:4200/ -> net::ERR_CONNECTION_REFUSED
2022-05-25 12:21:32 ERROR    Failure: 46822577063395887337747847899479931724 : http://localhost:4200/ -> Failed to load resource: net::ERR_CONNECTION_REFUSED
2022-05-25 12:21:33 ERROR    Failure: 204148924151735858044210481229518018319 : http://localhost:4200/ -> status code(400) -> 
2022-05-25 12:21:33 ERROR    Failure: 209036318680772634052885377060412114839 : http://localhost:4200/ -> Access to XMLHttpRequest at 'https://geoip.nekudo.com/api' from origin 'http://localhost:4200' has been blocked by CORS policy: No 'Access-Control-Allow-Origin' header is present on the requested resource.
2022-05-25 12:21:33 ERROR    Failure: 116883329609946864055106810307069809545 : http://localhost:4200/ -> JSHandle@object
2022-05-25 12:21:33 ERROR    Failure: 262513326802567628094931167029883077585 : http://localhost:4200/new -> net::ERR_ABORTED
2022-05-25 12:21:40 ERROR    Failure: 223684313413012242652925975724179693671 : http://localhost:4200/ -> net::ERR_CONNECTION_REFUSED
2022-05-25 12:21:40 ERROR    Failure: 46822577063395887337747847899479931724 : http://localhost:4200/ -> Failed to load resource: net::ERR_CONNECTION_REFUSED
2022-05-25 12:21:44 ERROR    Failure: 204148924151735858044210481229518018319 : http://localhost:4200/ -> status code(400) -> 
2022-05-25 12:21:44 ERROR    Failure: 209036318680772634052885377060412114839 : http://localhost:4200/ -> Access to XMLHttpRequest at 'https://geoip.nekudo.com/api' from origin 'http://localhost:4200' has been blocked by CORS policy: No 'Access-Control-Allow-Origin' header is present on the requested resource.
2022-05-25 12:21:44 ERROR    Failure: 116883329609946864055106810307069809545 : http://localhost:4200/ -> JSHandle@object
2022-05-25 12:21:44 ERROR    Failure: 262513326802567628094931167029883077585 : http://localhost:4200/new -> net::ERR_ABORTED
2022-05-25 12:21:50 ERROR    Failure: 223684313413012242652925975724179693671 : http://localhost:4200/ -> net::ERR_CONNECTION_REFUSED
2022-05-25 12:21:50 ERROR    Failure: 46822577063395887337747847899479931724 : http://localhost:4200/ -> Failed to load resource: net::ERR_CONNECTION_REFUSED
2022-05-25 12:21:55 ERROR    Failure: 204148924151735858044210481229518018319 : http://localhost:4200/ -> status code(400) -> 
2022-05-25 12:21:55 ERROR    Failure: 209036318680772634052885377060412114839 : http://localhost:4200/ -> Access to XMLHttpRequest at 'https://geoip.nekudo.com/api' from origin 'http://localhost:4200' has been blocked by CORS policy: No 'Access-Control-Allow-Origin' header is present on the requested resource.
2022-05-25 12:21:55 ERROR    Failure: 116883329609946864055106810307069809545 : http://localhost:4200/ -> JSHandle@object
2022-05-25 12:21:55 ERROR    Failure: 262513326802567628094931167029883077585 : http://localhost:4200/new -> net::ERR_ABORTED
2022-05-25 12:21:57 WARNING  Finished
2022-05-25 12:21:59 WARNING  (Failure Count, Coverage Percentage) : (6, 57.095231122791155)
2022-05-25 12:21:59 ERROR    223684313413012242652925975724179693671 : http://localhost:4200/ -> net::ERR_CONNECTION_REFUSED
2022-05-25 12:21:59 ERROR    46822577063395887337747847899479931724 : http://localhost:4200/ -> Failed to load resource: net::ERR_CONNECTION_REFUSED
2022-05-25 12:21:59 ERROR    204148924151735858044210481229518018319 : http://localhost:4200/ -> status code(400) -> 
2022-05-25 12:21:59 ERROR    209036318680772634052885377060412114839 : http://localhost:4200/ -> Access to XMLHttpRequest at 'https://geoip.nekudo.com/api' from origin 'http://localhost:4200' has been blocked by CORS policy: No 'Access-Control-Allow-Origin' header is present on the requested resource.
2022-05-25 12:21:59 ERROR    116883329609946864055106810307069809545 : http://localhost:4200/ -> JSHandle@object
2022-05-25 12:21:59 ERROR    262513326802567628094931167029883077585 : http://localhost:4200/new -> net::ERR_ABORTED
