49422149324400457114317816287120169614, None, 49422149324400457114317816287120169614, http://localhost:8080/petclinic/
49422149324400457114317816287120169614, None, 49422149324400457114317816287120169614, http://localhost:8080/petclinic/
49422149324400457114317816287120169614, 136016473633510729096693584557857715278 -> a [<span _ngcontent-rsi-c45="" aria-hidden="true" class="glyphicon glyphicon-th-list", 288837384050435833154613713335591823145, http://localhost:8080/petclinic/specialties
288837384050435833154613713335591823145, 303675221858762215192012905307045847481 -> button [' Add ']{}, 55816481273963282151793987307982267117, http://localhost:8080/petclinic/specialties
55816481273963282151793987307982267117, 77267061981187199553985977945671799765 -> form [<div _ngcontent-rsi-c131="" class="form-group" hidden="true", 209997748659149710374942994518037542364, http://localhost:8080/petclinic/specialties
209997748659149710374942994518037542364, 197462605655900379534797519188852400715 -> form [<div _ngcontent-rsi-c131="" class="form-group" hidden="true", 23070611681096224325828408058557080713, http://localhost:8080/petclinic/specialties
23070611681096224325828408058557080713, 175539530991800879594449004961932208641 -> button ['Delete']{}, 23070611681096224325828408058557080713, http://localhost:8080/petclinic/specialties
23070611681096224325828408058557080713, 72602955079352731327874698425826022808 -> button ['Edit']{}, 179951588632974048607534371015005384743, http://localhost:8080/petclinic/specialties
179951588632974048607534371015005384743, 322727944256342235516874286979542759554 -> form [<div _ngcontent-rsi-c133="" class="form-group" hidden="true", 95042809201192950769769333780267702577, http://localhost:8080/petclinic/specialties/2/edit
95042809201192950769769333780267702577, 188455654105747882951301783969302522553 -> form [<div _ngcontent-rsi-c133="" class="form-group" hidden="true", 95042809201192950769769333780267702577, http://localhost:8080/petclinic/specialties/2/edit
49422149324400457114317816287120169614, None, 49422149324400457114317816287120169614, http://localhost:8080/petclinic/
49422149324400457114317816287120169614, 162641375418154589145937620034388746144 -> a ['Veterinarians', <span _ngcontent-rvf-c45="" class="caret", 74849793808848032408097070206027864246, http://localhost:8080/petclinic/
74849793808848032408097070206027864246, 198876902481535165543291437025058094590 -> a [<span _ngcontent-rvf-c45="" aria-hidden="true" class="glyphicon glyphicon-plus", 226321264437896678066783544823465103778, http://localhost:8080/petclinic/vets/add
226321264437896678066783544823465103778, 216469375142807688483235317999349441626 -> option [' dentistry ']{'value': ': Object', 'ng-reflect-ng-value': '[object Object]'}, 226321264437896678066783544823465103778, http://localhost:8080/petclinic/vets/add
226321264437896678066783544823465103778, 88333486149756170018378636405506128213 -> form [<div _ngcontent-rvf-c129="" class="form-group" hidden="true", 235557940427700672109601708783865512465, http://localhost:8080/petclinic/vets/add
235557940427700672109601708783865512465, 142894574934436687533126103626535454193 -> form [<div _ngcontent-rvf-c129="" class="form-group" hidden="true", 51513408882529245424246001655845665969, http://localhost:8080/petclinic/vets/add
51513408882529245424246001655845665969, 275565052974667885493953371995339849768 -> form [<div _ngcontent-rvf-c129="" class="form-group" hidden="true", 51513408882529245424246001655845665969, http://localhost:8080/petclinic/vets/add
51513408882529245424246001655845665969, 275565052974667885493953371995339849768 -> form [<div _ngcontent-rvf-c129="" class="form-group" hidden="true", 51513408882529245424246001655845665969, http://localhost:8080/petclinic/vets/add
51513408882529245424246001655845665969, 275565052974667885493953371995339849768 -> form [<div _ngcontent-rvf-c129="" class="form-group" hidden="true", 8561479929341092112836486143829888856, http://localhost:8080/petclinic/vets/add
49422149324400457114317816287120169614, None, 49422149324400457114317816287120169614, http://localhost:8080/petclinic/
49422149324400457114317816287120169614, None, 49422149324400457114317816287120169614, http://localhost:8080/petclinic/
49422149324400457114317816287120169614, 185179385613366281656055146978129711939 -> a [<span _ngcontent-kod-c45="" aria-hidden="true" class="glyphicon glyphicon-th-list", 29471666746861938259470438044637749945, http://localhost:8080/petclinic/specialties
29471666746861938259470438044637749945, 175539530991800879594449004961932208641 -> button ['Delete']{}, 29471666746861938259470438044637749945, http://localhost:8080/petclinic/specialties
29471666746861938259470438044637749945, 72602955079352731327874698425826022808 -> button ['Edit']{}, 37944750358445581152875643133321287347, http://localhost:8080/petclinic/specialties
49422149324400457114317816287120169614, None, 49422149324400457114317816287120169614, http://localhost:8080/petclinic/
49422149324400457114317816287120169614, 223868224528022077665826215303438819639 -> a [<span _ngcontent-kcr-c45="" aria-hidden="true" class="glyphicon glyphicon-th-list", 29471666746861938259470438044637749945, http://localhost:8080/petclinic/specialties
29471666746861938259470438044637749945, 72602955079352731327874698425826022808 -> button ['Edit']{}, 211601455817496250339023833127095197741, http://localhost:8080/petclinic/specialties
211601455817496250339023833127095197741, 31789282043242228782753595272084589082 -> button ['Cancel']{}, 29471666746861938259470438044637749945, http://localhost:8080/petclinic/specialties
29471666746861938259470438044637749945, 72602955079352731327874698425826022808 -> button ['Edit']{}, 29471666746861938259470438044637749945, http://localhost:8080/petclinic/specialties
29471666746861938259470438044637749945, 227073930841214006130999723495268235883 -> input []{'type': 'text', 'name': 'spec_name', 'ng-reflect-name': 'spec_name', 'id': '', 'ng-reflect-model': 'radiology'}, 29471666746861938259470438044637749945, http://localhost:8080/petclinic/specialties
29471666746861938259470438044637749945, 288502514072986478099439261393286468799 -> input []{'type': 'text', 'name': 'spec_name', 'ng-reflect-name': 'spec_name', 'id': '', 'ng-reflect-model': 'dentistry'}, 29471666746861938259470438044637749945, http://localhost:8080/petclinic/specialties
29471666746861938259470438044637749945, 336358325722426994634434820588203306877 -> input []{'type': 'text', 'name': 'spec_name', 'ng-reflect-name': 'spec_name', 'id': '', 'ng-reflect-model': 'surgery'}, 29471666746861938259470438044637749945, http://localhost:8080/petclinic/specialties
29471666746861938259470438044637749945, 21445078288554389917817523524446938201 -> button ['Home']{}, 29471666746861938259470438044637749945, http://localhost:8080/petclinic/specialties
49422149324400457114317816287120169614, None, 49422149324400457114317816287120169614, http://localhost:8080/petclinic/
49422149324400457114317816287120169614, 166305246209513068525960360300755081753 -> a [<span _ngcontent-wwu-c45="" aria-hidden="true" class="glyphicon glyphicon-th-list", 217859354597832274890068174486427952950, http://localhost:8080/petclinic/pettypes
217859354597832274890068174486427952950, 21445078288554389917817523524446938201 -> button ['Home']{}, 108293023272059840788360475304945068641, http://localhost:8080/petclinic/pettypes
49422149324400457114317816287120169614, None, 49422149324400457114317816287120169614, http://localhost:8080/petclinic/
49422149324400457114317816287120169614, 174146805967179589282288785901392979163 -> a [<span _ngcontent-uvv-c45="" aria-hidden="true" class="glyphicon glyphicon-th-list", 103898584028224755625668785981770931252, http://localhost:8080/petclinic/pettypes
103898584028224755625668785981770931252, 72602955079352731327874698425826022808 -> button ['Edit']{}, 269225365266328881447698437930926561107, http://localhost:8080/petclinic/pettypes
269225365266328881447698437930926561107, 31789282043242228782753595272084589082 -> button ['Cancel']{}, 103898584028224755625668785981770931252, http://localhost:8080/petclinic/pettypes
103898584028224755625668785981770931252, 72602955079352731327874698425826022808 -> button ['Edit']{}, 103898584028224755625668785981770931252, http://localhost:8080/petclinic/pettypes
103898584028224755625668785981770931252, 303675221858762215192012905307045847481 -> button [' Add ']{}, 103898584028224755625668785981770931252, http://localhost:8080/petclinic/pettypes
103898584028224755625668785981770931252, 175539530991800879594449004961932208641 -> button ['Delete']{}, 103898584028224755625668785981770931252, http://localhost:8080/petclinic/pettypes
103898584028224755625668785981770931252, 21445078288554389917817523524446938201 -> button ['Home']{}, 103898584028224755625668785981770931252, http://localhost:8080/petclinic/pettypes
103898584028224755625668785981770931252, 68497563867896912786332020249922067129 -> input []{'type': 'text', 'name': 'pettype_name', 'ng-reflect-name': 'pettype_name', 'id': '', 'ng-reflect-model': 'hamster'}, 103898584028224755625668785981770931252, http://localhost:8080/petclinic/pettypes
49422149324400457114317816287120169614, None, 49422149324400457114317816287120169614, http://localhost:8080/petclinic/
49422149324400457114317816287120169614, 91489611909634319496934076923069072385 -> a [<span _ngcontent-nvv-c45="" aria-hidden="true" class="glyphicon glyphicon-th-list", 29471666746861938259470438044637749945, http://localhost:8080/petclinic/specialties
29471666746861938259470438044637749945, 303675221858762215192012905307045847481 -> button [' Add ']{}, 35742322003424371479105068301184530812, http://localhost:8080/petclinic/specialties
35742322003424371479105068301184530812, 169544007553883278857779385769983084078 -> form [<div _ngcontent-nvv-c131="" class="form-group" hidden="true", 23070611681096224325828408058557080713, http://localhost:8080/petclinic/specialties
23070611681096224325828408058557080713, 45654802546273249973827651570379631507 -> form [<div _ngcontent-nvv-c131="" class="form-group" hidden="true", 23070611681096224325828408058557080713, http://localhost:8080/petclinic/specialties
23070611681096224325828408058557080713, 45654802546273249973827651570379631507 -> form [<div _ngcontent-nvv-c131="" class="form-group" hidden="true", 186878816811282920559094049017676329765, http://localhost:8080/petclinic/specialties
186878816811282920559094049017676329765, 84771828833288550747473842046955330389 -> form [<div _ngcontent-nvv-c131="" class="form-group" hidden="true", 186878816811282920559094049017676329765, http://localhost:8080/petclinic/specialties
186878816811282920559094049017676329765, 84771828833288550747473842046955330389 -> form [<div _ngcontent-nvv-c131="" class="form-group" hidden="true", 186878816811282920559094049017676329765, http://localhost:8080/petclinic/specialties
186878816811282920559094049017676329765, 84771828833288550747473842046955330389 -> form [<div _ngcontent-nvv-c131="" class="form-group" hidden="true", 186878816811282920559094049017676329765, http://localhost:8080/petclinic/specialties
49422149324400457114317816287120169614, None, 49422149324400457114317816287120169614, http://localhost:8080/petclinic/
49422149324400457114317816287120169614, 265685544403211402177297760686327372887 -> a ['Owners', <span _ngcontent-frr-c45="" class="caret", 203789904488100118908646339278060037750, http://localhost:8080/petclinic/
203789904488100118908646339278060037750, 175832035861729600718540265040495780369 -> a [<span _ngcontent-frr-c45="" aria-hidden="true" class="glyphicon glyphicon-search", 192707741666091566240352799848887721267, http://localhost:8080/petclinic/owners
192707741666091566240352799848887721267, 60182736795482701825598327074566561768 -> form [<div _ngcontent-frr-c48="" class="form-group", 50510528304571639282439079046132990352, http://localhost:8080/petclinic/owners
50510528304571639282439079046132990352, 35780075375323700744953722110119041818 -> a ['Jeff Black']{'routerlinkactive': 'active', 'ng-reflect-router-link-active': 'active', 'ng-reflect-router-link': '/owners/', 'href': '/petclinic/owners/7'}, 255948596082738868307235326954188238611, http://localhost:8080/petclinic/owners/7
49422149324400457114317816287120169614, None, 49422149324400457114317816287120169614, http://localhost:8080/petclinic/
49422149324400457114317816287120169614, None, 49422149324400457114317816287120169614, http://localhost:8080/petclinic/
49422149324400457114317816287120169614, None, 49422149324400457114317816287120169614, http://localhost:8080/petclinic/
49422149324400457114317816287120169614, None, 49422149324400457114317816287120169614, http://localhost:8080/petclinic/
49422149324400457114317816287120169614, None, 49422149324400457114317816287120169614, http://localhost:8080/petclinic/
49422149324400457114317816287120169614, 288961732106084951910035721314628959472 -> a [<span _ngcontent-htm-c45="" aria-hidden="true" class="glyphicon glyphicon-th-list", 29471666746861938259470438044637749945, http://localhost:8080/petclinic/specialties
29471666746861938259470438044637749945, 303675221858762215192012905307045847481 -> button [' Add ']{}, 35742322003424371479105068301184530812, http://localhost:8080/petclinic/specialties
35742322003424371479105068301184530812, 51323415425021231970375410621569284909 -> form [<div _ngcontent-htm-c131="" class="form-group" hidden="true", 23070611681096224325828408058557080713, http://localhost:8080/petclinic/specialties
23070611681096224325828408058557080713, 149332402025425320548169877982137133374 -> form [<div _ngcontent-htm-c131="" class="form-group" hidden="true", 23070611681096224325828408058557080713, http://localhost:8080/petclinic/specialties
23070611681096224325828408058557080713, 149332402025425320548169877982137133374 -> form [<div _ngcontent-htm-c131="" class="form-group" hidden="true", 186878816811282920559094049017676329765, http://localhost:8080/petclinic/specialties
186878816811282920559094049017676329765, 50283518721909103286946745711645880428 -> form [<div _ngcontent-htm-c131="" class="form-group" hidden="true", 186878816811282920559094049017676329765, http://localhost:8080/petclinic/specialties
186878816811282920559094049017676329765, 50283518721909103286946745711645880428 -> form [<div _ngcontent-htm-c131="" class="form-group" hidden="true", 186878816811282920559094049017676329765, http://localhost:8080/petclinic/specialties
186878816811282920559094049017676329765, 50283518721909103286946745711645880428 -> form [<div _ngcontent-htm-c131="" class="form-group" hidden="true", 186878816811282920559094049017676329765, http://localhost:8080/petclinic/specialties
49422149324400457114317816287120169614, None, 49422149324400457114317816287120169614, http://localhost:8080/petclinic/
49422149324400457114317816287120169614, 216049022059543012839056709034015068223 -> a ['Veterinarians', <span _ngcontent-tui-c45="" class="caret", 74849793808848032408097070206027864246, http://localhost:8080/petclinic/
74849793808848032408097070206027864246, 80900375216759578264030983995353330269 -> a ['Veterinarians', <span _ngcontent-tui-c45="" class="caret", 49422149324400457114317816287120169614, http://localhost:8080/petclinic/
49422149324400457114317816287120169614, 216049022059543012839056709034015068223 -> a ['Veterinarians', <span _ngcontent-tui-c45="" class="caret", 74849793808848032408097070206027864246, http://localhost:8080/petclinic/
74849793808848032408097070206027864246, 326794070710381606087628225998476357768 -> a [<span _ngcontent-tui-c45="" aria-hidden="true" class="glyphicon glyphicon-search", 120962431678690102558501945372758632054, http://localhost:8080/petclinic/vets
120962431678690102558501945372758632054, 156541344850502344101188167639879920108 -> button ['Add Vet']{}, 276139206715468410231977343122131958458, http://localhost:8080/petclinic/vets
49422149324400457114317816287120169614, None, 49422149324400457114317816287120169614, http://localhost:8080/petclinic/
49422149324400457114317816287120169614, None, 49422149324400457114317816287120169614, http://localhost:8080/petclinic/
49422149324400457114317816287120169614, 306365991574900372786024584371578606573 -> a ['Owners', <span _ngcontent-dno-c45="" class="caret", 203789904488100118908646339278060037750, http://localhost:8080/petclinic/
203789904488100118908646339278060037750, 156257215960616082848476853591925687308 -> a ['Owners', <span _ngcontent-dno-c45="" class="caret", 49422149324400457114317816287120169614, http://localhost:8080/petclinic/
49422149324400457114317816287120169614, 306365991574900372786024584371578606573 -> a ['Owners', <span _ngcontent-dno-c45="" class="caret", 203789904488100118908646339278060037750, http://localhost:8080/petclinic/
203789904488100118908646339278060037750, 12367672833678830098384483543212702886 -> a [<span _ngcontent-dno-c45="" aria-hidden="true" class="glyphicon glyphicon-plus", 282167456026102075406891693572033620368, http://localhost:8080/petclinic/owners/add
282167456026102075406891693572033620368, 121217641283604355853516383570550398651 -> button ['Back']{'type': 'button'}, 198349928341156416954726297591028442855, http://localhost:8080/petclinic/owners/add
198349928341156416954726297591028442855, 265547583032283526797908732452341677396 -> form [<div _ngcontent-dno-c48="" class="form-group", 50510528304571639282439079046132990352, http://localhost:8080/petclinic/owners
50510528304571639282439079046132990352, 152486874676988500727561874402843556367 -> form [<div _ngcontent-dno-c48="" class="form-group", 50510528304571639282439079046132990352, http://localhost:8080/petclinic/owners
50510528304571639282439079046132990352, 152486874676988500727561874402843556367 -> form [<div _ngcontent-dno-c48="" class="form-group", 50510528304571639282439079046132990352, http://localhost:8080/petclinic/owners
49422149324400457114317816287120169614, None, 49422149324400457114317816287120169614, http://localhost:8080/petclinic/
49422149324400457114317816287120169614, 235195198625921184261081681415982077770 -> a [<span _ngcontent-mag-c45="" aria-hidden="true" class="glyphicon glyphicon-th-list", 29471666746861938259470438044637749945, http://localhost:8080/petclinic/specialties
29471666746861938259470438044637749945, 303675221858762215192012905307045847481 -> button [' Add ']{}, 35742322003424371479105068301184530812, http://localhost:8080/petclinic/specialties
35742322003424371479105068301184530812, 145467649927665784391449637214362144934 -> form [<div _ngcontent-mag-c131="" class="form-group" hidden="true", 23070611681096224325828408058557080713, http://localhost:8080/petclinic/specialties
23070611681096224325828408058557080713, 223277978610822773032099299985331809605 -> form [<div _ngcontent-mag-c131="" class="form-group" hidden="true", 23070611681096224325828408058557080713, http://localhost:8080/petclinic/specialties
23070611681096224325828408058557080713, 223277978610822773032099299985331809605 -> form [<div _ngcontent-mag-c131="" class="form-group" hidden="true", 23070611681096224325828408058557080713, http://localhost:8080/petclinic/specialties
23070611681096224325828408058557080713, 223277978610822773032099299985331809605 -> form [<div _ngcontent-mag-c131="" class="form-group" hidden="true", 186878816811282920559094049017676329765, http://localhost:8080/petclinic/specialties
186878816811282920559094049017676329765, 74124828083320354680356797140276349567 -> form [<div _ngcontent-mag-c131="" class="form-group" hidden="true", 186878816811282920559094049017676329765, http://localhost:8080/petclinic/specialties
186878816811282920559094049017676329765, 74124828083320354680356797140276349567 -> form [<div _ngcontent-mag-c131="" class="form-group" hidden="true", 186878816811282920559094049017676329765, http://localhost:8080/petclinic/specialties
49422149324400457114317816287120169614, None, 49422149324400457114317816287120169614, http://localhost:8080/petclinic/
49422149324400457114317816287120169614, None, 49422149324400457114317816287120169614, http://localhost:8080/petclinic/
49422149324400457114317816287120169614, None, 49422149324400457114317816287120169614, http://localhost:8080/petclinic/
49422149324400457114317816287120169614, 251314060990642326660796915011251148642 -> a [<span _ngcontent-oei-c45="" aria-hidden="true" class="glyphicon glyphicon-th-list", 103898584028224755625668785981770931252, http://localhost:8080/petclinic/pettypes
103898584028224755625668785981770931252, 127503571107746165653796346320498179471 -> input []{'type': 'text', 'name': 'pettype_name', 'ng-reflect-name': 'pettype_name', 'id': '', 'ng-reflect-model': 'lizard'}, 103898584028224755625668785981770931252, http://localhost:8080/petclinic/pettypes
49422149324400457114317816287120169614, None, 49422149324400457114317816287120169614, http://localhost:8080/petclinic/
49422149324400457114317816287120169614, None, 49422149324400457114317816287120169614, http://localhost:8080/petclinic/
49422149324400457114317816287120169614, None, 49422149324400457114317816287120169614, http://localhost:8080/petclinic/
49422149324400457114317816287120169614, 164694208925122447443526594566590953674 -> a [<span _ngcontent-bgl-c45="" aria-hidden="true" class="glyphicon glyphicon-th-list", 29471666746861938259470438044637749945, http://localhost:8080/petclinic/specialties
29471666746861938259470438044637749945, 303675221858762215192012905307045847481 -> button [' Add ']{}, 35742322003424371479105068301184530812, http://localhost:8080/petclinic/specialties
35742322003424371479105068301184530812, 284776519540358944464325640774610933425 -> form [<div _ngcontent-bgl-c131="" class="form-group" hidden="true", 23070611681096224325828408058557080713, http://localhost:8080/petclinic/specialties
23070611681096224325828408058557080713, 273303950488152155915921165492810052046 -> form [<div _ngcontent-bgl-c131="" class="form-group" hidden="true", 23070611681096224325828408058557080713, http://localhost:8080/petclinic/specialties
23070611681096224325828408058557080713, 273303950488152155915921165492810052046 -> form [<div _ngcontent-bgl-c131="" class="form-group" hidden="true", 23070611681096224325828408058557080713, http://localhost:8080/petclinic/specialties
23070611681096224325828408058557080713, 273303950488152155915921165492810052046 -> form [<div _ngcontent-bgl-c131="" class="form-group" hidden="true", 186878816811282920559094049017676329765, http://localhost:8080/petclinic/specialties
186878816811282920559094049017676329765, 2241764375398150140300955894866957359 -> form [<div _ngcontent-bgl-c131="" class="form-group" hidden="true", 186878816811282920559094049017676329765, http://localhost:8080/petclinic/specialties
186878816811282920559094049017676329765, 2241764375398150140300955894866957359 -> form [<div _ngcontent-bgl-c131="" class="form-group" hidden="true", 186878816811282920559094049017676329765, http://localhost:8080/petclinic/specialties
49422149324400457114317816287120169614, None, 49422149324400457114317816287120169614, http://localhost:8080/petclinic/
49422149324400457114317816287120169614, 99225410664562098317454828826850116928 -> a [<span _ngcontent-wbl-c45="" aria-hidden="true" class="glyphicon glyphicon-th-list", 103898584028224755625668785981770931252, http://localhost:8080/petclinic/pettypes
103898584028224755625668785981770931252, 296597438918870382236492833317664848505 -> input []{'type': 'text', 'name': 'pettype_name', 'ng-reflect-name': 'pettype_name', 'id': '', 'ng-reflect-model': 'cat'}, 103898584028224755625668785981770931252, http://localhost:8080/petclinic/pettypes
49422149324400457114317816287120169614, None, 49422149324400457114317816287120169614, http://localhost:8080/petclinic/
49422149324400457114317816287120169614, 74548009891247839216578193906412477656 -> a [<span _ngcontent-rsw-c45="" aria-hidden="true" class="glyphicon glyphicon-th-list", 103898584028224755625668785981770931252, http://localhost:8080/petclinic/pettypes
103898584028224755625668785981770931252, 127503571107746165653796346320498179471 -> input []{'type': 'text', 'name': 'pettype_name', 'ng-reflect-name': 'pettype_name', 'id': '', 'ng-reflect-model': 'lizard'}, 103898584028224755625668785981770931252, http://localhost:8080/petclinic/pettypes
49422149324400457114317816287120169614, None, 49422149324400457114317816287120169614, http://localhost:8080/petclinic/
49422149324400457114317816287120169614, 179989531357872993999129021726172729899 -> a ['Veterinarians', <span _ngcontent-lvc-c45="" class="caret", 74849793808848032408097070206027864246, http://localhost:8080/petclinic/
74849793808848032408097070206027864246, 306770649657945829735415023767202968305 -> a [<span _ngcontent-lvc-c45="" aria-hidden="true" class="glyphicon glyphicon-plus", 226321264437896678066783544823465103778, http://localhost:8080/petclinic/vets/add
226321264437896678066783544823465103778, 339511681930843713700164638301146448888 -> form [<div _ngcontent-lvc-c129="" class="form-group" hidden="true", 235557940427700672109601708783865512465, http://localhost:8080/petclinic/vets/add
235557940427700672109601708783865512465, 292183845994279716871266513481300385140 -> form [<div _ngcontent-lvc-c129="" class="form-group" hidden="true", 51513408882529245424246001655845665969, http://localhost:8080/petclinic/vets/add
51513408882529245424246001655845665969, 114197759259740044987304332898835471663 -> form [<div _ngcontent-lvc-c129="" class="form-group" hidden="true", 51513408882529245424246001655845665969, http://localhost:8080/petclinic/vets/add
51513408882529245424246001655845665969, 114197759259740044987304332898835471663 -> form [<div _ngcontent-lvc-c129="" class="form-group" hidden="true", 51513408882529245424246001655845665969, http://localhost:8080/petclinic/vets/add
51513408882529245424246001655845665969, 114197759259740044987304332898835471663 -> form [<div _ngcontent-lvc-c129="" class="form-group" hidden="true", 189812146566956919627005882449756496114, http://localhost:8080/petclinic/vets/add
189812146566956919627005882449756496114, 130797888183575424173311318897051132736 -> form [<div _ngcontent-lvc-c129="" class="form-group" hidden="true", 120962431678690102558501945372758632054, http://localhost:8080/petclinic/vets
49422149324400457114317816287120169614, None, 49422149324400457114317816287120169614, http://localhost:8080/petclinic/
49422149324400457114317816287120169614, 186803930733468524442902588021571971734 -> a ['Veterinarians', <span _ngcontent-hji-c45="" class="caret", 74849793808848032408097070206027864246, http://localhost:8080/petclinic/
74849793808848032408097070206027864246, 291136336051121237163180033705489721925 -> a [<span _ngcontent-hji-c45="" aria-hidden="true" class="glyphicon glyphicon-plus", 226321264437896678066783544823465103778, http://localhost:8080/petclinic/vets/add
226321264437896678066783544823465103778, 52635085087626117098303441262591580134 -> form [<div _ngcontent-hji-c129="" class="form-group" hidden="true", 33209804406029569798485091707109282557, http://localhost:8080/petclinic/vets/add
33209804406029569798485091707109282557, 112741873461747152109592218234331618706 -> form [<div _ngcontent-hji-c129="" class="form-group" hidden="true", 51513408882529245424246001655845665969, http://localhost:8080/petclinic/vets/add
51513408882529245424246001655845665969, 216316435209460969398618206823175657539 -> form [<div _ngcontent-hji-c129="" class="form-group" hidden="true", 51513408882529245424246001655845665969, http://localhost:8080/petclinic/vets/add
51513408882529245424246001655845665969, 216316435209460969398618206823175657539 -> form [<div _ngcontent-hji-c129="" class="form-group" hidden="true", 96547406169791328528948758824861590432, http://localhost:8080/petclinic/vets/add
96547406169791328528948758824861590432, 221218504369843142672600472747075405790 -> form [<div _ngcontent-hji-c129="" class="form-group" hidden="true", 141110113670359811155698933939676160352, http://localhost:8080/petclinic/vets/add
141110113670359811155698933939676160352, 197005297478700345541154315951322572432 -> form [<div _ngcontent-hji-c129="" class="form-group" hidden="true", 141110113670359811155698933939676160352, http://localhost:8080/petclinic/vets/add
49422149324400457114317816287120169614, None, 49422149324400457114317816287120169614, http://localhost:8080/petclinic/
49422149324400457114317816287120169614, None, 49422149324400457114317816287120169614, http://localhost:8080/petclinic/
49422149324400457114317816287120169614, 12670987265736643011503577606736908090 -> a ['Owners', <span _ngcontent-ffg-c45="" class="caret", 203789904488100118908646339278060037750, http://localhost:8080/petclinic/
203789904488100118908646339278060037750, 97642040684544106595074925162681373457 -> a ['Owners', <span _ngcontent-ffg-c45="" class="caret", 49422149324400457114317816287120169614, http://localhost:8080/petclinic/
49422149324400457114317816287120169614, 12670987265736643011503577606736908090 -> a ['Owners', <span _ngcontent-ffg-c45="" class="caret", 203789904488100118908646339278060037750, http://localhost:8080/petclinic/
203789904488100118908646339278060037750, 337512530251337865945055502327250821532 -> a [<span _ngcontent-ffg-c45="" aria-hidden="true" class="glyphicon glyphicon-plus", 282167456026102075406891693572033620368, http://localhost:8080/petclinic/owners/add
282167456026102075406891693572033620368, 121217641283604355853516383570550398651 -> button ['Back']{'type': 'button'}, 198349928341156416954726297591028442855, http://localhost:8080/petclinic/owners/add
198349928341156416954726297591028442855, 239132608740908067222555143211117000106 -> form [<div _ngcontent-ffg-c48="" class="form-group", 50510528304571639282439079046132990352, http://localhost:8080/petclinic/owners
50510528304571639282439079046132990352, 35780075375323700744953722110119041818 -> a ['Jeff Black']{'routerlinkactive': 'active', 'ng-reflect-router-link-active': 'active', 'ng-reflect-router-link': '/owners/', 'href': '/petclinic/owners/7'}, 11407046921895845572474737091681013969, http://localhost:8080/petclinic/owners/7
11407046921895845572474737091681013969, 203300616001271301991890314801009421604 -> button ['Delete Pet']{}, 11407046921895845572474737091681013969, http://localhost:8080/petclinic/owners/7
49422149324400457114317816287120169614, None, 49422149324400457114317816287120169614, http://localhost:8080/petclinic/
49422149324400457114317816287120169614, 274890597410439578722913603400335915466 -> a [<span _ngcontent-uvw-c45="" aria-hidden="true" class="glyphicon glyphicon-th-list", 29471666746861938259470438044637749945, http://localhost:8080/petclinic/specialties
29471666746861938259470438044637749945, 303675221858762215192012905307045847481 -> button [' Add ']{}, 35742322003424371479105068301184530812, http://localhost:8080/petclinic/specialties
35742322003424371479105068301184530812, 38208274337556565283839011993286786673 -> form [<div _ngcontent-uvw-c131="" class="form-group" hidden="true", 23070611681096224325828408058557080713, http://localhost:8080/petclinic/specialties
23070611681096224325828408058557080713, 155876952072620663810718321255657280766 -> form [<div _ngcontent-uvw-c131="" class="form-group" hidden="true", 23070611681096224325828408058557080713, http://localhost:8080/petclinic/specialties
23070611681096224325828408058557080713, 155876952072620663810718321255657280766 -> form [<div _ngcontent-uvw-c131="" class="form-group" hidden="true", 23070611681096224325828408058557080713, http://localhost:8080/petclinic/specialties
23070611681096224325828408058557080713, 155876952072620663810718321255657280766 -> form [<div _ngcontent-uvw-c131="" class="form-group" hidden="true", 186878816811282920559094049017676329765, http://localhost:8080/petclinic/specialties
186878816811282920559094049017676329765, 237438654541802902209930369713241118041 -> form [<div _ngcontent-uvw-c131="" class="form-group" hidden="true", 186878816811282920559094049017676329765, http://localhost:8080/petclinic/specialties
186878816811282920559094049017676329765, 237438654541802902209930369713241118041 -> form [<div _ngcontent-uvw-c131="" class="form-group" hidden="true", 186878816811282920559094049017676329765, http://localhost:8080/petclinic/specialties
49422149324400457114317816287120169614, None, 49422149324400457114317816287120169614, http://localhost:8080/petclinic/
49422149324400457114317816287120169614, 121734577600439739405435096113894702648 -> a [<span _ngcontent-rwb-c45="" aria-hidden="true" class="glyphicon glyphicon-th-list", 103898584028224755625668785981770931252, http://localhost:8080/petclinic/pettypes
103898584028224755625668785981770931252, 72602955079352731327874698425826022808 -> button ['Edit']{}, 224457675558939545300238537088283926162, http://localhost:8080/petclinic/pettypes/6/edit
224457675558939545300238537088283926162, 31789282043242228782753595272084589082 -> button ['Cancel']{}, 103898584028224755625668785981770931252, http://localhost:8080/petclinic/pettypes
103898584028224755625668785981770931252, 72602955079352731327874698425826022808 -> button ['Edit']{}, 103898584028224755625668785981770931252, http://localhost:8080/petclinic/pettypes
103898584028224755625668785981770931252, 72602955079352731327874698425826022808 -> button ['Edit']{}, 103898584028224755625668785981770931252, http://localhost:8080/petclinic/pettypes
103898584028224755625668785981770931252, 175539530991800879594449004961932208641 -> button ['Delete']{}, 103898584028224755625668785981770931252, http://localhost:8080/petclinic/pettypes
103898584028224755625668785981770931252, 72602955079352731327874698425826022808 -> button ['Edit']{}, 103898584028224755625668785981770931252, http://localhost:8080/petclinic/pettypes
103898584028224755625668785981770931252, 271914958417248026839750307164827811225 -> input []{'type': 'text', 'name': 'pettype_name', 'ng-reflect-name': 'pettype_name', 'id': '', 'ng-reflect-model': 'bird'}, 103898584028224755625668785981770931252, http://localhost:8080/petclinic/pettypes
49422149324400457114317816287120169614, None, 49422149324400457114317816287120169614, http://localhost:8080/petclinic/
49422149324400457114317816287120169614, 336971197139662827377380397957241963673 -> a ['Owners', <span _ngcontent-rtv-c45="" class="caret", 203789904488100118908646339278060037750, http://localhost:8080/petclinic/
203789904488100118908646339278060037750, 211413350777407687348451009459250883483 -> a [<span _ngcontent-rtv-c45="" aria-hidden="true" class="glyphicon glyphicon-plus", 282167456026102075406891693572033620368, http://localhost:8080/petclinic/owners/add
282167456026102075406891693572033620368, 121217641283604355853516383570550398651 -> button ['Back']{'type': 'button'}, 198349928341156416954726297591028442855, http://localhost:8080/petclinic/owners/add
198349928341156416954726297591028442855, 230331864750983782392773358842575466837 -> form [<div _ngcontent-rtv-c48="" class="form-group", 331829975428781732044158888288791432764, http://localhost:8080/petclinic/owners
331829975428781732044158888288791432764, 57347069894500735470919210862574686889 -> a ['Betty Davis']{'routerlinkactive': 'active', 'ng-reflect-router-link-active': 'active', 'ng-reflect-router-link': '/owners/', 'href': '/petclinic/owners/2'}, 281381444421519992723933009158832286313, http://localhost:8080/petclinic/owners/2
281381444421519992723933009158832286313, 187151684874937294720766962182775302606 -> button ['Add New Pet']{}, 271201120804334670181548708639487391193, http://localhost:8080/petclinic/owners/2
271201120804334670181548708639487391193, 335739062657637730433114041496186179976 -> form [<div _ngcontent-rtv-c118="" class="form-group" hidden="true", 30689009538567312790530409208392238644, http://localhost:8080/petclinic/owners/2/pets/add
30689009538567312790530409208392238644, 131764388270067102216996517277109871312 -> form [<div _ngcontent-rtv-c118="" class="form-group" hidden="true", 246005474547509304084407027804519890357, http://localhost:8080/petclinic/owners/2/pets/add
49422149324400457114317816287120169614, None, 49422149324400457114317816287120169614, http://localhost:8080/petclinic/
49422149324400457114317816287120169614, 160973012481743799171272108335081419167 -> a [<span _ngcontent-ukn-c45="" aria-hidden="true" class="glyphicon glyphicon-th-list", 29471666746861938259470438044637749945, http://localhost:8080/petclinic/specialties
29471666746861938259470438044637749945, 303675221858762215192012905307045847481 -> button [' Add ']{}, 35742322003424371479105068301184530812, http://localhost:8080/petclinic/specialties
35742322003424371479105068301184530812, 280536322125243924831860907326710462009 -> form [<div _ngcontent-ukn-c131="" class="form-group" hidden="true", 23070611681096224325828408058557080713, http://localhost:8080/petclinic/specialties
23070611681096224325828408058557080713, 239528027115669469295349959531942039492 -> form [<div _ngcontent-ukn-c131="" class="form-group" hidden="true", 23070611681096224325828408058557080713, http://localhost:8080/petclinic/specialties
23070611681096224325828408058557080713, 239528027115669469295349959531942039492 -> form [<div _ngcontent-ukn-c131="" class="form-group" hidden="true", 186878816811282920559094049017676329765, http://localhost:8080/petclinic/specialties
186878816811282920559094049017676329765, 10487279104703105368936012184862588345 -> form [<div _ngcontent-ukn-c131="" class="form-group" hidden="true", 186878816811282920559094049017676329765, http://localhost:8080/petclinic/specialties
186878816811282920559094049017676329765, 10487279104703105368936012184862588345 -> form [<div _ngcontent-ukn-c131="" class="form-group" hidden="true", 186878816811282920559094049017676329765, http://localhost:8080/petclinic/specialties
186878816811282920559094049017676329765, 10487279104703105368936012184862588345 -> form [<div _ngcontent-ukn-c131="" class="form-group" hidden="true", 186878816811282920559094049017676329765, http://localhost:8080/petclinic/specialties
49422149324400457114317816287120169614, None, 49422149324400457114317816287120169614, http://localhost:8080/petclinic/
49422149324400457114317816287120169614, 56388823955446545376333919116011433730 -> a [<span _ngcontent-gln-c45="" aria-hidden="true" class="glyphicon glyphicon-th-list", 29471666746861938259470438044637749945, http://localhost:8080/petclinic/specialties
29471666746861938259470438044637749945, 303675221858762215192012905307045847481 -> button [' Add ']{}, 35742322003424371479105068301184530812, http://localhost:8080/petclinic/specialties
35742322003424371479105068301184530812, 233168650866622728604768104987306712646 -> form [<div _ngcontent-gln-c131="" class="form-group" hidden="true", 23070611681096224325828408058557080713, http://localhost:8080/petclinic/specialties
23070611681096224325828408058557080713, 319485187680387289912921319212284255238 -> form [<div _ngcontent-gln-c131="" class="form-group" hidden="true", 23070611681096224325828408058557080713, http://localhost:8080/petclinic/specialties
23070611681096224325828408058557080713, 319485187680387289912921319212284255238 -> form [<div _ngcontent-gln-c131="" class="form-group" hidden="true", 23070611681096224325828408058557080713, http://localhost:8080/petclinic/specialties
23070611681096224325828408058557080713, 319485187680387289912921319212284255238 -> form [<div _ngcontent-gln-c131="" class="form-group" hidden="true", 186878816811282920559094049017676329765, http://localhost:8080/petclinic/specialties
186878816811282920559094049017676329765, 247536454595262760428630750956194368170 -> form [<div _ngcontent-gln-c131="" class="form-group" hidden="true", 186878816811282920559094049017676329765, http://localhost:8080/petclinic/specialties
186878816811282920559094049017676329765, 247536454595262760428630750956194368170 -> form [<div _ngcontent-gln-c131="" class="form-group" hidden="true", 186878816811282920559094049017676329765, http://localhost:8080/petclinic/specialties
49422149324400457114317816287120169614, None, 49422149324400457114317816287120169614, http://localhost:8080/petclinic/
49422149324400457114317816287120169614, 117139577296236066032255766872846465507 -> a [<span _ngcontent-dnj-c45="" aria-hidden="true" class="glyphicon glyphicon-th-list", 29471666746861938259470438044637749945, http://localhost:8080/petclinic/specialties
29471666746861938259470438044637749945, 303675221858762215192012905307045847481 -> button [' Add ']{}, 35742322003424371479105068301184530812, http://localhost:8080/petclinic/specialties
35742322003424371479105068301184530812, 195190802726633471096501712840725887448 -> form [<div _ngcontent-dnj-c131="" class="form-group" hidden="true", 23070611681096224325828408058557080713, http://localhost:8080/petclinic/specialties
23070611681096224325828408058557080713, 245026212136393328515462764220958945339 -> form [<div _ngcontent-dnj-c131="" class="form-group" hidden="true", 23070611681096224325828408058557080713, http://localhost:8080/petclinic/specialties
23070611681096224325828408058557080713, 245026212136393328515462764220958945339 -> form [<div _ngcontent-dnj-c131="" class="form-group" hidden="true", 186878816811282920559094049017676329765, http://localhost:8080/petclinic/specialties
186878816811282920559094049017676329765, 332761141458490474302646672960826311109 -> form [<div _ngcontent-dnj-c131="" class="form-group" hidden="true", 186878816811282920559094049017676329765, http://localhost:8080/petclinic/specialties
186878816811282920559094049017676329765, 332761141458490474302646672960826311109 -> form [<div _ngcontent-dnj-c131="" class="form-group" hidden="true", 186878816811282920559094049017676329765, http://localhost:8080/petclinic/specialties
186878816811282920559094049017676329765, 332761141458490474302646672960826311109 -> form [<div _ngcontent-dnj-c131="" class="form-group" hidden="true", 186878816811282920559094049017676329765, http://localhost:8080/petclinic/specialties
49422149324400457114317816287120169614, None, 49422149324400457114317816287120169614, http://localhost:8080/petclinic/
49422149324400457114317816287120169614, 42701211629372152828205077894956481805 -> a ['Owners', <span _ngcontent-lxf-c45="" class="caret", 203789904488100118908646339278060037750, http://localhost:8080/petclinic/
203789904488100118908646339278060037750, 209731594836585271562204885478545030080 -> a ['Owners', <span _ngcontent-lxf-c45="" class="caret", 49422149324400457114317816287120169614, http://localhost:8080/petclinic/
49422149324400457114317816287120169614, 42701211629372152828205077894956481805 -> a ['Owners', <span _ngcontent-lxf-c45="" class="caret", 203789904488100118908646339278060037750, http://localhost:8080/petclinic/
203789904488100118908646339278060037750, 45164689297922022317179468672268087150 -> a [<span _ngcontent-lxf-c45="" aria-hidden="true" class="glyphicon glyphicon-plus", 282167456026102075406891693572033620368, http://localhost:8080/petclinic/owners/add
282167456026102075406891693572033620368, 121217641283604355853516383570550398651 -> button ['Back']{'type': 'button'}, 198349928341156416954726297591028442855, http://localhost:8080/petclinic/owners/add
198349928341156416954726297591028442855, 55352384336088440454276691580121036054 -> form [<div _ngcontent-lxf-c48="" class="form-group", 331829975428781732044158888288791432764, http://localhost:8080/petclinic/owners
331829975428781732044158888288791432764, 57347069894500735470919210862574686889 -> a ['Betty Davis']{'routerlinkactive': 'active', 'ng-reflect-router-link-active': 'active', 'ng-reflect-router-link': '/owners/', 'href': '/petclinic/owners/2'}, 63351326155065446510380366801956965404, http://localhost:8080/petclinic/owners/2
63351326155065446510380366801956965404, 146682514107089801754580002144888621406 -> button ['Add Visit']{}, 336059282188512324257438681958143678084, http://localhost:8080/petclinic/pets/2/visits/add
49422149324400457114317816287120169614, None, 49422149324400457114317816287120169614, http://localhost:8080/petclinic/
49422149324400457114317816287120169614, None, 49422149324400457114317816287120169614, http://localhost:8080/petclinic/
49422149324400457114317816287120169614, 97161380428491898879141570326253572271 -> a [<span _ngcontent-cco-c45="" aria-hidden="true" class="glyphicon glyphicon-th-list", 29471666746861938259470438044637749945, http://localhost:8080/petclinic/specialties
29471666746861938259470438044637749945, 303675221858762215192012905307045847481 -> button [' Add ']{}, 35742322003424371479105068301184530812, http://localhost:8080/petclinic/specialties
35742322003424371479105068301184530812, 3609646483057602531683186288533018183 -> form [<div _ngcontent-cco-c131="" class="form-group" hidden="true", 23070611681096224325828408058557080713, http://localhost:8080/petclinic/specialties
23070611681096224325828408058557080713, 181033598883315354796904864715345907271 -> form [<div _ngcontent-cco-c131="" class="form-group" hidden="true", 23070611681096224325828408058557080713, http://localhost:8080/petclinic/specialties
23070611681096224325828408058557080713, 181033598883315354796904864715345907271 -> form [<div _ngcontent-cco-c131="" class="form-group" hidden="true", 23070611681096224325828408058557080713, http://localhost:8080/petclinic/specialties
23070611681096224325828408058557080713, 181033598883315354796904864715345907271 -> form [<div _ngcontent-cco-c131="" class="form-group" hidden="true", 186878816811282920559094049017676329765, http://localhost:8080/petclinic/specialties
186878816811282920559094049017676329765, 193612883517823238523224202166754636928 -> form [<div _ngcontent-cco-c131="" class="form-group" hidden="true", 186878816811282920559094049017676329765, http://localhost:8080/petclinic/specialties
186878816811282920559094049017676329765, 193612883517823238523224202166754636928 -> form [<div _ngcontent-cco-c131="" class="form-group" hidden="true", 186878816811282920559094049017676329765, http://localhost:8080/petclinic/specialties
49422149324400457114317816287120169614, None, 49422149324400457114317816287120169614, http://localhost:8080/petclinic/
49422149324400457114317816287120169614, 269299994112999193356127592994953000546 -> a [<span _ngcontent-ysj-c45="" aria-hidden="true" class="glyphicon glyphicon-th-list", 29471666746861938259470438044637749945, http://localhost:8080/petclinic/specialties
29471666746861938259470438044637749945, 303675221858762215192012905307045847481 -> button [' Add ']{}, 35742322003424371479105068301184530812, http://localhost:8080/petclinic/specialties
35742322003424371479105068301184530812, 223354033151470009614906346382795677403 -> form [<div _ngcontent-ysj-c131="" class="form-group" hidden="true", 23070611681096224325828408058557080713, http://localhost:8080/petclinic/specialties
23070611681096224325828408058557080713, 337129559287512350053859986238748760779 -> form [<div _ngcontent-ysj-c131="" class="form-group" hidden="true", 23070611681096224325828408058557080713, http://localhost:8080/petclinic/specialties
23070611681096224325828408058557080713, 337129559287512350053859986238748760779 -> form [<div _ngcontent-ysj-c131="" class="form-group" hidden="true", 23070611681096224325828408058557080713, http://localhost:8080/petclinic/specialties
23070611681096224325828408058557080713, 337129559287512350053859986238748760779 -> form [<div _ngcontent-ysj-c131="" class="form-group" hidden="true", 186878816811282920559094049017676329765, http://localhost:8080/petclinic/specialties
186878816811282920559094049017676329765, 173414700519727859435239886311364969809 -> form [<div _ngcontent-ysj-c131="" class="form-group" hidden="true", 186878816811282920559094049017676329765, http://localhost:8080/petclinic/specialties
186878816811282920559094049017676329765, 173414700519727859435239886311364969809 -> form [<div _ngcontent-ysj-c131="" class="form-group" hidden="true", 186878816811282920559094049017676329765, http://localhost:8080/petclinic/specialties
49422149324400457114317816287120169614, None, 49422149324400457114317816287120169614, http://localhost:8080/petclinic/
49422149324400457114317816287120169614, 16643814130115804243867168271317844731 -> a ['Owners', <span _ngcontent-ffk-c45="" class="caret", 203789904488100118908646339278060037750, http://localhost:8080/petclinic/
203789904488100118908646339278060037750, 93768614805889372750346632699350379624 -> a ['Owners', <span _ngcontent-ffk-c45="" class="caret", 49422149324400457114317816287120169614, http://localhost:8080/petclinic/
49422149324400457114317816287120169614, 16643814130115804243867168271317844731 -> a ['Owners', <span _ngcontent-ffk-c45="" class="caret", 203789904488100118908646339278060037750, http://localhost:8080/petclinic/
203789904488100118908646339278060037750, 330674244574306148212885145749487701909 -> a [<span _ngcontent-ffk-c45="" aria-hidden="true" class="glyphicon glyphicon-search", 66367407833272999269980708563552401156, http://localhost:8080/petclinic/owners
66367407833272999269980708563552401156, 275207839169098191230515849564823314683 -> a ['Peter McTavish']{'routerlinkactive': 'active', 'ng-reflect-router-link-active': 'active', 'ng-reflect-router-link': '/owners/', 'href': '/petclinic/owners/5'}, 41430125615223231172533917899887093832, http://localhost:8080/petclinic/owners/5
49422149324400457114317816287120169614, None, 49422149324400457114317816287120169614, http://localhost:8080/petclinic/
49422149324400457114317816287120169614, 240848059530337664269464598529124442888 -> a [<span _ngcontent-dxo-c45="" aria-hidden="true" class="glyphicon glyphicon-th-list", 103898584028224755625668785981770931252, http://localhost:8080/petclinic/pettypes
103898584028224755625668785981770931252, 72602955079352731327874698425826022808 -> button ['Edit']{}, 76919776575486794998836467959404667393, http://localhost:8080/petclinic/pettypes
76919776575486794998836467959404667393, 31789282043242228782753595272084589082 -> button ['Cancel']{}, 103898584028224755625668785981770931252, http://localhost:8080/petclinic/pettypes
103898584028224755625668785981770931252, 72602955079352731327874698425826022808 -> button ['Edit']{}, 103898584028224755625668785981770931252, http://localhost:8080/petclinic/pettypes
103898584028224755625668785981770931252, 72602955079352731327874698425826022808 -> button ['Edit']{}, 103898584028224755625668785981770931252, http://localhost:8080/petclinic/pettypes
103898584028224755625668785981770931252, 271914958417248026839750307164827811225 -> input []{'type': 'text', 'name': 'pettype_name', 'ng-reflect-name': 'pettype_name', 'id': '', 'ng-reflect-model': 'bird'}, 103898584028224755625668785981770931252, http://localhost:8080/petclinic/pettypes
103898584028224755625668785981770931252, 68497563867896912786332020249922067129 -> input []{'type': 'text', 'name': 'pettype_name', 'ng-reflect-name': 'pettype_name', 'id': '', 'ng-reflect-model': 'hamster'}, 103898584028224755625668785981770931252, http://localhost:8080/petclinic/pettypes
103898584028224755625668785981770931252, 72602955079352731327874698425826022808 -> button ['Edit']{}, 103898584028224755625668785981770931252, http://localhost:8080/petclinic/pettypes
49422149324400457114317816287120169614, None, 49422149324400457114317816287120169614, http://localhost:8080/petclinic/
49422149324400457114317816287120169614, 67067085209364785647196617253765282672 -> a [<span _ngcontent-bjx-c45="" aria-hidden="true" class="glyphicon glyphicon-th-list", 29471666746861938259470438044637749945, http://localhost:8080/petclinic/specialties
29471666746861938259470438044637749945, 303675221858762215192012905307045847481 -> button [' Add ']{}, 35742322003424371479105068301184530812, http://localhost:8080/petclinic/specialties
35742322003424371479105068301184530812, 307979311674196104632762071289697023224 -> form [<div _ngcontent-bjx-c131="" class="form-group" hidden="true", 23070611681096224325828408058557080713, http://localhost:8080/petclinic/specialties
23070611681096224325828408058557080713, 194337398953680845915470705545503320950 -> form [<div _ngcontent-bjx-c131="" class="form-group" hidden="true", 23070611681096224325828408058557080713, http://localhost:8080/petclinic/specialties
23070611681096224325828408058557080713, 194337398953680845915470705545503320950 -> form [<div _ngcontent-bjx-c131="" class="form-group" hidden="true", 23070611681096224325828408058557080713, http://localhost:8080/petclinic/specialties
23070611681096224325828408058557080713, 194337398953680845915470705545503320950 -> form [<div _ngcontent-bjx-c131="" class="form-group" hidden="true", 186878816811282920559094049017676329765, http://localhost:8080/petclinic/specialties
186878816811282920559094049017676329765, 297014509536940221006674224339742183815 -> form [<div _ngcontent-bjx-c131="" class="form-group" hidden="true", 186878816811282920559094049017676329765, http://localhost:8080/petclinic/specialties
186878816811282920559094049017676329765, 297014509536940221006674224339742183815 -> form [<div _ngcontent-bjx-c131="" class="form-group" hidden="true", 186878816811282920559094049017676329765, http://localhost:8080/petclinic/specialties
49422149324400457114317816287120169614, None, 49422149324400457114317816287120169614, http://localhost:8080/petclinic/
49422149324400457114317816287120169614, 48198464860102341625349354779323489554 -> a ['Veterinarians', <span _ngcontent-kxy-c45="" class="caret", 74849793808848032408097070206027864246, http://localhost:8080/petclinic/
74849793808848032408097070206027864246, 318978012142859470439035402654504184753 -> a [<span _ngcontent-kxy-c45="" aria-hidden="true" class="glyphicon glyphicon-search", 237868233564155934757128202015004741474, http://localhost:8080/petclinic/vets
237868233564155934757128202015004741474, 175965388172778083095137939607633328630 -> button ['Delete Vet']{}, 237868233564155934757128202015004741474, http://localhost:8080/petclinic/vets
237868233564155934757128202015004741474, 156541344850502344101188167639879920108 -> button ['Add Vet']{}, 260706244791257485496027837704690829215, http://localhost:8080/petclinic/vets
49422149324400457114317816287120169614, None, 49422149324400457114317816287120169614, http://localhost:8080/petclinic/
49422149324400457114317816287120169614, 8576429433519715021183031841121154114 -> a ['Owners', <span _ngcontent-ktl-c45="" class="caret", 203789904488100118908646339278060037750, http://localhost:8080/petclinic/
203789904488100118908646339278060037750, 223989051259062657148723980541976899859 -> a [<span _ngcontent-ktl-c45="" aria-hidden="true" class="glyphicon glyphicon-search", 66367407833272999269980708563552401156, http://localhost:8080/petclinic/owners
66367407833272999269980708563552401156, 275207839169098191230515849564823314683 -> a ['Peter McTavish']{'routerlinkactive': 'active', 'ng-reflect-router-link-active': 'active', 'ng-reflect-router-link': '/owners/', 'href': '/petclinic/owners/5'}, 41430125615223231172533917899887093832, http://localhost:8080/petclinic/owners/5
41430125615223231172533917899887093832, 146682514107089801754580002144888621406 -> button ['Add Visit']{}, 252650735166359117036293472826764937263, http://localhost:8080/petclinic/pets/6/visits/add
252650735166359117036293472826764937263, 296098039941399661068775222716384537671 -> button [<span class="mat-button-wrapper", 41054032475680971962089770759499862145, http://localhost:8080/petclinic/pets/6/visits/add
49422149324400457114317816287120169614, None, 49422149324400457114317816287120169614, http://localhost:8080/petclinic/
49422149324400457114317816287120169614, None, 49422149324400457114317816287120169614, http://localhost:8080/petclinic/
49422149324400457114317816287120169614, 129498832929788090435527682527658161987 -> a ['Veterinarians', <span _ngcontent-nox-c45="" class="caret", 74849793808848032408097070206027864246, http://localhost:8080/petclinic/
74849793808848032408097070206027864246, 197490764671835602109073001294254496758 -> a ['Veterinarians', <span _ngcontent-nox-c45="" class="caret", 49422149324400457114317816287120169614, http://localhost:8080/petclinic/
49422149324400457114317816287120169614, 129498832929788090435527682527658161987 -> a ['Veterinarians', <span _ngcontent-nox-c45="" class="caret", 74849793808848032408097070206027864246, http://localhost:8080/petclinic/
74849793808848032408097070206027864246, 281902215787097238906352547835713365295 -> a [<span _ngcontent-nox-c45="" aria-hidden="true" class="glyphicon glyphicon-search", 237868233564155934757128202015004741474, http://localhost:8080/petclinic/vets
237868233564155934757128202015004741474, 156541344850502344101188167639879920108 -> button ['Add Vet']{}, 260706244791257485496027837704690829215, http://localhost:8080/petclinic/vets
260706244791257485496027837704690829215, 122613262670805912573617150685157156686 -> form [<div _ngcontent-nox-c129="" class="form-group" hidden="true", 51513408882529245424246001655845665969, http://localhost:8080/petclinic/vets/add
51513408882529245424246001655845665969, 46495046082590643496113056168238847892 -> form [<div _ngcontent-nox-c129="" class="form-group" hidden="true", 51513408882529245424246001655845665969, http://localhost:8080/petclinic/vets/add
51513408882529245424246001655845665969, 46495046082590643496113056168238847892 -> form [<div _ngcontent-nox-c129="" class="form-group" hidden="true", 313630481135757443937306875259883279023, http://localhost:8080/petclinic/vets/add
49422149324400457114317816287120169614, None, 49422149324400457114317816287120169614, http://localhost:8080/petclinic/
49422149324400457114317816287120169614, 254562442772287157418409728723971319395 -> a [<span _ngcontent-hpf-c45="" aria-hidden="true" class="glyphicon glyphicon-th-list", 103898584028224755625668785981770931252, http://localhost:8080/petclinic/pettypes
103898584028224755625668785981770931252, 175539530991800879594449004961932208641 -> button ['Delete']{}, 103898584028224755625668785981770931252, http://localhost:8080/petclinic/pettypes
49422149324400457114317816287120169614, None, 49422149324400457114317816287120169614, http://localhost:8080/petclinic/
49422149324400457114317816287120169614, 203598167086508842201598750045911450515 -> a ['Veterinarians', <span _ngcontent-rck-c45="" class="caret", 74849793808848032408097070206027864246, http://localhost:8080/petclinic/
74849793808848032408097070206027864246, 297962788953811134373938111893784605431 -> a ['Veterinarians', <span _ngcontent-rck-c45="" class="caret", 49422149324400457114317816287120169614, http://localhost:8080/petclinic/
49422149324400457114317816287120169614, 203598167086508842201598750045911450515 -> a ['Veterinarians', <span _ngcontent-rck-c45="" class="caret", 74849793808848032408097070206027864246, http://localhost:8080/petclinic/
74849793808848032408097070206027864246, 140888395778800398357222698636757138372 -> a [<span _ngcontent-rck-c45="" aria-hidden="true" class="glyphicon glyphicon-plus", 226321264437896678066783544823465103778, http://localhost:8080/petclinic/vets/add
226321264437896678066783544823465103778, 176188310407376960061225046637478280286 -> form [<div _ngcontent-rck-c129="" class="form-group" hidden="true", 33209804406029569798485091707109282557, http://localhost:8080/petclinic/vets/add
33209804406029569798485091707109282557, 183659569181789291934068984053615759075 -> form [<div _ngcontent-rck-c129="" class="form-group" hidden="true", 51513408882529245424246001655845665969, http://localhost:8080/petclinic/vets/add
51513408882529245424246001655845665969, 316443773275783423683246807305319706723 -> form [<div _ngcontent-rck-c129="" class="form-group" hidden="true", 51513408882529245424246001655845665969, http://localhost:8080/petclinic/vets/add
51513408882529245424246001655845665969, 316443773275783423683246807305319706723 -> form [<div _ngcontent-rck-c129="" class="form-group" hidden="true", 306681045843420750393024922719219527535, http://localhost:8080/petclinic/vets/add
49422149324400457114317816287120169614, None, 49422149324400457114317816287120169614, http://localhost:8080/petclinic/
49422149324400457114317816287120169614, 205517518827787316111144347982307538789 -> a ['Owners', <span _ngcontent-ony-c45="" class="caret", 203789904488100118908646339278060037750, http://localhost:8080/petclinic/
203789904488100118908646339278060037750, 214503256648967014380566270718199188339 -> a [<span _ngcontent-ony-c45="" aria-hidden="true" class="glyphicon glyphicon-search", 203086278241073520911363943075082150493, http://localhost:8080/petclinic/owners
203086278241073520911363943075082150493, 130548507169488833835925864026939470261 -> a ['Maria Escobito']{'routerlinkactive': 'active', 'ng-reflect-router-link-active': 'active', 'ng-reflect-router-link': '/owners/', 'href': '/petclinic/owners/8'}, 141403640263730357715962344076628369149, http://localhost:8080/petclinic/owners/8
141403640263730357715962344076628369149, 139589689717891870241471574486234527687 -> button ['Edit Owner']{}, 303110921733704824623724324656577421487, http://localhost:8080/petclinic/owners/8
303110921733704824623724324656577421487, 4799054451472755913377383088763233469 -> button [' Back ']{}, 141403640263730357715962344076628369149, http://localhost:8080/petclinic/owners/8
141403640263730357715962344076628369149, 139589689717891870241471574486234527687 -> button ['Edit Owner']{}, 141403640263730357715962344076628369149, http://localhost:8080/petclinic/owners/8
141403640263730357715962344076628369149, 128603186056156791921987786904006646407 -> button ['Back']{}, 141403640263730357715962344076628369149, http://localhost:8080/petclinic/owners/8
141403640263730357715962344076628369149, 187151684874937294720766962182775302606 -> button ['Add New Pet']{}, 141403640263730357715962344076628369149, http://localhost:8080/petclinic/owners/8
49422149324400457114317816287120169614, None, 49422149324400457114317816287120169614, http://localhost:8080/petclinic/
49422149324400457114317816287120169614, 227691717906999849571569850811028551775 -> a ['Veterinarians', <span _ngcontent-rwv-c45="" class="caret", 74849793808848032408097070206027864246, http://localhost:8080/petclinic/
74849793808848032408097070206027864246, 311193447664033517095631408052417125344 -> a [<span _ngcontent-rwv-c45="" aria-hidden="true" class="glyphicon glyphicon-plus", 226321264437896678066783544823465103778, http://localhost:8080/petclinic/vets/add
226321264437896678066783544823465103778, 291767046613781461899013795791990456674 -> form [<div _ngcontent-rwv-c129="" class="form-group" hidden="true", 235557940427700672109601708783865512465, http://localhost:8080/petclinic/vets/add
235557940427700672109601708783865512465, 194862171280258858572398827443408715824 -> form [<div _ngcontent-rwv-c129="" class="form-group" hidden="true", 51513408882529245424246001655845665969, http://localhost:8080/petclinic/vets/add
51513408882529245424246001655845665969, 61693845099805404010311502791012961781 -> form [<div _ngcontent-rwv-c129="" class="form-group" hidden="true", 51513408882529245424246001655845665969, http://localhost:8080/petclinic/vets/add
51513408882529245424246001655845665969, 61693845099805404010311502791012961781 -> form [<div _ngcontent-rwv-c129="" class="form-group" hidden="true", 51513408882529245424246001655845665969, http://localhost:8080/petclinic/vets/add
51513408882529245424246001655845665969, 61693845099805404010311502791012961781 -> form [<div _ngcontent-rwv-c129="" class="form-group" hidden="true", 178743758581241202187947834511019976627, http://localhost:8080/petclinic/vets/add
178743758581241202187947834511019976627, 300556554190946439122926132281240964523 -> form [<div _ngcontent-rwv-c129="" class="form-group" hidden="true", 237868233564155934757128202015004741474, http://localhost:8080/petclinic/vets
49422149324400457114317816287120169614, None, 49422149324400457114317816287120169614, http://localhost:8080/petclinic/
49422149324400457114317816287120169614, None, 49422149324400457114317816287120169614, http://localhost:8080/petclinic/
49422149324400457114317816287120169614, 224658050329220291673740491044102669121 -> a [<span _ngcontent-ltg-c45="" aria-hidden="true" class="glyphicon glyphicon-th-list", 103898584028224755625668785981770931252, http://localhost:8080/petclinic/pettypes
103898584028224755625668785981770931252, 127503571107746165653796346320498179471 -> input []{'type': 'text', 'name': 'pettype_name', 'ng-reflect-name': 'pettype_name', 'id': '', 'ng-reflect-model': 'lizard'}, 103898584028224755625668785981770931252, http://localhost:8080/petclinic/pettypes
49422149324400457114317816287120169614, None, 49422149324400457114317816287120169614, http://localhost:8080/petclinic/
49422149324400457114317816287120169614, 338062247190063898515454762002457953846 -> a [<span _ngcontent-byc-c45="" aria-hidden="true" class="glyphicon glyphicon-th-list", 103898584028224755625668785981770931252, http://localhost:8080/petclinic/pettypes
103898584028224755625668785981770931252, 175539530991800879594449004961932208641 -> button ['Delete']{}, 103898584028224755625668785981770931252, http://localhost:8080/petclinic/pettypes
49422149324400457114317816287120169614, None, 49422149324400457114317816287120169614, http://localhost:8080/petclinic/
49422149324400457114317816287120169614, 118113605717582859063479361218725436979 -> a [<span _ngcontent-olm-c45="" aria-hidden="true" class="glyphicon glyphicon-th-list", 29471666746861938259470438044637749945, http://localhost:8080/petclinic/specialties
29471666746861938259470438044637749945, 303675221858762215192012905307045847481 -> button [' Add ']{}, 35742322003424371479105068301184530812, http://localhost:8080/petclinic/specialties
35742322003424371479105068301184530812, 188718623378336288041309873613223355087 -> form [<div _ngcontent-olm-c131="" class="form-group" hidden="true", 23070611681096224325828408058557080713, http://localhost:8080/petclinic/specialties
23070611681096224325828408058557080713, 215558382094628516840890985985803088709 -> form [<div _ngcontent-olm-c131="" class="form-group" hidden="true", 23070611681096224325828408058557080713, http://localhost:8080/petclinic/specialties
23070611681096224325828408058557080713, 215558382094628516840890985985803088709 -> form [<div _ngcontent-olm-c131="" class="form-group" hidden="true", 186878816811282920559094049017676329765, http://localhost:8080/petclinic/specialties
186878816811282920559094049017676329765, 77390241634561884828611135906692977227 -> form [<div _ngcontent-olm-c131="" class="form-group" hidden="true", 186878816811282920559094049017676329765, http://localhost:8080/petclinic/specialties
186878816811282920559094049017676329765, 77390241634561884828611135906692977227 -> form [<div _ngcontent-olm-c131="" class="form-group" hidden="true", 186878816811282920559094049017676329765, http://localhost:8080/petclinic/specialties
186878816811282920559094049017676329765, 77390241634561884828611135906692977227 -> form [<div _ngcontent-olm-c131="" class="form-group" hidden="true", 186878816811282920559094049017676329765, http://localhost:8080/petclinic/specialties
49422149324400457114317816287120169614, None, 49422149324400457114317816287120169614, http://localhost:8080/petclinic/
49422149324400457114317816287120169614, None, 49422149324400457114317816287120169614, http://localhost:8080/petclinic/
49422149324400457114317816287120169614, None, 49422149324400457114317816287120169614, http://localhost:8080/petclinic/
49422149324400457114317816287120169614, 134698307878728326044334531313014669383 -> a [<span _ngcontent-ova-c45="" aria-hidden="true" class="glyphicon glyphicon-th-list", 327772578092710281274546979510198717025, http://localhost:8080/petclinic/pettypes
327772578092710281274546979510198717025, 175539530991800879594449004961932208641 -> button ['Delete']{}, 327772578092710281274546979510198717025, http://localhost:8080/petclinic/pettypes
327772578092710281274546979510198717025, 303675221858762215192012905307045847481 -> button [' Add ']{}, 59514904593679981554984681453671755412, http://localhost:8080/petclinic/pettypes
59514904593679981554984681453671755412, 158299993304168121807880479079545329504 -> form [<div _ngcontent-ova-c122="" class="form-group" hidden="true", 139096789960898209761281593509101113515, http://localhost:8080/petclinic/pettypes
139096789960898209761281593509101113515, 43780270126897411599246349571721394423 -> form [<div _ngcontent-ova-c122="" class="form-group" hidden="true", 139096789960898209761281593509101113515, http://localhost:8080/petclinic/pettypes
139096789960898209761281593509101113515, 43780270126897411599246349571721394423 -> form [<div _ngcontent-ova-c122="" class="form-group" hidden="true", 118991742577898268266422619090042929025, http://localhost:8080/petclinic/pettypes
118991742577898268266422619090042929025, 65445518473433734600688401832013221251 -> input []{'id': 'name', 'name': 'name', 'type': 'text', 'ng-reflect-name': 'name', 'ng-reflect-model': 'Six area decision real up sour'}, 333739039776501058041216633972796880597, http://localhost:8080/petclinic/pettypes
333739039776501058041216633972796880597, 249524768932067429241088166873514085513 -> form [<div _ngcontent-ova-c124="" class="form-group" hidden="true", 213475802590738605132533343222025644659, http://localhost:8080/petclinic/pettypes/7/edit
49422149324400457114317816287120169614, None, 49422149324400457114317816287120169614, http://localhost:8080/petclinic/
49422149324400457114317816287120169614, None, 49422149324400457114317816287120169614, http://localhost:8080/petclinic/
49422149324400457114317816287120169614, 229281883538955447696452928788946262275 -> a ['Owners', <span _ngcontent-lky-c45="" class="caret", 203789904488100118908646339278060037750, http://localhost:8080/petclinic/
203789904488100118908646339278060037750, 287692383824123124410909634972426013931 -> a [<span _ngcontent-lky-c45="" aria-hidden="true" class="glyphicon glyphicon-plus", 282167456026102075406891693572033620368, http://localhost:8080/petclinic/owners/add
282167456026102075406891693572033620368, 121217641283604355853516383570550398651 -> button ['Back']{'type': 'button'}, 78740306530144466887276250096410088985, http://localhost:8080/petclinic/owners
78740306530144466887276250096410088985, 86743129700486067895532415616278064744 -> a ['Jean Coleman']{'routerlinkactive': 'active', 'ng-reflect-router-link-active': 'active', 'ng-reflect-router-link': '/owners/', 'href': '/petclinic/owners/6'}, 283061653387014097649994530766968264167, http://localhost:8080/petclinic/owners/6
49422149324400457114317816287120169614, None, 49422149324400457114317816287120169614, http://localhost:8080/petclinic/
49422149324400457114317816287120169614, 38863252500037859904535771553664794425 -> a [<span _ngcontent-doq-c45="" aria-hidden="true" class="glyphicon glyphicon-th-list", 187110338963979782282488112566288551919, http://localhost:8080/petclinic/pettypes
187110338963979782282488112566288551919, 72602955079352731327874698425826022808 -> button ['Edit']{}, 333739039776501058041216633972796880597, http://localhost:8080/petclinic/pettypes
333739039776501058041216633972796880597, 31789282043242228782753595272084589082 -> button ['Cancel']{}, 187110338963979782282488112566288551919, http://localhost:8080/petclinic/pettypes
187110338963979782282488112566288551919, 72602955079352731327874698425826022808 -> button ['Edit']{}, 187110338963979782282488112566288551919, http://localhost:8080/petclinic/pettypes
187110338963979782282488112566288551919, 296597438918870382236492833317664848505 -> input []{'type': 'text', 'name': 'pettype_name', 'ng-reflect-name': 'pettype_name', 'id': '', 'ng-reflect-model': 'cat'}, 187110338963979782282488112566288551919, http://localhost:8080/petclinic/pettypes
187110338963979782282488112566288551919, 260971015189861471217452361968566968947 -> input []{'type': 'text', 'name': 'pettype_name', 'ng-reflect-name': 'pettype_name', 'id': '', 'ng-reflect-model': 'snake'}, 187110338963979782282488112566288551919, http://localhost:8080/petclinic/pettypes
187110338963979782282488112566288551919, 303675221858762215192012905307045847481 -> button [' Add ']{}, 187110338963979782282488112566288551919, http://localhost:8080/petclinic/pettypes
187110338963979782282488112566288551919, 175539530991800879594449004961932208641 -> button ['Delete']{}, 187110338963979782282488112566288551919, http://localhost:8080/petclinic/pettypes
49422149324400457114317816287120169614, None, 49422149324400457114317816287120169614, http://localhost:8080/petclinic/
49422149324400457114317816287120169614, 90159060478311203433222757549710415122 -> a [<span _ngcontent-mku-c45="" aria-hidden="true" class="glyphicon glyphicon-th-list", 29471666746861938259470438044637749945, http://localhost:8080/petclinic/specialties
29471666746861938259470438044637749945, 303675221858762215192012905307045847481 -> button [' Add ']{}, 35742322003424371479105068301184530812, http://localhost:8080/petclinic/specialties
35742322003424371479105068301184530812, 46387357345864692882203472947776755009 -> form [<div _ngcontent-mku-c131="" class="form-group" hidden="true", 23070611681096224325828408058557080713, http://localhost:8080/petclinic/specialties
23070611681096224325828408058557080713, 139605928227090890637850232004462191175 -> form [<div _ngcontent-mku-c131="" class="form-group" hidden="true", 23070611681096224325828408058557080713, http://localhost:8080/petclinic/specialties
23070611681096224325828408058557080713, 139605928227090890637850232004462191175 -> form [<div _ngcontent-mku-c131="" class="form-group" hidden="true", 23070611681096224325828408058557080713, http://localhost:8080/petclinic/specialties
23070611681096224325828408058557080713, 139605928227090890637850232004462191175 -> form [<div _ngcontent-mku-c131="" class="form-group" hidden="true", 186878816811282920559094049017676329765, http://localhost:8080/petclinic/specialties
186878816811282920559094049017676329765, 73020084026412316080159786121780501252 -> form [<div _ngcontent-mku-c131="" class="form-group" hidden="true", 186878816811282920559094049017676329765, http://localhost:8080/petclinic/specialties
186878816811282920559094049017676329765, 73020084026412316080159786121780501252 -> form [<div _ngcontent-mku-c131="" class="form-group" hidden="true", 186878816811282920559094049017676329765, http://localhost:8080/petclinic/specialties
49422149324400457114317816287120169614, None, 49422149324400457114317816287120169614, http://localhost:8080/petclinic/
49422149324400457114317816287120169614, 113380415909154694656264341246565143675 -> a [<span _ngcontent-vxt-c45="" aria-hidden="true" class="glyphicon glyphicon-th-list", 29471666746861938259470438044637749945, http://localhost:8080/petclinic/specialties
29471666746861938259470438044637749945, 303675221858762215192012905307045847481 -> button [' Add ']{}, 35742322003424371479105068301184530812, http://localhost:8080/petclinic/specialties
35742322003424371479105068301184530812, 205519540344344241081376752259089864370 -> form [<div _ngcontent-vxt-c131="" class="form-group" hidden="true", 23070611681096224325828408058557080713, http://localhost:8080/petclinic/specialties
23070611681096224325828408058557080713, 28911569866687252444242218702104933431 -> form [<div _ngcontent-vxt-c131="" class="form-group" hidden="true", 23070611681096224325828408058557080713, http://localhost:8080/petclinic/specialties
23070611681096224325828408058557080713, 28911569866687252444242218702104933431 -> form [<div _ngcontent-vxt-c131="" class="form-group" hidden="true", 23070611681096224325828408058557080713, http://localhost:8080/petclinic/specialties
23070611681096224325828408058557080713, 28911569866687252444242218702104933431 -> form [<div _ngcontent-vxt-c131="" class="form-group" hidden="true", 186878816811282920559094049017676329765, http://localhost:8080/petclinic/specialties
186878816811282920559094049017676329765, 198766388784975434118930020235937600439 -> form [<div _ngcontent-vxt-c131="" class="form-group" hidden="true", 186878816811282920559094049017676329765, http://localhost:8080/petclinic/specialties
186878816811282920559094049017676329765, 198766388784975434118930020235937600439 -> form [<div _ngcontent-vxt-c131="" class="form-group" hidden="true", 186878816811282920559094049017676329765, http://localhost:8080/petclinic/specialties
49422149324400457114317816287120169614, None, 49422149324400457114317816287120169614, http://localhost:8080/petclinic/
49422149324400457114317816287120169614, 260124901741158571149323896843826486372 -> a [<span _ngcontent-rqg-c45="" aria-hidden="true" class="glyphicon glyphicon-th-list", 29471666746861938259470438044637749945, http://localhost:8080/petclinic/specialties
29471666746861938259470438044637749945, 303675221858762215192012905307045847481 -> button [' Add ']{}, 35742322003424371479105068301184530812, http://localhost:8080/petclinic/specialties
35742322003424371479105068301184530812, 215353866498915193609373670854089454798 -> form [<div _ngcontent-rqg-c131="" class="form-group" hidden="true", 23070611681096224325828408058557080713, http://localhost:8080/petclinic/specialties
23070611681096224325828408058557080713, 141249722226234069914266450246652019794 -> form [<div _ngcontent-rqg-c131="" class="form-group" hidden="true", 23070611681096224325828408058557080713, http://localhost:8080/petclinic/specialties
23070611681096224325828408058557080713, 141249722226234069914266450246652019794 -> form [<div _ngcontent-rqg-c131="" class="form-group" hidden="true", 186878816811282920559094049017676329765, http://localhost:8080/petclinic/specialties
186878816811282920559094049017676329765, 69801210176329964655785486690284105251 -> form [<div _ngcontent-rqg-c131="" class="form-group" hidden="true", 186878816811282920559094049017676329765, http://localhost:8080/petclinic/specialties
186878816811282920559094049017676329765, 69801210176329964655785486690284105251 -> form [<div _ngcontent-rqg-c131="" class="form-group" hidden="true", 186878816811282920559094049017676329765, http://localhost:8080/petclinic/specialties
186878816811282920559094049017676329765, 69801210176329964655785486690284105251 -> form [<div _ngcontent-rqg-c131="" class="form-group" hidden="true", 186878816811282920559094049017676329765, http://localhost:8080/petclinic/specialties
49422149324400457114317816287120169614, None, 49422149324400457114317816287120169614, http://localhost:8080/petclinic/
49422149324400457114317816287120169614, 195402042201272205344834778702461563874 -> a ['Veterinarians', <span _ngcontent-ntw-c45="" class="caret", 74849793808848032408097070206027864246, http://localhost:8080/petclinic/
74849793808848032408097070206027864246, 204199638370508350655112974759337328615 -> a [<span _ngcontent-ntw-c45="" aria-hidden="true" class="glyphicon glyphicon-plus", 226321264437896678066783544823465103778, http://localhost:8080/petclinic/vets/add
226321264437896678066783544823465103778, 321381423981926927170453915438592536377 -> form [<div _ngcontent-ntw-c129="" class="form-group" hidden="true", 51513408882529245424246001655845665969, http://localhost:8080/petclinic/vets/add
51513408882529245424246001655845665969, 248127287521284394480649161173209937288 -> form [<div _ngcontent-ntw-c129="" class="form-group" hidden="true", 51513408882529245424246001655845665969, http://localhost:8080/petclinic/vets/add
51513408882529245424246001655845665969, 248127287521284394480649161173209937288 -> form [<div _ngcontent-ntw-c129="" class="form-group" hidden="true", 238945486321064839526793602390835091370, http://localhost:8080/petclinic/vets/add
238945486321064839526793602390835091370, 110872862794090770419056055916316286998 -> form [<div _ngcontent-ntw-c129="" class="form-group" hidden="true", 238451040456130586133873871741821886665, http://localhost:8080/petclinic/vets/add
238451040456130586133873871741821886665, 220108760666282043104001064979350891623 -> form [<div _ngcontent-ntw-c129="" class="form-group" hidden="true", 238451040456130586133873871741821886665, http://localhost:8080/petclinic/vets/add
238451040456130586133873871741821886665, 220108760666282043104001064979350891623 -> form [<div _ngcontent-ntw-c129="" class="form-group" hidden="true", 238451040456130586133873871741821886665, http://localhost:8080/petclinic/vets/add
49422149324400457114317816287120169614, None, 49422149324400457114317816287120169614, http://localhost:8080/petclinic/
49422149324400457114317816287120169614, 248857750817492336030113692570369075319 -> a [<span _ngcontent-rmc-c45="" aria-hidden="true" class="glyphicon glyphicon-th-list", 187110338963979782282488112566288551919, http://localhost:8080/petclinic/pettypes
187110338963979782282488112566288551919, 219667634598475000228685545428396780937 -> input []{'type': 'text', 'name': 'pettype_name', 'ng-reflect-name': 'pettype_name', 'id': '', 'ng-reflect-model': 'Six area decision real up sour'}, 187110338963979782282488112566288551919, http://localhost:8080/petclinic/pettypes
49422149324400457114317816287120169614, None, 49422149324400457114317816287120169614, http://localhost:8080/petclinic/
49422149324400457114317816287120169614, 89949407443077092258210812536371612060 -> a ['Veterinarians', <span _ngcontent-usp-c45="" class="caret", 74849793808848032408097070206027864246, http://localhost:8080/petclinic/
74849793808848032408097070206027864246, 139016628188236074845521048358556921426 -> a [<span _ngcontent-usp-c45="" aria-hidden="true" class="glyphicon glyphicon-plus", 226321264437896678066783544823465103778, http://localhost:8080/petclinic/vets/add
226321264437896678066783544823465103778, 149609185638159631587179970867833471705 -> form [<div _ngcontent-usp-c129="" class="form-group" hidden="true", 51513408882529245424246001655845665969, http://localhost:8080/petclinic/vets/add
51513408882529245424246001655845665969, 16909326513789172618398043082199754434 -> form [<div _ngcontent-usp-c129="" class="form-group" hidden="true", 51513408882529245424246001655845665969, http://localhost:8080/petclinic/vets/add
51513408882529245424246001655845665969, 16909326513789172618398043082199754434 -> form [<div _ngcontent-usp-c129="" class="form-group" hidden="true", 222132651741656859081414503171436189646, http://localhost:8080/petclinic/vets/add
222132651741656859081414503171436189646, 232052491641675584525783661268345796903 -> form [<div _ngcontent-usp-c129="" class="form-group" hidden="true", 238451040456130586133873871741821886665, http://localhost:8080/petclinic/vets/add
238451040456130586133873871741821886665, 318357558894193291285190806971906332146 -> form [<div _ngcontent-usp-c129="" class="form-group" hidden="true", 238451040456130586133873871741821886665, http://localhost:8080/petclinic/vets/add
238451040456130586133873871741821886665, 318357558894193291285190806971906332146 -> form [<div _ngcontent-usp-c129="" class="form-group" hidden="true", 238451040456130586133873871741821886665, http://localhost:8080/petclinic/vets/add
49422149324400457114317816287120169614, None, 49422149324400457114317816287120169614, http://localhost:8080/petclinic/
49422149324400457114317816287120169614, 100805367755116247299777762712968682161 -> a [<span _ngcontent-eag-c45="" aria-hidden="true" class="glyphicon glyphicon-th-list", 29471666746861938259470438044637749945, http://localhost:8080/petclinic/specialties
29471666746861938259470438044637749945, 303675221858762215192012905307045847481 -> button [' Add ']{}, 35742322003424371479105068301184530812, http://localhost:8080/petclinic/specialties
35742322003424371479105068301184530812, 171576598606389027332507479398796798375 -> form [<div _ngcontent-eag-c131="" class="form-group" hidden="true", 23070611681096224325828408058557080713, http://localhost:8080/petclinic/specialties
23070611681096224325828408058557080713, 49168258806485514234266349846596729769 -> form [<div _ngcontent-eag-c131="" class="form-group" hidden="true", 23070611681096224325828408058557080713, http://localhost:8080/petclinic/specialties
23070611681096224325828408058557080713, 49168258806485514234266349846596729769 -> form [<div _ngcontent-eag-c131="" class="form-group" hidden="true", 23070611681096224325828408058557080713, http://localhost:8080/petclinic/specialties
23070611681096224325828408058557080713, 49168258806485514234266349846596729769 -> form [<div _ngcontent-eag-c131="" class="form-group" hidden="true", 186878816811282920559094049017676329765, http://localhost:8080/petclinic/specialties
186878816811282920559094049017676329765, 253116467487936855843623749225578088378 -> form [<div _ngcontent-eag-c131="" class="form-group" hidden="true", 186878816811282920559094049017676329765, http://localhost:8080/petclinic/specialties
186878816811282920559094049017676329765, 253116467487936855843623749225578088378 -> form [<div _ngcontent-eag-c131="" class="form-group" hidden="true", 186878816811282920559094049017676329765, http://localhost:8080/petclinic/specialties
49422149324400457114317816287120169614, None, 49422149324400457114317816287120169614, http://localhost:8080/petclinic/
49422149324400457114317816287120169614, 312052317977945857318562120049197524872 -> a [<span _ngcontent-wbp-c45="" aria-hidden="true" class="glyphicon glyphicon-th-list", 29471666746861938259470438044637749945, http://localhost:8080/petclinic/specialties
29471666746861938259470438044637749945, 303675221858762215192012905307045847481 -> button [' Add ']{}, 35742322003424371479105068301184530812, http://localhost:8080/petclinic/specialties
35742322003424371479105068301184530812, 158749475879381679459864439159358612348 -> form [<div _ngcontent-wbp-c131="" class="form-group" hidden="true", 23070611681096224325828408058557080713, http://localhost:8080/petclinic/specialties
23070611681096224325828408058557080713, 41626797226263674294298906873937307878 -> form [<div _ngcontent-wbp-c131="" class="form-group" hidden="true", 23070611681096224325828408058557080713, http://localhost:8080/petclinic/specialties
23070611681096224325828408058557080713, 41626797226263674294298906873937307878 -> form [<div _ngcontent-wbp-c131="" class="form-group" hidden="true", 186878816811282920559094049017676329765, http://localhost:8080/petclinic/specialties
186878816811282920559094049017676329765, 337692936952408647012336651999954561778 -> form [<div _ngcontent-wbp-c131="" class="form-group" hidden="true", 186878816811282920559094049017676329765, http://localhost:8080/petclinic/specialties
186878816811282920559094049017676329765, 337692936952408647012336651999954561778 -> form [<div _ngcontent-wbp-c131="" class="form-group" hidden="true", 186878816811282920559094049017676329765, http://localhost:8080/petclinic/specialties
186878816811282920559094049017676329765, 337692936952408647012336651999954561778 -> form [<div _ngcontent-wbp-c131="" class="form-group" hidden="true", 186878816811282920559094049017676329765, http://localhost:8080/petclinic/specialties
49422149324400457114317816287120169614, None, 49422149324400457114317816287120169614, http://localhost:8080/petclinic/
49422149324400457114317816287120169614, None, 49422149324400457114317816287120169614, http://localhost:8080/petclinic/
49422149324400457114317816287120169614, 48791707879445304663619898409321279652 -> a [<span _ngcontent-exs-c45="" aria-hidden="true" class="glyphicon glyphicon-th-list", 29471666746861938259470438044637749945, http://localhost:8080/petclinic/specialties
29471666746861938259470438044637749945, 303675221858762215192012905307045847481 -> button [' Add ']{}, 35742322003424371479105068301184530812, http://localhost:8080/petclinic/specialties
35742322003424371479105068301184530812, 237712897593799439391693929235681691108 -> form [<div _ngcontent-exs-c131="" class="form-group" hidden="true", 23070611681096224325828408058557080713, http://localhost:8080/petclinic/specialties
23070611681096224325828408058557080713, 259117899242253207654215111996096250320 -> form [<div _ngcontent-exs-c131="" class="form-group" hidden="true", 23070611681096224325828408058557080713, http://localhost:8080/petclinic/specialties
23070611681096224325828408058557080713, 259117899242253207654215111996096250320 -> form [<div _ngcontent-exs-c131="" class="form-group" hidden="true", 23070611681096224325828408058557080713, http://localhost:8080/petclinic/specialties
23070611681096224325828408058557080713, 259117899242253207654215111996096250320 -> form [<div _ngcontent-exs-c131="" class="form-group" hidden="true", 186878816811282920559094049017676329765, http://localhost:8080/petclinic/specialties
186878816811282920559094049017676329765, 250434106972097570306944066994605663158 -> form [<div _ngcontent-exs-c131="" class="form-group" hidden="true", 186878816811282920559094049017676329765, http://localhost:8080/petclinic/specialties
186878816811282920559094049017676329765, 250434106972097570306944066994605663158 -> form [<div _ngcontent-exs-c131="" class="form-group" hidden="true", 186878816811282920559094049017676329765, http://localhost:8080/petclinic/specialties
49422149324400457114317816287120169614, None, 49422149324400457114317816287120169614, http://localhost:8080/petclinic/
49422149324400457114317816287120169614, 190267734456784013939784520079413518414 -> a ['Owners', <span _ngcontent-jar-c45="" class="caret", 203789904488100118908646339278060037750, http://localhost:8080/petclinic/
203789904488100118908646339278060037750, 76261046087388555400509943974025941565 -> a ['Owners', <span _ngcontent-jar-c45="" class="caret", 49422149324400457114317816287120169614, http://localhost:8080/petclinic/
49422149324400457114317816287120169614, 190267734456784013939784520079413518414 -> a ['Owners', <span _ngcontent-jar-c45="" class="caret", 203789904488100118908646339278060037750, http://localhost:8080/petclinic/
203789904488100118908646339278060037750, 170148271306572074765324823752882510688 -> a [<span _ngcontent-jar-c45="" aria-hidden="true" class="glyphicon glyphicon-plus", 282167456026102075406891693572033620368, http://localhost:8080/petclinic/owners/add
282167456026102075406891693572033620368, 121217641283604355853516383570550398651 -> button ['Back']{'type': 'button'}, 198349928341156416954726297591028442855, http://localhost:8080/petclinic/owners/add
198349928341156416954726297591028442855, 168912171575847320073361285035803028514 -> form [<div _ngcontent-jar-c48="" class="form-group", 156231776062337559418163726098861693852, http://localhost:8080/petclinic/owners
156231776062337559418163726098861693852, 277599925383136997245113087705310465678 -> form [<div _ngcontent-jar-c48="" class="form-group", 156231776062337559418163726098861693852, http://localhost:8080/petclinic/owners
156231776062337559418163726098861693852, 277599925383136997245113087705310465678 -> form [<div _ngcontent-jar-c48="" class="form-group", 134387130392707892179492492472812502029, http://localhost:8080/petclinic/owners
49422149324400457114317816287120169614, None, 49422149324400457114317816287120169614, http://localhost:8080/petclinic/
49422149324400457114317816287120169614, 113545794971443008751505825644874604563 -> a [<span _ngcontent-nxp-c45="" aria-hidden="true" class="glyphicon glyphicon-th-list", 29471666746861938259470438044637749945, http://localhost:8080/petclinic/specialties
29471666746861938259470438044637749945, 303675221858762215192012905307045847481 -> button [' Add ']{}, 35742322003424371479105068301184530812, http://localhost:8080/petclinic/specialties
35742322003424371479105068301184530812, 71178559562077880933817236435221482591 -> form [<div _ngcontent-nxp-c131="" class="form-group" hidden="true", 23070611681096224325828408058557080713, http://localhost:8080/petclinic/specialties
23070611681096224325828408058557080713, 82518982904628480504383673343855559064 -> form [<div _ngcontent-nxp-c131="" class="form-group" hidden="true", 23070611681096224325828408058557080713, http://localhost:8080/petclinic/specialties
23070611681096224325828408058557080713, 82518982904628480504383673343855559064 -> form [<div _ngcontent-nxp-c131="" class="form-group" hidden="true", 23070611681096224325828408058557080713, http://localhost:8080/petclinic/specialties
23070611681096224325828408058557080713, 82518982904628480504383673343855559064 -> form [<div _ngcontent-nxp-c131="" class="form-group" hidden="true", 186878816811282920559094049017676329765, http://localhost:8080/petclinic/specialties
186878816811282920559094049017676329765, 115916573735856355208326023065197256410 -> form [<div _ngcontent-nxp-c131="" class="form-group" hidden="true", 186878816811282920559094049017676329765, http://localhost:8080/petclinic/specialties
186878816811282920559094049017676329765, 115916573735856355208326023065197256410 -> form [<div _ngcontent-nxp-c131="" class="form-group" hidden="true", 186878816811282920559094049017676329765, http://localhost:8080/petclinic/specialties
49422149324400457114317816287120169614, None, 49422149324400457114317816287120169614, http://localhost:8080/petclinic/
49422149324400457114317816287120169614, 90339331717074460961181660879521164849 -> a ['Veterinarians', <span _ngcontent-pfq-c45="" class="caret", 74849793808848032408097070206027864246, http://localhost:8080/petclinic/
74849793808848032408097070206027864246, 152798463418909241368209854758646412354 -> a [<span _ngcontent-pfq-c45="" aria-hidden="true" class="glyphicon glyphicon-plus", 226321264437896678066783544823465103778, http://localhost:8080/petclinic/vets/add
226321264437896678066783544823465103778, 129440693136656744285105045914592955623 -> form [<div _ngcontent-pfq-c129="" class="form-group" hidden="true", 235557940427700672109601708783865512465, http://localhost:8080/petclinic/vets/add
235557940427700672109601708783865512465, 19348059059807599131908848219210355656 -> form [<div _ngcontent-pfq-c129="" class="form-group" hidden="true", 51513408882529245424246001655845665969, http://localhost:8080/petclinic/vets/add
51513408882529245424246001655845665969, 241501269164291689834615849058792448168 -> form [<div _ngcontent-pfq-c129="" class="form-group" hidden="true", 51513408882529245424246001655845665969, http://localhost:8080/petclinic/vets/add
51513408882529245424246001655845665969, 241501269164291689834615849058792448168 -> form [<div _ngcontent-pfq-c129="" class="form-group" hidden="true", 108130790542561762223737367080917711597, http://localhost:8080/petclinic/vets/add
108130790542561762223737367080917711597, 306794969379366198581036347350916484558 -> form [<div _ngcontent-pfq-c129="" class="form-group" hidden="true", 141110113670359811155698933939676160352, http://localhost:8080/petclinic/vets/add
141110113670359811155698933939676160352, 258892819196170057203765714641404765881 -> form [<div _ngcontent-pfq-c129="" class="form-group" hidden="true", 141110113670359811155698933939676160352, http://localhost:8080/petclinic/vets/add
49422149324400457114317816287120169614, None, 49422149324400457114317816287120169614, http://localhost:8080/petclinic/
49422149324400457114317816287120169614, None, 49422149324400457114317816287120169614, http://localhost:8080/petclinic/
49422149324400457114317816287120169614, 228086636600035175069163463709721278519 -> a [<span _ngcontent-fdc-c45="" aria-hidden="true" class="glyphicon glyphicon-th-list", 29471666746861938259470438044637749945, http://localhost:8080/petclinic/specialties
29471666746861938259470438044637749945, 303675221858762215192012905307045847481 -> button [' Add ']{}, 35742322003424371479105068301184530812, http://localhost:8080/petclinic/specialties
35742322003424371479105068301184530812, 326858279699857174724651016074369938518 -> form [<div _ngcontent-fdc-c131="" class="form-group" hidden="true", 23070611681096224325828408058557080713, http://localhost:8080/petclinic/specialties
23070611681096224325828408058557080713, 34851272489042506075389178675175761321 -> form [<div _ngcontent-fdc-c131="" class="form-group" hidden="true", 23070611681096224325828408058557080713, http://localhost:8080/petclinic/specialties
23070611681096224325828408058557080713, 34851272489042506075389178675175761321 -> form [<div _ngcontent-fdc-c131="" class="form-group" hidden="true", 23070611681096224325828408058557080713, http://localhost:8080/petclinic/specialties
23070611681096224325828408058557080713, 34851272489042506075389178675175761321 -> form [<div _ngcontent-fdc-c131="" class="form-group" hidden="true", 186878816811282920559094049017676329765, http://localhost:8080/petclinic/specialties
186878816811282920559094049017676329765, 85057666993270185599092524560054289932 -> form [<div _ngcontent-fdc-c131="" class="form-group" hidden="true", 186878816811282920559094049017676329765, http://localhost:8080/petclinic/specialties
186878816811282920559094049017676329765, 85057666993270185599092524560054289932 -> form [<div _ngcontent-fdc-c131="" class="form-group" hidden="true", 186878816811282920559094049017676329765, http://localhost:8080/petclinic/specialties
49422149324400457114317816287120169614, None, 49422149324400457114317816287120169614, http://localhost:8080/petclinic/
49422149324400457114317816287120169614, None, 49422149324400457114317816287120169614, http://localhost:8080/petclinic/
49422149324400457114317816287120169614, 214326447349757864478676285600467594766 -> a [<span _ngcontent-jun-c45="" aria-hidden="true" class="glyphicon glyphicon-th-list", 29471666746861938259470438044637749945, http://localhost:8080/petclinic/specialties
29471666746861938259470438044637749945, 303675221858762215192012905307045847481 -> button [' Add ']{}, 35742322003424371479105068301184530812, http://localhost:8080/petclinic/specialties
35742322003424371479105068301184530812, 228688421057817882141533828485189605377 -> form [<div _ngcontent-jun-c131="" class="form-group" hidden="true", 23070611681096224325828408058557080713, http://localhost:8080/petclinic/specialties
23070611681096224325828408058557080713, 297827335902587628242721834296353226913 -> form [<div _ngcontent-jun-c131="" class="form-group" hidden="true", 23070611681096224325828408058557080713, http://localhost:8080/petclinic/specialties
23070611681096224325828408058557080713, 297827335902587628242721834296353226913 -> form [<div _ngcontent-jun-c131="" class="form-group" hidden="true", 23070611681096224325828408058557080713, http://localhost:8080/petclinic/specialties
23070611681096224325828408058557080713, 297827335902587628242721834296353226913 -> form [<div _ngcontent-jun-c131="" class="form-group" hidden="true", 186878816811282920559094049017676329765, http://localhost:8080/petclinic/specialties
186878816811282920559094049017676329765, 39682139766875212646191447466639245136 -> form [<div _ngcontent-jun-c131="" class="form-group" hidden="true", 186878816811282920559094049017676329765, http://localhost:8080/petclinic/specialties
186878816811282920559094049017676329765, 39682139766875212646191447466639245136 -> form [<div _ngcontent-jun-c131="" class="form-group" hidden="true", 186878816811282920559094049017676329765, http://localhost:8080/petclinic/specialties
49422149324400457114317816287120169614, None, 49422149324400457114317816287120169614, http://localhost:8080/petclinic/
49422149324400457114317816287120169614, 225406078168553688428120395729320168072 -> a ['Veterinarians', <span _ngcontent-btm-c45="" class="caret", 74849793808848032408097070206027864246, http://localhost:8080/petclinic/
74849793808848032408097070206027864246, 46510785985560926632061548236620976204 -> a [<span _ngcontent-btm-c45="" aria-hidden="true" class="glyphicon glyphicon-search", 237868233564155934757128202015004741474, http://localhost:8080/petclinic/vets
237868233564155934757128202015004741474, 156541344850502344101188167639879920108 -> button ['Add Vet']{}, 260706244791257485496027837704690829215, http://localhost:8080/petclinic/vets
260706244791257485496027837704690829215, 234271401330814414007023848935538816309 -> form [<div _ngcontent-btm-c129="" class="form-group" hidden="true", 51513408882529245424246001655845665969, http://localhost:8080/petclinic/vets/add
51513408882529245424246001655845665969, 252424861864704077368156810539778384125 -> form [<div _ngcontent-btm-c129="" class="form-group" hidden="true", 51513408882529245424246001655845665969, http://localhost:8080/petclinic/vets/add
51513408882529245424246001655845665969, 252424861864704077368156810539778384125 -> form [<div _ngcontent-btm-c129="" class="form-group" hidden="true", 51513408882529245424246001655845665969, http://localhost:8080/petclinic/vets/add
51513408882529245424246001655845665969, 252424861864704077368156810539778384125 -> form [<div _ngcontent-btm-c129="" class="form-group" hidden="true", 111800481247181059056134354604978175207, http://localhost:8080/petclinic/vets/add
111800481247181059056134354604978175207, 282135735907145332853750342077052991064 -> input []{'type': 'text', 'id': 'firstName', 'minlength': '', 'name': 'firstName', 'ng-reflect-name': 'firstName', 'ng-reflect-minlength': '', 'ng-reflect-model': 'Young item researc'}, 260706244791257485496027837704690829215, http://localhost:8080/petclinic/vets
49422149324400457114317816287120169614, None, 49422149324400457114317816287120169614, http://localhost:8080/petclinic/
49422149324400457114317816287120169614, 306811872566205893039537593132515680591 -> a ['Veterinarians', <span _ngcontent-pfv-c45="" class="caret", 74849793808848032408097070206027864246, http://localhost:8080/petclinic/
74849793808848032408097070206027864246, 242007997144021540904107768862970112697 -> a [<span _ngcontent-pfv-c45="" aria-hidden="true" class="glyphicon glyphicon-plus", 226321264437896678066783544823465103778, http://localhost:8080/petclinic/vets/add
226321264437896678066783544823465103778, 323256212883524708055812349593300417134 -> form [<div _ngcontent-pfv-c129="" class="form-group" hidden="true", 235557940427700672109601708783865512465, http://localhost:8080/petclinic/vets/add
235557940427700672109601708783865512465, 323101725266029689113677823029722738017 -> form [<div _ngcontent-pfv-c129="" class="form-group" hidden="true", 51513408882529245424246001655845665969, http://localhost:8080/petclinic/vets/add
51513408882529245424246001655845665969, 197081116349026146665150392001634406948 -> form [<div _ngcontent-pfv-c129="" class="form-group" hidden="true", 51513408882529245424246001655845665969, http://localhost:8080/petclinic/vets/add
51513408882529245424246001655845665969, 197081116349026146665150392001634406948 -> form [<div _ngcontent-pfv-c129="" class="form-group" hidden="true", 51513408882529245424246001655845665969, http://localhost:8080/petclinic/vets/add
51513408882529245424246001655845665969, 197081116349026146665150392001634406948 -> form [<div _ngcontent-pfv-c129="" class="form-group" hidden="true", 255859130751046738216079994604115125216, http://localhost:8080/petclinic/vets/add
255859130751046738216079994604115125216, 17069647069270495106581673929475241066 -> form [<div _ngcontent-pfv-c129="" class="form-group" hidden="true", 153026709185554415823506186322438569169, http://localhost:8080/petclinic/vets/add
49422149324400457114317816287120169614, None, 49422149324400457114317816287120169614, http://localhost:8080/petclinic/
49422149324400457114317816287120169614, 284492790300726650541628165585824716079 -> a ['Veterinarians', <span _ngcontent-wdl-c45="" class="caret", 74849793808848032408097070206027864246, http://localhost:8080/petclinic/
74849793808848032408097070206027864246, 258433483618430299353887643619472032240 -> a [<span _ngcontent-wdl-c45="" aria-hidden="true" class="glyphicon glyphicon-plus", 226321264437896678066783544823465103778, http://localhost:8080/petclinic/vets/add
226321264437896678066783544823465103778, 202331014875360364183067095619262968428 -> form [<div _ngcontent-wdl-c129="" class="form-group" hidden="true", 235557940427700672109601708783865512465, http://localhost:8080/petclinic/vets/add
235557940427700672109601708783865512465, 115681307386089672134837133996621575775 -> form [<div _ngcontent-wdl-c129="" class="form-group" hidden="true", 51513408882529245424246001655845665969, http://localhost:8080/petclinic/vets/add
51513408882529245424246001655845665969, 185568671907599955809100484465838416956 -> form [<div _ngcontent-wdl-c129="" class="form-group" hidden="true", 51513408882529245424246001655845665969, http://localhost:8080/petclinic/vets/add
51513408882529245424246001655845665969, 185568671907599955809100484465838416956 -> form [<div _ngcontent-wdl-c129="" class="form-group" hidden="true", 161067220518863477469171153815741314375, http://localhost:8080/petclinic/vets/add
161067220518863477469171153815741314375, 279006010964914245159419114252179776851 -> form [<div _ngcontent-wdl-c129="" class="form-group" hidden="true", 109867259234220508183005512264483892170, http://localhost:8080/petclinic/vets/add
109867259234220508183005512264483892170, 209370539864447055399709540966964929889 -> form [<div _ngcontent-wdl-c129="" class="form-group" hidden="true", 109867259234220508183005512264483892170, http://localhost:8080/petclinic/vets/add
49422149324400457114317816287120169614, None, 49422149324400457114317816287120169614, http://localhost:8080/petclinic/
49422149324400457114317816287120169614, 141451563981473779250555377627557591218 -> a [<span _ngcontent-bis-c45="" aria-hidden="true" class="glyphicon glyphicon-th-list", 29471666746861938259470438044637749945, http://localhost:8080/petclinic/specialties
29471666746861938259470438044637749945, 303675221858762215192012905307045847481 -> button [' Add ']{}, 35742322003424371479105068301184530812, http://localhost:8080/petclinic/specialties
35742322003424371479105068301184530812, 168373994324934930285824972227090808146 -> form [<div _ngcontent-bis-c131="" class="form-group" hidden="true", 23070611681096224325828408058557080713, http://localhost:8080/petclinic/specialties
23070611681096224325828408058557080713, 221468595311994826394729247345231169422 -> form [<div _ngcontent-bis-c131="" class="form-group" hidden="true", 23070611681096224325828408058557080713, http://localhost:8080/petclinic/specialties
23070611681096224325828408058557080713, 221468595311994826394729247345231169422 -> form [<div _ngcontent-bis-c131="" class="form-group" hidden="true", 23070611681096224325828408058557080713, http://localhost:8080/petclinic/specialties
23070611681096224325828408058557080713, 221468595311994826394729247345231169422 -> form [<div _ngcontent-bis-c131="" class="form-group" hidden="true", 186878816811282920559094049017676329765, http://localhost:8080/petclinic/specialties
186878816811282920559094049017676329765, 5418922555629660142500648909687199789 -> form [<div _ngcontent-bis-c131="" class="form-group" hidden="true", 186878816811282920559094049017676329765, http://localhost:8080/petclinic/specialties
186878816811282920559094049017676329765, 5418922555629660142500648909687199789 -> form [<div _ngcontent-bis-c131="" class="form-group" hidden="true", 186878816811282920559094049017676329765, http://localhost:8080/petclinic/specialties
49422149324400457114317816287120169614, None, 49422149324400457114317816287120169614, http://localhost:8080/petclinic/
49422149324400457114317816287120169614, 309124102237288549362306142387496908887 -> a ['Owners', <span _ngcontent-hoe-c45="" class="caret", 203789904488100118908646339278060037750, http://localhost:8080/petclinic/
203789904488100118908646339278060037750, 232572035508590321587411951712458458788 -> a ['Owners', <span _ngcontent-hoe-c45="" class="caret", 49422149324400457114317816287120169614, http://localhost:8080/petclinic/
49422149324400457114317816287120169614, 309124102237288549362306142387496908887 -> a ['Owners', <span _ngcontent-hoe-c45="" class="caret", 203789904488100118908646339278060037750, http://localhost:8080/petclinic/
203789904488100118908646339278060037750, 60609589647675418984015826687495153790 -> a [<span _ngcontent-hoe-c45="" aria-hidden="true" class="glyphicon glyphicon-search", 78740306530144466887276250096410088985, http://localhost:8080/petclinic/owners
78740306530144466887276250096410088985, 86743129700486067895532415616278064744 -> a ['Jean Coleman']{'routerlinkactive': 'active', 'ng-reflect-router-link-active': 'active', 'ng-reflect-router-link': '/owners/', 'href': '/petclinic/owners/6'}, 283061653387014097649994530766968264167, http://localhost:8080/petclinic/owners/6
283061653387014097649994530766968264167, 187151684874937294720766962182775302606 -> button ['Add New Pet']{}, 159600867169540149451524222401835534715, http://localhost:8080/petclinic/owners/6
159600867169540149451524222401835534715, 120105143147261467087634340568033986600 -> form [<div _ngcontent-hoe-c118="" class="form-group" hidden="true", 71918357287429545308482199606765793915, http://localhost:8080/petclinic/owners/6/pets/add
71918357287429545308482199606765793915, 306478003174928153704351232833735162038 -> form [<div _ngcontent-hoe-c118="" class="form-group" hidden="true", 71918357287429545308482199606765793915, http://localhost:8080/petclinic/owners/6/pets/add
49422149324400457114317816287120169614, None, 49422149324400457114317816287120169614, http://localhost:8080/petclinic/
49422149324400457114317816287120169614, None, 49422149324400457114317816287120169614, http://localhost:8080/petclinic/
49422149324400457114317816287120169614, 56793010682348970845645123576003646966 -> a [<span _ngcontent-fni-c45="" aria-hidden="true" class="glyphicon glyphicon-th-list", 29471666746861938259470438044637749945, http://localhost:8080/petclinic/specialties
29471666746861938259470438044637749945, 303675221858762215192012905307045847481 -> button [' Add ']{}, 35742322003424371479105068301184530812, http://localhost:8080/petclinic/specialties
35742322003424371479105068301184530812, 32122267341680451292865640961855851585 -> form [<div _ngcontent-fni-c131="" class="form-group" hidden="true", 23070611681096224325828408058557080713, http://localhost:8080/petclinic/specialties
23070611681096224325828408058557080713, 153636738894205873171990075288545197073 -> form [<div _ngcontent-fni-c131="" class="form-group" hidden="true", 23070611681096224325828408058557080713, http://localhost:8080/petclinic/specialties
23070611681096224325828408058557080713, 153636738894205873171990075288545197073 -> form [<div _ngcontent-fni-c131="" class="form-group" hidden="true", 23070611681096224325828408058557080713, http://localhost:8080/petclinic/specialties
23070611681096224325828408058557080713, 153636738894205873171990075288545197073 -> form [<div _ngcontent-fni-c131="" class="form-group" hidden="true", 186878816811282920559094049017676329765, http://localhost:8080/petclinic/specialties
186878816811282920559094049017676329765, 169813751870171274401094730775212532139 -> form [<div _ngcontent-fni-c131="" class="form-group" hidden="true", 186878816811282920559094049017676329765, http://localhost:8080/petclinic/specialties
186878816811282920559094049017676329765, 169813751870171274401094730775212532139 -> form [<div _ngcontent-fni-c131="" class="form-group" hidden="true", 186878816811282920559094049017676329765, http://localhost:8080/petclinic/specialties
49422149324400457114317816287120169614, None, 49422149324400457114317816287120169614, http://localhost:8080/petclinic/
49422149324400457114317816287120169614, None, 49422149324400457114317816287120169614, http://localhost:8080/petclinic/
49422149324400457114317816287120169614, 81357006690395640714413591924090932953 -> a [<span _ngcontent-sas-c45="" aria-hidden="true" class="glyphicon glyphicon-th-list", 29471666746861938259470438044637749945, http://localhost:8080/petclinic/specialties
29471666746861938259470438044637749945, 303675221858762215192012905307045847481 -> button [' Add ']{}, 35742322003424371479105068301184530812, http://localhost:8080/petclinic/specialties
35742322003424371479105068301184530812, 290360692171585046350541141481699457048 -> form [<div _ngcontent-sas-c131="" class="form-group" hidden="true", 23070611681096224325828408058557080713, http://localhost:8080/petclinic/specialties
23070611681096224325828408058557080713, 112244933324577164287600370551765604282 -> form [<div _ngcontent-sas-c131="" class="form-group" hidden="true", 23070611681096224325828408058557080713, http://localhost:8080/petclinic/specialties
23070611681096224325828408058557080713, 112244933324577164287600370551765604282 -> form [<div _ngcontent-sas-c131="" class="form-group" hidden="true", 23070611681096224325828408058557080713, http://localhost:8080/petclinic/specialties
23070611681096224325828408058557080713, 112244933324577164287600370551765604282 -> form [<div _ngcontent-sas-c131="" class="form-group" hidden="true", 186878816811282920559094049017676329765, http://localhost:8080/petclinic/specialties
186878816811282920559094049017676329765, 117250838281031751396321649086875480984 -> form [<div _ngcontent-sas-c131="" class="form-group" hidden="true", 186878816811282920559094049017676329765, http://localhost:8080/petclinic/specialties
186878816811282920559094049017676329765, 117250838281031751396321649086875480984 -> form [<div _ngcontent-sas-c131="" class="form-group" hidden="true", 186878816811282920559094049017676329765, http://localhost:8080/petclinic/specialties
49422149324400457114317816287120169614, None, 49422149324400457114317816287120169614, http://localhost:8080/petclinic/
49422149324400457114317816287120169614, None, 49422149324400457114317816287120169614, http://localhost:8080/petclinic/
49422149324400457114317816287120169614, 37278549490677851299789611847052078188 -> a ['Owners', <span _ngcontent-qfc-c45="" class="caret", 203789904488100118908646339278060037750, http://localhost:8080/petclinic/
203789904488100118908646339278060037750, 67024844093764780751108560220297348203 -> a [<span _ngcontent-qfc-c45="" aria-hidden="true" class="glyphicon glyphicon-plus", 282167456026102075406891693572033620368, http://localhost:8080/petclinic/owners/add
282167456026102075406891693572033620368, 121217641283604355853516383570550398651 -> button ['Back']{'type': 'button'}, 198349928341156416954726297591028442855, http://localhost:8080/petclinic/owners/add
198349928341156416954726297591028442855, 275436544267981883029602161764947987792 -> form [<div _ngcontent-qfc-c48="" class="form-group", 156231776062337559418163726098861693852, http://localhost:8080/petclinic/owners
156231776062337559418163726098861693852, 86743129700486067895532415616278064744 -> a ['Jean Coleman']{'routerlinkactive': 'active', 'ng-reflect-router-link-active': 'active', 'ng-reflect-router-link': '/owners/', 'href': '/petclinic/owners/6'}, 10760385590586619850791525043264505897, http://localhost:8080/petclinic/owners/6
10760385590586619850791525043264505897, 294100183813799222122381201632833353673 -> button ['Edit Visit']{}, 104319026200738866180251416797864023803, http://localhost:8080/petclinic/owners/6
104319026200738866180251416797864023803, 296098039941399661068775222716384537671 -> button [<span class="mat-button-wrapper", 332795827204885702548647968635284313840, http://localhost:8080/petclinic/visits/4/edit
332795827204885702548647968635284313840, 29936846528279029052905744915114357711 -> button [<span class="mat-button-wrapper", 219064508916855926420570543311141134774, http://localhost:8080/petclinic/visits/4/edit
49422149324400457114317816287120169614, None, 49422149324400457114317816287120169614, http://localhost:8080/petclinic/
49422149324400457114317816287120169614, None, 49422149324400457114317816287120169614, http://localhost:8080/petclinic/
49422149324400457114317816287120169614, 232913253578005128814210792261126205344 -> a [<span _ngcontent-kfr-c45="" aria-hidden="true" class="glyphicon glyphicon-th-list", 187110338963979782282488112566288551919, http://localhost:8080/petclinic/pettypes
187110338963979782282488112566288551919, 175539530991800879594449004961932208641 -> button ['Delete']{}, 187110338963979782282488112566288551919, http://localhost:8080/petclinic/pettypes
49422149324400457114317816287120169614, None, 49422149324400457114317816287120169614, http://localhost:8080/petclinic/
49422149324400457114317816287120169614, None, 49422149324400457114317816287120169614, http://localhost:8080/petclinic/
49422149324400457114317816287120169614, 266568078427936099156166725172137727951 -> a [<span _ngcontent-lsp-c45="" aria-hidden="true" class="glyphicon glyphicon-th-list", 103202848111064700794010324597522949968, http://localhost:8080/petclinic/pettypes
103202848111064700794010324597522949968, 72602955079352731327874698425826022808 -> button ['Edit']{}, 333739039776501058041216633972796880597, http://localhost:8080/petclinic/pettypes
333739039776501058041216633972796880597, 264069797182894728361263273307511404600 -> form [<div _ngcontent-lsp-c124="" class="form-group" hidden="true", 213475802590738605132533343222025644659, http://localhost:8080/petclinic/pettypes/7/edit
213475802590738605132533343222025644659, 75436682286952503248973572214256067761 -> form [<div _ngcontent-lsp-c124="" class="form-group" hidden="true", 213475802590738605132533343222025644659, http://localhost:8080/petclinic/pettypes/7/edit
213475802590738605132533343222025644659, 75436682286952503248973572214256067761 -> form [<div _ngcontent-lsp-c124="" class="form-group" hidden="true", 213475802590738605132533343222025644659, http://localhost:8080/petclinic/pettypes/7/edit
213475802590738605132533343222025644659, 75436682286952503248973572214256067761 -> form [<div _ngcontent-lsp-c124="" class="form-group" hidden="true", 66511384836923715518230635172091634799, http://localhost:8080/petclinic/pettypes/7/edit
49422149324400457114317816287120169614, None, 49422149324400457114317816287120169614, http://localhost:8080/petclinic/
49422149324400457114317816287120169614, 258090889807677236552894178228166505333 -> a ['Veterinarians', <span _ngcontent-vhr-c45="" class="caret", 74849793808848032408097070206027864246, http://localhost:8080/petclinic/
74849793808848032408097070206027864246, 154690569022227814921029704232969067130 -> a [<span _ngcontent-vhr-c45="" aria-hidden="true" class="glyphicon glyphicon-search", 237868233564155934757128202015004741474, http://localhost:8080/petclinic/vets
237868233564155934757128202015004741474, 156541344850502344101188167639879920108 -> button ['Add Vet']{}, 260706244791257485496027837704690829215, http://localhost:8080/petclinic/vets
260706244791257485496027837704690829215, 295838396778114588098210976513047747599 -> form [<div _ngcontent-vhr-c129="" class="form-group" hidden="true", 51513408882529245424246001655845665969, http://localhost:8080/petclinic/vets/add
51513408882529245424246001655845665969, 160417370504305990965561326628470155951 -> form [<div _ngcontent-vhr-c129="" class="form-group" hidden="true", 51513408882529245424246001655845665969, http://localhost:8080/petclinic/vets/add
51513408882529245424246001655845665969, 160417370504305990965561326628470155951 -> form [<div _ngcontent-vhr-c129="" class="form-group" hidden="true", 51513408882529245424246001655845665969, http://localhost:8080/petclinic/vets/add
51513408882529245424246001655845665969, 160417370504305990965561326628470155951 -> form [<div _ngcontent-vhr-c129="" class="form-group" hidden="true", 206250734160968995747234367462501347596, http://localhost:8080/petclinic/vets/add
49422149324400457114317816287120169614, None, 49422149324400457114317816287120169614, http://localhost:8080/petclinic/
49422149324400457114317816287120169614, 243716622391417721817419162812494522474 -> a ['Veterinarians', <span _ngcontent-jwk-c45="" class="caret", 74849793808848032408097070206027864246, http://localhost:8080/petclinic/
74849793808848032408097070206027864246, 321206286668803662940377144527896173143 -> a ['Veterinarians', <span _ngcontent-jwk-c45="" class="caret", 49422149324400457114317816287120169614, http://localhost:8080/petclinic/
49422149324400457114317816287120169614, 243716622391417721817419162812494522474 -> a ['Veterinarians', <span _ngcontent-jwk-c45="" class="caret", 74849793808848032408097070206027864246, http://localhost:8080/petclinic/
74849793808848032408097070206027864246, 241337626354936367345857691626816801684 -> a [<span _ngcontent-jwk-c45="" aria-hidden="true" class="glyphicon glyphicon-plus", 226321264437896678066783544823465103778, http://localhost:8080/petclinic/vets/add
226321264437896678066783544823465103778, 324976934198779259934337411206705856297 -> form [<div _ngcontent-jwk-c129="" class="form-group" hidden="true", 33209804406029569798485091707109282557, http://localhost:8080/petclinic/vets/add
33209804406029569798485091707109282557, 218042220709033343062301131085261444249 -> form [<div _ngcontent-jwk-c129="" class="form-group" hidden="true", 51513408882529245424246001655845665969, http://localhost:8080/petclinic/vets/add
51513408882529245424246001655845665969, 328063109552518737507278262878375706502 -> form [<div _ngcontent-jwk-c129="" class="form-group" hidden="true", 51513408882529245424246001655845665969, http://localhost:8080/petclinic/vets/add
51513408882529245424246001655845665969, 328063109552518737507278262878375706502 -> form [<div _ngcontent-jwk-c129="" class="form-group" hidden="true", 214687612954817151298948540615963321079, http://localhost:8080/petclinic/vets/add
49422149324400457114317816287120169614, None, 49422149324400457114317816287120169614, http://localhost:8080/petclinic/
49422149324400457114317816287120169614, 44353454894244142940516089042088361625 -> a [<span _ngcontent-ghv-c45="" aria-hidden="true" class="glyphicon glyphicon-th-list", 134189795149972729354316022356326701435, http://localhost:8080/petclinic/pettypes
134189795149972729354316022356326701435, 303675221858762215192012905307045847481 -> button [' Add ']{}, 55788835313460066556259613033915812386, http://localhost:8080/petclinic/pettypes
55788835313460066556259613033915812386, 143402255823536169973301981759563214527 -> form [<div _ngcontent-ghv-c122="" class="form-group" hidden="true", 338867339791273808078553272024509698366, http://localhost:8080/petclinic/pettypes
338867339791273808078553272024509698366, 230316165157270910093395831048578808810 -> form [<div _ngcontent-ghv-c122="" class="form-group" hidden="true", 338867339791273808078553272024509698366, http://localhost:8080/petclinic/pettypes
338867339791273808078553272024509698366, 230316165157270910093395831048578808810 -> form [<div _ngcontent-ghv-c122="" class="form-group" hidden="true", 338867339791273808078553272024509698366, http://localhost:8080/petclinic/pettypes
338867339791273808078553272024509698366, 230316165157270910093395831048578808810 -> form [<div _ngcontent-ghv-c122="" class="form-group" hidden="true", 231885911479690024197848353363957526087, http://localhost:8080/petclinic/pettypes
231885911479690024197848353363957526087, 86518089506163501634629576291779735036 -> button ['Save']{'type': 'submit'}, 314026835404908241504887405106772169637, http://localhost:8080/petclinic/pettypes
49422149324400457114317816287120169614, None, 49422149324400457114317816287120169614, http://localhost:8080/petclinic/
49422149324400457114317816287120169614, 64510574559504368203056477878073307125 -> a [<span _ngcontent-wjm-c45="" aria-hidden="true" class="glyphicon glyphicon-th-list", 134189795149972729354316022356326701435, http://localhost:8080/petclinic/pettypes
134189795149972729354316022356326701435, 303675221858762215192012905307045847481 -> button [' Add ']{}, 55788835313460066556259613033915812386, http://localhost:8080/petclinic/pettypes
55788835313460066556259613033915812386, 75504866674189451302745641842895961254 -> form [<div _ngcontent-wjm-c122="" class="form-group" hidden="true", 338867339791273808078553272024509698366, http://localhost:8080/petclinic/pettypes
338867339791273808078553272024509698366, 173767107505596645258475136991106852804 -> form [<div _ngcontent-wjm-c122="" class="form-group" hidden="true", 338867339791273808078553272024509698366, http://localhost:8080/petclinic/pettypes
338867339791273808078553272024509698366, 173767107505596645258475136991106852804 -> form [<div _ngcontent-wjm-c122="" class="form-group" hidden="true", 338867339791273808078553272024509698366, http://localhost:8080/petclinic/pettypes
338867339791273808078553272024509698366, 173767107505596645258475136991106852804 -> form [<div _ngcontent-wjm-c122="" class="form-group" hidden="true", 231885911479690024197848353363957526087, http://localhost:8080/petclinic/pettypes
231885911479690024197848353363957526087, 86518089506163501634629576291779735036 -> button ['Save']{'type': 'submit'}, 113039165385097715461541843625176512394, http://localhost:8080/petclinic/pettypes
49422149324400457114317816287120169614, None, 49422149324400457114317816287120169614, http://localhost:8080/petclinic/
49422149324400457114317816287120169614, 265748686453599053125755937059510358603 -> a [<span _ngcontent-phb-c45="" aria-hidden="true" class="glyphicon glyphicon-th-list", 29471666746861938259470438044637749945, http://localhost:8080/petclinic/specialties
29471666746861938259470438044637749945, 303675221858762215192012905307045847481 -> button [' Add ']{}, 35742322003424371479105068301184530812, http://localhost:8080/petclinic/specialties
35742322003424371479105068301184530812, 251821944621430911438553496198175878823 -> form [<div _ngcontent-phb-c131="" class="form-group" hidden="true", 23070611681096224325828408058557080713, http://localhost:8080/petclinic/specialties
23070611681096224325828408058557080713, 4750985056909981138356908163132320972 -> form [<div _ngcontent-phb-c131="" class="form-group" hidden="true", 23070611681096224325828408058557080713, http://localhost:8080/petclinic/specialties
23070611681096224325828408058557080713, 4750985056909981138356908163132320972 -> form [<div _ngcontent-phb-c131="" class="form-group" hidden="true", 23070611681096224325828408058557080713, http://localhost:8080/petclinic/specialties
23070611681096224325828408058557080713, 4750985056909981138356908163132320972 -> form [<div _ngcontent-phb-c131="" class="form-group" hidden="true", 186878816811282920559094049017676329765, http://localhost:8080/petclinic/specialties
186878816811282920559094049017676329765, 195528524723702742415498333362545663746 -> form [<div _ngcontent-phb-c131="" class="form-group" hidden="true", 186878816811282920559094049017676329765, http://localhost:8080/petclinic/specialties
186878816811282920559094049017676329765, 195528524723702742415498333362545663746 -> form [<div _ngcontent-phb-c131="" class="form-group" hidden="true", 186878816811282920559094049017676329765, http://localhost:8080/petclinic/specialties
49422149324400457114317816287120169614, None, 49422149324400457114317816287120169614, http://localhost:8080/petclinic/
49422149324400457114317816287120169614, 57439077234666994033013620386438944728 -> a ['Veterinarians', <span _ngcontent-ued-c45="" class="caret", 74849793808848032408097070206027864246, http://localhost:8080/petclinic/
74849793808848032408097070206027864246, 227700172846782562983169523814904562131 -> a ['Veterinarians', <span _ngcontent-ued-c45="" class="caret", 49422149324400457114317816287120169614, http://localhost:8080/petclinic/
49422149324400457114317816287120169614, 57439077234666994033013620386438944728 -> a ['Veterinarians', <span _ngcontent-ued-c45="" class="caret", 74849793808848032408097070206027864246, http://localhost:8080/petclinic/
74849793808848032408097070206027864246, 237343948953189365723820714603676600616 -> a [<span _ngcontent-ued-c45="" aria-hidden="true" class="glyphicon glyphicon-plus", 226321264437896678066783544823465103778, http://localhost:8080/petclinic/vets/add
226321264437896678066783544823465103778, 53749991864717169399114924274550210593 -> form [<div _ngcontent-ued-c129="" class="form-group" hidden="true", 33209804406029569798485091707109282557, http://localhost:8080/petclinic/vets/add
33209804406029569798485091707109282557, 154238134939555129754854742388479972431 -> form [<div _ngcontent-ued-c129="" class="form-group" hidden="true", 51513408882529245424246001655845665969, http://localhost:8080/petclinic/vets/add
51513408882529245424246001655845665969, 7964983016533003568462639749097892318 -> form [<div _ngcontent-ued-c129="" class="form-group" hidden="true", 51513408882529245424246001655845665969, http://localhost:8080/petclinic/vets/add
51513408882529245424246001655845665969, 7964983016533003568462639749097892318 -> form [<div _ngcontent-ued-c129="" class="form-group" hidden="true", 51513408882529245424246001655845665969, http://localhost:8080/petclinic/vets/add
49422149324400457114317816287120169614, None, 49422149324400457114317816287120169614, http://localhost:8080/petclinic/
49422149324400457114317816287120169614, 146168033697271120662693160545999582393 -> a [<span _ngcontent-yff-c45="" aria-hidden="true" class="glyphicon glyphicon-th-list", 29471666746861938259470438044637749945, http://localhost:8080/petclinic/specialties
29471666746861938259470438044637749945, 303675221858762215192012905307045847481 -> button [' Add ']{}, 35742322003424371479105068301184530812, http://localhost:8080/petclinic/specialties
35742322003424371479105068301184530812, 210085391320260030175626378248389767892 -> form [<div _ngcontent-yff-c131="" class="form-group" hidden="true", 23070611681096224325828408058557080713, http://localhost:8080/petclinic/specialties
23070611681096224325828408058557080713, 332868723265991197307077257757064346594 -> form [<div _ngcontent-yff-c131="" class="form-group" hidden="true", 23070611681096224325828408058557080713, http://localhost:8080/petclinic/specialties
23070611681096224325828408058557080713, 332868723265991197307077257757064346594 -> form [<div _ngcontent-yff-c131="" class="form-group" hidden="true", 186878816811282920559094049017676329765, http://localhost:8080/petclinic/specialties
186878816811282920559094049017676329765, 250285560073524346573918070232071705410 -> form [<div _ngcontent-yff-c131="" class="form-group" hidden="true", 186878816811282920559094049017676329765, http://localhost:8080/petclinic/specialties
186878816811282920559094049017676329765, 250285560073524346573918070232071705410 -> form [<div _ngcontent-yff-c131="" class="form-group" hidden="true", 186878816811282920559094049017676329765, http://localhost:8080/petclinic/specialties
186878816811282920559094049017676329765, 250285560073524346573918070232071705410 -> form [<div _ngcontent-yff-c131="" class="form-group" hidden="true", 186878816811282920559094049017676329765, http://localhost:8080/petclinic/specialties
49422149324400457114317816287120169614, None, 49422149324400457114317816287120169614, http://localhost:8080/petclinic/
49422149324400457114317816287120169614, 306648284819450586673672034113900496412 -> a ['Owners', <span _ngcontent-ird-c45="" class="caret", 203789904488100118908646339278060037750, http://localhost:8080/petclinic/
203789904488100118908646339278060037750, 49053489776746636431826725123189640344 -> a [<span _ngcontent-ird-c45="" aria-hidden="true" class="glyphicon glyphicon-search", 10417054449244868931024619191777552431, http://localhost:8080/petclinic/owners
10417054449244868931024619191777552431, 130548507169488833835925864026939470261 -> a ['Maria Escobito']{'routerlinkactive': 'active', 'ng-reflect-router-link-active': 'active', 'ng-reflect-router-link': '/owners/', 'href': '/petclinic/owners/8'}, 141403640263730357715962344076628369149, http://localhost:8080/petclinic/owners/8
49422149324400457114317816287120169614, None, 49422149324400457114317816287120169614, http://localhost:8080/petclinic/
49422149324400457114317816287120169614, 204325470688327026993845381560916093410 -> a ['Veterinarians', <span _ngcontent-vac-c45="" class="caret", 74849793808848032408097070206027864246, http://localhost:8080/petclinic/
74849793808848032408097070206027864246, 303452706640187500890127555399168587927 -> a ['Veterinarians', <span _ngcontent-vac-c45="" class="caret", 49422149324400457114317816287120169614, http://localhost:8080/petclinic/
49422149324400457114317816287120169614, 204325470688327026993845381560916093410 -> a ['Veterinarians', <span _ngcontent-vac-c45="" class="caret", 74849793808848032408097070206027864246, http://localhost:8080/petclinic/
74849793808848032408097070206027864246, 248833553130873112888200249598939282532 -> a [<span _ngcontent-vac-c45="" aria-hidden="true" class="glyphicon glyphicon-search", 237868233564155934757128202015004741474, http://localhost:8080/petclinic/vets
237868233564155934757128202015004741474, 156541344850502344101188167639879920108 -> button ['Add Vet']{}, 260706244791257485496027837704690829215, http://localhost:8080/petclinic/vets
260706244791257485496027837704690829215, 88093199550666365195889215708386276128 -> form [<div _ngcontent-vac-c129="" class="form-group" hidden="true", 33209804406029569798485091707109282557, http://localhost:8080/petclinic/vets/add
33209804406029569798485091707109282557, 199870874122648913792436955009722368982 -> form [<div _ngcontent-vac-c129="" class="form-group" hidden="true", 51513408882529245424246001655845665969, http://localhost:8080/petclinic/vets/add
51513408882529245424246001655845665969, 161374677723630247243888461197180588812 -> form [<div _ngcontent-vac-c129="" class="form-group" hidden="true", 51513408882529245424246001655845665969, http://localhost:8080/petclinic/vets/add
49422149324400457114317816287120169614, None, 49422149324400457114317816287120169614, http://localhost:8080/petclinic/
49422149324400457114317816287120169614, None, 49422149324400457114317816287120169614, http://localhost:8080/petclinic/
49422149324400457114317816287120169614, 153791813934388621825058463921203847451 -> a [<span _ngcontent-jfm-c45="" aria-hidden="true" class="glyphicon glyphicon-th-list", 134189795149972729354316022356326701435, http://localhost:8080/petclinic/pettypes
134189795149972729354316022356326701435, 303675221858762215192012905307045847481 -> button [' Add ']{}, 55788835313460066556259613033915812386, http://localhost:8080/petclinic/pettypes
55788835313460066556259613033915812386, 154403792624218022018193506614064798205 -> form [<div _ngcontent-jfm-c122="" class="form-group" hidden="true", 338867339791273808078553272024509698366, http://localhost:8080/petclinic/pettypes
338867339791273808078553272024509698366, 24318041120401397549307285047453827656 -> form [<div _ngcontent-jfm-c122="" class="form-group" hidden="true", 338867339791273808078553272024509698366, http://localhost:8080/petclinic/pettypes
338867339791273808078553272024509698366, 24318041120401397549307285047453827656 -> form [<div _ngcontent-jfm-c122="" class="form-group" hidden="true", 338867339791273808078553272024509698366, http://localhost:8080/petclinic/pettypes
338867339791273808078553272024509698366, 24318041120401397549307285047453827656 -> form [<div _ngcontent-jfm-c122="" class="form-group" hidden="true", 231885911479690024197848353363957526087, http://localhost:8080/petclinic/pettypes
231885911479690024197848353363957526087, 86518089506163501634629576291779735036 -> button ['Save']{'type': 'submit'}, 72750100521917349916952808631709406607, http://localhost:8080/petclinic/pettypes
49422149324400457114317816287120169614, None, 49422149324400457114317816287120169614, http://localhost:8080/petclinic/
49422149324400457114317816287120169614, None, 49422149324400457114317816287120169614, http://localhost:8080/petclinic/
49422149324400457114317816287120169614, 261210792420568380116528357235467852002 -> a [<span _ngcontent-bmd-c45="" aria-hidden="true" class="glyphicon glyphicon-th-list", 29471666746861938259470438044637749945, http://localhost:8080/petclinic/specialties
29471666746861938259470438044637749945, 303675221858762215192012905307045847481 -> button [' Add ']{}, 35742322003424371479105068301184530812, http://localhost:8080/petclinic/specialties
35742322003424371479105068301184530812, 224885674116768318882985951585643271117 -> form [<div _ngcontent-bmd-c131="" class="form-group" hidden="true", 23070611681096224325828408058557080713, http://localhost:8080/petclinic/specialties
23070611681096224325828408058557080713, 212028679772731697286569473934002494234 -> form [<div _ngcontent-bmd-c131="" class="form-group" hidden="true", 23070611681096224325828408058557080713, http://localhost:8080/petclinic/specialties
23070611681096224325828408058557080713, 212028679772731697286569473934002494234 -> form [<div _ngcontent-bmd-c131="" class="form-group" hidden="true", 23070611681096224325828408058557080713, http://localhost:8080/petclinic/specialties
23070611681096224325828408058557080713, 212028679772731697286569473934002494234 -> form [<div _ngcontent-bmd-c131="" class="form-group" hidden="true", 186878816811282920559094049017676329765, http://localhost:8080/petclinic/specialties
186878816811282920559094049017676329765, 242348452222896327236990847878139009379 -> form [<div _ngcontent-bmd-c131="" class="form-group" hidden="true", 186878816811282920559094049017676329765, http://localhost:8080/petclinic/specialties
186878816811282920559094049017676329765, 242348452222896327236990847878139009379 -> form [<div _ngcontent-bmd-c131="" class="form-group" hidden="true", 186878816811282920559094049017676329765, http://localhost:8080/petclinic/specialties
49422149324400457114317816287120169614, None, 49422149324400457114317816287120169614, http://localhost:8080/petclinic/
49422149324400457114317816287120169614, 86016063415706125712826125058924943571 -> a [<span _ngcontent-dwe-c45="" aria-hidden="true" class="glyphicon glyphicon-th-list", 29471666746861938259470438044637749945, http://localhost:8080/petclinic/specialties
29471666746861938259470438044637749945, 303675221858762215192012905307045847481 -> button [' Add ']{}, 35742322003424371479105068301184530812, http://localhost:8080/petclinic/specialties
35742322003424371479105068301184530812, 253064146510869732245319900679866713202 -> form [<div _ngcontent-dwe-c131="" class="form-group" hidden="true", 23070611681096224325828408058557080713, http://localhost:8080/petclinic/specialties
23070611681096224325828408058557080713, 139225449717281861534018989774165261597 -> form [<div _ngcontent-dwe-c131="" class="form-group" hidden="true", 23070611681096224325828408058557080713, http://localhost:8080/petclinic/specialties
23070611681096224325828408058557080713, 139225449717281861534018989774165261597 -> form [<div _ngcontent-dwe-c131="" class="form-group" hidden="true", 23070611681096224325828408058557080713, http://localhost:8080/petclinic/specialties
23070611681096224325828408058557080713, 139225449717281861534018989774165261597 -> form [<div _ngcontent-dwe-c131="" class="form-group" hidden="true", 186878816811282920559094049017676329765, http://localhost:8080/petclinic/specialties
186878816811282920559094049017676329765, 235734810062657558889174325925645912932 -> form [<div _ngcontent-dwe-c131="" class="form-group" hidden="true", 186878816811282920559094049017676329765, http://localhost:8080/petclinic/specialties
186878816811282920559094049017676329765, 235734810062657558889174325925645912932 -> form [<div _ngcontent-dwe-c131="" class="form-group" hidden="true", 186878816811282920559094049017676329765, http://localhost:8080/petclinic/specialties
49422149324400457114317816287120169614, None, 49422149324400457114317816287120169614, http://localhost:8080/petclinic/
49422149324400457114317816287120169614, 165831857755396278586326785659894743107 -> a ['Owners', <span _ngcontent-qwg-c45="" class="caret", 203789904488100118908646339278060037750, http://localhost:8080/petclinic/
203789904488100118908646339278060037750, 29973708553813120869467946343677735159 -> a [<span _ngcontent-qwg-c45="" aria-hidden="true" class="glyphicon glyphicon-search", 10417054449244868931024619191777552431, http://localhost:8080/petclinic/owners
10417054449244868931024619191777552431, 9420239736182740664576764600812043670 -> form [<div _ngcontent-qwg-c48="" class="form-group", 169852774831187082521900082709650901329, http://localhost:8080/petclinic/owners
169852774831187082521900082709650901329, 336758559761863504362493465745528001473 -> form [<div _ngcontent-qwg-c48="" class="form-group", 169852774831187082521900082709650901329, http://localhost:8080/petclinic/owners
169852774831187082521900082709650901329, 336758559761863504362493465745528001473 -> form [<div _ngcontent-qwg-c48="" class="form-group", 69588781855733871270586156272990094164, http://localhost:8080/petclinic/owners
69588781855733871270586156272990094164, 59798624411671913103222813965023579344 -> form [<div _ngcontent-qwg-c48="" class="form-group", 246131679876422628692996735054690453723, http://localhost:8080/petclinic/owners
246131679876422628692996735054690453723, 265860316932711556856943891743632194270 -> form [<div _ngcontent-qwg-c48="" class="form-group", 246131679876422628692996735054690453723, http://localhost:8080/petclinic/owners
246131679876422628692996735054690453723, 265860316932711556856943891743632194270 -> form [<div _ngcontent-qwg-c48="" class="form-group", 3196757016036543954384034333334349048, http://localhost:8080/petclinic/owners
49422149324400457114317816287120169614, None, 49422149324400457114317816287120169614, http://localhost:8080/petclinic/
49422149324400457114317816287120169614, None, 49422149324400457114317816287120169614, http://localhost:8080/petclinic/
49422149324400457114317816287120169614, None, 49422149324400457114317816287120169614, http://localhost:8080/petclinic/
49422149324400457114317816287120169614, 243967835281757771166537828317358944615 -> a [<span _ngcontent-qmy-c45="" aria-hidden="true" class="glyphicon glyphicon-th-list", 134189795149972729354316022356326701435, http://localhost:8080/petclinic/pettypes
134189795149972729354316022356326701435, 303675221858762215192012905307045847481 -> button [' Add ']{}, 55788835313460066556259613033915812386, http://localhost:8080/petclinic/pettypes
55788835313460066556259613033915812386, 41726143142159823658796752551081701812 -> form [<div _ngcontent-qmy-c122="" class="form-group" hidden="true", 338867339791273808078553272024509698366, http://localhost:8080/petclinic/pettypes
338867339791273808078553272024509698366, 103762984013275163584177073694747469650 -> form [<div _ngcontent-qmy-c122="" class="form-group" hidden="true", 338867339791273808078553272024509698366, http://localhost:8080/petclinic/pettypes
338867339791273808078553272024509698366, 103762984013275163584177073694747469650 -> form [<div _ngcontent-qmy-c122="" class="form-group" hidden="true", 338867339791273808078553272024509698366, http://localhost:8080/petclinic/pettypes
338867339791273808078553272024509698366, 103762984013275163584177073694747469650 -> form [<div _ngcontent-qmy-c122="" class="form-group" hidden="true", 231885911479690024197848353363957526087, http://localhost:8080/petclinic/pettypes
231885911479690024197848353363957526087, 86518089506163501634629576291779735036 -> button ['Save']{'type': 'submit'}, 81529062993016427640718709484993255255, http://localhost:8080/petclinic/pettypes
49422149324400457114317816287120169614, None, 49422149324400457114317816287120169614, http://localhost:8080/petclinic/
49422149324400457114317816287120169614, 131529286617631924663417397929930888197 -> a [<span _ngcontent-yel-c45="" aria-hidden="true" class="glyphicon glyphicon-th-list", 134189795149972729354316022356326701435, http://localhost:8080/petclinic/pettypes
134189795149972729354316022356326701435, 303675221858762215192012905307045847481 -> button [' Add ']{}, 55788835313460066556259613033915812386, http://localhost:8080/petclinic/pettypes
55788835313460066556259613033915812386, 80105457533148313347451427942917300623 -> form [<div _ngcontent-yel-c122="" class="form-group" hidden="true", 338867339791273808078553272024509698366, http://localhost:8080/petclinic/pettypes
338867339791273808078553272024509698366, 30618747241548318999232896436754535926 -> form [<div _ngcontent-yel-c122="" class="form-group" hidden="true", 338867339791273808078553272024509698366, http://localhost:8080/petclinic/pettypes
338867339791273808078553272024509698366, 30618747241548318999232896436754535926 -> form [<div _ngcontent-yel-c122="" class="form-group" hidden="true", 338867339791273808078553272024509698366, http://localhost:8080/petclinic/pettypes
338867339791273808078553272024509698366, 30618747241548318999232896436754535926 -> form [<div _ngcontent-yel-c122="" class="form-group" hidden="true", 231885911479690024197848353363957526087, http://localhost:8080/petclinic/pettypes
231885911479690024197848353363957526087, 86518089506163501634629576291779735036 -> button ['Save']{'type': 'submit'}, 197261102778154606915186193678706921118, http://localhost:8080/petclinic/pettypes
49422149324400457114317816287120169614, None, 49422149324400457114317816287120169614, http://localhost:8080/petclinic/
49422149324400457114317816287120169614, 17006203153501877035663307239874888214 -> a ['Owners', <span _ngcontent-sbt-c45="" class="caret", 203789904488100118908646339278060037750, http://localhost:8080/petclinic/
203789904488100118908646339278060037750, 20799375988166679401226976829478343367 -> a [<span _ngcontent-sbt-c45="" aria-hidden="true" class="glyphicon glyphicon-search", 10417054449244868931024619191777552431, http://localhost:8080/petclinic/owners
10417054449244868931024619191777552431, 274391299094404109842465263563211873373 -> a ['George Franklin']{'routerlinkactive': 'active', 'ng-reflect-router-link-active': 'active', 'ng-reflect-router-link': '/owners/', 'href': '/petclinic/owners/1'}, 172018227748366554050487924009934632469, http://localhost:8080/petclinic/owners/1
172018227748366554050487924009934632469, 203300616001271301991890314801009421604 -> button ['Delete Pet']{}, 172018227748366554050487924009934632469, http://localhost:8080/petclinic/owners/1
172018227748366554050487924009934632469, 187151684874937294720766962182775302606 -> button ['Add New Pet']{}, 339040719137941175907296521322078583549, http://localhost:8080/petclinic/owners/1
49422149324400457114317816287120169614, None, 49422149324400457114317816287120169614, http://localhost:8080/petclinic/
49422149324400457114317816287120169614, None, 49422149324400457114317816287120169614, http://localhost:8080/petclinic/
49422149324400457114317816287120169614, 47739739345198271665622545030235989106 -> a [<span _ngcontent-nqi-c45="" aria-hidden="true" class="glyphicon glyphicon-th-list", 29471666746861938259470438044637749945, http://localhost:8080/petclinic/specialties
29471666746861938259470438044637749945, 303675221858762215192012905307045847481 -> button [' Add ']{}, 35742322003424371479105068301184530812, http://localhost:8080/petclinic/specialties
35742322003424371479105068301184530812, 207119553551373909029435319873695596436 -> form [<div _ngcontent-nqi-c131="" class="form-group" hidden="true", 23070611681096224325828408058557080713, http://localhost:8080/petclinic/specialties
23070611681096224325828408058557080713, 226046546595614970224456305183589457224 -> form [<div _ngcontent-nqi-c131="" class="form-group" hidden="true", 23070611681096224325828408058557080713, http://localhost:8080/petclinic/specialties
23070611681096224325828408058557080713, 226046546595614970224456305183589457224 -> form [<div _ngcontent-nqi-c131="" class="form-group" hidden="true", 23070611681096224325828408058557080713, http://localhost:8080/petclinic/specialties
23070611681096224325828408058557080713, 226046546595614970224456305183589457224 -> form [<div _ngcontent-nqi-c131="" class="form-group" hidden="true", 186878816811282920559094049017676329765, http://localhost:8080/petclinic/specialties
186878816811282920559094049017676329765, 251219295979436544876440409610253585811 -> form [<div _ngcontent-nqi-c131="" class="form-group" hidden="true", 186878816811282920559094049017676329765, http://localhost:8080/petclinic/specialties
186878816811282920559094049017676329765, 251219295979436544876440409610253585811 -> form [<div _ngcontent-nqi-c131="" class="form-group" hidden="true", 186878816811282920559094049017676329765, http://localhost:8080/petclinic/specialties
49422149324400457114317816287120169614, None, 49422149324400457114317816287120169614, http://localhost:8080/petclinic/
49422149324400457114317816287120169614, 119821312396782448349943519821682983030 -> a [<span _ngcontent-fqo-c45="" aria-hidden="true" class="glyphicon glyphicon-th-list", 29471666746861938259470438044637749945, http://localhost:8080/petclinic/specialties
29471666746861938259470438044637749945, 303675221858762215192012905307045847481 -> button [' Add ']{}, 35742322003424371479105068301184530812, http://localhost:8080/petclinic/specialties
35742322003424371479105068301184530812, 209435999609965408772850236990248738526 -> form [<div _ngcontent-fqo-c131="" class="form-group" hidden="true", 23070611681096224325828408058557080713, http://localhost:8080/petclinic/specialties
23070611681096224325828408058557080713, 276096797634424406986705951230908146052 -> form [<div _ngcontent-fqo-c131="" class="form-group" hidden="true", 23070611681096224325828408058557080713, http://localhost:8080/petclinic/specialties
23070611681096224325828408058557080713, 276096797634424406986705951230908146052 -> form [<div _ngcontent-fqo-c131="" class="form-group" hidden="true", 23070611681096224325828408058557080713, http://localhost:8080/petclinic/specialties
23070611681096224325828408058557080713, 276096797634424406986705951230908146052 -> form [<div _ngcontent-fqo-c131="" class="form-group" hidden="true", 186878816811282920559094049017676329765, http://localhost:8080/petclinic/specialties
186878816811282920559094049017676329765, 51563644874029751381802362703317561187 -> form [<div _ngcontent-fqo-c131="" class="form-group" hidden="true", 186878816811282920559094049017676329765, http://localhost:8080/petclinic/specialties
186878816811282920559094049017676329765, 51563644874029751381802362703317561187 -> form [<div _ngcontent-fqo-c131="" class="form-group" hidden="true", 186878816811282920559094049017676329765, http://localhost:8080/petclinic/specialties
49422149324400457114317816287120169614, None, 49422149324400457114317816287120169614, http://localhost:8080/petclinic/
49422149324400457114317816287120169614, None, 49422149324400457114317816287120169614, http://localhost:8080/petclinic/
49422149324400457114317816287120169614, 178350626854752967333815919553913192043 -> a ['Veterinarians', <span _ngcontent-jpk-c45="" class="caret", 74849793808848032408097070206027864246, http://localhost:8080/petclinic/
74849793808848032408097070206027864246, 220280331691173430050935049569299613345 -> a [<span _ngcontent-jpk-c45="" aria-hidden="true" class="glyphicon glyphicon-search", 237868233564155934757128202015004741474, http://localhost:8080/petclinic/vets
237868233564155934757128202015004741474, 156541344850502344101188167639879920108 -> button ['Add Vet']{}, 260706244791257485496027837704690829215, http://localhost:8080/petclinic/vets
260706244791257485496027837704690829215, 25007881247847673725690836669713054042 -> form [<div _ngcontent-jpk-c129="" class="form-group" hidden="true", 33209804406029569798485091707109282557, http://localhost:8080/petclinic/vets/add
33209804406029569798485091707109282557, 31327481404359828664776019561874335273 -> form [<div _ngcontent-jpk-c129="" class="form-group" hidden="true", 51513408882529245424246001655845665969, http://localhost:8080/petclinic/vets/add
51513408882529245424246001655845665969, 65686001667158396281670792597995757206 -> form [<div _ngcontent-jpk-c129="" class="form-group" hidden="true", 51513408882529245424246001655845665969, http://localhost:8080/petclinic/vets/add
51513408882529245424246001655845665969, 65686001667158396281670792597995757206 -> form [<div _ngcontent-jpk-c129="" class="form-group" hidden="true", 51513408882529245424246001655845665969, http://localhost:8080/petclinic/vets/add
51513408882529245424246001655845665969, 65686001667158396281670792597995757206 -> form [<div _ngcontent-jpk-c129="" class="form-group" hidden="true", 228592536419612562945230686900810857245, http://localhost:8080/petclinic/vets/add
49422149324400457114317816287120169614, None, 49422149324400457114317816287120169614, http://localhost:8080/petclinic/
49422149324400457114317816287120169614, 249077921315842414027331462930274659731 -> a [<span _ngcontent-chg-c45="" aria-hidden="true" class="glyphicon glyphicon-th-list", 29471666746861938259470438044637749945, http://localhost:8080/petclinic/specialties
29471666746861938259470438044637749945, 303675221858762215192012905307045847481 -> button [' Add ']{}, 35742322003424371479105068301184530812, http://localhost:8080/petclinic/specialties
35742322003424371479105068301184530812, 141968225663336266486915431424741121041 -> form [<div _ngcontent-chg-c131="" class="form-group" hidden="true", 23070611681096224325828408058557080713, http://localhost:8080/petclinic/specialties
23070611681096224325828408058557080713, 23025597717699086068735508795612024157 -> form [<div _ngcontent-chg-c131="" class="form-group" hidden="true", 23070611681096224325828408058557080713, http://localhost:8080/petclinic/specialties
23070611681096224325828408058557080713, 23025597717699086068735508795612024157 -> form [<div _ngcontent-chg-c131="" class="form-group" hidden="true", 186878816811282920559094049017676329765, http://localhost:8080/petclinic/specialties
186878816811282920559094049017676329765, 132711120112948336708174452821590067905 -> form [<div _ngcontent-chg-c131="" class="form-group" hidden="true", 186878816811282920559094049017676329765, http://localhost:8080/petclinic/specialties
186878816811282920559094049017676329765, 132711120112948336708174452821590067905 -> form [<div _ngcontent-chg-c131="" class="form-group" hidden="true", 186878816811282920559094049017676329765, http://localhost:8080/petclinic/specialties
186878816811282920559094049017676329765, 132711120112948336708174452821590067905 -> form [<div _ngcontent-chg-c131="" class="form-group" hidden="true", 186878816811282920559094049017676329765, http://localhost:8080/petclinic/specialties
49422149324400457114317816287120169614, None, 49422149324400457114317816287120169614, http://localhost:8080/petclinic/
49422149324400457114317816287120169614, 145624777761079466560356313470221567528 -> a ['Veterinarians', <span _ngcontent-qud-c45="" class="caret", 74849793808848032408097070206027864246, http://localhost:8080/petclinic/
74849793808848032408097070206027864246, 176810650395824483986681957336158932056 -> a [<span _ngcontent-qud-c45="" aria-hidden="true" class="glyphicon glyphicon-plus", 226321264437896678066783544823465103778, http://localhost:8080/petclinic/vets/add
226321264437896678066783544823465103778, 305704009868512944628697677043068801441 -> form [<div _ngcontent-qud-c129="" class="form-group" hidden="true", 235557940427700672109601708783865512465, http://localhost:8080/petclinic/vets/add
235557940427700672109601708783865512465, 92644025233999963133718917282090170378 -> form [<div _ngcontent-qud-c129="" class="form-group" hidden="true", 51513408882529245424246001655845665969, http://localhost:8080/petclinic/vets/add
51513408882529245424246001655845665969, 194946077025781795091736146257160464463 -> form [<div _ngcontent-qud-c129="" class="form-group" hidden="true", 51513408882529245424246001655845665969, http://localhost:8080/petclinic/vets/add
51513408882529245424246001655845665969, 194946077025781795091736146257160464463 -> form [<div _ngcontent-qud-c129="" class="form-group" hidden="true", 329008140243239071024175500666752179212, http://localhost:8080/petclinic/vets/add
329008140243239071024175500666752179212, 260892031642486353269999331710797676825 -> form [<div _ngcontent-qud-c129="" class="form-group" hidden="true", 141110113670359811155698933939676160352, http://localhost:8080/petclinic/vets/add
141110113670359811155698933939676160352, 166440463557383537292053253532736338839 -> form [<div _ngcontent-qud-c129="" class="form-group" hidden="true", 141110113670359811155698933939676160352, http://localhost:8080/petclinic/vets/add
49422149324400457114317816287120169614, None, 49422149324400457114317816287120169614, http://localhost:8080/petclinic/
49422149324400457114317816287120169614, 84965996206510200203700605896393709836 -> a ['Veterinarians', <span _ngcontent-lln-c45="" class="caret", 74849793808848032408097070206027864246, http://localhost:8080/petclinic/
74849793808848032408097070206027864246, 183479751512763538020128233330953121330 -> a [<span _ngcontent-lln-c45="" aria-hidden="true" class="glyphicon glyphicon-search", 237868233564155934757128202015004741474, http://localhost:8080/petclinic/vets
237868233564155934757128202015004741474, 156541344850502344101188167639879920108 -> button ['Add Vet']{}, 260706244791257485496027837704690829215, http://localhost:8080/petclinic/vets
260706244791257485496027837704690829215, 222754138325910611825629467181698594325 -> form [<div _ngcontent-lln-c129="" class="form-group" hidden="true", 235557940427700672109601708783865512465, http://localhost:8080/petclinic/vets/add
235557940427700672109601708783865512465, 101534013607770348672181722287075463453 -> form [<div _ngcontent-lln-c129="" class="form-group" hidden="true", 51513408882529245424246001655845665969, http://localhost:8080/petclinic/vets/add
51513408882529245424246001655845665969, 328497919855938364114739475601465664693 -> form [<div _ngcontent-lln-c129="" class="form-group" hidden="true", 51513408882529245424246001655845665969, http://localhost:8080/petclinic/vets/add
51513408882529245424246001655845665969, 328497919855938364114739475601465664693 -> form [<div _ngcontent-lln-c129="" class="form-group" hidden="true", 338045093932798416377356889999520137315, http://localhost:8080/petclinic/vets/add
338045093932798416377356889999520137315, 80562431499162313773554566939732795496 -> form [<div _ngcontent-lln-c129="" class="form-group" hidden="true", 141110113670359811155698933939676160352, http://localhost:8080/petclinic/vets/add
49422149324400457114317816287120169614, None, 49422149324400457114317816287120169614, http://localhost:8080/petclinic/
49422149324400457114317816287120169614, 118492106268724923182818901589270794598 -> a ['Owners', <span _ngcontent-eej-c45="" class="caret", 203789904488100118908646339278060037750, http://localhost:8080/petclinic/
203789904488100118908646339278060037750, 222479620860802332204306210611121836308 -> a [<span _ngcontent-eej-c45="" aria-hidden="true" class="glyphicon glyphicon-plus", 282167456026102075406891693572033620368, http://localhost:8080/petclinic/owners/add
282167456026102075406891693572033620368, 121217641283604355853516383570550398651 -> button ['Back']{'type': 'button'}, 320950711149893205033505510558957965572, http://localhost:8080/petclinic/owners/add
320950711149893205033505510558957965572, 35780075375323700744953722110119041818 -> a ['Jeff Black']{'routerlinkactive': 'active', 'ng-reflect-router-link-active': 'active', 'ng-reflect-router-link': '/owners/', 'href': '/petclinic/owners/7'}, 255948596082738868307235326954188238611, http://localhost:8080/petclinic/owners/7
255948596082738868307235326954188238611, 139589689717891870241471574486234527687 -> button ['Edit Owner']{}, 93767839275242229111442241003704247727, http://localhost:8080/petclinic/owners/7
93767839275242229111442241003704247727, 190423431381312203796657421341749683170 -> form [<div _ngcontent-eej-c53="" class="form-group" hidden="true", 55068585457592037554515780256800081240, http://localhost:8080/petclinic/owners/7/edit
55068585457592037554515780256800081240, 260691384102428536717689985060115386041 -> form [<div _ngcontent-eej-c53="" class="form-group" hidden="true", 290398067461418728804549374187472872383, http://localhost:8080/petclinic/owners/7/edit
290398067461418728804549374187472872383, 262954252341693091069054759773858621442 -> form [<div _ngcontent-eej-c53="" class="form-group" hidden="true", 290398067461418728804549374187472872383, http://localhost:8080/petclinic/owners/7/edit
49422149324400457114317816287120169614, None, 49422149324400457114317816287120169614, http://localhost:8080/petclinic/
49422149324400457114317816287120169614, None, 49422149324400457114317816287120169614, http://localhost:8080/petclinic/
49422149324400457114317816287120169614, 107353093554749993602867533670218645261 -> a ['Owners', <span _ngcontent-ffo-c45="" class="caret", 203789904488100118908646339278060037750, http://localhost:8080/petclinic/
203789904488100118908646339278060037750, 126467647063930007921654082985870801828 -> a ['Owners', <span _ngcontent-ffo-c45="" class="caret", 49422149324400457114317816287120169614, http://localhost:8080/petclinic/
49422149324400457114317816287120169614, 107353093554749993602867533670218645261 -> a ['Owners', <span _ngcontent-ffo-c45="" class="caret", 203789904488100118908646339278060037750, http://localhost:8080/petclinic/
203789904488100118908646339278060037750, 245560803158547544976453082105405065715 -> a [<span _ngcontent-ffo-c45="" aria-hidden="true" class="glyphicon glyphicon-plus", 282167456026102075406891693572033620368, http://localhost:8080/petclinic/owners/add
282167456026102075406891693572033620368, 121217641283604355853516383570550398651 -> button ['Back']{'type': 'button'}, 320950711149893205033505510558957965572, http://localhost:8080/petclinic/owners/add
320950711149893205033505510558957965572, 35780075375323700744953722110119041818 -> a ['Jeff Black']{'routerlinkactive': 'active', 'ng-reflect-router-link-active': 'active', 'ng-reflect-router-link': '/owners/', 'href': '/petclinic/owners/7'}, 255948596082738868307235326954188238611, http://localhost:8080/petclinic/owners/7
255948596082738868307235326954188238611, 139589689717891870241471574486234527687 -> button ['Edit Owner']{}, 93767839275242229111442241003704247727, http://localhost:8080/petclinic/owners/7
93767839275242229111442241003704247727, 4799054451472755913377383088763233469 -> button [' Back ']{}, 255948596082738868307235326954188238611, http://localhost:8080/petclinic/owners/7
49422149324400457114317816287120169614, None, 49422149324400457114317816287120169614, http://localhost:8080/petclinic/
49422149324400457114317816287120169614, None, 49422149324400457114317816287120169614, http://localhost:8080/petclinic/
49422149324400457114317816287120169614, None, 49422149324400457114317816287120169614, http://localhost:8080/petclinic/
49422149324400457114317816287120169614, None, 49422149324400457114317816287120169614, http://localhost:8080/petclinic/
49422149324400457114317816287120169614, None, 49422149324400457114317816287120169614, http://localhost:8080/petclinic/
49422149324400457114317816287120169614, 185058311337220188282030080516356205563 -> a ['Owners', <span _ngcontent-xvl-c45="" class="caret", 203789904488100118908646339278060037750, http://localhost:8080/petclinic/
203789904488100118908646339278060037750, 233987310770743457892419700882647068579 -> a [<span _ngcontent-xvl-c45="" aria-hidden="true" class="glyphicon glyphicon-plus", 282167456026102075406891693572033620368, http://localhost:8080/petclinic/owners/add
282167456026102075406891693572033620368, 121217641283604355853516383570550398651 -> button ['Back']{'type': 'button'}, 320950711149893205033505510558957965572, http://localhost:8080/petclinic/owners/add
320950711149893205033505510558957965572, 35780075375323700744953722110119041818 -> a ['Jeff Black']{'routerlinkactive': 'active', 'ng-reflect-router-link-active': 'active', 'ng-reflect-router-link': '/owners/', 'href': '/petclinic/owners/7'}, 255948596082738868307235326954188238611, http://localhost:8080/petclinic/owners/7
255948596082738868307235326954188238611, 139589689717891870241471574486234527687 -> button ['Edit Owner']{}, 93767839275242229111442241003704247727, http://localhost:8080/petclinic/owners/7
93767839275242229111442241003704247727, 181687770084014638812163921128299128195 -> form [<div _ngcontent-xvl-c53="" class="form-group" hidden="true", 99001162627138700276438991767132204627, http://localhost:8080/petclinic/owners/7/edit
99001162627138700276438991767132204627, 131825150126475161269804513711646605435 -> form [<div _ngcontent-xvl-c53="" class="form-group" hidden="true", 290398067461418728804549374187472872383, http://localhost:8080/petclinic/owners/7/edit
290398067461418728804549374187472872383, 141936985059692780107011541162848600550 -> form [<div _ngcontent-xvl-c53="" class="form-group" hidden="true", 290398067461418728804549374187472872383, http://localhost:8080/petclinic/owners/7/edit
49422149324400457114317816287120169614, None, 49422149324400457114317816287120169614, http://localhost:8080/petclinic/
49422149324400457114317816287120169614, 121976946998661306426723038891065460234 -> a [<span _ngcontent-gxh-c45="" aria-hidden="true" class="glyphicon glyphicon-th-list", 29471666746861938259470438044637749945, http://localhost:8080/petclinic/specialties
29471666746861938259470438044637749945, 303675221858762215192012905307045847481 -> button [' Add ']{}, 35742322003424371479105068301184530812, http://localhost:8080/petclinic/specialties
35742322003424371479105068301184530812, 64770158144477416230274735369991912672 -> form [<div _ngcontent-gxh-c131="" class="form-group" hidden="true", 23070611681096224325828408058557080713, http://localhost:8080/petclinic/specialties
23070611681096224325828408058557080713, 55897105590418213292190496586619550276 -> form [<div _ngcontent-gxh-c131="" class="form-group" hidden="true", 23070611681096224325828408058557080713, http://localhost:8080/petclinic/specialties
23070611681096224325828408058557080713, 55897105590418213292190496586619550276 -> form [<div _ngcontent-gxh-c131="" class="form-group" hidden="true", 186878816811282920559094049017676329765, http://localhost:8080/petclinic/specialties
186878816811282920559094049017676329765, 53599637469004832407612130624953763863 -> form [<div _ngcontent-gxh-c131="" class="form-group" hidden="true", 186878816811282920559094049017676329765, http://localhost:8080/petclinic/specialties
186878816811282920559094049017676329765, 53599637469004832407612130624953763863 -> form [<div _ngcontent-gxh-c131="" class="form-group" hidden="true", 186878816811282920559094049017676329765, http://localhost:8080/petclinic/specialties
186878816811282920559094049017676329765, 53599637469004832407612130624953763863 -> form [<div _ngcontent-gxh-c131="" class="form-group" hidden="true", 186878816811282920559094049017676329765, http://localhost:8080/petclinic/specialties
49422149324400457114317816287120169614, None, 49422149324400457114317816287120169614, http://localhost:8080/petclinic/
49422149324400457114317816287120169614, 84134914258216854885722886499695318660 -> a [<span _ngcontent-frw-c45="" aria-hidden="true" class="glyphicon glyphicon-th-list", 29471666746861938259470438044637749945, http://localhost:8080/petclinic/specialties
29471666746861938259470438044637749945, 303675221858762215192012905307045847481 -> button [' Add ']{}, 35742322003424371479105068301184530812, http://localhost:8080/petclinic/specialties
35742322003424371479105068301184530812, 244268996435911200353038418884718936919 -> form [<div _ngcontent-frw-c131="" class="form-group" hidden="true", 23070611681096224325828408058557080713, http://localhost:8080/petclinic/specialties
23070611681096224325828408058557080713, 12887129635229389268227654857589620567 -> form [<div _ngcontent-frw-c131="" class="form-group" hidden="true", 23070611681096224325828408058557080713, http://localhost:8080/petclinic/specialties
23070611681096224325828408058557080713, 12887129635229389268227654857589620567 -> form [<div _ngcontent-frw-c131="" class="form-group" hidden="true", 186878816811282920559094049017676329765, http://localhost:8080/petclinic/specialties
186878816811282920559094049017676329765, 176282463908608709558111685582090197545 -> form [<div _ngcontent-frw-c131="" class="form-group" hidden="true", 186878816811282920559094049017676329765, http://localhost:8080/petclinic/specialties
186878816811282920559094049017676329765, 176282463908608709558111685582090197545 -> form [<div _ngcontent-frw-c131="" class="form-group" hidden="true", 186878816811282920559094049017676329765, http://localhost:8080/petclinic/specialties
186878816811282920559094049017676329765, 176282463908608709558111685582090197545 -> form [<div _ngcontent-frw-c131="" class="form-group" hidden="true", 186878816811282920559094049017676329765, http://localhost:8080/petclinic/specialties
49422149324400457114317816287120169614, None, 49422149324400457114317816287120169614, http://localhost:8080/petclinic/
49422149324400457114317816287120169614, 203579979832580612953211333224183878149 -> a ['Owners', <span _ngcontent-rtd-c45="" class="caret", 203789904488100118908646339278060037750, http://localhost:8080/petclinic/
203789904488100118908646339278060037750, 126955417653833894538644563496617832822 -> a ['Owners', <span _ngcontent-rtd-c45="" class="caret", 49422149324400457114317816287120169614, http://localhost:8080/petclinic/
49422149324400457114317816287120169614, 203579979832580612953211333224183878149 -> a ['Owners', <span _ngcontent-rtd-c45="" class="caret", 203789904488100118908646339278060037750, http://localhost:8080/petclinic/
203789904488100118908646339278060037750, 176618251192721313681489860372775013669 -> a [<span _ngcontent-rtd-c45="" aria-hidden="true" class="glyphicon glyphicon-plus", 282167456026102075406891693572033620368, http://localhost:8080/petclinic/owners/add
282167456026102075406891693572033620368, 121217641283604355853516383570550398651 -> button ['Back']{'type': 'button'}, 320950711149893205033505510558957965572, http://localhost:8080/petclinic/owners/add
320950711149893205033505510558957965572, 35780075375323700744953722110119041818 -> a ['Jeff Black']{'routerlinkactive': 'active', 'ng-reflect-router-link-active': 'active', 'ng-reflect-router-link': '/owners/', 'href': '/petclinic/owners/7'}, 255948596082738868307235326954188238611, http://localhost:8080/petclinic/owners/7
255948596082738868307235326954188238611, 139589689717891870241471574486234527687 -> button ['Edit Owner']{}, 93767839275242229111442241003704247727, http://localhost:8080/petclinic/owners/7
93767839275242229111442241003704247727, 96377017247240656359405778399273423358 -> form [<div _ngcontent-rtd-c53="" class="form-group" hidden="true", 55068585457592037554515780256800081240, http://localhost:8080/petclinic/owners/7/edit
49422149324400457114317816287120169614, None, 49422149324400457114317816287120169614, http://localhost:8080/petclinic/
49422149324400457114317816287120169614, 97990706054917559855595008371690141830 -> a ['Veterinarians', <span _ngcontent-wrk-c45="" class="caret", 74849793808848032408097070206027864246, http://localhost:8080/petclinic/
74849793808848032408097070206027864246, 59849955726035837939312663968945477622 -> a [<span _ngcontent-wrk-c45="" aria-hidden="true" class="glyphicon glyphicon-search", 237868233564155934757128202015004741474, http://localhost:8080/petclinic/vets
237868233564155934757128202015004741474, 156541344850502344101188167639879920108 -> button ['Add Vet']{}, 260706244791257485496027837704690829215, http://localhost:8080/petclinic/vets
260706244791257485496027837704690829215, 3000141664754631796452814094240091056 -> form [<div _ngcontent-wrk-c129="" class="form-group" hidden="true", 33209804406029569798485091707109282557, http://localhost:8080/petclinic/vets/add
33209804406029569798485091707109282557, 205171771309861438674693048291651372020 -> form [<div _ngcontent-wrk-c129="" class="form-group" hidden="true", 51513408882529245424246001655845665969, http://localhost:8080/petclinic/vets/add
51513408882529245424246001655845665969, 112891065468874807645505104901645794666 -> form [<div _ngcontent-wrk-c129="" class="form-group" hidden="true", 51513408882529245424246001655845665969, http://localhost:8080/petclinic/vets/add
51513408882529245424246001655845665969, 112891065468874807645505104901645794666 -> form [<div _ngcontent-wrk-c129="" class="form-group" hidden="true", 176911925293780991050607140336500875288, http://localhost:8080/petclinic/vets/add
176911925293780991050607140336500875288, 263996140614736719351640739377582283854 -> form [<div _ngcontent-wrk-c129="" class="form-group" hidden="true", 153026709185554415823506186322438569169, http://localhost:8080/petclinic/vets/add
49422149324400457114317816287120169614, None, 49422149324400457114317816287120169614, http://localhost:8080/petclinic/
49422149324400457114317816287120169614, 284720985031492130007308051223265050325 -> a ['Veterinarians', <span _ngcontent-bng-c45="" class="caret", 74849793808848032408097070206027864246, http://localhost:8080/petclinic/
74849793808848032408097070206027864246, 124052245603768015297562602366037280560 -> a [<span _ngcontent-bng-c45="" aria-hidden="true" class="glyphicon glyphicon-plus", 226321264437896678066783544823465103778, http://localhost:8080/petclinic/vets/add
226321264437896678066783544823465103778, 166932588777169927234607799150599075202 -> form [<div _ngcontent-bng-c129="" class="form-group" hidden="true", 51513408882529245424246001655845665969, http://localhost:8080/petclinic/vets/add
51513408882529245424246001655845665969, 296095318509760286110743583625941830120 -> form [<div _ngcontent-bng-c129="" class="form-group" hidden="true", 51513408882529245424246001655845665969, http://localhost:8080/petclinic/vets/add
51513408882529245424246001655845665969, 296095318509760286110743583625941830120 -> form [<div _ngcontent-bng-c129="" class="form-group" hidden="true", 22550482924055726652595552532957092934, http://localhost:8080/petclinic/vets/add
22550482924055726652595552532957092934, 71550968458893508607895436260608845986 -> form [<div _ngcontent-bng-c129="" class="form-group" hidden="true", 238451040456130586133873871741821886665, http://localhost:8080/petclinic/vets/add
238451040456130586133873871741821886665, 243173153313143412939194784878233111133 -> form [<div _ngcontent-bng-c129="" class="form-group" hidden="true", 238451040456130586133873871741821886665, http://localhost:8080/petclinic/vets/add
238451040456130586133873871741821886665, 243173153313143412939194784878233111133 -> form [<div _ngcontent-bng-c129="" class="form-group" hidden="true", 238451040456130586133873871741821886665, http://localhost:8080/petclinic/vets/add
49422149324400457114317816287120169614, None, 49422149324400457114317816287120169614, http://localhost:8080/petclinic/
49422149324400457114317816287120169614, None, 49422149324400457114317816287120169614, http://localhost:8080/petclinic/
49422149324400457114317816287120169614, 244561238317710952448517356660999287957 -> a [<span _ngcontent-wdf-c45="" aria-hidden="true" class="glyphicon glyphicon-th-list", 134189795149972729354316022356326701435, http://localhost:8080/petclinic/pettypes
134189795149972729354316022356326701435, 303675221858762215192012905307045847481 -> button [' Add ']{}, 55788835313460066556259613033915812386, http://localhost:8080/petclinic/pettypes
55788835313460066556259613033915812386, 91779619081580983184388993571383255696 -> form [<div _ngcontent-wdf-c122="" class="form-group" hidden="true", 338867339791273808078553272024509698366, http://localhost:8080/petclinic/pettypes
338867339791273808078553272024509698366, 115502504250843822045596331541695068307 -> form [<div _ngcontent-wdf-c122="" class="form-group" hidden="true", 338867339791273808078553272024509698366, http://localhost:8080/petclinic/pettypes
338867339791273808078553272024509698366, 115502504250843822045596331541695068307 -> form [<div _ngcontent-wdf-c122="" class="form-group" hidden="true", 338867339791273808078553272024509698366, http://localhost:8080/petclinic/pettypes
338867339791273808078553272024509698366, 115502504250843822045596331541695068307 -> form [<div _ngcontent-wdf-c122="" class="form-group" hidden="true", 231885911479690024197848353363957526087, http://localhost:8080/petclinic/pettypes
231885911479690024197848353363957526087, 86518089506163501634629576291779735036 -> button ['Save']{'type': 'submit'}, 196152175931296025553232591709302390303, http://localhost:8080/petclinic/pettypes
49422149324400457114317816287120169614, None, 49422149324400457114317816287120169614, http://localhost:8080/petclinic/
49422149324400457114317816287120169614, None, 49422149324400457114317816287120169614, http://localhost:8080/petclinic/
49422149324400457114317816287120169614, 86724655643317752909893238298532634793 -> a ['Owners', <span _ngcontent-orx-c45="" class="caret", 203789904488100118908646339278060037750, http://localhost:8080/petclinic/
203789904488100118908646339278060037750, 315847263327177231463899199274372267704 -> a [<span _ngcontent-orx-c45="" aria-hidden="true" class="glyphicon glyphicon-search", 301089951666970558643774077122736946526, http://localhost:8080/petclinic/owners
301089951666970558643774077122736946526, 275207839169098191230515849564823314683 -> a ['Peter McTavish']{'routerlinkactive': 'active', 'ng-reflect-router-link-active': 'active', 'ng-reflect-router-link': '/owners/', 'href': '/petclinic/owners/5'}, 261023333095147269470709766205561058843, http://localhost:8080/petclinic/owners/5
261023333095147269470709766205561058843, 139589689717891870241471574486234527687 -> button ['Edit Owner']{}, 228940777888424145414597881694378748433, http://localhost:8080/petclinic/owners/5
228940777888424145414597881694378748433, 321396641164614195662810863864421882629 -> form [<div _ngcontent-orx-c53="" class="form-group" hidden="true", 113467688317189525835460953315761613903, http://localhost:8080/petclinic/owners/5/edit
113467688317189525835460953315761613903, 70823351275281291016213522404497871891 -> form [<div _ngcontent-orx-c53="" class="form-group" hidden="true", 296775108578273719226989357698493959166, http://localhost:8080/petclinic/owners/5/edit
296775108578273719226989357698493959166, 147178432098872942622042369587341703172 -> form [<div _ngcontent-orx-c53="" class="form-group" hidden="true", 296775108578273719226989357698493959166, http://localhost:8080/petclinic/owners/5/edit
296775108578273719226989357698493959166, 147178432098872942622042369587341703172 -> form [<div _ngcontent-orx-c53="" class="form-group" hidden="true", 30317594068029131265526200918222654920, http://localhost:8080/petclinic/owners/5/edit
49422149324400457114317816287120169614, None, 49422149324400457114317816287120169614, http://localhost:8080/petclinic/
49422149324400457114317816287120169614, 32030626032739272708817497259836839983 -> a ['Owners', <span _ngcontent-xcs-c45="" class="caret", 203789904488100118908646339278060037750, http://localhost:8080/petclinic/
203789904488100118908646339278060037750, 278523943905592037376829253588262794461 -> a [<span _ngcontent-xcs-c45="" aria-hidden="true" class="glyphicon glyphicon-plus", 282167456026102075406891693572033620368, http://localhost:8080/petclinic/owners/add
282167456026102075406891693572033620368, 121217641283604355853516383570550398651 -> button ['Back']{'type': 'button'}, 320950711149893205033505510558957965572, http://localhost:8080/petclinic/owners/add
320950711149893205033505510558957965572, 35780075375323700744953722110119041818 -> a ['Jeff Black']{'routerlinkactive': 'active', 'ng-reflect-router-link-active': 'active', 'ng-reflect-router-link': '/owners/', 'href': '/petclinic/owners/7'}, 255948596082738868307235326954188238611, http://localhost:8080/petclinic/owners/7
255948596082738868307235326954188238611, 139589689717891870241471574486234527687 -> button ['Edit Owner']{}, 93767839275242229111442241003704247727, http://localhost:8080/petclinic/owners/7
93767839275242229111442241003704247727, 23107726197772150050344189500008392953 -> form [<div _ngcontent-xcs-c53="" class="form-group" hidden="true", 99001162627138700276438991767132204627, http://localhost:8080/petclinic/owners/7/edit
99001162627138700276438991767132204627, 171068801364188301414111561240242126209 -> form [<div _ngcontent-xcs-c53="" class="form-group" hidden="true", 290398067461418728804549374187472872383, http://localhost:8080/petclinic/owners/7/edit
290398067461418728804549374187472872383, 4770695877138632737425586403864371565 -> form [<div _ngcontent-xcs-c53="" class="form-group" hidden="true", 290398067461418728804549374187472872383, http://localhost:8080/petclinic/owners/7/edit
49422149324400457114317816287120169614, None, 49422149324400457114317816287120169614, http://localhost:8080/petclinic/
49422149324400457114317816287120169614, 333027528340685692850664499382921786894 -> a [<span _ngcontent-jfn-c45="" aria-hidden="true" class="glyphicon glyphicon-th-list", 134189795149972729354316022356326701435, http://localhost:8080/petclinic/pettypes
134189795149972729354316022356326701435, 303675221858762215192012905307045847481 -> button [' Add ']{}, 55788835313460066556259613033915812386, http://localhost:8080/petclinic/pettypes
55788835313460066556259613033915812386, 221019846624265552811019007109319189426 -> form [<div _ngcontent-jfn-c122="" class="form-group" hidden="true", 338867339791273808078553272024509698366, http://localhost:8080/petclinic/pettypes
338867339791273808078553272024509698366, 232610962514076985510496989975074332345 -> form [<div _ngcontent-jfn-c122="" class="form-group" hidden="true", 338867339791273808078553272024509698366, http://localhost:8080/petclinic/pettypes
338867339791273808078553272024509698366, 232610962514076985510496989975074332345 -> form [<div _ngcontent-jfn-c122="" class="form-group" hidden="true", 338867339791273808078553272024509698366, http://localhost:8080/petclinic/pettypes
338867339791273808078553272024509698366, 232610962514076985510496989975074332345 -> form [<div _ngcontent-jfn-c122="" class="form-group" hidden="true", 231885911479690024197848353363957526087, http://localhost:8080/petclinic/pettypes
231885911479690024197848353363957526087, 86518089506163501634629576291779735036 -> button ['Save']{'type': 'submit'}, 28457298090518016583150004974524454944, http://localhost:8080/petclinic/pettypes
49422149324400457114317816287120169614, None, 49422149324400457114317816287120169614, http://localhost:8080/petclinic/
49422149324400457114317816287120169614, 118366934298744682506790117828264450839 -> a ['Veterinarians', <span _ngcontent-dgo-c45="" class="caret", 74849793808848032408097070206027864246, http://localhost:8080/petclinic/
74849793808848032408097070206027864246, 112754106910636011417968311634798559278 -> a [<span _ngcontent-dgo-c45="" aria-hidden="true" class="glyphicon glyphicon-plus", 226321264437896678066783544823465103778, http://localhost:8080/petclinic/vets/add
226321264437896678066783544823465103778, 212160929551871101574125538657772490411 -> form [<div _ngcontent-dgo-c129="" class="form-group" hidden="true", 235557940427700672109601708783865512465, http://localhost:8080/petclinic/vets/add
235557940427700672109601708783865512465, 47294289437107937932286834722604128913 -> form [<div _ngcontent-dgo-c129="" class="form-group" hidden="true", 51513408882529245424246001655845665969, http://localhost:8080/petclinic/vets/add
51513408882529245424246001655845665969, 319293167786941611662909294826446646862 -> form [<div _ngcontent-dgo-c129="" class="form-group" hidden="true", 51513408882529245424246001655845665969, http://localhost:8080/petclinic/vets/add
51513408882529245424246001655845665969, 319293167786941611662909294826446646862 -> form [<div _ngcontent-dgo-c129="" class="form-group" hidden="true", 49937271502786184688629412945820403627, http://localhost:8080/petclinic/vets/add
49422149324400457114317816287120169614, None, 49422149324400457114317816287120169614, http://localhost:8080/petclinic/
49422149324400457114317816287120169614, None, 49422149324400457114317816287120169614, http://localhost:8080/petclinic/
49422149324400457114317816287120169614, None, 49422149324400457114317816287120169614, http://localhost:8080/petclinic/
49422149324400457114317816287120169614, 183421530127117885990736052500065014730 -> a [<span _ngcontent-uae-c45="" aria-hidden="true" class="glyphicon glyphicon-th-list", 134189795149972729354316022356326701435, http://localhost:8080/petclinic/pettypes
134189795149972729354316022356326701435, 303675221858762215192012905307045847481 -> button [' Add ']{}, 55788835313460066556259613033915812386, http://localhost:8080/petclinic/pettypes
55788835313460066556259613033915812386, 55346794439788206754536561203319775204 -> form [<div _ngcontent-uae-c122="" class="form-group" hidden="true", 338867339791273808078553272024509698366, http://localhost:8080/petclinic/pettypes
338867339791273808078553272024509698366, 97828156384169089960991009012550136097 -> form [<div _ngcontent-uae-c122="" class="form-group" hidden="true", 338867339791273808078553272024509698366, http://localhost:8080/petclinic/pettypes
338867339791273808078553272024509698366, 97828156384169089960991009012550136097 -> form [<div _ngcontent-uae-c122="" class="form-group" hidden="true", 231885911479690024197848353363957526087, http://localhost:8080/petclinic/pettypes
231885911479690024197848353363957526087, 86518089506163501634629576291779735036 -> button ['Save']{'type': 'submit'}, 261834941830509003797804016009074552961, http://localhost:8080/petclinic/pettypes
49422149324400457114317816287120169614, None, 49422149324400457114317816287120169614, http://localhost:8080/petclinic/
49422149324400457114317816287120169614, 104390061132732051877702663780862732558 -> a ['Veterinarians', <span _ngcontent-evc-c45="" class="caret", 74849793808848032408097070206027864246, http://localhost:8080/petclinic/
74849793808848032408097070206027864246, 325155402150702779338666052183297766629 -> a ['Veterinarians', <span _ngcontent-evc-c45="" class="caret", 49422149324400457114317816287120169614, http://localhost:8080/petclinic/
49422149324400457114317816287120169614, 104390061132732051877702663780862732558 -> a ['Veterinarians', <span _ngcontent-evc-c45="" class="caret", 74849793808848032408097070206027864246, http://localhost:8080/petclinic/
74849793808848032408097070206027864246, 239379873800659826205803119901074326794 -> a [<span _ngcontent-evc-c45="" aria-hidden="true" class="glyphicon glyphicon-search", 26984182838009002445202005734125904, http://localhost:8080/petclinic/vets
26984182838009002445202005734125904, 175965388172778083095137939607633328630 -> button ['Delete Vet']{}, 26984182838009002445202005734125904, http://localhost:8080/petclinic/vets
26984182838009002445202005734125904, 329707456084073791286946226186375528724 -> button ['Edit Vet']{}, 238874211337650717887743953566779275046, http://localhost:8080/petclinic/vets
238874211337650717887743953566779275046, 178663222732479893321848883905067712708 -> form [<div _ngcontent-evc-c130="" class="form-group" hidden="true", 170528193722608248196554630467809981701, http://localhost:8080/petclinic/vets/8/edit
170528193722608248196554630467809981701, 242605932214184792754103561669339840653 -> form [<div _ngcontent-evc-c130="" class="form-group" hidden="true", 194317570074003902617396749222182898623, http://localhost:8080/petclinic/vets/8/edit
49422149324400457114317816287120169614, None, 49422149324400457114317816287120169614, http://localhost:8080/petclinic/
49422149324400457114317816287120169614, 307025516412368655089473099922407388443 -> a ['Owners', <span _ngcontent-dpe-c45="" class="caret", 203789904488100118908646339278060037750, http://localhost:8080/petclinic/
203789904488100118908646339278060037750, 4471546883247180982035071273183646092 -> a ['Owners', <span _ngcontent-dpe-c45="" class="caret", 49422149324400457114317816287120169614, http://localhost:8080/petclinic/
49422149324400457114317816287120169614, 307025516412368655089473099922407388443 -> a ['Owners', <span _ngcontent-dpe-c45="" class="caret", 203789904488100118908646339278060037750, http://localhost:8080/petclinic/
203789904488100118908646339278060037750, 224321430251426046750094134922966147562 -> a [<span _ngcontent-dpe-c45="" aria-hidden="true" class="glyphicon glyphicon-search", 301089951666970558643774077122736946526, http://localhost:8080/petclinic/owners
301089951666970558643774077122736946526, 275207839169098191230515849564823314683 -> a ['Peter McTavish']{'routerlinkactive': 'active', 'ng-reflect-router-link-active': 'active', 'ng-reflect-router-link': '/owners/', 'href': '/petclinic/owners/5'}, 261023333095147269470709766205561058843, http://localhost:8080/petclinic/owners/5
261023333095147269470709766205561058843, 139589689717891870241471574486234527687 -> button ['Edit Owner']{}, 228940777888424145414597881694378748433, http://localhost:8080/petclinic/owners/5
228940777888424145414597881694378748433, 4799054451472755913377383088763233469 -> button [' Back ']{}, 261023333095147269470709766205561058843, http://localhost:8080/petclinic/owners/5
261023333095147269470709766205561058843, 139589689717891870241471574486234527687 -> button ['Edit Owner']{}, 261023333095147269470709766205561058843, http://localhost:8080/petclinic/owners/5
49422149324400457114317816287120169614, None, 49422149324400457114317816287120169614, http://localhost:8080/petclinic/
49422149324400457114317816287120169614, None, 49422149324400457114317816287120169614, http://localhost:8080/petclinic/
49422149324400457114317816287120169614, 185372730358602574327604989224836668085 -> a ['Veterinarians', <span _ngcontent-mbr-c45="" class="caret", 74849793808848032408097070206027864246, http://localhost:8080/petclinic/
74849793808848032408097070206027864246, 102120027419870268636216242408935951326 -> a [<span _ngcontent-mbr-c45="" aria-hidden="true" class="glyphicon glyphicon-plus", 226321264437896678066783544823465103778, http://localhost:8080/petclinic/vets/add
226321264437896678066783544823465103778, 286387518977410789838393019147359958539 -> form [<div _ngcontent-mbr-c129="" class="form-group" hidden="true", 51513408882529245424246001655845665969, http://localhost:8080/petclinic/vets/add
51513408882529245424246001655845665969, 234916613540919307717881036711984668282 -> form [<div _ngcontent-mbr-c129="" class="form-group" hidden="true", 51513408882529245424246001655845665969, http://localhost:8080/petclinic/vets/add
51513408882529245424246001655845665969, 234916613540919307717881036711984668282 -> form [<div _ngcontent-mbr-c129="" class="form-group" hidden="true", 51513408882529245424246001655845665969, http://localhost:8080/petclinic/vets/add
51513408882529245424246001655845665969, 234916613540919307717881036711984668282 -> form [<div _ngcontent-mbr-c129="" class="form-group" hidden="true", 13552113143376253477834337910868328314, http://localhost:8080/petclinic/vets/add
13552113143376253477834337910868328314, 142381923121674608312733252633151276735 -> form [<div _ngcontent-mbr-c129="" class="form-group" hidden="true", 139182117879659290488711992992840824337, http://localhost:8080/petclinic/vets/add
139182117879659290488711992992840824337, 130759566953177928841635646934019852005 -> form [<div _ngcontent-mbr-c129="" class="form-group" hidden="true", 139182117879659290488711992992840824337, http://localhost:8080/petclinic/vets/add
49422149324400457114317816287120169614, None, 49422149324400457114317816287120169614, http://localhost:8080/petclinic/
49422149324400457114317816287120169614, 243315443755410134629998932162399405448 -> a [<span _ngcontent-jml-c45="" aria-hidden="true" class="glyphicon glyphicon-th-list", 134189795149972729354316022356326701435, http://localhost:8080/petclinic/pettypes
134189795149972729354316022356326701435, 303675221858762215192012905307045847481 -> button [' Add ']{}, 55788835313460066556259613033915812386, http://localhost:8080/petclinic/pettypes
55788835313460066556259613033915812386, 42546117126422516886631650446111440461 -> form [<div _ngcontent-jml-c122="" class="form-group" hidden="true", 338867339791273808078553272024509698366, http://localhost:8080/petclinic/pettypes
338867339791273808078553272024509698366, 281264821737832105650992249739179047180 -> form [<div _ngcontent-jml-c122="" class="form-group" hidden="true", 338867339791273808078553272024509698366, http://localhost:8080/petclinic/pettypes
338867339791273808078553272024509698366, 281264821737832105650992249739179047180 -> form [<div _ngcontent-jml-c122="" class="form-group" hidden="true", 338867339791273808078553272024509698366, http://localhost:8080/petclinic/pettypes
338867339791273808078553272024509698366, 281264821737832105650992249739179047180 -> form [<div _ngcontent-jml-c122="" class="form-group" hidden="true", 231885911479690024197848353363957526087, http://localhost:8080/petclinic/pettypes
231885911479690024197848353363957526087, 86518089506163501634629576291779735036 -> button ['Save']{'type': 'submit'}, 300983803204067271521390785468888800464, http://localhost:8080/petclinic/pettypes
49422149324400457114317816287120169614, None, 49422149324400457114317816287120169614, http://localhost:8080/petclinic/
49422149324400457114317816287120169614, 313796510302646101499572958143342996767 -> a ['Owners', <span _ngcontent-jbi-c45="" class="caret", 203789904488100118908646339278060037750, http://localhost:8080/petclinic/
203789904488100118908646339278060037750, 285911295125075700834141966605340548112 -> a ['Owners', <span _ngcontent-jbi-c45="" class="caret", 49422149324400457114317816287120169614, http://localhost:8080/petclinic/
49422149324400457114317816287120169614, 313796510302646101499572958143342996767 -> a ['Owners', <span _ngcontent-jbi-c45="" class="caret", 203789904488100118908646339278060037750, http://localhost:8080/petclinic/
203789904488100118908646339278060037750, 289986667233420882130305853306605466806 -> a [<span _ngcontent-jbi-c45="" aria-hidden="true" class="glyphicon glyphicon-search", 301089951666970558643774077122736946526, http://localhost:8080/petclinic/owners
301089951666970558643774077122736946526, 275207839169098191230515849564823314683 -> a ['Peter McTavish']{'routerlinkactive': 'active', 'ng-reflect-router-link-active': 'active', 'ng-reflect-router-link': '/owners/', 'href': '/petclinic/owners/5'}, 261023333095147269470709766205561058843, http://localhost:8080/petclinic/owners/5
261023333095147269470709766205561058843, 187151684874937294720766962182775302606 -> button ['Add New Pet']{}, 24929332150908472775833810240228078289, http://localhost:8080/petclinic/owners/5
49422149324400457114317816287120169614, None, 49422149324400457114317816287120169614, http://localhost:8080/petclinic/
49422149324400457114317816287120169614, None, 49422149324400457114317816287120169614, http://localhost:8080/petclinic/
49422149324400457114317816287120169614, None, 49422149324400457114317816287120169614, http://localhost:8080/petclinic/
49422149324400457114317816287120169614, None, 49422149324400457114317816287120169614, http://localhost:8080/petclinic/
49422149324400457114317816287120169614, 220487158999781279216151432452495095546 -> a ['Owners', <span _ngcontent-hjm-c45="" class="caret", 203789904488100118908646339278060037750, http://localhost:8080/petclinic/
203789904488100118908646339278060037750, 257791135507413578901458786999997370427 -> a ['Owners', <span _ngcontent-hjm-c45="" class="caret", 49422149324400457114317816287120169614, http://localhost:8080/petclinic/
49422149324400457114317816287120169614, 220487158999781279216151432452495095546 -> a ['Owners', <span _ngcontent-hjm-c45="" class="caret", 203789904488100118908646339278060037750, http://localhost:8080/petclinic/
203789904488100118908646339278060037750, 257064982416278546793890891252925424836 -> a [<span _ngcontent-hjm-c45="" aria-hidden="true" class="glyphicon glyphicon-search", 301089951666970558643774077122736946526, http://localhost:8080/petclinic/owners
301089951666970558643774077122736946526, 275207839169098191230515849564823314683 -> a ['Peter McTavish']{'routerlinkactive': 'active', 'ng-reflect-router-link-active': 'active', 'ng-reflect-router-link': '/owners/', 'href': '/petclinic/owners/5'}, 261023333095147269470709766205561058843, http://localhost:8080/petclinic/owners/5
261023333095147269470709766205561058843, 187151684874937294720766962182775302606 -> button ['Add New Pet']{}, 24929332150908472775833810240228078289, http://localhost:8080/petclinic/owners/5
24929332150908472775833810240228078289, 85845545486047703913653384010555564183 -> form [<div _ngcontent-hjm-c118="" class="form-group" hidden="true", 159765332649292177819721798590254354574, http://localhost:8080/petclinic/owners/5/pets/add
159765332649292177819721798590254354574, 274429459951372957159453492714378525752 -> form [<div _ngcontent-hjm-c118="" class="form-group" hidden="true", 165387452650376279294960577030145294541, http://localhost:8080/petclinic/owners/5/pets/add
49422149324400457114317816287120169614, None, 49422149324400457114317816287120169614, http://localhost:8080/petclinic/
49422149324400457114317816287120169614, None, 49422149324400457114317816287120169614, http://localhost:8080/petclinic/
49422149324400457114317816287120169614, None, 49422149324400457114317816287120169614, http://localhost:8080/petclinic/
49422149324400457114317816287120169614, 298753317116021124051919016163547045189 -> a [<span _ngcontent-lxs-c45="" aria-hidden="true" class="glyphicon glyphicon-th-list", 134189795149972729354316022356326701435, http://localhost:8080/petclinic/pettypes
134189795149972729354316022356326701435, 303675221858762215192012905307045847481 -> button [' Add ']{}, 55788835313460066556259613033915812386, http://localhost:8080/petclinic/pettypes
55788835313460066556259613033915812386, 11800737571059321100978499646978725743 -> form [<div _ngcontent-lxs-c122="" class="form-group" hidden="true", 338867339791273808078553272024509698366, http://localhost:8080/petclinic/pettypes
338867339791273808078553272024509698366, 33706981266210315618433926581047941096 -> form [<div _ngcontent-lxs-c122="" class="form-group" hidden="true", 338867339791273808078553272024509698366, http://localhost:8080/petclinic/pettypes
338867339791273808078553272024509698366, 33706981266210315618433926581047941096 -> form [<div _ngcontent-lxs-c122="" class="form-group" hidden="true", 338867339791273808078553272024509698366, http://localhost:8080/petclinic/pettypes
338867339791273808078553272024509698366, 33706981266210315618433926581047941096 -> form [<div _ngcontent-lxs-c122="" class="form-group" hidden="true", 231885911479690024197848353363957526087, http://localhost:8080/petclinic/pettypes
231885911479690024197848353363957526087, 86518089506163501634629576291779735036 -> button ['Save']{'type': 'submit'}, 273117889951890217795538563484373697813, http://localhost:8080/petclinic/pettypes
49422149324400457114317816287120169614, None, 49422149324400457114317816287120169614, http://localhost:8080/petclinic/
49422149324400457114317816287120169614, 245887325833254192482934590521624470315 -> a ['Veterinarians', <span _ngcontent-cfq-c45="" class="caret", 74849793808848032408097070206027864246, http://localhost:8080/petclinic/
74849793808848032408097070206027864246, 139089102660993153579446652899895942154 -> a [<span _ngcontent-cfq-c45="" aria-hidden="true" class="glyphicon glyphicon-plus", 226321264437896678066783544823465103778, http://localhost:8080/petclinic/vets/add
226321264437896678066783544823465103778, 86722503588064935632548771039406700402 -> form [<div _ngcontent-cfq-c129="" class="form-group" hidden="true", 235557940427700672109601708783865512465, http://localhost:8080/petclinic/vets/add
235557940427700672109601708783865512465, 28418883726486694483378350240603145971 -> form [<div _ngcontent-cfq-c129="" class="form-group" hidden="true", 51513408882529245424246001655845665969, http://localhost:8080/petclinic/vets/add
51513408882529245424246001655845665969, 32789087854743543830206031463513142839 -> form [<div _ngcontent-cfq-c129="" class="form-group" hidden="true", 51513408882529245424246001655845665969, http://localhost:8080/petclinic/vets/add
51513408882529245424246001655845665969, 32789087854743543830206031463513142839 -> form [<div _ngcontent-cfq-c129="" class="form-group" hidden="true", 26115954793543734003735753525217924086, http://localhost:8080/petclinic/vets/add
26115954793543734003735753525217924086, 324273752182507975904541306308215092337 -> form [<div _ngcontent-cfq-c129="" class="form-group" hidden="true", 141110113670359811155698933939676160352, http://localhost:8080/petclinic/vets/add
141110113670359811155698933939676160352, 325481778236709532013419185036642358714 -> form [<div _ngcontent-cfq-c129="" class="form-group" hidden="true", 141110113670359811155698933939676160352, http://localhost:8080/petclinic/vets/add
49422149324400457114317816287120169614, None, 49422149324400457114317816287120169614, http://localhost:8080/petclinic/
49422149324400457114317816287120169614, None, 49422149324400457114317816287120169614, http://localhost:8080/petclinic/
49422149324400457114317816287120169614, 248155245500517070993753012987912544757 -> a [<span _ngcontent-fop-c45="" aria-hidden="true" class="glyphicon glyphicon-th-list", 134189795149972729354316022356326701435, http://localhost:8080/petclinic/pettypes
134189795149972729354316022356326701435, 303675221858762215192012905307045847481 -> button [' Add ']{}, 55788835313460066556259613033915812386, http://localhost:8080/petclinic/pettypes
55788835313460066556259613033915812386, 254088869138978934201068774829005912731 -> form [<div _ngcontent-fop-c122="" class="form-group" hidden="true", 338867339791273808078553272024509698366, http://localhost:8080/petclinic/pettypes
338867339791273808078553272024509698366, 269434775056315025429754038639424790745 -> form [<div _ngcontent-fop-c122="" class="form-group" hidden="true", 338867339791273808078553272024509698366, http://localhost:8080/petclinic/pettypes
338867339791273808078553272024509698366, 269434775056315025429754038639424790745 -> form [<div _ngcontent-fop-c122="" class="form-group" hidden="true", 338867339791273808078553272024509698366, http://localhost:8080/petclinic/pettypes
338867339791273808078553272024509698366, 269434775056315025429754038639424790745 -> form [<div _ngcontent-fop-c122="" class="form-group" hidden="true", 231885911479690024197848353363957526087, http://localhost:8080/petclinic/pettypes
231885911479690024197848353363957526087, 86518089506163501634629576291779735036 -> button ['Save']{'type': 'submit'}, 196083141596059308855310807293484670707, http://localhost:8080/petclinic/pettypes
49422149324400457114317816287120169614, None, 49422149324400457114317816287120169614, http://localhost:8080/petclinic/
49422149324400457114317816287120169614, 229992474583241077528659756269509005511 -> a ['Owners', <span _ngcontent-bqv-c45="" class="caret", 203789904488100118908646339278060037750, http://localhost:8080/petclinic/
203789904488100118908646339278060037750, 20741169574362284980448252284923356669 -> a [<span _ngcontent-bqv-c45="" aria-hidden="true" class="glyphicon glyphicon-plus", 282167456026102075406891693572033620368, http://localhost:8080/petclinic/owners/add
282167456026102075406891693572033620368, 121217641283604355853516383570550398651 -> button ['Back']{'type': 'button'}, 320950711149893205033505510558957965572, http://localhost:8080/petclinic/owners/add
320950711149893205033505510558957965572, 35780075375323700744953722110119041818 -> a ['Jeff Black']{'routerlinkactive': 'active', 'ng-reflect-router-link-active': 'active', 'ng-reflect-router-link': '/owners/', 'href': '/petclinic/owners/7'}, 255948596082738868307235326954188238611, http://localhost:8080/petclinic/owners/7
255948596082738868307235326954188238611, 139589689717891870241471574486234527687 -> button ['Edit Owner']{}, 93767839275242229111442241003704247727, http://localhost:8080/petclinic/owners/7
93767839275242229111442241003704247727, 165888967970898764913269285912030959939 -> form [<div _ngcontent-bqv-c53="" class="form-group" hidden="true", 55068585457592037554515780256800081240, http://localhost:8080/petclinic/owners/7/edit
55068585457592037554515780256800081240, 129079081609791887757815048205300792296 -> form [<div _ngcontent-bqv-c53="" class="form-group" hidden="true", 290398067461418728804549374187472872383, http://localhost:8080/petclinic/owners/7/edit
290398067461418728804549374187472872383, 178599362935886639001485410543303209319 -> form [<div _ngcontent-bqv-c53="" class="form-group" hidden="true", 290398067461418728804549374187472872383, http://localhost:8080/petclinic/owners/7/edit
49422149324400457114317816287120169614, None, 49422149324400457114317816287120169614, http://localhost:8080/petclinic/
49422149324400457114317816287120169614, 300674834676828771618196708339819038357 -> a ['Veterinarians', <span _ngcontent-xfa-c45="" class="caret", 74849793808848032408097070206027864246, http://localhost:8080/petclinic/
74849793808848032408097070206027864246, 291342940619970323357210226205811487447 -> a [<span _ngcontent-xfa-c45="" aria-hidden="true" class="glyphicon glyphicon-plus", 226321264437896678066783544823465103778, http://localhost:8080/petclinic/vets/add
226321264437896678066783544823465103778, 309357897493614826839298461849686438700 -> form [<div _ngcontent-xfa-c129="" class="form-group" hidden="true", 51513408882529245424246001655845665969, http://localhost:8080/petclinic/vets/add
51513408882529245424246001655845665969, 147168494047698380511895372321540698841 -> form [<div _ngcontent-xfa-c129="" class="form-group" hidden="true", 51513408882529245424246001655845665969, http://localhost:8080/petclinic/vets/add
51513408882529245424246001655845665969, 147168494047698380511895372321540698841 -> form [<div _ngcontent-xfa-c129="" class="form-group" hidden="true", 51513408882529245424246001655845665969, http://localhost:8080/petclinic/vets/add
51513408882529245424246001655845665969, 147168494047698380511895372321540698841 -> form [<div _ngcontent-xfa-c129="" class="form-group" hidden="true", 252164175629632138051583318587557498463, http://localhost:8080/petclinic/vets/add
252164175629632138051583318587557498463, 223938593759065696047485312221499432368 -> form [<div _ngcontent-xfa-c129="" class="form-group" hidden="true", 153026709185554415823506186322438569169, http://localhost:8080/petclinic/vets/add
153026709185554415823506186322438569169, 121374578407493937707701026873393996629 -> form [<div _ngcontent-xfa-c129="" class="form-group" hidden="true", 153026709185554415823506186322438569169, http://localhost:8080/petclinic/vets/add
49422149324400457114317816287120169614, None, 49422149324400457114317816287120169614, http://localhost:8080/petclinic/
49422149324400457114317816287120169614, None, 49422149324400457114317816287120169614, http://localhost:8080/petclinic/
49422149324400457114317816287120169614, 256878097500726470870337279102735098786 -> a [<span _ngcontent-fyl-c45="" aria-hidden="true" class="glyphicon glyphicon-th-list", 29471666746861938259470438044637749945, http://localhost:8080/petclinic/specialties
29471666746861938259470438044637749945, 303675221858762215192012905307045847481 -> button [' Add ']{}, 35742322003424371479105068301184530812, http://localhost:8080/petclinic/specialties
35742322003424371479105068301184530812, 337477003164157510894538894795466436925 -> form [<div _ngcontent-fyl-c131="" class="form-group" hidden="true", 23070611681096224325828408058557080713, http://localhost:8080/petclinic/specialties
23070611681096224325828408058557080713, 185675286603843826902445122392923626905 -> form [<div _ngcontent-fyl-c131="" class="form-group" hidden="true", 23070611681096224325828408058557080713, http://localhost:8080/petclinic/specialties
23070611681096224325828408058557080713, 185675286603843826902445122392923626905 -> form [<div _ngcontent-fyl-c131="" class="form-group" hidden="true", 186878816811282920559094049017676329765, http://localhost:8080/petclinic/specialties
186878816811282920559094049017676329765, 201252042068768565097864509887899541469 -> form [<div _ngcontent-fyl-c131="" class="form-group" hidden="true", 186878816811282920559094049017676329765, http://localhost:8080/petclinic/specialties
186878816811282920559094049017676329765, 201252042068768565097864509887899541469 -> form [<div _ngcontent-fyl-c131="" class="form-group" hidden="true", 186878816811282920559094049017676329765, http://localhost:8080/petclinic/specialties
186878816811282920559094049017676329765, 201252042068768565097864509887899541469 -> form [<div _ngcontent-fyl-c131="" class="form-group" hidden="true", 186878816811282920559094049017676329765, http://localhost:8080/petclinic/specialties
49422149324400457114317816287120169614, None, 49422149324400457114317816287120169614, http://localhost:8080/petclinic/
49422149324400457114317816287120169614, 239501245409739621098030487290175938614 -> a [<span _ngcontent-wxb-c45="" aria-hidden="true" class="glyphicon glyphicon-th-list", 134189795149972729354316022356326701435, http://localhost:8080/petclinic/pettypes
134189795149972729354316022356326701435, 303675221858762215192012905307045847481 -> button [' Add ']{}, 55788835313460066556259613033915812386, http://localhost:8080/petclinic/pettypes
55788835313460066556259613033915812386, 299942159053761135379952965870316239497 -> form [<div _ngcontent-wxb-c122="" class="form-group" hidden="true", 338867339791273808078553272024509698366, http://localhost:8080/petclinic/pettypes
338867339791273808078553272024509698366, 326753034870573970317004228555266536756 -> form [<div _ngcontent-wxb-c122="" class="form-group" hidden="true", 338867339791273808078553272024509698366, http://localhost:8080/petclinic/pettypes
338867339791273808078553272024509698366, 326753034870573970317004228555266536756 -> form [<div _ngcontent-wxb-c122="" class="form-group" hidden="true", 338867339791273808078553272024509698366, http://localhost:8080/petclinic/pettypes
338867339791273808078553272024509698366, 326753034870573970317004228555266536756 -> form [<div _ngcontent-wxb-c122="" class="form-group" hidden="true", 231885911479690024197848353363957526087, http://localhost:8080/petclinic/pettypes
231885911479690024197848353363957526087, 86518089506163501634629576291779735036 -> button ['Save']{'type': 'submit'}, 334799863490021859736476129931220290644, http://localhost:8080/petclinic/pettypes
49422149324400457114317816287120169614, None, 49422149324400457114317816287120169614, http://localhost:8080/petclinic/
49422149324400457114317816287120169614, 119670825975842547203806129877547186371 -> a ['Veterinarians', <span _ngcontent-ddx-c45="" class="caret", 74849793808848032408097070206027864246, http://localhost:8080/petclinic/
74849793808848032408097070206027864246, 97257354543151350813080146824299791204 -> a [<span _ngcontent-ddx-c45="" aria-hidden="true" class="glyphicon glyphicon-plus", 226321264437896678066783544823465103778, http://localhost:8080/petclinic/vets/add
226321264437896678066783544823465103778, 169429854000404246711250556360778549672 -> form [<div _ngcontent-ddx-c129="" class="form-group" hidden="true", 235557940427700672109601708783865512465, http://localhost:8080/petclinic/vets/add
235557940427700672109601708783865512465, 323409041592545616032726158258472227630 -> form [<div _ngcontent-ddx-c129="" class="form-group" hidden="true", 51513408882529245424246001655845665969, http://localhost:8080/petclinic/vets/add
51513408882529245424246001655845665969, 333863757159333192140496706734947579235 -> form [<div _ngcontent-ddx-c129="" class="form-group" hidden="true", 51513408882529245424246001655845665969, http://localhost:8080/petclinic/vets/add
51513408882529245424246001655845665969, 333863757159333192140496706734947579235 -> form [<div _ngcontent-ddx-c129="" class="form-group" hidden="true", 258951823356985423234405604131699713793, http://localhost:8080/petclinic/vets/add
258951823356985423234405604131699713793, 231801860640010940455178411289185910822 -> form [<div _ngcontent-ddx-c129="" class="form-group" hidden="true", 141110113670359811155698933939676160352, http://localhost:8080/petclinic/vets/add
141110113670359811155698933939676160352, 195192969791325805091597328034888205122 -> form [<div _ngcontent-ddx-c129="" class="form-group" hidden="true", 141110113670359811155698933939676160352, http://localhost:8080/petclinic/vets/add
49422149324400457114317816287120169614, None, 49422149324400457114317816287120169614, http://localhost:8080/petclinic/
49422149324400457114317816287120169614, 291896993973115630525185048572056745912 -> a ['Owners', <span _ngcontent-tfo-c45="" class="caret", 203789904488100118908646339278060037750, http://localhost:8080/petclinic/
203789904488100118908646339278060037750, 180232952603223310634628101645444997810 -> a [<span _ngcontent-tfo-c45="" aria-hidden="true" class="glyphicon glyphicon-search", 301089951666970558643774077122736946526, http://localhost:8080/petclinic/owners
301089951666970558643774077122736946526, 275207839169098191230515849564823314683 -> a ['Peter McTavish']{'routerlinkactive': 'active', 'ng-reflect-router-link-active': 'active', 'ng-reflect-router-link': '/owners/', 'href': '/petclinic/owners/5'}, 261023333095147269470709766205561058843, http://localhost:8080/petclinic/owners/5
261023333095147269470709766205561058843, 187151684874937294720766962182775302606 -> button ['Add New Pet']{}, 24929332150908472775833810240228078289, http://localhost:8080/petclinic/owners/5
24929332150908472775833810240228078289, 32120337007485228310014586089047525667 -> form [<div _ngcontent-tfo-c118="" class="form-group" hidden="true", 165387452650376279294960577030145294541, http://localhost:8080/petclinic/owners/5/pets/add
165387452650376279294960577030145294541, 85874106249597474124386518571936820583 -> form [<div _ngcontent-tfo-c118="" class="form-group" hidden="true", 165387452650376279294960577030145294541, http://localhost:8080/petclinic/owners/5/pets/add
165387452650376279294960577030145294541, 85874106249597474124386518571936820583 -> form [<div _ngcontent-tfo-c118="" class="form-group" hidden="true", 165387452650376279294960577030145294541, http://localhost:8080/petclinic/owners/5/pets/add
165387452650376279294960577030145294541, 85874106249597474124386518571936820583 -> form [<div _ngcontent-tfo-c118="" class="form-group" hidden="true", 223621500855308166308088131089674518735, http://localhost:8080/petclinic/owners/5/pets/add
49422149324400457114317816287120169614, None, 49422149324400457114317816287120169614, http://localhost:8080/petclinic/
49422149324400457114317816287120169614, None, 49422149324400457114317816287120169614, http://localhost:8080/petclinic/
49422149324400457114317816287120169614, 148688555024779791512034249622096133315 -> a ['Owners', <span _ngcontent-wod-c45="" class="caret", 203789904488100118908646339278060037750, http://localhost:8080/petclinic/
203789904488100118908646339278060037750, 253090089949240604860094564622673014435 -> a [<span _ngcontent-wod-c45="" aria-hidden="true" class="glyphicon glyphicon-search", 301089951666970558643774077122736946526, http://localhost:8080/petclinic/owners
301089951666970558643774077122736946526, 275207839169098191230515849564823314683 -> a ['Peter McTavish']{'routerlinkactive': 'active', 'ng-reflect-router-link-active': 'active', 'ng-reflect-router-link': '/owners/', 'href': '/petclinic/owners/5'}, 261023333095147269470709766205561058843, http://localhost:8080/petclinic/owners/5
261023333095147269470709766205561058843, 187151684874937294720766962182775302606 -> button ['Add New Pet']{}, 24929332150908472775833810240228078289, http://localhost:8080/petclinic/owners/5
24929332150908472775833810240228078289, 296098039941399661068775222716384537671 -> button [<span class="mat-button-wrapper", 79106793855643870403412443955464855166, http://localhost:8080/petclinic/owners/5/pets/add
79106793855643870403412443955464855166, 206538177799463824427462054975137585843 -> button ['Save Pet']{'type': 'submit'}, 324592076222097357987872738559899168564, http://localhost:8080/petclinic/owners/5/pets/add
324592076222097357987872738559899168564, 105156504962899091087065692110256795734 -> button [<span class="mat-button-wrapper", 87188007372242899055653815720973410682, http://localhost:8080/petclinic/owners/5/pets/add
87188007372242899055653815720973410682, 315038389518060044597613108390421105197 -> button [<span class="mat-button-wrapper", 102114519022253107573329508818561132843, http://localhost:8080/petclinic/owners/5/pets/add
49422149324400457114317816287120169614, None, 49422149324400457114317816287120169614, http://localhost:8080/petclinic/
49422149324400457114317816287120169614, None, 49422149324400457114317816287120169614, http://localhost:8080/petclinic/
49422149324400457114317816287120169614, 141227351569419719649840189018132482812 -> a ['Veterinarians', <span _ngcontent-oqx-c45="" class="caret", 74849793808848032408097070206027864246, http://localhost:8080/petclinic/
74849793808848032408097070206027864246, 327072675505466572195019890286398964035 -> a [<span _ngcontent-oqx-c45="" aria-hidden="true" class="glyphicon glyphicon-search", 237868233564155934757128202015004741474, http://localhost:8080/petclinic/vets
237868233564155934757128202015004741474, 156541344850502344101188167639879920108 -> button ['Add Vet']{}, 260706244791257485496027837704690829215, http://localhost:8080/petclinic/vets
260706244791257485496027837704690829215, 245246361619284090808844379355227857933 -> form [<div _ngcontent-oqx-c129="" class="form-group" hidden="true", 51513408882529245424246001655845665969, http://localhost:8080/petclinic/vets/add
51513408882529245424246001655845665969, 75808020673384413939036088133576225153 -> form [<div _ngcontent-oqx-c129="" class="form-group" hidden="true", 51513408882529245424246001655845665969, http://localhost:8080/petclinic/vets/add
51513408882529245424246001655845665969, 75808020673384413939036088133576225153 -> form [<div _ngcontent-oqx-c129="" class="form-group" hidden="true", 51513408882529245424246001655845665969, http://localhost:8080/petclinic/vets/add
51513408882529245424246001655845665969, 75808020673384413939036088133576225153 -> form [<div _ngcontent-oqx-c129="" class="form-group" hidden="true", 216885134363444459885989358170687406919, http://localhost:8080/petclinic/vets/add
216885134363444459885989358170687406919, 277159802438117528901929643979598206195 -> form [<div _ngcontent-oqx-c129="" class="form-group" hidden="true", 153026709185554415823506186322438569169, http://localhost:8080/petclinic/vets/add
49422149324400457114317816287120169614, None, 49422149324400457114317816287120169614, http://localhost:8080/petclinic/
49422149324400457114317816287120169614, 97315913038356305105176588935426823324 -> a [<span _ngcontent-qoc-c45="" aria-hidden="true" class="glyphicon glyphicon-th-list", 29471666746861938259470438044637749945, http://localhost:8080/petclinic/specialties
29471666746861938259470438044637749945, 303675221858762215192012905307045847481 -> button [' Add ']{}, 35742322003424371479105068301184530812, http://localhost:8080/petclinic/specialties
35742322003424371479105068301184530812, 297224865259165228073398906734191724455 -> form [<div _ngcontent-qoc-c131="" class="form-group" hidden="true", 23070611681096224325828408058557080713, http://localhost:8080/petclinic/specialties
23070611681096224325828408058557080713, 287327409482502036157694855983174685628 -> form [<div _ngcontent-qoc-c131="" class="form-group" hidden="true", 23070611681096224325828408058557080713, http://localhost:8080/petclinic/specialties
23070611681096224325828408058557080713, 287327409482502036157694855983174685628 -> form [<div _ngcontent-qoc-c131="" class="form-group" hidden="true", 23070611681096224325828408058557080713, http://localhost:8080/petclinic/specialties
23070611681096224325828408058557080713, 287327409482502036157694855983174685628 -> form [<div _ngcontent-qoc-c131="" class="form-group" hidden="true", 186878816811282920559094049017676329765, http://localhost:8080/petclinic/specialties
186878816811282920559094049017676329765, 39134537087646896777721575208798433385 -> form [<div _ngcontent-qoc-c131="" class="form-group" hidden="true", 186878816811282920559094049017676329765, http://localhost:8080/petclinic/specialties
186878816811282920559094049017676329765, 39134537087646896777721575208798433385 -> form [<div _ngcontent-qoc-c131="" class="form-group" hidden="true", 186878816811282920559094049017676329765, http://localhost:8080/petclinic/specialties
49422149324400457114317816287120169614, None, 49422149324400457114317816287120169614, http://localhost:8080/petclinic/
49422149324400457114317816287120169614, 71497804047921219581100747702136443142 -> a [<span _ngcontent-vbk-c45="" aria-hidden="true" class="glyphicon glyphicon-th-list", 29471666746861938259470438044637749945, http://localhost:8080/petclinic/specialties
29471666746861938259470438044637749945, 303675221858762215192012905307045847481 -> button [' Add ']{}, 35742322003424371479105068301184530812, http://localhost:8080/petclinic/specialties
35742322003424371479105068301184530812, 122808293571331135907386547645113113451 -> form [<div _ngcontent-vbk-c131="" class="form-group" hidden="true", 23070611681096224325828408058557080713, http://localhost:8080/petclinic/specialties
23070611681096224325828408058557080713, 11494798990974460065754670196274023334 -> form [<div _ngcontent-vbk-c131="" class="form-group" hidden="true", 23070611681096224325828408058557080713, http://localhost:8080/petclinic/specialties
23070611681096224325828408058557080713, 11494798990974460065754670196274023334 -> form [<div _ngcontent-vbk-c131="" class="form-group" hidden="true", 186878816811282920559094049017676329765, http://localhost:8080/petclinic/specialties
186878816811282920559094049017676329765, 58902844333124597939819821893209872291 -> form [<div _ngcontent-vbk-c131="" class="form-group" hidden="true", 186878816811282920559094049017676329765, http://localhost:8080/petclinic/specialties
186878816811282920559094049017676329765, 58902844333124597939819821893209872291 -> form [<div _ngcontent-vbk-c131="" class="form-group" hidden="true", 186878816811282920559094049017676329765, http://localhost:8080/petclinic/specialties
186878816811282920559094049017676329765, 58902844333124597939819821893209872291 -> form [<div _ngcontent-vbk-c131="" class="form-group" hidden="true", 186878816811282920559094049017676329765, http://localhost:8080/petclinic/specialties
49422149324400457114317816287120169614, None, 49422149324400457114317816287120169614, http://localhost:8080/petclinic/
49422149324400457114317816287120169614, 301909928543951004399570378453528222982 -> a ['Veterinarians', <span _ngcontent-hou-c45="" class="caret", 74849793808848032408097070206027864246, http://localhost:8080/petclinic/
74849793808848032408097070206027864246, 323519275908807693647609006958261223842 -> a [<span _ngcontent-hou-c45="" aria-hidden="true" class="glyphicon glyphicon-search", 237868233564155934757128202015004741474, http://localhost:8080/petclinic/vets
237868233564155934757128202015004741474, 156541344850502344101188167639879920108 -> button ['Add Vet']{}, 260706244791257485496027837704690829215, http://localhost:8080/petclinic/vets
260706244791257485496027837704690829215, 338384836395057418202623336839781284429 -> form [<div _ngcontent-hou-c129="" class="form-group" hidden="true", 235557940427700672109601708783865512465, http://localhost:8080/petclinic/vets/add
235557940427700672109601708783865512465, 215901986397641694982432153495305321562 -> form [<div _ngcontent-hou-c129="" class="form-group" hidden="true", 51513408882529245424246001655845665969, http://localhost:8080/petclinic/vets/add
51513408882529245424246001655845665969, 141210005180608941702790737120940664884 -> form [<div _ngcontent-hou-c129="" class="form-group" hidden="true", 51513408882529245424246001655845665969, http://localhost:8080/petclinic/vets/add
51513408882529245424246001655845665969, 141210005180608941702790737120940664884 -> form [<div _ngcontent-hou-c129="" class="form-group" hidden="true", 166820876504736787071340054842179087978, http://localhost:8080/petclinic/vets/add
166820876504736787071340054842179087978, 180680576687266117998826562091706095316 -> form [<div _ngcontent-hou-c129="" class="form-group" hidden="true", 238451040456130586133873871741821886665, http://localhost:8080/petclinic/vets/add
49422149324400457114317816287120169614, None, 49422149324400457114317816287120169614, http://localhost:8080/petclinic/
49422149324400457114317816287120169614, 124281734958166611115183811858460525448 -> a ['Owners', <span _ngcontent-bfc-c45="" class="caret", 203789904488100118908646339278060037750, http://localhost:8080/petclinic/
203789904488100118908646339278060037750, 97277660535275554395619394516941276771 -> a [<span _ngcontent-bfc-c45="" aria-hidden="true" class="glyphicon glyphicon-search", 301089951666970558643774077122736946526, http://localhost:8080/petclinic/owners
301089951666970558643774077122736946526, 275207839169098191230515849564823314683 -> a ['Peter McTavish']{'routerlinkactive': 'active', 'ng-reflect-router-link-active': 'active', 'ng-reflect-router-link': '/owners/', 'href': '/petclinic/owners/5'}, 261023333095147269470709766205561058843, http://localhost:8080/petclinic/owners/5
261023333095147269470709766205561058843, 187151684874937294720766962182775302606 -> button ['Add New Pet']{}, 24929332150908472775833810240228078289, http://localhost:8080/petclinic/owners/5
24929332150908472775833810240228078289, 296098039941399661068775222716384537671 -> button [<span class="mat-button-wrapper", 132771190957677079888359004688069314256, http://localhost:8080/petclinic/owners/5/pets/add
132771190957677079888359004688069314256, 170141250155527240209018809245876522014 -> form [<div _ngcontent-bfc-c118="" class="form-group" hidden="true", 122279028304551580245589452504770148551, http://localhost:8080/petclinic/owners/5/pets/add
122279028304551580245589452504770148551, 279874075754128045464200696641857725747 -> form [<div _ngcontent-bfc-c118="" class="form-group" hidden="true", 165387452650376279294960577030145294541, http://localhost:8080/petclinic/owners/5/pets/add
165387452650376279294960577030145294541, 12200683716370426760999651596217499721 -> form [<div _ngcontent-bfc-c118="" class="form-group" hidden="true", 165387452650376279294960577030145294541, http://localhost:8080/petclinic/owners/5/pets/add
49422149324400457114317816287120169614, None, 49422149324400457114317816287120169614, http://localhost:8080/petclinic/
49422149324400457114317816287120169614, 88844988627720281198523667867303922207 -> a [<span _ngcontent-cqy-c45="" aria-hidden="true" class="glyphicon glyphicon-th-list", 29471666746861938259470438044637749945, http://localhost:8080/petclinic/specialties
29471666746861938259470438044637749945, 303675221858762215192012905307045847481 -> button [' Add ']{}, 35742322003424371479105068301184530812, http://localhost:8080/petclinic/specialties
35742322003424371479105068301184530812, 54622231190254972396707013773044697683 -> form [<div _ngcontent-cqy-c131="" class="form-group" hidden="true", 23070611681096224325828408058557080713, http://localhost:8080/petclinic/specialties
23070611681096224325828408058557080713, 72292062575042527006538882359739601929 -> form [<div _ngcontent-cqy-c131="" class="form-group" hidden="true", 23070611681096224325828408058557080713, http://localhost:8080/petclinic/specialties
23070611681096224325828408058557080713, 72292062575042527006538882359739601929 -> form [<div _ngcontent-cqy-c131="" class="form-group" hidden="true", 23070611681096224325828408058557080713, http://localhost:8080/petclinic/specialties
23070611681096224325828408058557080713, 72292062575042527006538882359739601929 -> form [<div _ngcontent-cqy-c131="" class="form-group" hidden="true", 186878816811282920559094049017676329765, http://localhost:8080/petclinic/specialties
186878816811282920559094049017676329765, 307639731581215866665044379187498613809 -> form [<div _ngcontent-cqy-c131="" class="form-group" hidden="true", 186878816811282920559094049017676329765, http://localhost:8080/petclinic/specialties
186878816811282920559094049017676329765, 307639731581215866665044379187498613809 -> form [<div _ngcontent-cqy-c131="" class="form-group" hidden="true", 186878816811282920559094049017676329765, http://localhost:8080/petclinic/specialties
49422149324400457114317816287120169614, None, 49422149324400457114317816287120169614, http://localhost:8080/petclinic/
49422149324400457114317816287120169614, None, 49422149324400457114317816287120169614, http://localhost:8080/petclinic/
49422149324400457114317816287120169614, 296750355409024347807546170654849241789 -> a ['Veterinarians', <span _ngcontent-svr-c45="" class="caret", 74849793808848032408097070206027864246, http://localhost:8080/petclinic/
74849793808848032408097070206027864246, 213670887341804568022359458190783675340 -> a ['Veterinarians', <span _ngcontent-svr-c45="" class="caret", 49422149324400457114317816287120169614, http://localhost:8080/petclinic/
49422149324400457114317816287120169614, 296750355409024347807546170654849241789 -> a ['Veterinarians', <span _ngcontent-svr-c45="" class="caret", 74849793808848032408097070206027864246, http://localhost:8080/petclinic/
74849793808848032408097070206027864246, 75534828263158747984171479212209351867 -> a [<span _ngcontent-svr-c45="" aria-hidden="true" class="glyphicon glyphicon-plus", 226321264437896678066783544823465103778, http://localhost:8080/petclinic/vets/add
226321264437896678066783544823465103778, 184351001189704602994007981264636716836 -> form [<div _ngcontent-svr-c129="" class="form-group" hidden="true", 33209804406029569798485091707109282557, http://localhost:8080/petclinic/vets/add
33209804406029569798485091707109282557, 187939911401694667620722504643520943347 -> form [<div _ngcontent-svr-c129="" class="form-group" hidden="true", 51513408882529245424246001655845665969, http://localhost:8080/petclinic/vets/add
51513408882529245424246001655845665969, 290311426006081608027133669563658460293 -> form [<div _ngcontent-svr-c129="" class="form-group" hidden="true", 51513408882529245424246001655845665969, http://localhost:8080/petclinic/vets/add
51513408882529245424246001655845665969, 290311426006081608027133669563658460293 -> form [<div _ngcontent-svr-c129="" class="form-group" hidden="true", 51513408882529245424246001655845665969, http://localhost:8080/petclinic/vets/add
49422149324400457114317816287120169614, None, 49422149324400457114317816287120169614, http://localhost:8080/petclinic/
49422149324400457114317816287120169614, 276678123710093855367531686030070214371 -> a ['Owners', <span _ngcontent-ueo-c45="" class="caret", 203789904488100118908646339278060037750, http://localhost:8080/petclinic/
203789904488100118908646339278060037750, 233870026266210257882609164862698270039 -> a ['Owners', <span _ngcontent-ueo-c45="" class="caret", 49422149324400457114317816287120169614, http://localhost:8080/petclinic/
49422149324400457114317816287120169614, 276678123710093855367531686030070214371 -> a ['Owners', <span _ngcontent-ueo-c45="" class="caret", 203789904488100118908646339278060037750, http://localhost:8080/petclinic/
203789904488100118908646339278060037750, 211948345001544573045113649613545108982 -> a [<span _ngcontent-ueo-c45="" aria-hidden="true" class="glyphicon glyphicon-search", 301089951666970558643774077122736946526, http://localhost:8080/petclinic/owners
301089951666970558643774077122736946526, 275207839169098191230515849564823314683 -> a ['Peter McTavish']{'routerlinkactive': 'active', 'ng-reflect-router-link-active': 'active', 'ng-reflect-router-link': '/owners/', 'href': '/petclinic/owners/5'}, 261023333095147269470709766205561058843, http://localhost:8080/petclinic/owners/5
261023333095147269470709766205561058843, 187151684874937294720766962182775302606 -> button ['Add New Pet']{}, 24929332150908472775833810240228078289, http://localhost:8080/petclinic/owners/5
24929332150908472775833810240228078289, 296098039941399661068775222716384537671 -> button [<span class="mat-button-wrapper", 59077825197124241902594720501016743476, http://localhost:8080/petclinic/owners/5/pets/add
59077825197124241902594720501016743476, 206538177799463824427462054975137585843 -> button ['Save Pet']{'type': 'submit'}, 223710952064592100693458136664978919738, http://localhost:8080/petclinic/owners/5/pets/add
49422149324400457114317816287120169614, None, 49422149324400457114317816287120169614, http://localhost:8080/petclinic/
49422149324400457114317816287120169614, None, 49422149324400457114317816287120169614, http://localhost:8080/petclinic/
49422149324400457114317816287120169614, None, 49422149324400457114317816287120169614, http://localhost:8080/petclinic/
49422149324400457114317816287120169614, None, 49422149324400457114317816287120169614, http://localhost:8080/petclinic/
49422149324400457114317816287120169614, None, 49422149324400457114317816287120169614, http://localhost:8080/petclinic/
49422149324400457114317816287120169614, 249648530770722912640167591982564049783 -> a [<span _ngcontent-gtx-c45="" aria-hidden="true" class="glyphicon glyphicon-th-list", 29471666746861938259470438044637749945, http://localhost:8080/petclinic/specialties
29471666746861938259470438044637749945, 303675221858762215192012905307045847481 -> button [' Add ']{}, 35742322003424371479105068301184530812, http://localhost:8080/petclinic/specialties
35742322003424371479105068301184530812, 14962177221026627548302610562149281215 -> form [<div _ngcontent-gtx-c131="" class="form-group" hidden="true", 23070611681096224325828408058557080713, http://localhost:8080/petclinic/specialties
23070611681096224325828408058557080713, 30809738867101465060192550011943611666 -> form [<div _ngcontent-gtx-c131="" class="form-group" hidden="true", 23070611681096224325828408058557080713, http://localhost:8080/petclinic/specialties
23070611681096224325828408058557080713, 30809738867101465060192550011943611666 -> form [<div _ngcontent-gtx-c131="" class="form-group" hidden="true", 186878816811282920559094049017676329765, http://localhost:8080/petclinic/specialties
186878816811282920559094049017676329765, 6824039382327090113758672759654614299 -> form [<div _ngcontent-gtx-c131="" class="form-group" hidden="true", 186878816811282920559094049017676329765, http://localhost:8080/petclinic/specialties
186878816811282920559094049017676329765, 6824039382327090113758672759654614299 -> form [<div _ngcontent-gtx-c131="" class="form-group" hidden="true", 186878816811282920559094049017676329765, http://localhost:8080/petclinic/specialties
186878816811282920559094049017676329765, 6824039382327090113758672759654614299 -> form [<div _ngcontent-gtx-c131="" class="form-group" hidden="true", 186878816811282920559094049017676329765, http://localhost:8080/petclinic/specialties
49422149324400457114317816287120169614, None, 49422149324400457114317816287120169614, http://localhost:8080/petclinic/
49422149324400457114317816287120169614, 329761133010666145854024441215057545037 -> a [<span _ngcontent-rfr-c45="" aria-hidden="true" class="glyphicon glyphicon-th-list", 29471666746861938259470438044637749945, http://localhost:8080/petclinic/specialties
29471666746861938259470438044637749945, 303675221858762215192012905307045847481 -> button [' Add ']{}, 35742322003424371479105068301184530812, http://localhost:8080/petclinic/specialties
35742322003424371479105068301184530812, 93126418469919509119470903400289361716 -> form [<div _ngcontent-rfr-c131="" class="form-group" hidden="true", 23070611681096224325828408058557080713, http://localhost:8080/petclinic/specialties
23070611681096224325828408058557080713, 96756620267414895437007499807166083036 -> form [<div _ngcontent-rfr-c131="" class="form-group" hidden="true", 23070611681096224325828408058557080713, http://localhost:8080/petclinic/specialties
23070611681096224325828408058557080713, 96756620267414895437007499807166083036 -> form [<div _ngcontent-rfr-c131="" class="form-group" hidden="true", 186878816811282920559094049017676329765, http://localhost:8080/petclinic/specialties
186878816811282920559094049017676329765, 259597106170174380124296755070891302625 -> form [<div _ngcontent-rfr-c131="" class="form-group" hidden="true", 186878816811282920559094049017676329765, http://localhost:8080/petclinic/specialties
186878816811282920559094049017676329765, 259597106170174380124296755070891302625 -> form [<div _ngcontent-rfr-c131="" class="form-group" hidden="true", 186878816811282920559094049017676329765, http://localhost:8080/petclinic/specialties
186878816811282920559094049017676329765, 259597106170174380124296755070891302625 -> form [<div _ngcontent-rfr-c131="" class="form-group" hidden="true", 186878816811282920559094049017676329765, http://localhost:8080/petclinic/specialties
49422149324400457114317816287120169614, None, 49422149324400457114317816287120169614, http://localhost:8080/petclinic/
49422149324400457114317816287120169614, None, 49422149324400457114317816287120169614, http://localhost:8080/petclinic/
49422149324400457114317816287120169614, 264089483522009836977558330752505435967 -> a ['Veterinarians', <span _ngcontent-cis-c45="" class="caret", 74849793808848032408097070206027864246, http://localhost:8080/petclinic/
74849793808848032408097070206027864246, 252121887509487180599140366404592422351 -> a [<span _ngcontent-cis-c45="" aria-hidden="true" class="glyphicon glyphicon-search", 237868233564155934757128202015004741474, http://localhost:8080/petclinic/vets
237868233564155934757128202015004741474, 156541344850502344101188167639879920108 -> button ['Add Vet']{}, 260706244791257485496027837704690829215, http://localhost:8080/petclinic/vets
260706244791257485496027837704690829215, 333450175190110852109955766270368524053 -> form [<div _ngcontent-cis-c129="" class="form-group" hidden="true", 33209804406029569798485091707109282557, http://localhost:8080/petclinic/vets/add
33209804406029569798485091707109282557, 130082685911751403680452894713873299809 -> form [<div _ngcontent-cis-c129="" class="form-group" hidden="true", 51513408882529245424246001655845665969, http://localhost:8080/petclinic/vets/add
51513408882529245424246001655845665969, 59360305249586691506329413454700627513 -> form [<div _ngcontent-cis-c129="" class="form-group" hidden="true", 51513408882529245424246001655845665969, http://localhost:8080/petclinic/vets/add
51513408882529245424246001655845665969, 59360305249586691506329413454700627513 -> form [<div _ngcontent-cis-c129="" class="form-group" hidden="true", 51513408882529245424246001655845665969, http://localhost:8080/petclinic/vets/add
51513408882529245424246001655845665969, 59360305249586691506329413454700627513 -> form [<div _ngcontent-cis-c129="" class="form-group" hidden="true", 180870144721643680580990112751536252691, http://localhost:8080/petclinic/vets/add
49422149324400457114317816287120169614, None, 49422149324400457114317816287120169614, http://localhost:8080/petclinic/
49422149324400457114317816287120169614, 230421683030153951501593270923985258835 -> a ['Veterinarians', <span _ngcontent-lpt-c45="" class="caret", 74849793808848032408097070206027864246, http://localhost:8080/petclinic/
74849793808848032408097070206027864246, 117140211115241148420993047332922204084 -> a [<span _ngcontent-lpt-c45="" aria-hidden="true" class="glyphicon glyphicon-plus", 226321264437896678066783544823465103778, http://localhost:8080/petclinic/vets/add
226321264437896678066783544823465103778, 56552192834103342556795692792322522561 -> form [<div _ngcontent-lpt-c129="" class="form-group" hidden="true", 51513408882529245424246001655845665969, http://localhost:8080/petclinic/vets/add
51513408882529245424246001655845665969, 37347084811243106310267972751453687095 -> form [<div _ngcontent-lpt-c129="" class="form-group" hidden="true", 51513408882529245424246001655845665969, http://localhost:8080/petclinic/vets/add
51513408882529245424246001655845665969, 37347084811243106310267972751453687095 -> form [<div _ngcontent-lpt-c129="" class="form-group" hidden="true", 16053052051975634184089957002430655024, http://localhost:8080/petclinic/vets/add
16053052051975634184089957002430655024, 330442501042287283029056645689108848706 -> form [<div _ngcontent-lpt-c129="" class="form-group" hidden="true", 141110113670359811155698933939676160352, http://localhost:8080/petclinic/vets/add
141110113670359811155698933939676160352, 223376061303139030714689515254073659976 -> form [<div _ngcontent-lpt-c129="" class="form-group" hidden="true", 141110113670359811155698933939676160352, http://localhost:8080/petclinic/vets/add
141110113670359811155698933939676160352, 223376061303139030714689515254073659976 -> form [<div _ngcontent-lpt-c129="" class="form-group" hidden="true", 185006816141501308843355842168440326494, http://localhost:8080/petclinic/vets/add
49422149324400457114317816287120169614, None, 49422149324400457114317816287120169614, http://localhost:8080/petclinic/
49422149324400457114317816287120169614, 76170753634112638849732866734194667157 -> a ['Owners', <span _ngcontent-heh-c45="" class="caret", 203789904488100118908646339278060037750, http://localhost:8080/petclinic/
203789904488100118908646339278060037750, 203216737170032929340976766543962547347 -> a [<span _ngcontent-heh-c45="" aria-hidden="true" class="glyphicon glyphicon-plus", 282167456026102075406891693572033620368, http://localhost:8080/petclinic/owners/add
282167456026102075406891693572033620368, 121217641283604355853516383570550398651 -> button ['Back']{'type': 'button'}, 320950711149893205033505510558957965572, http://localhost:8080/petclinic/owners/add
320950711149893205033505510558957965572, 35780075375323700744953722110119041818 -> a ['Jeff Black']{'routerlinkactive': 'active', 'ng-reflect-router-link-active': 'active', 'ng-reflect-router-link': '/owners/', 'href': '/petclinic/owners/7'}, 255948596082738868307235326954188238611, http://localhost:8080/petclinic/owners/7
255948596082738868307235326954188238611, 139589689717891870241471574486234527687 -> button ['Edit Owner']{}, 93767839275242229111442241003704247727, http://localhost:8080/petclinic/owners/7
93767839275242229111442241003704247727, 123432326520642034996424909991491406255 -> form [<div _ngcontent-heh-c53="" class="form-group" hidden="true", 290398067461418728804549374187472872383, http://localhost:8080/petclinic/owners/7/edit
290398067461418728804549374187472872383, 42355514108959191865769201243866887151 -> form [<div _ngcontent-heh-c53="" class="form-group" hidden="true", 290398067461418728804549374187472872383, http://localhost:8080/petclinic/owners/7/edit
290398067461418728804549374187472872383, 42355514108959191865769201243866887151 -> form [<div _ngcontent-heh-c53="" class="form-group" hidden="true", 195853676015999647115953276959319581026, http://localhost:8080/petclinic/owners/7/edit
49422149324400457114317816287120169614, None, 49422149324400457114317816287120169614, http://localhost:8080/petclinic/
49422149324400457114317816287120169614, 323655253121079523765658328936857476417 -> a ['Veterinarians', <span _ngcontent-kgt-c45="" class="caret", 74849793808848032408097070206027864246, http://localhost:8080/petclinic/
74849793808848032408097070206027864246, 314969586640919123510308414264399233899 -> a ['Veterinarians', <span _ngcontent-kgt-c45="" class="caret", 49422149324400457114317816287120169614, http://localhost:8080/petclinic/
49422149324400457114317816287120169614, 323655253121079523765658328936857476417 -> a ['Veterinarians', <span _ngcontent-kgt-c45="" class="caret", 74849793808848032408097070206027864246, http://localhost:8080/petclinic/
74849793808848032408097070206027864246, 278436647783554917739037014737909111222 -> a [<span _ngcontent-kgt-c45="" aria-hidden="true" class="glyphicon glyphicon-search", 237868233564155934757128202015004741474, http://localhost:8080/petclinic/vets
237868233564155934757128202015004741474, 156541344850502344101188167639879920108 -> button ['Add Vet']{}, 260706244791257485496027837704690829215, http://localhost:8080/petclinic/vets
260706244791257485496027837704690829215, 209540399181636951967636567709776797296 -> form [<div _ngcontent-kgt-c129="" class="form-group" hidden="true", 33209804406029569798485091707109282557, http://localhost:8080/petclinic/vets/add
33209804406029569798485091707109282557, 316044781466913603645239995243391224928 -> form [<div _ngcontent-kgt-c129="" class="form-group" hidden="true", 51513408882529245424246001655845665969, http://localhost:8080/petclinic/vets/add
51513408882529245424246001655845665969, 119989496968110199893052402025933849331 -> form [<div _ngcontent-kgt-c129="" class="form-group" hidden="true", 51513408882529245424246001655845665969, http://localhost:8080/petclinic/vets/add
49422149324400457114317816287120169614, None, 49422149324400457114317816287120169614, http://localhost:8080/petclinic/
49422149324400457114317816287120169614, 192895997199532696857222178092722038512 -> a ['Owners', <span _ngcontent-vhw-c45="" class="caret", 203789904488100118908646339278060037750, http://localhost:8080/petclinic/
203789904488100118908646339278060037750, 76391924285916570988069434963554640425 -> a [<span _ngcontent-vhw-c45="" aria-hidden="true" class="glyphicon glyphicon-plus", 282167456026102075406891693572033620368, http://localhost:8080/petclinic/owners/add
282167456026102075406891693572033620368, 121217641283604355853516383570550398651 -> button ['Back']{'type': 'button'}, 320950711149893205033505510558957965572, http://localhost:8080/petclinic/owners/add
320950711149893205033505510558957965572, 35780075375323700744953722110119041818 -> a ['Jeff Black']{'routerlinkactive': 'active', 'ng-reflect-router-link-active': 'active', 'ng-reflect-router-link': '/owners/', 'href': '/petclinic/owners/7'}, 255948596082738868307235326954188238611, http://localhost:8080/petclinic/owners/7
255948596082738868307235326954188238611, 139589689717891870241471574486234527687 -> button ['Edit Owner']{}, 93767839275242229111442241003704247727, http://localhost:8080/petclinic/owners/7
93767839275242229111442241003704247727, 205533855319619826708901287442674347656 -> form [<div _ngcontent-vhw-c53="" class="form-group" hidden="true", 38709280965982599736034901104381713193, http://localhost:8080/petclinic/owners/7/edit
38709280965982599736034901104381713193, 204069094118140638419202746840834923252 -> form [<div _ngcontent-vhw-c53="" class="form-group" hidden="true", 290398067461418728804549374187472872383, http://localhost:8080/petclinic/owners/7/edit
290398067461418728804549374187472872383, 268863961851458240894483017277159809435 -> form [<div _ngcontent-vhw-c53="" class="form-group" hidden="true", 290398067461418728804549374187472872383, http://localhost:8080/petclinic/owners/7/edit
49422149324400457114317816287120169614, None, 49422149324400457114317816287120169614, http://localhost:8080/petclinic/
49422149324400457114317816287120169614, 336912631278775005169065670886355915418 -> a ['Owners', <span _ngcontent-bax-c45="" class="caret", 203789904488100118908646339278060037750, http://localhost:8080/petclinic/
203789904488100118908646339278060037750, 262707728825082844087726972688377901136 -> a [<span _ngcontent-bax-c45="" aria-hidden="true" class="glyphicon glyphicon-search", 301089951666970558643774077122736946526, http://localhost:8080/petclinic/owners
301089951666970558643774077122736946526, 275207839169098191230515849564823314683 -> a ['Peter McTavish']{'routerlinkactive': 'active', 'ng-reflect-router-link-active': 'active', 'ng-reflect-router-link': '/owners/', 'href': '/petclinic/owners/5'}, 261023333095147269470709766205561058843, http://localhost:8080/petclinic/owners/5
261023333095147269470709766205561058843, 187151684874937294720766962182775302606 -> button ['Add New Pet']{}, 24929332150908472775833810240228078289, http://localhost:8080/petclinic/owners/5
24929332150908472775833810240228078289, 296098039941399661068775222716384537671 -> button [<span class="mat-button-wrapper", 235998667954241253765677132608997649587, http://localhost:8080/petclinic/owners/5/pets/add
235998667954241253765677132608997649587, 206538177799463824427462054975137585843 -> button ['Save Pet']{'type': 'submit'}, 261956787280949071792684330172443708148, http://localhost:8080/petclinic/owners/5/pets/add
261956787280949071792684330172443708148, 94451070638944786038759164171531050860 -> button [<span class="mat-button-wrapper", 95653193567552572960580813649014892875, http://localhost:8080/petclinic/owners/5/pets/add
95653193567552572960580813649014892875, 7815359639181056576522883205727940726 -> button [<span class="mat-button-wrapper", 27089901205288219454766055126434135023, http://localhost:8080/petclinic/owners/5/pets/add
49422149324400457114317816287120169614, None, 49422149324400457114317816287120169614, http://localhost:8080/petclinic/
49422149324400457114317816287120169614, 229652479422598801223063275358432878250 -> a ['Owners', <span _ngcontent-joq-c45="" class="caret", 203789904488100118908646339278060037750, http://localhost:8080/petclinic/
203789904488100118908646339278060037750, 15004202284400231089555311372625117222 -> a ['Owners', <span _ngcontent-joq-c45="" class="caret", 49422149324400457114317816287120169614, http://localhost:8080/petclinic/
49422149324400457114317816287120169614, 229652479422598801223063275358432878250 -> a ['Owners', <span _ngcontent-joq-c45="" class="caret", 203789904488100118908646339278060037750, http://localhost:8080/petclinic/
203789904488100118908646339278060037750, 59875199588965134188176927084395662832 -> a [<span _ngcontent-joq-c45="" aria-hidden="true" class="glyphicon glyphicon-search", 301089951666970558643774077122736946526, http://localhost:8080/petclinic/owners
301089951666970558643774077122736946526, 275207839169098191230515849564823314683 -> a ['Peter McTavish']{'routerlinkactive': 'active', 'ng-reflect-router-link-active': 'active', 'ng-reflect-router-link': '/owners/', 'href': '/petclinic/owners/5'}, 261023333095147269470709766205561058843, http://localhost:8080/petclinic/owners/5
261023333095147269470709766205561058843, 187151684874937294720766962182775302606 -> button ['Add New Pet']{}, 24929332150908472775833810240228078289, http://localhost:8080/petclinic/owners/5
24929332150908472775833810240228078289, 296098039941399661068775222716384537671 -> button [<span class="mat-button-wrapper", 226153072568647735211228759400967731083, http://localhost:8080/petclinic/owners/5/pets/add
226153072568647735211228759400967731083, 206538177799463824427462054975137585843 -> button ['Save Pet']{'type': 'submit'}, 250312157357564355518086939765853369729, http://localhost:8080/petclinic/owners/5/pets/add
49422149324400457114317816287120169614, None, 49422149324400457114317816287120169614, http://localhost:8080/petclinic/
49422149324400457114317816287120169614, None, 49422149324400457114317816287120169614, http://localhost:8080/petclinic/
49422149324400457114317816287120169614, 127270900255137425478907522466408322629 -> a [<span _ngcontent-xcu-c45="" aria-hidden="true" class="glyphicon glyphicon-th-list", 134189795149972729354316022356326701435, http://localhost:8080/petclinic/pettypes
134189795149972729354316022356326701435, 303675221858762215192012905307045847481 -> button [' Add ']{}, 55788835313460066556259613033915812386, http://localhost:8080/petclinic/pettypes
55788835313460066556259613033915812386, 63977440443660078345168876007900650531 -> form [<div _ngcontent-xcu-c122="" class="form-group" hidden="true", 338867339791273808078553272024509698366, http://localhost:8080/petclinic/pettypes
338867339791273808078553272024509698366, 182886046344985631367040804502237346465 -> form [<div _ngcontent-xcu-c122="" class="form-group" hidden="true", 338867339791273808078553272024509698366, http://localhost:8080/petclinic/pettypes
338867339791273808078553272024509698366, 182886046344985631367040804502237346465 -> form [<div _ngcontent-xcu-c122="" class="form-group" hidden="true", 338867339791273808078553272024509698366, http://localhost:8080/petclinic/pettypes
338867339791273808078553272024509698366, 182886046344985631367040804502237346465 -> form [<div _ngcontent-xcu-c122="" class="form-group" hidden="true", 231885911479690024197848353363957526087, http://localhost:8080/petclinic/pettypes
231885911479690024197848353363957526087, 86518089506163501634629576291779735036 -> button ['Save']{'type': 'submit'}, 95363864834524305974385614769694616520, http://localhost:8080/petclinic/pettypes
49422149324400457114317816287120169614, None, 49422149324400457114317816287120169614, http://localhost:8080/petclinic/
49422149324400457114317816287120169614, 102631347464285106377580752256950368263 -> a ['Owners', <span _ngcontent-axa-c45="" class="caret", 203789904488100118908646339278060037750, http://localhost:8080/petclinic/
203789904488100118908646339278060037750, 243598306666211513438906215745484151036 -> a [<span _ngcontent-axa-c45="" aria-hidden="true" class="glyphicon glyphicon-search", 301089951666970558643774077122736946526, http://localhost:8080/petclinic/owners
301089951666970558643774077122736946526, 275207839169098191230515849564823314683 -> a ['Peter McTavish']{'routerlinkactive': 'active', 'ng-reflect-router-link-active': 'active', 'ng-reflect-router-link': '/owners/', 'href': '/petclinic/owners/5'}, 261023333095147269470709766205561058843, http://localhost:8080/petclinic/owners/5
261023333095147269470709766205561058843, 187151684874937294720766962182775302606 -> button ['Add New Pet']{}, 24929332150908472775833810240228078289, http://localhost:8080/petclinic/owners/5
24929332150908472775833810240228078289, 296098039941399661068775222716384537671 -> button [<span class="mat-button-wrapper", 92308028181753665590152117855606733635, http://localhost:8080/petclinic/owners/5/pets/add
92308028181753665590152117855606733635, 222518107836809815557148947710851408161 -> form [<div _ngcontent-axa-c118="" class="form-group" hidden="true", 122279028304551580245589452504770148551, http://localhost:8080/petclinic/owners/5/pets/add
122279028304551580245589452504770148551, 45141275087720064300807581685757787060 -> button [<span class="mat-button-wrapper", 327835565061603443877602612377040643039, http://localhost:8080/petclinic/owners/5/pets/add
327835565061603443877602612377040643039, 141081251070662392541836406508191765704 -> button [<span class="mat-button-wrapper", 124688920482901196590617096482340715329, http://localhost:8080/petclinic/owners/5/pets/add
49422149324400457114317816287120169614, None, 49422149324400457114317816287120169614, http://localhost:8080/petclinic/
49422149324400457114317816287120169614, 80523611119260658511443517170535326235 -> a ['Veterinarians', <span _ngcontent-yss-c45="" class="caret", 74849793808848032408097070206027864246, http://localhost:8080/petclinic/
74849793808848032408097070206027864246, 193004506033492859639890393307247871592 -> a ['Veterinarians', <span _ngcontent-yss-c45="" class="caret", 49422149324400457114317816287120169614, http://localhost:8080/petclinic/
49422149324400457114317816287120169614, 80523611119260658511443517170535326235 -> a ['Veterinarians', <span _ngcontent-yss-c45="" class="caret", 74849793808848032408097070206027864246, http://localhost:8080/petclinic/
74849793808848032408097070206027864246, 253039244446952599253158590114418283260 -> a [<span _ngcontent-yss-c45="" aria-hidden="true" class="glyphicon glyphicon-plus", 226321264437896678066783544823465103778, http://localhost:8080/petclinic/vets/add
226321264437896678066783544823465103778, 100532711570769021987423861484708484919 -> form [<div _ngcontent-yss-c129="" class="form-group" hidden="true", 33209804406029569798485091707109282557, http://localhost:8080/petclinic/vets/add
33209804406029569798485091707109282557, 148273278153883739351626056638464395691 -> form [<div _ngcontent-yss-c129="" class="form-group" hidden="true", 51513408882529245424246001655845665969, http://localhost:8080/petclinic/vets/add
51513408882529245424246001655845665969, 219909108713119520140499206132092574612 -> form [<div _ngcontent-yss-c129="" class="form-group" hidden="true", 51513408882529245424246001655845665969, http://localhost:8080/petclinic/vets/add
51513408882529245424246001655845665969, 219909108713119520140499206132092574612 -> form [<div _ngcontent-yss-c129="" class="form-group" hidden="true", 51513408882529245424246001655845665969, http://localhost:8080/petclinic/vets/add
49422149324400457114317816287120169614, None, 49422149324400457114317816287120169614, http://localhost:8080/petclinic/
49422149324400457114317816287120169614, 101567268386286443032335257362321323269 -> a [<span _ngcontent-qvf-c45="" aria-hidden="true" class="glyphicon glyphicon-th-list", 134189795149972729354316022356326701435, http://localhost:8080/petclinic/pettypes
134189795149972729354316022356326701435, 303675221858762215192012905307045847481 -> button [' Add ']{}, 55788835313460066556259613033915812386, http://localhost:8080/petclinic/pettypes
55788835313460066556259613033915812386, 315856367954192605391757656783241369989 -> form [<div _ngcontent-qvf-c122="" class="form-group" hidden="true", 338867339791273808078553272024509698366, http://localhost:8080/petclinic/pettypes
338867339791273808078553272024509698366, 240228543803049796274406356379054306914 -> form [<div _ngcontent-qvf-c122="" class="form-group" hidden="true", 338867339791273808078553272024509698366, http://localhost:8080/petclinic/pettypes
338867339791273808078553272024509698366, 240228543803049796274406356379054306914 -> form [<div _ngcontent-qvf-c122="" class="form-group" hidden="true", 338867339791273808078553272024509698366, http://localhost:8080/petclinic/pettypes
338867339791273808078553272024509698366, 240228543803049796274406356379054306914 -> form [<div _ngcontent-qvf-c122="" class="form-group" hidden="true", 231885911479690024197848353363957526087, http://localhost:8080/petclinic/pettypes
231885911479690024197848353363957526087, 86518089506163501634629576291779735036 -> button ['Save']{'type': 'submit'}, 63028027166716067192545810692795884253, http://localhost:8080/petclinic/pettypes
49422149324400457114317816287120169614, None, 49422149324400457114317816287120169614, http://localhost:8080/petclinic/
49422149324400457114317816287120169614, None, 49422149324400457114317816287120169614, http://localhost:8080/petclinic/
49422149324400457114317816287120169614, None, 49422149324400457114317816287120169614, http://localhost:8080/petclinic/
49422149324400457114317816287120169614, None, 49422149324400457114317816287120169614, http://localhost:8080/petclinic/
49422149324400457114317816287120169614, 90614879144309697929181987216043736362 -> a [<span _ngcontent-fto-c45="" aria-hidden="true" class="glyphicon glyphicon-th-list", 29471666746861938259470438044637749945, http://localhost:8080/petclinic/specialties
29471666746861938259470438044637749945, 303675221858762215192012905307045847481 -> button [' Add ']{}, 35742322003424371479105068301184530812, http://localhost:8080/petclinic/specialties
35742322003424371479105068301184530812, 252251594068009565613834311934575001921 -> form [<div _ngcontent-fto-c131="" class="form-group" hidden="true", 23070611681096224325828408058557080713, http://localhost:8080/petclinic/specialties
23070611681096224325828408058557080713, 96894169102025923186697995368575232126 -> form [<div _ngcontent-fto-c131="" class="form-group" hidden="true", 23070611681096224325828408058557080713, http://localhost:8080/petclinic/specialties
23070611681096224325828408058557080713, 96894169102025923186697995368575232126 -> form [<div _ngcontent-fto-c131="" class="form-group" hidden="true", 23070611681096224325828408058557080713, http://localhost:8080/petclinic/specialties
23070611681096224325828408058557080713, 96894169102025923186697995368575232126 -> form [<div _ngcontent-fto-c131="" class="form-group" hidden="true", 186878816811282920559094049017676329765, http://localhost:8080/petclinic/specialties
186878816811282920559094049017676329765, 325714893505226992034510232843968111961 -> form [<div _ngcontent-fto-c131="" class="form-group" hidden="true", 186878816811282920559094049017676329765, http://localhost:8080/petclinic/specialties
186878816811282920559094049017676329765, 325714893505226992034510232843968111961 -> form [<div _ngcontent-fto-c131="" class="form-group" hidden="true", 186878816811282920559094049017676329765, http://localhost:8080/petclinic/specialties
49422149324400457114317816287120169614, None, 49422149324400457114317816287120169614, http://localhost:8080/petclinic/
49422149324400457114317816287120169614, 197676995708697889229889213634705890572 -> a ['Veterinarians', <span _ngcontent-bgx-c45="" class="caret", 74849793808848032408097070206027864246, http://localhost:8080/petclinic/
74849793808848032408097070206027864246, 313690860651097350197372779854735989195 -> a [<span _ngcontent-bgx-c45="" aria-hidden="true" class="glyphicon glyphicon-search", 237868233564155934757128202015004741474, http://localhost:8080/petclinic/vets
237868233564155934757128202015004741474, 156541344850502344101188167639879920108 -> button ['Add Vet']{}, 260706244791257485496027837704690829215, http://localhost:8080/petclinic/vets
260706244791257485496027837704690829215, 283164046716488670500172179607586578297 -> form [<div _ngcontent-bgx-c129="" class="form-group" hidden="true", 33209804406029569798485091707109282557, http://localhost:8080/petclinic/vets/add
33209804406029569798485091707109282557, 155834407653752521118434623899963490161 -> form [<div _ngcontent-bgx-c129="" class="form-group" hidden="true", 51513408882529245424246001655845665969, http://localhost:8080/petclinic/vets/add
51513408882529245424246001655845665969, 315038251887757840352877327371915792907 -> form [<div _ngcontent-bgx-c129="" class="form-group" hidden="true", 51513408882529245424246001655845665969, http://localhost:8080/petclinic/vets/add
51513408882529245424246001655845665969, 315038251887757840352877327371915792907 -> form [<div _ngcontent-bgx-c129="" class="form-group" hidden="true", 51513408882529245424246001655845665969, http://localhost:8080/petclinic/vets/add
51513408882529245424246001655845665969, 315038251887757840352877327371915792907 -> form [<div _ngcontent-bgx-c129="" class="form-group" hidden="true", 242817389207416814829042596557223770380, http://localhost:8080/petclinic/vets/add
49422149324400457114317816287120169614, None, 49422149324400457114317816287120169614, http://localhost:8080/petclinic/
49422149324400457114317816287120169614, 20845119698583503457578394427495408673 -> a [<span _ngcontent-cbo-c45="" aria-hidden="true" class="glyphicon glyphicon-th-list", 134189795149972729354316022356326701435, http://localhost:8080/petclinic/pettypes
134189795149972729354316022356326701435, 303675221858762215192012905307045847481 -> button [' Add ']{}, 55788835313460066556259613033915812386, http://localhost:8080/petclinic/pettypes
55788835313460066556259613033915812386, 332125329278510162894991506044100848917 -> form [<div _ngcontent-cbo-c122="" class="form-group" hidden="true", 338867339791273808078553272024509698366, http://localhost:8080/petclinic/pettypes
338867339791273808078553272024509698366, 3708949711910129253661873325969639086 -> form [<div _ngcontent-cbo-c122="" class="form-group" hidden="true", 338867339791273808078553272024509698366, http://localhost:8080/petclinic/pettypes
338867339791273808078553272024509698366, 3708949711910129253661873325969639086 -> form [<div _ngcontent-cbo-c122="" class="form-group" hidden="true", 231885911479690024197848353363957526087, http://localhost:8080/petclinic/pettypes
231885911479690024197848353363957526087, 86518089506163501634629576291779735036 -> button ['Save']{'type': 'submit'}, 244218040730802986519152078599890523474, http://localhost:8080/petclinic/pettypes
49422149324400457114317816287120169614, None, 49422149324400457114317816287120169614, http://localhost:8080/petclinic/
49422149324400457114317816287120169614, 336365331805203094437173381025554809839 -> a [<span _ngcontent-cum-c45="" aria-hidden="true" class="glyphicon glyphicon-th-list", 29471666746861938259470438044637749945, http://localhost:8080/petclinic/specialties
29471666746861938259470438044637749945, 303675221858762215192012905307045847481 -> button [' Add ']{}, 35742322003424371479105068301184530812, http://localhost:8080/petclinic/specialties
35742322003424371479105068301184530812, 245750465822431918239628426962346288239 -> form [<div _ngcontent-cum-c131="" class="form-group" hidden="true", 23070611681096224325828408058557080713, http://localhost:8080/petclinic/specialties
23070611681096224325828408058557080713, 155723815057969551967330297915896837629 -> form [<div _ngcontent-cum-c131="" class="form-group" hidden="true", 23070611681096224325828408058557080713, http://localhost:8080/petclinic/specialties
23070611681096224325828408058557080713, 155723815057969551967330297915896837629 -> form [<div _ngcontent-cum-c131="" class="form-group" hidden="true", 186878816811282920559094049017676329765, http://localhost:8080/petclinic/specialties
186878816811282920559094049017676329765, 133479686783432444760568305978509677679 -> form [<div _ngcontent-cum-c131="" class="form-group" hidden="true", 186878816811282920559094049017676329765, http://localhost:8080/petclinic/specialties
186878816811282920559094049017676329765, 133479686783432444760568305978509677679 -> form [<div _ngcontent-cum-c131="" class="form-group" hidden="true", 186878816811282920559094049017676329765, http://localhost:8080/petclinic/specialties
186878816811282920559094049017676329765, 133479686783432444760568305978509677679 -> form [<div _ngcontent-cum-c131="" class="form-group" hidden="true", 186878816811282920559094049017676329765, http://localhost:8080/petclinic/specialties
49422149324400457114317816287120169614, None, 49422149324400457114317816287120169614, http://localhost:8080/petclinic/
49422149324400457114317816287120169614, 13173606643972421896418304211765153827 -> a ['Veterinarians', <span _ngcontent-ceu-c45="" class="caret", 74849793808848032408097070206027864246, http://localhost:8080/petclinic/
74849793808848032408097070206027864246, 250812264907193820159206882052590975140 -> a [<span _ngcontent-ceu-c45="" aria-hidden="true" class="glyphicon glyphicon-plus", 226321264437896678066783544823465103778, http://localhost:8080/petclinic/vets/add
226321264437896678066783544823465103778, 124411653069785173142825675669989206315 -> form [<div _ngcontent-ceu-c129="" class="form-group" hidden="true", 33209804406029569798485091707109282557, http://localhost:8080/petclinic/vets/add
33209804406029569798485091707109282557, 28577620700882224123492424828650368165 -> form [<div _ngcontent-ceu-c129="" class="form-group" hidden="true", 51513408882529245424246001655845665969, http://localhost:8080/petclinic/vets/add
51513408882529245424246001655845665969, 10281052849874238731050735652527735738 -> form [<div _ngcontent-ceu-c129="" class="form-group" hidden="true", 51513408882529245424246001655845665969, http://localhost:8080/petclinic/vets/add
51513408882529245424246001655845665969, 10281052849874238731050735652527735738 -> form [<div _ngcontent-ceu-c129="" class="form-group" hidden="true", 140734541056690115200287248359684839999, http://localhost:8080/petclinic/vets/add
140734541056690115200287248359684839999, 56515437707390602362340918644924867299 -> form [<div _ngcontent-ceu-c129="" class="form-group" hidden="true", 238451040456130586133873871741821886665, http://localhost:8080/petclinic/vets/add
238451040456130586133873871741821886665, 130013826284667790751308587887510140797 -> form [<div _ngcontent-ceu-c129="" class="form-group" hidden="true", 238451040456130586133873871741821886665, http://localhost:8080/petclinic/vets/add
49422149324400457114317816287120169614, None, 49422149324400457114317816287120169614, http://localhost:8080/petclinic/
49422149324400457114317816287120169614, 258090889807677236552894178228166505333 -> a ['Veterinarians', <span _ngcontent-vhr-c45="" class="caret", 74849793808848032408097070206027864246, http://localhost:8080/petclinic/
74849793808848032408097070206027864246, 154690569022227814921029704232969067130 -> a [<span _ngcontent-vhr-c45="" aria-hidden="true" class="glyphicon glyphicon-search", 120962431678690102558501945372758632054, http://localhost:8080/petclinic/vets
120962431678690102558501945372758632054, 156541344850502344101188167639879920108 -> button ['Add Vet']{}, 237868233564155934757128202015004741474, http://localhost:8080/petclinic/vets
237868233564155934757128202015004741474, 329707456084073791286946226186375528724 -> button ['Edit Vet']{}, 238874211337650717887743953566779275046, http://localhost:8080/petclinic/vets
238874211337650717887743953566779275046, 251957852742411024140117614931208316250 -> form [<div _ngcontent-vhr-c130="" class="form-group" hidden="true", 203847584758615633948405044827241414381, http://localhost:8080/petclinic/vets/8/edit
203847584758615633948405044827241414381, 184999733300727260919240843782638504169 -> form [<div _ngcontent-vhr-c130="" class="form-group" hidden="true", 194317570074003902617396749222182898623, http://localhost:8080/petclinic/vets/8/edit
194317570074003902617396749222182898623, 78122473118360524571885940546619448657 -> form [<div _ngcontent-vhr-c130="" class="form-group" hidden="true", 194317570074003902617396749222182898623, http://localhost:8080/petclinic/vets/8/edit
194317570074003902617396749222182898623, 78122473118360524571885940546619448657 -> form [<div _ngcontent-vhr-c130="" class="form-group" hidden="true", 194317570074003902617396749222182898623, http://localhost:8080/petclinic/vets/8/edit
49422149324400457114317816287120169614, None, 49422149324400457114317816287120169614, http://localhost:8080/petclinic/
49422149324400457114317816287120169614, None, 49422149324400457114317816287120169614, http://localhost:8080/petclinic/
49422149324400457114317816287120169614, None, 49422149324400457114317816287120169614, http://localhost:8080/petclinic/
49422149324400457114317816287120169614, 242939836996925024304436089338257054461 -> a [<span _ngcontent-rpu-c45="" aria-hidden="true" class="glyphicon glyphicon-th-list", 29471666746861938259470438044637749945, http://localhost:8080/petclinic/specialties
29471666746861938259470438044637749945, 303675221858762215192012905307045847481 -> button [' Add ']{}, 35742322003424371479105068301184530812, http://localhost:8080/petclinic/specialties
35742322003424371479105068301184530812, 172009120186049153096721257459660520495 -> form [<div _ngcontent-rpu-c131="" class="form-group" hidden="true", 23070611681096224325828408058557080713, http://localhost:8080/petclinic/specialties
23070611681096224325828408058557080713, 218887945798209389996969591229531748899 -> form [<div _ngcontent-rpu-c131="" class="form-group" hidden="true", 23070611681096224325828408058557080713, http://localhost:8080/petclinic/specialties
23070611681096224325828408058557080713, 218887945798209389996969591229531748899 -> form [<div _ngcontent-rpu-c131="" class="form-group" hidden="true", 23070611681096224325828408058557080713, http://localhost:8080/petclinic/specialties
23070611681096224325828408058557080713, 218887945798209389996969591229531748899 -> form [<div _ngcontent-rpu-c131="" class="form-group" hidden="true", 186878816811282920559094049017676329765, http://localhost:8080/petclinic/specialties
186878816811282920559094049017676329765, 40216455298211342484025340449849616053 -> form [<div _ngcontent-rpu-c131="" class="form-group" hidden="true", 186878816811282920559094049017676329765, http://localhost:8080/petclinic/specialties
186878816811282920559094049017676329765, 40216455298211342484025340449849616053 -> form [<div _ngcontent-rpu-c131="" class="form-group" hidden="true", 186878816811282920559094049017676329765, http://localhost:8080/petclinic/specialties
49422149324400457114317816287120169614, None, 49422149324400457114317816287120169614, http://localhost:8080/petclinic/
49422149324400457114317816287120169614, 58881830180804840723189392375652299901 -> a [<span _ngcontent-evd-c45="" aria-hidden="true" class="glyphicon glyphicon-th-list", 29471666746861938259470438044637749945, http://localhost:8080/petclinic/specialties
29471666746861938259470438044637749945, 303675221858762215192012905307045847481 -> button [' Add ']{}, 35742322003424371479105068301184530812, http://localhost:8080/petclinic/specialties
35742322003424371479105068301184530812, 236795250596770319518695714176916933649 -> form [<div _ngcontent-evd-c131="" class="form-group" hidden="true", 23070611681096224325828408058557080713, http://localhost:8080/petclinic/specialties
23070611681096224325828408058557080713, 189135596885056690736902460934433715511 -> form [<div _ngcontent-evd-c131="" class="form-group" hidden="true", 23070611681096224325828408058557080713, http://localhost:8080/petclinic/specialties
23070611681096224325828408058557080713, 189135596885056690736902460934433715511 -> form [<div _ngcontent-evd-c131="" class="form-group" hidden="true", 23070611681096224325828408058557080713, http://localhost:8080/petclinic/specialties
23070611681096224325828408058557080713, 189135596885056690736902460934433715511 -> form [<div _ngcontent-evd-c131="" class="form-group" hidden="true", 186878816811282920559094049017676329765, http://localhost:8080/petclinic/specialties
186878816811282920559094049017676329765, 151386955318864769725643465678822473299 -> form [<div _ngcontent-evd-c131="" class="form-group" hidden="true", 186878816811282920559094049017676329765, http://localhost:8080/petclinic/specialties
186878816811282920559094049017676329765, 151386955318864769725643465678822473299 -> form [<div _ngcontent-evd-c131="" class="form-group" hidden="true", 186878816811282920559094049017676329765, http://localhost:8080/petclinic/specialties
49422149324400457114317816287120169614, None, 49422149324400457114317816287120169614, http://localhost:8080/petclinic/
49422149324400457114317816287120169614, None, 49422149324400457114317816287120169614, http://localhost:8080/petclinic/
49422149324400457114317816287120169614, 220864630920056701126698705208389940471 -> a [<span _ngcontent-vno-c45="" aria-hidden="true" class="glyphicon glyphicon-th-list", 134189795149972729354316022356326701435, http://localhost:8080/petclinic/pettypes
134189795149972729354316022356326701435, 303675221858762215192012905307045847481 -> button [' Add ']{}, 55788835313460066556259613033915812386, http://localhost:8080/petclinic/pettypes
55788835313460066556259613033915812386, 186505022266058885788350306546380437046 -> form [<div _ngcontent-vno-c122="" class="form-group" hidden="true", 338867339791273808078553272024509698366, http://localhost:8080/petclinic/pettypes
338867339791273808078553272024509698366, 242209238036727547809580570031851769479 -> form [<div _ngcontent-vno-c122="" class="form-group" hidden="true", 338867339791273808078553272024509698366, http://localhost:8080/petclinic/pettypes
338867339791273808078553272024509698366, 242209238036727547809580570031851769479 -> form [<div _ngcontent-vno-c122="" class="form-group" hidden="true", 231885911479690024197848353363957526087, http://localhost:8080/petclinic/pettypes
231885911479690024197848353363957526087, 86518089506163501634629576291779735036 -> button ['Save']{'type': 'submit'}, 44673533371471815452379705003864620935, http://localhost:8080/petclinic/pettypes
49422149324400457114317816287120169614, None, 49422149324400457114317816287120169614, http://localhost:8080/petclinic/
49422149324400457114317816287120169614, 16465160043245501667702620705834760291 -> a ['Owners', <span _ngcontent-gjk-c45="" class="caret", 203789904488100118908646339278060037750, http://localhost:8080/petclinic/
203789904488100118908646339278060037750, 35133872549037033595205361643753868899 -> a ['Owners', <span _ngcontent-gjk-c45="" class="caret", 49422149324400457114317816287120169614, http://localhost:8080/petclinic/
49422149324400457114317816287120169614, 16465160043245501667702620705834760291 -> a ['Owners', <span _ngcontent-gjk-c45="" class="caret", 203789904488100118908646339278060037750, http://localhost:8080/petclinic/
203789904488100118908646339278060037750, 83724150743347112948770085647233664786 -> a [<span _ngcontent-gjk-c45="" aria-hidden="true" class="glyphicon glyphicon-search", 301089951666970558643774077122736946526, http://localhost:8080/petclinic/owners
301089951666970558643774077122736946526, 275207839169098191230515849564823314683 -> a ['Peter McTavish']{'routerlinkactive': 'active', 'ng-reflect-router-link-active': 'active', 'ng-reflect-router-link': '/owners/', 'href': '/petclinic/owners/5'}, 261023333095147269470709766205561058843, http://localhost:8080/petclinic/owners/5
261023333095147269470709766205561058843, 187151684874937294720766962182775302606 -> button ['Add New Pet']{}, 24929332150908472775833810240228078289, http://localhost:8080/petclinic/owners/5
24929332150908472775833810240228078289, 296098039941399661068775222716384537671 -> button [<span class="mat-button-wrapper", 169219057293217311258846669301169297372, http://localhost:8080/petclinic/owners/5/pets/add
169219057293217311258846669301169297372, 304297643388367944136687092326793934578 -> form [<div _ngcontent-gjk-c118="" class="form-group" hidden="true", 214782725757795857881440369145826778528, http://localhost:8080/petclinic/owners/5/pets/add
49422149324400457114317816287120169614, None, 49422149324400457114317816287120169614, http://localhost:8080/petclinic/
49422149324400457114317816287120169614, 170169775737979124692947629969598638850 -> a [<span _ngcontent-mli-c45="" aria-hidden="true" class="glyphicon glyphicon-th-list", 134189795149972729354316022356326701435, http://localhost:8080/petclinic/pettypes
134189795149972729354316022356326701435, 303675221858762215192012905307045847481 -> button [' Add ']{}, 55788835313460066556259613033915812386, http://localhost:8080/petclinic/pettypes
55788835313460066556259613033915812386, 308224397014539101214027726044154313017 -> form [<div _ngcontent-mli-c122="" class="form-group" hidden="true", 338867339791273808078553272024509698366, http://localhost:8080/petclinic/pettypes
338867339791273808078553272024509698366, 5987150491139572066122898669297428281 -> form [<div _ngcontent-mli-c122="" class="form-group" hidden="true", 338867339791273808078553272024509698366, http://localhost:8080/petclinic/pettypes
338867339791273808078553272024509698366, 5987150491139572066122898669297428281 -> form [<div _ngcontent-mli-c122="" class="form-group" hidden="true", 231885911479690024197848353363957526087, http://localhost:8080/petclinic/pettypes
231885911479690024197848353363957526087, 86518089506163501634629576291779735036 -> button ['Save']{'type': 'submit'}, 313381325317288070575241542383193214059, http://localhost:8080/petclinic/pettypes
49422149324400457114317816287120169614, None, 49422149324400457114317816287120169614, http://localhost:8080/petclinic/
49422149324400457114317816287120169614, 234556478187156606296783464355390162001 -> a ['Owners', <span _ngcontent-dtn-c45="" class="caret", 203789904488100118908646339278060037750, http://localhost:8080/petclinic/
203789904488100118908646339278060037750, 119271361074269498273501454654239797939 -> a ['Owners', <span _ngcontent-dtn-c45="" class="caret", 49422149324400457114317816287120169614, http://localhost:8080/petclinic/
49422149324400457114317816287120169614, 234556478187156606296783464355390162001 -> a ['Owners', <span _ngcontent-dtn-c45="" class="caret", 203789904488100118908646339278060037750, http://localhost:8080/petclinic/
203789904488100118908646339278060037750, 21837106895378726613227498943188917458 -> a [<span _ngcontent-dtn-c45="" aria-hidden="true" class="glyphicon glyphicon-search", 301089951666970558643774077122736946526, http://localhost:8080/petclinic/owners
301089951666970558643774077122736946526, 275207839169098191230515849564823314683 -> a ['Peter McTavish']{'routerlinkactive': 'active', 'ng-reflect-router-link-active': 'active', 'ng-reflect-router-link': '/owners/', 'href': '/petclinic/owners/5'}, 261023333095147269470709766205561058843, http://localhost:8080/petclinic/owners/5
261023333095147269470709766205561058843, 187151684874937294720766962182775302606 -> button ['Add New Pet']{}, 24929332150908472775833810240228078289, http://localhost:8080/petclinic/owners/5
24929332150908472775833810240228078289, 296098039941399661068775222716384537671 -> button [<span class="mat-button-wrapper", 246396903793885925631429931696509579679, http://localhost:8080/petclinic/owners/5/pets/add
246396903793885925631429931696509579679, 73663897532336889032898444162543628979 -> button [<span class="mat-button-wrapper", 153625515730581290432955380941974066832, http://localhost:8080/petclinic/owners/5/pets/add
49422149324400457114317816287120169614, None, 49422149324400457114317816287120169614, http://localhost:8080/petclinic/
49422149324400457114317816287120169614, 190729145203046820295152176975654166126 -> a [<span _ngcontent-hcw-c45="" aria-hidden="true" class="glyphicon glyphicon-th-list", 217859354597832274890068174486427952950, http://localhost:8080/petclinic/pettypes
217859354597832274890068174486427952950, 21445078288554389917817523524446938201 -> button ['Home']{}, 134189795149972729354316022356326701435, http://localhost:8080/petclinic/pettypes
49422149324400457114317816287120169614, None, 49422149324400457114317816287120169614, http://localhost:8080/petclinic/
49422149324400457114317816287120169614, 64767499221618738105966910613846116344 -> a [<span _ngcontent-woa-c45="" aria-hidden="true" class="glyphicon glyphicon-th-list", 29471666746861938259470438044637749945, http://localhost:8080/petclinic/specialties
29471666746861938259470438044637749945, 303675221858762215192012905307045847481 -> button [' Add ']{}, 35742322003424371479105068301184530812, http://localhost:8080/petclinic/specialties
35742322003424371479105068301184530812, 143109889722920539398517037697125677271 -> form [<div _ngcontent-woa-c131="" class="form-group" hidden="true", 23070611681096224325828408058557080713, http://localhost:8080/petclinic/specialties
23070611681096224325828408058557080713, 41643432118288782953981187282607977579 -> form [<div _ngcontent-woa-c131="" class="form-group" hidden="true", 23070611681096224325828408058557080713, http://localhost:8080/petclinic/specialties
23070611681096224325828408058557080713, 41643432118288782953981187282607977579 -> form [<div _ngcontent-woa-c131="" class="form-group" hidden="true", 186878816811282920559094049017676329765, http://localhost:8080/petclinic/specialties
186878816811282920559094049017676329765, 117102256191037799137916301989863586903 -> form [<div _ngcontent-woa-c131="" class="form-group" hidden="true", 186878816811282920559094049017676329765, http://localhost:8080/petclinic/specialties
186878816811282920559094049017676329765, 117102256191037799137916301989863586903 -> form [<div _ngcontent-woa-c131="" class="form-group" hidden="true", 186878816811282920559094049017676329765, http://localhost:8080/petclinic/specialties
186878816811282920559094049017676329765, 117102256191037799137916301989863586903 -> form [<div _ngcontent-woa-c131="" class="form-group" hidden="true", 186878816811282920559094049017676329765, http://localhost:8080/petclinic/specialties
49422149324400457114317816287120169614, None, 49422149324400457114317816287120169614, http://localhost:8080/petclinic/
49422149324400457114317816287120169614, None, 49422149324400457114317816287120169614, http://localhost:8080/petclinic/
49422149324400457114317816287120169614, None, 49422149324400457114317816287120169614, http://localhost:8080/petclinic/
49422149324400457114317816287120169614, 63579438492055528874302261960781392190 -> a [<span _ngcontent-fmu-c45="" aria-hidden="true" class="glyphicon glyphicon-th-list", 165331575502329966236653188815810281873, http://localhost:8080/petclinic/pettypes
165331575502329966236653188815810281873, 303675221858762215192012905307045847481 -> button [' Add ']{}, 206969857245697781329431559583009280929, http://localhost:8080/petclinic/pettypes
206969857245697781329431559583009280929, 15358460258520608634824818160013770677 -> form [<div _ngcontent-fmu-c122="" class="form-group" hidden="true", 191094618649259054983340070969895840857, http://localhost:8080/petclinic/pettypes
191094618649259054983340070969895840857, 15847341120540818799123655150658559406 -> form [<div _ngcontent-fmu-c122="" class="form-group" hidden="true", 191094618649259054983340070969895840857, http://localhost:8080/petclinic/pettypes
49422149324400457114317816287120169614, None, 49422149324400457114317816287120169614, http://localhost:8080/petclinic/
49422149324400457114317816287120169614, 78382303646425214771322296122664697996 -> a [<span _ngcontent-rxw-c45="" aria-hidden="true" class="glyphicon glyphicon-th-list", 30992851833540366670381877346813483052, http://localhost:8080/petclinic/pettypes
49422149324400457114317816287120169614, None, 49422149324400457114317816287120169614, http://localhost:8080/petclinic/
49422149324400457114317816287120169614, 98860136757323059665935288176015278443 -> a [<span _ngcontent-mkx-c45="" aria-hidden="true" class="glyphicon glyphicon-th-list", 29471666746861938259470438044637749945, http://localhost:8080/petclinic/specialties
29471666746861938259470438044637749945, 303675221858762215192012905307045847481 -> button [' Add ']{}, 35742322003424371479105068301184530812, http://localhost:8080/petclinic/specialties
35742322003424371479105068301184530812, 82334340047938028414557071400369843360 -> form [<div _ngcontent-mkx-c131="" class="form-group" hidden="true", 23070611681096224325828408058557080713, http://localhost:8080/petclinic/specialties
23070611681096224325828408058557080713, 305180577847080639526640298512808561093 -> form [<div _ngcontent-mkx-c131="" class="form-group" hidden="true", 23070611681096224325828408058557080713, http://localhost:8080/petclinic/specialties
23070611681096224325828408058557080713, 305180577847080639526640298512808561093 -> form [<div _ngcontent-mkx-c131="" class="form-group" hidden="true", 23070611681096224325828408058557080713, http://localhost:8080/petclinic/specialties
23070611681096224325828408058557080713, 305180577847080639526640298512808561093 -> form [<div _ngcontent-mkx-c131="" class="form-group" hidden="true", 186878816811282920559094049017676329765, http://localhost:8080/petclinic/specialties
186878816811282920559094049017676329765, 111665635183791888316723883386091890530 -> form [<div _ngcontent-mkx-c131="" class="form-group" hidden="true", 186878816811282920559094049017676329765, http://localhost:8080/petclinic/specialties
186878816811282920559094049017676329765, 111665635183791888316723883386091890530 -> form [<div _ngcontent-mkx-c131="" class="form-group" hidden="true", 186878816811282920559094049017676329765, http://localhost:8080/petclinic/specialties
49422149324400457114317816287120169614, None, 49422149324400457114317816287120169614, http://localhost:8080/petclinic/
49422149324400457114317816287120169614, 292612653088983108977335017304565595288 -> a [<span _ngcontent-kly-c45="" aria-hidden="true" class="glyphicon glyphicon-th-list", 29471666746861938259470438044637749945, http://localhost:8080/petclinic/specialties
29471666746861938259470438044637749945, 303675221858762215192012905307045847481 -> button [' Add ']{}, 35742322003424371479105068301184530812, http://localhost:8080/petclinic/specialties
35742322003424371479105068301184530812, 69516386893312877503276236760084819848 -> form [<div _ngcontent-kly-c131="" class="form-group" hidden="true", 23070611681096224325828408058557080713, http://localhost:8080/petclinic/specialties
23070611681096224325828408058557080713, 93432381700269877109893422628268396297 -> form [<div _ngcontent-kly-c131="" class="form-group" hidden="true", 23070611681096224325828408058557080713, http://localhost:8080/petclinic/specialties
23070611681096224325828408058557080713, 93432381700269877109893422628268396297 -> form [<div _ngcontent-kly-c131="" class="form-group" hidden="true", 186878816811282920559094049017676329765, http://localhost:8080/petclinic/specialties
186878816811282920559094049017676329765, 210502583187571333362723902905151085460 -> form [<div _ngcontent-kly-c131="" class="form-group" hidden="true", 186878816811282920559094049017676329765, http://localhost:8080/petclinic/specialties
186878816811282920559094049017676329765, 210502583187571333362723902905151085460 -> form [<div _ngcontent-kly-c131="" class="form-group" hidden="true", 186878816811282920559094049017676329765, http://localhost:8080/petclinic/specialties
186878816811282920559094049017676329765, 210502583187571333362723902905151085460 -> form [<div _ngcontent-kly-c131="" class="form-group" hidden="true", 186878816811282920559094049017676329765, http://localhost:8080/petclinic/specialties
49422149324400457114317816287120169614, None, 49422149324400457114317816287120169614, http://localhost:8080/petclinic/
49422149324400457114317816287120169614, 200614261205724004632675057710881347983 -> a ['Owners', <span _ngcontent-bsh-c45="" class="caret", 203789904488100118908646339278060037750, http://localhost:8080/petclinic/
203789904488100118908646339278060037750, 212483945015895785968267562451751551833 -> a [<span _ngcontent-bsh-c45="" aria-hidden="true" class="glyphicon glyphicon-search", 192707741666091566240352799848887721267, http://localhost:8080/petclinic/owners
192707741666091566240352799848887721267, 36480373457066908685600633536066351904 -> form [<div _ngcontent-bsh-c48="" class="form-group", 78017988548048723585143512059347663883, http://localhost:8080/petclinic/owners
78017988548048723585143512059347663883, 130548507169488833835925864026939470261 -> a ['Maria Escobito']{'routerlinkactive': 'active', 'ng-reflect-router-link-active': 'active', 'ng-reflect-router-link': '/owners/', 'href': '/petclinic/owners/8'}, 141403640263730357715962344076628369149, http://localhost:8080/petclinic/owners/8
141403640263730357715962344076628369149, 187151684874937294720766962182775302606 -> button ['Add New Pet']{}, 59003915223529206843565028282603790980, http://localhost:8080/petclinic/owners/8
49422149324400457114317816287120169614, None, 49422149324400457114317816287120169614, http://localhost:8080/petclinic/
49422149324400457114317816287120169614, None, 49422149324400457114317816287120169614, http://localhost:8080/petclinic/
49422149324400457114317816287120169614, 262406692181701445545002946204816557272 -> a ['Veterinarians', <span _ngcontent-gav-c45="" class="caret", 74849793808848032408097070206027864246, http://localhost:8080/petclinic/
74849793808848032408097070206027864246, 239905415138175118523905686336718426996 -> a [<span _ngcontent-gav-c45="" aria-hidden="true" class="glyphicon glyphicon-search", 28265460046802086607284127821002688810, http://localhost:8080/petclinic/vets
28265460046802086607284127821002688810, 175965388172778083095137939607633328630 -> button ['Delete Vet']{}, 28265460046802086607284127821002688810, http://localhost:8080/petclinic/vets
28265460046802086607284127821002688810, 156541344850502344101188167639879920108 -> button ['Add Vet']{}, 260706244791257485496027837704690829215, http://localhost:8080/petclinic/vets
260706244791257485496027837704690829215, 183567810725723672134107039169805397433 -> form [<div _ngcontent-gav-c129="" class="form-group" hidden="true", 235557940427700672109601708783865512465, http://localhost:8080/petclinic/vets/add
235557940427700672109601708783865512465, 24475084234928455634942525672664480894 -> form [<div _ngcontent-gav-c129="" class="form-group" hidden="true", 51513408882529245424246001655845665969, http://localhost:8080/petclinic/vets/add
51513408882529245424246001655845665969, 217982525182171446478013040250308250773 -> form [<div _ngcontent-gav-c129="" class="form-group" hidden="true", 51513408882529245424246001655845665969, http://localhost:8080/petclinic/vets/add
51513408882529245424246001655845665969, 217982525182171446478013040250308250773 -> form [<div _ngcontent-gav-c129="" class="form-group" hidden="true", 51513408882529245424246001655845665969, http://localhost:8080/petclinic/vets/add
49422149324400457114317816287120169614, None, 49422149324400457114317816287120169614, http://localhost:8080/petclinic/
49422149324400457114317816287120169614, None, 49422149324400457114317816287120169614, http://localhost:8080/petclinic/
49422149324400457114317816287120169614, 18456284891034840786263503182598695805 -> a [<span _ngcontent-yiy-c45="" aria-hidden="true" class="glyphicon glyphicon-th-list", 30992851833540366670381877346813483052, http://localhost:8080/petclinic/pettypes
30992851833540366670381877346813483052, 296597438918870382236492833317664848505 -> input []{'type': 'text', 'name': 'pettype_name', 'ng-reflect-name': 'pettype_name', 'id': '', 'ng-reflect-model': 'cat'}, 30992851833540366670381877346813483052, http://localhost:8080/petclinic/pettypes
30992851833540366670381877346813483052, 72602955079352731327874698425826022808 -> button ['Edit']{}, 151345748049823530212971871764231642580, http://localhost:8080/petclinic/pettypes
151345748049823530212971871764231642580, 31789282043242228782753595272084589082 -> button ['Cancel']{}, 30992851833540366670381877346813483052, http://localhost:8080/petclinic/pettypes
30992851833540366670381877346813483052, 72602955079352731327874698425826022808 -> button ['Edit']{}, 30992851833540366670381877346813483052, http://localhost:8080/petclinic/pettypes
30992851833540366670381877346813483052, 303675221858762215192012905307045847481 -> button [' Add ']{}, 30992851833540366670381877346813483052, http://localhost:8080/petclinic/pettypes
30992851833540366670381877346813483052, 270321726963322337622429147929354685307 -> input []{'type': 'text', 'name': 'pettype_name', 'ng-reflect-name': 'pettype_name', 'id': '', 'ng-reflect-model': 'Its room particularly gun phys'}, 30992851833540366670381877346813483052, http://localhost:8080/petclinic/pettypes
30992851833540366670381877346813483052, 175539530991800879594449004961932208641 -> button ['Delete']{}, 30992851833540366670381877346813483052, http://localhost:8080/petclinic/pettypes
49422149324400457114317816287120169614, None, 49422149324400457114317816287120169614, http://localhost:8080/petclinic/
49422149324400457114317816287120169614, 48153898457884920674578946340376496219 -> a ['Owners', <span _ngcontent-rfs-c45="" class="caret", 203789904488100118908646339278060037750, http://localhost:8080/petclinic/
203789904488100118908646339278060037750, 244447569703403077591985048842926476142 -> a [<span _ngcontent-rfs-c45="" aria-hidden="true" class="glyphicon glyphicon-search", 301089951666970558643774077122736946526, http://localhost:8080/petclinic/owners
301089951666970558643774077122736946526, 275207839169098191230515849564823314683 -> a ['Peter McTavish']{'routerlinkactive': 'active', 'ng-reflect-router-link-active': 'active', 'ng-reflect-router-link': '/owners/', 'href': '/petclinic/owners/5'}, 261023333095147269470709766205561058843, http://localhost:8080/petclinic/owners/5
261023333095147269470709766205561058843, 187151684874937294720766962182775302606 -> button ['Add New Pet']{}, 24929332150908472775833810240228078289, http://localhost:8080/petclinic/owners/5
24929332150908472775833810240228078289, 296098039941399661068775222716384537671 -> button [<span class="mat-button-wrapper", 118809433405273987943485929474252737555, http://localhost:8080/petclinic/owners/5/pets/add
118809433405273987943485929474252737555, 206538177799463824427462054975137585843 -> button ['Save Pet']{'type': 'submit'}, 151937279362972654223926959836713782044, http://localhost:8080/petclinic/owners/5/pets/add
151937279362972654223926959836713782044, 105156504962899091087065692110256795734 -> button [<span class="mat-button-wrapper", 27725386618677269733594445683531238195, http://localhost:8080/petclinic/owners/5/pets/add
27725386618677269733594445683531238195, 315038389518060044597613108390421105197 -> button [<span class="mat-button-wrapper", 153172435247397243467829823619934267637, http://localhost:8080/petclinic/owners/5/pets/add
49422149324400457114317816287120169614, None, 49422149324400457114317816287120169614, http://localhost:8080/petclinic/
49422149324400457114317816287120169614, None, 49422149324400457114317816287120169614, http://localhost:8080/petclinic/
49422149324400457114317816287120169614, 30435624661449668126604955014382773665 -> a [<span _ngcontent-dkh-c45="" aria-hidden="true" class="glyphicon glyphicon-th-list", 30992851833540366670381877346813483052, http://localhost:8080/petclinic/pettypes
30992851833540366670381877346813483052, 72602955079352731327874698425826022808 -> button ['Edit']{}, 205558127861812383577715697640360814767, http://localhost:8080/petclinic/pettypes
205558127861812383577715697640360814767, 31789282043242228782753595272084589082 -> button ['Cancel']{}, 30992851833540366670381877346813483052, http://localhost:8080/petclinic/pettypes
30992851833540366670381877346813483052, 72602955079352731327874698425826022808 -> button ['Edit']{}, 30992851833540366670381877346813483052, http://localhost:8080/petclinic/pettypes
30992851833540366670381877346813483052, 175539530991800879594449004961932208641 -> button ['Delete']{}, 30992851833540366670381877346813483052, http://localhost:8080/petclinic/pettypes
30992851833540366670381877346813483052, 296597438918870382236492833317664848505 -> input []{'type': 'text', 'name': 'pettype_name', 'ng-reflect-name': 'pettype_name', 'id': '', 'ng-reflect-model': 'cat'}, 30992851833540366670381877346813483052, http://localhost:8080/petclinic/pettypes
30992851833540366670381877346813483052, 72602955079352731327874698425826022808 -> button ['Edit']{}, 30992851833540366670381877346813483052, http://localhost:8080/petclinic/pettypes
30992851833540366670381877346813483052, 303675221858762215192012905307045847481 -> button [' Add ']{}, 30992851833540366670381877346813483052, http://localhost:8080/petclinic/pettypes
49422149324400457114317816287120169614, None, 49422149324400457114317816287120169614, http://localhost:8080/petclinic/
49422149324400457114317816287120169614, 33274384212803929102303361675303843866 -> a [<span _ngcontent-igx-c45="" aria-hidden="true" class="glyphicon glyphicon-th-list", 29471666746861938259470438044637749945, http://localhost:8080/petclinic/specialties
29471666746861938259470438044637749945, 303675221858762215192012905307045847481 -> button [' Add ']{}, 35742322003424371479105068301184530812, http://localhost:8080/petclinic/specialties
35742322003424371479105068301184530812, 209605572264448315841784663036622072948 -> form [<div _ngcontent-igx-c131="" class="form-group" hidden="true", 23070611681096224325828408058557080713, http://localhost:8080/petclinic/specialties
23070611681096224325828408058557080713, 289238420694885647751077777147843192017 -> form [<div _ngcontent-igx-c131="" class="form-group" hidden="true", 23070611681096224325828408058557080713, http://localhost:8080/petclinic/specialties
23070611681096224325828408058557080713, 289238420694885647751077777147843192017 -> form [<div _ngcontent-igx-c131="" class="form-group" hidden="true", 23070611681096224325828408058557080713, http://localhost:8080/petclinic/specialties
23070611681096224325828408058557080713, 289238420694885647751077777147843192017 -> form [<div _ngcontent-igx-c131="" class="form-group" hidden="true", 186878816811282920559094049017676329765, http://localhost:8080/petclinic/specialties
186878816811282920559094049017676329765, 213101410449900976724825807860579621805 -> form [<div _ngcontent-igx-c131="" class="form-group" hidden="true", 186878816811282920559094049017676329765, http://localhost:8080/petclinic/specialties
186878816811282920559094049017676329765, 213101410449900976724825807860579621805 -> form [<div _ngcontent-igx-c131="" class="form-group" hidden="true", 186878816811282920559094049017676329765, http://localhost:8080/petclinic/specialties
49422149324400457114317816287120169614, None, 49422149324400457114317816287120169614, http://localhost:8080/petclinic/
49422149324400457114317816287120169614, 259544783392212947414353201178421473650 -> a [<span _ngcontent-lmo-c45="" aria-hidden="true" class="glyphicon glyphicon-th-list", 29471666746861938259470438044637749945, http://localhost:8080/petclinic/specialties
29471666746861938259470438044637749945, 303675221858762215192012905307045847481 -> button [' Add ']{}, 35742322003424371479105068301184530812, http://localhost:8080/petclinic/specialties
35742322003424371479105068301184530812, 330628006337395474672027862266858606155 -> form [<div _ngcontent-lmo-c131="" class="form-group" hidden="true", 23070611681096224325828408058557080713, http://localhost:8080/petclinic/specialties
23070611681096224325828408058557080713, 194183786700580390942853884856343377476 -> form [<div _ngcontent-lmo-c131="" class="form-group" hidden="true", 23070611681096224325828408058557080713, http://localhost:8080/petclinic/specialties
23070611681096224325828408058557080713, 194183786700580390942853884856343377476 -> form [<div _ngcontent-lmo-c131="" class="form-group" hidden="true", 23070611681096224325828408058557080713, http://localhost:8080/petclinic/specialties
23070611681096224325828408058557080713, 194183786700580390942853884856343377476 -> form [<div _ngcontent-lmo-c131="" class="form-group" hidden="true", 186878816811282920559094049017676329765, http://localhost:8080/petclinic/specialties
186878816811282920559094049017676329765, 32893676495416896321535212969285726752 -> form [<div _ngcontent-lmo-c131="" class="form-group" hidden="true", 186878816811282920559094049017676329765, http://localhost:8080/petclinic/specialties
186878816811282920559094049017676329765, 32893676495416896321535212969285726752 -> form [<div _ngcontent-lmo-c131="" class="form-group" hidden="true", 186878816811282920559094049017676329765, http://localhost:8080/petclinic/specialties
49422149324400457114317816287120169614, None, 49422149324400457114317816287120169614, http://localhost:8080/petclinic/
49422149324400457114317816287120169614, 273297149457188153862468631114090898191 -> a ['Veterinarians', <span _ngcontent-poj-c45="" class="caret", 74849793808848032408097070206027864246, http://localhost:8080/petclinic/
74849793808848032408097070206027864246, 313390310281056654733774658677855097249 -> a ['Veterinarians', <span _ngcontent-poj-c45="" class="caret", 49422149324400457114317816287120169614, http://localhost:8080/petclinic/
49422149324400457114317816287120169614, 273297149457188153862468631114090898191 -> a ['Veterinarians', <span _ngcontent-poj-c45="" class="caret", 74849793808848032408097070206027864246, http://localhost:8080/petclinic/
74849793808848032408097070206027864246, 105067533617017399206326532548785274139 -> a [<span _ngcontent-poj-c45="" aria-hidden="true" class="glyphicon glyphicon-plus", 87782023619722292446836137091803110028, http://localhost:8080/petclinic/vets/add
87782023619722292446836137091803110028, 39616884294636575111693544434707368018 -> button ['< Back']{'type': 'button'}, 226321264437896678066783544823465103778, http://localhost:8080/petclinic/vets/add
226321264437896678066783544823465103778, 256360860892512118058564592479449333803 -> form [<div _ngcontent-poj-c129="" class="form-group" hidden="true", 33209804406029569798485091707109282557, http://localhost:8080/petclinic/vets/add
33209804406029569798485091707109282557, 152545785843875803822361535198938827698 -> form [<div _ngcontent-poj-c129="" class="form-group" hidden="true", 51513408882529245424246001655845665969, http://localhost:8080/petclinic/vets/add
51513408882529245424246001655845665969, 248471648215881885261559097308327426385 -> form [<div _ngcontent-poj-c129="" class="form-group" hidden="true", 51513408882529245424246001655845665969, http://localhost:8080/petclinic/vets/add
49422149324400457114317816287120169614, None, 49422149324400457114317816287120169614, http://localhost:8080/petclinic/
49422149324400457114317816287120169614, None, 49422149324400457114317816287120169614, http://localhost:8080/petclinic/
49422149324400457114317816287120169614, None, 49422149324400457114317816287120169614, http://localhost:8080/petclinic/
49422149324400457114317816287120169614, None, 49422149324400457114317816287120169614, http://localhost:8080/petclinic/
49422149324400457114317816287120169614, 145899677079293643706169433904809689315 -> a ['Owners', <span _ngcontent-msd-c45="" class="caret", 203789904488100118908646339278060037750, http://localhost:8080/petclinic/
203789904488100118908646339278060037750, 123652767321762086290529949686249276761 -> a [<span _ngcontent-msd-c45="" aria-hidden="true" class="glyphicon glyphicon-plus", 282167456026102075406891693572033620368, http://localhost:8080/petclinic/owners/add
282167456026102075406891693572033620368, 121217641283604355853516383570550398651 -> button ['Back']{'type': 'button'}, 320950711149893205033505510558957965572, http://localhost:8080/petclinic/owners/add
320950711149893205033505510558957965572, 35780075375323700744953722110119041818 -> a ['Jeff Black']{'routerlinkactive': 'active', 'ng-reflect-router-link-active': 'active', 'ng-reflect-router-link': '/owners/', 'href': '/petclinic/owners/7'}, 255948596082738868307235326954188238611, http://localhost:8080/petclinic/owners/7
255948596082738868307235326954188238611, 139589689717891870241471574486234527687 -> button ['Edit Owner']{}, 93767839275242229111442241003704247727, http://localhost:8080/petclinic/owners/7
93767839275242229111442241003704247727, 124294031174834826268342374975091935856 -> form [<div _ngcontent-msd-c53="" class="form-group" hidden="true", 290398067461418728804549374187472872383, http://localhost:8080/petclinic/owners/7/edit
290398067461418728804549374187472872383, 171887750101738705090263244028064537201 -> form [<div _ngcontent-msd-c53="" class="form-group" hidden="true", 290398067461418728804549374187472872383, http://localhost:8080/petclinic/owners/7/edit
290398067461418728804549374187472872383, 171887750101738705090263244028064537201 -> form [<div _ngcontent-msd-c53="" class="form-group" hidden="true", 116940014901180392985248500562819392354, http://localhost:8080/petclinic/owners/7/edit
49422149324400457114317816287120169614, None, 49422149324400457114317816287120169614, http://localhost:8080/petclinic/
49422149324400457114317816287120169614, 274120966622411360702863957523846093077 -> a ['Owners', <span _ngcontent-dtt-c45="" class="caret", 203789904488100118908646339278060037750, http://localhost:8080/petclinic/
203789904488100118908646339278060037750, 36892427126173608528057783431404850250 -> a [<span _ngcontent-dtt-c45="" aria-hidden="true" class="glyphicon glyphicon-search", 192707741666091566240352799848887721267, http://localhost:8080/petclinic/owners
192707741666091566240352799848887721267, 83756260580797356800297219589447520157 -> form [<div _ngcontent-dtt-c48="" class="form-group", 78017988548048723585143512059347663883, http://localhost:8080/petclinic/owners
78017988548048723585143512059347663883, 275207839169098191230515849564823314683 -> a ['Peter McTavish']{'routerlinkactive': 'active', 'ng-reflect-router-link-active': 'active', 'ng-reflect-router-link': '/owners/', 'href': '/petclinic/owners/5'}, 261023333095147269470709766205561058843, http://localhost:8080/petclinic/owners/5
261023333095147269470709766205561058843, 187151684874937294720766962182775302606 -> button ['Add New Pet']{}, 24929332150908472775833810240228078289, http://localhost:8080/petclinic/owners/5
24929332150908472775833810240228078289, 296098039941399661068775222716384537671 -> button [<span class="mat-button-wrapper", 80666088499915580224192394794584141456, http://localhost:8080/petclinic/owners/5/pets/add
80666088499915580224192394794584141456, 305744920515758261598440748417461799480 -> form [<div _ngcontent-dtt-c118="" class="form-group" hidden="true", 329926984963702992574731790883112967070, http://localhost:8080/petclinic/owners/5/pets/add
329926984963702992574731790883112967070, 45141275087720064300807581685757787060 -> button [<span class="mat-button-wrapper", 305027253288344056352825011232182075456, http://localhost:8080/petclinic/owners/5/pets/add
49422149324400457114317816287120169614, None, 49422149324400457114317816287120169614, http://localhost:8080/petclinic/
49422149324400457114317816287120169614, 82451788371469655632885640273933903697 -> a [<span _ngcontent-psu-c45="" aria-hidden="true" class="glyphicon glyphicon-th-list", 29471666746861938259470438044637749945, http://localhost:8080/petclinic/specialties
29471666746861938259470438044637749945, 303675221858762215192012905307045847481 -> button [' Add ']{}, 35742322003424371479105068301184530812, http://localhost:8080/petclinic/specialties
35742322003424371479105068301184530812, 192225704304301628714610261001366861796 -> form [<div _ngcontent-psu-c131="" class="form-group" hidden="true", 23070611681096224325828408058557080713, http://localhost:8080/petclinic/specialties
23070611681096224325828408058557080713, 155008908622228221817093958932008262881 -> form [<div _ngcontent-psu-c131="" class="form-group" hidden="true", 23070611681096224325828408058557080713, http://localhost:8080/petclinic/specialties
23070611681096224325828408058557080713, 155008908622228221817093958932008262881 -> form [<div _ngcontent-psu-c131="" class="form-group" hidden="true", 23070611681096224325828408058557080713, http://localhost:8080/petclinic/specialties
23070611681096224325828408058557080713, 155008908622228221817093958932008262881 -> form [<div _ngcontent-psu-c131="" class="form-group" hidden="true", 186878816811282920559094049017676329765, http://localhost:8080/petclinic/specialties
186878816811282920559094049017676329765, 188870197863694988300397338877145201423 -> form [<div _ngcontent-psu-c131="" class="form-group" hidden="true", 186878816811282920559094049017676329765, http://localhost:8080/petclinic/specialties
186878816811282920559094049017676329765, 188870197863694988300397338877145201423 -> form [<div _ngcontent-psu-c131="" class="form-group" hidden="true", 186878816811282920559094049017676329765, http://localhost:8080/petclinic/specialties
49422149324400457114317816287120169614, None, 49422149324400457114317816287120169614, http://localhost:8080/petclinic/
49422149324400457114317816287120169614, None, 49422149324400457114317816287120169614, http://localhost:8080/petclinic/
49422149324400457114317816287120169614, None, 49422149324400457114317816287120169614, http://localhost:8080/petclinic/
49422149324400457114317816287120169614, 248631785400621105505020273024684780003 -> a ['Owners', <span _ngcontent-mop-c45="" class="caret", 203789904488100118908646339278060037750, http://localhost:8080/petclinic/
203789904488100118908646339278060037750, 46225330195451578879863865334206497297 -> a ['Owners', <span _ngcontent-mop-c45="" class="caret", 49422149324400457114317816287120169614, http://localhost:8080/petclinic/
49422149324400457114317816287120169614, 248631785400621105505020273024684780003 -> a ['Owners', <span _ngcontent-mop-c45="" class="caret", 203789904488100118908646339278060037750, http://localhost:8080/petclinic/
203789904488100118908646339278060037750, 17029688405878830803347978830645804139 -> a [<span _ngcontent-mop-c45="" aria-hidden="true" class="glyphicon glyphicon-plus", 282167456026102075406891693572033620368, http://localhost:8080/petclinic/owners/add
282167456026102075406891693572033620368, 121217641283604355853516383570550398651 -> button ['Back']{'type': 'button'}, 320950711149893205033505510558957965572, http://localhost:8080/petclinic/owners/add
320950711149893205033505510558957965572, 35780075375323700744953722110119041818 -> a ['Jeff Black']{'routerlinkactive': 'active', 'ng-reflect-router-link-active': 'active', 'ng-reflect-router-link': '/owners/', 'href': '/petclinic/owners/7'}, 255948596082738868307235326954188238611, http://localhost:8080/petclinic/owners/7
255948596082738868307235326954188238611, 139589689717891870241471574486234527687 -> button ['Edit Owner']{}, 93767839275242229111442241003704247727, http://localhost:8080/petclinic/owners/7
93767839275242229111442241003704247727, 12953730078211595176609738032899615565 -> form [<div _ngcontent-mop-c53="" class="form-group" hidden="true", 290398067461418728804549374187472872383, http://localhost:8080/petclinic/owners/7/edit
49422149324400457114317816287120169614, None, 49422149324400457114317816287120169614, http://localhost:8080/petclinic/
49422149324400457114317816287120169614, 228925042263818103986901652035177495695 -> a ['Veterinarians', <span _ngcontent-olc-c45="" class="caret", 74849793808848032408097070206027864246, http://localhost:8080/petclinic/
74849793808848032408097070206027864246, 235884483220821965572902506790707341464 -> a [<span _ngcontent-olc-c45="" aria-hidden="true" class="glyphicon glyphicon-plus", 226321264437896678066783544823465103778, http://localhost:8080/petclinic/vets/add
226321264437896678066783544823465103778, 336787772608447127268394415028530217506 -> form [<div _ngcontent-olc-c129="" class="form-group" hidden="true", 51513408882529245424246001655845665969, http://localhost:8080/petclinic/vets/add
51513408882529245424246001655845665969, 65805495459033460265307184753944363232 -> form [<div _ngcontent-olc-c129="" class="form-group" hidden="true", 51513408882529245424246001655845665969, http://localhost:8080/petclinic/vets/add
51513408882529245424246001655845665969, 65805495459033460265307184753944363232 -> form [<div _ngcontent-olc-c129="" class="form-group" hidden="true", 339637606719394271701663842081856209270, http://localhost:8080/petclinic/vets/add
339637606719394271701663842081856209270, 249310261563421286082134966380627815547 -> form [<div _ngcontent-olc-c129="" class="form-group" hidden="true", 238451040456130586133873871741821886665, http://localhost:8080/petclinic/vets/add
238451040456130586133873871741821886665, 254103888516735743233863377621349829856 -> form [<div _ngcontent-olc-c129="" class="form-group" hidden="true", 238451040456130586133873871741821886665, http://localhost:8080/petclinic/vets/add
238451040456130586133873871741821886665, 254103888516735743233863377621349829856 -> form [<div _ngcontent-olc-c129="" class="form-group" hidden="true", 238451040456130586133873871741821886665, http://localhost:8080/petclinic/vets/add
49422149324400457114317816287120169614, None, 49422149324400457114317816287120169614, http://localhost:8080/petclinic/
49422149324400457114317816287120169614, 132369327264178464768743164875852997853 -> a ['Veterinarians', <span _ngcontent-vhe-c45="" class="caret", 74849793808848032408097070206027864246, http://localhost:8080/petclinic/
74849793808848032408097070206027864246, 288686487911964325325966006813609592433 -> a [<span _ngcontent-vhe-c45="" aria-hidden="true" class="glyphicon glyphicon-plus", 226321264437896678066783544823465103778, http://localhost:8080/petclinic/vets/add
226321264437896678066783544823465103778, 13593364627005672976755549044331080137 -> form [<div _ngcontent-vhe-c129="" class="form-group" hidden="true", 235557940427700672109601708783865512465, http://localhost:8080/petclinic/vets/add
235557940427700672109601708783865512465, 186364547090302057438476187222481144109 -> form [<div _ngcontent-vhe-c129="" class="form-group" hidden="true", 51513408882529245424246001655845665969, http://localhost:8080/petclinic/vets/add
51513408882529245424246001655845665969, 60600310618368514263687894210994451006 -> form [<div _ngcontent-vhe-c129="" class="form-group" hidden="true", 51513408882529245424246001655845665969, http://localhost:8080/petclinic/vets/add
51513408882529245424246001655845665969, 60600310618368514263687894210994451006 -> form [<div _ngcontent-vhe-c129="" class="form-group" hidden="true", 51513408882529245424246001655845665969, http://localhost:8080/petclinic/vets/add
51513408882529245424246001655845665969, 60600310618368514263687894210994451006 -> form [<div _ngcontent-vhe-c129="" class="form-group" hidden="true", 266489755429907913402019942826150794738, http://localhost:8080/petclinic/vets/add
266489755429907913402019942826150794738, 216251121288981130933950903142028167823 -> form [<div _ngcontent-vhe-c129="" class="form-group" hidden="true", 153026709185554415823506186322438569169, http://localhost:8080/petclinic/vets/add
49422149324400457114317816287120169614, None, 49422149324400457114317816287120169614, http://localhost:8080/petclinic/
49422149324400457114317816287120169614, None, 49422149324400457114317816287120169614, http://localhost:8080/petclinic/
49422149324400457114317816287120169614, 247529417781680243697019775861101355883 -> a [<span _ngcontent-afr-c45="" aria-hidden="true" class="glyphicon glyphicon-th-list", 217859354597832274890068174486427952950, http://localhost:8080/petclinic/pettypes
49422149324400457114317816287120169614, None, 49422149324400457114317816287120169614, http://localhost:8080/petclinic/
49422149324400457114317816287120169614, 280592457445804629483396498474550401675 -> a ['Owners', <span _ngcontent-sqg-c45="" class="caret", 203789904488100118908646339278060037750, http://localhost:8080/petclinic/
203789904488100118908646339278060037750, 185375493211212951759419408760145220261 -> a [<span _ngcontent-sqg-c45="" aria-hidden="true" class="glyphicon glyphicon-search", 301089951666970558643774077122736946526, http://localhost:8080/petclinic/owners
301089951666970558643774077122736946526, 275207839169098191230515849564823314683 -> a ['Peter McTavish']{'routerlinkactive': 'active', 'ng-reflect-router-link-active': 'active', 'ng-reflect-router-link': '/owners/', 'href': '/petclinic/owners/5'}, 261023333095147269470709766205561058843, http://localhost:8080/petclinic/owners/5
261023333095147269470709766205561058843, 187151684874937294720766962182775302606 -> button ['Add New Pet']{}, 24929332150908472775833810240228078289, http://localhost:8080/petclinic/owners/5
24929332150908472775833810240228078289, 296098039941399661068775222716384537671 -> button [<span class="mat-button-wrapper", 228790907500060211889834848310251980650, http://localhost:8080/petclinic/owners/5/pets/add
228790907500060211889834848310251980650, 255584305290723348838099425903284135466 -> button [<span class="mat-button-wrapper", 226250134271011584438415208017653438900, http://localhost:8080/petclinic/owners/5/pets/add
226250134271011584438415208017653438900, 272153497149338250789308891028005985327 -> button [<span class="mat-button-wrapper", 196941346821075201323545730230785740412, http://localhost:8080/petclinic/owners/5/pets/add
196941346821075201323545730230785740412, 228445681786538191590921749872605384756 -> form [<div _ngcontent-sqg-c118="" class="form-group" hidden="true", 165387452650376279294960577030145294541, http://localhost:8080/petclinic/owners/5/pets/add
49422149324400457114317816287120169614, None, 49422149324400457114317816287120169614, http://localhost:8080/petclinic/
49422149324400457114317816287120169614, 235124291477147176257973349706503112204 -> a ['Owners', <span _ngcontent-dxv-c45="" class="caret", 203789904488100118908646339278060037750, http://localhost:8080/petclinic/
203789904488100118908646339278060037750, 106471787823535537234410801240668033717 -> a [<span _ngcontent-dxv-c45="" aria-hidden="true" class="glyphicon glyphicon-plus", 282167456026102075406891693572033620368, http://localhost:8080/petclinic/owners/add
282167456026102075406891693572033620368, 121217641283604355853516383570550398651 -> button ['Back']{'type': 'button'}, 198349928341156416954726297591028442855, http://localhost:8080/petclinic/owners/add
198349928341156416954726297591028442855, 84228671074082750632551316069214678057 -> form [<div _ngcontent-dxv-c48="" class="form-group", 78017988548048723585143512059347663883, http://localhost:8080/petclinic/owners
78017988548048723585143512059347663883, 275207839169098191230515849564823314683 -> a ['Peter McTavish']{'routerlinkactive': 'active', 'ng-reflect-router-link-active': 'active', 'ng-reflect-router-link': '/owners/', 'href': '/petclinic/owners/5'}, 261023333095147269470709766205561058843, http://localhost:8080/petclinic/owners/5
261023333095147269470709766205561058843, 187151684874937294720766962182775302606 -> button ['Add New Pet']{}, 24929332150908472775833810240228078289, http://localhost:8080/petclinic/owners/5
24929332150908472775833810240228078289, 296098039941399661068775222716384537671 -> button [<span class="mat-button-wrapper", 129097428264234821053333516877844214938, http://localhost:8080/petclinic/owners/5/pets/add
129097428264234821053333516877844214938, 126932123824909621948951757260485151810 -> form [<div _ngcontent-dxv-c118="" class="form-group" hidden="true", 329926984963702992574731790883112967070, http://localhost:8080/petclinic/owners/5/pets/add
49422149324400457114317816287120169614, None, 49422149324400457114317816287120169614, http://localhost:8080/petclinic/
49422149324400457114317816287120169614, 190440128599058608303427124198702103904 -> a [<span _ngcontent-opk-c45="" aria-hidden="true" class="glyphicon glyphicon-th-list", 217859354597832274890068174486427952950, http://localhost:8080/petclinic/pettypes
217859354597832274890068174486427952950, 303675221858762215192012905307045847481 -> button [' Add ']{}, 140560285044553552046952912053463085313, http://localhost:8080/petclinic/pettypes
140560285044553552046952912053463085313, 11951223926559321901547863386723698132 -> form [<div _ngcontent-opk-c122="" class="form-group" hidden="true", 90618716238260079989016117133300932117, http://localhost:8080/petclinic/pettypes
90618716238260079989016117133300932117, 198186084184297221649561129863374272996 -> form [<div _ngcontent-opk-c122="" class="form-group" hidden="true", 90618716238260079989016117133300932117, http://localhost:8080/petclinic/pettypes
90618716238260079989016117133300932117, 198186084184297221649561129863374272996 -> form [<div _ngcontent-opk-c122="" class="form-group" hidden="true", 64443198964003710076571867579495715826, http://localhost:8080/petclinic/pettypes
64443198964003710076571867579495715826, 340026599790252567800315388294622101803 -> input []{'type': 'text', 'hidden': 'true', 'id': 'id', 'name': 'id', 'ng-reflect-name': 'id'}, 328954725398515468010334501770049745449, http://localhost:8080/petclinic/pettypes
328954725398515468010334501770049745449, 255940741812993871692019365900341723004 -> input []{'type': 'text', 'name': 'pettype_name', 'ng-reflect-name': 'pettype_name', 'id': '', 'ng-reflect-model': 'First moment him PM tell crime'}, 328954725398515468010334501770049745449, http://localhost:8080/petclinic/pettypes
328954725398515468010334501770049745449, 255940741812993871692019365900341723004 -> input []{'type': 'text', 'name': 'pettype_name', 'ng-reflect-name': 'pettype_name', 'id': '', 'ng-reflect-model': 'First moment him PM tell crime'}, 328954725398515468010334501770049745449, http://localhost:8080/petclinic/pettypes
49422149324400457114317816287120169614, None, 49422149324400457114317816287120169614, http://localhost:8080/petclinic/
49422149324400457114317816287120169614, 222830566250297296094037084471748421616 -> a [<span _ngcontent-ojg-c45="" aria-hidden="true" class="glyphicon glyphicon-th-list", 328954725398515468010334501770049745449, http://localhost:8080/petclinic/pettypes
328954725398515468010334501770049745449, 175539530991800879594449004961932208641 -> button ['Delete']{}, 328954725398515468010334501770049745449, http://localhost:8080/petclinic/pettypes
49422149324400457114317816287120169614, None, 49422149324400457114317816287120169614, http://localhost:8080/petclinic/
49422149324400457114317816287120169614, 22344104892457238476781773343644725050 -> a [<span _ngcontent-xrg-c45="" aria-hidden="true" class="glyphicon glyphicon-th-list", 29471666746861938259470438044637749945, http://localhost:8080/petclinic/specialties
29471666746861938259470438044637749945, 303675221858762215192012905307045847481 -> button [' Add ']{}, 35742322003424371479105068301184530812, http://localhost:8080/petclinic/specialties
35742322003424371479105068301184530812, 50697943138219632092718221711475500725 -> form [<div _ngcontent-xrg-c131="" class="form-group" hidden="true", 23070611681096224325828408058557080713, http://localhost:8080/petclinic/specialties
23070611681096224325828408058557080713, 250371423767433851068298678427944353613 -> form [<div _ngcontent-xrg-c131="" class="form-group" hidden="true", 23070611681096224325828408058557080713, http://localhost:8080/petclinic/specialties
23070611681096224325828408058557080713, 250371423767433851068298678427944353613 -> form [<div _ngcontent-xrg-c131="" class="form-group" hidden="true", 186878816811282920559094049017676329765, http://localhost:8080/petclinic/specialties
186878816811282920559094049017676329765, 129865686795171408322387653697500306657 -> form [<div _ngcontent-xrg-c131="" class="form-group" hidden="true", 186878816811282920559094049017676329765, http://localhost:8080/petclinic/specialties
186878816811282920559094049017676329765, 129865686795171408322387653697500306657 -> form [<div _ngcontent-xrg-c131="" class="form-group" hidden="true", 186878816811282920559094049017676329765, http://localhost:8080/petclinic/specialties
186878816811282920559094049017676329765, 129865686795171408322387653697500306657 -> form [<div _ngcontent-xrg-c131="" class="form-group" hidden="true", 186878816811282920559094049017676329765, http://localhost:8080/petclinic/specialties
49422149324400457114317816287120169614, None, 49422149324400457114317816287120169614, http://localhost:8080/petclinic/
49422149324400457114317816287120169614, None, 49422149324400457114317816287120169614, http://localhost:8080/petclinic/
49422149324400457114317816287120169614, None, 49422149324400457114317816287120169614, http://localhost:8080/petclinic/
49422149324400457114317816287120169614, None, 49422149324400457114317816287120169614, http://localhost:8080/petclinic/
49422149324400457114317816287120169614, 53742389004490340903837217274308125889 -> a ['Veterinarians', <span _ngcontent-bcg-c45="" class="caret", 74849793808848032408097070206027864246, http://localhost:8080/petclinic/
74849793808848032408097070206027864246, 282624599839965249991658200155046458117 -> a [<span _ngcontent-bcg-c45="" aria-hidden="true" class="glyphicon glyphicon-search", 177059771228035238167673801772061630899, http://localhost:8080/petclinic/vets
177059771228035238167673801772061630899, 175965388172778083095137939607633328630 -> button ['Delete Vet']{}, 177059771228035238167673801772061630899, http://localhost:8080/petclinic/vets
177059771228035238167673801772061630899, 329707456084073791286946226186375528724 -> button ['Edit Vet']{}, 95330253605169440766474795781005633012, http://localhost:8080/petclinic/vets
95330253605169440766474795781005633012, 25048049564462506984178383400042856630 -> form [<div _ngcontent-bcg-c130="" class="form-group" hidden="true", 256662163123734465893437694768788041607, http://localhost:8080/petclinic/vets/6/edit
256662163123734465893437694768788041607, 300995831087806369333335643936008329297 -> form [<div _ngcontent-bcg-c130="" class="form-group" hidden="true", 90496284481828421655468070681472691950, http://localhost:8080/petclinic/vets/6/edit
90496284481828421655468070681472691950, 13298734730275588130128369881220467631 -> form [<div _ngcontent-bcg-c130="" class="form-group" hidden="true", 90496284481828421655468070681472691950, http://localhost:8080/petclinic/vets/6/edit
90496284481828421655468070681472691950, 13298734730275588130128369881220467631 -> form [<div _ngcontent-bcg-c130="" class="form-group" hidden="true", 90496284481828421655468070681472691950, http://localhost:8080/petclinic/vets/6/edit
49422149324400457114317816287120169614, None, 49422149324400457114317816287120169614, http://localhost:8080/petclinic/
49422149324400457114317816287120169614, 265334609711318362696851857971695520331 -> a [<span _ngcontent-ydu-c45="" aria-hidden="true" class="glyphicon glyphicon-th-list", 29471666746861938259470438044637749945, http://localhost:8080/petclinic/specialties
29471666746861938259470438044637749945, 303675221858762215192012905307045847481 -> button [' Add ']{}, 35742322003424371479105068301184530812, http://localhost:8080/petclinic/specialties
35742322003424371479105068301184530812, 15003151243969108399113244755048429435 -> form [<div _ngcontent-ydu-c131="" class="form-group" hidden="true", 23070611681096224325828408058557080713, http://localhost:8080/petclinic/specialties
23070611681096224325828408058557080713, 104655046342550464122819146923073682794 -> form [<div _ngcontent-ydu-c131="" class="form-group" hidden="true", 23070611681096224325828408058557080713, http://localhost:8080/petclinic/specialties
23070611681096224325828408058557080713, 104655046342550464122819146923073682794 -> form [<div _ngcontent-ydu-c131="" class="form-group" hidden="true", 186878816811282920559094049017676329765, http://localhost:8080/petclinic/specialties
186878816811282920559094049017676329765, 56673883192809436749065742734649461636 -> form [<div _ngcontent-ydu-c131="" class="form-group" hidden="true", 186878816811282920559094049017676329765, http://localhost:8080/petclinic/specialties
186878816811282920559094049017676329765, 56673883192809436749065742734649461636 -> form [<div _ngcontent-ydu-c131="" class="form-group" hidden="true", 186878816811282920559094049017676329765, http://localhost:8080/petclinic/specialties
186878816811282920559094049017676329765, 56673883192809436749065742734649461636 -> form [<div _ngcontent-ydu-c131="" class="form-group" hidden="true", 186878816811282920559094049017676329765, http://localhost:8080/petclinic/specialties
49422149324400457114317816287120169614, None, 49422149324400457114317816287120169614, http://localhost:8080/petclinic/
49422149324400457114317816287120169614, 248936727306038147540723066080544662331 -> a [<span _ngcontent-pjo-c45="" aria-hidden="true" class="glyphicon glyphicon-th-list", 288837384050435833154613713335591823145, http://localhost:8080/petclinic/specialties
288837384050435833154613713335591823145, 303675221858762215192012905307045847481 -> button [' Add ']{}, 35742322003424371479105068301184530812, http://localhost:8080/petclinic/specialties
35742322003424371479105068301184530812, 72602955079352731327874698425826022808 -> button ['Edit']{}, 37944750358445581152875643133321287347, http://localhost:8080/petclinic/specialties
37944750358445581152875643133321287347, 9852354248006107332379900474088821247 -> form [<div _ngcontent-pjo-c133="" class="form-group" hidden="true", 95042809201192950769769333780267702577, http://localhost:8080/petclinic/specialties/2/edit
95042809201192950769769333780267702577, 77802613232283754481313596430779714121 -> form [<div _ngcontent-pjo-c133="" class="form-group" hidden="true", 95042809201192950769769333780267702577, http://localhost:8080/petclinic/specialties/2/edit
95042809201192950769769333780267702577, 77802613232283754481313596430779714121 -> form [<div _ngcontent-pjo-c133="" class="form-group" hidden="true", 164684666345949399625546757642083016345, http://localhost:8080/petclinic/specialties/2/edit
164684666345949399625546757642083016345, 273935826806262813239333872313979389716 -> form [<div _ngcontent-pjo-c133="" class="form-group" hidden="true", 3912968157065772187548080559652781337, http://localhost:8080/petclinic/specialties/2/edit
3912968157065772187548080559652781337, 210008033265794949735428487564478199508 -> form [<div _ngcontent-pjo-c133="" class="form-group" hidden="true", 129007398272558246861696382267835674802, http://localhost:8080/petclinic/specialties
49422149324400457114317816287120169614, None, 49422149324400457114317816287120169614, http://localhost:8080/petclinic/
49422149324400457114317816287120169614, None, 49422149324400457114317816287120169614, http://localhost:8080/petclinic/
49422149324400457114317816287120169614, None, 49422149324400457114317816287120169614, http://localhost:8080/petclinic/
49422149324400457114317816287120169614, 248359020602934589641189315207659815534 -> a ['Owners', <span _ngcontent-bwp-c45="" class="caret", 203789904488100118908646339278060037750, http://localhost:8080/petclinic/
203789904488100118908646339278060037750, 157225942210591207815887248443745851034 -> a [<span _ngcontent-bwp-c45="" aria-hidden="true" class="glyphicon glyphicon-search", 192707741666091566240352799848887721267, http://localhost:8080/petclinic/owners
192707741666091566240352799848887721267, 194874903541151049054245554687794478990 -> form [<div _ngcontent-bwp-c48="" class="form-group", 307282932366750293283820376115899043181, http://localhost:8080/petclinic/owners
307282932366750293283820376115899043181, 130548507169488833835925864026939470261 -> a ['Maria Escobito']{'routerlinkactive': 'active', 'ng-reflect-router-link-active': 'active', 'ng-reflect-router-link': '/owners/', 'href': '/petclinic/owners/8'}, 141403640263730357715962344076628369149, http://localhost:8080/petclinic/owners/8
141403640263730357715962344076628369149, 187151684874937294720766962182775302606 -> button ['Add New Pet']{}, 59003915223529206843565028282603790980, http://localhost:8080/petclinic/owners/8
59003915223529206843565028282603790980, 296098039941399661068775222716384537671 -> button [<span class="mat-button-wrapper", 313205499273971686218417818930965361309, http://localhost:8080/petclinic/owners/8/pets/add
313205499273971686218417818930965361309, 73663897532336889032898444162543628979 -> button [<span class="mat-button-wrapper", 259832175182075372817636544710685506790, http://localhost:8080/petclinic/owners/8/pets/add
259832175182075372817636544710685506790, 156512109102698408188900954066967499525 -> form [<div _ngcontent-bwp-c118="" class="form-group" hidden="true", 310319028580709463276054032070955534739, http://localhost:8080/petclinic/owners/8/pets/add
49422149324400457114317816287120169614, None, 49422149324400457114317816287120169614, http://localhost:8080/petclinic/
49422149324400457114317816287120169614, None, 49422149324400457114317816287120169614, http://localhost:8080/petclinic/
49422149324400457114317816287120169614, 23044453601674198803313860815186127110 -> a ['Veterinarians', <span _ngcontent-efy-c45="" class="caret", 74849793808848032408097070206027864246, http://localhost:8080/petclinic/
74849793808848032408097070206027864246, 185507781900337771738933682061038456029 -> a ['Veterinarians', <span _ngcontent-efy-c45="" class="caret", 49422149324400457114317816287120169614, http://localhost:8080/petclinic/
49422149324400457114317816287120169614, 23044453601674198803313860815186127110 -> a ['Veterinarians', <span _ngcontent-efy-c45="" class="caret", 74849793808848032408097070206027864246, http://localhost:8080/petclinic/
74849793808848032408097070206027864246, 227357081560143416355983715896271106200 -> a [<span _ngcontent-efy-c45="" aria-hidden="true" class="glyphicon glyphicon-search", 120962431678690102558501945372758632054, http://localhost:8080/petclinic/vets
120962431678690102558501945372758632054, 156541344850502344101188167639879920108 -> button ['Add Vet']{}, 177059771228035238167673801772061630899, http://localhost:8080/petclinic/vets
177059771228035238167673801772061630899, 329707456084073791286946226186375528724 -> button ['Edit Vet']{}, 95330253605169440766474795781005633012, http://localhost:8080/petclinic/vets
95330253605169440766474795781005633012, 269324735820006688184959415333784299582 -> form [<div _ngcontent-efy-c130="" class="form-group" hidden="true", 69207825045983695213490243965278407833, http://localhost:8080/petclinic/vets/6/edit
69207825045983695213490243965278407833, 36650633852580083333392383243328106441 -> form [<div _ngcontent-efy-c130="" class="form-group" hidden="true", 90496284481828421655468070681472691950, http://localhost:8080/petclinic/vets/6/edit
49422149324400457114317816287120169614, None, 49422149324400457114317816287120169614, http://localhost:8080/petclinic/
49422149324400457114317816287120169614, 186411697161474982731740063630610286620 -> a [<span _ngcontent-gue-c45="" aria-hidden="true" class="glyphicon glyphicon-th-list", 217859354597832274890068174486427952950, http://localhost:8080/petclinic/pettypes
217859354597832274890068174486427952950, 303675221858762215192012905307045847481 -> button [' Add ']{}, 185854308907968871414285643451507723079, http://localhost:8080/petclinic/pettypes
185854308907968871414285643451507723079, 270321726963322337622429147929354685307 -> input []{'type': 'text', 'name': 'pettype_name', 'ng-reflect-name': 'pettype_name', 'id': '', 'ng-reflect-model': 'Its room particularly gun phys'}, 185854308907968871414285643451507723079, http://localhost:8080/petclinic/pettypes
49422149324400457114317816287120169614, None, 49422149324400457114317816287120169614, http://localhost:8080/petclinic/
49422149324400457114317816287120169614, 160128047615657235319230621361340067265 -> a [<span _ngcontent-kfm-c45="" aria-hidden="true" class="glyphicon glyphicon-th-list", 129007398272558246861696382267835674802, http://localhost:8080/petclinic/specialties
129007398272558246861696382267835674802, 20137130971298719452286347035526917734 -> input []{'type': 'text', 'name': 'spec_name', 'ng-reflect-name': 'spec_name', 'id': '', 'ng-reflect-model': 'Business perform color positio'}, 129007398272558246861696382267835674802, http://localhost:8080/petclinic/specialties
49422149324400457114317816287120169614, None, 49422149324400457114317816287120169614, http://localhost:8080/petclinic/
49422149324400457114317816287120169614, 186307870508091462865818846240201843845 -> a ['Owners', <span _ngcontent-hwx-c45="" class="caret", 203789904488100118908646339278060037750, http://localhost:8080/petclinic/
203789904488100118908646339278060037750, 211373097753152456002334181933827560903 -> a [<span _ngcontent-hwx-c45="" aria-hidden="true" class="glyphicon glyphicon-search", 134467512933047695112209168027061027792, http://localhost:8080/petclinic/owners
134467512933047695112209168027061027792, 49750308469908064747367795762376804634 -> button ['Add Owner']{}, 203023619710194440040269972140338262674, http://localhost:8080/petclinic/owners
203023619710194440040269972140338262674, 280609471234173297549231775355748628266 -> form [<div _ngcontent-hwx-c52="" class="form-group" hidden="true", 291685180932967670630056728044152756173, http://localhost:8080/petclinic/owners/add
291685180932967670630056728044152756173, 266983878027172961460771383563086503261 -> form [<div _ngcontent-hwx-c52="" class="form-group" hidden="true", 81722613000553017266989564081804926849, http://localhost:8080/petclinic/owners/add
81722613000553017266989564081804926849, 266534758617213854001916866656036924617 -> form [<div _ngcontent-hwx-c52="" class="form-group" hidden="true", 81722613000553017266989564081804926849, http://localhost:8080/petclinic/owners/add
81722613000553017266989564081804926849, 266534758617213854001916866656036924617 -> form [<div _ngcontent-hwx-c52="" class="form-group" hidden="true", 12259413815552539855398290075841460148, http://localhost:8080/petclinic/owners/add
12259413815552539855398290075841460148, 322912098321398499848653887472154388455 -> form [<div _ngcontent-hwx-c52="" class="form-group" hidden="true", 180643423109084389824308879594349334655, http://localhost:8080/petclinic/owners/add
49422149324400457114317816287120169614, None, 49422149324400457114317816287120169614, http://localhost:8080/petclinic/
49422149324400457114317816287120169614, None, 49422149324400457114317816287120169614, http://localhost:8080/petclinic/
49422149324400457114317816287120169614, None, 49422149324400457114317816287120169614, http://localhost:8080/petclinic/
49422149324400457114317816287120169614, 84758129627812349789604678831423292949 -> a [<span _ngcontent-nhh-c45="" aria-hidden="true" class="glyphicon glyphicon-th-list", 129007398272558246861696382267835674802, http://localhost:8080/petclinic/specialties
129007398272558246861696382267835674802, 72602955079352731327874698425826022808 -> button ['Edit']{}, 211601455817496250339023833127095197741, http://localhost:8080/petclinic/specialties
211601455817496250339023833127095197741, 175981335055636270115316645206408907235 -> form [<div _ngcontent-nhh-c133="" class="form-group" hidden="true", 75876238894587729011776555954161537437, http://localhost:8080/petclinic/specialties/1/edit
75876238894587729011776555954161537437, 104513778208256680613994935048505477627 -> form [<div _ngcontent-nhh-c133="" class="form-group" hidden="true", 75876238894587729011776555954161537437, http://localhost:8080/petclinic/specialties/1/edit
75876238894587729011776555954161537437, 104513778208256680613994935048505477627 -> form [<div _ngcontent-nhh-c133="" class="form-group" hidden="true", 21088824841068895838564357439767950679, http://localhost:8080/petclinic/specialties/1/edit
49422149324400457114317816287120169614, None, 49422149324400457114317816287120169614, http://localhost:8080/petclinic/
49422149324400457114317816287120169614, None, 49422149324400457114317816287120169614, http://localhost:8080/petclinic/
49422149324400457114317816287120169614, 134751002534232202661531938376301643156 -> a [<span _ngcontent-ipq-c45="" aria-hidden="true" class="glyphicon glyphicon-th-list", 338685854787257523094450223931067167133, http://localhost:8080/petclinic/pettypes
338685854787257523094450223931067167133, 270321726963322337622429147929354685307 -> input []{'type': 'text', 'name': 'pettype_name', 'ng-reflect-name': 'pettype_name', 'id': '', 'ng-reflect-model': 'Its room particularly gun phys'}, 338685854787257523094450223931067167133, http://localhost:8080/petclinic/pettypes
49422149324400457114317816287120169614, None, 49422149324400457114317816287120169614, http://localhost:8080/petclinic/
49422149324400457114317816287120169614, 303066347123999755759010477721918279712 -> a [<span _ngcontent-iwa-c45="" aria-hidden="true" class="glyphicon glyphicon-th-list", 338685854787257523094450223931067167133, http://localhost:8080/petclinic/pettypes
338685854787257523094450223931067167133, 303675221858762215192012905307045847481 -> button [' Add ']{}, 301760900284198537104026804921690192607, http://localhost:8080/petclinic/pettypes
301760900284198537104026804921690192607, 287712777589892501580213661275941337062 -> form [<div _ngcontent-iwa-c122="" class="form-group" hidden="true", 313356223123221830499977213738717392414, http://localhost:8080/petclinic/pettypes
313356223123221830499977213738717392414, 149788539911042475308071922185797155608 -> form [<div _ngcontent-iwa-c122="" class="form-group" hidden="true", 313356223123221830499977213738717392414, http://localhost:8080/petclinic/pettypes
313356223123221830499977213738717392414, 149788539911042475308071922185797155608 -> form [<div _ngcontent-iwa-c122="" class="form-group" hidden="true", 313356223123221830499977213738717392414, http://localhost:8080/petclinic/pettypes
313356223123221830499977213738717392414, 149788539911042475308071922185797155608 -> form [<div _ngcontent-iwa-c122="" class="form-group" hidden="true", 224405822285204099864199754065996243205, http://localhost:8080/petclinic/pettypes
224405822285204099864199754065996243205, 86518089506163501634629576291779735036 -> button ['Save']{'type': 'submit'}, 57647882829391034015106136492369604662, http://localhost:8080/petclinic/pettypes
49422149324400457114317816287120169614, None, 49422149324400457114317816287120169614, http://localhost:8080/petclinic/
49422149324400457114317816287120169614, 262507722420586493522446129212915614186 -> a [<span _ngcontent-hbl-c45="" aria-hidden="true" class="glyphicon glyphicon-th-list", 217859354597832274890068174486427952950, http://localhost:8080/petclinic/pettypes
217859354597832274890068174486427952950, 303675221858762215192012905307045847481 -> button [' Add ']{}, 301760900284198537104026804921690192607, http://localhost:8080/petclinic/pettypes
301760900284198537104026804921690192607, 297861459960711284563466674988450735802 -> form [<div _ngcontent-hbl-c122="" class="form-group" hidden="true", 313356223123221830499977213738717392414, http://localhost:8080/petclinic/pettypes
313356223123221830499977213738717392414, 238858763514363015819530100016582067931 -> form [<div _ngcontent-hbl-c122="" class="form-group" hidden="true", 313356223123221830499977213738717392414, http://localhost:8080/petclinic/pettypes
313356223123221830499977213738717392414, 238858763514363015819530100016582067931 -> form [<div _ngcontent-hbl-c122="" class="form-group" hidden="true", 313356223123221830499977213738717392414, http://localhost:8080/petclinic/pettypes
313356223123221830499977213738717392414, 238858763514363015819530100016582067931 -> form [<div _ngcontent-hbl-c122="" class="form-group" hidden="true", 334367935828093512318408407456243678870, http://localhost:8080/petclinic/pettypes
334367935828093512318408407456243678870, 340026599790252567800315388294622101803 -> input []{'type': 'text', 'hidden': 'true', 'id': 'id', 'name': 'id', 'ng-reflect-name': 'id'}, 251619142880092664805331657720780427215, http://localhost:8080/petclinic/pettypes
251619142880092664805331657720780427215, 5330516169969816603263360125772744846 -> input []{'type': 'text', 'name': 'pettype_name', 'ng-reflect-name': 'pettype_name', 'id': '', 'ng-reflect-model': 'Morning red back prevent see'}, 251619142880092664805331657720780427215, http://localhost:8080/petclinic/pettypes
49422149324400457114317816287120169614, None, 49422149324400457114317816287120169614, http://localhost:8080/petclinic/
49422149324400457114317816287120169614, 320108617196966793113449338143796726827 -> a [<span _ngcontent-oge-c45="" aria-hidden="true" class="glyphicon glyphicon-th-list", 217859354597832274890068174486427952950, http://localhost:8080/petclinic/pettypes
217859354597832274890068174486427952950, 303675221858762215192012905307045847481 -> button [' Add ']{}, 93992834495194326212485486344735786097, http://localhost:8080/petclinic/pettypes/25/edit
93992834495194326212485486344735786097, 97507189665308364902370123868576758364 -> form [<div _ngcontent-oge-c124="" class="form-group" hidden="true", 323730214907998145541073645707447887126, http://localhost:8080/petclinic/pettypes/25/edit
323730214907998145541073645707447887126, 232794769355855362464281520893661074113 -> form [<div _ngcontent-oge-c124="" class="form-group" hidden="true", 323730214907998145541073645707447887126, http://localhost:8080/petclinic/pettypes/25/edit
323730214907998145541073645707447887126, 232794769355855362464281520893661074113 -> form [<div _ngcontent-oge-c124="" class="form-group" hidden="true", 323730214907998145541073645707447887126, http://localhost:8080/petclinic/pettypes/25/edit
323730214907998145541073645707447887126, 232794769355855362464281520893661074113 -> form [<div _ngcontent-oge-c124="" class="form-group" hidden="true", 245387784703022065494769829388591847980, http://localhost:8080/petclinic/pettypes/25/edit
49422149324400457114317816287120169614, None, 49422149324400457114317816287120169614, http://localhost:8080/petclinic/
49422149324400457114317816287120169614, 183760884999695994886977058021015449754 -> a [<span _ngcontent-dli-c45="" aria-hidden="true" class="glyphicon glyphicon-th-list", 89072737955173129012814509465538534944, http://localhost:8080/petclinic/pettypes
89072737955173129012814509465538534944, 72602955079352731327874698425826022808 -> button ['Edit']{}, 317502942970167265746070794594696165149, http://localhost:8080/petclinic/pettypes
317502942970167265746070794594696165149, 31789282043242228782753595272084589082 -> button ['Cancel']{}, 89072737955173129012814509465538534944, http://localhost:8080/petclinic/pettypes
89072737955173129012814509465538534944, 72602955079352731327874698425826022808 -> button ['Edit']{}, 89072737955173129012814509465538534944, http://localhost:8080/petclinic/pettypes
89072737955173129012814509465538534944, 144744433093956013899568844636194533659 -> input []{'type': 'text', 'name': 'pettype_name', 'ng-reflect-name': 'pettype_name', 'id': '', 'ng-reflect-model': 'Born artist sometimes her degr'}, 89072737955173129012814509465538534944, http://localhost:8080/petclinic/pettypes
89072737955173129012814509465538534944, 175539530991800879594449004961932208641 -> button ['Delete']{}, 89072737955173129012814509465538534944, http://localhost:8080/petclinic/pettypes
89072737955173129012814509465538534944, 5330516169969816603263360125772744846 -> input []{'type': 'text', 'name': 'pettype_name', 'ng-reflect-name': 'pettype_name', 'id': '', 'ng-reflect-model': 'Morning red back prevent see'}, 89072737955173129012814509465538534944, http://localhost:8080/petclinic/pettypes
89072737955173129012814509465538534944, 21445078288554389917817523524446938201 -> button ['Home']{}, 89072737955173129012814509465538534944, http://localhost:8080/petclinic/pettypes
49422149324400457114317816287120169614, None, 49422149324400457114317816287120169614, http://localhost:8080/petclinic/
49422149324400457114317816287120169614, 189732521090965999938896138865854199432 -> a ['Owners', <span _ngcontent-srt-c45="" class="caret", 203789904488100118908646339278060037750, http://localhost:8080/petclinic/
203789904488100118908646339278060037750, 249752600153347927582460698471249105937 -> a [<span _ngcontent-srt-c45="" aria-hidden="true" class="glyphicon glyphicon-plus", 282167456026102075406891693572033620368, http://localhost:8080/petclinic/owners/add
282167456026102075406891693572033620368, 121217641283604355853516383570550398651 -> button ['Back']{'type': 'button'}, 249104765235412513694402154245715667267, http://localhost:8080/petclinic/owners/add
249104765235412513694402154245715667267, 110992697478409879690414658474277606403 -> a ['Harold Davis']{'routerlinkactive': 'active', 'ng-reflect-router-link-active': 'active', 'ng-reflect-router-link': '/owners/', 'href': '/petclinic/owners/4'}, 271348992043025851303796609174021886296, http://localhost:8080/petclinic/owners/4
271348992043025851303796609174021886296, 139589689717891870241471574486234527687 -> button ['Edit Owner']{}, 336967651027989639001065820876967468944, http://localhost:8080/petclinic/owners/4
336967651027989639001065820876967468944, 4799054451472755913377383088763233469 -> button [' Back ']{}, 271348992043025851303796609174021886296, http://localhost:8080/petclinic/owners/4
271348992043025851303796609174021886296, 139589689717891870241471574486234527687 -> button ['Edit Owner']{}, 271348992043025851303796609174021886296, http://localhost:8080/petclinic/owners/4
271348992043025851303796609174021886296, 187151684874937294720766962182775302606 -> button ['Add New Pet']{}, 271348992043025851303796609174021886296, http://localhost:8080/petclinic/owners/4
49422149324400457114317816287120169614, None, 49422149324400457114317816287120169614, http://localhost:8080/petclinic/
49422149324400457114317816287120169614, None, 49422149324400457114317816287120169614, http://localhost:8080/petclinic/
49422149324400457114317816287120169614, 324520888571239836013223021186124259785 -> a ['Veterinarians', <span _ngcontent-xxp-c45="" class="caret", 74849793808848032408097070206027864246, http://localhost:8080/petclinic/
74849793808848032408097070206027864246, 181528083805660600367942791129501904593 -> a ['Veterinarians', <span _ngcontent-xxp-c45="" class="caret", 49422149324400457114317816287120169614, http://localhost:8080/petclinic/
49422149324400457114317816287120169614, 324520888571239836013223021186124259785 -> a ['Veterinarians', <span _ngcontent-xxp-c45="" class="caret", 74849793808848032408097070206027864246, http://localhost:8080/petclinic/
74849793808848032408097070206027864246, 54684079417448003951039212736862740805 -> a [<span _ngcontent-xxp-c45="" aria-hidden="true" class="glyphicon glyphicon-search", 120962431678690102558501945372758632054, http://localhost:8080/petclinic/vets
120962431678690102558501945372758632054, 156541344850502344101188167639879920108 -> button ['Add Vet']{}, 260706244791257485496027837704690829215, http://localhost:8080/petclinic/vets
260706244791257485496027837704690829215, 123918275888490173545814735087058961611 -> form [<div _ngcontent-xxp-c129="" class="form-group" hidden="true", 51513408882529245424246001655845665969, http://localhost:8080/petclinic/vets/add
51513408882529245424246001655845665969, 295238063852064794191987720020358807877 -> form [<div _ngcontent-xxp-c129="" class="form-group" hidden="true", 51513408882529245424246001655845665969, http://localhost:8080/petclinic/vets/add
51513408882529245424246001655845665969, 295238063852064794191987720020358807877 -> form [<div _ngcontent-xxp-c129="" class="form-group" hidden="true", 48955829497948459635698905397697878631, http://localhost:8080/petclinic/vets/add
49422149324400457114317816287120169614, None, 49422149324400457114317816287120169614, http://localhost:8080/petclinic/
49422149324400457114317816287120169614, 252100605707738712728831567420494730123 -> a ['Owners', <span _ngcontent-slw-c45="" class="caret", 203789904488100118908646339278060037750, http://localhost:8080/petclinic/
203789904488100118908646339278060037750, 195921096523635694480782140835504179180 -> a [<span _ngcontent-slw-c45="" aria-hidden="true" class="glyphicon glyphicon-plus", 282167456026102075406891693572033620368, http://localhost:8080/petclinic/owners/add
282167456026102075406891693572033620368, 121217641283604355853516383570550398651 -> button ['Back']{'type': 'button'}, 198349928341156416954726297591028442855, http://localhost:8080/petclinic/owners/add
198349928341156416954726297591028442855, 791127428854452941674563556346899781 -> form [<div _ngcontent-slw-c48="" class="form-group", 307282932366750293283820376115899043181, http://localhost:8080/petclinic/owners
307282932366750293283820376115899043181, 130548507169488833835925864026939470261 -> a ['Maria Escobito']{'routerlinkactive': 'active', 'ng-reflect-router-link-active': 'active', 'ng-reflect-router-link': '/owners/', 'href': '/petclinic/owners/8'}, 307282932366750293283820376115899043181, http://localhost:8080/petclinic/owners
307282932366750293283820376115899043181, 186859832584241731418534511319006364421 -> a ['David Schroeder']{'routerlinkactive': 'active', 'ng-reflect-router-link-active': 'active', 'ng-reflect-router-link': '/owners/', 'href': '/petclinic/owners/9'}, 307282932366750293283820376115899043181, http://localhost:8080/petclinic/owners
307282932366750293283820376115899043181, 105691687079648989457111295128350049654 -> a ['Eduardo Rodriquez']{'routerlinkactive': 'active', 'ng-reflect-router-link-active': 'active', 'ng-reflect-router-link': '/owners/', 'href': '/petclinic/owners/3'}, 307282932366750293283820376115899043181, http://localhost:8080/petclinic/owners
307282932366750293283820376115899043181, 274391299094404109842465263563211873373 -> a ['George Franklin']{'routerlinkactive': 'active', 'ng-reflect-router-link-active': 'active', 'ng-reflect-router-link': '/owners/', 'href': '/petclinic/owners/1'}, 307282932366750293283820376115899043181, http://localhost:8080/petclinic/owners
49422149324400457114317816287120169614, None, 49422149324400457114317816287120169614, http://localhost:8080/petclinic/
49422149324400457114317816287120169614, None, 49422149324400457114317816287120169614, http://localhost:8080/petclinic/
49422149324400457114317816287120169614, 168534031904161692379949057899457850598 -> a [<span _ngcontent-pox-c45="" aria-hidden="true" class="glyphicon glyphicon-th-list", 288837384050435833154613713335591823145, http://localhost:8080/petclinic/specialties
288837384050435833154613713335591823145, 303675221858762215192012905307045847481 -> button [' Add ']{}, 55816481273963282151793987307982267117, http://localhost:8080/petclinic/specialties
55816481273963282151793987307982267117, 105758233099005385202061007736860564985 -> form [<div _ngcontent-pox-c131="" class="form-group" hidden="true", 305672073322160235566552868130191499785, http://localhost:8080/petclinic/specialties
305672073322160235566552868130191499785, 12192368402716903063386568616168224513 -> form [<div _ngcontent-pox-c131="" class="form-group" hidden="true", 305672073322160235566552868130191499785, http://localhost:8080/petclinic/specialties
305672073322160235566552868130191499785, 12192368402716903063386568616168224513 -> form [<div _ngcontent-pox-c131="" class="form-group" hidden="true", 305672073322160235566552868130191499785, http://localhost:8080/petclinic/specialties
305672073322160235566552868130191499785, 251571644350069316867479177639395148032 -> input []{'type': 'text', 'name': 'spec_name', 'ng-reflect-name': 'spec_name', 'id': '', 'ng-reflect-model': 'Sam'}, 305672073322160235566552868130191499785, http://localhost:8080/petclinic/specialties
49422149324400457114317816287120169614, None, 49422149324400457114317816287120169614, http://localhost:8080/petclinic/
49422149324400457114317816287120169614, 191339654109180843850193010883590052487 -> a ['Veterinarians', <span _ngcontent-ywa-c45="" class="caret", 74849793808848032408097070206027864246, http://localhost:8080/petclinic/
74849793808848032408097070206027864246, 150305141950791380208749751972955621184 -> a ['Veterinarians', <span _ngcontent-ywa-c45="" class="caret", 49422149324400457114317816287120169614, http://localhost:8080/petclinic/
49422149324400457114317816287120169614, 191339654109180843850193010883590052487 -> a ['Veterinarians', <span _ngcontent-ywa-c45="" class="caret", 74849793808848032408097070206027864246, http://localhost:8080/petclinic/
74849793808848032408097070206027864246, 137116653303954367517263334130921790774 -> a [<span _ngcontent-ywa-c45="" aria-hidden="true" class="glyphicon glyphicon-plus", 87782023619722292446836137091803110028, http://localhost:8080/petclinic/vets/add
87782023619722292446836137091803110028, 39616884294636575111693544434707368018 -> button ['< Back']{'type': 'button'}, 79198844109652145297443250485678082289, http://localhost:8080/petclinic/vets/add
79198844109652145297443250485678082289, 92662321777753515957367315033922351764 -> form [<div _ngcontent-ywa-c129="" class="form-group" hidden="true", 215464321160950298603876540401488137895, http://localhost:8080/petclinic/vets/add
215464321160950298603876540401488137895, 242279478649544378530493268020567593810 -> form [<div _ngcontent-ywa-c129="" class="form-group" hidden="true", 122829713853297861018943485294463860390, http://localhost:8080/petclinic/vets/add
122829713853297861018943485294463860390, 319697651602756875866222530287342902705 -> form [<div _ngcontent-ywa-c129="" class="form-group" hidden="true", 122829713853297861018943485294463860390, http://localhost:8080/petclinic/vets/add
49422149324400457114317816287120169614, None, 49422149324400457114317816287120169614, http://localhost:8080/petclinic/
49422149324400457114317816287120169614, 189205542613090793988088604200753846696 -> a [<span _ngcontent-pqt-c45="" aria-hidden="true" class="glyphicon glyphicon-th-list", 217859354597832274890068174486427952950, http://localhost:8080/petclinic/pettypes
217859354597832274890068174486427952950, 303675221858762215192012905307045847481 -> button [' Add ']{}, 152239562191268467223081674236845552389, http://localhost:8080/petclinic/pettypes
152239562191268467223081674236845552389, 31789282043242228782753595272084589082 -> button ['Cancel']{}, 217859354597832274890068174486427952950, http://localhost:8080/petclinic/pettypes
217859354597832274890068174486427952950, 303675221858762215192012905307045847481 -> button [' Add ']{}, 217859354597832274890068174486427952950, http://localhost:8080/petclinic/pettypes
217859354597832274890068174486427952950, 21445078288554389917817523524446938201 -> button ['Home']{}, 89072737955173129012814509465538534944, http://localhost:8080/petclinic/pettypes
89072737955173129012814509465538534944, 175539530991800879594449004961932208641 -> button ['Delete']{}, 89072737955173129012814509465538534944, http://localhost:8080/petclinic/pettypes
49422149324400457114317816287120169614, None, 49422149324400457114317816287120169614, http://localhost:8080/petclinic/
49422149324400457114317816287120169614, 256459143023027937043786742671659610137 -> a [<span _ngcontent-cdt-c45="" aria-hidden="true" class="glyphicon glyphicon-th-list", 288837384050435833154613713335591823145, http://localhost:8080/petclinic/specialties
288837384050435833154613713335591823145, 303675221858762215192012905307045847481 -> button [' Add ']{}, 179951588632974048607534371015005384743, http://localhost:8080/petclinic/specialties
179951588632974048607534371015005384743, 31789282043242228782753595272084589082 -> button ['Cancel']{}, 16543717396598882030834355467533743026, http://localhost:8080/petclinic/specialties
16543717396598882030834355467533743026, 175539530991800879594449004961932208641 -> button ['Delete']{}, 16543717396598882030834355467533743026, http://localhost:8080/petclinic/specialties
49422149324400457114317816287120169614, None, 49422149324400457114317816287120169614, http://localhost:8080/petclinic/
49422149324400457114317816287120169614, 166568891289260198261491931307877279464 -> a [<span _ngcontent-pgv-c45="" aria-hidden="true" class="glyphicon glyphicon-th-list", 66375098535066745502274465077173836966, http://localhost:8080/petclinic/specialties
66375098535066745502274465077173836966, 72602955079352731327874698425826022808 -> button ['Edit']{}, 153652363504418147668819603242704246216, http://localhost:8080/petclinic/specialties
153652363504418147668819603242704246216, 31789282043242228782753595272084589082 -> button ['Cancel']{}, 66375098535066745502274465077173836966, http://localhost:8080/petclinic/specialties
66375098535066745502274465077173836966, 72602955079352731327874698425826022808 -> button ['Edit']{}, 66375098535066745502274465077173836966, http://localhost:8080/petclinic/specialties
66375098535066745502274465077173836966, 303675221858762215192012905307045847481 -> button [' Add ']{}, 66375098535066745502274465077173836966, http://localhost:8080/petclinic/specialties
66375098535066745502274465077173836966, 175539530991800879594449004961932208641 -> button ['Delete']{}, 66375098535066745502274465077173836966, http://localhost:8080/petclinic/specialties
66375098535066745502274465077173836966, 21445078288554389917817523524446938201 -> button ['Home']{}, 66375098535066745502274465077173836966, http://localhost:8080/petclinic/specialties
66375098535066745502274465077173836966, 20137130971298719452286347035526917734 -> input []{'type': 'text', 'name': 'spec_name', 'ng-reflect-name': 'spec_name', 'id': '', 'ng-reflect-model': 'Business perform color positio'}, 66375098535066745502274465077173836966, http://localhost:8080/petclinic/specialties
