2022-05-26 11:34:38 WARNING  Starting
2022-05-26 11:35:06 ERROR    Failure: http://localhost:8080/petclinic/vets/add -> Failed to load resource: the server responded with a status of 400 ()
2022-05-26 11:35:06 ERROR    Failure: http://localhost:8080/petclinic/vets/add -> JSHandle@object
2022-05-26 11:35:06 ERROR    Failure: http://localhost:8080/petclinic/vets/add -> OwnerService::addVet failed: server returned code 400 with body "[object Object]"
2022-05-26 11:35:06 ERROR    Failure: http://localhost:8080/petclinic/vets/add -> Failed to load resource: the server responded with a status of 400 ()
2022-05-26 11:35:06 ERROR    Failure: http://localhost:8080/petclinic/vets/add -> JSHandle@object
2022-05-26 11:35:06 ERROR    Failure: http://localhost:8080/petclinic/vets/add -> OwnerService::addVet failed: server returned code 400 with body "[object Object]"
2022-05-26 11:35:06 ERROR    Failure: http://localhost:8080/petclinic/vets/add -> status code(400) -> {"className":"java.lang.NullPointerException","exMessage":null}
2022-05-26 11:35:06 ERROR    Failure: http://localhost:8080/petclinic/vets/add -> status code(400) -> {"className":"java.lang.NullPointerException","exMessage":null}
2022-05-26 11:35:06 ERROR    Failure: http://localhost:8080/petclinic/vets/add -> Failed to load resource: the server responded with a status of 400 ()
2022-05-26 11:35:06 ERROR    Failure: http://localhost:8080/petclinic/vets/add -> JSHandle@object
2022-05-26 11:35:06 ERROR    Failure: http://localhost:8080/petclinic/vets/add -> OwnerService::addVet failed: server returned code 400 with body "[object Object]"
2022-05-26 11:35:06 ERROR    Failure: http://localhost:8080/petclinic/vets/add -> status code(400) -> {"className":"java.lang.NullPointerException","exMessage":null}
2022-05-26 11:35:06 ERROR    Failure: http://localhost:8080/petclinic/vets/add -> Failed to load resource: the server responded with a status of 400 ()
2022-05-26 11:35:06 ERROR    Failure: http://localhost:8080/petclinic/vets/add -> JSHandle@object
2022-05-26 11:35:06 ERROR    Failure: http://localhost:8080/petclinic/vets/add -> OwnerService::addVet failed: server returned code 400 with body "[object Object]"
2022-05-26 11:35:06 ERROR    Failure: http://localhost:8080/petclinic/vets/add -> status code(400) -> {"className":"java.lang.NullPointerException","exMessage":null}
2022-05-26 11:35:18 ERROR    Failure: http://localhost:8080/petclinic/ -> Failed to load resource: the server responded with a status of 404 (Not Found)
2022-05-26 11:35:18 ERROR    Failure: http://localhost:8080/petclinic -> status code(404) -> <html>		<head><title>404 Not Found</title></head>		<body>		<center><h1>404 Not Found</h1></center>		<hr><center>nginx/1.17.6</center>		</body>		</html>		<!-- a padding to disable MSIE and Chrome friendly error page -->		<!-- a padding to disable MSIE and Chrome friendly error page -->		<!-- a padding to disable MSIE and Chrome friendly error page -->		<!-- a padding to disable MSIE and Chrome friendly error page -->		<!-- a padding to disable MSIE and Chrome friendly error page -->		<!-- a padding to disable MSIE and Chrome friendly error page -->		
2022-05-26 11:35:28 ERROR    Failure: http://localhost:8080/petclinic/specialties/2/edit -> Failed to load resource: the server responded with a status of 400 ()
2022-05-26 11:35:28 ERROR    Failure: http://localhost:8080/petclinic/specialties/2/edit -> JSHandle@object
2022-05-26 11:35:28 ERROR    Failure: http://localhost:8080/petclinic/specialties/2/edit -> OwnerService::updateSpecialty failed: must not be empty
2022-05-26 11:35:28 ERROR    Failure: http://localhost:8080/petclinic/specialties/2/edit -> status code(400) -> 
2022-05-26 11:35:28 ERROR    Failure: http://localhost:8080/petclinic/specialties/2/edit -> Failed to load resource: the server responded with a status of 400 ()
2022-05-26 11:35:28 ERROR    Failure: http://localhost:8080/petclinic/specialties/2/edit -> JSHandle@object
2022-05-26 11:35:28 ERROR    Failure: http://localhost:8080/petclinic/specialties/2/edit -> OwnerService::updateSpecialty failed: must not be empty
2022-05-26 11:35:28 ERROR    Failure: http://localhost:8080/petclinic/specialties/2/edit -> status code(400) -> 
2022-05-26 11:35:29 ERROR    Failure: http://localhost:8080/petclinic/specialties/2/edit -> Failed to load resource: the server responded with a status of 400 ()
2022-05-26 11:35:29 ERROR    Failure: http://localhost:8080/petclinic/specialties/2/edit -> JSHandle@object
2022-05-26 11:35:29 ERROR    Failure: http://localhost:8080/petclinic/specialties/2/edit -> OwnerService::updateSpecialty failed: must not be empty
2022-05-26 11:35:29 ERROR    Failure: http://localhost:8080/petclinic/specialties/2/edit -> status code(400) -> 
2022-05-26 11:35:31 ERROR    Failure: http://localhost:8080/petclinic/ -> Failed to load resource: the server responded with a status of 404 (Not Found)
2022-05-26 11:35:31 ERROR    Failure: http://localhost:8080/petclinic -> status code(404) -> <html>		<head><title>404 Not Found</title></head>		<body>		<center><h1>404 Not Found</h1></center>		<hr><center>nginx/1.17.6</center>		</body>		</html>		<!-- a padding to disable MSIE and Chrome friendly error page -->		<!-- a padding to disable MSIE and Chrome friendly error page -->		<!-- a padding to disable MSIE and Chrome friendly error page -->		<!-- a padding to disable MSIE and Chrome friendly error page -->		<!-- a padding to disable MSIE and Chrome friendly error page -->		<!-- a padding to disable MSIE and Chrome friendly error page -->		
2022-05-26 11:35:55 ERROR    Failure: http://localhost:8080/petclinic/ -> Failed to load resource: the server responded with a status of 404 (Not Found)
2022-05-26 11:35:55 ERROR    Failure: http://localhost:8080/petclinic -> status code(404) -> <html>		<head><title>404 Not Found</title></head>		<body>		<center><h1>404 Not Found</h1></center>		<hr><center>nginx/1.17.6</center>		</body>		</html>		<!-- a padding to disable MSIE and Chrome friendly error page -->		<!-- a padding to disable MSIE and Chrome friendly error page -->		<!-- a padding to disable MSIE and Chrome friendly error page -->		<!-- a padding to disable MSIE and Chrome friendly error page -->		<!-- a padding to disable MSIE and Chrome friendly error page -->		<!-- a padding to disable MSIE and Chrome friendly error page -->		
2022-05-26 11:35:58 ERROR    Failure: http://localhost:8080/petclinic/ -> Failed to load resource: the server responded with a status of 404 (Not Found)
2022-05-26 11:35:58 ERROR    Failure: http://localhost:8080/petclinic -> status code(404) -> <html>		<head><title>404 Not Found</title></head>		<body>		<center><h1>404 Not Found</h1></center>		<hr><center>nginx/1.17.6</center>		</body>		</html>		<!-- a padding to disable MSIE and Chrome friendly error page -->		<!-- a padding to disable MSIE and Chrome friendly error page -->		<!-- a padding to disable MSIE and Chrome friendly error page -->		<!-- a padding to disable MSIE and Chrome friendly error page -->		<!-- a padding to disable MSIE and Chrome friendly error page -->		<!-- a padding to disable MSIE and Chrome friendly error page -->		
2022-05-26 11:36:12 ERROR    Failure: http://localhost:8080/petclinic/ -> Failed to load resource: the server responded with a status of 404 (Not Found)
2022-05-26 11:36:12 ERROR    Failure: http://localhost:8080/petclinic -> status code(404) -> <html>		<head><title>404 Not Found</title></head>		<body>		<center><h1>404 Not Found</h1></center>		<hr><center>nginx/1.17.6</center>		</body>		</html>		<!-- a padding to disable MSIE and Chrome friendly error page -->		<!-- a padding to disable MSIE and Chrome friendly error page -->		<!-- a padding to disable MSIE and Chrome friendly error page -->		<!-- a padding to disable MSIE and Chrome friendly error page -->		<!-- a padding to disable MSIE and Chrome friendly error page -->		<!-- a padding to disable MSIE and Chrome friendly error page -->		
2022-05-26 11:36:14 ERROR    Failure: http://localhost:8080/petclinic/specialties -> Failed to load resource: the server responded with a status of 400 ()
2022-05-26 11:36:14 ERROR    Failure: http://localhost:8080/petclinic/specialties -> JSHandle@object
2022-05-26 11:36:14 ERROR    Failure: http://localhost:8080/petclinic/specialties -> OwnerService::deleteSpecialty failed: server returned code 400 with body "[object Object]"
2022-05-26 11:36:14 ERROR    Failure: http://localhost:8080/petclinic/specialties -> status code(400) -> {"className":"org.springframework.dao.DataIntegrityViolationException","exMessage":"could not execute statement; SQL [n/a]; constraint [FK_VET_SPECIALTIES_SPECIALTIES]; nested exception is org.hibernate.exception.ConstraintViolationException: could not execute statement"}
2022-05-26 11:36:23 ERROR    Failure: http://localhost:8080/petclinic/ -> Failed to load resource: the server responded with a status of 404 (Not Found)
2022-05-26 11:36:23 ERROR    Failure: http://localhost:8080/petclinic -> status code(404) -> <html>		<head><title>404 Not Found</title></head>		<body>		<center><h1>404 Not Found</h1></center>		<hr><center>nginx/1.17.6</center>		</body>		</html>		<!-- a padding to disable MSIE and Chrome friendly error page -->		<!-- a padding to disable MSIE and Chrome friendly error page -->		<!-- a padding to disable MSIE and Chrome friendly error page -->		<!-- a padding to disable MSIE and Chrome friendly error page -->		<!-- a padding to disable MSIE and Chrome friendly error page -->		<!-- a padding to disable MSIE and Chrome friendly error page -->		
2022-05-26 11:36:35 ERROR    Failure: http://localhost:8080/petclinic/vets/add -> Failed to load resource: the server responded with a status of 400 ()
2022-05-26 11:36:35 ERROR    Failure: http://localhost:8080/petclinic/vets/add -> JSHandle@object
2022-05-26 11:36:35 ERROR    Failure: http://localhost:8080/petclinic/vets/add -> OwnerService::addVet failed: server returned code 400 with body "[object Object]"
2022-05-26 11:36:35 ERROR    Failure: http://localhost:8080/petclinic/vets/add -> status code(400) -> {"className":"java.lang.NullPointerException","exMessage":null}
2022-05-26 11:36:35 ERROR    Failure: http://localhost:8080/petclinic/vets/add -> Failed to load resource: the server responded with a status of 400 ()
2022-05-26 11:36:35 ERROR    Failure: http://localhost:8080/petclinic/vets/add -> JSHandle@object
2022-05-26 11:36:35 ERROR    Failure: http://localhost:8080/petclinic/vets/add -> OwnerService::addVet failed: server returned code 400 with body "[object Object]"
2022-05-26 11:36:35 ERROR    Failure: http://localhost:8080/petclinic/vets/add -> status code(400) -> {"className":"java.lang.NullPointerException","exMessage":null}
2022-05-26 11:36:36 ERROR    Failure: http://localhost:8080/petclinic/vets/add -> Failed to load resource: the server responded with a status of 400 ()
2022-05-26 11:36:36 ERROR    Failure: http://localhost:8080/petclinic/vets/add -> JSHandle@object
2022-05-26 11:36:36 ERROR    Failure: http://localhost:8080/petclinic/vets/add -> OwnerService::addVet failed: server returned code 400 with body "[object Object]"
2022-05-26 11:36:36 ERROR    Failure: http://localhost:8080/petclinic/vets/add -> status code(400) -> {"className":"java.lang.NullPointerException","exMessage":null}
2022-05-26 11:36:36 ERROR    Failure: http://localhost:8080/petclinic/vets/add -> Failed to load resource: the server responded with a status of 400 ()
2022-05-26 11:36:36 ERROR    Failure: http://localhost:8080/petclinic/vets/add -> JSHandle@object
2022-05-26 11:36:36 ERROR    Failure: http://localhost:8080/petclinic/vets/add -> OwnerService::addVet failed: server returned code 400 with body "[object Object]"
2022-05-26 11:36:36 ERROR    Failure: http://localhost:8080/petclinic/vets/add -> status code(400) -> {"className":"java.lang.NullPointerException","exMessage":null}
2022-05-26 11:36:45 ERROR    Failure: http://localhost:8080/petclinic/vets/add -> Failed to load resource: the server responded with a status of 400 ()
2022-05-26 11:36:45 ERROR    Failure: http://localhost:8080/petclinic/vets/add -> JSHandle@object
2022-05-26 11:36:45 ERROR    Failure: http://localhost:8080/petclinic/vets/add -> OwnerService::addVet failed: server returned code 400 with body "[object Object]"
2022-05-26 11:36:45 ERROR    Failure: http://localhost:8080/petclinic/vets/add -> status code(400) -> {"className":"java.lang.NullPointerException","exMessage":null}
2022-05-26 11:36:45 ERROR    Failure: http://localhost:8080/petclinic/vets/add -> Failed to load resource: the server responded with a status of 400 ()
2022-05-26 11:36:45 ERROR    Failure: http://localhost:8080/petclinic/vets/add -> JSHandle@object
2022-05-26 11:36:45 ERROR    Failure: http://localhost:8080/petclinic/vets/add -> OwnerService::addVet failed: server returned code 400 with body "[object Object]"
2022-05-26 11:36:45 ERROR    Failure: http://localhost:8080/petclinic/vets/add -> status code(400) -> {"className":"java.lang.NullPointerException","exMessage":null}
2022-05-26 11:36:45 ERROR    Failure: http://localhost:8080/petclinic/vets/add -> Failed to load resource: the server responded with a status of 400 ()
2022-05-26 11:36:45 ERROR    Failure: http://localhost:8080/petclinic/vets/add -> JSHandle@object
2022-05-26 11:36:45 ERROR    Failure: http://localhost:8080/petclinic/vets/add -> OwnerService::addVet failed: server returned code 400 with body "[object Object]"
2022-05-26 11:36:45 ERROR    Failure: http://localhost:8080/petclinic/vets/add -> status code(400) -> {"className":"java.lang.NullPointerException","exMessage":null}
2022-05-26 11:36:50 ERROR    Failure: http://localhost:8080/petclinic/ -> Failed to load resource: the server responded with a status of 404 (Not Found)
2022-05-26 11:36:50 ERROR    Failure: http://localhost:8080/petclinic -> status code(404) -> <html>		<head><title>404 Not Found</title></head>		<body>		<center><h1>404 Not Found</h1></center>		<hr><center>nginx/1.17.6</center>		</body>		</html>		<!-- a padding to disable MSIE and Chrome friendly error page -->		<!-- a padding to disable MSIE and Chrome friendly error page -->		<!-- a padding to disable MSIE and Chrome friendly error page -->		<!-- a padding to disable MSIE and Chrome friendly error page -->		<!-- a padding to disable MSIE and Chrome friendly error page -->		<!-- a padding to disable MSIE and Chrome friendly error page -->		
2022-05-26 11:36:52 ERROR    Failure: http://localhost:8080/petclinic/ -> Failed to load resource: the server responded with a status of 404 (Not Found)
2022-05-26 11:36:52 ERROR    Failure: http://localhost:8080/petclinic -> status code(404) -> <html>		<head><title>404 Not Found</title></head>		<body>		<center><h1>404 Not Found</h1></center>		<hr><center>nginx/1.17.6</center>		</body>		</html>		<!-- a padding to disable MSIE and Chrome friendly error page -->		<!-- a padding to disable MSIE and Chrome friendly error page -->		<!-- a padding to disable MSIE and Chrome friendly error page -->		<!-- a padding to disable MSIE and Chrome friendly error page -->		<!-- a padding to disable MSIE and Chrome friendly error page -->		<!-- a padding to disable MSIE and Chrome friendly error page -->		
2022-05-26 11:36:55 ERROR    Failure: http://localhost:8080/petclinic/ -> Failed to load resource: the server responded with a status of 404 (Not Found)
2022-05-26 11:36:55 ERROR    Failure: http://localhost:8080/petclinic -> status code(404) -> <html>		<head><title>404 Not Found</title></head>		<body>		<center><h1>404 Not Found</h1></center>		<hr><center>nginx/1.17.6</center>		</body>		</html>		<!-- a padding to disable MSIE and Chrome friendly error page -->		<!-- a padding to disable MSIE and Chrome friendly error page -->		<!-- a padding to disable MSIE and Chrome friendly error page -->		<!-- a padding to disable MSIE and Chrome friendly error page -->		<!-- a padding to disable MSIE and Chrome friendly error page -->		<!-- a padding to disable MSIE and Chrome friendly error page -->		
2022-05-26 11:37:01 ERROR    Failure: http://localhost:8080/petclinic/ -> Failed to load resource: the server responded with a status of 404 (Not Found)
2022-05-26 11:37:01 ERROR    Failure: http://localhost:8080/petclinic -> status code(404) -> <html>		<head><title>404 Not Found</title></head>		<body>		<center><h1>404 Not Found</h1></center>		<hr><center>nginx/1.17.6</center>		</body>		</html>		<!-- a padding to disable MSIE and Chrome friendly error page -->		<!-- a padding to disable MSIE and Chrome friendly error page -->		<!-- a padding to disable MSIE and Chrome friendly error page -->		<!-- a padding to disable MSIE and Chrome friendly error page -->		<!-- a padding to disable MSIE and Chrome friendly error page -->		<!-- a padding to disable MSIE and Chrome friendly error page -->		
2022-05-26 11:37:17 ERROR    Failure: http://localhost:8080/petclinic/vets/add -> Failed to load resource: the server responded with a status of 400 ()
2022-05-26 11:37:17 ERROR    Failure: http://localhost:8080/petclinic/vets/add -> JSHandle@object
2022-05-26 11:37:17 ERROR    Failure: http://localhost:8080/petclinic/vets/add -> OwnerService::addVet failed: server returned code 400 with body "[object Object]"
2022-05-26 11:37:17 ERROR    Failure: http://localhost:8080/petclinic/vets/add -> status code(400) -> {"className":"java.lang.NullPointerException","exMessage":null}
2022-05-26 11:37:23 ERROR    Failure: http://localhost:8080/petclinic/vets/add -> Failed to load resource: the server responded with a status of 400 ()
2022-05-26 11:37:23 ERROR    Failure: http://localhost:8080/petclinic/vets/add -> JSHandle@object
2022-05-26 11:37:23 ERROR    Failure: http://localhost:8080/petclinic/vets/add -> OwnerService::addVet failed: server returned code 400 with body "[object Object]"
2022-05-26 11:37:23 ERROR    Failure: http://localhost:8080/petclinic/vets/add -> status code(400) -> {"className":"java.lang.NullPointerException","exMessage":null}
2022-05-26 11:37:23 ERROR    Failure: http://localhost:8080/petclinic/vets/add -> Failed to load resource: the server responded with a status of 400 ()
2022-05-26 11:37:23 ERROR    Failure: http://localhost:8080/petclinic/vets/add -> JSHandle@object
2022-05-26 11:37:23 ERROR    Failure: http://localhost:8080/petclinic/vets/add -> OwnerService::addVet failed: server returned code 400 with body "[object Object]"
2022-05-26 11:37:23 ERROR    Failure: http://localhost:8080/petclinic/vets/add -> status code(400) -> {"className":"java.lang.NullPointerException","exMessage":null}
2022-05-26 11:37:23 ERROR    Failure: http://localhost:8080/petclinic/vets/add -> Failed to load resource: the server responded with a status of 400 ()
2022-05-26 11:37:23 ERROR    Failure: http://localhost:8080/petclinic/vets/add -> JSHandle@object
2022-05-26 11:37:23 ERROR    Failure: http://localhost:8080/petclinic/vets/add -> OwnerService::addVet failed: server returned code 400 with body "[object Object]"
2022-05-26 11:37:23 ERROR    Failure: http://localhost:8080/petclinic/vets/add -> status code(400) -> {"className":"java.lang.NullPointerException","exMessage":null}
2022-05-26 11:37:23 ERROR    Failure: http://localhost:8080/petclinic/vets/add -> Failed to load resource: the server responded with a status of 400 ()
2022-05-26 11:37:23 ERROR    Failure: http://localhost:8080/petclinic/vets/add -> JSHandle@object
2022-05-26 11:37:23 ERROR    Failure: http://localhost:8080/petclinic/vets/add -> OwnerService::addVet failed: server returned code 400 with body "[object Object]"
2022-05-26 11:37:23 ERROR    Failure: http://localhost:8080/petclinic/vets/add -> status code(400) -> {"className":"java.lang.NullPointerException","exMessage":null}
2022-05-26 11:37:24 ERROR    Failure: http://localhost:8080/petclinic/vets/add -> Failed to load resource: the server responded with a status of 400 ()
2022-05-26 11:37:24 ERROR    Failure: http://localhost:8080/petclinic/vets/add -> JSHandle@object
2022-05-26 11:37:24 ERROR    Failure: http://localhost:8080/petclinic/vets/add -> OwnerService::addVet failed: server returned code 400 with body "[object Object]"
2022-05-26 11:37:24 ERROR    Failure: http://localhost:8080/petclinic/vets/add -> status code(400) -> {"className":"java.lang.NullPointerException","exMessage":null}
2022-05-26 11:37:32 ERROR    Failure: http://localhost:8080/petclinic/vets/add -> Failed to load resource: the server responded with a status of 400 ()
2022-05-26 11:37:32 ERROR    Failure: http://localhost:8080/petclinic/vets/add -> JSHandle@object
2022-05-26 11:37:32 ERROR    Failure: http://localhost:8080/petclinic/vets/add -> OwnerService::addVet failed: server returned code 400 with body "[object Object]"
2022-05-26 11:37:32 ERROR    Failure: http://localhost:8080/petclinic/vets/add -> status code(400) -> {"className":"java.lang.NullPointerException","exMessage":null}
2022-05-26 11:37:32 ERROR    Failure: http://localhost:8080/petclinic/vets/add -> Failed to load resource: the server responded with a status of 400 ()
2022-05-26 11:37:32 ERROR    Failure: http://localhost:8080/petclinic/vets/add -> JSHandle@object
2022-05-26 11:37:32 ERROR    Failure: http://localhost:8080/petclinic/vets/add -> OwnerService::addVet failed: server returned code 400 with body "[object Object]"
2022-05-26 11:37:32 ERROR    Failure: http://localhost:8080/petclinic/vets/add -> status code(400) -> {"className":"java.lang.NullPointerException","exMessage":null}
2022-05-26 11:37:33 ERROR    Failure: http://localhost:8080/petclinic/vets/add -> Failed to load resource: the server responded with a status of 400 ()
2022-05-26 11:37:33 ERROR    Failure: http://localhost:8080/petclinic/vets/add -> JSHandle@object
2022-05-26 11:37:33 ERROR    Failure: http://localhost:8080/petclinic/vets/add -> OwnerService::addVet failed: server returned code 400 with body "[object Object]"
2022-05-26 11:37:33 ERROR    Failure: http://localhost:8080/petclinic/vets/add -> status code(400) -> {"className":"java.lang.NullPointerException","exMessage":null}
2022-05-26 11:37:33 ERROR    Failure: http://localhost:8080/petclinic/vets/add -> Failed to load resource: the server responded with a status of 400 ()
2022-05-26 11:37:33 ERROR    Failure: http://localhost:8080/petclinic/vets/add -> JSHandle@object
2022-05-26 11:37:33 ERROR    Failure: http://localhost:8080/petclinic/vets/add -> OwnerService::addVet failed: server returned code 400 with body "[object Object]"
2022-05-26 11:37:33 ERROR    Failure: http://localhost:8080/petclinic/vets/add -> status code(400) -> {"className":"java.lang.NullPointerException","exMessage":null}
2022-05-26 11:37:33 ERROR    Failure: http://localhost:8080/petclinic/vets/add -> Failed to load resource: the server responded with a status of 400 ()
2022-05-26 11:37:33 ERROR    Failure: http://localhost:8080/petclinic/vets/add -> JSHandle@object
2022-05-26 11:37:33 ERROR    Failure: http://localhost:8080/petclinic/vets/add -> OwnerService::addVet failed: server returned code 400 with body "[object Object]"
2022-05-26 11:37:33 ERROR    Failure: http://localhost:8080/petclinic/vets/add -> status code(400) -> {"className":"java.lang.NullPointerException","exMessage":null}
2022-05-26 11:37:33 ERROR    Failure: http://localhost:8080/petclinic/vets/add -> Failed to load resource: the server responded with a status of 400 ()
2022-05-26 11:37:33 ERROR    Failure: http://localhost:8080/petclinic/vets/add -> JSHandle@object
2022-05-26 11:37:33 ERROR    Failure: http://localhost:8080/petclinic/vets/add -> OwnerService::addVet failed: server returned code 400 with body "[object Object]"
2022-05-26 11:37:33 ERROR    Failure: http://localhost:8080/petclinic/vets/add -> status code(400) -> {"className":"org.springframework.dao.DataIntegrityViolationException","exMessage":"could not execute statement; SQL [n/a]; nested exception is org.hibernate.exception.DataException: could not execute statement"}
2022-05-26 11:37:44 ERROR    Failure: http://localhost:8080/petclinic/vets/add -> Failed to load resource: the server responded with a status of 400 ()
2022-05-26 11:37:44 ERROR    Failure: http://localhost:8080/petclinic/vets/add -> JSHandle@object
2022-05-26 11:37:44 ERROR    Failure: http://localhost:8080/petclinic/vets/add -> OwnerService::addVet failed: server returned code 400 with body "[object Object]"
2022-05-26 11:37:44 ERROR    Failure: http://localhost:8080/petclinic/vets/add -> status code(400) -> {"className":"java.lang.NullPointerException","exMessage":null}
2022-05-26 11:37:44 ERROR    Failure: http://localhost:8080/petclinic/vets/add -> Failed to load resource: the server responded with a status of 400 ()
2022-05-26 11:37:44 ERROR    Failure: http://localhost:8080/petclinic/vets/add -> JSHandle@object
2022-05-26 11:37:44 ERROR    Failure: http://localhost:8080/petclinic/vets/add -> OwnerService::addVet failed: server returned code 400 with body "[object Object]"
2022-05-26 11:37:44 ERROR    Failure: http://localhost:8080/petclinic/vets/add -> status code(400) -> {"className":"java.lang.NullPointerException","exMessage":null}
2022-05-26 11:37:44 ERROR    Failure: http://localhost:8080/petclinic/vets/add -> Failed to load resource: the server responded with a status of 400 ()
2022-05-26 11:37:44 ERROR    Failure: http://localhost:8080/petclinic/vets/add -> JSHandle@object
2022-05-26 11:37:44 ERROR    Failure: http://localhost:8080/petclinic/vets/add -> OwnerService::addVet failed: server returned code 400 with body "[object Object]"
2022-05-26 11:37:44 ERROR    Failure: http://localhost:8080/petclinic/vets/add -> status code(400) -> {"className":"java.lang.NullPointerException","exMessage":null}
2022-05-26 11:37:45 ERROR    Failure: http://localhost:8080/petclinic/vets/add -> Failed to load resource: the server responded with a status of 400 ()
2022-05-26 11:37:45 ERROR    Failure: http://localhost:8080/petclinic/vets/add -> JSHandle@object
2022-05-26 11:37:45 ERROR    Failure: http://localhost:8080/petclinic/vets/add -> OwnerService::addVet failed: server returned code 400 with body "[object Object]"
2022-05-26 11:37:45 ERROR    Failure: http://localhost:8080/petclinic/vets/add -> status code(400) -> {"className":"java.lang.NullPointerException","exMessage":null}
2022-05-26 11:37:48 ERROR    Failure: http://localhost:8080/petclinic/ -> Failed to load resource: the server responded with a status of 404 (Not Found)
2022-05-26 11:37:48 ERROR    Failure: http://localhost:8080/petclinic -> status code(404) -> <html>		<head><title>404 Not Found</title></head>		<body>		<center><h1>404 Not Found</h1></center>		<hr><center>nginx/1.17.6</center>		</body>		</html>		<!-- a padding to disable MSIE and Chrome friendly error page -->		<!-- a padding to disable MSIE and Chrome friendly error page -->		<!-- a padding to disable MSIE and Chrome friendly error page -->		<!-- a padding to disable MSIE and Chrome friendly error page -->		<!-- a padding to disable MSIE and Chrome friendly error page -->		<!-- a padding to disable MSIE and Chrome friendly error page -->		
2022-05-26 11:37:54 ERROR    Failure: http://localhost:8080/petclinic/specialties -> Failed to load resource: the server responded with a status of 400 ()
2022-05-26 11:37:54 ERROR    Failure: http://localhost:8080/petclinic/specialties -> JSHandle@object
2022-05-26 11:37:54 ERROR    Failure: http://localhost:8080/petclinic/specialties -> OwnerService::deleteSpecialty failed: server returned code 400 with body "[object Object]"
2022-05-26 11:37:54 ERROR    Failure: http://localhost:8080/petclinic/specialties -> status code(400) -> {"className":"org.springframework.dao.DataIntegrityViolationException","exMessage":"could not execute statement; SQL [n/a]; constraint [FK_VET_SPECIALTIES_SPECIALTIES]; nested exception is org.hibernate.exception.ConstraintViolationException: could not execute statement"}
2022-05-26 11:37:59 ERROR    Failure: http://localhost:8080/petclinic/specialties/1/edit -> Failed to load resource: the server responded with a status of 400 ()
2022-05-26 11:37:59 ERROR    Failure: http://localhost:8080/petclinic/specialties/1/edit -> JSHandle@object
2022-05-26 11:37:59 ERROR    Failure: http://localhost:8080/petclinic/specialties/1/edit -> OwnerService::updateSpecialty failed: must not be empty
2022-05-26 11:37:59 ERROR    Failure: http://localhost:8080/petclinic/specialties/1/edit -> status code(400) -> 
2022-05-26 11:37:59 ERROR    Failure: http://localhost:8080/petclinic/specialties/1/edit -> Failed to load resource: the server responded with a status of 400 ()
2022-05-26 11:37:59 ERROR    Failure: http://localhost:8080/petclinic/specialties/1/edit -> JSHandle@object
2022-05-26 11:37:59 ERROR    Failure: http://localhost:8080/petclinic/specialties/1/edit -> OwnerService::updateSpecialty failed: must not be empty
2022-05-26 11:37:59 ERROR    Failure: http://localhost:8080/petclinic/specialties/1/edit -> status code(400) -> 
2022-05-26 11:37:59 ERROR    Failure: http://localhost:8080/petclinic/specialties/1/edit -> Failed to load resource: the server responded with a status of 400 ()
2022-05-26 11:37:59 ERROR    Failure: http://localhost:8080/petclinic/specialties/1/edit -> JSHandle@object
2022-05-26 11:37:59 ERROR    Failure: http://localhost:8080/petclinic/specialties/1/edit -> OwnerService::updateSpecialty failed: must not be empty
2022-05-26 11:37:59 ERROR    Failure: http://localhost:8080/petclinic/specialties/1/edit -> status code(400) -> 
2022-05-26 11:38:03 ERROR    Failure: http://localhost:8080/petclinic/vets/add -> Failed to load resource: the server responded with a status of 400 ()
2022-05-26 11:38:03 ERROR    Failure: http://localhost:8080/petclinic/vets/add -> JSHandle@object
2022-05-26 11:38:03 ERROR    Failure: http://localhost:8080/petclinic/vets/add -> OwnerService::addVet failed: server returned code 400 with body "[object Object]"
2022-05-26 11:38:03 ERROR    Failure: http://localhost:8080/petclinic/vets/add -> status code(400) -> {"className":"java.lang.NullPointerException","exMessage":null}
2022-05-26 11:38:03 ERROR    Failure: http://localhost:8080/petclinic/vets/add -> Failed to load resource: the server responded with a status of 400 ()
2022-05-26 11:38:03 ERROR    Failure: http://localhost:8080/petclinic/vets/add -> JSHandle@object
2022-05-26 11:38:03 ERROR    Failure: http://localhost:8080/petclinic/vets/add -> OwnerService::addVet failed: server returned code 400 with body "[object Object]"
2022-05-26 11:38:03 ERROR    Failure: http://localhost:8080/petclinic/vets/add -> status code(400) -> {"className":"java.lang.NullPointerException","exMessage":null}
2022-05-26 11:38:05 ERROR    Failure: http://localhost:8080/petclinic/vets/add -> Failed to load resource: the server responded with a status of 400 ()
2022-05-26 11:38:05 ERROR    Failure: http://localhost:8080/petclinic/vets/add -> JSHandle@object
2022-05-26 11:38:05 ERROR    Failure: http://localhost:8080/petclinic/vets/add -> OwnerService::addVet failed: server returned code 400 with body "[object Object]"
2022-05-26 11:38:05 ERROR    Failure: http://localhost:8080/petclinic/vets/add -> status code(400) -> {"className":"java.lang.NullPointerException","exMessage":null}
2022-05-26 11:38:05 ERROR    Failure: http://localhost:8080/petclinic/vets/add -> Failed to load resource: the server responded with a status of 400 ()
2022-05-26 11:38:05 ERROR    Failure: http://localhost:8080/petclinic/vets/add -> JSHandle@object
2022-05-26 11:38:05 ERROR    Failure: http://localhost:8080/petclinic/vets/add -> OwnerService::addVet failed: server returned code 400 with body "[object Object]"
2022-05-26 11:38:05 ERROR    Failure: http://localhost:8080/petclinic/vets/add -> status code(400) -> {"className":"java.lang.NullPointerException","exMessage":null}
2022-05-26 11:38:05 ERROR    Failure: http://localhost:8080/petclinic/vets/add -> Failed to load resource: the server responded with a status of 400 ()
2022-05-26 11:38:05 ERROR    Failure: http://localhost:8080/petclinic/vets/add -> JSHandle@object
2022-05-26 11:38:05 ERROR    Failure: http://localhost:8080/petclinic/vets/add -> OwnerService::addVet failed: server returned code 400 with body "[object Object]"
2022-05-26 11:38:05 ERROR    Failure: http://localhost:8080/petclinic/vets/add -> status code(400) -> {"className":"java.lang.NullPointerException","exMessage":null}
2022-05-26 11:38:06 ERROR    Failure: http://localhost:8080/petclinic/vets/add -> Failed to load resource: the server responded with a status of 400 ()
2022-05-26 11:38:06 ERROR    Failure: http://localhost:8080/petclinic/vets/add -> JSHandle@object
2022-05-26 11:38:06 ERROR    Failure: http://localhost:8080/petclinic/vets/add -> OwnerService::addVet failed: server returned code 400 with body "[object Object]"
2022-05-26 11:38:06 ERROR    Failure: http://localhost:8080/petclinic/vets/add -> status code(400) -> {"className":"java.lang.NullPointerException","exMessage":null}
2022-05-26 11:38:13 ERROR    Failure: http://localhost:8080/petclinic/ -> Failed to load resource: the server responded with a status of 404 (Not Found)
2022-05-26 11:38:13 ERROR    Failure: http://localhost:8080/petclinic -> status code(404) -> <html>		<head><title>404 Not Found</title></head>		<body>		<center><h1>404 Not Found</h1></center>		<hr><center>nginx/1.17.6</center>		</body>		</html>		<!-- a padding to disable MSIE and Chrome friendly error page -->		<!-- a padding to disable MSIE and Chrome friendly error page -->		<!-- a padding to disable MSIE and Chrome friendly error page -->		<!-- a padding to disable MSIE and Chrome friendly error page -->		<!-- a padding to disable MSIE and Chrome friendly error page -->		<!-- a padding to disable MSIE and Chrome friendly error page -->		
2022-05-26 11:38:16 ERROR    Failure: http://localhost:8080/petclinic/vets/add -> Failed to load resource: the server responded with a status of 400 ()
2022-05-26 11:38:16 ERROR    Failure: http://localhost:8080/petclinic/vets/add -> JSHandle@object
2022-05-26 11:38:16 ERROR    Failure: http://localhost:8080/petclinic/vets/add -> OwnerService::addVet failed: server returned code 400 with body "[object Object]"
2022-05-26 11:38:16 ERROR    Failure: http://localhost:8080/petclinic/vets/add -> status code(400) -> {"className":"java.lang.NullPointerException","exMessage":null}
2022-05-26 11:38:16 ERROR    Failure: http://localhost:8080/petclinic/vets/add -> Failed to load resource: the server responded with a status of 400 ()
2022-05-26 11:38:16 ERROR    Failure: http://localhost:8080/petclinic/vets/add -> JSHandle@object
2022-05-26 11:38:16 ERROR    Failure: http://localhost:8080/petclinic/vets/add -> OwnerService::addVet failed: server returned code 400 with body "[object Object]"
2022-05-26 11:38:16 ERROR    Failure: http://localhost:8080/petclinic/vets/add -> status code(400) -> {"className":"java.lang.NullPointerException","exMessage":null}
2022-05-26 11:38:17 ERROR    Failure: http://localhost:8080/petclinic/vets/add -> Failed to load resource: the server responded with a status of 400 ()
2022-05-26 11:38:17 ERROR    Failure: http://localhost:8080/petclinic/vets/add -> JSHandle@object
2022-05-26 11:38:17 ERROR    Failure: http://localhost:8080/petclinic/vets/add -> OwnerService::addVet failed: server returned code 400 with body "[object Object]"
2022-05-26 11:38:17 ERROR    Failure: http://localhost:8080/petclinic/vets/add -> status code(400) -> {"className":"java.lang.NullPointerException","exMessage":null}
2022-05-26 11:38:17 ERROR    Failure: http://localhost:8080/petclinic/vets/add -> Failed to load resource: the server responded with a status of 400 ()
2022-05-26 11:38:17 ERROR    Failure: http://localhost:8080/petclinic/vets/add -> JSHandle@object
2022-05-26 11:38:17 ERROR    Failure: http://localhost:8080/petclinic/vets/add -> OwnerService::addVet failed: server returned code 400 with body "[object Object]"
2022-05-26 11:38:17 ERROR    Failure: http://localhost:8080/petclinic/vets/add -> status code(400) -> {"className":"java.lang.NullPointerException","exMessage":null}
2022-05-26 11:38:17 ERROR    Failure: http://localhost:8080/petclinic/vets/add -> Failed to load resource: the server responded with a status of 400 ()
2022-05-26 11:38:17 ERROR    Failure: http://localhost:8080/petclinic/vets/add -> JSHandle@object
2022-05-26 11:38:17 ERROR    Failure: http://localhost:8080/petclinic/vets/add -> OwnerService::addVet failed: server returned code 400 with body "[object Object]"
2022-05-26 11:38:17 ERROR    Failure: http://localhost:8080/petclinic/vets/add -> status code(400) -> {"className":"java.lang.NullPointerException","exMessage":null}
2022-05-26 11:38:18 ERROR    Failure: http://localhost:8080/petclinic/vets/add -> Failed to load resource: the server responded with a status of 400 ()
2022-05-26 11:38:18 ERROR    Failure: http://localhost:8080/petclinic/vets/add -> JSHandle@object
2022-05-26 11:38:18 ERROR    Failure: http://localhost:8080/petclinic/vets/add -> OwnerService::addVet failed: must not be empty
2022-05-26 11:38:18 ERROR    Failure: http://localhost:8080/petclinic/vets/add -> status code(400) -> 
2022-05-26 11:38:24 ERROR    Failure: http://localhost:8080/petclinic/pets/10/visits/add -> Failed to load resource: the server responded with a status of 400 ()
2022-05-26 11:38:24 ERROR    Failure: http://localhost:8080/petclinic/pets/10/visits/add -> JSHandle@object
2022-05-26 11:38:24 ERROR    Failure: http://localhost:8080/petclinic/pets/10/visits/add -> OwnerService::getOwnerById failed: server returned code 400 with body "[object Object]"
2022-05-26 11:38:24 ERROR    Failure: http://localhost:8080/petclinic/pets/10/visits/add -> ERROR server returned code 400 with body "[object Object]"
2022-05-26 11:38:24 ERROR    Failure: http://localhost:8080/petclinic/pets/10/visits/add -> status code(400) -> {"className":"org.springframework.web.method.annotation.MethodArgumentTypeMismatchException","exMessage":"Failed to convert value of type 'java.lang.String' to required type 'int'; nested exception is java.lang.NumberFormatException: For input string: \"undefined\""}
2022-05-26 11:38:27 ERROR    Failure: http://localhost:8080/petclinic/specialties/3/edit -> Failed to load resource: the server responded with a status of 400 ()
2022-05-26 11:38:27 ERROR    Failure: http://localhost:8080/petclinic/specialties/3/edit -> JSHandle@object
2022-05-26 11:38:27 ERROR    Failure: http://localhost:8080/petclinic/specialties/3/edit -> OwnerService::updateSpecialty failed: must not be empty
2022-05-26 11:38:27 ERROR    Failure: http://localhost:8080/petclinic/specialties/3/edit -> status code(400) -> 
2022-05-26 11:38:27 ERROR    Failure: http://localhost:8080/petclinic/specialties/3/edit -> Failed to load resource: the server responded with a status of 400 ()
2022-05-26 11:38:27 ERROR    Failure: http://localhost:8080/petclinic/specialties/3/edit -> JSHandle@object
2022-05-26 11:38:27 ERROR    Failure: http://localhost:8080/petclinic/specialties/3/edit -> OwnerService::updateSpecialty failed: must not be empty
2022-05-26 11:38:27 ERROR    Failure: http://localhost:8080/petclinic/specialties/3/edit -> status code(400) -> 
2022-05-26 11:38:30 ERROR    Failure: http://localhost:8080/petclinic/ -> Failed to load resource: the server responded with a status of 404 (Not Found)
2022-05-26 11:38:30 ERROR    Failure: http://localhost:8080/petclinic -> status code(404) -> <html>		<head><title>404 Not Found</title></head>		<body>		<center><h1>404 Not Found</h1></center>		<hr><center>nginx/1.17.6</center>		</body>		</html>		<!-- a padding to disable MSIE and Chrome friendly error page -->		<!-- a padding to disable MSIE and Chrome friendly error page -->		<!-- a padding to disable MSIE and Chrome friendly error page -->		<!-- a padding to disable MSIE and Chrome friendly error page -->		<!-- a padding to disable MSIE and Chrome friendly error page -->		<!-- a padding to disable MSIE and Chrome friendly error page -->		
2022-05-26 11:38:34 ERROR    Failure: http://localhost:8080/petclinic/ -> Failed to load resource: the server responded with a status of 404 (Not Found)
2022-05-26 11:38:34 ERROR    Failure: http://localhost:8080/petclinic -> status code(404) -> <html>		<head><title>404 Not Found</title></head>		<body>		<center><h1>404 Not Found</h1></center>		<hr><center>nginx/1.17.6</center>		</body>		</html>		<!-- a padding to disable MSIE and Chrome friendly error page -->		<!-- a padding to disable MSIE and Chrome friendly error page -->		<!-- a padding to disable MSIE and Chrome friendly error page -->		<!-- a padding to disable MSIE and Chrome friendly error page -->		<!-- a padding to disable MSIE and Chrome friendly error page -->		<!-- a padding to disable MSIE and Chrome friendly error page -->		
2022-05-26 11:38:39 ERROR    Failure: http://localhost:8080/petclinic/ -> Failed to load resource: the server responded with a status of 404 (Not Found)
2022-05-26 11:38:39 ERROR    Failure: http://localhost:8080/petclinic -> status code(404) -> <html>		<head><title>404 Not Found</title></head>		<body>		<center><h1>404 Not Found</h1></center>		<hr><center>nginx/1.17.6</center>		</body>		</html>		<!-- a padding to disable MSIE and Chrome friendly error page -->		<!-- a padding to disable MSIE and Chrome friendly error page -->		<!-- a padding to disable MSIE and Chrome friendly error page -->		<!-- a padding to disable MSIE and Chrome friendly error page -->		<!-- a padding to disable MSIE and Chrome friendly error page -->		<!-- a padding to disable MSIE and Chrome friendly error page -->		
2022-05-26 11:38:41 ERROR    Failure: http://localhost:8080/petclinic/ -> Failed to load resource: the server responded with a status of 404 (Not Found)
2022-05-26 11:38:41 ERROR    Failure: http://localhost:8080/petclinic -> status code(404) -> <html>		<head><title>404 Not Found</title></head>		<body>		<center><h1>404 Not Found</h1></center>		<hr><center>nginx/1.17.6</center>		</body>		</html>		<!-- a padding to disable MSIE and Chrome friendly error page -->		<!-- a padding to disable MSIE and Chrome friendly error page -->		<!-- a padding to disable MSIE and Chrome friendly error page -->		<!-- a padding to disable MSIE and Chrome friendly error page -->		<!-- a padding to disable MSIE and Chrome friendly error page -->		<!-- a padding to disable MSIE and Chrome friendly error page -->		
2022-05-26 11:38:47 ERROR    Failure: http://localhost:8080/petclinic/vets/add -> Failed to load resource: the server responded with a status of 400 ()
2022-05-26 11:38:47 ERROR    Failure: http://localhost:8080/petclinic/vets/add -> JSHandle@object
2022-05-26 11:38:47 ERROR    Failure: http://localhost:8080/petclinic/vets/add -> OwnerService::addVet failed: server returned code 400 with body "[object Object]"
2022-05-26 11:38:47 ERROR    Failure: http://localhost:8080/petclinic/vets/add -> status code(400) -> {"className":"java.lang.NullPointerException","exMessage":null}
2022-05-26 11:38:47 ERROR    Failure: http://localhost:8080/petclinic/vets/add -> Failed to load resource: the server responded with a status of 400 ()
2022-05-26 11:38:47 ERROR    Failure: http://localhost:8080/petclinic/vets/add -> JSHandle@object
2022-05-26 11:38:47 ERROR    Failure: http://localhost:8080/petclinic/vets/add -> OwnerService::addVet failed: server returned code 400 with body "[object Object]"
2022-05-26 11:38:47 ERROR    Failure: http://localhost:8080/petclinic/vets/add -> status code(400) -> {"className":"java.lang.NullPointerException","exMessage":null}
2022-05-26 11:38:47 ERROR    Failure: http://localhost:8080/petclinic/vets/add -> Failed to load resource: the server responded with a status of 400 ()
2022-05-26 11:38:47 ERROR    Failure: http://localhost:8080/petclinic/vets/add -> JSHandle@object
2022-05-26 11:38:47 ERROR    Failure: http://localhost:8080/petclinic/vets/add -> OwnerService::addVet failed: server returned code 400 with body "[object Object]"
2022-05-26 11:38:47 ERROR    Failure: http://localhost:8080/petclinic/vets/add -> status code(400) -> {"className":"java.lang.NullPointerException","exMessage":null}
2022-05-26 11:38:47 ERROR    Failure: http://localhost:8080/petclinic/vets/add -> Failed to load resource: the server responded with a status of 400 ()
2022-05-26 11:38:47 ERROR    Failure: http://localhost:8080/petclinic/vets/add -> JSHandle@object
2022-05-26 11:38:47 ERROR    Failure: http://localhost:8080/petclinic/vets/add -> OwnerService::addVet failed: server returned code 400 with body "[object Object]"
2022-05-26 11:38:47 ERROR    Failure: http://localhost:8080/petclinic/vets/add -> status code(400) -> {"className":"java.lang.NullPointerException","exMessage":null}
2022-05-26 11:38:51 ERROR    Failure: http://localhost:8080/petclinic/specialties -> Failed to load resource: the server responded with a status of 400 ()
2022-05-26 11:38:51 ERROR    Failure: http://localhost:8080/petclinic/specialties -> JSHandle@object
2022-05-26 11:38:51 ERROR    Failure: http://localhost:8080/petclinic/specialties -> OwnerService::deleteSpecialty failed: server returned code 400 with body "[object Object]"
2022-05-26 11:38:51 ERROR    Failure: http://localhost:8080/petclinic/specialties -> status code(400) -> {"className":"org.springframework.dao.DataIntegrityViolationException","exMessage":"could not execute statement; SQL [n/a]; constraint [FK_VET_SPECIALTIES_SPECIALTIES]; nested exception is org.hibernate.exception.ConstraintViolationException: could not execute statement"}
2022-05-26 11:38:51 ERROR    Failure: http://localhost:8080/petclinic/specialties/1/edit -> Failed to load resource: the server responded with a status of 400 ()
2022-05-26 11:38:51 ERROR    Failure: http://localhost:8080/petclinic/specialties/1/edit -> JSHandle@object
2022-05-26 11:38:51 ERROR    Failure: http://localhost:8080/petclinic/specialties/1/edit -> OwnerService::updateSpecialty failed: must not be empty
2022-05-26 11:38:51 ERROR    Failure: http://localhost:8080/petclinic/specialties/1/edit -> status code(400) -> 
2022-05-26 11:38:52 ERROR    Failure: http://localhost:8080/petclinic/specialties/1/edit -> Failed to load resource: the server responded with a status of 400 ()
2022-05-26 11:38:52 ERROR    Failure: http://localhost:8080/petclinic/specialties/1/edit -> JSHandle@object
2022-05-26 11:38:52 ERROR    Failure: http://localhost:8080/petclinic/specialties/1/edit -> OwnerService::updateSpecialty failed: must not be empty
2022-05-26 11:38:52 ERROR    Failure: http://localhost:8080/petclinic/specialties/1/edit -> status code(400) -> 
2022-05-26 11:38:52 ERROR    Failure: http://localhost:8080/petclinic/specialties/1/edit -> Failed to load resource: the server responded with a status of 400 ()
2022-05-26 11:38:52 ERROR    Failure: http://localhost:8080/petclinic/specialties/1/edit -> JSHandle@object
2022-05-26 11:38:52 ERROR    Failure: http://localhost:8080/petclinic/specialties/1/edit -> OwnerService::updateSpecialty failed: must not be empty
2022-05-26 11:38:52 ERROR    Failure: http://localhost:8080/petclinic/specialties/1/edit -> status code(400) -> 
2022-05-26 11:38:54 ERROR    Failure: http://localhost:8080/petclinic/specialties -> Failed to load resource: the server responded with a status of 400 ()
2022-05-26 11:38:54 ERROR    Failure: http://localhost:8080/petclinic/specialties -> JSHandle@object
2022-05-26 11:38:54 ERROR    Failure: http://localhost:8080/petclinic/specialties -> OwnerService::deleteSpecialty failed: server returned code 400 with body "[object Object]"
2022-05-26 11:38:54 ERROR    Failure: http://localhost:8080/petclinic/specialties -> status code(400) -> {"className":"org.springframework.dao.DataIntegrityViolationException","exMessage":"could not execute statement; SQL [n/a]; constraint [FK_VET_SPECIALTIES_SPECIALTIES]; nested exception is org.hibernate.exception.ConstraintViolationException: could not execute statement"}
2022-05-26 11:38:58 ERROR    Failure: http://localhost:8080/petclinic/vets/add -> Failed to load resource: the server responded with a status of 400 ()
2022-05-26 11:38:58 ERROR    Failure: http://localhost:8080/petclinic/vets/add -> JSHandle@object
2022-05-26 11:38:58 ERROR    Failure: http://localhost:8080/petclinic/vets/add -> OwnerService::addVet failed: server returned code 400 with body "[object Object]"
2022-05-26 11:38:58 ERROR    Failure: http://localhost:8080/petclinic/vets/add -> status code(400) -> {"className":"java.lang.NullPointerException","exMessage":null}
2022-05-26 11:39:02 ERROR    Failure: http://localhost:8080/petclinic/pets/10/visits/add -> Failed to load resource: the server responded with a status of 400 ()
2022-05-26 11:39:02 ERROR    Failure: http://localhost:8080/petclinic/pets/10/visits/add -> JSHandle@object
2022-05-26 11:39:02 ERROR    Failure: http://localhost:8080/petclinic/pets/10/visits/add -> OwnerService::getOwnerById failed: server returned code 400 with body "[object Object]"
2022-05-26 11:39:02 ERROR    Failure: http://localhost:8080/petclinic/pets/10/visits/add -> ERROR server returned code 400 with body "[object Object]"
2022-05-26 11:39:02 ERROR    Failure: http://localhost:8080/petclinic/pets/10/visits/add -> status code(400) -> {"className":"org.springframework.web.method.annotation.MethodArgumentTypeMismatchException","exMessage":"Failed to convert value of type 'java.lang.String' to required type 'int'; nested exception is java.lang.NumberFormatException: For input string: \"undefined\""}
2022-05-26 11:39:07 ERROR    Failure: http://localhost:8080/petclinic/pettypes -> Failed to load resource: the server responded with a status of 400 ()
2022-05-26 11:39:07 ERROR    Failure: http://localhost:8080/petclinic/pettypes -> JSHandle@object
2022-05-26 11:39:07 ERROR    Failure: http://localhost:8080/petclinic/pettypes -> OwnerService::addPetType failed: server returned code 400 with body "[object Object]"
2022-05-26 11:39:07 ERROR    Failure: http://localhost:8080/petclinic/pettypes -> status code(400) -> {"className":"java.lang.NullPointerException","exMessage":null}
2022-05-26 11:39:08 ERROR    Failure: http://localhost:8080/petclinic/pettypes -> Failed to load resource: the server responded with a status of 400 ()
2022-05-26 11:39:08 ERROR    Failure: http://localhost:8080/petclinic/pettypes -> JSHandle@object
2022-05-26 11:39:08 ERROR    Failure: http://localhost:8080/petclinic/pettypes -> OwnerService::addPetType failed: server returned code 400 with body "[object Object]"
2022-05-26 11:39:08 ERROR    Failure: http://localhost:8080/petclinic/pettypes -> status code(400) -> {"className":"java.lang.NullPointerException","exMessage":null}
2022-05-26 11:39:08 ERROR    Failure: http://localhost:8080/petclinic/pettypes -> Failed to load resource: the server responded with a status of 400 ()
2022-05-26 11:39:08 ERROR    Failure: http://localhost:8080/petclinic/pettypes -> JSHandle@object
2022-05-26 11:39:08 ERROR    Failure: http://localhost:8080/petclinic/pettypes -> OwnerService::addPetType failed: server returned code 400 with body "[object Object]"
2022-05-26 11:39:08 ERROR    Failure: http://localhost:8080/petclinic/pettypes -> status code(400) -> {"className":"java.lang.NullPointerException","exMessage":null}
2022-05-26 11:39:08 ERROR    Failure: http://localhost:8080/petclinic/pettypes/7/edit -> Failed to load resource: the server responded with a status of 400 ()
2022-05-26 11:39:08 ERROR    Failure: http://localhost:8080/petclinic/pettypes/7/edit -> JSHandle@object
2022-05-26 11:39:08 ERROR    Failure: http://localhost:8080/petclinic/pettypes/7/edit -> OwnerService::updatePetType failed: must not be empty
2022-05-26 11:39:08 ERROR    Failure: http://localhost:8080/petclinic/pettypes/7/edit -> status code(400) -> 
2022-05-26 11:39:11 ERROR    Failure: http://localhost:8080/petclinic/pettypes -> Failed to load resource: the server responded with a status of 400 ()
2022-05-26 11:39:11 ERROR    Failure: http://localhost:8080/petclinic/pettypes -> JSHandle@object
2022-05-26 11:39:11 ERROR    Failure: http://localhost:8080/petclinic/pettypes -> OwnerService::addPetType failed: server returned code 400 with body "[object Object]"
2022-05-26 11:39:11 ERROR    Failure: http://localhost:8080/petclinic/pettypes -> status code(400) -> {"className":"java.lang.NullPointerException","exMessage":null}
2022-05-26 11:39:11 ERROR    Failure: http://localhost:8080/petclinic/pettypes -> Failed to load resource: the server responded with a status of 400 ()
2022-05-26 11:39:11 ERROR    Failure: http://localhost:8080/petclinic/pettypes -> JSHandle@object
2022-05-26 11:39:11 ERROR    Failure: http://localhost:8080/petclinic/pettypes -> OwnerService::addPetType failed: server returned code 400 with body "[object Object]"
2022-05-26 11:39:11 ERROR    Failure: http://localhost:8080/petclinic/pettypes -> status code(400) -> {"className":"java.lang.NullPointerException","exMessage":null}
2022-05-26 11:39:11 ERROR    Failure: http://localhost:8080/petclinic/pettypes -> Failed to load resource: the server responded with a status of 400 ()
2022-05-26 11:39:11 ERROR    Failure: http://localhost:8080/petclinic/pettypes -> JSHandle@object
2022-05-26 11:39:11 ERROR    Failure: http://localhost:8080/petclinic/pettypes -> OwnerService::addPetType failed: server returned code 400 with body "[object Object]"
2022-05-26 11:39:11 ERROR    Failure: http://localhost:8080/petclinic/pettypes -> status code(400) -> {"className":"java.lang.NullPointerException","exMessage":null}
2022-05-26 11:39:16 ERROR    Failure: http://localhost:8080/petclinic/pets/10/visits/add -> Failed to load resource: the server responded with a status of 400 ()
2022-05-26 11:39:16 ERROR    Failure: http://localhost:8080/petclinic/pets/10/visits/add -> JSHandle@object
2022-05-26 11:39:16 ERROR    Failure: http://localhost:8080/petclinic/pets/10/visits/add -> OwnerService::getOwnerById failed: server returned code 400 with body "[object Object]"
2022-05-26 11:39:16 ERROR    Failure: http://localhost:8080/petclinic/pets/10/visits/add -> ERROR server returned code 400 with body "[object Object]"
2022-05-26 11:39:16 ERROR    Failure: http://localhost:8080/petclinic/pets/10/visits/add -> status code(400) -> {"className":"org.springframework.web.method.annotation.MethodArgumentTypeMismatchException","exMessage":"Failed to convert value of type 'java.lang.String' to required type 'int'; nested exception is java.lang.NumberFormatException: For input string: \"undefined\""}
2022-05-26 11:39:19 ERROR    Failure: http://localhost:8080/petclinic/specialties -> ERROR JSHandle@error
2022-05-26 11:39:19 ERROR    Failure: http://localhost:8080/petclinic/specialties -> ERROR JSHandle@error
2022-05-26 11:39:19 ERROR    Failure: http://localhost:8080/petclinic/specialties -> ERROR JSHandle@error
2022-05-26 11:39:19 ERROR    Failure: http://localhost:8080/petclinic/specialties -> ERROR JSHandle@error
2022-05-26 11:39:19 ERROR    Failure: http://localhost:8080/petclinic/specialties -> ERROR JSHandle@error
2022-05-26 11:39:26 ERROR    Failure: http://localhost:8080/petclinic/specialties -> ERROR JSHandle@error
2022-05-26 11:39:26 ERROR    Failure: http://localhost:8080/petclinic/specialties -> ERROR JSHandle@error
2022-05-26 11:39:26 ERROR    Failure: http://localhost:8080/petclinic/specialties -> ERROR JSHandle@error
2022-05-26 11:39:26 ERROR    Failure: http://localhost:8080/petclinic/specialties -> ERROR JSHandle@error
2022-05-26 11:39:26 ERROR    Failure: http://localhost:8080/petclinic/specialties -> ERROR JSHandle@error
2022-05-26 11:39:27 ERROR    Failure: http://localhost:8080/petclinic/specialties -> ERROR JSHandle@error
2022-05-26 11:39:33 ERROR    Failure: http://localhost:8080/petclinic/pets/10/visits/add -> Failed to load resource: the server responded with a status of 400 ()
2022-05-26 11:39:33 ERROR    Failure: http://localhost:8080/petclinic/pets/10/visits/add -> JSHandle@object
2022-05-26 11:39:33 ERROR    Failure: http://localhost:8080/petclinic/pets/10/visits/add -> OwnerService::getOwnerById failed: server returned code 400 with body "[object Object]"
2022-05-26 11:39:33 ERROR    Failure: http://localhost:8080/petclinic/pets/10/visits/add -> ERROR server returned code 400 with body "[object Object]"
2022-05-26 11:39:33 ERROR    Failure: http://localhost:8080/petclinic/pets/10/visits/add -> status code(400) -> {"className":"org.springframework.web.method.annotation.MethodArgumentTypeMismatchException","exMessage":"Failed to convert value of type 'java.lang.String' to required type 'int'; nested exception is java.lang.NumberFormatException: For input string: \"undefined\""}
2022-05-26 11:39:35 ERROR    Failure: http://localhost:8080/petclinic/ -> Failed to load resource: the server responded with a status of 404 (Not Found)
2022-05-26 11:39:35 ERROR    Failure: http://localhost:8080/petclinic -> status code(404) -> <html>		<head><title>404 Not Found</title></head>		<body>		<center><h1>404 Not Found</h1></center>		<hr><center>nginx/1.17.6</center>		</body>		</html>		<!-- a padding to disable MSIE and Chrome friendly error page -->		<!-- a padding to disable MSIE and Chrome friendly error page -->		<!-- a padding to disable MSIE and Chrome friendly error page -->		<!-- a padding to disable MSIE and Chrome friendly error page -->		<!-- a padding to disable MSIE and Chrome friendly error page -->		<!-- a padding to disable MSIE and Chrome friendly error page -->		
2022-05-26 11:39:42 ERROR    Failure: http://localhost:8080/petclinic/specialties -> ERROR JSHandle@error
2022-05-26 11:39:42 ERROR    Failure: http://localhost:8080/petclinic/specialties -> ERROR JSHandle@error
2022-05-26 11:39:42 ERROR    Failure: http://localhost:8080/petclinic/specialties -> ERROR JSHandle@error
2022-05-26 11:39:42 ERROR    Failure: http://localhost:8080/petclinic/specialties -> ERROR JSHandle@error
2022-05-26 11:39:43 ERROR    Failure: http://localhost:8080/petclinic/specialties -> ERROR JSHandle@error
2022-05-26 11:39:43 ERROR    Failure: http://localhost:8080/petclinic/specialties -> ERROR JSHandle@error
2022-05-26 11:39:47 ERROR    Failure: http://localhost:8080/petclinic/vets/add -> Failed to load resource: the server responded with a status of 400 ()
2022-05-26 11:39:47 ERROR    Failure: http://localhost:8080/petclinic/vets/add -> JSHandle@object
2022-05-26 11:39:47 ERROR    Failure: http://localhost:8080/petclinic/vets/add -> OwnerService::addVet failed: server returned code 400 with body "[object Object]"
2022-05-26 11:39:47 ERROR    Failure: http://localhost:8080/petclinic/vets/add -> status code(400) -> {"className":"java.lang.NullPointerException","exMessage":null}
2022-05-26 11:39:47 ERROR    Failure: http://localhost:8080/petclinic/vets/add -> Failed to load resource: the server responded with a status of 400 ()
2022-05-26 11:39:47 ERROR    Failure: http://localhost:8080/petclinic/vets/add -> JSHandle@object
2022-05-26 11:39:47 ERROR    Failure: http://localhost:8080/petclinic/vets/add -> OwnerService::addVet failed: server returned code 400 with body "[object Object]"
2022-05-26 11:39:47 ERROR    Failure: http://localhost:8080/petclinic/vets/add -> status code(400) -> {"className":"java.lang.NullPointerException","exMessage":null}
2022-05-26 11:39:47 ERROR    Failure: http://localhost:8080/petclinic/vets/add -> Failed to load resource: the server responded with a status of 400 ()
2022-05-26 11:39:47 ERROR    Failure: http://localhost:8080/petclinic/vets/add -> JSHandle@object
2022-05-26 11:39:47 ERROR    Failure: http://localhost:8080/petclinic/vets/add -> OwnerService::addVet failed: server returned code 400 with body "[object Object]"
2022-05-26 11:39:47 ERROR    Failure: http://localhost:8080/petclinic/vets/add -> status code(400) -> {"className":"java.lang.NullPointerException","exMessage":null}
2022-05-26 11:39:47 ERROR    Failure: http://localhost:8080/petclinic/vets/add -> Failed to load resource: the server responded with a status of 400 ()
2022-05-26 11:39:47 ERROR    Failure: http://localhost:8080/petclinic/vets/add -> JSHandle@object
2022-05-26 11:39:47 ERROR    Failure: http://localhost:8080/petclinic/vets/add -> OwnerService::addVet failed: server returned code 400 with body "[object Object]"
2022-05-26 11:39:47 ERROR    Failure: http://localhost:8080/petclinic/vets/add -> status code(400) -> {"className":"java.lang.NullPointerException","exMessage":null}
2022-05-26 11:39:48 ERROR    Failure: http://localhost:8080/petclinic/vets/add -> Failed to load resource: the server responded with a status of 400 ()
2022-05-26 11:39:48 ERROR    Failure: http://localhost:8080/petclinic/vets/add -> JSHandle@object
2022-05-26 11:39:48 ERROR    Failure: http://localhost:8080/petclinic/vets/add -> OwnerService::addVet failed: server returned code 400 with body "[object Object]"
2022-05-26 11:39:48 ERROR    Failure: http://localhost:8080/petclinic/vets/add -> status code(400) -> {"className":"org.springframework.dao.DataIntegrityViolationException","exMessage":"could not execute statement; SQL [n/a]; nested exception is org.hibernate.exception.DataException: could not execute statement"}
2022-05-26 11:39:50 ERROR    Failure: http://localhost:8080/petclinic/ -> Failed to load resource: the server responded with a status of 404 (Not Found)
2022-05-26 11:39:50 ERROR    Failure: http://localhost:8080/petclinic -> status code(404) -> <html>		<head><title>404 Not Found</title></head>		<body>		<center><h1>404 Not Found</h1></center>		<hr><center>nginx/1.17.6</center>		</body>		</html>		<!-- a padding to disable MSIE and Chrome friendly error page -->		<!-- a padding to disable MSIE and Chrome friendly error page -->		<!-- a padding to disable MSIE and Chrome friendly error page -->		<!-- a padding to disable MSIE and Chrome friendly error page -->		<!-- a padding to disable MSIE and Chrome friendly error page -->		<!-- a padding to disable MSIE and Chrome friendly error page -->		
2022-05-26 11:39:53 ERROR    Failure: http://localhost:8080/petclinic/pettypes -> Failed to load resource: the server responded with a status of 400 ()
2022-05-26 11:39:53 ERROR    Failure: http://localhost:8080/petclinic/pettypes -> JSHandle@object
2022-05-26 11:39:53 ERROR    Failure: http://localhost:8080/petclinic/pettypes -> OwnerService::addPetType failed: server returned code 400 with body "[object Object]"
2022-05-26 11:39:53 ERROR    Failure: http://localhost:8080/petclinic/pettypes -> status code(400) -> {"className":"java.lang.NullPointerException","exMessage":null}
2022-05-26 11:39:53 ERROR    Failure: http://localhost:8080/petclinic/pettypes -> Failed to load resource: the server responded with a status of 400 ()
2022-05-26 11:39:53 ERROR    Failure: http://localhost:8080/petclinic/pettypes -> JSHandle@object
2022-05-26 11:39:53 ERROR    Failure: http://localhost:8080/petclinic/pettypes -> OwnerService::addPetType failed: server returned code 400 with body "[object Object]"
2022-05-26 11:39:53 ERROR    Failure: http://localhost:8080/petclinic/pettypes -> status code(400) -> {"className":"java.lang.NullPointerException","exMessage":null}
2022-05-26 11:39:53 ERROR    Failure: http://localhost:8080/petclinic/pettypes -> Failed to load resource: the server responded with a status of 400 ()
2022-05-26 11:39:53 ERROR    Failure: http://localhost:8080/petclinic/pettypes -> JSHandle@object
2022-05-26 11:39:53 ERROR    Failure: http://localhost:8080/petclinic/pettypes -> OwnerService::addPetType failed: server returned code 400 with body "[object Object]"
2022-05-26 11:39:53 ERROR    Failure: http://localhost:8080/petclinic/pettypes -> status code(400) -> {"className":"java.lang.NullPointerException","exMessage":null}
2022-05-26 11:39:54 ERROR    Failure: http://localhost:8080/petclinic/pettypes/9/edit -> Failed to load resource: the server responded with a status of 400 ()
2022-05-26 11:39:54 ERROR    Failure: http://localhost:8080/petclinic/pettypes/9/edit -> JSHandle@object
2022-05-26 11:39:54 ERROR    Failure: http://localhost:8080/petclinic/pettypes/9/edit -> OwnerService::updatePetType failed: must not be empty
2022-05-26 11:39:54 ERROR    Failure: http://localhost:8080/petclinic/pettypes/9/edit -> status code(400) -> 
2022-05-26 11:39:57 ERROR    Failure: http://localhost:8080/petclinic/specialties -> ERROR JSHandle@error
2022-05-26 11:39:57 ERROR    Failure: http://localhost:8080/petclinic/specialties -> ERROR JSHandle@error
2022-05-26 11:39:57 ERROR    Failure: http://localhost:8080/petclinic/specialties -> ERROR JSHandle@error
2022-05-26 11:39:58 ERROR    Failure: http://localhost:8080/petclinic/specialties -> ERROR JSHandle@error
2022-05-26 11:39:58 ERROR    Failure: http://localhost:8080/petclinic/specialties -> ERROR JSHandle@error
2022-05-26 11:39:58 ERROR    Failure: http://localhost:8080/petclinic/specialties -> ERROR JSHandle@error
2022-05-26 11:40:04 ERROR    Failure: http://localhost:8080/petclinic/vets/add -> Failed to load resource: the server responded with a status of 400 ()
2022-05-26 11:40:04 ERROR    Failure: http://localhost:8080/petclinic/vets/add -> JSHandle@object
2022-05-26 11:40:04 ERROR    Failure: http://localhost:8080/petclinic/vets/add -> OwnerService::addVet failed: server returned code 400 with body "[object Object]"
2022-05-26 11:40:04 ERROR    Failure: http://localhost:8080/petclinic/vets/add -> status code(400) -> {"className":"java.lang.NullPointerException","exMessage":null}
2022-05-26 11:40:04 ERROR    Failure: http://localhost:8080/petclinic/vets/add -> Failed to load resource: the server responded with a status of 400 ()
2022-05-26 11:40:04 ERROR    Failure: http://localhost:8080/petclinic/vets/add -> JSHandle@object
2022-05-26 11:40:04 ERROR    Failure: http://localhost:8080/petclinic/vets/add -> OwnerService::addVet failed: server returned code 400 with body "[object Object]"
2022-05-26 11:40:04 ERROR    Failure: http://localhost:8080/petclinic/vets/add -> status code(400) -> {"className":"java.lang.NullPointerException","exMessage":null}
2022-05-26 11:40:05 ERROR    Failure: http://localhost:8080/petclinic/vets/add -> Failed to load resource: the server responded with a status of 400 ()
2022-05-26 11:40:05 ERROR    Failure: http://localhost:8080/petclinic/vets/add -> JSHandle@object
2022-05-26 11:40:05 ERROR    Failure: http://localhost:8080/petclinic/vets/add -> OwnerService::addVet failed: server returned code 400 with body "[object Object]"
2022-05-26 11:40:05 ERROR    Failure: http://localhost:8080/petclinic/vets/add -> status code(400) -> {"className":"java.lang.NullPointerException","exMessage":null}
2022-05-26 11:40:09 ERROR    Failure: http://localhost:8080/petclinic/ -> Failed to load resource: the server responded with a status of 404 (Not Found)
2022-05-26 11:40:10 ERROR    Failure: http://localhost:8080/petclinic -> status code(404) -> <html>		<head><title>404 Not Found</title></head>		<body>		<center><h1>404 Not Found</h1></center>		<hr><center>nginx/1.17.6</center>		</body>		</html>		<!-- a padding to disable MSIE and Chrome friendly error page -->		<!-- a padding to disable MSIE and Chrome friendly error page -->		<!-- a padding to disable MSIE and Chrome friendly error page -->		<!-- a padding to disable MSIE and Chrome friendly error page -->		<!-- a padding to disable MSIE and Chrome friendly error page -->		<!-- a padding to disable MSIE and Chrome friendly error page -->		
2022-05-26 11:40:13 ERROR    Failure: http://localhost:8080/petclinic/pets/1/visits/add -> Failed to load resource: the server responded with a status of 400 ()
2022-05-26 11:40:13 ERROR    Failure: http://localhost:8080/petclinic/pets/1/visits/add -> JSHandle@object
2022-05-26 11:40:13 ERROR    Failure: http://localhost:8080/petclinic/pets/1/visits/add -> OwnerService::getOwnerById failed: server returned code 400 with body "[object Object]"
2022-05-26 11:40:13 ERROR    Failure: http://localhost:8080/petclinic/pets/1/visits/add -> ERROR server returned code 400 with body "[object Object]"
2022-05-26 11:40:13 ERROR    Failure: http://localhost:8080/petclinic/pets/1/visits/add -> status code(400) -> {"className":"org.springframework.web.method.annotation.MethodArgumentTypeMismatchException","exMessage":"Failed to convert value of type 'java.lang.String' to required type 'int'; nested exception is java.lang.NumberFormatException: For input string: \"undefined\""}
2022-05-26 11:40:14 ERROR    Failure: http://localhost:8080/petclinic/pets/1/visits/add -> Failed to load resource: the server responded with a status of 403 ()
2022-05-26 11:40:14 ERROR    Failure: http://localhost:8080/petclinic/pets/1/visits/add -> Failed to load resource: the server responded with a status of 403 ()
2022-05-26 11:40:14 ERROR    Failure: http://localhost:8080/petclinic/pets/1/visits/add -> Access to XMLHttpRequest at 'http://localhost:9966/petclinic/api/owners/undefined/pets/1/visits' from origin 'http://localhost:8080' has been blocked by CORS policy: Response to preflight request doesn't pass access control check: No 'Access-Control-Allow-Origin' header is present on the requested resource.
2022-05-26 11:40:14 ERROR    Failure: http://localhost:8080/petclinic/pets/1/visits/add -> JSHandle@object
2022-05-26 11:40:14 ERROR    Failure: http://localhost:8080/petclinic/pets/1/visits/add -> OwnerService::addVisit failed: server returned code 0 with body "[object ProgressEvent]"
2022-05-26 11:40:14 ERROR    Failure: http://localhost:8080/petclinic/pets/1/visits/add -> status code(403) -> Invalid CORS request
2022-05-26 11:40:14 ERROR    Failure: http://localhost:8080/petclinic/pets/1/visits/add -> Failed to load resource: the server responded with a status of 403 ()
2022-05-26 11:40:14 ERROR    Failure: http://localhost:8080/petclinic/pets/1/visits/add -> Failed to load resource: the server responded with a status of 403 ()
2022-05-26 11:40:14 ERROR    Failure: http://localhost:8080/petclinic/pets/1/visits/add -> Access to XMLHttpRequest at 'http://localhost:9966/petclinic/api/owners/undefined/pets/1/visits' from origin 'http://localhost:8080' has been blocked by CORS policy: Response to preflight request doesn't pass access control check: No 'Access-Control-Allow-Origin' header is present on the requested resource.
2022-05-26 11:40:14 ERROR    Failure: http://localhost:8080/petclinic/pets/1/visits/add -> JSHandle@object
2022-05-26 11:40:14 ERROR    Failure: http://localhost:8080/petclinic/pets/1/visits/add -> OwnerService::addVisit failed: server returned code 0 with body "[object ProgressEvent]"
2022-05-26 11:40:14 ERROR    Failure: http://localhost:8080/petclinic/pets/1/visits/add -> status code(403) -> Invalid CORS request
2022-05-26 11:40:16 ERROR    Failure: http://localhost:8080/petclinic/ -> Failed to load resource: the server responded with a status of 404 (Not Found)
2022-05-26 11:40:16 ERROR    Failure: http://localhost:8080/petclinic -> status code(404) -> <html>		<head><title>404 Not Found</title></head>		<body>		<center><h1>404 Not Found</h1></center>		<hr><center>nginx/1.17.6</center>		</body>		</html>		<!-- a padding to disable MSIE and Chrome friendly error page -->		<!-- a padding to disable MSIE and Chrome friendly error page -->		<!-- a padding to disable MSIE and Chrome friendly error page -->		<!-- a padding to disable MSIE and Chrome friendly error page -->		<!-- a padding to disable MSIE and Chrome friendly error page -->		<!-- a padding to disable MSIE and Chrome friendly error page -->		
2022-05-26 11:40:19 ERROR    Failure: http://localhost:8080/petclinic/pettypes/2/edit -> Failed to load resource: the server responded with a status of 400 ()
2022-05-26 11:40:19 ERROR    Failure: http://localhost:8080/petclinic/pettypes/2/edit -> JSHandle@object
2022-05-26 11:40:19 ERROR    Failure: http://localhost:8080/petclinic/pettypes/2/edit -> OwnerService::updatePetType failed: must not be empty
2022-05-26 11:40:19 ERROR    Failure: http://localhost:8080/petclinic/pettypes/2/edit -> status code(400) -> 
2022-05-26 11:40:19 ERROR    Failure: http://localhost:8080/petclinic/pettypes/2/edit -> Failed to load resource: the server responded with a status of 400 ()
2022-05-26 11:40:19 ERROR    Failure: http://localhost:8080/petclinic/pettypes/2/edit -> JSHandle@object
2022-05-26 11:40:19 ERROR    Failure: http://localhost:8080/petclinic/pettypes/2/edit -> OwnerService::updatePetType failed: must not be empty
2022-05-26 11:40:19 ERROR    Failure: http://localhost:8080/petclinic/pettypes/2/edit -> status code(400) -> 
2022-05-26 11:40:20 ERROR    Failure: http://localhost:8080/petclinic/pettypes/2/edit -> Failed to load resource: the server responded with a status of 400 ()
2022-05-26 11:40:20 ERROR    Failure: http://localhost:8080/petclinic/pettypes/2/edit -> JSHandle@object
2022-05-26 11:40:20 ERROR    Failure: http://localhost:8080/petclinic/pettypes/2/edit -> OwnerService::updatePetType failed: must not be empty
2022-05-26 11:40:20 ERROR    Failure: http://localhost:8080/petclinic/pettypes/2/edit -> status code(400) -> 
2022-05-26 11:40:28 ERROR    Failure: http://localhost:8080/petclinic/vets/add -> Failed to load resource: the server responded with a status of 400 ()
2022-05-26 11:40:28 ERROR    Failure: http://localhost:8080/petclinic/vets/add -> JSHandle@object
2022-05-26 11:40:28 ERROR    Failure: http://localhost:8080/petclinic/vets/add -> OwnerService::addVet failed: server returned code 400 with body "[object Object]"
2022-05-26 11:40:28 ERROR    Failure: http://localhost:8080/petclinic/vets/add -> status code(400) -> {"className":"java.lang.NullPointerException","exMessage":null}
2022-05-26 11:40:28 ERROR    Failure: http://localhost:8080/petclinic/vets/add -> Failed to load resource: the server responded with a status of 400 ()
2022-05-26 11:40:28 ERROR    Failure: http://localhost:8080/petclinic/vets/add -> JSHandle@object
2022-05-26 11:40:28 ERROR    Failure: http://localhost:8080/petclinic/vets/add -> OwnerService::addVet failed: server returned code 400 with body "[object Object]"
2022-05-26 11:40:28 ERROR    Failure: http://localhost:8080/petclinic/vets/add -> status code(400) -> {"className":"java.lang.NullPointerException","exMessage":null}
2022-05-26 11:40:28 ERROR    Failure: http://localhost:8080/petclinic/vets/add -> Failed to load resource: the server responded with a status of 400 ()
2022-05-26 11:40:28 ERROR    Failure: http://localhost:8080/petclinic/vets/add -> JSHandle@object
2022-05-26 11:40:28 ERROR    Failure: http://localhost:8080/petclinic/vets/add -> OwnerService::addVet failed: server returned code 400 with body "[object Object]"
2022-05-26 11:40:28 ERROR    Failure: http://localhost:8080/petclinic/vets/add -> status code(400) -> {"className":"java.lang.NullPointerException","exMessage":null}
2022-05-26 11:40:28 ERROR    Failure: http://localhost:8080/petclinic/vets/add -> Failed to load resource: the server responded with a status of 400 ()
2022-05-26 11:40:28 ERROR    Failure: http://localhost:8080/petclinic/vets/add -> JSHandle@object
2022-05-26 11:40:28 ERROR    Failure: http://localhost:8080/petclinic/vets/add -> OwnerService::addVet failed: server returned code 400 with body "[object Object]"
2022-05-26 11:40:28 ERROR    Failure: http://localhost:8080/petclinic/vets/add -> status code(400) -> {"className":"java.lang.NullPointerException","exMessage":null}
2022-05-26 11:40:29 ERROR    Failure: http://localhost:8080/petclinic/vets/add -> Failed to load resource: the server responded with a status of 400 ()
2022-05-26 11:40:29 ERROR    Failure: http://localhost:8080/petclinic/vets/add -> JSHandle@object
2022-05-26 11:40:29 ERROR    Failure: http://localhost:8080/petclinic/vets/add -> OwnerService::addVet failed: server returned code 400 with body "[object Object]"
2022-05-26 11:40:29 ERROR    Failure: http://localhost:8080/petclinic/vets/add -> status code(400) -> {"className":"java.lang.NullPointerException","exMessage":null}
2022-05-26 11:40:29 ERROR    Failure: http://localhost:8080/petclinic/vets/add -> Failed to load resource: the server responded with a status of 400 ()
2022-05-26 11:40:29 ERROR    Failure: http://localhost:8080/petclinic/vets/add -> JSHandle@object
2022-05-26 11:40:29 ERROR    Failure: http://localhost:8080/petclinic/vets/add -> OwnerService::addVet failed: server returned code 400 with body "[object Object]"
2022-05-26 11:40:29 ERROR    Failure: http://localhost:8080/petclinic/vets/add -> status code(400) -> {"className":"org.springframework.dao.DataIntegrityViolationException","exMessage":"could not execute statement; SQL [n/a]; nested exception is org.hibernate.exception.DataException: could not execute statement"}
2022-05-26 11:40:31 ERROR    Failure: http://localhost:8080/petclinic/specialties -> ERROR JSHandle@error
2022-05-26 11:40:32 ERROR    Failure: http://localhost:8080/petclinic/specialties -> ERROR JSHandle@error
2022-05-26 11:40:32 ERROR    Failure: http://localhost:8080/petclinic/specialties -> ERROR JSHandle@error
2022-05-26 11:40:32 ERROR    Failure: http://localhost:8080/petclinic/specialties -> ERROR JSHandle@error
2022-05-26 11:40:32 ERROR    Failure: http://localhost:8080/petclinic/specialties -> ERROR JSHandle@error
2022-05-26 11:40:32 ERROR    Failure: http://localhost:8080/petclinic/specialties -> ERROR JSHandle@error
2022-05-26 11:40:36 ERROR    Failure: http://localhost:8080/petclinic/pets/10/visits/add -> Failed to load resource: the server responded with a status of 400 ()
2022-05-26 11:40:36 ERROR    Failure: http://localhost:8080/petclinic/pets/10/visits/add -> JSHandle@object
2022-05-26 11:40:36 ERROR    Failure: http://localhost:8080/petclinic/pets/10/visits/add -> OwnerService::getOwnerById failed: server returned code 400 with body "[object Object]"
2022-05-26 11:40:36 ERROR    Failure: http://localhost:8080/petclinic/pets/10/visits/add -> ERROR server returned code 400 with body "[object Object]"
2022-05-26 11:40:36 ERROR    Failure: http://localhost:8080/petclinic/pets/10/visits/add -> status code(400) -> {"className":"org.springframework.web.method.annotation.MethodArgumentTypeMismatchException","exMessage":"Failed to convert value of type 'java.lang.String' to required type 'int'; nested exception is java.lang.NumberFormatException: For input string: \"undefined\""}
2022-05-26 11:40:45 ERROR    Failure: http://localhost:8080/petclinic/specialties -> ERROR JSHandle@error
2022-05-26 11:40:45 ERROR    Failure: http://localhost:8080/petclinic/specialties -> ERROR JSHandle@error
2022-05-26 11:40:45 ERROR    Failure: http://localhost:8080/petclinic/specialties -> ERROR JSHandle@error
2022-05-26 11:40:46 ERROR    Failure: http://localhost:8080/petclinic/specialties -> ERROR JSHandle@error
2022-05-26 11:40:46 ERROR    Failure: http://localhost:8080/petclinic/specialties -> ERROR JSHandle@error
2022-05-26 11:40:46 ERROR    Failure: http://localhost:8080/petclinic/specialties -> ERROR JSHandle@error
2022-05-26 11:40:54 ERROR    Failure: http://localhost:8080/petclinic/specialties -> ERROR JSHandle@error
2022-05-26 11:40:55 ERROR    Failure: http://localhost:8080/petclinic/specialties -> ERROR JSHandle@error
2022-05-26 11:40:55 ERROR    Failure: http://localhost:8080/petclinic/specialties -> ERROR JSHandle@error
2022-05-26 11:40:55 ERROR    Failure: http://localhost:8080/petclinic/specialties -> ERROR JSHandle@error
2022-05-26 11:40:55 ERROR    Failure: http://localhost:8080/petclinic/specialties -> ERROR JSHandle@error
2022-05-26 11:40:56 ERROR    Failure: http://localhost:8080/petclinic/specialties -> ERROR JSHandle@error
2022-05-26 11:41:05 ERROR    Failure: http://localhost:8080/petclinic/vets/add -> Failed to load resource: the server responded with a status of 400 ()
2022-05-26 11:41:05 ERROR    Failure: http://localhost:8080/petclinic/vets/add -> JSHandle@object
2022-05-26 11:41:05 ERROR    Failure: http://localhost:8080/petclinic/vets/add -> OwnerService::addVet failed: server returned code 400 with body "[object Object]"
2022-05-26 11:41:05 ERROR    Failure: http://localhost:8080/petclinic/vets/add -> status code(400) -> {"className":"java.lang.NullPointerException","exMessage":null}
2022-05-26 11:41:05 ERROR    Failure: http://localhost:8080/petclinic/vets/add -> Failed to load resource: the server responded with a status of 400 ()
2022-05-26 11:41:05 ERROR    Failure: http://localhost:8080/petclinic/vets/add -> JSHandle@object
2022-05-26 11:41:05 ERROR    Failure: http://localhost:8080/petclinic/vets/add -> OwnerService::addVet failed: server returned code 400 with body "[object Object]"
2022-05-26 11:41:05 ERROR    Failure: http://localhost:8080/petclinic/vets/add -> status code(400) -> {"className":"java.lang.NullPointerException","exMessage":null}
2022-05-26 11:41:06 ERROR    Failure: http://localhost:8080/petclinic/vets/add -> Failed to load resource: the server responded with a status of 400 ()
2022-05-26 11:41:06 ERROR    Failure: http://localhost:8080/petclinic/vets/add -> JSHandle@object
2022-05-26 11:41:06 ERROR    Failure: http://localhost:8080/petclinic/vets/add -> OwnerService::addVet failed: server returned code 400 with body "[object Object]"
2022-05-26 11:41:06 ERROR    Failure: http://localhost:8080/petclinic/vets/add -> status code(400) -> {"className":"java.lang.NullPointerException","exMessage":null}
2022-05-26 11:41:18 ERROR    Failure: http://localhost:8080/petclinic/vets/add -> Failed to load resource: the server responded with a status of 400 ()
2022-05-26 11:41:18 ERROR    Failure: http://localhost:8080/petclinic/vets/add -> JSHandle@object
2022-05-26 11:41:18 ERROR    Failure: http://localhost:8080/petclinic/vets/add -> OwnerService::addVet failed: server returned code 400 with body "[object Object]"
2022-05-26 11:41:18 ERROR    Failure: http://localhost:8080/petclinic/vets/add -> status code(400) -> {"className":"java.lang.NullPointerException","exMessage":null}
2022-05-26 11:41:19 ERROR    Failure: http://localhost:8080/petclinic/vets/add -> Failed to load resource: the server responded with a status of 400 ()
2022-05-26 11:41:19 ERROR    Failure: http://localhost:8080/petclinic/vets/add -> JSHandle@object
2022-05-26 11:41:19 ERROR    Failure: http://localhost:8080/petclinic/vets/add -> OwnerService::addVet failed: server returned code 400 with body "[object Object]"
2022-05-26 11:41:19 ERROR    Failure: http://localhost:8080/petclinic/vets/add -> status code(400) -> {"className":"java.lang.NullPointerException","exMessage":null}
2022-05-26 11:41:19 ERROR    Failure: http://localhost:8080/petclinic/vets/add -> Failed to load resource: the server responded with a status of 400 ()
2022-05-26 11:41:19 ERROR    Failure: http://localhost:8080/petclinic/vets/add -> JSHandle@object
2022-05-26 11:41:19 ERROR    Failure: http://localhost:8080/petclinic/vets/add -> OwnerService::addVet failed: server returned code 400 with body "[object Object]"
2022-05-26 11:41:19 ERROR    Failure: http://localhost:8080/petclinic/vets/add -> status code(400) -> {"className":"java.lang.NullPointerException","exMessage":null}
2022-05-26 11:41:19 ERROR    Failure: http://localhost:8080/petclinic/vets/add -> Failed to load resource: the server responded with a status of 400 ()
2022-05-26 11:41:19 ERROR    Failure: http://localhost:8080/petclinic/vets/add -> JSHandle@object
2022-05-26 11:41:19 ERROR    Failure: http://localhost:8080/petclinic/vets/add -> OwnerService::addVet failed: must not be empty
2022-05-26 11:41:19 ERROR    Failure: http://localhost:8080/petclinic/vets/add -> status code(400) -> 
2022-05-26 11:41:19 ERROR    Failure: http://localhost:8080/petclinic/vets/add -> Failed to load resource: the server responded with a status of 400 ()
2022-05-26 11:41:19 ERROR    Failure: http://localhost:8080/petclinic/vets/add -> JSHandle@object
2022-05-26 11:41:19 ERROR    Failure: http://localhost:8080/petclinic/vets/add -> OwnerService::addVet failed: must not be empty
2022-05-26 11:41:19 ERROR    Failure: http://localhost:8080/petclinic/vets/add -> status code(400) -> 
2022-05-26 11:41:19 ERROR    Failure: http://localhost:8080/petclinic/vets/add -> Failed to load resource: the server responded with a status of 400 ()
2022-05-26 11:41:19 ERROR    Failure: http://localhost:8080/petclinic/vets/add -> JSHandle@object
2022-05-26 11:41:19 ERROR    Failure: http://localhost:8080/petclinic/vets/add -> OwnerService::addVet failed: must not be empty
2022-05-26 11:41:19 ERROR    Failure: http://localhost:8080/petclinic/vets/add -> status code(400) -> 
2022-05-26 11:41:31 ERROR    Failure: http://localhost:8080/petclinic/vets/add -> Failed to load resource: the server responded with a status of 400 ()
2022-05-26 11:41:31 ERROR    Failure: http://localhost:8080/petclinic/vets/add -> JSHandle@object
2022-05-26 11:41:31 ERROR    Failure: http://localhost:8080/petclinic/vets/add -> OwnerService::addVet failed: server returned code 400 with body "[object Object]"
2022-05-26 11:41:31 ERROR    Failure: http://localhost:8080/petclinic/vets/add -> status code(400) -> {"className":"java.lang.NullPointerException","exMessage":null}
2022-05-26 11:41:31 ERROR    Failure: http://localhost:8080/petclinic/vets/add -> Failed to load resource: the server responded with a status of 400 ()
2022-05-26 11:41:31 ERROR    Failure: http://localhost:8080/petclinic/vets/add -> JSHandle@object
2022-05-26 11:41:31 ERROR    Failure: http://localhost:8080/petclinic/vets/add -> OwnerService::addVet failed: server returned code 400 with body "[object Object]"
2022-05-26 11:41:31 ERROR    Failure: http://localhost:8080/petclinic/vets/add -> status code(400) -> {"className":"java.lang.NullPointerException","exMessage":null}
2022-05-26 11:41:31 ERROR    Failure: http://localhost:8080/petclinic/vets/add -> Failed to load resource: the server responded with a status of 400 ()
2022-05-26 11:41:31 ERROR    Failure: http://localhost:8080/petclinic/vets/add -> JSHandle@object
2022-05-26 11:41:31 ERROR    Failure: http://localhost:8080/petclinic/vets/add -> OwnerService::addVet failed: server returned code 400 with body "[object Object]"
2022-05-26 11:41:31 ERROR    Failure: http://localhost:8080/petclinic/vets/add -> status code(400) -> {"className":"java.lang.NullPointerException","exMessage":null}
2022-05-26 11:41:32 ERROR    Failure: http://localhost:8080/petclinic/vets/add -> Failed to load resource: the server responded with a status of 400 ()
2022-05-26 11:41:32 ERROR    Failure: http://localhost:8080/petclinic/vets/add -> JSHandle@object
2022-05-26 11:41:32 ERROR    Failure: http://localhost:8080/petclinic/vets/add -> OwnerService::addVet failed: server returned code 400 with body "[object Object]"
2022-05-26 11:41:32 ERROR    Failure: http://localhost:8080/petclinic/vets/add -> status code(400) -> {"className":"java.lang.NullPointerException","exMessage":null}
2022-05-26 11:41:32 ERROR    Failure: http://localhost:8080/petclinic/vets/add -> Failed to load resource: the server responded with a status of 400 ()
2022-05-26 11:41:32 ERROR    Failure: http://localhost:8080/petclinic/vets/add -> JSHandle@object
2022-05-26 11:41:32 ERROR    Failure: http://localhost:8080/petclinic/vets/add -> OwnerService::addVet failed: server returned code 400 with body "[object Object]"
2022-05-26 11:41:32 ERROR    Failure: http://localhost:8080/petclinic/vets/add -> status code(400) -> {"className":"java.lang.NullPointerException","exMessage":null}
2022-05-26 11:41:35 ERROR    Failure: http://localhost:8080/petclinic/pettypes/2/edit -> Failed to load resource: the server responded with a status of 400 ()
2022-05-26 11:41:35 ERROR    Failure: http://localhost:8080/petclinic/pettypes/2/edit -> JSHandle@object
2022-05-26 11:41:35 ERROR    Failure: http://localhost:8080/petclinic/pettypes/2/edit -> OwnerService::updatePetType failed: must not be empty
2022-05-26 11:41:35 ERROR    Failure: http://localhost:8080/petclinic/pettypes/2/edit -> status code(400) -> 
2022-05-26 11:41:35 ERROR    Failure: http://localhost:8080/petclinic/pettypes/2/edit -> Failed to load resource: the server responded with a status of 400 ()
2022-05-26 11:41:35 ERROR    Failure: http://localhost:8080/petclinic/pettypes/2/edit -> JSHandle@object
2022-05-26 11:41:35 ERROR    Failure: http://localhost:8080/petclinic/pettypes/2/edit -> OwnerService::updatePetType failed: must not be empty
2022-05-26 11:41:35 ERROR    Failure: http://localhost:8080/petclinic/pettypes/2/edit -> status code(400) -> 
2022-05-26 11:41:35 ERROR    Failure: http://localhost:8080/petclinic/pettypes/2/edit -> Failed to load resource: the server responded with a status of 400 ()
2022-05-26 11:41:35 ERROR    Failure: http://localhost:8080/petclinic/pettypes/2/edit -> JSHandle@object
2022-05-26 11:41:35 ERROR    Failure: http://localhost:8080/petclinic/pettypes/2/edit -> OwnerService::updatePetType failed: must not be empty
2022-05-26 11:41:35 ERROR    Failure: http://localhost:8080/petclinic/pettypes/2/edit -> status code(400) -> 
2022-05-26 11:41:43 ERROR    Failure: http://localhost:8080/petclinic/vets/add -> Failed to load resource: the server responded with a status of 400 ()
2022-05-26 11:41:43 ERROR    Failure: http://localhost:8080/petclinic/vets/add -> JSHandle@object
2022-05-26 11:41:43 ERROR    Failure: http://localhost:8080/petclinic/vets/add -> OwnerService::addVet failed: server returned code 400 with body "[object Object]"
2022-05-26 11:41:43 ERROR    Failure: http://localhost:8080/petclinic/vets/add -> status code(400) -> {"className":"java.lang.NullPointerException","exMessage":null}
2022-05-26 11:41:44 ERROR    Failure: http://localhost:8080/petclinic/vets/add -> Failed to load resource: the server responded with a status of 400 ()
2022-05-26 11:41:44 ERROR    Failure: http://localhost:8080/petclinic/vets/add -> JSHandle@object
2022-05-26 11:41:44 ERROR    Failure: http://localhost:8080/petclinic/vets/add -> OwnerService::addVet failed: server returned code 400 with body "[object Object]"
2022-05-26 11:41:44 ERROR    Failure: http://localhost:8080/petclinic/vets/add -> status code(400) -> {"className":"java.lang.NullPointerException","exMessage":null}
2022-05-26 11:41:44 ERROR    Failure: http://localhost:8080/petclinic/vets/add -> Failed to load resource: the server responded with a status of 400 ()
2022-05-26 11:41:44 ERROR    Failure: http://localhost:8080/petclinic/vets/add -> JSHandle@object
2022-05-26 11:41:44 ERROR    Failure: http://localhost:8080/petclinic/vets/add -> OwnerService::addVet failed: server returned code 400 with body "[object Object]"
2022-05-26 11:41:44 ERROR    Failure: http://localhost:8080/petclinic/vets/add -> status code(400) -> {"className":"java.lang.NullPointerException","exMessage":null}
2022-05-26 11:41:44 ERROR    Failure: http://localhost:8080/petclinic/vets/add -> Failed to load resource: the server responded with a status of 400 ()
2022-05-26 11:41:44 ERROR    Failure: http://localhost:8080/petclinic/vets/add -> JSHandle@object
2022-05-26 11:41:44 ERROR    Failure: http://localhost:8080/petclinic/vets/add -> OwnerService::addVet failed: server returned code 400 with body "[object Object]"
2022-05-26 11:41:44 ERROR    Failure: http://localhost:8080/petclinic/vets/add -> status code(400) -> {"className":"java.lang.NullPointerException","exMessage":null}
2022-05-26 11:41:44 ERROR    Failure: http://localhost:8080/petclinic/vets/add -> Failed to load resource: the server responded with a status of 400 ()
2022-05-26 11:41:44 ERROR    Failure: http://localhost:8080/petclinic/vets/add -> JSHandle@object
2022-05-26 11:41:44 ERROR    Failure: http://localhost:8080/petclinic/vets/add -> OwnerService::addVet failed: server returned code 400 with body "[object Object]"
2022-05-26 11:41:44 ERROR    Failure: http://localhost:8080/petclinic/vets/add -> status code(400) -> {"className":"java.lang.NullPointerException","exMessage":null}
2022-05-26 11:41:45 ERROR    Failure: http://localhost:8080/petclinic/vets/add -> Failed to load resource: the server responded with a status of 400 ()
2022-05-26 11:41:45 ERROR    Failure: http://localhost:8080/petclinic/vets/add -> JSHandle@object
2022-05-26 11:41:45 ERROR    Failure: http://localhost:8080/petclinic/vets/add -> OwnerService::addVet failed: server returned code 400 with body "[object Object]"
2022-05-26 11:41:45 ERROR    Failure: http://localhost:8080/petclinic/vets/add -> status code(400) -> {"className":"java.lang.NullPointerException","exMessage":null}
2022-05-26 11:41:47 ERROR    Failure: http://localhost:8080/petclinic/specialties -> ERROR JSHandle@error
2022-05-26 11:41:48 ERROR    Failure: http://localhost:8080/petclinic/specialties -> ERROR JSHandle@error
2022-05-26 11:41:48 ERROR    Failure: http://localhost:8080/petclinic/specialties -> ERROR JSHandle@error
2022-05-26 11:41:48 ERROR    Failure: http://localhost:8080/petclinic/specialties -> ERROR JSHandle@error
2022-05-26 11:41:48 ERROR    Failure: http://localhost:8080/petclinic/specialties -> ERROR JSHandle@error
2022-05-26 11:41:48 ERROR    Failure: http://localhost:8080/petclinic/specialties -> ERROR JSHandle@error
2022-05-26 11:41:51 ERROR    Failure: http://localhost:8080/petclinic/ -> Failed to load resource: the server responded with a status of 404 (Not Found)
2022-05-26 11:41:51 ERROR    Failure: http://localhost:8080/petclinic -> status code(404) -> <html>		<head><title>404 Not Found</title></head>		<body>		<center><h1>404 Not Found</h1></center>		<hr><center>nginx/1.17.6</center>		</body>		</html>		<!-- a padding to disable MSIE and Chrome friendly error page -->		<!-- a padding to disable MSIE and Chrome friendly error page -->		<!-- a padding to disable MSIE and Chrome friendly error page -->		<!-- a padding to disable MSIE and Chrome friendly error page -->		<!-- a padding to disable MSIE and Chrome friendly error page -->		<!-- a padding to disable MSIE and Chrome friendly error page -->		
2022-05-26 11:41:59 ERROR    Failure: http://localhost:8080/petclinic/vets/add -> Failed to load resource: the server responded with a status of 400 ()
2022-05-26 11:41:59 ERROR    Failure: http://localhost:8080/petclinic/vets/add -> JSHandle@object
2022-05-26 11:41:59 ERROR    Failure: http://localhost:8080/petclinic/vets/add -> OwnerService::addVet failed: server returned code 400 with body "[object Object]"
2022-05-26 11:41:59 ERROR    Failure: http://localhost:8080/petclinic/vets/add -> status code(400) -> {"className":"java.lang.NullPointerException","exMessage":null}
2022-05-26 11:42:00 ERROR    Failure: http://localhost:8080/petclinic/vets/add -> Failed to load resource: the server responded with a status of 400 ()
2022-05-26 11:42:00 ERROR    Failure: http://localhost:8080/petclinic/vets/add -> JSHandle@object
2022-05-26 11:42:00 ERROR    Failure: http://localhost:8080/petclinic/vets/add -> OwnerService::addVet failed: server returned code 400 with body "[object Object]"
2022-05-26 11:42:00 ERROR    Failure: http://localhost:8080/petclinic/vets/add -> status code(400) -> {"className":"java.lang.NullPointerException","exMessage":null}
2022-05-26 11:42:00 ERROR    Failure: http://localhost:8080/petclinic/vets/add -> Failed to load resource: the server responded with a status of 400 ()
2022-05-26 11:42:00 ERROR    Failure: http://localhost:8080/petclinic/vets/add -> JSHandle@object
2022-05-26 11:42:00 ERROR    Failure: http://localhost:8080/petclinic/vets/add -> OwnerService::addVet failed: server returned code 400 with body "[object Object]"
2022-05-26 11:42:00 ERROR    Failure: http://localhost:8080/petclinic/vets/add -> status code(400) -> {"className":"java.lang.NullPointerException","exMessage":null}
2022-05-26 11:42:00 ERROR    Failure: http://localhost:8080/petclinic/vets/add -> Failed to load resource: the server responded with a status of 400 ()
2022-05-26 11:42:00 ERROR    Failure: http://localhost:8080/petclinic/vets/add -> JSHandle@object
2022-05-26 11:42:00 ERROR    Failure: http://localhost:8080/petclinic/vets/add -> OwnerService::addVet failed: server returned code 400 with body "[object Object]"
2022-05-26 11:42:00 ERROR    Failure: http://localhost:8080/petclinic/vets/add -> status code(400) -> {"className":"java.lang.NullPointerException","exMessage":null}
2022-05-26 11:42:03 ERROR    Failure: http://localhost:8080/petclinic/ -> Failed to load resource: the server responded with a status of 404 (Not Found)
2022-05-26 11:42:03 ERROR    Failure: http://localhost:8080/petclinic -> status code(404) -> <html>		<head><title>404 Not Found</title></head>		<body>		<center><h1>404 Not Found</h1></center>		<hr><center>nginx/1.17.6</center>		</body>		</html>		<!-- a padding to disable MSIE and Chrome friendly error page -->		<!-- a padding to disable MSIE and Chrome friendly error page -->		<!-- a padding to disable MSIE and Chrome friendly error page -->		<!-- a padding to disable MSIE and Chrome friendly error page -->		<!-- a padding to disable MSIE and Chrome friendly error page -->		<!-- a padding to disable MSIE and Chrome friendly error page -->		
2022-05-26 11:42:06 ERROR    Failure: http://localhost:8080/petclinic/specialties -> ERROR JSHandle@error
2022-05-26 11:42:06 ERROR    Failure: http://localhost:8080/petclinic/specialties -> ERROR JSHandle@error
2022-05-26 11:42:06 ERROR    Failure: http://localhost:8080/petclinic/specialties -> ERROR JSHandle@error
2022-05-26 11:42:06 ERROR    Failure: http://localhost:8080/petclinic/specialties -> ERROR JSHandle@error
2022-05-26 11:42:06 ERROR    Failure: http://localhost:8080/petclinic/specialties -> ERROR JSHandle@error
2022-05-26 11:42:06 ERROR    Failure: http://localhost:8080/petclinic/specialties -> ERROR JSHandle@error
2022-05-26 11:42:11 ERROR    Failure: http://localhost:8080/petclinic/ -> Failed to load resource: the server responded with a status of 404 (Not Found)
2022-05-26 11:42:11 ERROR    Failure: http://localhost:8080/petclinic -> status code(404) -> <html>		<head><title>404 Not Found</title></head>		<body>		<center><h1>404 Not Found</h1></center>		<hr><center>nginx/1.17.6</center>		</body>		</html>		<!-- a padding to disable MSIE and Chrome friendly error page -->		<!-- a padding to disable MSIE and Chrome friendly error page -->		<!-- a padding to disable MSIE and Chrome friendly error page -->		<!-- a padding to disable MSIE and Chrome friendly error page -->		<!-- a padding to disable MSIE and Chrome friendly error page -->		<!-- a padding to disable MSIE and Chrome friendly error page -->		
2022-05-26 11:42:17 ERROR    Failure: http://localhost:8080/petclinic/specialties -> ERROR JSHandle@error
2022-05-26 11:42:17 ERROR    Failure: http://localhost:8080/petclinic/specialties -> ERROR JSHandle@error
2022-05-26 11:42:17 ERROR    Failure: http://localhost:8080/petclinic/specialties -> ERROR JSHandle@error
2022-05-26 11:42:17 ERROR    Failure: http://localhost:8080/petclinic/specialties -> ERROR JSHandle@error
2022-05-26 11:42:17 ERROR    Failure: http://localhost:8080/petclinic/specialties -> ERROR JSHandle@error
2022-05-26 11:42:17 ERROR    Failure: http://localhost:8080/petclinic/specialties -> ERROR JSHandle@error
2022-05-26 11:42:21 ERROR    Failure: http://localhost:8080/petclinic/vets/add -> Failed to load resource: the server responded with a status of 400 ()
2022-05-26 11:42:21 ERROR    Failure: http://localhost:8080/petclinic/vets/add -> JSHandle@object
2022-05-26 11:42:21 ERROR    Failure: http://localhost:8080/petclinic/vets/add -> OwnerService::addVet failed: server returned code 400 with body "[object Object]"
2022-05-26 11:42:21 ERROR    Failure: http://localhost:8080/petclinic/vets/add -> status code(400) -> {"className":"java.lang.NullPointerException","exMessage":null}
2022-05-26 11:42:21 ERROR    Failure: http://localhost:8080/petclinic/vets/add -> Failed to load resource: the server responded with a status of 400 ()
2022-05-26 11:42:21 ERROR    Failure: http://localhost:8080/petclinic/vets/add -> JSHandle@object
2022-05-26 11:42:21 ERROR    Failure: http://localhost:8080/petclinic/vets/add -> OwnerService::addVet failed: server returned code 400 with body "[object Object]"
2022-05-26 11:42:21 ERROR    Failure: http://localhost:8080/petclinic/vets/add -> status code(400) -> {"className":"java.lang.NullPointerException","exMessage":null}
2022-05-26 11:42:21 ERROR    Failure: http://localhost:8080/petclinic/vets/add -> Failed to load resource: the server responded with a status of 400 ()
2022-05-26 11:42:21 ERROR    Failure: http://localhost:8080/petclinic/vets/add -> JSHandle@object
2022-05-26 11:42:21 ERROR    Failure: http://localhost:8080/petclinic/vets/add -> OwnerService::addVet failed: server returned code 400 with body "[object Object]"
2022-05-26 11:42:21 ERROR    Failure: http://localhost:8080/petclinic/vets/add -> status code(400) -> {"className":"java.lang.NullPointerException","exMessage":null}
2022-05-26 11:42:22 ERROR    Failure: http://localhost:8080/petclinic/vets/add -> Failed to load resource: the server responded with a status of 400 ()
2022-05-26 11:42:22 ERROR    Failure: http://localhost:8080/petclinic/vets/add -> JSHandle@object
2022-05-26 11:42:22 ERROR    Failure: http://localhost:8080/petclinic/vets/add -> OwnerService::addVet failed: server returned code 400 with body "[object Object]"
2022-05-26 11:42:22 ERROR    Failure: http://localhost:8080/petclinic/vets/add -> status code(400) -> {"className":"java.lang.NullPointerException","exMessage":null}
2022-05-26 11:42:22 ERROR    Failure: http://localhost:8080/petclinic/vets/add -> Failed to load resource: the server responded with a status of 400 ()
2022-05-26 11:42:22 ERROR    Failure: http://localhost:8080/petclinic/vets/add -> JSHandle@object
2022-05-26 11:42:22 ERROR    Failure: http://localhost:8080/petclinic/vets/add -> OwnerService::addVet failed: must not be empty
2022-05-26 11:42:22 ERROR    Failure: http://localhost:8080/petclinic/vets/add -> status code(400) -> 
2022-05-26 11:42:26 ERROR    Failure: http://localhost:8080/petclinic/vets/add -> Failed to load resource: the server responded with a status of 400 ()
2022-05-26 11:42:26 ERROR    Failure: http://localhost:8080/petclinic/vets/add -> JSHandle@object
2022-05-26 11:42:26 ERROR    Failure: http://localhost:8080/petclinic/vets/add -> OwnerService::addVet failed: server returned code 400 with body "[object Object]"
2022-05-26 11:42:26 ERROR    Failure: http://localhost:8080/petclinic/vets/add -> status code(400) -> {"className":"java.lang.NullPointerException","exMessage":null}
2022-05-26 11:42:27 ERROR    Failure: http://localhost:8080/petclinic/vets/add -> Failed to load resource: the server responded with a status of 400 ()
2022-05-26 11:42:27 ERROR    Failure: http://localhost:8080/petclinic/vets/add -> JSHandle@object
2022-05-26 11:42:27 ERROR    Failure: http://localhost:8080/petclinic/vets/add -> OwnerService::addVet failed: server returned code 400 with body "[object Object]"
2022-05-26 11:42:27 ERROR    Failure: http://localhost:8080/petclinic/vets/add -> status code(400) -> {"className":"java.lang.NullPointerException","exMessage":null}
2022-05-26 11:42:27 ERROR    Failure: http://localhost:8080/petclinic/vets/add -> Failed to load resource: the server responded with a status of 400 ()
2022-05-26 11:42:27 ERROR    Failure: http://localhost:8080/petclinic/vets/add -> JSHandle@object
2022-05-26 11:42:27 ERROR    Failure: http://localhost:8080/petclinic/vets/add -> OwnerService::addVet failed: server returned code 400 with body "[object Object]"
2022-05-26 11:42:27 ERROR    Failure: http://localhost:8080/petclinic/vets/add -> status code(400) -> {"className":"java.lang.NullPointerException","exMessage":null}
2022-05-26 11:42:27 ERROR    Failure: http://localhost:8080/petclinic/vets/add -> Failed to load resource: the server responded with a status of 400 ()
2022-05-26 11:42:27 ERROR    Failure: http://localhost:8080/petclinic/vets/add -> JSHandle@object
2022-05-26 11:42:27 ERROR    Failure: http://localhost:8080/petclinic/vets/add -> OwnerService::addVet failed: server returned code 400 with body "[object Object]"
2022-05-26 11:42:27 ERROR    Failure: http://localhost:8080/petclinic/vets/add -> status code(400) -> {"className":"java.lang.NullPointerException","exMessage":null}
2022-05-26 11:42:27 ERROR    Failure: http://localhost:8080/petclinic/vets/add -> Failed to load resource: the server responded with a status of 400 ()
2022-05-26 11:42:27 ERROR    Failure: http://localhost:8080/petclinic/vets/add -> JSHandle@object
2022-05-26 11:42:27 ERROR    Failure: http://localhost:8080/petclinic/vets/add -> OwnerService::addVet failed: server returned code 400 with body "[object Object]"
2022-05-26 11:42:27 ERROR    Failure: http://localhost:8080/petclinic/vets/add -> status code(400) -> {"className":"java.lang.NullPointerException","exMessage":null}
2022-05-26 11:42:30 ERROR    Failure: http://localhost:8080/petclinic/specialties -> ERROR JSHandle@error
2022-05-26 11:42:30 ERROR    Failure: http://localhost:8080/petclinic/specialties -> ERROR JSHandle@error
2022-05-26 11:42:30 ERROR    Failure: http://localhost:8080/petclinic/specialties -> ERROR JSHandle@error
2022-05-26 11:42:31 ERROR    Failure: http://localhost:8080/petclinic/specialties -> ERROR JSHandle@error
2022-05-26 11:42:31 ERROR    Failure: http://localhost:8080/petclinic/specialties -> ERROR JSHandle@error
2022-05-26 11:42:31 ERROR    Failure: http://localhost:8080/petclinic/specialties -> ERROR JSHandle@error
2022-05-26 11:42:39 ERROR    Failure: http://localhost:8080/petclinic/specialties -> ERROR JSHandle@error
2022-05-26 11:42:39 ERROR    Failure: http://localhost:8080/petclinic/specialties -> ERROR JSHandle@error
2022-05-26 11:42:40 ERROR    Failure: http://localhost:8080/petclinic/specialties -> ERROR JSHandle@error
2022-05-26 11:42:40 ERROR    Failure: http://localhost:8080/petclinic/specialties -> ERROR JSHandle@error
2022-05-26 11:42:40 ERROR    Failure: http://localhost:8080/petclinic/specialties -> ERROR JSHandle@error
2022-05-26 11:42:40 ERROR    Failure: http://localhost:8080/petclinic/specialties -> ERROR JSHandle@error
2022-05-26 11:42:43 ERROR    Failure: http://localhost:8080/petclinic/specialties -> ERROR JSHandle@error
2022-05-26 11:42:43 ERROR    Failure: http://localhost:8080/petclinic/specialties -> ERROR JSHandle@error
2022-05-26 11:42:43 ERROR    Failure: http://localhost:8080/petclinic/specialties -> ERROR JSHandle@error
2022-05-26 11:42:43 ERROR    Failure: http://localhost:8080/petclinic/specialties -> ERROR JSHandle@error
2022-05-26 11:42:44 ERROR    Failure: http://localhost:8080/petclinic/specialties -> ERROR JSHandle@error
2022-05-26 11:42:44 ERROR    Failure: http://localhost:8080/petclinic/specialties -> ERROR JSHandle@error
2022-05-26 11:42:51 ERROR    Failure: http://localhost:8080/petclinic/owners/5/pets/add -> Failed to load resource: the server responded with a status of 403 ()
2022-05-26 11:42:51 ERROR    Failure: http://localhost:8080/petclinic/owners/5/pets/add -> Failed to load resource: the server responded with a status of 403 ()
2022-05-26 11:42:51 ERROR    Failure: http://localhost:8080/petclinic/owners/5/pets/add -> Access to XMLHttpRequest at 'http://localhost:9966/petclinic/api/owners/5/pets' from origin 'http://localhost:8080' has been blocked by CORS policy: Response to preflight request doesn't pass access control check: No 'Access-Control-Allow-Origin' header is present on the requested resource.
2022-05-26 11:42:51 ERROR    Failure: http://localhost:8080/petclinic/owners/5/pets/add -> JSHandle@object
2022-05-26 11:42:51 ERROR    Failure: http://localhost:8080/petclinic/owners/5/pets/add -> OwnerService::addPet failed: server returned code 0 with body "[object ProgressEvent]"
2022-05-26 11:42:51 ERROR    Failure: http://localhost:8080/petclinic/owners/5/pets/add -> status code(403) -> Invalid CORS request
2022-05-26 11:42:51 ERROR    Failure: http://localhost:8080/petclinic/owners/5/pets/add -> Failed to load resource: the server responded with a status of 403 ()
2022-05-26 11:42:51 ERROR    Failure: http://localhost:8080/petclinic/owners/5/pets/add -> Failed to load resource: the server responded with a status of 403 ()
2022-05-26 11:42:51 ERROR    Failure: http://localhost:8080/petclinic/owners/5/pets/add -> Access to XMLHttpRequest at 'http://localhost:9966/petclinic/api/owners/5/pets' from origin 'http://localhost:8080' has been blocked by CORS policy: Response to preflight request doesn't pass access control check: No 'Access-Control-Allow-Origin' header is present on the requested resource.
2022-05-26 11:42:51 ERROR    Failure: http://localhost:8080/petclinic/owners/5/pets/add -> JSHandle@object
2022-05-26 11:42:51 ERROR    Failure: http://localhost:8080/petclinic/owners/5/pets/add -> OwnerService::addPet failed: server returned code 0 with body "[object ProgressEvent]"
2022-05-26 11:42:51 ERROR    Failure: http://localhost:8080/petclinic/owners/5/pets/add -> status code(403) -> Invalid CORS request
2022-05-26 11:42:57 ERROR    Failure: http://localhost:8080/petclinic/pettypes/5/edit -> Failed to load resource: the server responded with a status of 400 ()
2022-05-26 11:42:57 ERROR    Failure: http://localhost:8080/petclinic/pettypes/5/edit -> JSHandle@object
2022-05-26 11:42:57 ERROR    Failure: http://localhost:8080/petclinic/pettypes/5/edit -> OwnerService::updatePetType failed: must not be empty
2022-05-26 11:42:57 ERROR    Failure: http://localhost:8080/petclinic/pettypes/5/edit -> status code(400) -> 
2022-05-26 11:42:57 ERROR    Failure: http://localhost:8080/petclinic/pettypes/5/edit -> Failed to load resource: the server responded with a status of 400 ()
2022-05-26 11:42:57 ERROR    Failure: http://localhost:8080/petclinic/pettypes/5/edit -> JSHandle@object
2022-05-26 11:42:57 ERROR    Failure: http://localhost:8080/petclinic/pettypes/5/edit -> OwnerService::updatePetType failed: must not be empty
2022-05-26 11:42:57 ERROR    Failure: http://localhost:8080/petclinic/pettypes/5/edit -> status code(400) -> 
2022-05-26 11:42:57 ERROR    Failure: http://localhost:8080/petclinic/pettypes/5/edit -> Failed to load resource: the server responded with a status of 400 ()
2022-05-26 11:42:57 ERROR    Failure: http://localhost:8080/petclinic/pettypes/5/edit -> JSHandle@object
2022-05-26 11:42:57 ERROR    Failure: http://localhost:8080/petclinic/pettypes/5/edit -> OwnerService::updatePetType failed: must not be empty
2022-05-26 11:42:57 ERROR    Failure: http://localhost:8080/petclinic/pettypes/5/edit -> status code(400) -> 
2022-05-26 11:43:03 ERROR    Failure: http://localhost:8080/petclinic/pets/9/edit -> Failed to load resource: the server responded with a status of 400 ()
2022-05-26 11:43:03 ERROR    Failure: http://localhost:8080/petclinic/pets/9/edit -> JSHandle@object
2022-05-26 11:43:03 ERROR    Failure: http://localhost:8080/petclinic/pets/9/edit -> OwnerService::getOwnerById failed: server returned code 400 with body "[object Object]"
2022-05-26 11:43:03 ERROR    Failure: http://localhost:8080/petclinic/pets/9/edit -> ERROR server returned code 400 with body "[object Object]"
2022-05-26 11:43:03 ERROR    Failure: http://localhost:8080/petclinic/pets/9/edit -> status code(400) -> {"className":"org.springframework.web.method.annotation.MethodArgumentTypeMismatchException","exMessage":"Failed to convert value of type 'java.lang.String' to required type 'int'; nested exception is java.lang.NumberFormatException: For input string: \"undefined\""}
2022-05-26 11:43:08 ERROR    Failure: http://localhost:8080/petclinic/vets/add -> Failed to load resource: the server responded with a status of 400 ()
2022-05-26 11:43:08 ERROR    Failure: http://localhost:8080/petclinic/vets/add -> JSHandle@object
2022-05-26 11:43:08 ERROR    Failure: http://localhost:8080/petclinic/vets/add -> OwnerService::addVet failed: server returned code 400 with body "[object Object]"
2022-05-26 11:43:08 ERROR    Failure: http://localhost:8080/petclinic/vets/add -> status code(400) -> {"className":"java.lang.NullPointerException","exMessage":null}
2022-05-26 11:43:08 ERROR    Failure: http://localhost:8080/petclinic/vets/add -> Failed to load resource: the server responded with a status of 400 ()
2022-05-26 11:43:08 ERROR    Failure: http://localhost:8080/petclinic/vets/add -> JSHandle@object
2022-05-26 11:43:08 ERROR    Failure: http://localhost:8080/petclinic/vets/add -> OwnerService::addVet failed: server returned code 400 with body "[object Object]"
2022-05-26 11:43:08 ERROR    Failure: http://localhost:8080/petclinic/vets/add -> status code(400) -> {"className":"java.lang.NullPointerException","exMessage":null}
2022-05-26 11:43:08 ERROR    Failure: http://localhost:8080/petclinic/vets/add -> Failed to load resource: the server responded with a status of 400 ()
2022-05-26 11:43:08 ERROR    Failure: http://localhost:8080/petclinic/vets/add -> JSHandle@object
2022-05-26 11:43:08 ERROR    Failure: http://localhost:8080/petclinic/vets/add -> OwnerService::addVet failed: server returned code 400 with body "[object Object]"
2022-05-26 11:43:08 ERROR    Failure: http://localhost:8080/petclinic/vets/add -> status code(400) -> {"className":"java.lang.NullPointerException","exMessage":null}
2022-05-26 11:43:09 ERROR    Failure: http://localhost:8080/petclinic/vets/add -> Failed to load resource: the server responded with a status of 400 ()
2022-05-26 11:43:09 ERROR    Failure: http://localhost:8080/petclinic/vets/add -> JSHandle@object
2022-05-26 11:43:09 ERROR    Failure: http://localhost:8080/petclinic/vets/add -> OwnerService::addVet failed: server returned code 400 with body "[object Object]"
2022-05-26 11:43:09 ERROR    Failure: http://localhost:8080/petclinic/vets/add -> status code(400) -> {"className":"java.lang.NullPointerException","exMessage":null}
2022-05-26 11:43:09 ERROR    Failure: http://localhost:8080/petclinic/vets/add -> Failed to load resource: the server responded with a status of 400 ()
2022-05-26 11:43:09 ERROR    Failure: http://localhost:8080/petclinic/vets/add -> JSHandle@object
2022-05-26 11:43:09 ERROR    Failure: http://localhost:8080/petclinic/vets/add -> OwnerService::addVet failed: server returned code 400 with body "[object Object]"
2022-05-26 11:43:09 ERROR    Failure: http://localhost:8080/petclinic/vets/add -> status code(400) -> {"className":"java.lang.NullPointerException","exMessage":null}
2022-05-26 11:43:12 ERROR    Failure: http://localhost:8080/petclinic/specialties -> ERROR JSHandle@error
2022-05-26 11:43:12 ERROR    Failure: http://localhost:8080/petclinic/specialties -> ERROR JSHandle@error
2022-05-26 11:43:12 ERROR    Failure: http://localhost:8080/petclinic/specialties -> ERROR JSHandle@error
2022-05-26 11:43:12 ERROR    Failure: http://localhost:8080/petclinic/specialties -> ERROR JSHandle@error
2022-05-26 11:43:13 ERROR    Failure: http://localhost:8080/petclinic/specialties -> ERROR JSHandle@error
2022-05-26 11:43:13 ERROR    Failure: http://localhost:8080/petclinic/specialties -> ERROR JSHandle@error
2022-05-26 11:43:17 ERROR    Failure: http://localhost:8080/petclinic/vets/add -> Failed to load resource: the server responded with a status of 400 ()
2022-05-26 11:43:17 ERROR    Failure: http://localhost:8080/petclinic/vets/add -> JSHandle@object
2022-05-26 11:43:17 ERROR    Failure: http://localhost:8080/petclinic/vets/add -> OwnerService::addVet failed: server returned code 400 with body "[object Object]"
2022-05-26 11:43:17 ERROR    Failure: http://localhost:8080/petclinic/vets/add -> status code(400) -> {"className":"java.lang.NullPointerException","exMessage":null}
2022-05-26 11:43:17 ERROR    Failure: http://localhost:8080/petclinic/vets/add -> Failed to load resource: the server responded with a status of 400 ()
2022-05-26 11:43:17 ERROR    Failure: http://localhost:8080/petclinic/vets/add -> JSHandle@object
2022-05-26 11:43:17 ERROR    Failure: http://localhost:8080/petclinic/vets/add -> OwnerService::addVet failed: server returned code 400 with body "[object Object]"
2022-05-26 11:43:17 ERROR    Failure: http://localhost:8080/petclinic/vets/add -> status code(400) -> {"className":"java.lang.NullPointerException","exMessage":null}
2022-05-26 11:43:17 ERROR    Failure: http://localhost:8080/petclinic/vets/add -> Failed to load resource: the server responded with a status of 400 ()
2022-05-26 11:43:17 ERROR    Failure: http://localhost:8080/petclinic/vets/add -> JSHandle@object
2022-05-26 11:43:17 ERROR    Failure: http://localhost:8080/petclinic/vets/add -> OwnerService::addVet failed: server returned code 400 with body "[object Object]"
2022-05-26 11:43:17 ERROR    Failure: http://localhost:8080/petclinic/vets/add -> status code(400) -> {"className":"java.lang.NullPointerException","exMessage":null}
2022-05-26 11:43:17 ERROR    Failure: http://localhost:8080/petclinic/vets/add -> Failed to load resource: the server responded with a status of 400 ()
2022-05-26 11:43:17 ERROR    Failure: http://localhost:8080/petclinic/vets/add -> JSHandle@object
2022-05-26 11:43:17 ERROR    Failure: http://localhost:8080/petclinic/vets/add -> OwnerService::addVet failed: server returned code 400 with body "[object Object]"
2022-05-26 11:43:17 ERROR    Failure: http://localhost:8080/petclinic/vets/add -> status code(400) -> {"className":"java.lang.NullPointerException","exMessage":null}
2022-05-26 11:43:18 ERROR    Failure: http://localhost:8080/petclinic/vets/add -> Failed to load resource: the server responded with a status of 400 ()
2022-05-26 11:43:18 ERROR    Failure: http://localhost:8080/petclinic/vets/add -> JSHandle@object
2022-05-26 11:43:18 ERROR    Failure: http://localhost:8080/petclinic/vets/add -> OwnerService::addVet failed: server returned code 400 with body "[object Object]"
2022-05-26 11:43:18 ERROR    Failure: http://localhost:8080/petclinic/vets/add -> status code(400) -> {"className":"java.lang.NullPointerException","exMessage":null}
2022-05-26 11:43:18 ERROR    Failure: http://localhost:8080/petclinic/vets/add -> Failed to load resource: the server responded with a status of 400 ()
2022-05-26 11:43:18 ERROR    Failure: http://localhost:8080/petclinic/vets/add -> JSHandle@object
2022-05-26 11:43:18 ERROR    Failure: http://localhost:8080/petclinic/vets/add -> OwnerService::addVet failed: server returned code 400 with body "[object Object]"
2022-05-26 11:43:18 ERROR    Failure: http://localhost:8080/petclinic/vets/add -> status code(400) -> {"className":"java.lang.NullPointerException","exMessage":null}
2022-05-26 11:43:21 ERROR    Failure: http://localhost:8080/petclinic/specialties -> ERROR JSHandle@error
2022-05-26 11:43:21 ERROR    Failure: http://localhost:8080/petclinic/specialties -> ERROR JSHandle@error
2022-05-26 11:43:21 ERROR    Failure: http://localhost:8080/petclinic/specialties -> ERROR JSHandle@error
2022-05-26 11:43:21 ERROR    Failure: http://localhost:8080/petclinic/specialties -> ERROR JSHandle@error
2022-05-26 11:43:22 ERROR    Failure: http://localhost:8080/petclinic/specialties -> ERROR JSHandle@error
2022-05-26 11:43:22 ERROR    Failure: http://localhost:8080/petclinic/specialties -> ERROR JSHandle@error
2022-05-26 11:43:25 ERROR    Failure: http://localhost:8080/petclinic/vets/add -> Failed to load resource: the server responded with a status of 400 ()
2022-05-26 11:43:25 ERROR    Failure: http://localhost:8080/petclinic/vets/add -> JSHandle@object
2022-05-26 11:43:25 ERROR    Failure: http://localhost:8080/petclinic/vets/add -> OwnerService::addVet failed: server returned code 400 with body "[object Object]"
2022-05-26 11:43:25 ERROR    Failure: http://localhost:8080/petclinic/vets/add -> status code(400) -> {"className":"java.lang.NullPointerException","exMessage":null}
2022-05-26 11:43:26 ERROR    Failure: http://localhost:8080/petclinic/vets/add -> Failed to load resource: the server responded with a status of 400 ()
2022-05-26 11:43:26 ERROR    Failure: http://localhost:8080/petclinic/vets/add -> JSHandle@object
2022-05-26 11:43:26 ERROR    Failure: http://localhost:8080/petclinic/vets/add -> OwnerService::addVet failed: server returned code 400 with body "[object Object]"
2022-05-26 11:43:26 ERROR    Failure: http://localhost:8080/petclinic/vets/add -> status code(400) -> {"className":"java.lang.NullPointerException","exMessage":null}
2022-05-26 11:43:26 ERROR    Failure: http://localhost:8080/petclinic/vets/add -> Failed to load resource: the server responded with a status of 400 ()
2022-05-26 11:43:26 ERROR    Failure: http://localhost:8080/petclinic/vets/add -> JSHandle@object
2022-05-26 11:43:26 ERROR    Failure: http://localhost:8080/petclinic/vets/add -> OwnerService::addVet failed: server returned code 400 with body "[object Object]"
2022-05-26 11:43:26 ERROR    Failure: http://localhost:8080/petclinic/vets/add -> status code(400) -> {"className":"java.lang.NullPointerException","exMessage":null}
2022-05-26 11:43:26 ERROR    Failure: http://localhost:8080/petclinic/vets/add -> Failed to load resource: the server responded with a status of 400 ()
2022-05-26 11:43:26 ERROR    Failure: http://localhost:8080/petclinic/vets/add -> JSHandle@object
2022-05-26 11:43:26 ERROR    Failure: http://localhost:8080/petclinic/vets/add -> OwnerService::addVet failed: server returned code 400 with body "[object Object]"
2022-05-26 11:43:26 ERROR    Failure: http://localhost:8080/petclinic/vets/add -> status code(400) -> {"className":"java.lang.NullPointerException","exMessage":null}
2022-05-26 11:43:27 ERROR    Failure: http://localhost:8080/petclinic/vets/add -> Failed to load resource: the server responded with a status of 400 ()
2022-05-26 11:43:27 ERROR    Failure: http://localhost:8080/petclinic/vets/add -> JSHandle@object
2022-05-26 11:43:27 ERROR    Failure: http://localhost:8080/petclinic/vets/add -> OwnerService::addVet failed: server returned code 400 with body "[object Object]"
2022-05-26 11:43:27 ERROR    Failure: http://localhost:8080/petclinic/vets/add -> status code(400) -> {"className":"java.lang.NullPointerException","exMessage":null}
2022-05-26 11:43:27 ERROR    Failure: http://localhost:8080/petclinic/vets/add -> Failed to load resource: the server responded with a status of 400 ()
2022-05-26 11:43:27 ERROR    Failure: http://localhost:8080/petclinic/vets/add -> JSHandle@object
2022-05-26 11:43:27 ERROR    Failure: http://localhost:8080/petclinic/vets/add -> OwnerService::addVet failed: server returned code 400 with body "[object Object]"
2022-05-26 11:43:27 ERROR    Failure: http://localhost:8080/petclinic/vets/add -> status code(400) -> {"className":"java.lang.NullPointerException","exMessage":null}
2022-05-26 11:43:30 ERROR    Failure: http://localhost:8080/petclinic/ -> Failed to load resource: the server responded with a status of 404 (Not Found)
2022-05-26 11:43:30 ERROR    Failure: http://localhost:8080/petclinic -> status code(404) -> <html>		<head><title>404 Not Found</title></head>		<body>		<center><h1>404 Not Found</h1></center>		<hr><center>nginx/1.17.6</center>		</body>		</html>		<!-- a padding to disable MSIE and Chrome friendly error page -->		<!-- a padding to disable MSIE and Chrome friendly error page -->		<!-- a padding to disable MSIE and Chrome friendly error page -->		<!-- a padding to disable MSIE and Chrome friendly error page -->		<!-- a padding to disable MSIE and Chrome friendly error page -->		<!-- a padding to disable MSIE and Chrome friendly error page -->		
2022-05-26 11:43:32 ERROR    Failure: http://localhost:8080/petclinic/specialties -> ERROR JSHandle@error
2022-05-26 11:43:32 ERROR    Failure: http://localhost:8080/petclinic/specialties -> ERROR JSHandle@error
2022-05-26 11:43:33 ERROR    Failure: http://localhost:8080/petclinic/specialties -> ERROR JSHandle@error
2022-05-26 11:43:33 ERROR    Failure: http://localhost:8080/petclinic/specialties -> ERROR JSHandle@error
2022-05-26 11:43:33 ERROR    Failure: http://localhost:8080/petclinic/specialties -> ERROR JSHandle@error
2022-05-26 11:43:33 ERROR    Failure: http://localhost:8080/petclinic/specialties -> ERROR JSHandle@error
2022-05-26 11:43:40 ERROR    Failure: http://localhost:8080/petclinic/pets/9/edit -> Failed to load resource: the server responded with a status of 400 ()
2022-05-26 11:43:40 ERROR    Failure: http://localhost:8080/petclinic/pets/9/edit -> JSHandle@object
2022-05-26 11:43:40 ERROR    Failure: http://localhost:8080/petclinic/pets/9/edit -> OwnerService::getOwnerById failed: server returned code 400 with body "[object Object]"
2022-05-26 11:43:40 ERROR    Failure: http://localhost:8080/petclinic/pets/9/edit -> ERROR server returned code 400 with body "[object Object]"
2022-05-26 11:43:40 ERROR    Failure: http://localhost:8080/petclinic/pets/9/edit -> status code(400) -> {"className":"org.springframework.web.method.annotation.MethodArgumentTypeMismatchException","exMessage":"Failed to convert value of type 'java.lang.String' to required type 'int'; nested exception is java.lang.NumberFormatException: For input string: \"undefined\""}
2022-05-26 11:43:51 ERROR    Failure: http://localhost:8080/petclinic/vets/add -> Failed to load resource: the server responded with a status of 400 ()
2022-05-26 11:43:51 ERROR    Failure: http://localhost:8080/petclinic/vets/add -> JSHandle@object
2022-05-26 11:43:51 ERROR    Failure: http://localhost:8080/petclinic/vets/add -> OwnerService::addVet failed: server returned code 400 with body "[object Object]"
2022-05-26 11:43:51 ERROR    Failure: http://localhost:8080/petclinic/vets/add -> status code(400) -> {"className":"java.lang.NullPointerException","exMessage":null}
2022-05-26 11:43:51 ERROR    Failure: http://localhost:8080/petclinic/vets/add -> Failed to load resource: the server responded with a status of 400 ()
2022-05-26 11:43:51 ERROR    Failure: http://localhost:8080/petclinic/vets/add -> JSHandle@object
2022-05-26 11:43:51 ERROR    Failure: http://localhost:8080/petclinic/vets/add -> OwnerService::addVet failed: server returned code 400 with body "[object Object]"
2022-05-26 11:43:51 ERROR    Failure: http://localhost:8080/petclinic/vets/add -> status code(400) -> {"className":"java.lang.NullPointerException","exMessage":null}
2022-05-26 11:43:51 ERROR    Failure: http://localhost:8080/petclinic/vets/add -> Failed to load resource: the server responded with a status of 400 ()
2022-05-26 11:43:51 ERROR    Failure: http://localhost:8080/petclinic/vets/add -> JSHandle@object
2022-05-26 11:43:51 ERROR    Failure: http://localhost:8080/petclinic/vets/add -> OwnerService::addVet failed: server returned code 400 with body "[object Object]"
2022-05-26 11:43:51 ERROR    Failure: http://localhost:8080/petclinic/vets/add -> status code(400) -> {"className":"java.lang.NullPointerException","exMessage":null}
2022-05-26 11:43:54 ERROR    Failure: http://localhost:8080/petclinic/ -> Failed to load resource: the server responded with a status of 404 (Not Found)
2022-05-26 11:43:54 ERROR    Failure: http://localhost:8080/petclinic -> status code(404) -> <html>		<head><title>404 Not Found</title></head>		<body>		<center><h1>404 Not Found</h1></center>		<hr><center>nginx/1.17.6</center>		</body>		</html>		<!-- a padding to disable MSIE and Chrome friendly error page -->		<!-- a padding to disable MSIE and Chrome friendly error page -->		<!-- a padding to disable MSIE and Chrome friendly error page -->		<!-- a padding to disable MSIE and Chrome friendly error page -->		<!-- a padding to disable MSIE and Chrome friendly error page -->		<!-- a padding to disable MSIE and Chrome friendly error page -->		
2022-05-26 11:44:01 ERROR    Failure: http://localhost:8080/petclinic/vets/add -> Failed to load resource: the server responded with a status of 400 ()
2022-05-26 11:44:01 ERROR    Failure: http://localhost:8080/petclinic/vets/add -> JSHandle@object
2022-05-26 11:44:01 ERROR    Failure: http://localhost:8080/petclinic/vets/add -> OwnerService::addVet failed: server returned code 400 with body "[object Object]"
2022-05-26 11:44:01 ERROR    Failure: http://localhost:8080/petclinic/vets/add -> status code(400) -> {"className":"java.lang.NullPointerException","exMessage":null}
2022-05-26 11:44:01 ERROR    Failure: http://localhost:8080/petclinic/vets/add -> Failed to load resource: the server responded with a status of 400 ()
2022-05-26 11:44:01 ERROR    Failure: http://localhost:8080/petclinic/vets/add -> JSHandle@object
2022-05-26 11:44:01 ERROR    Failure: http://localhost:8080/petclinic/vets/add -> OwnerService::addVet failed: server returned code 400 with body "[object Object]"
2022-05-26 11:44:01 ERROR    Failure: http://localhost:8080/petclinic/vets/add -> status code(400) -> {"className":"java.lang.NullPointerException","exMessage":null}
2022-05-26 11:44:01 ERROR    Failure: http://localhost:8080/petclinic/vets/add -> Failed to load resource: the server responded with a status of 400 ()
2022-05-26 11:44:01 ERROR    Failure: http://localhost:8080/petclinic/vets/add -> JSHandle@object
2022-05-26 11:44:01 ERROR    Failure: http://localhost:8080/petclinic/vets/add -> OwnerService::addVet failed: server returned code 400 with body "[object Object]"
2022-05-26 11:44:01 ERROR    Failure: http://localhost:8080/petclinic/vets/add -> status code(400) -> {"className":"java.lang.NullPointerException","exMessage":null}
2022-05-26 11:44:02 ERROR    Failure: http://localhost:8080/petclinic/vets/add -> Failed to load resource: the server responded with a status of 400 ()
2022-05-26 11:44:02 ERROR    Failure: http://localhost:8080/petclinic/vets/add -> JSHandle@object
2022-05-26 11:44:02 ERROR    Failure: http://localhost:8080/petclinic/vets/add -> OwnerService::addVet failed: server returned code 400 with body "[object Object]"
2022-05-26 11:44:02 ERROR    Failure: http://localhost:8080/petclinic/vets/add -> status code(400) -> {"className":"java.lang.NullPointerException","exMessage":null}
2022-05-26 11:44:02 ERROR    Failure: http://localhost:8080/petclinic/vets/add -> Failed to load resource: the server responded with a status of 400 ()
2022-05-26 11:44:02 ERROR    Failure: http://localhost:8080/petclinic/vets/add -> JSHandle@object
2022-05-26 11:44:02 ERROR    Failure: http://localhost:8080/petclinic/vets/add -> OwnerService::addVet failed: server returned code 400 with body "[object Object]"
2022-05-26 11:44:02 ERROR    Failure: http://localhost:8080/petclinic/vets/add -> status code(400) -> {"className":"java.lang.NullPointerException","exMessage":null}
2022-05-26 11:44:04 ERROR    Failure: http://localhost:8080/petclinic/pettypes -> Failed to load resource: the server responded with a status of 404 ()
2022-05-26 11:44:04 ERROR    Failure: http://localhost:8080/petclinic/pettypes -> JSHandle@object
2022-05-26 11:44:04 ERROR    Failure: http://localhost:8080/petclinic/pettypes -> OwnerService::getPetTypes failed: server returned code 404 with body "null"
2022-05-26 11:44:04 ERROR    Failure: http://localhost:8080/petclinic/pettypes -> status code(404) -> 
2022-05-26 11:44:07 ERROR    Failure: http://localhost:8080/petclinic/specialties -> ERROR JSHandle@error
2022-05-26 11:44:07 ERROR    Failure: http://localhost:8080/petclinic/specialties -> ERROR JSHandle@error
2022-05-26 11:44:08 ERROR    Failure: http://localhost:8080/petclinic/specialties -> ERROR JSHandle@error
2022-05-26 11:44:08 ERROR    Failure: http://localhost:8080/petclinic/specialties -> ERROR JSHandle@error
2022-05-26 11:44:08 ERROR    Failure: http://localhost:8080/petclinic/specialties -> ERROR JSHandle@error
2022-05-26 11:44:08 ERROR    Failure: http://localhost:8080/petclinic/specialties -> ERROR JSHandle@error
2022-05-26 11:44:11 ERROR    Failure: http://localhost:8080/petclinic/ -> Failed to load resource: the server responded with a status of 404 (Not Found)
2022-05-26 11:44:11 ERROR    Failure: http://localhost:8080/petclinic -> status code(404) -> <html>		<head><title>404 Not Found</title></head>		<body>		<center><h1>404 Not Found</h1></center>		<hr><center>nginx/1.17.6</center>		</body>		</html>		<!-- a padding to disable MSIE and Chrome friendly error page -->		<!-- a padding to disable MSIE and Chrome friendly error page -->		<!-- a padding to disable MSIE and Chrome friendly error page -->		<!-- a padding to disable MSIE and Chrome friendly error page -->		<!-- a padding to disable MSIE and Chrome friendly error page -->		<!-- a padding to disable MSIE and Chrome friendly error page -->		
2022-05-26 11:44:13 ERROR    Failure: http://localhost:8080/petclinic/specialties -> ERROR JSHandle@error
2022-05-26 11:44:14 ERROR    Failure: http://localhost:8080/petclinic/specialties -> ERROR JSHandle@error
2022-05-26 11:44:14 ERROR    Failure: http://localhost:8080/petclinic/specialties -> ERROR JSHandle@error
2022-05-26 11:44:14 ERROR    Failure: http://localhost:8080/petclinic/specialties -> ERROR JSHandle@error
2022-05-26 11:44:14 ERROR    Failure: http://localhost:8080/petclinic/specialties -> ERROR JSHandle@error
2022-05-26 11:44:14 ERROR    Failure: http://localhost:8080/petclinic/specialties -> ERROR JSHandle@error
2022-05-26 11:44:17 ERROR    Failure: http://localhost:8080/petclinic/specialties -> ERROR JSHandle@error
2022-05-26 11:44:17 ERROR    Failure: http://localhost:8080/petclinic/specialties -> ERROR JSHandle@error
2022-05-26 11:44:17 ERROR    Failure: http://localhost:8080/petclinic/specialties -> ERROR JSHandle@error
2022-05-26 11:44:18 ERROR    Failure: http://localhost:8080/petclinic/specialties -> ERROR JSHandle@error
2022-05-26 11:44:18 ERROR    Failure: http://localhost:8080/petclinic/specialties -> ERROR JSHandle@error
2022-05-26 11:44:18 ERROR    Failure: http://localhost:8080/petclinic/specialties -> ERROR JSHandle@error
2022-05-26 11:44:28 ERROR    Failure: http://localhost:8080/petclinic/specialties -> ERROR JSHandle@error
2022-05-26 11:44:28 ERROR    Failure: http://localhost:8080/petclinic/specialties -> ERROR JSHandle@error
2022-05-26 11:44:28 ERROR    Failure: http://localhost:8080/petclinic/specialties -> ERROR JSHandle@error
2022-05-26 11:44:28 ERROR    Failure: http://localhost:8080/petclinic/specialties -> ERROR JSHandle@error
2022-05-26 11:44:28 ERROR    Failure: http://localhost:8080/petclinic/specialties -> ERROR JSHandle@error
2022-05-26 11:44:28 ERROR    Failure: http://localhost:8080/petclinic/specialties -> ERROR JSHandle@error
2022-05-26 11:44:31 ERROR    Failure: http://localhost:8080/petclinic/ -> Failed to load resource: the server responded with a status of 404 (Not Found)
2022-05-26 11:44:31 ERROR    Failure: http://localhost:8080/petclinic -> status code(404) -> <html>		<head><title>404 Not Found</title></head>		<body>		<center><h1>404 Not Found</h1></center>		<hr><center>nginx/1.17.6</center>		</body>		</html>		<!-- a padding to disable MSIE and Chrome friendly error page -->		<!-- a padding to disable MSIE and Chrome friendly error page -->		<!-- a padding to disable MSIE and Chrome friendly error page -->		<!-- a padding to disable MSIE and Chrome friendly error page -->		<!-- a padding to disable MSIE and Chrome friendly error page -->		<!-- a padding to disable MSIE and Chrome friendly error page -->		
2022-05-26 11:44:34 ERROR    Failure: http://localhost:8080/petclinic/specialties -> ERROR JSHandle@error
2022-05-26 11:44:34 ERROR    Failure: http://localhost:8080/petclinic/specialties -> ERROR JSHandle@error
2022-05-26 11:44:34 ERROR    Failure: http://localhost:8080/petclinic/specialties -> ERROR JSHandle@error
2022-05-26 11:44:35 ERROR    Failure: http://localhost:8080/petclinic/specialties -> ERROR JSHandle@error
2022-05-26 11:44:35 ERROR    Failure: http://localhost:8080/petclinic/specialties -> ERROR JSHandle@error
2022-05-26 11:44:35 ERROR    Failure: http://localhost:8080/petclinic/specialties -> ERROR JSHandle@error
2022-05-26 11:44:46 ERROR    Failure: http://localhost:8080/petclinic/ -> Failed to load resource: the server responded with a status of 404 (Not Found)
2022-05-26 11:44:46 ERROR    Failure: http://localhost:8080/petclinic -> status code(404) -> <html>		<head><title>404 Not Found</title></head>		<body>		<center><h1>404 Not Found</h1></center>		<hr><center>nginx/1.17.6</center>		</body>		</html>		<!-- a padding to disable MSIE and Chrome friendly error page -->		<!-- a padding to disable MSIE and Chrome friendly error page -->		<!-- a padding to disable MSIE and Chrome friendly error page -->		<!-- a padding to disable MSIE and Chrome friendly error page -->		<!-- a padding to disable MSIE and Chrome friendly error page -->		<!-- a padding to disable MSIE and Chrome friendly error page -->		
2022-05-26 11:44:55 ERROR    Failure: http://localhost:8080/petclinic/specialties -> ERROR JSHandle@error
2022-05-26 11:44:55 ERROR    Failure: http://localhost:8080/petclinic/specialties -> ERROR JSHandle@error
2022-05-26 11:44:55 ERROR    Failure: http://localhost:8080/petclinic/specialties -> ERROR JSHandle@error
2022-05-26 11:44:55 ERROR    Failure: http://localhost:8080/petclinic/specialties -> ERROR JSHandle@error
2022-05-26 11:44:55 ERROR    Failure: http://localhost:8080/petclinic/specialties -> ERROR JSHandle@error
2022-05-26 11:44:56 ERROR    Failure: http://localhost:8080/petclinic/specialties -> ERROR JSHandle@error
2022-05-26 11:45:04 ERROR    Failure: http://localhost:8080/petclinic/pettypes -> Failed to load resource: the server responded with a status of 404 ()
2022-05-26 11:45:04 ERROR    Failure: http://localhost:8080/petclinic/pettypes -> JSHandle@object
2022-05-26 11:45:04 ERROR    Failure: http://localhost:8080/petclinic/pettypes -> OwnerService::getPetTypes failed: server returned code 404 with body "null"
2022-05-26 11:45:04 ERROR    Failure: http://localhost:8080/petclinic/pettypes -> status code(404) -> 
2022-05-26 11:45:05 ERROR    Failure: http://localhost:8080/petclinic/pettypes -> Failed to load resource: the server responded with a status of 400 ()
2022-05-26 11:45:05 ERROR    Failure: http://localhost:8080/petclinic/pettypes -> JSHandle@object
2022-05-26 11:45:05 ERROR    Failure: http://localhost:8080/petclinic/pettypes -> OwnerService::addPetType failed: server returned code 400 with body "[object Object]"
2022-05-26 11:45:05 ERROR    Failure: http://localhost:8080/petclinic/pettypes -> status code(400) -> {"className":"java.lang.NullPointerException","exMessage":null}
2022-05-26 11:45:05 ERROR    Failure: http://localhost:8080/petclinic/pettypes -> Failed to load resource: the server responded with a status of 400 ()
2022-05-26 11:45:05 ERROR    Failure: http://localhost:8080/petclinic/pettypes -> JSHandle@object
2022-05-26 11:45:05 ERROR    Failure: http://localhost:8080/petclinic/pettypes -> OwnerService::addPetType failed: server returned code 400 with body "[object Object]"
2022-05-26 11:45:05 ERROR    Failure: http://localhost:8080/petclinic/pettypes -> status code(400) -> {"className":"java.lang.NullPointerException","exMessage":null}
2022-05-26 11:45:05 ERROR    Failure: http://localhost:8080/petclinic/pettypes -> Failed to load resource: the server responded with a status of 400 ()
2022-05-26 11:45:05 ERROR    Failure: http://localhost:8080/petclinic/pettypes -> JSHandle@object
2022-05-26 11:45:05 ERROR    Failure: http://localhost:8080/petclinic/pettypes -> OwnerService::addPetType failed: server returned code 400 with body "[object Object]"
2022-05-26 11:45:05 ERROR    Failure: http://localhost:8080/petclinic/pettypes -> status code(400) -> {"className":"java.lang.NullPointerException","exMessage":null}
2022-05-26 11:45:08 ERROR    Failure: http://localhost:8080/petclinic/specialties -> ERROR JSHandle@error
2022-05-26 11:45:09 ERROR    Failure: http://localhost:8080/petclinic/specialties -> ERROR JSHandle@error
2022-05-26 11:45:09 ERROR    Failure: http://localhost:8080/petclinic/specialties -> ERROR JSHandle@error
2022-05-26 11:45:09 ERROR    Failure: http://localhost:8080/petclinic/specialties -> ERROR JSHandle@error
2022-05-26 11:45:09 ERROR    Failure: http://localhost:8080/petclinic/specialties -> ERROR JSHandle@error
2022-05-26 11:45:09 ERROR    Failure: http://localhost:8080/petclinic/specialties -> ERROR JSHandle@error
2022-05-26 11:45:12 ERROR    Failure: http://localhost:8080/petclinic/pettypes -> Failed to load resource: the server responded with a status of 404 ()
2022-05-26 11:45:12 ERROR    Failure: http://localhost:8080/petclinic/pettypes -> JSHandle@object
2022-05-26 11:45:12 ERROR    Failure: http://localhost:8080/petclinic/pettypes -> OwnerService::getPetTypes failed: server returned code 404 with body "null"
2022-05-26 11:45:12 ERROR    Failure: http://localhost:8080/petclinic/pettypes -> status code(404) -> 
2022-05-26 11:45:13 ERROR    Failure: http://localhost:8080/petclinic/pettypes -> Failed to load resource: the server responded with a status of 400 ()
2022-05-26 11:45:13 ERROR    Failure: http://localhost:8080/petclinic/pettypes -> JSHandle@object
2022-05-26 11:45:13 ERROR    Failure: http://localhost:8080/petclinic/pettypes -> OwnerService::addPetType failed: server returned code 400 with body "[object Object]"
2022-05-26 11:45:13 ERROR    Failure: http://localhost:8080/petclinic/pettypes -> status code(400) -> {"className":"java.lang.NullPointerException","exMessage":null}
2022-05-26 11:45:14 ERROR    Failure: http://localhost:8080/petclinic/pettypes -> Failed to load resource: the server responded with a status of 400 ()
2022-05-26 11:45:14 ERROR    Failure: http://localhost:8080/petclinic/pettypes -> JSHandle@object
2022-05-26 11:45:14 ERROR    Failure: http://localhost:8080/petclinic/pettypes -> OwnerService::addPetType failed: server returned code 400 with body "[object Object]"
2022-05-26 11:45:14 ERROR    Failure: http://localhost:8080/petclinic/pettypes -> status code(400) -> {"className":"java.lang.NullPointerException","exMessage":null}
2022-05-26 11:45:14 ERROR    Failure: http://localhost:8080/petclinic/pettypes -> Failed to load resource: the server responded with a status of 400 ()
2022-05-26 11:45:14 ERROR    Failure: http://localhost:8080/petclinic/pettypes -> JSHandle@object
2022-05-26 11:45:14 ERROR    Failure: http://localhost:8080/petclinic/pettypes -> OwnerService::addPetType failed: server returned code 400 with body "[object Object]"
2022-05-26 11:45:14 ERROR    Failure: http://localhost:8080/petclinic/pettypes -> status code(400) -> {"className":"java.lang.NullPointerException","exMessage":null}
2022-05-26 11:45:20 ERROR    Failure: http://localhost:8080/petclinic/specialties -> ERROR JSHandle@error
2022-05-26 11:45:20 ERROR    Failure: http://localhost:8080/petclinic/specialties -> ERROR JSHandle@error
2022-05-26 11:45:20 ERROR    Failure: http://localhost:8080/petclinic/specialties -> ERROR JSHandle@error
2022-05-26 11:45:20 ERROR    Failure: http://localhost:8080/petclinic/specialties -> ERROR JSHandle@error
2022-05-26 11:45:20 ERROR    Failure: http://localhost:8080/petclinic/specialties -> ERROR JSHandle@error
2022-05-26 11:45:21 ERROR    Failure: http://localhost:8080/petclinic/specialties -> ERROR JSHandle@error
2022-05-26 11:45:28 ERROR    Failure: http://localhost:8080/petclinic/vets/add -> Failed to load resource: the server responded with a status of 400 ()
2022-05-26 11:45:28 ERROR    Failure: http://localhost:8080/petclinic/vets/add -> JSHandle@object
2022-05-26 11:45:28 ERROR    Failure: http://localhost:8080/petclinic/vets/add -> OwnerService::addVet failed: server returned code 400 with body "[object Object]"
2022-05-26 11:45:28 ERROR    Failure: http://localhost:8080/petclinic/vets/add -> status code(400) -> {"className":"java.lang.NullPointerException","exMessage":null}
2022-05-26 11:45:28 ERROR    Failure: http://localhost:8080/petclinic/vets/add -> Failed to load resource: the server responded with a status of 400 ()
2022-05-26 11:45:28 ERROR    Failure: http://localhost:8080/petclinic/vets/add -> JSHandle@object
2022-05-26 11:45:28 ERROR    Failure: http://localhost:8080/petclinic/vets/add -> OwnerService::addVet failed: server returned code 400 with body "[object Object]"
2022-05-26 11:45:28 ERROR    Failure: http://localhost:8080/petclinic/vets/add -> status code(400) -> {"className":"java.lang.NullPointerException","exMessage":null}
2022-05-26 11:45:28 ERROR    Failure: http://localhost:8080/petclinic/vets/add -> Failed to load resource: the server responded with a status of 400 ()
2022-05-26 11:45:28 ERROR    Failure: http://localhost:8080/petclinic/vets/add -> JSHandle@object
2022-05-26 11:45:28 ERROR    Failure: http://localhost:8080/petclinic/vets/add -> OwnerService::addVet failed: server returned code 400 with body "[object Object]"
2022-05-26 11:45:28 ERROR    Failure: http://localhost:8080/petclinic/vets/add -> status code(400) -> {"className":"java.lang.NullPointerException","exMessage":null}
2022-05-26 11:45:28 ERROR    Failure: http://localhost:8080/petclinic/vets/add -> Failed to load resource: the server responded with a status of 400 ()
2022-05-26 11:45:28 ERROR    Failure: http://localhost:8080/petclinic/vets/add -> JSHandle@object
2022-05-26 11:45:28 ERROR    Failure: http://localhost:8080/petclinic/vets/add -> OwnerService::addVet failed: server returned code 400 with body "[object Object]"
2022-05-26 11:45:28 ERROR    Failure: http://localhost:8080/petclinic/vets/add -> status code(400) -> {"className":"java.lang.NullPointerException","exMessage":null}
2022-05-26 11:45:29 ERROR    Failure: http://localhost:8080/petclinic/vets/add -> Failed to load resource: the server responded with a status of 400 ()
2022-05-26 11:45:29 ERROR    Failure: http://localhost:8080/petclinic/vets/add -> JSHandle@object
2022-05-26 11:45:29 ERROR    Failure: http://localhost:8080/petclinic/vets/add -> OwnerService::addVet failed: server returned code 400 with body "[object Object]"
2022-05-26 11:45:29 ERROR    Failure: http://localhost:8080/petclinic/vets/add -> status code(400) -> {"className":"java.lang.NullPointerException","exMessage":null}
2022-05-26 11:45:29 ERROR    Failure: http://localhost:8080/petclinic/vets/add -> Failed to load resource: the server responded with a status of 400 ()
2022-05-26 11:45:29 ERROR    Failure: http://localhost:8080/petclinic/vets/add -> JSHandle@object
2022-05-26 11:45:29 ERROR    Failure: http://localhost:8080/petclinic/vets/add -> OwnerService::addVet failed: server returned code 400 with body "[object Object]"
2022-05-26 11:45:29 ERROR    Failure: http://localhost:8080/petclinic/vets/add -> status code(400) -> {"className":"java.lang.NullPointerException","exMessage":null}
2022-05-26 11:45:32 ERROR    Failure: http://localhost:8080/petclinic/ -> Failed to load resource: the server responded with a status of 404 (Not Found)
2022-05-26 11:45:32 ERROR    Failure: http://localhost:8080/petclinic -> status code(404) -> <html>		<head><title>404 Not Found</title></head>		<body>		<center><h1>404 Not Found</h1></center>		<hr><center>nginx/1.17.6</center>		</body>		</html>		<!-- a padding to disable MSIE and Chrome friendly error page -->		<!-- a padding to disable MSIE and Chrome friendly error page -->		<!-- a padding to disable MSIE and Chrome friendly error page -->		<!-- a padding to disable MSIE and Chrome friendly error page -->		<!-- a padding to disable MSIE and Chrome friendly error page -->		<!-- a padding to disable MSIE and Chrome friendly error page -->		
2022-05-26 11:45:37 ERROR    Failure: http://localhost:8080/petclinic/ -> Failed to load resource: the server responded with a status of 404 (Not Found)
2022-05-26 11:45:37 ERROR    Failure: http://localhost:8080/petclinic -> status code(404) -> <html>		<head><title>404 Not Found</title></head>		<body>		<center><h1>404 Not Found</h1></center>		<hr><center>nginx/1.17.6</center>		</body>		</html>		<!-- a padding to disable MSIE and Chrome friendly error page -->		<!-- a padding to disable MSIE and Chrome friendly error page -->		<!-- a padding to disable MSIE and Chrome friendly error page -->		<!-- a padding to disable MSIE and Chrome friendly error page -->		<!-- a padding to disable MSIE and Chrome friendly error page -->		<!-- a padding to disable MSIE and Chrome friendly error page -->		
2022-05-26 11:45:40 ERROR    Failure: http://localhost:8080/petclinic/ -> Failed to load resource: the server responded with a status of 404 (Not Found)
2022-05-26 11:45:40 ERROR    Failure: http://localhost:8080/petclinic -> status code(404) -> <html>		<head><title>404 Not Found</title></head>		<body>		<center><h1>404 Not Found</h1></center>		<hr><center>nginx/1.17.6</center>		</body>		</html>		<!-- a padding to disable MSIE and Chrome friendly error page -->		<!-- a padding to disable MSIE and Chrome friendly error page -->		<!-- a padding to disable MSIE and Chrome friendly error page -->		<!-- a padding to disable MSIE and Chrome friendly error page -->		<!-- a padding to disable MSIE and Chrome friendly error page -->		<!-- a padding to disable MSIE and Chrome friendly error page -->		
2022-05-26 11:45:42 ERROR    Failure: http://localhost:8080/petclinic/ -> Failed to load resource: the server responded with a status of 404 (Not Found)
2022-05-26 11:45:42 ERROR    Failure: http://localhost:8080/petclinic -> status code(404) -> <html>		<head><title>404 Not Found</title></head>		<body>		<center><h1>404 Not Found</h1></center>		<hr><center>nginx/1.17.6</center>		</body>		</html>		<!-- a padding to disable MSIE and Chrome friendly error page -->		<!-- a padding to disable MSIE and Chrome friendly error page -->		<!-- a padding to disable MSIE and Chrome friendly error page -->		<!-- a padding to disable MSIE and Chrome friendly error page -->		<!-- a padding to disable MSIE and Chrome friendly error page -->		<!-- a padding to disable MSIE and Chrome friendly error page -->		
2022-05-26 11:45:54 ERROR    Failure: http://localhost:8080/petclinic/vets/add -> Failed to load resource: the server responded with a status of 400 ()
2022-05-26 11:45:54 ERROR    Failure: http://localhost:8080/petclinic/vets/add -> JSHandle@object
2022-05-26 11:45:54 ERROR    Failure: http://localhost:8080/petclinic/vets/add -> OwnerService::addVet failed: server returned code 400 with body "[object Object]"
2022-05-26 11:45:54 ERROR    Failure: http://localhost:8080/petclinic/vets/add -> status code(400) -> {"className":"java.lang.NullPointerException","exMessage":null}
2022-05-26 11:45:55 ERROR    Failure: http://localhost:8080/petclinic/vets/add -> Failed to load resource: the server responded with a status of 400 ()
2022-05-26 11:45:55 ERROR    Failure: http://localhost:8080/petclinic/vets/add -> JSHandle@object
2022-05-26 11:45:55 ERROR    Failure: http://localhost:8080/petclinic/vets/add -> OwnerService::addVet failed: server returned code 400 with body "[object Object]"
2022-05-26 11:45:55 ERROR    Failure: http://localhost:8080/petclinic/vets/add -> status code(400) -> {"className":"java.lang.NullPointerException","exMessage":null}
2022-05-26 11:45:55 ERROR    Failure: http://localhost:8080/petclinic/vets/add -> Failed to load resource: the server responded with a status of 400 ()
2022-05-26 11:45:55 ERROR    Failure: http://localhost:8080/petclinic/vets/add -> JSHandle@object
2022-05-26 11:45:55 ERROR    Failure: http://localhost:8080/petclinic/vets/add -> OwnerService::addVet failed: server returned code 400 with body "[object Object]"
2022-05-26 11:45:55 ERROR    Failure: http://localhost:8080/petclinic/vets/add -> status code(400) -> {"className":"java.lang.NullPointerException","exMessage":null}
2022-05-26 11:45:55 ERROR    Failure: http://localhost:8080/petclinic/vets/add -> Failed to load resource: the server responded with a status of 400 ()
2022-05-26 11:45:55 ERROR    Failure: http://localhost:8080/petclinic/vets/add -> JSHandle@object
2022-05-26 11:45:55 ERROR    Failure: http://localhost:8080/petclinic/vets/add -> OwnerService::addVet failed: server returned code 400 with body "[object Object]"
2022-05-26 11:45:55 ERROR    Failure: http://localhost:8080/petclinic/vets/add -> status code(400) -> {"className":"java.lang.NullPointerException","exMessage":null}
2022-05-26 11:45:56 ERROR    Failure: http://localhost:8080/petclinic/vets/add -> Failed to load resource: the server responded with a status of 400 ()
2022-05-26 11:45:56 ERROR    Failure: http://localhost:8080/petclinic/vets/add -> JSHandle@object
2022-05-26 11:45:56 ERROR    Failure: http://localhost:8080/petclinic/vets/add -> OwnerService::addVet failed: server returned code 400 with body "[object Object]"
2022-05-26 11:45:56 ERROR    Failure: http://localhost:8080/petclinic/vets/add -> status code(400) -> {"className":"java.lang.NullPointerException","exMessage":null}
2022-05-26 11:46:11 ERROR    Failure: http://localhost:8080/petclinic/pettypes -> Failed to load resource: the server responded with a status of 404 ()
2022-05-26 11:46:11 ERROR    Failure: http://localhost:8080/petclinic/pettypes -> JSHandle@object
2022-05-26 11:46:11 ERROR    Failure: http://localhost:8080/petclinic/pettypes -> OwnerService::getPetTypes failed: server returned code 404 with body "null"
2022-05-26 11:46:11 ERROR    Failure: http://localhost:8080/petclinic/pettypes -> status code(404) -> 
2022-05-26 11:46:12 ERROR    Failure: http://localhost:8080/petclinic/pettypes -> Failed to load resource: the server responded with a status of 400 ()
2022-05-26 11:46:12 ERROR    Failure: http://localhost:8080/petclinic/pettypes -> JSHandle@object
2022-05-26 11:46:12 ERROR    Failure: http://localhost:8080/petclinic/pettypes -> OwnerService::addPetType failed: server returned code 400 with body "[object Object]"
2022-05-26 11:46:12 ERROR    Failure: http://localhost:8080/petclinic/pettypes -> status code(400) -> {"className":"java.lang.NullPointerException","exMessage":null}
2022-05-26 11:46:12 ERROR    Failure: http://localhost:8080/petclinic/pettypes -> Failed to load resource: the server responded with a status of 400 ()
2022-05-26 11:46:12 ERROR    Failure: http://localhost:8080/petclinic/pettypes -> JSHandle@object
2022-05-26 11:46:12 ERROR    Failure: http://localhost:8080/petclinic/pettypes -> OwnerService::addPetType failed: server returned code 400 with body "[object Object]"
2022-05-26 11:46:12 ERROR    Failure: http://localhost:8080/petclinic/pettypes -> status code(400) -> {"className":"java.lang.NullPointerException","exMessage":null}
2022-05-26 11:46:12 ERROR    Failure: http://localhost:8080/petclinic/pettypes -> Failed to load resource: the server responded with a status of 400 ()
2022-05-26 11:46:12 ERROR    Failure: http://localhost:8080/petclinic/pettypes -> JSHandle@object
2022-05-26 11:46:12 ERROR    Failure: http://localhost:8080/petclinic/pettypes -> OwnerService::addPetType failed: server returned code 400 with body "[object Object]"
2022-05-26 11:46:12 ERROR    Failure: http://localhost:8080/petclinic/pettypes -> status code(400) -> {"className":"java.lang.NullPointerException","exMessage":null}
2022-05-26 11:46:12 ERROR    Failure: http://localhost:8080/petclinic/pettypes/12/edit -> Failed to load resource: the server responded with a status of 400 ()
2022-05-26 11:46:12 ERROR    Failure: http://localhost:8080/petclinic/pettypes/12/edit -> JSHandle@object
2022-05-26 11:46:12 ERROR    Failure: http://localhost:8080/petclinic/pettypes/12/edit -> OwnerService::updatePetType failed: must not be empty
2022-05-26 11:46:12 ERROR    Failure: http://localhost:8080/petclinic/pettypes/12/edit -> status code(400) -> 
2022-05-26 11:46:21 ERROR    Failure: http://localhost:8080/petclinic/ -> Failed to load resource: the server responded with a status of 404 (Not Found)
2022-05-26 11:46:21 ERROR    Failure: http://localhost:8080/petclinic -> status code(404) -> <html>		<head><title>404 Not Found</title></head>		<body>		<center><h1>404 Not Found</h1></center>		<hr><center>nginx/1.17.6</center>		</body>		</html>		<!-- a padding to disable MSIE and Chrome friendly error page -->		<!-- a padding to disable MSIE and Chrome friendly error page -->		<!-- a padding to disable MSIE and Chrome friendly error page -->		<!-- a padding to disable MSIE and Chrome friendly error page -->		<!-- a padding to disable MSIE and Chrome friendly error page -->		<!-- a padding to disable MSIE and Chrome friendly error page -->		
2022-05-26 11:46:28 ERROR    Failure: http://localhost:8080/petclinic/specialties -> ERROR JSHandle@error
2022-05-26 11:46:28 ERROR    Failure: http://localhost:8080/petclinic/specialties -> ERROR JSHandle@error
2022-05-26 11:46:28 ERROR    Failure: http://localhost:8080/petclinic/specialties -> ERROR JSHandle@error
2022-05-26 11:46:29 ERROR    Failure: http://localhost:8080/petclinic/specialties -> ERROR JSHandle@error
2022-05-26 11:46:29 ERROR    Failure: http://localhost:8080/petclinic/specialties -> ERROR JSHandle@error
2022-05-26 11:46:29 ERROR    Failure: http://localhost:8080/petclinic/specialties -> ERROR JSHandle@error
2022-05-26 11:46:35 ERROR    Failure: http://localhost:8080/petclinic/vets/add -> Failed to load resource: the server responded with a status of 400 ()
2022-05-26 11:46:35 ERROR    Failure: http://localhost:8080/petclinic/vets/add -> JSHandle@object
2022-05-26 11:46:35 ERROR    Failure: http://localhost:8080/petclinic/vets/add -> OwnerService::addVet failed: server returned code 400 with body "[object Object]"
2022-05-26 11:46:35 ERROR    Failure: http://localhost:8080/petclinic/vets/add -> status code(400) -> {"className":"java.lang.NullPointerException","exMessage":null}
2022-05-26 11:46:36 ERROR    Failure: http://localhost:8080/petclinic/vets/add -> Failed to load resource: the server responded with a status of 400 ()
2022-05-26 11:46:36 ERROR    Failure: http://localhost:8080/petclinic/vets/add -> JSHandle@object
2022-05-26 11:46:36 ERROR    Failure: http://localhost:8080/petclinic/vets/add -> OwnerService::addVet failed: server returned code 400 with body "[object Object]"
2022-05-26 11:46:36 ERROR    Failure: http://localhost:8080/petclinic/vets/add -> status code(400) -> {"className":"java.lang.NullPointerException","exMessage":null}
2022-05-26 11:46:36 ERROR    Failure: http://localhost:8080/petclinic/vets/add -> Failed to load resource: the server responded with a status of 400 ()
2022-05-26 11:46:36 ERROR    Failure: http://localhost:8080/petclinic/vets/add -> JSHandle@object
2022-05-26 11:46:36 ERROR    Failure: http://localhost:8080/petclinic/vets/add -> OwnerService::addVet failed: server returned code 400 with body "[object Object]"
2022-05-26 11:46:36 ERROR    Failure: http://localhost:8080/petclinic/vets/add -> status code(400) -> {"className":"java.lang.NullPointerException","exMessage":null}
2022-05-26 11:46:36 ERROR    Failure: http://localhost:8080/petclinic/vets/add -> Failed to load resource: the server responded with a status of 400 ()
2022-05-26 11:46:36 ERROR    Failure: http://localhost:8080/petclinic/vets/add -> JSHandle@object
2022-05-26 11:46:36 ERROR    Failure: http://localhost:8080/petclinic/vets/add -> OwnerService::addVet failed: server returned code 400 with body "[object Object]"
2022-05-26 11:46:36 ERROR    Failure: http://localhost:8080/petclinic/vets/add -> status code(400) -> {"className":"java.lang.NullPointerException","exMessage":null}
2022-05-26 11:46:43 ERROR    Failure: http://localhost:8080/petclinic/specialties -> ERROR JSHandle@error
2022-05-26 11:46:43 ERROR    Failure: http://localhost:8080/petclinic/specialties -> ERROR JSHandle@error
2022-05-26 11:46:43 ERROR    Failure: http://localhost:8080/petclinic/specialties -> ERROR JSHandle@error
2022-05-26 11:46:43 ERROR    Failure: http://localhost:8080/petclinic/specialties -> ERROR JSHandle@error
2022-05-26 11:46:43 ERROR    Failure: http://localhost:8080/petclinic/specialties -> ERROR JSHandle@error
2022-05-26 11:46:44 ERROR    Failure: http://localhost:8080/petclinic/specialties -> ERROR JSHandle@error
2022-05-26 11:46:48 ERROR    Failure: http://localhost:8080/petclinic/vets/add -> Failed to load resource: the server responded with a status of 400 ()
2022-05-26 11:46:48 ERROR    Failure: http://localhost:8080/petclinic/vets/add -> JSHandle@object
2022-05-26 11:46:48 ERROR    Failure: http://localhost:8080/petclinic/vets/add -> OwnerService::addVet failed: server returned code 400 with body "[object Object]"
2022-05-26 11:46:48 ERROR    Failure: http://localhost:8080/petclinic/vets/add -> status code(400) -> {"className":"java.lang.NullPointerException","exMessage":null}
2022-05-26 11:46:54 ERROR    Failure: http://localhost:8080/petclinic/vets/add -> Failed to load resource: the server responded with a status of 400 ()
2022-05-26 11:46:54 ERROR    Failure: http://localhost:8080/petclinic/vets/add -> JSHandle@object
2022-05-26 11:46:54 ERROR    Failure: http://localhost:8080/petclinic/vets/add -> OwnerService::addVet failed: server returned code 400 with body "[object Object]"
2022-05-26 11:46:54 ERROR    Failure: http://localhost:8080/petclinic/vets/add -> status code(400) -> {"className":"java.lang.NullPointerException","exMessage":null}
2022-05-26 11:46:55 ERROR    Failure: http://localhost:8080/petclinic/vets/add -> Failed to load resource: the server responded with a status of 400 ()
2022-05-26 11:46:55 ERROR    Failure: http://localhost:8080/petclinic/vets/add -> JSHandle@object
2022-05-26 11:46:55 ERROR    Failure: http://localhost:8080/petclinic/vets/add -> OwnerService::addVet failed: server returned code 400 with body "[object Object]"
2022-05-26 11:46:55 ERROR    Failure: http://localhost:8080/petclinic/vets/add -> status code(400) -> {"className":"java.lang.NullPointerException","exMessage":null}
2022-05-26 11:46:55 ERROR    Failure: http://localhost:8080/petclinic/vets/add -> Failed to load resource: the server responded with a status of 400 ()
2022-05-26 11:46:55 ERROR    Failure: http://localhost:8080/petclinic/vets/add -> JSHandle@object
2022-05-26 11:46:55 ERROR    Failure: http://localhost:8080/petclinic/vets/add -> OwnerService::addVet failed: server returned code 400 with body "[object Object]"
2022-05-26 11:46:55 ERROR    Failure: http://localhost:8080/petclinic/vets/add -> status code(400) -> {"className":"java.lang.NullPointerException","exMessage":null}
2022-05-26 11:46:58 ERROR    Failure: http://localhost:8080/petclinic/pettypes -> Failed to load resource: the server responded with a status of 404 ()
2022-05-26 11:46:58 ERROR    Failure: http://localhost:8080/petclinic/pettypes -> JSHandle@object
2022-05-26 11:46:58 ERROR    Failure: http://localhost:8080/petclinic/pettypes -> OwnerService::getPetTypes failed: server returned code 404 with body "null"
2022-05-26 11:46:58 ERROR    Failure: http://localhost:8080/petclinic/pettypes -> status code(404) -> 
2022-05-26 11:46:59 ERROR    Failure: http://localhost:8080/petclinic/pettypes -> Failed to load resource: the server responded with a status of 400 ()
2022-05-26 11:46:59 ERROR    Failure: http://localhost:8080/petclinic/pettypes -> JSHandle@object
2022-05-26 11:46:59 ERROR    Failure: http://localhost:8080/petclinic/pettypes -> OwnerService::addPetType failed: server returned code 400 with body "[object Object]"
2022-05-26 11:46:59 ERROR    Failure: http://localhost:8080/petclinic/pettypes -> status code(400) -> {"className":"java.lang.NullPointerException","exMessage":null}
2022-05-26 11:46:59 ERROR    Failure: http://localhost:8080/petclinic/pettypes -> Failed to load resource: the server responded with a status of 400 ()
2022-05-26 11:46:59 ERROR    Failure: http://localhost:8080/petclinic/pettypes -> JSHandle@object
2022-05-26 11:46:59 ERROR    Failure: http://localhost:8080/petclinic/pettypes -> OwnerService::addPetType failed: server returned code 400 with body "[object Object]"
2022-05-26 11:46:59 ERROR    Failure: http://localhost:8080/petclinic/pettypes -> status code(400) -> {"className":"java.lang.NullPointerException","exMessage":null}
2022-05-26 11:47:02 ERROR    Failure: http://localhost:8080/petclinic/ -> Failed to load resource: the server responded with a status of 404 (Not Found)
2022-05-26 11:47:02 ERROR    Failure: http://localhost:8080/petclinic -> status code(404) -> <html>		<head><title>404 Not Found</title></head>		<body>		<center><h1>404 Not Found</h1></center>		<hr><center>nginx/1.17.6</center>		</body>		</html>		<!-- a padding to disable MSIE and Chrome friendly error page -->		<!-- a padding to disable MSIE and Chrome friendly error page -->		<!-- a padding to disable MSIE and Chrome friendly error page -->		<!-- a padding to disable MSIE and Chrome friendly error page -->		<!-- a padding to disable MSIE and Chrome friendly error page -->		<!-- a padding to disable MSIE and Chrome friendly error page -->		
2022-05-26 11:47:12 ERROR    Failure: http://localhost:8080/petclinic/specialties -> ERROR JSHandle@error
2022-05-26 11:47:12 ERROR    Failure: http://localhost:8080/petclinic/specialties -> ERROR JSHandle@error
2022-05-26 11:47:12 ERROR    Failure: http://localhost:8080/petclinic/specialties -> ERROR JSHandle@error
2022-05-26 11:47:12 ERROR    Failure: http://localhost:8080/petclinic/specialties -> ERROR JSHandle@error
2022-05-26 11:47:12 ERROR    Failure: http://localhost:8080/petclinic/specialties -> ERROR JSHandle@error
2022-05-26 11:47:12 ERROR    Failure: http://localhost:8080/petclinic/specialties -> ERROR JSHandle@error
2022-05-26 11:47:15 ERROR    Failure: http://localhost:8080/petclinic/ -> Failed to load resource: the server responded with a status of 404 (Not Found)
2022-05-26 11:47:15 ERROR    Failure: http://localhost:8080/petclinic -> status code(404) -> <html>		<head><title>404 Not Found</title></head>		<body>		<center><h1>404 Not Found</h1></center>		<hr><center>nginx/1.17.6</center>		</body>		</html>		<!-- a padding to disable MSIE and Chrome friendly error page -->		<!-- a padding to disable MSIE and Chrome friendly error page -->		<!-- a padding to disable MSIE and Chrome friendly error page -->		<!-- a padding to disable MSIE and Chrome friendly error page -->		<!-- a padding to disable MSIE and Chrome friendly error page -->		<!-- a padding to disable MSIE and Chrome friendly error page -->		
2022-05-26 11:47:22 ERROR    Failure: http://localhost:8080/petclinic/pettypes -> Failed to load resource: the server responded with a status of 400 ()
2022-05-26 11:47:22 ERROR    Failure: http://localhost:8080/petclinic/pettypes -> JSHandle@object
2022-05-26 11:47:22 ERROR    Failure: http://localhost:8080/petclinic/pettypes -> OwnerService::addPetType failed: server returned code 400 with body "[object Object]"
2022-05-26 11:47:22 ERROR    Failure: http://localhost:8080/petclinic/pettypes -> status code(400) -> {"className":"java.lang.NullPointerException","exMessage":null}
2022-05-26 11:47:22 ERROR    Failure: http://localhost:8080/petclinic/pettypes -> Failed to load resource: the server responded with a status of 400 ()
2022-05-26 11:47:22 ERROR    Failure: http://localhost:8080/petclinic/pettypes -> JSHandle@object
2022-05-26 11:47:22 ERROR    Failure: http://localhost:8080/petclinic/pettypes -> OwnerService::addPetType failed: server returned code 400 with body "[object Object]"
2022-05-26 11:47:22 ERROR    Failure: http://localhost:8080/petclinic/pettypes -> status code(400) -> {"className":"java.lang.NullPointerException","exMessage":null}
2022-05-26 11:47:28 ERROR    Failure: http://localhost:8080/petclinic/specialties -> ERROR JSHandle@error
2022-05-26 11:47:28 ERROR    Failure: http://localhost:8080/petclinic/specialties -> ERROR JSHandle@error
2022-05-26 11:47:29 ERROR    Failure: http://localhost:8080/petclinic/specialties -> ERROR JSHandle@error
2022-05-26 11:47:29 ERROR    Failure: http://localhost:8080/petclinic/specialties -> ERROR JSHandle@error
2022-05-26 11:47:29 ERROR    Failure: http://localhost:8080/petclinic/specialties -> ERROR JSHandle@error
2022-05-26 11:47:29 ERROR    Failure: http://localhost:8080/petclinic/specialties -> ERROR JSHandle@error
2022-05-26 11:47:32 ERROR    Failure: http://localhost:8080/petclinic/ -> Failed to load resource: the server responded with a status of 404 (Not Found)
2022-05-26 11:47:32 ERROR    Failure: http://localhost:8080/petclinic -> status code(404) -> <html>		<head><title>404 Not Found</title></head>		<body>		<center><h1>404 Not Found</h1></center>		<hr><center>nginx/1.17.6</center>		</body>		</html>		<!-- a padding to disable MSIE and Chrome friendly error page -->		<!-- a padding to disable MSIE and Chrome friendly error page -->		<!-- a padding to disable MSIE and Chrome friendly error page -->		<!-- a padding to disable MSIE and Chrome friendly error page -->		<!-- a padding to disable MSIE and Chrome friendly error page -->		<!-- a padding to disable MSIE and Chrome friendly error page -->		
2022-05-26 11:47:46 ERROR    Failure: http://localhost:8080/petclinic/vets/add -> Failed to load resource: the server responded with a status of 400 ()
2022-05-26 11:47:46 ERROR    Failure: http://localhost:8080/petclinic/vets/add -> JSHandle@object
2022-05-26 11:47:46 ERROR    Failure: http://localhost:8080/petclinic/vets/add -> OwnerService::addVet failed: server returned code 400 with body "[object Object]"
2022-05-26 11:47:46 ERROR    Failure: http://localhost:8080/petclinic/vets/add -> status code(400) -> {"className":"java.lang.NullPointerException","exMessage":null}
2022-05-26 11:47:46 ERROR    Failure: http://localhost:8080/petclinic/vets/add -> Failed to load resource: the server responded with a status of 400 ()
2022-05-26 11:47:46 ERROR    Failure: http://localhost:8080/petclinic/vets/add -> JSHandle@object
2022-05-26 11:47:46 ERROR    Failure: http://localhost:8080/petclinic/vets/add -> OwnerService::addVet failed: server returned code 400 with body "[object Object]"
2022-05-26 11:47:46 ERROR    Failure: http://localhost:8080/petclinic/vets/add -> status code(400) -> {"className":"java.lang.NullPointerException","exMessage":null}
2022-05-26 11:47:46 ERROR    Failure: http://localhost:8080/petclinic/vets/add -> Failed to load resource: the server responded with a status of 400 ()
2022-05-26 11:47:46 ERROR    Failure: http://localhost:8080/petclinic/vets/add -> JSHandle@object
2022-05-26 11:47:46 ERROR    Failure: http://localhost:8080/petclinic/vets/add -> OwnerService::addVet failed: server returned code 400 with body "[object Object]"
2022-05-26 11:47:46 ERROR    Failure: http://localhost:8080/petclinic/vets/add -> status code(400) -> {"className":"java.lang.NullPointerException","exMessage":null}
2022-05-26 11:47:47 ERROR    Failure: http://localhost:8080/petclinic/vets/add -> Failed to load resource: the server responded with a status of 400 ()
2022-05-26 11:47:47 ERROR    Failure: http://localhost:8080/petclinic/vets/add -> JSHandle@object
2022-05-26 11:47:47 ERROR    Failure: http://localhost:8080/petclinic/vets/add -> OwnerService::addVet failed: server returned code 400 with body "[object Object]"
2022-05-26 11:47:47 ERROR    Failure: http://localhost:8080/petclinic/vets/add -> status code(400) -> {"className":"java.lang.NullPointerException","exMessage":null}
2022-05-26 11:47:50 ERROR    Failure: http://localhost:8080/petclinic/ -> Failed to load resource: the server responded with a status of 404 (Not Found)
2022-05-26 11:47:50 ERROR    Failure: http://localhost:8080/petclinic -> status code(404) -> <html>		<head><title>404 Not Found</title></head>		<body>		<center><h1>404 Not Found</h1></center>		<hr><center>nginx/1.17.6</center>		</body>		</html>		<!-- a padding to disable MSIE and Chrome friendly error page -->		<!-- a padding to disable MSIE and Chrome friendly error page -->		<!-- a padding to disable MSIE and Chrome friendly error page -->		<!-- a padding to disable MSIE and Chrome friendly error page -->		<!-- a padding to disable MSIE and Chrome friendly error page -->		<!-- a padding to disable MSIE and Chrome friendly error page -->		
2022-05-26 11:47:55 ERROR    Failure: http://localhost:8080/petclinic/specialties -> ERROR JSHandle@error
2022-05-26 11:47:55 ERROR    Failure: http://localhost:8080/petclinic/specialties -> ERROR JSHandle@error
2022-05-26 11:47:55 ERROR    Failure: http://localhost:8080/petclinic/specialties -> ERROR JSHandle@error
2022-05-26 11:47:56 ERROR    Failure: http://localhost:8080/petclinic/specialties -> ERROR JSHandle@error
2022-05-26 11:47:56 ERROR    Failure: http://localhost:8080/petclinic/specialties -> ERROR JSHandle@error
2022-05-26 11:47:56 ERROR    Failure: http://localhost:8080/petclinic/specialties -> ERROR JSHandle@error
2022-05-26 11:47:59 ERROR    Failure: http://localhost:8080/petclinic/ -> Failed to load resource: the server responded with a status of 404 (Not Found)
2022-05-26 11:47:59 ERROR    Failure: http://localhost:8080/petclinic -> status code(404) -> <html>		<head><title>404 Not Found</title></head>		<body>		<center><h1>404 Not Found</h1></center>		<hr><center>nginx/1.17.6</center>		</body>		</html>		<!-- a padding to disable MSIE and Chrome friendly error page -->		<!-- a padding to disable MSIE and Chrome friendly error page -->		<!-- a padding to disable MSIE and Chrome friendly error page -->		<!-- a padding to disable MSIE and Chrome friendly error page -->		<!-- a padding to disable MSIE and Chrome friendly error page -->		<!-- a padding to disable MSIE and Chrome friendly error page -->		
2022-05-26 11:48:11 ERROR    Failure: http://localhost:8080/petclinic/pettypes -> Failed to load resource: the server responded with a status of 400 ()
2022-05-26 11:48:11 ERROR    Failure: http://localhost:8080/petclinic/pettypes -> JSHandle@object
2022-05-26 11:48:11 ERROR    Failure: http://localhost:8080/petclinic/pettypes -> OwnerService::addPetType failed: server returned code 400 with body "[object Object]"
2022-05-26 11:48:11 ERROR    Failure: http://localhost:8080/petclinic/pettypes -> status code(400) -> {"className":"java.lang.NullPointerException","exMessage":null}
2022-05-26 11:48:11 ERROR    Failure: http://localhost:8080/petclinic/pettypes -> Failed to load resource: the server responded with a status of 400 ()
2022-05-26 11:48:11 ERROR    Failure: http://localhost:8080/petclinic/pettypes -> JSHandle@object
2022-05-26 11:48:11 ERROR    Failure: http://localhost:8080/petclinic/pettypes -> OwnerService::addPetType failed: server returned code 400 with body "[object Object]"
2022-05-26 11:48:11 ERROR    Failure: http://localhost:8080/petclinic/pettypes -> status code(400) -> {"className":"java.lang.NullPointerException","exMessage":null}
2022-05-26 11:48:24 ERROR    Failure: http://localhost:8080/petclinic/specialties -> ERROR JSHandle@error
2022-05-26 11:48:24 ERROR    Failure: http://localhost:8080/petclinic/specialties -> ERROR JSHandle@error
2022-05-26 11:48:24 ERROR    Failure: http://localhost:8080/petclinic/specialties -> ERROR JSHandle@error
2022-05-26 11:48:25 ERROR    Failure: http://localhost:8080/petclinic/specialties -> ERROR JSHandle@error
2022-05-26 11:48:25 ERROR    Failure: http://localhost:8080/petclinic/specialties -> ERROR JSHandle@error
2022-05-26 11:48:25 ERROR    Failure: http://localhost:8080/petclinic/specialties -> ERROR JSHandle@error
2022-05-26 11:48:34 ERROR    Failure: http://localhost:8080/petclinic/vets/add -> Failed to load resource: the server responded with a status of 400 ()
2022-05-26 11:48:34 ERROR    Failure: http://localhost:8080/petclinic/vets/add -> JSHandle@object
2022-05-26 11:48:34 ERROR    Failure: http://localhost:8080/petclinic/vets/add -> OwnerService::addVet failed: server returned code 400 with body "[object Object]"
2022-05-26 11:48:34 ERROR    Failure: http://localhost:8080/petclinic/vets/add -> status code(400) -> {"className":"java.lang.NullPointerException","exMessage":null}
2022-05-26 11:48:34 ERROR    Failure: http://localhost:8080/petclinic/vets/add -> Failed to load resource: the server responded with a status of 400 ()
2022-05-26 11:48:34 ERROR    Failure: http://localhost:8080/petclinic/vets/add -> JSHandle@object
2022-05-26 11:48:34 ERROR    Failure: http://localhost:8080/petclinic/vets/add -> OwnerService::addVet failed: server returned code 400 with body "[object Object]"
2022-05-26 11:48:34 ERROR    Failure: http://localhost:8080/petclinic/vets/add -> status code(400) -> {"className":"java.lang.NullPointerException","exMessage":null}
2022-05-26 11:48:34 ERROR    Failure: http://localhost:8080/petclinic/vets/add -> Failed to load resource: the server responded with a status of 400 ()
2022-05-26 11:48:34 ERROR    Failure: http://localhost:8080/petclinic/vets/add -> JSHandle@object
2022-05-26 11:48:34 ERROR    Failure: http://localhost:8080/petclinic/vets/add -> OwnerService::addVet failed: server returned code 400 with body "[object Object]"
2022-05-26 11:48:34 ERROR    Failure: http://localhost:8080/petclinic/vets/add -> status code(400) -> {"className":"java.lang.NullPointerException","exMessage":null}
2022-05-26 11:48:35 ERROR    Failure: http://localhost:8080/petclinic/vets/add -> Failed to load resource: the server responded with a status of 400 ()
2022-05-26 11:48:35 ERROR    Failure: http://localhost:8080/petclinic/vets/add -> JSHandle@object
2022-05-26 11:48:35 ERROR    Failure: http://localhost:8080/petclinic/vets/add -> OwnerService::addVet failed: server returned code 400 with body "[object Object]"
2022-05-26 11:48:35 ERROR    Failure: http://localhost:8080/petclinic/vets/add -> status code(400) -> {"className":"java.lang.NullPointerException","exMessage":null}
2022-05-26 11:48:40 ERROR    Failure: http://localhost:8080/petclinic/pettypes -> Failed to load resource: the server responded with a status of 404 ()
2022-05-26 11:48:40 ERROR    Failure: http://localhost:8080/petclinic/pettypes -> JSHandle@object
2022-05-26 11:48:40 ERROR    Failure: http://localhost:8080/petclinic/pettypes -> OwnerService::getPetTypes failed: server returned code 404 with body "null"
2022-05-26 11:48:40 ERROR    Failure: http://localhost:8080/petclinic/pettypes -> status code(404) -> 
2022-05-26 11:48:43 ERROR    Failure: http://localhost:8080/petclinic/ -> Failed to load resource: the server responded with a status of 404 (Not Found)
2022-05-26 11:48:43 ERROR    Failure: http://localhost:8080/petclinic -> status code(404) -> <html>		<head><title>404 Not Found</title></head>		<body>		<center><h1>404 Not Found</h1></center>		<hr><center>nginx/1.17.6</center>		</body>		</html>		<!-- a padding to disable MSIE and Chrome friendly error page -->		<!-- a padding to disable MSIE and Chrome friendly error page -->		<!-- a padding to disable MSIE and Chrome friendly error page -->		<!-- a padding to disable MSIE and Chrome friendly error page -->		<!-- a padding to disable MSIE and Chrome friendly error page -->		<!-- a padding to disable MSIE and Chrome friendly error page -->		
2022-05-26 11:48:47 ERROR    Failure: http://localhost:8080/petclinic/vets/add -> Failed to load resource: the server responded with a status of 400 ()
2022-05-26 11:48:47 ERROR    Failure: http://localhost:8080/petclinic/vets/add -> JSHandle@object
2022-05-26 11:48:47 ERROR    Failure: http://localhost:8080/petclinic/vets/add -> OwnerService::addVet failed: server returned code 400 with body "[object Object]"
2022-05-26 11:48:47 ERROR    Failure: http://localhost:8080/petclinic/vets/add -> status code(400) -> {"className":"java.lang.NullPointerException","exMessage":null}
2022-05-26 11:48:47 ERROR    Failure: http://localhost:8080/petclinic/vets/add -> Failed to load resource: the server responded with a status of 400 ()
2022-05-26 11:48:47 ERROR    Failure: http://localhost:8080/petclinic/vets/add -> JSHandle@object
2022-05-26 11:48:47 ERROR    Failure: http://localhost:8080/petclinic/vets/add -> OwnerService::addVet failed: server returned code 400 with body "[object Object]"
2022-05-26 11:48:47 ERROR    Failure: http://localhost:8080/petclinic/vets/add -> status code(400) -> {"className":"java.lang.NullPointerException","exMessage":null}
2022-05-26 11:48:47 ERROR    Failure: http://localhost:8080/petclinic/vets/add -> Failed to load resource: the server responded with a status of 400 ()
2022-05-26 11:48:47 ERROR    Failure: http://localhost:8080/petclinic/vets/add -> JSHandle@object
2022-05-26 11:48:47 ERROR    Failure: http://localhost:8080/petclinic/vets/add -> OwnerService::addVet failed: server returned code 400 with body "[object Object]"
2022-05-26 11:48:47 ERROR    Failure: http://localhost:8080/petclinic/vets/add -> status code(400) -> {"className":"java.lang.NullPointerException","exMessage":null}
2022-05-26 11:48:47 ERROR    Failure: http://localhost:8080/petclinic/vets/add -> Failed to load resource: the server responded with a status of 400 ()
2022-05-26 11:48:47 ERROR    Failure: http://localhost:8080/petclinic/vets/add -> JSHandle@object
2022-05-26 11:48:47 ERROR    Failure: http://localhost:8080/petclinic/vets/add -> OwnerService::addVet failed: server returned code 400 with body "[object Object]"
2022-05-26 11:48:47 ERROR    Failure: http://localhost:8080/petclinic/vets/add -> status code(400) -> {"className":"java.lang.NullPointerException","exMessage":null}
2022-05-26 11:48:48 ERROR    Failure: http://localhost:8080/petclinic/vets/add -> Failed to load resource: the server responded with a status of 400 ()
2022-05-26 11:48:48 ERROR    Failure: http://localhost:8080/petclinic/vets/add -> JSHandle@object
2022-05-26 11:48:48 ERROR    Failure: http://localhost:8080/petclinic/vets/add -> OwnerService::addVet failed: server returned code 400 with body "[object Object]"
2022-05-26 11:48:48 ERROR    Failure: http://localhost:8080/petclinic/vets/add -> status code(400) -> {"className":"java.lang.NullPointerException","exMessage":null}
2022-05-26 11:48:53 ERROR    Failure: http://localhost:8080/petclinic/pettypes -> Failed to load resource: the server responded with a status of 404 ()
2022-05-26 11:48:53 ERROR    Failure: http://localhost:8080/petclinic/pettypes -> JSHandle@object
2022-05-26 11:48:53 ERROR    Failure: http://localhost:8080/petclinic/pettypes -> OwnerService::getPetTypes failed: server returned code 404 with body "null"
2022-05-26 11:48:53 ERROR    Failure: http://localhost:8080/petclinic/pettypes -> status code(404) -> 
2022-05-26 11:48:56 ERROR    Failure: http://localhost:8080/petclinic/ -> Failed to load resource: the server responded with a status of 404 (Not Found)
2022-05-26 11:48:56 ERROR    Failure: http://localhost:8080/petclinic -> status code(404) -> <html>		<head><title>404 Not Found</title></head>		<body>		<center><h1>404 Not Found</h1></center>		<hr><center>nginx/1.17.6</center>		</body>		</html>		<!-- a padding to disable MSIE and Chrome friendly error page -->		<!-- a padding to disable MSIE and Chrome friendly error page -->		<!-- a padding to disable MSIE and Chrome friendly error page -->		<!-- a padding to disable MSIE and Chrome friendly error page -->		<!-- a padding to disable MSIE and Chrome friendly error page -->		<!-- a padding to disable MSIE and Chrome friendly error page -->		
2022-05-26 11:48:59 ERROR    Failure: http://localhost:8080/petclinic/ -> Failed to load resource: the server responded with a status of 404 (Not Found)
2022-05-26 11:48:59 ERROR    Failure: http://localhost:8080/petclinic -> status code(404) -> <html>		<head><title>404 Not Found</title></head>		<body>		<center><h1>404 Not Found</h1></center>		<hr><center>nginx/1.17.6</center>		</body>		</html>		<!-- a padding to disable MSIE and Chrome friendly error page -->		<!-- a padding to disable MSIE and Chrome friendly error page -->		<!-- a padding to disable MSIE and Chrome friendly error page -->		<!-- a padding to disable MSIE and Chrome friendly error page -->		<!-- a padding to disable MSIE and Chrome friendly error page -->		<!-- a padding to disable MSIE and Chrome friendly error page -->		
2022-05-26 11:49:02 ERROR    Failure: http://localhost:8080/petclinic/specialties -> Failed to load resource: the server responded with a status of 400 ()
2022-05-26 11:49:02 ERROR    Failure: http://localhost:8080/petclinic/specialties -> JSHandle@object
2022-05-26 11:49:02 ERROR    Failure: http://localhost:8080/petclinic/specialties -> OwnerService::deleteSpecialty failed: server returned code 400 with body "[object Object]"
2022-05-26 11:49:02 ERROR    Failure: http://localhost:8080/petclinic/specialties -> status code(400) -> {"className":"org.springframework.dao.DataIntegrityViolationException","exMessage":"could not execute statement; SQL [n/a]; constraint [FK_VET_SPECIALTIES_SPECIALTIES]; nested exception is org.hibernate.exception.ConstraintViolationException: could not execute statement"}
2022-05-26 11:49:02 ERROR    Failure: http://localhost:8080/petclinic/specialties -> ERROR JSHandle@error
2022-05-26 11:49:02 ERROR    Failure: http://localhost:8080/petclinic/specialties -> ERROR JSHandle@error
2022-05-26 11:49:02 ERROR    Failure: http://localhost:8080/petclinic/specialties -> ERROR JSHandle@error
2022-05-26 11:49:02 ERROR    Failure: http://localhost:8080/petclinic/specialties -> ERROR JSHandle@error
2022-05-26 11:49:03 ERROR    Failure: http://localhost:8080/petclinic/specialties -> ERROR JSHandle@error
2022-05-26 11:49:09 ERROR    Failure: http://localhost:8080/petclinic/owners/9/pets/add -> Failed to load resource: the server responded with a status of 404 ()
2022-05-26 11:49:09 ERROR    Failure: http://localhost:8080/petclinic/owners/9/pets/add -> JSHandle@object
2022-05-26 11:49:09 ERROR    Failure: http://localhost:8080/petclinic/owners/9/pets/add -> OwnerService::getPetTypes failed: server returned code 404 with body "null"
2022-05-26 11:49:09 ERROR    Failure: http://localhost:8080/petclinic/owners/9/pets/add -> status code(404) -> 
2022-05-26 11:49:13 ERROR    Failure: http://localhost:8080/petclinic/vets/add -> Failed to load resource: the server responded with a status of 400 ()
2022-05-26 11:49:13 ERROR    Failure: http://localhost:8080/petclinic/vets/add -> JSHandle@object
2022-05-26 11:49:13 ERROR    Failure: http://localhost:8080/petclinic/vets/add -> OwnerService::addVet failed: server returned code 400 with body "[object Object]"
2022-05-26 11:49:13 ERROR    Failure: http://localhost:8080/petclinic/vets/add -> status code(400) -> {"className":"java.lang.NullPointerException","exMessage":null}
2022-05-26 11:49:13 ERROR    Failure: http://localhost:8080/petclinic/vets/add -> Failed to load resource: the server responded with a status of 400 ()
2022-05-26 11:49:13 ERROR    Failure: http://localhost:8080/petclinic/vets/add -> JSHandle@object
2022-05-26 11:49:13 ERROR    Failure: http://localhost:8080/petclinic/vets/add -> OwnerService::addVet failed: server returned code 400 with body "[object Object]"
2022-05-26 11:49:13 ERROR    Failure: http://localhost:8080/petclinic/vets/add -> status code(400) -> {"className":"java.lang.NullPointerException","exMessage":null}
2022-05-26 11:49:14 ERROR    Failure: http://localhost:8080/petclinic/vets/add -> Failed to load resource: the server responded with a status of 400 ()
2022-05-26 11:49:14 ERROR    Failure: http://localhost:8080/petclinic/vets/add -> JSHandle@object
2022-05-26 11:49:14 ERROR    Failure: http://localhost:8080/petclinic/vets/add -> OwnerService::addVet failed: server returned code 400 with body "[object Object]"
2022-05-26 11:49:14 ERROR    Failure: http://localhost:8080/petclinic/vets/add -> status code(400) -> {"className":"java.lang.NullPointerException","exMessage":null}
2022-05-26 11:49:14 ERROR    Failure: http://localhost:8080/petclinic/vets/add -> Failed to load resource: the server responded with a status of 400 ()
2022-05-26 11:49:14 ERROR    Failure: http://localhost:8080/petclinic/vets/add -> JSHandle@object
2022-05-26 11:49:14 ERROR    Failure: http://localhost:8080/petclinic/vets/add -> OwnerService::addVet failed: server returned code 400 with body "[object Object]"
2022-05-26 11:49:14 ERROR    Failure: http://localhost:8080/petclinic/vets/add -> status code(400) -> {"className":"java.lang.NullPointerException","exMessage":null}
2022-05-26 11:49:14 ERROR    Failure: http://localhost:8080/petclinic/vets/add -> Failed to load resource: the server responded with a status of 400 ()
2022-05-26 11:49:14 ERROR    Failure: http://localhost:8080/petclinic/vets/add -> JSHandle@object
2022-05-26 11:49:14 ERROR    Failure: http://localhost:8080/petclinic/vets/add -> OwnerService::addVet failed: must not be empty
2022-05-26 11:49:14 ERROR    Failure: http://localhost:8080/petclinic/vets/add -> status code(400) -> 
2022-05-26 11:49:14 ERROR    Failure: http://localhost:8080/petclinic/vets/add -> Failed to load resource: the server responded with a status of 400 ()
2022-05-26 11:49:14 ERROR    Failure: http://localhost:8080/petclinic/vets/add -> JSHandle@object
2022-05-26 11:49:14 ERROR    Failure: http://localhost:8080/petclinic/vets/add -> OwnerService::addVet failed: must not be empty
2022-05-26 11:49:14 ERROR    Failure: http://localhost:8080/petclinic/vets/add -> status code(400) -> 
2022-05-26 11:49:21 ERROR    Failure: http://localhost:8080/petclinic/ -> Failed to load resource: the server responded with a status of 404 (Not Found)
2022-05-26 11:49:21 ERROR    Failure: http://localhost:8080/petclinic -> status code(404) -> <html>		<head><title>404 Not Found</title></head>		<body>		<center><h1>404 Not Found</h1></center>		<hr><center>nginx/1.17.6</center>		</body>		</html>		<!-- a padding to disable MSIE and Chrome friendly error page -->		<!-- a padding to disable MSIE and Chrome friendly error page -->		<!-- a padding to disable MSIE and Chrome friendly error page -->		<!-- a padding to disable MSIE and Chrome friendly error page -->		<!-- a padding to disable MSIE and Chrome friendly error page -->		<!-- a padding to disable MSIE and Chrome friendly error page -->		
2022-05-26 11:49:24 ERROR    Failure: http://localhost:8080/petclinic/pettypes -> Failed to load resource: the server responded with a status of 404 ()
2022-05-26 11:49:24 ERROR    Failure: http://localhost:8080/petclinic/pettypes -> JSHandle@object
2022-05-26 11:49:24 ERROR    Failure: http://localhost:8080/petclinic/pettypes -> OwnerService::getPetTypes failed: server returned code 404 with body "null"
2022-05-26 11:49:24 ERROR    Failure: http://localhost:8080/petclinic/pettypes -> status code(404) -> 
2022-05-26 11:49:24 ERROR    Failure: http://localhost:8080/petclinic/pettypes -> Failed to load resource: the server responded with a status of 400 ()
2022-05-26 11:49:24 ERROR    Failure: http://localhost:8080/petclinic/pettypes -> JSHandle@object
2022-05-26 11:49:24 ERROR    Failure: http://localhost:8080/petclinic/pettypes -> OwnerService::addPetType failed: server returned code 400 with body "[object Object]"
2022-05-26 11:49:24 ERROR    Failure: http://localhost:8080/petclinic/pettypes -> status code(400) -> {"className":"java.lang.NullPointerException","exMessage":null}
2022-05-26 11:49:24 ERROR    Failure: http://localhost:8080/petclinic/pettypes -> Failed to load resource: the server responded with a status of 400 ()
2022-05-26 11:49:24 ERROR    Failure: http://localhost:8080/petclinic/pettypes -> JSHandle@object
2022-05-26 11:49:24 ERROR    Failure: http://localhost:8080/petclinic/pettypes -> OwnerService::addPetType failed: server returned code 400 with body "[object Object]"
2022-05-26 11:49:24 ERROR    Failure: http://localhost:8080/petclinic/pettypes -> status code(400) -> {"className":"java.lang.NullPointerException","exMessage":null}
2022-05-26 11:49:24 ERROR    Failure: http://localhost:8080/petclinic/pettypes -> Failed to load resource: the server responded with a status of 400 ()
2022-05-26 11:49:24 ERROR    Failure: http://localhost:8080/petclinic/pettypes -> JSHandle@object
2022-05-26 11:49:24 ERROR    Failure: http://localhost:8080/petclinic/pettypes -> OwnerService::addPetType failed: server returned code 400 with body "[object Object]"
2022-05-26 11:49:24 ERROR    Failure: http://localhost:8080/petclinic/pettypes -> status code(400) -> {"className":"java.lang.NullPointerException","exMessage":null}
2022-05-26 11:49:27 ERROR    Failure: http://localhost:8080/petclinic/ -> Failed to load resource: the server responded with a status of 404 (Not Found)
2022-05-26 11:49:27 ERROR    Failure: http://localhost:8080/petclinic -> status code(404) -> <html>		<head><title>404 Not Found</title></head>		<body>		<center><h1>404 Not Found</h1></center>		<hr><center>nginx/1.17.6</center>		</body>		</html>		<!-- a padding to disable MSIE and Chrome friendly error page -->		<!-- a padding to disable MSIE and Chrome friendly error page -->		<!-- a padding to disable MSIE and Chrome friendly error page -->		<!-- a padding to disable MSIE and Chrome friendly error page -->		<!-- a padding to disable MSIE and Chrome friendly error page -->		<!-- a padding to disable MSIE and Chrome friendly error page -->		
2022-05-26 11:49:34 ERROR    Failure: http://localhost:8080/petclinic/pettypes -> Failed to load resource: the server responded with a status of 404 ()
2022-05-26 11:49:34 ERROR    Failure: http://localhost:8080/petclinic/pettypes -> JSHandle@object
2022-05-26 11:49:34 ERROR    Failure: http://localhost:8080/petclinic/pettypes -> OwnerService::getPetTypes failed: server returned code 404 with body "null"
2022-05-26 11:49:34 ERROR    Failure: http://localhost:8080/petclinic/pettypes -> status code(404) -> 
2022-05-26 11:49:34 ERROR    Failure: http://localhost:8080/petclinic/pettypes -> Failed to load resource: the server responded with a status of 400 ()
2022-05-26 11:49:34 ERROR    Failure: http://localhost:8080/petclinic/pettypes -> JSHandle@object
2022-05-26 11:49:34 ERROR    Failure: http://localhost:8080/petclinic/pettypes -> OwnerService::addPetType failed: server returned code 400 with body "[object Object]"
2022-05-26 11:49:34 ERROR    Failure: http://localhost:8080/petclinic/pettypes -> status code(400) -> {"className":"java.lang.NullPointerException","exMessage":null}
2022-05-26 11:49:34 ERROR    Failure: http://localhost:8080/petclinic/pettypes -> Failed to load resource: the server responded with a status of 400 ()
2022-05-26 11:49:34 ERROR    Failure: http://localhost:8080/petclinic/pettypes -> JSHandle@object
2022-05-26 11:49:34 ERROR    Failure: http://localhost:8080/petclinic/pettypes -> OwnerService::addPetType failed: server returned code 400 with body "[object Object]"
2022-05-26 11:49:34 ERROR    Failure: http://localhost:8080/petclinic/pettypes -> status code(400) -> {"className":"java.lang.NullPointerException","exMessage":null}
2022-05-26 11:49:44 ERROR    Failure: http://localhost:8080/petclinic/vets/add -> Failed to load resource: the server responded with a status of 400 ()
2022-05-26 11:49:44 ERROR    Failure: http://localhost:8080/petclinic/vets/add -> JSHandle@object
2022-05-26 11:49:44 ERROR    Failure: http://localhost:8080/petclinic/vets/add -> OwnerService::addVet failed: server returned code 400 with body "[object Object]"
2022-05-26 11:49:44 ERROR    Failure: http://localhost:8080/petclinic/vets/add -> status code(400) -> {"className":"java.lang.NullPointerException","exMessage":null}
2022-05-26 11:49:44 ERROR    Failure: http://localhost:8080/petclinic/vets/add -> Failed to load resource: the server responded with a status of 400 ()
2022-05-26 11:49:44 ERROR    Failure: http://localhost:8080/petclinic/vets/add -> JSHandle@object
2022-05-26 11:49:44 ERROR    Failure: http://localhost:8080/petclinic/vets/add -> OwnerService::addVet failed: server returned code 400 with body "[object Object]"
2022-05-26 11:49:44 ERROR    Failure: http://localhost:8080/petclinic/vets/add -> status code(400) -> {"className":"java.lang.NullPointerException","exMessage":null}
2022-05-26 11:49:44 ERROR    Failure: http://localhost:8080/petclinic/vets/add -> Failed to load resource: the server responded with a status of 400 ()
2022-05-26 11:49:44 ERROR    Failure: http://localhost:8080/petclinic/vets/add -> JSHandle@object
2022-05-26 11:49:44 ERROR    Failure: http://localhost:8080/petclinic/vets/add -> OwnerService::addVet failed: server returned code 400 with body "[object Object]"
2022-05-26 11:49:44 ERROR    Failure: http://localhost:8080/petclinic/vets/add -> status code(400) -> {"className":"java.lang.NullPointerException","exMessage":null}
2022-05-26 11:49:45 ERROR    Failure: http://localhost:8080/petclinic/vets/add -> Failed to load resource: the server responded with a status of 400 ()
2022-05-26 11:49:45 ERROR    Failure: http://localhost:8080/petclinic/vets/add -> JSHandle@object
2022-05-26 11:49:45 ERROR    Failure: http://localhost:8080/petclinic/vets/add -> OwnerService::addVet failed: server returned code 400 with body "[object Object]"
2022-05-26 11:49:45 ERROR    Failure: http://localhost:8080/petclinic/vets/add -> status code(400) -> {"className":"java.lang.NullPointerException","exMessage":null}
2022-05-26 11:49:45 ERROR    Failure: http://localhost:8080/petclinic/vets/add -> Failed to load resource: the server responded with a status of 400 ()
2022-05-26 11:49:45 ERROR    Failure: http://localhost:8080/petclinic/vets/add -> JSHandle@object
2022-05-26 11:49:45 ERROR    Failure: http://localhost:8080/petclinic/vets/add -> OwnerService::addVet failed: server returned code 400 with body "[object Object]"
2022-05-26 11:49:45 ERROR    Failure: http://localhost:8080/petclinic/vets/add -> status code(400) -> {"className":"java.lang.NullPointerException","exMessage":null}
2022-05-26 11:49:45 ERROR    Failure: http://localhost:8080/petclinic/vets/add -> Failed to load resource: the server responded with a status of 400 ()
2022-05-26 11:49:45 ERROR    Failure: http://localhost:8080/petclinic/vets/add -> JSHandle@object
2022-05-26 11:49:45 ERROR    Failure: http://localhost:8080/petclinic/vets/add -> OwnerService::addVet failed: server returned code 400 with body "[object Object]"
2022-05-26 11:49:45 ERROR    Failure: http://localhost:8080/petclinic/vets/add -> status code(400) -> {"className":"java.lang.NullPointerException","exMessage":null}
2022-05-26 11:49:49 ERROR    Failure: http://localhost:8080/petclinic/ -> Failed to load resource: the server responded with a status of 404 (Not Found)
2022-05-26 11:49:49 ERROR    Failure: http://localhost:8080/petclinic -> status code(404) -> <html>		<head><title>404 Not Found</title></head>		<body>		<center><h1>404 Not Found</h1></center>		<hr><center>nginx/1.17.6</center>		</body>		</html>		<!-- a padding to disable MSIE and Chrome friendly error page -->		<!-- a padding to disable MSIE and Chrome friendly error page -->		<!-- a padding to disable MSIE and Chrome friendly error page -->		<!-- a padding to disable MSIE and Chrome friendly error page -->		<!-- a padding to disable MSIE and Chrome friendly error page -->		<!-- a padding to disable MSIE and Chrome friendly error page -->		
2022-05-26 11:49:52 ERROR    Failure: http://localhost:8080/petclinic/specialties -> ERROR JSHandle@error
2022-05-26 11:49:52 ERROR    Failure: http://localhost:8080/petclinic/specialties -> ERROR JSHandle@error
2022-05-26 11:49:52 ERROR    Failure: http://localhost:8080/petclinic/specialties -> ERROR JSHandle@error
2022-05-26 11:49:52 ERROR    Failure: http://localhost:8080/petclinic/specialties -> ERROR JSHandle@error
2022-05-26 11:49:52 ERROR    Failure: http://localhost:8080/petclinic/specialties -> ERROR JSHandle@error
2022-05-26 11:49:53 ERROR    Failure: http://localhost:8080/petclinic/specialties -> ERROR JSHandle@error
2022-05-26 11:50:02 ERROR    Failure: http://localhost:8080/petclinic/specialties -> ERROR JSHandle@error
2022-05-26 11:50:03 ERROR    Failure: http://localhost:8080/petclinic/specialties -> ERROR JSHandle@error
2022-05-26 11:50:03 ERROR    Failure: http://localhost:8080/petclinic/specialties -> ERROR JSHandle@error
2022-05-26 11:50:03 ERROR    Failure: http://localhost:8080/petclinic/specialties -> ERROR JSHandle@error
2022-05-26 11:50:03 ERROR    Failure: http://localhost:8080/petclinic/specialties -> ERROR JSHandle@error
2022-05-26 11:50:03 ERROR    Failure: http://localhost:8080/petclinic/specialties -> ERROR JSHandle@error
2022-05-26 11:50:08 ERROR    Failure: http://localhost:8080/petclinic/vets/add -> Failed to load resource: the server responded with a status of 400 ()
2022-05-26 11:50:08 ERROR    Failure: http://localhost:8080/petclinic/vets/add -> JSHandle@object
2022-05-26 11:50:08 ERROR    Failure: http://localhost:8080/petclinic/vets/add -> OwnerService::addVet failed: server returned code 400 with body "[object Object]"
2022-05-26 11:50:08 ERROR    Failure: http://localhost:8080/petclinic/vets/add -> status code(400) -> {"className":"java.lang.NullPointerException","exMessage":null}
2022-05-26 11:50:08 ERROR    Failure: http://localhost:8080/petclinic/vets/add -> Failed to load resource: the server responded with a status of 400 ()
2022-05-26 11:50:08 ERROR    Failure: http://localhost:8080/petclinic/vets/add -> JSHandle@object
2022-05-26 11:50:08 ERROR    Failure: http://localhost:8080/petclinic/vets/add -> OwnerService::addVet failed: server returned code 400 with body "[object Object]"
2022-05-26 11:50:08 ERROR    Failure: http://localhost:8080/petclinic/vets/add -> status code(400) -> {"className":"java.lang.NullPointerException","exMessage":null}
2022-05-26 11:50:08 ERROR    Failure: http://localhost:8080/petclinic/vets/add -> Failed to load resource: the server responded with a status of 400 ()
2022-05-26 11:50:08 ERROR    Failure: http://localhost:8080/petclinic/vets/add -> JSHandle@object
2022-05-26 11:50:08 ERROR    Failure: http://localhost:8080/petclinic/vets/add -> OwnerService::addVet failed: server returned code 400 with body "[object Object]"
2022-05-26 11:50:08 ERROR    Failure: http://localhost:8080/petclinic/vets/add -> status code(400) -> {"className":"java.lang.NullPointerException","exMessage":null}
2022-05-26 11:50:08 ERROR    Failure: http://localhost:8080/petclinic/vets/add -> Failed to load resource: the server responded with a status of 400 ()
2022-05-26 11:50:08 ERROR    Failure: http://localhost:8080/petclinic/vets/add -> JSHandle@object
2022-05-26 11:50:08 ERROR    Failure: http://localhost:8080/petclinic/vets/add -> OwnerService::addVet failed: server returned code 400 with body "[object Object]"
2022-05-26 11:50:08 ERROR    Failure: http://localhost:8080/petclinic/vets/add -> status code(400) -> {"className":"java.lang.NullPointerException","exMessage":null}
2022-05-26 11:50:08 ERROR    Failure: http://localhost:8080/petclinic/vets/add -> Failed to load resource: the server responded with a status of 400 ()
2022-05-26 11:50:08 ERROR    Failure: http://localhost:8080/petclinic/vets/add -> JSHandle@object
2022-05-26 11:50:08 ERROR    Failure: http://localhost:8080/petclinic/vets/add -> OwnerService::addVet failed: server returned code 400 with body "[object Object]"
2022-05-26 11:50:08 ERROR    Failure: http://localhost:8080/petclinic/vets/add -> status code(400) -> {"className":"java.lang.NullPointerException","exMessage":null}
2022-05-26 11:50:09 ERROR    Failure: http://localhost:8080/petclinic/vets/add -> Failed to load resource: the server responded with a status of 400 ()
2022-05-26 11:50:09 ERROR    Failure: http://localhost:8080/petclinic/vets/add -> JSHandle@object
2022-05-26 11:50:09 ERROR    Failure: http://localhost:8080/petclinic/vets/add -> OwnerService::addVet failed: server returned code 400 with body "[object Object]"
2022-05-26 11:50:09 ERROR    Failure: http://localhost:8080/petclinic/vets/add -> status code(400) -> {"className":"java.lang.NullPointerException","exMessage":null}
2022-05-26 11:50:11 ERROR    Failure: http://localhost:8080/petclinic/ -> Failed to load resource: the server responded with a status of 404 (Not Found)
2022-05-26 11:50:11 ERROR    Failure: http://localhost:8080/petclinic -> status code(404) -> <html>		<head><title>404 Not Found</title></head>		<body>		<center><h1>404 Not Found</h1></center>		<hr><center>nginx/1.17.6</center>		</body>		</html>		<!-- a padding to disable MSIE and Chrome friendly error page -->		<!-- a padding to disable MSIE and Chrome friendly error page -->		<!-- a padding to disable MSIE and Chrome friendly error page -->		<!-- a padding to disable MSIE and Chrome friendly error page -->		<!-- a padding to disable MSIE and Chrome friendly error page -->		<!-- a padding to disable MSIE and Chrome friendly error page -->		
2022-05-26 11:50:26 ERROR    Failure: http://localhost:8080/petclinic/owners/5/pets/add -> Failed to load resource: the server responded with a status of 404 ()
2022-05-26 11:50:26 ERROR    Failure: http://localhost:8080/petclinic/owners/5/pets/add -> JSHandle@object
2022-05-26 11:50:26 ERROR    Failure: http://localhost:8080/petclinic/owners/5/pets/add -> OwnerService::getPetTypes failed: server returned code 404 with body "null"
2022-05-26 11:50:26 ERROR    Failure: http://localhost:8080/petclinic/owners/5/pets/add -> status code(404) -> 
2022-05-26 11:50:29 ERROR    Failure: http://localhost:8080/petclinic/pettypes -> Failed to load resource: the server responded with a status of 404 ()
2022-05-26 11:50:29 ERROR    Failure: http://localhost:8080/petclinic/pettypes -> JSHandle@object
2022-05-26 11:50:29 ERROR    Failure: http://localhost:8080/petclinic/pettypes -> OwnerService::getPetTypes failed: server returned code 404 with body "null"
2022-05-26 11:50:29 ERROR    Failure: http://localhost:8080/petclinic/pettypes -> status code(404) -> 
2022-05-26 11:50:30 ERROR    Failure: http://localhost:8080/petclinic/pettypes -> Failed to load resource: the server responded with a status of 400 ()
2022-05-26 11:50:30 ERROR    Failure: http://localhost:8080/petclinic/pettypes -> JSHandle@object
2022-05-26 11:50:30 ERROR    Failure: http://localhost:8080/petclinic/pettypes -> OwnerService::addPetType failed: server returned code 400 with body "[object Object]"
2022-05-26 11:50:30 ERROR    Failure: http://localhost:8080/petclinic/pettypes -> status code(400) -> {"className":"java.lang.NullPointerException","exMessage":null}
2022-05-26 11:50:30 ERROR    Failure: http://localhost:8080/petclinic/pettypes -> Failed to load resource: the server responded with a status of 400 ()
2022-05-26 11:50:30 ERROR    Failure: http://localhost:8080/petclinic/pettypes -> JSHandle@object
2022-05-26 11:50:30 ERROR    Failure: http://localhost:8080/petclinic/pettypes -> OwnerService::addPetType failed: server returned code 400 with body "[object Object]"
2022-05-26 11:50:30 ERROR    Failure: http://localhost:8080/petclinic/pettypes -> status code(400) -> {"className":"java.lang.NullPointerException","exMessage":null}
2022-05-26 11:50:34 ERROR    Failure: http://localhost:8080/petclinic/ -> Failed to load resource: the server responded with a status of 404 (Not Found)
2022-05-26 11:50:34 ERROR    Failure: http://localhost:8080/petclinic -> status code(404) -> <html>		<head><title>404 Not Found</title></head>		<body>		<center><h1>404 Not Found</h1></center>		<hr><center>nginx/1.17.6</center>		</body>		</html>		<!-- a padding to disable MSIE and Chrome friendly error page -->		<!-- a padding to disable MSIE and Chrome friendly error page -->		<!-- a padding to disable MSIE and Chrome friendly error page -->		<!-- a padding to disable MSIE and Chrome friendly error page -->		<!-- a padding to disable MSIE and Chrome friendly error page -->		<!-- a padding to disable MSIE and Chrome friendly error page -->		
2022-05-26 11:50:45 ERROR    Failure: http://localhost:8080/petclinic/vets/add -> Failed to load resource: the server responded with a status of 400 ()
2022-05-26 11:50:45 ERROR    Failure: http://localhost:8080/petclinic/vets/add -> JSHandle@object
2022-05-26 11:50:45 ERROR    Failure: http://localhost:8080/petclinic/vets/add -> OwnerService::addVet failed: server returned code 400 with body "[object Object]"
2022-05-26 11:50:45 ERROR    Failure: http://localhost:8080/petclinic/vets/add -> status code(400) -> {"className":"java.lang.NullPointerException","exMessage":null}
2022-05-26 11:50:45 ERROR    Failure: http://localhost:8080/petclinic/vets/add -> Failed to load resource: the server responded with a status of 400 ()
2022-05-26 11:50:45 ERROR    Failure: http://localhost:8080/petclinic/vets/add -> JSHandle@object
2022-05-26 11:50:45 ERROR    Failure: http://localhost:8080/petclinic/vets/add -> OwnerService::addVet failed: server returned code 400 with body "[object Object]"
2022-05-26 11:50:45 ERROR    Failure: http://localhost:8080/petclinic/vets/add -> status code(400) -> {"className":"java.lang.NullPointerException","exMessage":null}
2022-05-26 11:50:46 ERROR    Failure: http://localhost:8080/petclinic/vets/add -> Failed to load resource: the server responded with a status of 400 ()
2022-05-26 11:50:46 ERROR    Failure: http://localhost:8080/petclinic/vets/add -> JSHandle@object
2022-05-26 11:50:46 ERROR    Failure: http://localhost:8080/petclinic/vets/add -> OwnerService::addVet failed: server returned code 400 with body "[object Object]"
2022-05-26 11:50:46 ERROR    Failure: http://localhost:8080/petclinic/vets/add -> status code(400) -> {"className":"java.lang.NullPointerException","exMessage":null}
2022-05-26 11:50:46 ERROR    Failure: http://localhost:8080/petclinic/vets/add -> Failed to load resource: the server responded with a status of 400 ()
2022-05-26 11:50:46 ERROR    Failure: http://localhost:8080/petclinic/vets/add -> JSHandle@object
2022-05-26 11:50:46 ERROR    Failure: http://localhost:8080/petclinic/vets/add -> OwnerService::addVet failed: server returned code 400 with body "[object Object]"
2022-05-26 11:50:46 ERROR    Failure: http://localhost:8080/petclinic/vets/add -> status code(400) -> {"className":"java.lang.NullPointerException","exMessage":null}
2022-05-26 11:50:46 ERROR    Failure: http://localhost:8080/petclinic/vets/add -> Failed to load resource: the server responded with a status of 400 ()
2022-05-26 11:50:46 ERROR    Failure: http://localhost:8080/petclinic/vets/add -> JSHandle@object
2022-05-26 11:50:46 ERROR    Failure: http://localhost:8080/petclinic/vets/add -> OwnerService::addVet failed: server returned code 400 with body "[object Object]"
2022-05-26 11:50:46 ERROR    Failure: http://localhost:8080/petclinic/vets/add -> status code(400) -> {"className":"org.springframework.dao.DataIntegrityViolationException","exMessage":"could not execute statement; SQL [n/a]; nested exception is org.hibernate.exception.DataException: could not execute statement"}
2022-05-26 11:51:06 ERROR    Failure: http://localhost:8080/petclinic/vets/add -> Failed to load resource: the server responded with a status of 400 ()
2022-05-26 11:51:06 ERROR    Failure: http://localhost:8080/petclinic/vets/add -> JSHandle@object
2022-05-26 11:51:06 ERROR    Failure: http://localhost:8080/petclinic/vets/add -> OwnerService::addVet failed: server returned code 400 with body "[object Object]"
2022-05-26 11:51:06 ERROR    Failure: http://localhost:8080/petclinic/vets/add -> status code(400) -> {"className":"java.lang.NullPointerException","exMessage":null}
2022-05-26 11:51:07 ERROR    Failure: http://localhost:8080/petclinic/vets/add -> Failed to load resource: the server responded with a status of 400 ()
2022-05-26 11:51:07 ERROR    Failure: http://localhost:8080/petclinic/vets/add -> JSHandle@object
2022-05-26 11:51:07 ERROR    Failure: http://localhost:8080/petclinic/vets/add -> OwnerService::addVet failed: server returned code 400 with body "[object Object]"
2022-05-26 11:51:07 ERROR    Failure: http://localhost:8080/petclinic/vets/add -> status code(400) -> {"className":"java.lang.NullPointerException","exMessage":null}
2022-05-26 11:51:07 ERROR    Failure: http://localhost:8080/petclinic/vets/add -> Failed to load resource: the server responded with a status of 400 ()
2022-05-26 11:51:07 ERROR    Failure: http://localhost:8080/petclinic/vets/add -> JSHandle@object
2022-05-26 11:51:07 ERROR    Failure: http://localhost:8080/petclinic/vets/add -> OwnerService::addVet failed: server returned code 400 with body "[object Object]"
2022-05-26 11:51:07 ERROR    Failure: http://localhost:8080/petclinic/vets/add -> status code(400) -> {"className":"java.lang.NullPointerException","exMessage":null}
2022-05-26 11:51:07 ERROR    Failure: http://localhost:8080/petclinic/vets/add -> Failed to load resource: the server responded with a status of 400 ()
2022-05-26 11:51:07 ERROR    Failure: http://localhost:8080/petclinic/vets/add -> JSHandle@object
2022-05-26 11:51:07 ERROR    Failure: http://localhost:8080/petclinic/vets/add -> OwnerService::addVet failed: server returned code 400 with body "[object Object]"
2022-05-26 11:51:07 ERROR    Failure: http://localhost:8080/petclinic/vets/add -> status code(400) -> {"className":"java.lang.NullPointerException","exMessage":null}
2022-05-26 11:51:07 ERROR    Failure: http://localhost:8080/petclinic/vets/add -> Failed to load resource: the server responded with a status of 400 ()
2022-05-26 11:51:07 ERROR    Failure: http://localhost:8080/petclinic/vets/add -> JSHandle@object
2022-05-26 11:51:07 ERROR    Failure: http://localhost:8080/petclinic/vets/add -> OwnerService::addVet failed: must not be empty
2022-05-26 11:51:07 ERROR    Failure: http://localhost:8080/petclinic/vets/add -> status code(400) -> 
2022-05-26 11:51:14 ERROR    Failure: http://localhost:8080/petclinic/ -> Failed to load resource: the server responded with a status of 404 (Not Found)
2022-05-26 11:51:14 ERROR    Failure: http://localhost:8080/petclinic -> status code(404) -> <html>		<head><title>404 Not Found</title></head>		<body>		<center><h1>404 Not Found</h1></center>		<hr><center>nginx/1.17.6</center>		</body>		</html>		<!-- a padding to disable MSIE and Chrome friendly error page -->		<!-- a padding to disable MSIE and Chrome friendly error page -->		<!-- a padding to disable MSIE and Chrome friendly error page -->		<!-- a padding to disable MSIE and Chrome friendly error page -->		<!-- a padding to disable MSIE and Chrome friendly error page -->		<!-- a padding to disable MSIE and Chrome friendly error page -->		
2022-05-26 11:51:24 ERROR    Failure: http://localhost:8080/petclinic/vets/add -> Failed to load resource: the server responded with a status of 400 ()
2022-05-26 11:51:24 ERROR    Failure: http://localhost:8080/petclinic/vets/add -> JSHandle@object
2022-05-26 11:51:24 ERROR    Failure: http://localhost:8080/petclinic/vets/add -> OwnerService::addVet failed: server returned code 400 with body "[object Object]"
2022-05-26 11:51:24 ERROR    Failure: http://localhost:8080/petclinic/vets/add -> status code(400) -> {"className":"java.lang.NullPointerException","exMessage":null}
2022-05-26 11:51:24 ERROR    Failure: http://localhost:8080/petclinic/vets/add -> Failed to load resource: the server responded with a status of 400 ()
2022-05-26 11:51:24 ERROR    Failure: http://localhost:8080/petclinic/vets/add -> JSHandle@object
2022-05-26 11:51:24 ERROR    Failure: http://localhost:8080/petclinic/vets/add -> OwnerService::addVet failed: server returned code 400 with body "[object Object]"
2022-05-26 11:51:24 ERROR    Failure: http://localhost:8080/petclinic/vets/add -> status code(400) -> {"className":"java.lang.NullPointerException","exMessage":null}
2022-05-26 11:51:24 ERROR    Failure: http://localhost:8080/petclinic/vets/add -> Failed to load resource: the server responded with a status of 400 ()
2022-05-26 11:51:24 ERROR    Failure: http://localhost:8080/petclinic/vets/add -> JSHandle@object
2022-05-26 11:51:24 ERROR    Failure: http://localhost:8080/petclinic/vets/add -> OwnerService::addVet failed: server returned code 400 with body "[object Object]"
2022-05-26 11:51:24 ERROR    Failure: http://localhost:8080/petclinic/vets/add -> status code(400) -> {"className":"java.lang.NullPointerException","exMessage":null}
2022-05-26 11:51:25 ERROR    Failure: http://localhost:8080/petclinic/vets/add -> Failed to load resource: the server responded with a status of 400 ()
2022-05-26 11:51:25 ERROR    Failure: http://localhost:8080/petclinic/vets/add -> JSHandle@object
2022-05-26 11:51:25 ERROR    Failure: http://localhost:8080/petclinic/vets/add -> OwnerService::addVet failed: server returned code 400 with body "[object Object]"
2022-05-26 11:51:25 ERROR    Failure: http://localhost:8080/petclinic/vets/add -> status code(400) -> {"className":"java.lang.NullPointerException","exMessage":null}
2022-05-26 11:51:25 ERROR    Failure: http://localhost:8080/petclinic/vets/add -> Failed to load resource: the server responded with a status of 400 ()
2022-05-26 11:51:25 ERROR    Failure: http://localhost:8080/petclinic/vets/add -> JSHandle@object
2022-05-26 11:51:25 ERROR    Failure: http://localhost:8080/petclinic/vets/add -> OwnerService::addVet failed: server returned code 400 with body "[object Object]"
2022-05-26 11:51:25 ERROR    Failure: http://localhost:8080/petclinic/vets/add -> status code(400) -> {"className":"java.lang.NullPointerException","exMessage":null}
2022-05-26 11:51:25 ERROR    Failure: http://localhost:8080/petclinic/vets/add -> Failed to load resource: the server responded with a status of 400 ()
2022-05-26 11:51:25 ERROR    Failure: http://localhost:8080/petclinic/vets/add -> JSHandle@object
2022-05-26 11:51:25 ERROR    Failure: http://localhost:8080/petclinic/vets/add -> OwnerService::addVet failed: must not be empty
2022-05-26 11:51:25 ERROR    Failure: http://localhost:8080/petclinic/vets/add -> status code(400) -> 
2022-05-26 11:51:28 ERROR    Failure: http://localhost:8080/petclinic/pettypes -> Failed to load resource: the server responded with a status of 404 ()
2022-05-26 11:51:28 ERROR    Failure: http://localhost:8080/petclinic/pettypes -> JSHandle@object
2022-05-26 11:51:28 ERROR    Failure: http://localhost:8080/petclinic/pettypes -> OwnerService::getPetTypes failed: server returned code 404 with body "null"
2022-05-26 11:51:28 ERROR    Failure: http://localhost:8080/petclinic/pettypes -> status code(404) -> 
2022-05-26 11:51:31 ERROR    Failure: http://localhost:8080/petclinic/ -> Failed to load resource: the server responded with a status of 404 (Not Found)
2022-05-26 11:51:31 ERROR    Failure: http://localhost:8080/petclinic -> status code(404) -> <html>		<head><title>404 Not Found</title></head>		<body>		<center><h1>404 Not Found</h1></center>		<hr><center>nginx/1.17.6</center>		</body>		</html>		<!-- a padding to disable MSIE and Chrome friendly error page -->		<!-- a padding to disable MSIE and Chrome friendly error page -->		<!-- a padding to disable MSIE and Chrome friendly error page -->		<!-- a padding to disable MSIE and Chrome friendly error page -->		<!-- a padding to disable MSIE and Chrome friendly error page -->		<!-- a padding to disable MSIE and Chrome friendly error page -->		
2022-05-26 11:51:40 ERROR    Failure: http://localhost:8080/petclinic/ -> Failed to load resource: the server responded with a status of 404 (Not Found)
2022-05-26 11:51:40 ERROR    Failure: http://localhost:8080/petclinic -> status code(404) -> <html>		<head><title>404 Not Found</title></head>		<body>		<center><h1>404 Not Found</h1></center>		<hr><center>nginx/1.17.6</center>		</body>		</html>		<!-- a padding to disable MSIE and Chrome friendly error page -->		<!-- a padding to disable MSIE and Chrome friendly error page -->		<!-- a padding to disable MSIE and Chrome friendly error page -->		<!-- a padding to disable MSIE and Chrome friendly error page -->		<!-- a padding to disable MSIE and Chrome friendly error page -->		<!-- a padding to disable MSIE and Chrome friendly error page -->		
2022-05-26 11:51:44 ERROR    Failure: http://localhost:8080/petclinic/owners/5/pets/add -> Failed to load resource: the server responded with a status of 404 ()
2022-05-26 11:51:44 ERROR    Failure: http://localhost:8080/petclinic/owners/5/pets/add -> JSHandle@object
2022-05-26 11:51:44 ERROR    Failure: http://localhost:8080/petclinic/owners/5/pets/add -> OwnerService::getPetTypes failed: server returned code 404 with body "null"
2022-05-26 11:51:44 ERROR    Failure: http://localhost:8080/petclinic/owners/5/pets/add -> status code(404) -> 
2022-05-26 11:51:48 ERROR    Failure: http://localhost:8080/petclinic/ -> Failed to load resource: the server responded with a status of 404 (Not Found)
2022-05-26 11:51:48 ERROR    Failure: http://localhost:8080/petclinic -> status code(404) -> <html>		<head><title>404 Not Found</title></head>		<body>		<center><h1>404 Not Found</h1></center>		<hr><center>nginx/1.17.6</center>		</body>		</html>		<!-- a padding to disable MSIE and Chrome friendly error page -->		<!-- a padding to disable MSIE and Chrome friendly error page -->		<!-- a padding to disable MSIE and Chrome friendly error page -->		<!-- a padding to disable MSIE and Chrome friendly error page -->		<!-- a padding to disable MSIE and Chrome friendly error page -->		<!-- a padding to disable MSIE and Chrome friendly error page -->		
2022-05-26 11:51:51 ERROR    Failure: http://localhost:8080/petclinic/pettypes -> Failed to load resource: the server responded with a status of 404 ()
2022-05-26 11:51:51 ERROR    Failure: http://localhost:8080/petclinic/pettypes -> JSHandle@object
2022-05-26 11:51:51 ERROR    Failure: http://localhost:8080/petclinic/pettypes -> OwnerService::getPetTypes failed: server returned code 404 with body "null"
2022-05-26 11:51:51 ERROR    Failure: http://localhost:8080/petclinic/pettypes -> status code(404) -> 
2022-05-26 11:51:52 ERROR    Failure: http://localhost:8080/petclinic/pettypes -> Failed to load resource: the server responded with a status of 400 ()
2022-05-26 11:51:52 ERROR    Failure: http://localhost:8080/petclinic/pettypes -> JSHandle@object
2022-05-26 11:51:52 ERROR    Failure: http://localhost:8080/petclinic/pettypes -> OwnerService::addPetType failed: server returned code 400 with body "[object Object]"
2022-05-26 11:51:52 ERROR    Failure: http://localhost:8080/petclinic/pettypes -> status code(400) -> {"className":"java.lang.NullPointerException","exMessage":null}
2022-05-26 11:51:52 ERROR    Failure: http://localhost:8080/petclinic/pettypes -> Failed to load resource: the server responded with a status of 400 ()
2022-05-26 11:51:52 ERROR    Failure: http://localhost:8080/petclinic/pettypes -> JSHandle@object
2022-05-26 11:51:52 ERROR    Failure: http://localhost:8080/petclinic/pettypes -> OwnerService::addPetType failed: server returned code 400 with body "[object Object]"
2022-05-26 11:51:52 ERROR    Failure: http://localhost:8080/petclinic/pettypes -> status code(400) -> {"className":"java.lang.NullPointerException","exMessage":null}
2022-05-26 11:51:52 ERROR    Failure: http://localhost:8080/petclinic/pettypes -> Failed to load resource: the server responded with a status of 400 ()
2022-05-26 11:51:52 ERROR    Failure: http://localhost:8080/petclinic/pettypes -> JSHandle@object
2022-05-26 11:51:52 ERROR    Failure: http://localhost:8080/petclinic/pettypes -> OwnerService::addPetType failed: server returned code 400 with body "[object Object]"
2022-05-26 11:51:52 ERROR    Failure: http://localhost:8080/petclinic/pettypes -> status code(400) -> {"className":"java.lang.NullPointerException","exMessage":null}
2022-05-26 11:51:56 ERROR    Failure: http://localhost:8080/petclinic/ -> Failed to load resource: the server responded with a status of 404 (Not Found)
2022-05-26 11:51:56 ERROR    Failure: http://localhost:8080/petclinic -> status code(404) -> <html>		<head><title>404 Not Found</title></head>		<body>		<center><h1>404 Not Found</h1></center>		<hr><center>nginx/1.17.6</center>		</body>		</html>		<!-- a padding to disable MSIE and Chrome friendly error page -->		<!-- a padding to disable MSIE and Chrome friendly error page -->		<!-- a padding to disable MSIE and Chrome friendly error page -->		<!-- a padding to disable MSIE and Chrome friendly error page -->		<!-- a padding to disable MSIE and Chrome friendly error page -->		<!-- a padding to disable MSIE and Chrome friendly error page -->		
2022-05-26 11:52:01 ERROR    Failure: http://localhost:8080/petclinic/vets/1/edit -> Failed to load resource: the server responded with a status of 400 ()
2022-05-26 11:52:01 ERROR    Failure: http://localhost:8080/petclinic/vets/1/edit -> JSHandle@object
2022-05-26 11:52:01 ERROR    Failure: http://localhost:8080/petclinic/vets/1/edit -> OwnerService::updateVet failed: server returned code 400 with body "[object Object]"
2022-05-26 11:52:01 ERROR    Failure: http://localhost:8080/petclinic/vets/1/edit -> status code(400) -> {"className":"org.springframework.dao.DataIntegrityViolationException","exMessage":"could not execute statement; SQL [n/a]; nested exception is org.hibernate.exception.DataException: could not execute statement"}
2022-05-26 11:52:08 ERROR    Failure: http://localhost:8080/petclinic/owners/9/pets/add -> Failed to load resource: the server responded with a status of 404 ()
2022-05-26 11:52:08 ERROR    Failure: http://localhost:8080/petclinic/owners/9/pets/add -> JSHandle@object
2022-05-26 11:52:08 ERROR    Failure: http://localhost:8080/petclinic/owners/9/pets/add -> OwnerService::getPetTypes failed: server returned code 404 with body "null"
2022-05-26 11:52:08 ERROR    Failure: http://localhost:8080/petclinic/owners/9/pets/add -> status code(404) -> 
2022-05-26 11:52:21 ERROR    Failure: http://localhost:8080/petclinic/vets/add -> Failed to load resource: the server responded with a status of 400 ()
2022-05-26 11:52:21 ERROR    Failure: http://localhost:8080/petclinic/vets/add -> JSHandle@object
2022-05-26 11:52:21 ERROR    Failure: http://localhost:8080/petclinic/vets/add -> OwnerService::addVet failed: server returned code 400 with body "[object Object]"
2022-05-26 11:52:21 ERROR    Failure: http://localhost:8080/petclinic/vets/add -> status code(400) -> {"className":"java.lang.NullPointerException","exMessage":null}
2022-05-26 11:52:22 ERROR    Failure: http://localhost:8080/petclinic/vets/add -> Failed to load resource: the server responded with a status of 400 ()
2022-05-26 11:52:22 ERROR    Failure: http://localhost:8080/petclinic/vets/add -> JSHandle@object
2022-05-26 11:52:22 ERROR    Failure: http://localhost:8080/petclinic/vets/add -> OwnerService::addVet failed: server returned code 400 with body "[object Object]"
2022-05-26 11:52:22 ERROR    Failure: http://localhost:8080/petclinic/vets/add -> status code(400) -> {"className":"java.lang.NullPointerException","exMessage":null}
2022-05-26 11:52:22 ERROR    Failure: http://localhost:8080/petclinic/vets/add -> Failed to load resource: the server responded with a status of 400 ()
2022-05-26 11:52:22 ERROR    Failure: http://localhost:8080/petclinic/vets/add -> JSHandle@object
2022-05-26 11:52:22 ERROR    Failure: http://localhost:8080/petclinic/vets/add -> OwnerService::addVet failed: server returned code 400 with body "[object Object]"
2022-05-26 11:52:22 ERROR    Failure: http://localhost:8080/petclinic/vets/add -> status code(400) -> {"className":"java.lang.NullPointerException","exMessage":null}
2022-05-26 11:52:22 ERROR    Failure: http://localhost:8080/petclinic/vets/add -> Failed to load resource: the server responded with a status of 400 ()
2022-05-26 11:52:22 ERROR    Failure: http://localhost:8080/petclinic/vets/add -> JSHandle@object
2022-05-26 11:52:22 ERROR    Failure: http://localhost:8080/petclinic/vets/add -> OwnerService::addVet failed: server returned code 400 with body "[object Object]"
2022-05-26 11:52:22 ERROR    Failure: http://localhost:8080/petclinic/vets/add -> status code(400) -> {"className":"java.lang.NullPointerException","exMessage":null}
2022-05-26 11:52:34 ERROR    Failure: http://localhost:8080/petclinic/vets/add -> Failed to load resource: the server responded with a status of 400 ()
2022-05-26 11:52:34 ERROR    Failure: http://localhost:8080/petclinic/vets/add -> JSHandle@object
2022-05-26 11:52:34 ERROR    Failure: http://localhost:8080/petclinic/vets/add -> OwnerService::addVet failed: server returned code 400 with body "[object Object]"
2022-05-26 11:52:34 ERROR    Failure: http://localhost:8080/petclinic/vets/add -> status code(400) -> {"className":"java.lang.NullPointerException","exMessage":null}
2022-05-26 11:52:35 ERROR    Failure: http://localhost:8080/petclinic/vets/add -> Failed to load resource: the server responded with a status of 400 ()
2022-05-26 11:52:35 ERROR    Failure: http://localhost:8080/petclinic/vets/add -> JSHandle@object
2022-05-26 11:52:35 ERROR    Failure: http://localhost:8080/petclinic/vets/add -> OwnerService::addVet failed: server returned code 400 with body "[object Object]"
2022-05-26 11:52:35 ERROR    Failure: http://localhost:8080/petclinic/vets/add -> status code(400) -> {"className":"java.lang.NullPointerException","exMessage":null}
2022-05-26 11:52:35 ERROR    Failure: http://localhost:8080/petclinic/vets/add -> Failed to load resource: the server responded with a status of 400 ()
2022-05-26 11:52:35 ERROR    Failure: http://localhost:8080/petclinic/vets/add -> JSHandle@object
2022-05-26 11:52:35 ERROR    Failure: http://localhost:8080/petclinic/vets/add -> OwnerService::addVet failed: server returned code 400 with body "[object Object]"
2022-05-26 11:52:35 ERROR    Failure: http://localhost:8080/petclinic/vets/add -> status code(400) -> {"className":"java.lang.NullPointerException","exMessage":null}
2022-05-26 11:52:35 ERROR    Failure: http://localhost:8080/petclinic/vets/add -> Failed to load resource: the server responded with a status of 400 ()
2022-05-26 11:52:35 ERROR    Failure: http://localhost:8080/petclinic/vets/add -> JSHandle@object
2022-05-26 11:52:35 ERROR    Failure: http://localhost:8080/petclinic/vets/add -> OwnerService::addVet failed: server returned code 400 with body "[object Object]"
2022-05-26 11:52:35 ERROR    Failure: http://localhost:8080/petclinic/vets/add -> status code(400) -> {"className":"java.lang.NullPointerException","exMessage":null}
2022-05-26 11:52:36 ERROR    Failure: http://localhost:8080/petclinic/vets/add -> Failed to load resource: the server responded with a status of 400 ()
2022-05-26 11:52:36 ERROR    Failure: http://localhost:8080/petclinic/vets/add -> JSHandle@object
2022-05-26 11:52:36 ERROR    Failure: http://localhost:8080/petclinic/vets/add -> OwnerService::addVet failed: server returned code 400 with body "[object Object]"
2022-05-26 11:52:36 ERROR    Failure: http://localhost:8080/petclinic/vets/add -> status code(400) -> {"className":"java.lang.NullPointerException","exMessage":null}
2022-05-26 11:52:40 ERROR    Failure: http://localhost:8080/petclinic/ -> Failed to load resource: the server responded with a status of 404 (Not Found)
2022-05-26 11:52:40 ERROR    Failure: http://localhost:8080/petclinic -> status code(404) -> <html>		<head><title>404 Not Found</title></head>		<body>		<center><h1>404 Not Found</h1></center>		<hr><center>nginx/1.17.6</center>		</body>		</html>		<!-- a padding to disable MSIE and Chrome friendly error page -->		<!-- a padding to disable MSIE and Chrome friendly error page -->		<!-- a padding to disable MSIE and Chrome friendly error page -->		<!-- a padding to disable MSIE and Chrome friendly error page -->		<!-- a padding to disable MSIE and Chrome friendly error page -->		<!-- a padding to disable MSIE and Chrome friendly error page -->		
2022-05-26 11:52:59 ERROR    Failure: http://localhost:8080/petclinic/vets/add -> Failed to load resource: the server responded with a status of 400 ()
2022-05-26 11:52:59 ERROR    Failure: http://localhost:8080/petclinic/vets/add -> JSHandle@object
2022-05-26 11:53:00 ERROR    Failure: http://localhost:8080/petclinic/vets/add -> OwnerService::addVet failed: server returned code 400 with body "[object Object]"
2022-05-26 11:53:00 ERROR    Failure: http://localhost:8080/petclinic/vets/add -> status code(400) -> {"className":"java.lang.NullPointerException","exMessage":null}
2022-05-26 11:53:00 ERROR    Failure: http://localhost:8080/petclinic/vets/add -> Failed to load resource: the server responded with a status of 400 ()
2022-05-26 11:53:00 ERROR    Failure: http://localhost:8080/petclinic/vets/add -> JSHandle@object
2022-05-26 11:53:00 ERROR    Failure: http://localhost:8080/petclinic/vets/add -> OwnerService::addVet failed: server returned code 400 with body "[object Object]"
2022-05-26 11:53:00 ERROR    Failure: http://localhost:8080/petclinic/vets/add -> status code(400) -> {"className":"java.lang.NullPointerException","exMessage":null}
2022-05-26 11:53:00 ERROR    Failure: http://localhost:8080/petclinic/vets/add -> Failed to load resource: the server responded with a status of 400 ()
2022-05-26 11:53:00 ERROR    Failure: http://localhost:8080/petclinic/vets/add -> JSHandle@object
2022-05-26 11:53:00 ERROR    Failure: http://localhost:8080/petclinic/vets/add -> OwnerService::addVet failed: server returned code 400 with body "[object Object]"
2022-05-26 11:53:00 ERROR    Failure: http://localhost:8080/petclinic/vets/add -> status code(400) -> {"className":"java.lang.NullPointerException","exMessage":null}
2022-05-26 11:53:00 ERROR    Failure: http://localhost:8080/petclinic/vets/add -> Failed to load resource: the server responded with a status of 400 ()
2022-05-26 11:53:00 ERROR    Failure: http://localhost:8080/petclinic/vets/add -> JSHandle@object
2022-05-26 11:53:00 ERROR    Failure: http://localhost:8080/petclinic/vets/add -> OwnerService::addVet failed: server returned code 400 with body "[object Object]"
2022-05-26 11:53:00 ERROR    Failure: http://localhost:8080/petclinic/vets/add -> status code(400) -> {"className":"java.lang.NullPointerException","exMessage":null}
2022-05-26 11:53:01 ERROR    Failure: http://localhost:8080/petclinic/vets/add -> Failed to load resource: the server responded with a status of 400 ()
2022-05-26 11:53:01 ERROR    Failure: http://localhost:8080/petclinic/vets/add -> JSHandle@object
2022-05-26 11:53:01 ERROR    Failure: http://localhost:8080/petclinic/vets/add -> OwnerService::addVet failed: must not be empty
2022-05-26 11:53:01 ERROR    Failure: http://localhost:8080/petclinic/vets/add -> status code(400) -> 
2022-05-26 11:53:51 ERROR    Failure: http://localhost:8080/petclinic/ -> Failed to load resource: the server responded with a status of 404 (Not Found)
2022-05-26 11:53:52 ERROR    Failure: http://localhost:8080/petclinic -> status code(404) -> <html>		<head><title>404 Not Found</title></head>		<body>		<center><h1>404 Not Found</h1></center>		<hr><center>nginx/1.17.6</center>		</body>		</html>		<!-- a padding to disable MSIE and Chrome friendly error page -->		<!-- a padding to disable MSIE and Chrome friendly error page -->		<!-- a padding to disable MSIE and Chrome friendly error page -->		<!-- a padding to disable MSIE and Chrome friendly error page -->		<!-- a padding to disable MSIE and Chrome friendly error page -->		<!-- a padding to disable MSIE and Chrome friendly error page -->		
2022-05-26 12:04:44 WARNING  Finished
2022-05-26 12:10:57 WARNING  (Failure Count, Coverage Percentage) : (88, 46.05975454423589)
2022-05-26 12:11:43 ERROR    http://localhost:8080/petclinic/vets/add -> Failed to load resource: the server responded with a status of 400 ()
2022-05-26 12:12:24 ERROR    http://localhost:8080/petclinic/vets/add -> JSHandle@object
2022-05-26 12:12:24 ERROR    http://localhost:8080/petclinic/vets/add -> OwnerService::addVet failed: server returned code 400 with body "[object Object]"
2022-05-26 12:12:24 ERROR    http://localhost:8080/petclinic/vets/add -> status code(400) -> {"className":"java.lang.NullPointerException","exMessage":null}
2022-05-26 12:12:24 ERROR    http://localhost:8080/petclinic/ -> Failed to load resource: the server responded with a status of 404 (Not Found)
2022-05-26 12:12:24 ERROR    http://localhost:8080/petclinic -> status code(404) -> <html>		<head><title>404 Not Found</title></head>		<body>		<center><h1>404 Not Found</h1></center>		<hr><center>nginx/1.17.6</center>		</body>		</html>		<!-- a padding to disable MSIE and Chrome friendly error page -->		<!-- a padding to disable MSIE and Chrome friendly error page -->		<!-- a padding to disable MSIE and Chrome friendly error page -->		<!-- a padding to disable MSIE and Chrome friendly error page -->		<!-- a padding to disable MSIE and Chrome friendly error page -->		<!-- a padding to disable MSIE and Chrome friendly error page -->		
2022-05-26 12:12:24 ERROR    http://localhost:8080/petclinic/specialties/2/edit -> Failed to load resource: the server responded with a status of 400 ()
2022-05-26 12:12:24 ERROR    http://localhost:8080/petclinic/specialties/2/edit -> JSHandle@object
2022-05-26 12:12:24 ERROR    http://localhost:8080/petclinic/specialties/2/edit -> OwnerService::updateSpecialty failed: must not be empty
2022-05-26 12:12:24 ERROR    http://localhost:8080/petclinic/specialties/2/edit -> status code(400) -> 
2022-05-26 12:12:24 ERROR    http://localhost:8080/petclinic/specialties -> Failed to load resource: the server responded with a status of 400 ()
2022-05-26 12:12:24 ERROR    http://localhost:8080/petclinic/specialties -> JSHandle@object
2022-05-26 12:12:24 ERROR    http://localhost:8080/petclinic/specialties -> OwnerService::deleteSpecialty failed: server returned code 400 with body "[object Object]"
2022-05-26 12:12:24 ERROR    http://localhost:8080/petclinic/specialties -> status code(400) -> {"className":"org.springframework.dao.DataIntegrityViolationException","exMessage":"could not execute statement; SQL [n/a]; constraint [FK_VET_SPECIALTIES_SPECIALTIES]; nested exception is org.hibernate.exception.ConstraintViolationException: could not execute statement"}
2022-05-26 12:12:24 ERROR    http://localhost:8080/petclinic/vets/add -> status code(400) -> {"className":"org.springframework.dao.DataIntegrityViolationException","exMessage":"could not execute statement; SQL [n/a]; nested exception is org.hibernate.exception.DataException: could not execute statement"}
~2022-05-26 12:12:24 ERROR    http://localhost:8080/petclinic/specialties/1/edit -> Failed to load resource: the server responded with a status of 400 ()
~2022-05-26 12:12:24 ERROR    http://localhost:8080/petclinic/specialties/1/edit -> JSHandle@object
~2022-05-26 12:12:24 ERROR    http://localhost:8080/petclinic/specialties/1/edit -> OwnerService::updateSpecialty failed: must not be empty
~2022-05-26 12:12:24 ERROR    http://localhost:8080/petclinic/specialties/1/edit -> status code(400) -> 
2022-05-26 12:12:24 ERROR    http://localhost:8080/petclinic/vets/add -> OwnerService::addVet failed: must not be empty
2022-05-26 12:12:24 ERROR    http://localhost:8080/petclinic/vets/add -> status code(400) -> 
2022-05-26 12:12:24 ERROR    http://localhost:8080/petclinic/pets/10/visits/add -> Failed to load resource: the server responded with a status of 400 ()
2022-05-26 12:12:24 ERROR    http://localhost:8080/petclinic/pets/10/visits/add -> JSHandle@object
2022-05-26 12:12:24 ERROR    http://localhost:8080/petclinic/pets/10/visits/add -> OwnerService::getOwnerById failed: server returned code 400 with body "[object Object]"
2022-05-26 12:12:24 ERROR    http://localhost:8080/petclinic/pets/10/visits/add -> ERROR server returned code 400 with body "[object Object]"
2022-05-26 12:12:24 ERROR    http://localhost:8080/petclinic/pets/10/visits/add -> status code(400) -> {"className":"org.springframework.web.method.annotation.MethodArgumentTypeMismatchException","exMessage":"Failed to convert value of type 'java.lang.String' to required type 'int'; nested exception is java.lang.NumberFormatException: For input string: \"undefined\""}
~2022-05-26 12:12:24 ERROR    http://localhost:8080/petclinic/specialties/3/edit -> Failed to load resource: the server responded with a status of 400 ()
~2022-05-26 12:12:24 ERROR    http://localhost:8080/petclinic/specialties/3/edit -> JSHandle@object
~2022-05-26 12:12:24 ERROR    http://localhost:8080/petclinic/specialties/3/edit -> OwnerService::updateSpecialty failed: must not be empty
~2022-05-26 12:12:24 ERROR    http://localhost:8080/petclinic/specialties/3/edit -> status code(400) -> 
2022-05-26 12:12:24 ERROR    http://localhost:8080/petclinic/pettypes -> Failed to load resource: the server responded with a status of 400 ()
2022-05-26 12:12:24 ERROR    http://localhost:8080/petclinic/pettypes -> JSHandle@object
2022-05-26 12:12:24 ERROR    http://localhost:8080/petclinic/pettypes -> OwnerService::addPetType failed: server returned code 400 with body "[object Object]"
2022-05-26 12:12:24 ERROR    http://localhost:8080/petclinic/pettypes -> status code(400) -> {"className":"java.lang.NullPointerException","exMessage":null}
2022-05-26 12:12:24 ERROR    http://localhost:8080/petclinic/pettypes/7/edit -> Failed to load resource: the server responded with a status of 400 ()
2022-05-26 12:12:24 ERROR    http://localhost:8080/petclinic/pettypes/7/edit -> JSHandle@object
2022-05-26 12:12:24 ERROR    http://localhost:8080/petclinic/pettypes/7/edit -> OwnerService::updatePetType failed: must not be empty
2022-05-26 12:12:24 ERROR    http://localhost:8080/petclinic/pettypes/7/edit -> status code(400) -> 
2022-05-26 12:12:24 ERROR    http://localhost:8080/petclinic/specialties -> ERROR JSHandle@error
~2022-05-26 12:12:24 ERROR    http://localhost:8080/petclinic/pettypes/9/edit -> Failed to load resource: the server responded with a status of 400 ()
~2022-05-26 12:12:24 ERROR    http://localhost:8080/petclinic/pettypes/9/edit -> JSHandle@object
~2022-05-26 12:12:24 ERROR    http://localhost:8080/petclinic/pettypes/9/edit -> OwnerService::updatePetType failed: must not be empty
~2022-05-26 12:12:24 ERROR    http://localhost:8080/petclinic/pettypes/9/edit -> status code(400) -> 
~2022-05-26 12:12:24 ERROR    http://localhost:8080/petclinic/pets/1/visits/add -> Failed to load resource: the server responded with a status of 400 ()
~2022-05-26 12:12:24 ERROR    http://localhost:8080/petclinic/pets/1/visits/add -> JSHandle@object
~2022-05-26 12:12:24 ERROR    http://localhost:8080/petclinic/pets/1/visits/add -> OwnerService::getOwnerById failed: server returned code 400 with body "[object Object]"
~2022-05-26 12:12:24 ERROR    http://localhost:8080/petclinic/pets/1/visits/add -> ERROR server returned code 400 with body "[object Object]"
~2022-05-26 12:12:24 ERROR    http://localhost:8080/petclinic/pets/1/visits/add -> status code(400) -> {"className":"org.springframework.web.method.annotation.MethodArgumentTypeMismatchException","exMessage":"Failed to convert value of type 'java.lang.String' to required type 'int'; nested exception is java.lang.NumberFormatException: For input string: \"undefined\""}
2022-05-26 12:12:24 ERROR    http://localhost:8080/petclinic/pets/1/visits/add -> Failed to load resource: the server responded with a status of 403 ()
2022-05-26 12:12:30 ERROR    http://localhost:8080/petclinic/pets/1/visits/add -> Access to XMLHttpRequest at 'http://localhost:9966/petclinic/api/owners/undefined/pets/1/visits' from origin 'http://localhost:8080' has been blocked by CORS policy: Response to preflight request doesn't pass access control check: No 'Access-Control-Allow-Origin' header is present on the requested resource.
2022-05-26 12:13:01 ERROR    http://localhost:8080/petclinic/pets/1/visits/add -> OwnerService::addVisit failed: server returned code 0 with body "[object ProgressEvent]"
2022-05-26 12:13:53 ERROR    http://localhost:8080/petclinic/pets/1/visits/add -> status code(403) -> Invalid CORS request
~2022-05-26 12:15:09 ERROR    http://localhost:8080/petclinic/pettypes/2/edit -> Failed to load resource: the server responded with a status of 400 ()
~2022-05-26 12:15:55 ERROR    http://localhost:8080/petclinic/pettypes/2/edit -> JSHandle@object
~2022-05-26 12:16:54 ERROR    http://localhost:8080/petclinic/pettypes/2/edit -> OwnerService::updatePetType failed: must not be empty
~2022-05-26 12:17:50 ERROR    http://localhost:8080/petclinic/pettypes/2/edit -> status code(400) -> 
2022-05-26 12:19:13 ERROR    http://localhost:8080/petclinic/owners/5/pets/add -> Failed to load resource: the server responded with a status of 403 ()
2022-05-26 12:19:53 ERROR    http://localhost:8080/petclinic/owners/5/pets/add -> Access to XMLHttpRequest at 'http://localhost:9966/petclinic/api/owners/5/pets' from origin 'http://localhost:8080' has been blocked by CORS policy: Response to preflight request doesn't pass access control check: No 'Access-Control-Allow-Origin' header is present on the requested resource.
2022-05-26 12:20:05 ERROR    http://localhost:8080/petclinic/owners/5/pets/add -> JSHandle@object
2022-05-26 12:20:36 ERROR    http://localhost:8080/petclinic/owners/5/pets/add -> OwnerService::addPet failed: server returned code 0 with body "[object ProgressEvent]"
2022-05-26 12:20:55 ERROR    http://localhost:8080/petclinic/owners/5/pets/add -> status code(403) -> Invalid CORS request
~2022-05-26 12:21:32 ERROR    http://localhost:8080/petclinic/pettypes/5/edit -> Failed to load resource: the server responded with a status of 400 ()
~2022-05-26 12:21:51 ERROR    http://localhost:8080/petclinic/pettypes/5/edit -> JSHandle@object
~2022-05-26 12:22:11 ERROR    http://localhost:8080/petclinic/pettypes/5/edit -> OwnerService::updatePetType failed: must not be empty
~2022-05-26 12:22:32 ERROR    http://localhost:8080/petclinic/pettypes/5/edit -> status code(400) -> 
2022-05-26 12:22:57 ERROR    http://localhost:8080/petclinic/pets/9/edit -> Failed to load resource: the server responded with a status of 400 ()
2022-05-26 12:23:06 ERROR    http://localhost:8080/petclinic/pets/9/edit -> JSHandle@object
2022-05-26 12:23:06 ERROR    http://localhost:8080/petclinic/pets/9/edit -> OwnerService::getOwnerById failed: server returned code 400 with body "[object Object]"
2022-05-26 12:23:06 ERROR    http://localhost:8080/petclinic/pets/9/edit -> ERROR server returned code 400 with body "[object Object]"
2022-05-26 12:23:06 ERROR    http://localhost:8080/petclinic/pets/9/edit -> status code(400) -> {"className":"org.springframework.web.method.annotation.MethodArgumentTypeMismatchException","exMessage":"Failed to convert value of type 'java.lang.String' to required type 'int'; nested exception is java.lang.NumberFormatException: For input string: \"undefined\""}
2022-05-26 12:23:06 ERROR    http://localhost:8080/petclinic/pettypes -> Failed to load resource: the server responded with a status of 404 ()
2022-05-26 12:23:06 ERROR    http://localhost:8080/petclinic/pettypes -> OwnerService::getPetTypes failed: server returned code 404 with body "null"
2022-05-26 12:23:06 ERROR    http://localhost:8080/petclinic/pettypes -> status code(404) -> 
~2022-05-26 12:23:06 ERROR    http://localhost:8080/petclinic/pettypes/12/edit -> Failed to load resource: the server responded with a status of 400 ()
~2022-05-26 12:23:06 ERROR    http://localhost:8080/petclinic/pettypes/12/edit -> JSHandle@object
~2022-05-26 12:23:06 ERROR    http://localhost:8080/petclinic/pettypes/12/edit -> OwnerService::updatePetType failed: must not be empty
~2022-05-26 12:23:06 ERROR    http://localhost:8080/petclinic/pettypes/12/edit -> status code(400) -> 
~2022-05-26 12:23:06 ERROR    http://localhost:8080/petclinic/owners/9/pets/add -> Failed to load resource: the server responded with a status of 404 ()
~2022-05-26 12:23:06 ERROR    http://localhost:8080/petclinic/owners/9/pets/add -> JSHandle@object
2022-05-26 12:23:06 ERROR    http://localhost:8080/petclinic/owners/9/pets/add -> OwnerService::getPetTypes failed: server returned code 404 with body "null"
~2022-05-26 12:23:06 ERROR    http://localhost:8080/petclinic/owners/9/pets/add -> status code(404) -> 
~2022-05-26 12:23:06 ERROR    http://localhost:8080/petclinic/owners/5/pets/add -> Failed to load resource: the server responded with a status of 404 ()
~2022-05-26 12:23:06 ERROR    http://localhost:8080/petclinic/owners/5/pets/add -> OwnerService::getPetTypes failed: server returned code 404 with body "null"
~2022-05-26 12:23:06 ERROR    http://localhost:8080/petclinic/owners/5/pets/add -> status code(404) -> 
2022-05-26 12:23:06 ERROR    http://localhost:8080/petclinic/vets/1/edit -> Failed to load resource: the server responded with a status of 400 ()
2022-05-26 12:23:06 ERROR    http://localhost:8080/petclinic/vets/1/edit -> JSHandle@object
2022-05-26 12:23:06 ERROR    http://localhost:8080/petclinic/vets/1/edit -> OwnerService::updateVet failed: server returned code 400 with body "[object Object]"
2022-05-26 12:23:06 ERROR    http://localhost:8080/petclinic/vets/1/edit -> status code(400) -> {"className":"org.springframework.dao.DataIntegrityViolationException","exMessage":"could not execute statement; SQL [n/a]; nested exception is org.hibernate.exception.DataException: could not execute statement"}
~2022-05-26 12:26:05 ERROR    Future exception was never retrieved
future: <Future finished exception=NetworkError('Protocol error Target.sendMessageToTarget: Target closed.')>
pyppeteer.errors.NetworkError: Protocol error Target.sendMessageToTarget: Target closed.
