2022-05-25 18:55:07 WARNING  Starting
2022-05-25 18:55:21 ERROR    Failure: http://localhost:8080/petclinic/vets/add -> Failed to load resource: the server responded with a status of 400 ()
2022-05-25 18:55:21 ERROR    Failure: http://localhost:8080/petclinic/vets/add -> JSHandle@object
2022-05-25 18:55:21 ERROR    Failure: http://localhost:8080/petclinic/vets/add -> OwnerService::addVet failed: server returned code 400 with body "[object Object]"
2022-05-25 18:55:21 ERROR    Failure: http://localhost:8080/petclinic/vets/add -> Failed to load resource: the server responded with a status of 400 ()
2022-05-25 18:55:21 ERROR    Failure: http://localhost:8080/petclinic/vets/add -> JSHandle@object
2022-05-25 18:55:21 ERROR    Failure: http://localhost:8080/petclinic/vets/add -> OwnerService::addVet failed: server returned code 400 with body "[object Object]"
2022-05-25 18:55:21 ERROR    Failure: http://localhost:8080/petclinic/vets/add -> status code(400) -> {"className":"java.lang.NullPointerException","exMessage":null}
2022-05-25 18:55:21 ERROR    Failure: http://localhost:8080/petclinic/vets/add -> status code(400) -> {"className":"java.lang.NullPointerException","exMessage":null}
2022-05-25 18:55:21 ERROR    Failure: http://localhost:8080/petclinic/vets/add -> Failed to load resource: the server responded with a status of 400 ()
2022-05-25 18:55:21 ERROR    Failure: http://localhost:8080/petclinic/vets/add -> JSHandle@object
2022-05-25 18:55:21 ERROR    Failure: http://localhost:8080/petclinic/vets/add -> OwnerService::addVet failed: server returned code 400 with body "[object Object]"
2022-05-25 18:55:21 ERROR    Failure: http://localhost:8080/petclinic/vets/add -> status code(400) -> {"className":"java.lang.NullPointerException","exMessage":null}
2022-05-25 18:55:21 ERROR    Failure: http://localhost:8080/petclinic/vets/add -> Failed to load resource: the server responded with a status of 400 ()
2022-05-25 18:55:21 ERROR    Failure: http://localhost:8080/petclinic/vets/add -> JSHandle@object
2022-05-25 18:55:21 ERROR    Failure: http://localhost:8080/petclinic/vets/add -> OwnerService::addVet failed: server returned code 400 with body "[object Object]"
2022-05-25 18:55:21 ERROR    Failure: http://localhost:8080/petclinic/vets/add -> status code(400) -> {"className":"java.lang.NullPointerException","exMessage":null}
2022-05-25 18:55:21 ERROR    Failure: http://localhost:8080/petclinic/vets/add -> Failed to load resource: the server responded with a status of 400 ()
2022-05-25 18:55:21 ERROR    Failure: http://localhost:8080/petclinic/vets/add -> JSHandle@object
2022-05-25 18:55:21 ERROR    Failure: http://localhost:8080/petclinic/vets/add -> OwnerService::addVet failed: server returned code 400 with body "[object Object]"
2022-05-25 18:55:21 ERROR    Failure: http://localhost:8080/petclinic/vets/add -> status code(400) -> {"className":"java.lang.NullPointerException","exMessage":null}
2022-05-25 18:55:22 ERROR    Failure: http://localhost:8080/petclinic/vets/add -> Failed to load resource: the server responded with a status of 400 ()
2022-05-25 18:55:22 ERROR    Failure: http://localhost:8080/petclinic/vets/add -> JSHandle@object
2022-05-25 18:55:22 ERROR    Failure: http://localhost:8080/petclinic/vets/add -> OwnerService::addVet failed: server returned code 400 with body "[object Object]"
2022-05-25 18:55:22 ERROR    Failure: http://localhost:8080/petclinic/vets/add -> status code(400) -> {"className":"java.lang.NullPointerException","exMessage":null}
2022-05-25 18:55:24 ERROR    Failure: http://localhost:8080/petclinic/specialties -> Failed to load resource: the server responded with a status of 400 ()
2022-05-25 18:55:24 ERROR    Failure: http://localhost:8080/petclinic/specialties -> JSHandle@object
2022-05-25 18:55:24 ERROR    Failure: http://localhost:8080/petclinic/specialties -> OwnerService::deleteSpecialty failed: server returned code 400 with body "[object Object]"
2022-05-25 18:55:24 ERROR    Failure: http://localhost:8080/petclinic/specialties -> status code(400) -> {"className":"org.springframework.dao.DataIntegrityViolationException","exMessage":"could not execute statement; SQL [n/a]; constraint [FK_VET_SPECIALTIES_SPECIALTIES]; nested exception is org.hibernate.exception.ConstraintViolationException: could not execute statement"}
2022-05-25 18:55:28 ERROR    Failure: http://localhost:8080/petclinic/vets/add -> Failed to load resource: the server responded with a status of 400 ()
2022-05-25 18:55:28 ERROR    Failure: http://localhost:8080/petclinic/vets/add -> JSHandle@object
2022-05-25 18:55:28 ERROR    Failure: http://localhost:8080/petclinic/vets/add -> OwnerService::addVet failed: server returned code 400 with body "[object Object]"
2022-05-25 18:55:28 ERROR    Failure: http://localhost:8080/petclinic/vets/add -> status code(400) -> {"className":"java.lang.NullPointerException","exMessage":null}
2022-05-25 18:55:28 ERROR    Failure: http://localhost:8080/petclinic/vets/add -> Failed to load resource: the server responded with a status of 400 ()
2022-05-25 18:55:28 ERROR    Failure: http://localhost:8080/petclinic/vets/add -> JSHandle@object
2022-05-25 18:55:28 ERROR    Failure: http://localhost:8080/petclinic/vets/add -> OwnerService::addVet failed: server returned code 400 with body "[object Object]"
2022-05-25 18:55:28 ERROR    Failure: http://localhost:8080/petclinic/vets/add -> status code(400) -> {"className":"java.lang.NullPointerException","exMessage":null}
2022-05-25 18:55:28 ERROR    Failure: http://localhost:8080/petclinic/vets/add -> Failed to load resource: the server responded with a status of 400 ()
2022-05-25 18:55:28 ERROR    Failure: http://localhost:8080/petclinic/vets/add -> JSHandle@object
2022-05-25 18:55:28 ERROR    Failure: http://localhost:8080/petclinic/vets/add -> OwnerService::addVet failed: server returned code 400 with body "[object Object]"
2022-05-25 18:55:28 ERROR    Failure: http://localhost:8080/petclinic/vets/add -> status code(400) -> {"className":"java.lang.NullPointerException","exMessage":null}
2022-05-25 18:55:29 ERROR    Failure: http://localhost:8080/petclinic/vets/add -> Failed to load resource: the server responded with a status of 400 ()
2022-05-25 18:55:29 ERROR    Failure: http://localhost:8080/petclinic/vets/add -> JSHandle@object
2022-05-25 18:55:29 ERROR    Failure: http://localhost:8080/petclinic/vets/add -> OwnerService::addVet failed: server returned code 400 with body "[object Object]"
2022-05-25 18:55:29 ERROR    Failure: http://localhost:8080/petclinic/vets/add -> status code(400) -> {"className":"java.lang.NullPointerException","exMessage":null}
2022-05-25 18:55:29 ERROR    Failure: http://localhost:8080/petclinic/vets/add -> Failed to load resource: the server responded with a status of 400 ()
2022-05-25 18:55:29 ERROR    Failure: http://localhost:8080/petclinic/vets/add -> JSHandle@object
2022-05-25 18:55:29 ERROR    Failure: http://localhost:8080/petclinic/vets/add -> OwnerService::addVet failed: server returned code 400 with body "[object Object]"
2022-05-25 18:55:29 ERROR    Failure: http://localhost:8080/petclinic/vets/add -> status code(400) -> {"className":"java.lang.NullPointerException","exMessage":null}
2022-05-25 18:55:29 ERROR    Failure: http://localhost:8080/petclinic/vets/add -> Failed to load resource: the server responded with a status of 400 ()
2022-05-25 18:55:29 ERROR    Failure: http://localhost:8080/petclinic/vets/add -> JSHandle@object
2022-05-25 18:55:29 ERROR    Failure: http://localhost:8080/petclinic/vets/add -> OwnerService::addVet failed: must not be empty
2022-05-25 18:55:29 ERROR    Failure: http://localhost:8080/petclinic/vets/add -> status code(400) -> 
2022-05-25 18:55:33 ERROR    Failure: http://localhost:8080/petclinic/vets/add -> Failed to load resource: the server responded with a status of 400 ()
2022-05-25 18:55:33 ERROR    Failure: http://localhost:8080/petclinic/vets/add -> JSHandle@object
2022-05-25 18:55:33 ERROR    Failure: http://localhost:8080/petclinic/vets/add -> OwnerService::addVet failed: server returned code 400 with body "[object Object]"
2022-05-25 18:55:33 ERROR    Failure: http://localhost:8080/petclinic/vets/add -> status code(400) -> {"className":"java.lang.NullPointerException","exMessage":null}
2022-05-25 18:55:33 ERROR    Failure: http://localhost:8080/petclinic/vets/add -> Failed to load resource: the server responded with a status of 400 ()
2022-05-25 18:55:33 ERROR    Failure: http://localhost:8080/petclinic/vets/add -> JSHandle@object
2022-05-25 18:55:33 ERROR    Failure: http://localhost:8080/petclinic/vets/add -> OwnerService::addVet failed: server returned code 400 with body "[object Object]"
2022-05-25 18:55:33 ERROR    Failure: http://localhost:8080/petclinic/vets/add -> status code(400) -> {"className":"java.lang.NullPointerException","exMessage":null}
2022-05-25 18:55:33 ERROR    Failure: http://localhost:8080/petclinic/vets/add -> Failed to load resource: the server responded with a status of 400 ()
2022-05-25 18:55:33 ERROR    Failure: http://localhost:8080/petclinic/vets/add -> JSHandle@object
2022-05-25 18:55:33 ERROR    Failure: http://localhost:8080/petclinic/vets/add -> OwnerService::addVet failed: server returned code 400 with body "[object Object]"
2022-05-25 18:55:33 ERROR    Failure: http://localhost:8080/petclinic/vets/add -> status code(400) -> {"className":"java.lang.NullPointerException","exMessage":null}
2022-05-25 18:55:33 ERROR    Failure: http://localhost:8080/petclinic/vets/add -> Failed to load resource: the server responded with a status of 400 ()
2022-05-25 18:55:33 ERROR    Failure: http://localhost:8080/petclinic/vets/add -> JSHandle@object
2022-05-25 18:55:33 ERROR    Failure: http://localhost:8080/petclinic/vets/add -> OwnerService::addVet failed: server returned code 400 with body "[object Object]"
2022-05-25 18:55:33 ERROR    Failure: http://localhost:8080/petclinic/vets/add -> status code(400) -> {"className":"java.lang.NullPointerException","exMessage":null}
2022-05-25 18:55:34 ERROR    Failure: http://localhost:8080/petclinic/vets/add -> Failed to load resource: the server responded with a status of 400 ()
2022-05-25 18:55:34 ERROR    Failure: http://localhost:8080/petclinic/vets/add -> JSHandle@object
2022-05-25 18:55:34 ERROR    Failure: http://localhost:8080/petclinic/vets/add -> OwnerService::addVet failed: server returned code 400 with body "[object Object]"
2022-05-25 18:55:34 ERROR    Failure: http://localhost:8080/petclinic/vets/add -> status code(400) -> {"className":"java.lang.NullPointerException","exMessage":null}
2022-05-25 18:55:34 ERROR    Failure: http://localhost:8080/petclinic/vets/add -> Failed to load resource: the server responded with a status of 400 ()
2022-05-25 18:55:34 ERROR    Failure: http://localhost:8080/petclinic/vets/add -> JSHandle@object
2022-05-25 18:55:34 ERROR    Failure: http://localhost:8080/petclinic/vets/add -> OwnerService::addVet failed: server returned code 400 with body "[object Object]"
2022-05-25 18:55:34 ERROR    Failure: http://localhost:8080/petclinic/vets/add -> status code(400) -> {"className":"java.lang.NullPointerException","exMessage":null}
2022-05-25 18:55:45 ERROR    Failure: http://localhost:8080/petclinic/ -> Failed to load resource: the server responded with a status of 404 (Not Found)
2022-05-25 18:55:45 ERROR    Failure: http://localhost:8080/petclinic -> status code(404) -> <html>		<head><title>404 Not Found</title></head>		<body>		<center><h1>404 Not Found</h1></center>		<hr><center>nginx/1.17.6</center>		</body>		</html>		<!-- a padding to disable MSIE and Chrome friendly error page -->		<!-- a padding to disable MSIE and Chrome friendly error page -->		<!-- a padding to disable MSIE and Chrome friendly error page -->		<!-- a padding to disable MSIE and Chrome friendly error page -->		<!-- a padding to disable MSIE and Chrome friendly error page -->		<!-- a padding to disable MSIE and Chrome friendly error page -->		
2022-05-25 18:55:47 ERROR    Failure: http://localhost:8080/petclinic/specialties/2/edit -> Failed to load resource: the server responded with a status of 400 ()
2022-05-25 18:55:47 ERROR    Failure: http://localhost:8080/petclinic/specialties/2/edit -> JSHandle@object
2022-05-25 18:55:47 ERROR    Failure: http://localhost:8080/petclinic/specialties/2/edit -> OwnerService::updateSpecialty failed: must not be empty
2022-05-25 18:55:47 ERROR    Failure: http://localhost:8080/petclinic/specialties/2/edit -> status code(400) -> 
2022-05-25 18:55:47 ERROR    Failure: http://localhost:8080/petclinic/specialties/2/edit -> Failed to load resource: the server responded with a status of 400 ()
2022-05-25 18:55:47 ERROR    Failure: http://localhost:8080/petclinic/specialties/2/edit -> JSHandle@object
2022-05-25 18:55:47 ERROR    Failure: http://localhost:8080/petclinic/specialties/2/edit -> OwnerService::updateSpecialty failed: must not be empty
2022-05-25 18:55:47 ERROR    Failure: http://localhost:8080/petclinic/specialties/2/edit -> status code(400) -> 
2022-05-25 18:55:47 ERROR    Failure: http://localhost:8080/petclinic/specialties/2/edit -> Failed to load resource: the server responded with a status of 400 ()
2022-05-25 18:55:47 ERROR    Failure: http://localhost:8080/petclinic/specialties/2/edit -> JSHandle@object
2022-05-25 18:55:47 ERROR    Failure: http://localhost:8080/petclinic/specialties/2/edit -> OwnerService::updateSpecialty failed: must not be empty
2022-05-25 18:55:47 ERROR    Failure: http://localhost:8080/petclinic/specialties/2/edit -> status code(400) -> 
2022-05-25 18:55:51 ERROR    Failure: http://localhost:8080/petclinic/vets/add -> Failed to load resource: the server responded with a status of 400 ()
2022-05-25 18:55:51 ERROR    Failure: http://localhost:8080/petclinic/vets/add -> JSHandle@object
2022-05-25 18:55:51 ERROR    Failure: http://localhost:8080/petclinic/vets/add -> OwnerService::addVet failed: server returned code 400 with body "[object Object]"
2022-05-25 18:55:51 ERROR    Failure: http://localhost:8080/petclinic/vets/add -> status code(400) -> {"className":"java.lang.NullPointerException","exMessage":null}
2022-05-25 18:55:51 ERROR    Failure: http://localhost:8080/petclinic/vets/add -> Failed to load resource: the server responded with a status of 400 ()
2022-05-25 18:55:51 ERROR    Failure: http://localhost:8080/petclinic/vets/add -> JSHandle@object
2022-05-25 18:55:51 ERROR    Failure: http://localhost:8080/petclinic/vets/add -> OwnerService::addVet failed: server returned code 400 with body "[object Object]"
2022-05-25 18:55:51 ERROR    Failure: http://localhost:8080/petclinic/vets/add -> status code(400) -> {"className":"java.lang.NullPointerException","exMessage":null}
2022-05-25 18:55:52 ERROR    Failure: http://localhost:8080/petclinic/vets/add -> Failed to load resource: the server responded with a status of 400 ()
2022-05-25 18:55:52 ERROR    Failure: http://localhost:8080/petclinic/vets/add -> JSHandle@object
2022-05-25 18:55:52 ERROR    Failure: http://localhost:8080/petclinic/vets/add -> OwnerService::addVet failed: server returned code 400 with body "[object Object]"
2022-05-25 18:55:52 ERROR    Failure: http://localhost:8080/petclinic/vets/add -> status code(400) -> {"className":"java.lang.NullPointerException","exMessage":null}
2022-05-25 18:55:52 ERROR    Failure: http://localhost:8080/petclinic/vets/add -> Failed to load resource: the server responded with a status of 400 ()
2022-05-25 18:55:52 ERROR    Failure: http://localhost:8080/petclinic/vets/add -> JSHandle@object
2022-05-25 18:55:52 ERROR    Failure: http://localhost:8080/petclinic/vets/add -> OwnerService::addVet failed: server returned code 400 with body "[object Object]"
2022-05-25 18:55:52 ERROR    Failure: http://localhost:8080/petclinic/vets/add -> status code(400) -> {"className":"java.lang.NullPointerException","exMessage":null}
2022-05-25 18:55:52 ERROR    Failure: http://localhost:8080/petclinic/vets/add -> Failed to load resource: the server responded with a status of 400 ()
2022-05-25 18:55:52 ERROR    Failure: http://localhost:8080/petclinic/vets/add -> JSHandle@object
2022-05-25 18:55:52 ERROR    Failure: http://localhost:8080/petclinic/vets/add -> OwnerService::addVet failed: server returned code 400 with body "[object Object]"
2022-05-25 18:55:52 ERROR    Failure: http://localhost:8080/petclinic/vets/add -> status code(400) -> {"className":"java.lang.NullPointerException","exMessage":null}
2022-05-25 18:55:53 ERROR    Failure: http://localhost:8080/petclinic/vets/add -> Failed to load resource: the server responded with a status of 400 ()
2022-05-25 18:55:53 ERROR    Failure: http://localhost:8080/petclinic/vets/add -> JSHandle@object
2022-05-25 18:55:53 ERROR    Failure: http://localhost:8080/petclinic/vets/add -> OwnerService::addVet failed: server returned code 400 with body "[object Object]"
2022-05-25 18:55:53 ERROR    Failure: http://localhost:8080/petclinic/vets/add -> status code(400) -> {"className":"org.springframework.dao.DataIntegrityViolationException","exMessage":"could not execute statement; SQL [n/a]; nested exception is org.hibernate.exception.DataException: could not execute statement"}
2022-05-25 18:55:57 ERROR    Failure: http://localhost:8080/petclinic/pets/1/visits/add -> Failed to load resource: the server responded with a status of 400 ()
2022-05-25 18:55:57 ERROR    Failure: http://localhost:8080/petclinic/pets/1/visits/add -> JSHandle@object
2022-05-25 18:55:57 ERROR    Failure: http://localhost:8080/petclinic/pets/1/visits/add -> OwnerService::getOwnerById failed: server returned code 400 with body "[object Object]"
2022-05-25 18:55:57 ERROR    Failure: http://localhost:8080/petclinic/pets/1/visits/add -> ERROR server returned code 400 with body "[object Object]"
2022-05-25 18:55:57 ERROR    Failure: http://localhost:8080/petclinic/pets/1/visits/add -> status code(400) -> {"className":"org.springframework.web.method.annotation.MethodArgumentTypeMismatchException","exMessage":"Failed to convert value of type 'java.lang.String' to required type 'int'; nested exception is java.lang.NumberFormatException: For input string: \"undefined\""}
2022-05-25 18:55:57 ERROR    Failure: http://localhost:8080/petclinic/pets/1/visits/add -> ERROR JSHandle@error
2022-05-25 18:55:57 ERROR    Failure: http://localhost:8080/petclinic/pets/1/visits/add -> Failed to load resource: the server responded with a status of 403 ()
2022-05-25 18:55:57 ERROR    Failure: http://localhost:8080/petclinic/pets/1/visits/add -> Failed to load resource: the server responded with a status of 403 ()
2022-05-25 18:55:57 ERROR    Failure: http://localhost:8080/petclinic/pets/1/visits/add -> Access to XMLHttpRequest at 'http://localhost:9966/petclinic/api/owners/undefined/pets/1/visits' from origin 'http://localhost:8080' has been blocked by CORS policy: Response to preflight request doesn't pass access control check: No 'Access-Control-Allow-Origin' header is present on the requested resource.
2022-05-25 18:55:57 ERROR    Failure: http://localhost:8080/petclinic/pets/1/visits/add -> JSHandle@object
2022-05-25 18:55:57 ERROR    Failure: http://localhost:8080/petclinic/pets/1/visits/add -> OwnerService::addVisit failed: server returned code 0 with body "[object ProgressEvent]"
2022-05-25 18:55:57 ERROR    Failure: http://localhost:8080/petclinic/pets/1/visits/add -> status code(403) -> Invalid CORS request
2022-05-25 18:55:57 ERROR    Failure: http://localhost:8080/petclinic/pets/1/visits/add -> Failed to load resource: the server responded with a status of 403 ()
2022-05-25 18:55:57 ERROR    Failure: http://localhost:8080/petclinic/pets/1/visits/add -> Failed to load resource: the server responded with a status of 403 ()
2022-05-25 18:55:57 ERROR    Failure: http://localhost:8080/petclinic/pets/1/visits/add -> Access to XMLHttpRequest at 'http://localhost:9966/petclinic/api/owners/undefined/pets/1/visits' from origin 'http://localhost:8080' has been blocked by CORS policy: Response to preflight request doesn't pass access control check: No 'Access-Control-Allow-Origin' header is present on the requested resource.
2022-05-25 18:55:57 ERROR    Failure: http://localhost:8080/petclinic/pets/1/visits/add -> JSHandle@object
2022-05-25 18:55:57 ERROR    Failure: http://localhost:8080/petclinic/pets/1/visits/add -> OwnerService::addVisit failed: server returned code 0 with body "[object ProgressEvent]"
2022-05-25 18:55:57 ERROR    Failure: http://localhost:8080/petclinic/pets/1/visits/add -> status code(403) -> Invalid CORS request
2022-05-25 18:56:03 ERROR    Failure: http://localhost:8080/petclinic/vets/add -> Failed to load resource: the server responded with a status of 400 ()
2022-05-25 18:56:03 ERROR    Failure: http://localhost:8080/petclinic/vets/add -> JSHandle@object
2022-05-25 18:56:03 ERROR    Failure: http://localhost:8080/petclinic/vets/add -> OwnerService::addVet failed: server returned code 400 with body "[object Object]"
2022-05-25 18:56:03 ERROR    Failure: http://localhost:8080/petclinic/vets/add -> status code(400) -> {"className":"java.lang.NullPointerException","exMessage":null}
2022-05-25 18:56:03 ERROR    Failure: http://localhost:8080/petclinic/vets/add -> Failed to load resource: the server responded with a status of 400 ()
2022-05-25 18:56:03 ERROR    Failure: http://localhost:8080/petclinic/vets/add -> JSHandle@object
2022-05-25 18:56:03 ERROR    Failure: http://localhost:8080/petclinic/vets/add -> OwnerService::addVet failed: server returned code 400 with body "[object Object]"
2022-05-25 18:56:03 ERROR    Failure: http://localhost:8080/petclinic/vets/add -> status code(400) -> {"className":"java.lang.NullPointerException","exMessage":null}
2022-05-25 18:56:03 ERROR    Failure: http://localhost:8080/petclinic/vets/add -> Failed to load resource: the server responded with a status of 400 ()
2022-05-25 18:56:03 ERROR    Failure: http://localhost:8080/petclinic/vets/add -> JSHandle@object
2022-05-25 18:56:03 ERROR    Failure: http://localhost:8080/petclinic/vets/add -> OwnerService::addVet failed: server returned code 400 with body "[object Object]"
2022-05-25 18:56:03 ERROR    Failure: http://localhost:8080/petclinic/vets/add -> status code(400) -> {"className":"java.lang.NullPointerException","exMessage":null}
2022-05-25 18:56:03 ERROR    Failure: http://localhost:8080/petclinic/vets/add -> Failed to load resource: the server responded with a status of 400 ()
2022-05-25 18:56:03 ERROR    Failure: http://localhost:8080/petclinic/vets/add -> JSHandle@object
2022-05-25 18:56:03 ERROR    Failure: http://localhost:8080/petclinic/vets/add -> OwnerService::addVet failed: server returned code 400 with body "[object Object]"
2022-05-25 18:56:03 ERROR    Failure: http://localhost:8080/petclinic/vets/add -> status code(400) -> {"className":"java.lang.NullPointerException","exMessage":null}
2022-05-25 18:56:14 ERROR    Failure: http://localhost:8080/petclinic/ -> Failed to load resource: the server responded with a status of 404 (Not Found)
2022-05-25 18:56:14 ERROR    Failure: http://localhost:8080/petclinic -> status code(404) -> <html>		<head><title>404 Not Found</title></head>		<body>		<center><h1>404 Not Found</h1></center>		<hr><center>nginx/1.17.6</center>		</body>		</html>		<!-- a padding to disable MSIE and Chrome friendly error page -->		<!-- a padding to disable MSIE and Chrome friendly error page -->		<!-- a padding to disable MSIE and Chrome friendly error page -->		<!-- a padding to disable MSIE and Chrome friendly error page -->		<!-- a padding to disable MSIE and Chrome friendly error page -->		<!-- a padding to disable MSIE and Chrome friendly error page -->		
2022-05-25 18:56:20 ERROR    Failure: http://localhost:8080/petclinic/specialties -> ERROR JSHandle@error
2022-05-25 18:56:21 ERROR    Failure: http://localhost:8080/petclinic/specialties -> ERROR JSHandle@error
2022-05-25 18:56:21 ERROR    Failure: http://localhost:8080/petclinic/specialties -> ERROR JSHandle@error
2022-05-25 18:56:21 ERROR    Failure: http://localhost:8080/petclinic/specialties -> ERROR JSHandle@error
2022-05-25 18:56:21 ERROR    Failure: http://localhost:8080/petclinic/specialties -> ERROR JSHandle@error
2022-05-25 18:56:21 ERROR    Failure: http://localhost:8080/petclinic/specialties -> ERROR JSHandle@error
2022-05-25 18:56:37 ERROR    Failure: http://localhost:8080/petclinic/ -> Failed to load resource: the server responded with a status of 404 (Not Found)
2022-05-25 18:56:37 ERROR    Failure: http://localhost:8080/petclinic -> status code(404) -> <html>		<head><title>404 Not Found</title></head>		<body>		<center><h1>404 Not Found</h1></center>		<hr><center>nginx/1.17.6</center>		</body>		</html>		<!-- a padding to disable MSIE and Chrome friendly error page -->		<!-- a padding to disable MSIE and Chrome friendly error page -->		<!-- a padding to disable MSIE and Chrome friendly error page -->		<!-- a padding to disable MSIE and Chrome friendly error page -->		<!-- a padding to disable MSIE and Chrome friendly error page -->		<!-- a padding to disable MSIE and Chrome friendly error page -->		
2022-05-25 18:56:43 ERROR    Failure: http://localhost:8080/petclinic/vets/add -> Failed to load resource: the server responded with a status of 400 ()
2022-05-25 18:56:43 ERROR    Failure: http://localhost:8080/petclinic/vets/add -> JSHandle@object
2022-05-25 18:56:43 ERROR    Failure: http://localhost:8080/petclinic/vets/add -> OwnerService::addVet failed: server returned code 400 with body "[object Object]"
2022-05-25 18:56:43 ERROR    Failure: http://localhost:8080/petclinic/vets/add -> status code(400) -> {"className":"java.lang.NullPointerException","exMessage":null}
2022-05-25 18:56:43 ERROR    Failure: http://localhost:8080/petclinic/vets/add -> Failed to load resource: the server responded with a status of 400 ()
2022-05-25 18:56:43 ERROR    Failure: http://localhost:8080/petclinic/vets/add -> JSHandle@object
2022-05-25 18:56:43 ERROR    Failure: http://localhost:8080/petclinic/vets/add -> OwnerService::addVet failed: server returned code 400 with body "[object Object]"
2022-05-25 18:56:43 ERROR    Failure: http://localhost:8080/petclinic/vets/add -> status code(400) -> {"className":"java.lang.NullPointerException","exMessage":null}
2022-05-25 18:56:44 ERROR    Failure: http://localhost:8080/petclinic/vets/add -> Failed to load resource: the server responded with a status of 400 ()
2022-05-25 18:56:44 ERROR    Failure: http://localhost:8080/petclinic/vets/add -> JSHandle@object
2022-05-25 18:56:44 ERROR    Failure: http://localhost:8080/petclinic/vets/add -> OwnerService::addVet failed: server returned code 400 with body "[object Object]"
2022-05-25 18:56:44 ERROR    Failure: http://localhost:8080/petclinic/vets/add -> status code(400) -> {"className":"java.lang.NullPointerException","exMessage":null}
2022-05-25 18:56:44 ERROR    Failure: http://localhost:8080/petclinic/vets/add -> Failed to load resource: the server responded with a status of 400 ()
2022-05-25 18:56:44 ERROR    Failure: http://localhost:8080/petclinic/vets/add -> JSHandle@object
2022-05-25 18:56:44 ERROR    Failure: http://localhost:8080/petclinic/vets/add -> OwnerService::addVet failed: server returned code 400 with body "[object Object]"
2022-05-25 18:56:44 ERROR    Failure: http://localhost:8080/petclinic/vets/add -> status code(400) -> {"className":"java.lang.NullPointerException","exMessage":null}
2022-05-25 18:56:52 ERROR    Failure: http://localhost:8080/petclinic/vets/add -> Failed to load resource: the server responded with a status of 400 ()
2022-05-25 18:56:52 ERROR    Failure: http://localhost:8080/petclinic/vets/add -> JSHandle@object
2022-05-25 18:56:52 ERROR    Failure: http://localhost:8080/petclinic/vets/add -> OwnerService::addVet failed: server returned code 400 with body "[object Object]"
2022-05-25 18:56:52 ERROR    Failure: http://localhost:8080/petclinic/vets/add -> status code(400) -> {"className":"java.lang.NullPointerException","exMessage":null}
2022-05-25 18:56:52 ERROR    Failure: http://localhost:8080/petclinic/vets/add -> Failed to load resource: the server responded with a status of 400 ()
2022-05-25 18:56:52 ERROR    Failure: http://localhost:8080/petclinic/vets/add -> JSHandle@object
2022-05-25 18:56:52 ERROR    Failure: http://localhost:8080/petclinic/vets/add -> OwnerService::addVet failed: server returned code 400 with body "[object Object]"
2022-05-25 18:56:52 ERROR    Failure: http://localhost:8080/petclinic/vets/add -> status code(400) -> {"className":"java.lang.NullPointerException","exMessage":null}
2022-05-25 18:56:52 ERROR    Failure: http://localhost:8080/petclinic/vets/add -> Failed to load resource: the server responded with a status of 400 ()
2022-05-25 18:56:52 ERROR    Failure: http://localhost:8080/petclinic/vets/add -> JSHandle@object
2022-05-25 18:56:52 ERROR    Failure: http://localhost:8080/petclinic/vets/add -> OwnerService::addVet failed: server returned code 400 with body "[object Object]"
2022-05-25 18:56:52 ERROR    Failure: http://localhost:8080/petclinic/vets/add -> status code(400) -> {"className":"java.lang.NullPointerException","exMessage":null}
2022-05-25 18:56:53 ERROR    Failure: http://localhost:8080/petclinic/vets/add -> Failed to load resource: the server responded with a status of 400 ()
2022-05-25 18:56:53 ERROR    Failure: http://localhost:8080/petclinic/vets/add -> JSHandle@object
2022-05-25 18:56:53 ERROR    Failure: http://localhost:8080/petclinic/vets/add -> OwnerService::addVet failed: server returned code 400 with body "[object Object]"
2022-05-25 18:56:53 ERROR    Failure: http://localhost:8080/petclinic/vets/add -> status code(400) -> {"className":"java.lang.NullPointerException","exMessage":null}
2022-05-25 18:56:53 ERROR    Failure: http://localhost:8080/petclinic/vets/add -> Failed to load resource: the server responded with a status of 400 ()
2022-05-25 18:56:53 ERROR    Failure: http://localhost:8080/petclinic/vets/add -> JSHandle@object
2022-05-25 18:56:53 ERROR    Failure: http://localhost:8080/petclinic/vets/add -> OwnerService::addVet failed: server returned code 400 with body "[object Object]"
2022-05-25 18:56:53 ERROR    Failure: http://localhost:8080/petclinic/vets/add -> status code(400) -> {"className":"java.lang.NullPointerException","exMessage":null}
2022-05-25 18:56:53 ERROR    Failure: http://localhost:8080/petclinic/vets/add -> Failed to load resource: the server responded with a status of 400 ()
2022-05-25 18:56:53 ERROR    Failure: http://localhost:8080/petclinic/vets/add -> JSHandle@object
2022-05-25 18:56:53 ERROR    Failure: http://localhost:8080/petclinic/vets/add -> OwnerService::addVet failed: must not be empty
2022-05-25 18:56:53 ERROR    Failure: http://localhost:8080/petclinic/vets/add -> status code(400) -> 
2022-05-25 18:56:56 ERROR    Failure: http://localhost:8080/petclinic/specialties -> ERROR JSHandle@error
2022-05-25 18:56:56 ERROR    Failure: http://localhost:8080/petclinic/specialties -> ERROR JSHandle@error
2022-05-25 18:56:56 ERROR    Failure: http://localhost:8080/petclinic/specialties -> ERROR JSHandle@error
2022-05-25 18:56:56 ERROR    Failure: http://localhost:8080/petclinic/specialties -> ERROR JSHandle@error
2022-05-25 18:56:56 ERROR    Failure: http://localhost:8080/petclinic/specialties -> ERROR JSHandle@error
2022-05-25 18:56:57 ERROR    Failure: http://localhost:8080/petclinic/specialties -> ERROR JSHandle@error
2022-05-25 18:57:05 ERROR    Failure: http://localhost:8080/petclinic/vets/add -> Failed to load resource: the server responded with a status of 400 ()
2022-05-25 18:57:05 ERROR    Failure: http://localhost:8080/petclinic/vets/add -> JSHandle@object
2022-05-25 18:57:05 ERROR    Failure: http://localhost:8080/petclinic/vets/add -> OwnerService::addVet failed: server returned code 400 with body "[object Object]"
2022-05-25 18:57:05 ERROR    Failure: http://localhost:8080/petclinic/vets/add -> status code(400) -> {"className":"java.lang.NullPointerException","exMessage":null}
2022-05-25 18:57:05 ERROR    Failure: http://localhost:8080/petclinic/vets/add -> Failed to load resource: the server responded with a status of 400 ()
2022-05-25 18:57:05 ERROR    Failure: http://localhost:8080/petclinic/vets/add -> JSHandle@object
2022-05-25 18:57:05 ERROR    Failure: http://localhost:8080/petclinic/vets/add -> OwnerService::addVet failed: server returned code 400 with body "[object Object]"
2022-05-25 18:57:05 ERROR    Failure: http://localhost:8080/petclinic/vets/add -> status code(400) -> {"className":"java.lang.NullPointerException","exMessage":null}
2022-05-25 18:57:05 ERROR    Failure: http://localhost:8080/petclinic/vets/add -> Failed to load resource: the server responded with a status of 400 ()
2022-05-25 18:57:05 ERROR    Failure: http://localhost:8080/petclinic/vets/add -> JSHandle@object
2022-05-25 18:57:05 ERROR    Failure: http://localhost:8080/petclinic/vets/add -> OwnerService::addVet failed: server returned code 400 with body "[object Object]"
2022-05-25 18:57:05 ERROR    Failure: http://localhost:8080/petclinic/vets/add -> status code(400) -> {"className":"java.lang.NullPointerException","exMessage":null}
2022-05-25 18:57:06 ERROR    Failure: http://localhost:8080/petclinic/vets/add -> Failed to load resource: the server responded with a status of 400 ()
2022-05-25 18:57:06 ERROR    Failure: http://localhost:8080/petclinic/vets/add -> JSHandle@object
2022-05-25 18:57:06 ERROR    Failure: http://localhost:8080/petclinic/vets/add -> OwnerService::addVet failed: server returned code 400 with body "[object Object]"
2022-05-25 18:57:06 ERROR    Failure: http://localhost:8080/petclinic/vets/add -> status code(400) -> {"className":"java.lang.NullPointerException","exMessage":null}
2022-05-25 18:57:06 ERROR    Failure: http://localhost:8080/petclinic/vets/add -> Failed to load resource: the server responded with a status of 400 ()
2022-05-25 18:57:06 ERROR    Failure: http://localhost:8080/petclinic/vets/add -> JSHandle@object
2022-05-25 18:57:06 ERROR    Failure: http://localhost:8080/petclinic/vets/add -> OwnerService::addVet failed: server returned code 400 with body "[object Object]"
2022-05-25 18:57:06 ERROR    Failure: http://localhost:8080/petclinic/vets/add -> status code(400) -> {"className":"java.lang.NullPointerException","exMessage":null}
2022-05-25 18:57:06 ERROR    Failure: http://localhost:8080/petclinic/vets/add -> Failed to load resource: the server responded with a status of 400 ()
2022-05-25 18:57:06 ERROR    Failure: http://localhost:8080/petclinic/vets/add -> JSHandle@object
2022-05-25 18:57:06 ERROR    Failure: http://localhost:8080/petclinic/vets/add -> OwnerService::addVet failed: server returned code 400 with body "[object Object]"
2022-05-25 18:57:06 ERROR    Failure: http://localhost:8080/petclinic/vets/add -> status code(400) -> {"className":"java.lang.NullPointerException","exMessage":null}
2022-05-25 18:57:10 ERROR    Failure: http://localhost:8080/petclinic/owners/5/pets/add -> Failed to load resource: the server responded with a status of 403 ()
2022-05-25 18:57:10 ERROR    Failure: http://localhost:8080/petclinic/owners/5/pets/add -> Failed to load resource: the server responded with a status of 403 ()
2022-05-25 18:57:10 ERROR    Failure: http://localhost:8080/petclinic/owners/5/pets/add -> Access to XMLHttpRequest at 'http://localhost:9966/petclinic/api/owners/5/pets' from origin 'http://localhost:8080' has been blocked by CORS policy: Response to preflight request doesn't pass access control check: No 'Access-Control-Allow-Origin' header is present on the requested resource.
2022-05-25 18:57:10 ERROR    Failure: http://localhost:8080/petclinic/owners/5/pets/add -> JSHandle@object
2022-05-25 18:57:10 ERROR    Failure: http://localhost:8080/petclinic/owners/5/pets/add -> OwnerService::addPet failed: server returned code 0 with body "[object ProgressEvent]"
2022-05-25 18:57:10 ERROR    Failure: http://localhost:8080/petclinic/owners/5/pets/add -> status code(403) -> Invalid CORS request
2022-05-25 18:57:11 ERROR    Failure: http://localhost:8080/petclinic/owners/5/pets/add -> Failed to load resource: the server responded with a status of 403 ()
2022-05-25 18:57:11 ERROR    Failure: http://localhost:8080/petclinic/owners/5/pets/add -> Failed to load resource: the server responded with a status of 403 ()
2022-05-25 18:57:11 ERROR    Failure: http://localhost:8080/petclinic/owners/5/pets/add -> Access to XMLHttpRequest at 'http://localhost:9966/petclinic/api/owners/5/pets' from origin 'http://localhost:8080' has been blocked by CORS policy: Response to preflight request doesn't pass access control check: No 'Access-Control-Allow-Origin' header is present on the requested resource.
2022-05-25 18:57:11 ERROR    Failure: http://localhost:8080/petclinic/owners/5/pets/add -> JSHandle@object
2022-05-25 18:57:11 ERROR    Failure: http://localhost:8080/petclinic/owners/5/pets/add -> OwnerService::addPet failed: server returned code 0 with body "[object ProgressEvent]"
2022-05-25 18:57:11 ERROR    Failure: http://localhost:8080/petclinic/owners/5/pets/add -> status code(403) -> Invalid CORS request
2022-05-25 18:57:11 ERROR    Failure: http://localhost:8080/petclinic/owners/5/pets/add -> Failed to load resource: the server responded with a status of 403 ()
2022-05-25 18:57:11 ERROR    Failure: http://localhost:8080/petclinic/owners/5/pets/add -> Failed to load resource: the server responded with a status of 403 ()
2022-05-25 18:57:11 ERROR    Failure: http://localhost:8080/petclinic/owners/5/pets/add -> Access to XMLHttpRequest at 'http://localhost:9966/petclinic/api/owners/5/pets' from origin 'http://localhost:8080' has been blocked by CORS policy: Response to preflight request doesn't pass access control check: No 'Access-Control-Allow-Origin' header is present on the requested resource.
2022-05-25 18:57:11 ERROR    Failure: http://localhost:8080/petclinic/owners/5/pets/add -> JSHandle@object
2022-05-25 18:57:11 ERROR    Failure: http://localhost:8080/petclinic/owners/5/pets/add -> OwnerService::addPet failed: server returned code 0 with body "[object ProgressEvent]"
2022-05-25 18:57:11 ERROR    Failure: http://localhost:8080/petclinic/owners/5/pets/add -> status code(403) -> Invalid CORS request
2022-05-25 18:57:11 ERROR    Failure: http://localhost:8080/petclinic/owners/5/pets/add -> Failed to load resource: the server responded with a status of 403 ()
2022-05-25 18:57:11 ERROR    Failure: http://localhost:8080/petclinic/owners/5/pets/add -> Failed to load resource: the server responded with a status of 403 ()
2022-05-25 18:57:11 ERROR    Failure: http://localhost:8080/petclinic/owners/5/pets/add -> Access to XMLHttpRequest at 'http://localhost:9966/petclinic/api/owners/5/pets' from origin 'http://localhost:8080' has been blocked by CORS policy: Response to preflight request doesn't pass access control check: No 'Access-Control-Allow-Origin' header is present on the requested resource.
2022-05-25 18:57:11 ERROR    Failure: http://localhost:8080/petclinic/owners/5/pets/add -> JSHandle@object
2022-05-25 18:57:11 ERROR    Failure: http://localhost:8080/petclinic/owners/5/pets/add -> OwnerService::addPet failed: server returned code 0 with body "[object ProgressEvent]"
2022-05-25 18:57:11 ERROR    Failure: http://localhost:8080/petclinic/owners/5/pets/add -> status code(403) -> Invalid CORS request
2022-05-25 18:57:14 ERROR    Failure: http://localhost:8080/petclinic/ -> Failed to load resource: the server responded with a status of 404 (Not Found)
2022-05-25 18:57:14 ERROR    Failure: http://localhost:8080/petclinic -> status code(404) -> <html>		<head><title>404 Not Found</title></head>		<body>		<center><h1>404 Not Found</h1></center>		<hr><center>nginx/1.17.6</center>		</body>		</html>		<!-- a padding to disable MSIE and Chrome friendly error page -->		<!-- a padding to disable MSIE and Chrome friendly error page -->		<!-- a padding to disable MSIE and Chrome friendly error page -->		<!-- a padding to disable MSIE and Chrome friendly error page -->		<!-- a padding to disable MSIE and Chrome friendly error page -->		<!-- a padding to disable MSIE and Chrome friendly error page -->		
2022-05-25 18:57:18 ERROR    Failure: http://localhost:8080/petclinic/pets/1/visits/add -> Failed to load resource: the server responded with a status of 400 ()
2022-05-25 18:57:18 ERROR    Failure: http://localhost:8080/petclinic/pets/1/visits/add -> JSHandle@object
2022-05-25 18:57:18 ERROR    Failure: http://localhost:8080/petclinic/pets/1/visits/add -> OwnerService::getOwnerById failed: server returned code 400 with body "[object Object]"
2022-05-25 18:57:18 ERROR    Failure: http://localhost:8080/petclinic/pets/1/visits/add -> ERROR server returned code 400 with body "[object Object]"
2022-05-25 18:57:18 ERROR    Failure: http://localhost:8080/petclinic/pets/1/visits/add -> status code(400) -> {"className":"org.springframework.web.method.annotation.MethodArgumentTypeMismatchException","exMessage":"Failed to convert value of type 'java.lang.String' to required type 'int'; nested exception is java.lang.NumberFormatException: For input string: \"undefined\""}
2022-05-25 18:57:18 ERROR    Failure: http://localhost:8080/petclinic/pets/1/visits/add -> Failed to load resource: the server responded with a status of 403 ()
2022-05-25 18:57:18 ERROR    Failure: http://localhost:8080/petclinic/pets/1/visits/add -> Failed to load resource: the server responded with a status of 403 ()
2022-05-25 18:57:18 ERROR    Failure: http://localhost:8080/petclinic/pets/1/visits/add -> Access to XMLHttpRequest at 'http://localhost:9966/petclinic/api/owners/undefined/pets/1/visits' from origin 'http://localhost:8080' has been blocked by CORS policy: Response to preflight request doesn't pass access control check: No 'Access-Control-Allow-Origin' header is present on the requested resource.
2022-05-25 18:57:18 ERROR    Failure: http://localhost:8080/petclinic/pets/1/visits/add -> JSHandle@object
2022-05-25 18:57:18 ERROR    Failure: http://localhost:8080/petclinic/pets/1/visits/add -> OwnerService::addVisit failed: server returned code 0 with body "[object ProgressEvent]"
2022-05-25 18:57:18 ERROR    Failure: http://localhost:8080/petclinic/pets/1/visits/add -> status code(403) -> Invalid CORS request
2022-05-25 18:57:18 ERROR    Failure: http://localhost:8080/petclinic/pets/1/visits/add -> Failed to load resource: the server responded with a status of 403 ()
2022-05-25 18:57:18 ERROR    Failure: http://localhost:8080/petclinic/pets/1/visits/add -> Failed to load resource: the server responded with a status of 403 ()
2022-05-25 18:57:18 ERROR    Failure: http://localhost:8080/petclinic/pets/1/visits/add -> Access to XMLHttpRequest at 'http://localhost:9966/petclinic/api/owners/undefined/pets/1/visits' from origin 'http://localhost:8080' has been blocked by CORS policy: Response to preflight request doesn't pass access control check: No 'Access-Control-Allow-Origin' header is present on the requested resource.
2022-05-25 18:57:18 ERROR    Failure: http://localhost:8080/petclinic/pets/1/visits/add -> JSHandle@object
2022-05-25 18:57:18 ERROR    Failure: http://localhost:8080/petclinic/pets/1/visits/add -> OwnerService::addVisit failed: server returned code 0 with body "[object ProgressEvent]"
2022-05-25 18:57:18 ERROR    Failure: http://localhost:8080/petclinic/pets/1/visits/add -> status code(403) -> Invalid CORS request
2022-05-25 18:57:21 ERROR    Failure: http://localhost:8080/petclinic/specialties -> ERROR JSHandle@error
2022-05-25 18:57:21 ERROR    Failure: http://localhost:8080/petclinic/specialties -> ERROR JSHandle@error
2022-05-25 18:57:21 ERROR    Failure: http://localhost:8080/petclinic/specialties -> ERROR JSHandle@error
2022-05-25 18:57:21 ERROR    Failure: http://localhost:8080/petclinic/specialties -> ERROR JSHandle@error
2022-05-25 18:57:21 ERROR    Failure: http://localhost:8080/petclinic/specialties -> ERROR JSHandle@error
2022-05-25 18:57:22 ERROR    Failure: http://localhost:8080/petclinic/specialties -> ERROR JSHandle@error
2022-05-25 18:57:27 ERROR    Failure: http://localhost:8080/petclinic/specialties -> ERROR JSHandle@error
2022-05-25 18:57:28 ERROR    Failure: http://localhost:8080/petclinic/specialties -> ERROR JSHandle@error
2022-05-25 18:57:28 ERROR    Failure: http://localhost:8080/petclinic/specialties -> ERROR JSHandle@error
2022-05-25 18:57:28 ERROR    Failure: http://localhost:8080/petclinic/specialties -> ERROR JSHandle@error
2022-05-25 18:57:28 ERROR    Failure: http://localhost:8080/petclinic/specialties -> ERROR JSHandle@error
2022-05-25 18:57:28 ERROR    Failure: http://localhost:8080/petclinic/specialties -> ERROR JSHandle@error
2022-05-25 18:57:35 ERROR    Failure: http://localhost:8080/petclinic/ -> Failed to load resource: the server responded with a status of 404 (Not Found)
2022-05-25 18:57:35 ERROR    Failure: http://localhost:8080/petclinic -> status code(404) -> <html>		<head><title>404 Not Found</title></head>		<body>		<center><h1>404 Not Found</h1></center>		<hr><center>nginx/1.17.6</center>		</body>		</html>		<!-- a padding to disable MSIE and Chrome friendly error page -->		<!-- a padding to disable MSIE and Chrome friendly error page -->		<!-- a padding to disable MSIE and Chrome friendly error page -->		<!-- a padding to disable MSIE and Chrome friendly error page -->		<!-- a padding to disable MSIE and Chrome friendly error page -->		<!-- a padding to disable MSIE and Chrome friendly error page -->		
2022-05-25 18:57:38 ERROR    Failure: http://localhost:8080/petclinic/specialties -> ERROR JSHandle@error
2022-05-25 18:57:38 ERROR    Failure: http://localhost:8080/petclinic/specialties -> ERROR JSHandle@error
2022-05-25 18:57:38 ERROR    Failure: http://localhost:8080/petclinic/specialties -> ERROR JSHandle@error
2022-05-25 18:57:38 ERROR    Failure: http://localhost:8080/petclinic/specialties -> ERROR JSHandle@error
2022-05-25 18:57:39 ERROR    Failure: http://localhost:8080/petclinic/specialties -> ERROR JSHandle@error
2022-05-25 18:57:39 ERROR    Failure: http://localhost:8080/petclinic/specialties -> ERROR JSHandle@error
2022-05-25 18:57:39 ERROR    Failure: http://localhost:8080/petclinic/specialties -> ERROR JSHandle@error
2022-05-25 18:57:47 ERROR    Failure: http://localhost:8080/petclinic/vets/add -> Failed to load resource: the server responded with a status of 400 ()
2022-05-25 18:57:47 ERROR    Failure: http://localhost:8080/petclinic/vets/add -> JSHandle@object
2022-05-25 18:57:47 ERROR    Failure: http://localhost:8080/petclinic/vets/add -> OwnerService::addVet failed: server returned code 400 with body "[object Object]"
2022-05-25 18:57:47 ERROR    Failure: http://localhost:8080/petclinic/vets/add -> status code(400) -> {"className":"java.lang.NullPointerException","exMessage":null}
2022-05-25 18:57:47 ERROR    Failure: http://localhost:8080/petclinic/vets/add -> Failed to load resource: the server responded with a status of 400 ()
2022-05-25 18:57:47 ERROR    Failure: http://localhost:8080/petclinic/vets/add -> JSHandle@object
2022-05-25 18:57:47 ERROR    Failure: http://localhost:8080/petclinic/vets/add -> OwnerService::addVet failed: server returned code 400 with body "[object Object]"
2022-05-25 18:57:47 ERROR    Failure: http://localhost:8080/petclinic/vets/add -> status code(400) -> {"className":"java.lang.NullPointerException","exMessage":null}
2022-05-25 18:57:47 ERROR    Failure: http://localhost:8080/petclinic/vets/add -> Failed to load resource: the server responded with a status of 400 ()
2022-05-25 18:57:47 ERROR    Failure: http://localhost:8080/petclinic/vets/add -> JSHandle@object
2022-05-25 18:57:47 ERROR    Failure: http://localhost:8080/petclinic/vets/add -> OwnerService::addVet failed: server returned code 400 with body "[object Object]"
2022-05-25 18:57:47 ERROR    Failure: http://localhost:8080/petclinic/vets/add -> status code(400) -> {"className":"java.lang.NullPointerException","exMessage":null}
2022-05-25 18:57:48 ERROR    Failure: http://localhost:8080/petclinic/vets/add -> Failed to load resource: the server responded with a status of 400 ()
2022-05-25 18:57:48 ERROR    Failure: http://localhost:8080/petclinic/vets/add -> JSHandle@object
2022-05-25 18:57:48 ERROR    Failure: http://localhost:8080/petclinic/vets/add -> OwnerService::addVet failed: server returned code 400 with body "[object Object]"
2022-05-25 18:57:48 ERROR    Failure: http://localhost:8080/petclinic/vets/add -> status code(400) -> {"className":"org.springframework.dao.DataIntegrityViolationException","exMessage":"could not execute statement; SQL [n/a]; nested exception is org.hibernate.exception.DataException: could not execute statement"}
2022-05-25 18:57:56 ERROR    Failure: http://localhost:8080/petclinic/specialties -> ERROR JSHandle@error
2022-05-25 18:57:56 ERROR    Failure: http://localhost:8080/petclinic/specialties -> ERROR JSHandle@error
2022-05-25 18:57:57 ERROR    Failure: http://localhost:8080/petclinic/specialties -> ERROR JSHandle@error
2022-05-25 18:57:57 ERROR    Failure: http://localhost:8080/petclinic/specialties -> ERROR JSHandle@error
2022-05-25 18:57:57 ERROR    Failure: http://localhost:8080/petclinic/specialties -> ERROR JSHandle@error
2022-05-25 18:57:57 ERROR    Failure: http://localhost:8080/petclinic/specialties -> ERROR JSHandle@error
2022-05-25 18:57:59 ERROR    Failure: http://localhost:8080/petclinic/ -> Failed to load resource: the server responded with a status of 404 (Not Found)
2022-05-25 18:57:59 ERROR    Failure: http://localhost:8080/petclinic -> status code(404) -> <html>		<head><title>404 Not Found</title></head>		<body>		<center><h1>404 Not Found</h1></center>		<hr><center>nginx/1.17.6</center>		</body>		</html>		<!-- a padding to disable MSIE and Chrome friendly error page -->		<!-- a padding to disable MSIE and Chrome friendly error page -->		<!-- a padding to disable MSIE and Chrome friendly error page -->		<!-- a padding to disable MSIE and Chrome friendly error page -->		<!-- a padding to disable MSIE and Chrome friendly error page -->		<!-- a padding to disable MSIE and Chrome friendly error page -->		
2022-05-25 18:58:09 ERROR    Failure: http://localhost:8080/petclinic/vets/add -> Failed to load resource: the server responded with a status of 400 ()
2022-05-25 18:58:09 ERROR    Failure: http://localhost:8080/petclinic/vets/add -> JSHandle@object
2022-05-25 18:58:09 ERROR    Failure: http://localhost:8080/petclinic/vets/add -> OwnerService::addVet failed: server returned code 400 with body "[object Object]"
2022-05-25 18:58:09 ERROR    Failure: http://localhost:8080/petclinic/vets/add -> status code(400) -> {"className":"java.lang.NullPointerException","exMessage":null}
2022-05-25 18:58:09 ERROR    Failure: http://localhost:8080/petclinic/vets/add -> Failed to load resource: the server responded with a status of 400 ()
2022-05-25 18:58:09 ERROR    Failure: http://localhost:8080/petclinic/vets/add -> JSHandle@object
2022-05-25 18:58:09 ERROR    Failure: http://localhost:8080/petclinic/vets/add -> OwnerService::addVet failed: server returned code 400 with body "[object Object]"
2022-05-25 18:58:09 ERROR    Failure: http://localhost:8080/petclinic/vets/add -> status code(400) -> {"className":"java.lang.NullPointerException","exMessage":null}
2022-05-25 18:58:10 ERROR    Failure: http://localhost:8080/petclinic/vets/add -> Failed to load resource: the server responded with a status of 400 ()
2022-05-25 18:58:10 ERROR    Failure: http://localhost:8080/petclinic/vets/add -> JSHandle@object
2022-05-25 18:58:10 ERROR    Failure: http://localhost:8080/petclinic/vets/add -> OwnerService::addVet failed: server returned code 400 with body "[object Object]"
2022-05-25 18:58:10 ERROR    Failure: http://localhost:8080/petclinic/vets/add -> status code(400) -> {"className":"java.lang.NullPointerException","exMessage":null}
2022-05-25 18:58:11 ERROR    Failure: http://localhost:8080/petclinic/vets/add -> Failed to load resource: the server responded with a status of 400 ()
2022-05-25 18:58:11 ERROR    Failure: http://localhost:8080/petclinic/vets/add -> JSHandle@object
2022-05-25 18:58:11 ERROR    Failure: http://localhost:8080/petclinic/vets/add -> OwnerService::addVet failed: server returned code 400 with body "[object Object]"
2022-05-25 18:58:11 ERROR    Failure: http://localhost:8080/petclinic/vets/add -> status code(400) -> {"className":"java.lang.NullPointerException","exMessage":null}
2022-05-25 18:58:11 ERROR    Failure: http://localhost:8080/petclinic/vets/add -> Failed to load resource: the server responded with a status of 400 ()
2022-05-25 18:58:11 ERROR    Failure: http://localhost:8080/petclinic/vets/add -> JSHandle@object
2022-05-25 18:58:11 ERROR    Failure: http://localhost:8080/petclinic/vets/add -> OwnerService::addVet failed: server returned code 400 with body "[object Object]"
2022-05-25 18:58:11 ERROR    Failure: http://localhost:8080/petclinic/vets/add -> status code(400) -> {"className":"java.lang.NullPointerException","exMessage":null}
2022-05-25 18:58:11 ERROR    Failure: http://localhost:8080/petclinic/vets/add -> Failed to load resource: the server responded with a status of 400 ()
2022-05-25 18:58:11 ERROR    Failure: http://localhost:8080/petclinic/vets/add -> JSHandle@object
2022-05-25 18:58:11 ERROR    Failure: http://localhost:8080/petclinic/vets/add -> OwnerService::addVet failed: must not be empty
2022-05-25 18:58:11 ERROR    Failure: http://localhost:8080/petclinic/vets/add -> status code(400) -> 
2022-05-25 18:58:23 ERROR    Failure: http://localhost:8080/petclinic/specialties -> ERROR JSHandle@error
2022-05-25 18:58:23 ERROR    Failure: http://localhost:8080/petclinic/specialties -> ERROR JSHandle@error
2022-05-25 18:58:23 ERROR    Failure: http://localhost:8080/petclinic/specialties -> ERROR JSHandle@error
2022-05-25 18:58:23 ERROR    Failure: http://localhost:8080/petclinic/specialties -> ERROR JSHandle@error
2022-05-25 18:58:23 ERROR    Failure: http://localhost:8080/petclinic/specialties -> ERROR JSHandle@error
2022-05-25 18:58:23 ERROR    Failure: http://localhost:8080/petclinic/specialties -> ERROR JSHandle@error
2022-05-25 18:58:27 ERROR    Failure: http://localhost:8080/petclinic/pets/1/visits/add -> Failed to load resource: the server responded with a status of 400 ()
2022-05-25 18:58:27 ERROR    Failure: http://localhost:8080/petclinic/pets/1/visits/add -> JSHandle@object
2022-05-25 18:58:27 ERROR    Failure: http://localhost:8080/petclinic/pets/1/visits/add -> OwnerService::getOwnerById failed: server returned code 400 with body "[object Object]"
2022-05-25 18:58:27 ERROR    Failure: http://localhost:8080/petclinic/pets/1/visits/add -> ERROR server returned code 400 with body "[object Object]"
2022-05-25 18:58:27 ERROR    Failure: http://localhost:8080/petclinic/pets/1/visits/add -> status code(400) -> {"className":"org.springframework.web.method.annotation.MethodArgumentTypeMismatchException","exMessage":"Failed to convert value of type 'java.lang.String' to required type 'int'; nested exception is java.lang.NumberFormatException: For input string: \"undefined\""}
2022-05-25 18:58:28 ERROR    Failure: http://localhost:8080/petclinic/pets/1/visits/add -> Failed to load resource: the server responded with a status of 403 ()
2022-05-25 18:58:28 ERROR    Failure: http://localhost:8080/petclinic/pets/1/visits/add -> Failed to load resource: the server responded with a status of 403 ()
2022-05-25 18:58:28 ERROR    Failure: http://localhost:8080/petclinic/pets/1/visits/add -> Access to XMLHttpRequest at 'http://localhost:9966/petclinic/api/owners/undefined/pets/1/visits' from origin 'http://localhost:8080' has been blocked by CORS policy: Response to preflight request doesn't pass access control check: No 'Access-Control-Allow-Origin' header is present on the requested resource.
2022-05-25 18:58:28 ERROR    Failure: http://localhost:8080/petclinic/pets/1/visits/add -> JSHandle@object
2022-05-25 18:58:28 ERROR    Failure: http://localhost:8080/petclinic/pets/1/visits/add -> OwnerService::addVisit failed: server returned code 0 with body "[object ProgressEvent]"
2022-05-25 18:58:28 ERROR    Failure: http://localhost:8080/petclinic/pets/1/visits/add -> status code(403) -> Invalid CORS request
2022-05-25 18:58:28 ERROR    Failure: http://localhost:8080/petclinic/pets/1/visits/add -> Failed to load resource: the server responded with a status of 403 ()
2022-05-25 18:58:28 ERROR    Failure: http://localhost:8080/petclinic/pets/1/visits/add -> Failed to load resource: the server responded with a status of 403 ()
2022-05-25 18:58:28 ERROR    Failure: http://localhost:8080/petclinic/pets/1/visits/add -> Access to XMLHttpRequest at 'http://localhost:9966/petclinic/api/owners/undefined/pets/1/visits' from origin 'http://localhost:8080' has been blocked by CORS policy: Response to preflight request doesn't pass access control check: No 'Access-Control-Allow-Origin' header is present on the requested resource.
2022-05-25 18:58:28 ERROR    Failure: http://localhost:8080/petclinic/pets/1/visits/add -> JSHandle@object
2022-05-25 18:58:28 ERROR    Failure: http://localhost:8080/petclinic/pets/1/visits/add -> OwnerService::addVisit failed: server returned code 0 with body "[object ProgressEvent]"
2022-05-25 18:58:28 ERROR    Failure: http://localhost:8080/petclinic/pets/1/visits/add -> status code(403) -> Invalid CORS request
2022-05-25 18:58:30 ERROR    Failure: http://localhost:8080/petclinic/ -> Failed to load resource: the server responded with a status of 404 (Not Found)
2022-05-25 18:58:30 ERROR    Failure: http://localhost:8080/petclinic -> status code(404) -> <html>		<head><title>404 Not Found</title></head>		<body>		<center><h1>404 Not Found</h1></center>		<hr><center>nginx/1.17.6</center>		</body>		</html>		<!-- a padding to disable MSIE and Chrome friendly error page -->		<!-- a padding to disable MSIE and Chrome friendly error page -->		<!-- a padding to disable MSIE and Chrome friendly error page -->		<!-- a padding to disable MSIE and Chrome friendly error page -->		<!-- a padding to disable MSIE and Chrome friendly error page -->		<!-- a padding to disable MSIE and Chrome friendly error page -->		
2022-05-25 18:58:36 ERROR    Failure: http://localhost:8080/petclinic/vets/add -> Failed to load resource: the server responded with a status of 400 ()
2022-05-25 18:58:36 ERROR    Failure: http://localhost:8080/petclinic/vets/add -> JSHandle@object
2022-05-25 18:58:36 ERROR    Failure: http://localhost:8080/petclinic/vets/add -> OwnerService::addVet failed: server returned code 400 with body "[object Object]"
2022-05-25 18:58:36 ERROR    Failure: http://localhost:8080/petclinic/vets/add -> status code(400) -> {"className":"java.lang.NullPointerException","exMessage":null}
2022-05-25 18:58:36 ERROR    Failure: http://localhost:8080/petclinic/vets/add -> Failed to load resource: the server responded with a status of 400 ()
2022-05-25 18:58:36 ERROR    Failure: http://localhost:8080/petclinic/vets/add -> JSHandle@object
2022-05-25 18:58:36 ERROR    Failure: http://localhost:8080/petclinic/vets/add -> OwnerService::addVet failed: server returned code 400 with body "[object Object]"
2022-05-25 18:58:36 ERROR    Failure: http://localhost:8080/petclinic/vets/add -> status code(400) -> {"className":"java.lang.NullPointerException","exMessage":null}
2022-05-25 18:58:36 ERROR    Failure: http://localhost:8080/petclinic/vets/add -> Failed to load resource: the server responded with a status of 400 ()
2022-05-25 18:58:36 ERROR    Failure: http://localhost:8080/petclinic/vets/add -> JSHandle@object
2022-05-25 18:58:36 ERROR    Failure: http://localhost:8080/petclinic/vets/add -> OwnerService::addVet failed: server returned code 400 with body "[object Object]"
2022-05-25 18:58:36 ERROR    Failure: http://localhost:8080/petclinic/vets/add -> status code(400) -> {"className":"java.lang.NullPointerException","exMessage":null}
2022-05-25 18:58:37 ERROR    Failure: http://localhost:8080/petclinic/vets/add -> Failed to load resource: the server responded with a status of 400 ()
2022-05-25 18:58:37 ERROR    Failure: http://localhost:8080/petclinic/vets/add -> JSHandle@object
2022-05-25 18:58:37 ERROR    Failure: http://localhost:8080/petclinic/vets/add -> OwnerService::addVet failed: server returned code 400 with body "[object Object]"
2022-05-25 18:58:37 ERROR    Failure: http://localhost:8080/petclinic/vets/add -> status code(400) -> {"className":"java.lang.NullPointerException","exMessage":null}
2022-05-25 18:58:57 ERROR    Failure: http://localhost:8080/petclinic/vets/add -> Failed to load resource: the server responded with a status of 400 ()
2022-05-25 18:58:57 ERROR    Failure: http://localhost:8080/petclinic/vets/add -> JSHandle@object
2022-05-25 18:58:57 ERROR    Failure: http://localhost:8080/petclinic/vets/add -> OwnerService::addVet failed: server returned code 400 with body "[object Object]"
2022-05-25 18:58:57 ERROR    Failure: http://localhost:8080/petclinic/vets/add -> status code(400) -> {"className":"java.lang.NullPointerException","exMessage":null}
2022-05-25 18:58:57 ERROR    Failure: http://localhost:8080/petclinic/vets/add -> Failed to load resource: the server responded with a status of 400 ()
2022-05-25 18:58:57 ERROR    Failure: http://localhost:8080/petclinic/vets/add -> JSHandle@object
2022-05-25 18:58:57 ERROR    Failure: http://localhost:8080/petclinic/vets/add -> OwnerService::addVet failed: server returned code 400 with body "[object Object]"
2022-05-25 18:58:57 ERROR    Failure: http://localhost:8080/petclinic/vets/add -> status code(400) -> {"className":"java.lang.NullPointerException","exMessage":null}
2022-05-25 18:58:57 ERROR    Failure: http://localhost:8080/petclinic/vets/add -> Failed to load resource: the server responded with a status of 400 ()
2022-05-25 18:58:57 ERROR    Failure: http://localhost:8080/petclinic/vets/add -> JSHandle@object
2022-05-25 18:58:57 ERROR    Failure: http://localhost:8080/petclinic/vets/add -> OwnerService::addVet failed: server returned code 400 with body "[object Object]"
2022-05-25 18:58:57 ERROR    Failure: http://localhost:8080/petclinic/vets/add -> status code(400) -> {"className":"java.lang.NullPointerException","exMessage":null}
2022-05-25 18:59:01 ERROR    Failure: http://localhost:8080/petclinic/vets/add -> Failed to load resource: the server responded with a status of 400 ()
2022-05-25 18:59:01 ERROR    Failure: http://localhost:8080/petclinic/vets/add -> JSHandle@object
2022-05-25 18:59:01 ERROR    Failure: http://localhost:8080/petclinic/vets/add -> OwnerService::addVet failed: server returned code 400 with body "[object Object]"
2022-05-25 18:59:01 ERROR    Failure: http://localhost:8080/petclinic/vets/add -> status code(400) -> {"className":"java.lang.NullPointerException","exMessage":null}
2022-05-25 18:59:02 ERROR    Failure: http://localhost:8080/petclinic/vets/add -> Failed to load resource: the server responded with a status of 400 ()
2022-05-25 18:59:02 ERROR    Failure: http://localhost:8080/petclinic/vets/add -> JSHandle@object
2022-05-25 18:59:02 ERROR    Failure: http://localhost:8080/petclinic/vets/add -> OwnerService::addVet failed: server returned code 400 with body "[object Object]"
2022-05-25 18:59:02 ERROR    Failure: http://localhost:8080/petclinic/vets/add -> status code(400) -> {"className":"java.lang.NullPointerException","exMessage":null}
2022-05-25 18:59:02 ERROR    Failure: http://localhost:8080/petclinic/vets/add -> Failed to load resource: the server responded with a status of 400 ()
2022-05-25 18:59:02 ERROR    Failure: http://localhost:8080/petclinic/vets/add -> JSHandle@object
2022-05-25 18:59:02 ERROR    Failure: http://localhost:8080/petclinic/vets/add -> OwnerService::addVet failed: server returned code 400 with body "[object Object]"
2022-05-25 18:59:02 ERROR    Failure: http://localhost:8080/petclinic/vets/add -> status code(400) -> {"className":"java.lang.NullPointerException","exMessage":null}
2022-05-25 18:59:02 ERROR    Failure: http://localhost:8080/petclinic/vets/add -> Failed to load resource: the server responded with a status of 400 ()
2022-05-25 18:59:02 ERROR    Failure: http://localhost:8080/petclinic/vets/add -> JSHandle@object
2022-05-25 18:59:02 ERROR    Failure: http://localhost:8080/petclinic/vets/add -> OwnerService::addVet failed: server returned code 400 with body "[object Object]"
2022-05-25 18:59:02 ERROR    Failure: http://localhost:8080/petclinic/vets/add -> status code(400) -> {"className":"java.lang.NullPointerException","exMessage":null}
2022-05-25 18:59:02 ERROR    Failure: http://localhost:8080/petclinic/vets/add -> Failed to load resource: the server responded with a status of 400 ()
2022-05-25 18:59:02 ERROR    Failure: http://localhost:8080/petclinic/vets/add -> JSHandle@object
2022-05-25 18:59:02 ERROR    Failure: http://localhost:8080/petclinic/vets/add -> OwnerService::addVet failed: server returned code 400 with body "[object Object]"
2022-05-25 18:59:02 ERROR    Failure: http://localhost:8080/petclinic/vets/add -> status code(400) -> {"className":"java.lang.NullPointerException","exMessage":null}
2022-05-25 18:59:03 ERROR    Failure: http://localhost:8080/petclinic/vets/add -> Failed to load resource: the server responded with a status of 400 ()
2022-05-25 18:59:03 ERROR    Failure: http://localhost:8080/petclinic/vets/add -> JSHandle@object
2022-05-25 18:59:03 ERROR    Failure: http://localhost:8080/petclinic/vets/add -> OwnerService::addVet failed: server returned code 400 with body "[object Object]"
2022-05-25 18:59:03 ERROR    Failure: http://localhost:8080/petclinic/vets/add -> status code(400) -> {"className":"java.lang.NullPointerException","exMessage":null}
2022-05-25 18:59:05 ERROR    Failure: http://localhost:8080/petclinic/ -> Failed to load resource: the server responded with a status of 404 (Not Found)
2022-05-25 18:59:05 ERROR    Failure: http://localhost:8080/petclinic -> status code(404) -> <html>		<head><title>404 Not Found</title></head>		<body>		<center><h1>404 Not Found</h1></center>		<hr><center>nginx/1.17.6</center>		</body>		</html>		<!-- a padding to disable MSIE and Chrome friendly error page -->		<!-- a padding to disable MSIE and Chrome friendly error page -->		<!-- a padding to disable MSIE and Chrome friendly error page -->		<!-- a padding to disable MSIE and Chrome friendly error page -->		<!-- a padding to disable MSIE and Chrome friendly error page -->		<!-- a padding to disable MSIE and Chrome friendly error page -->		
2022-05-25 18:59:11 ERROR    Failure: http://localhost:8080/petclinic/vets/add -> Failed to load resource: the server responded with a status of 400 ()
2022-05-25 18:59:11 ERROR    Failure: http://localhost:8080/petclinic/vets/add -> JSHandle@object
2022-05-25 18:59:11 ERROR    Failure: http://localhost:8080/petclinic/vets/add -> OwnerService::addVet failed: server returned code 400 with body "[object Object]"
2022-05-25 18:59:11 ERROR    Failure: http://localhost:8080/petclinic/vets/add -> status code(400) -> {"className":"java.lang.NullPointerException","exMessage":null}
2022-05-25 18:59:11 ERROR    Failure: http://localhost:8080/petclinic/vets/add -> Failed to load resource: the server responded with a status of 400 ()
2022-05-25 18:59:11 ERROR    Failure: http://localhost:8080/petclinic/vets/add -> JSHandle@object
2022-05-25 18:59:11 ERROR    Failure: http://localhost:8080/petclinic/vets/add -> OwnerService::addVet failed: server returned code 400 with body "[object Object]"
2022-05-25 18:59:11 ERROR    Failure: http://localhost:8080/petclinic/vets/add -> status code(400) -> {"className":"java.lang.NullPointerException","exMessage":null}
2022-05-25 18:59:11 ERROR    Failure: http://localhost:8080/petclinic/vets/add -> Failed to load resource: the server responded with a status of 400 ()
2022-05-25 18:59:11 ERROR    Failure: http://localhost:8080/petclinic/vets/add -> JSHandle@object
2022-05-25 18:59:11 ERROR    Failure: http://localhost:8080/petclinic/vets/add -> OwnerService::addVet failed: server returned code 400 with body "[object Object]"
2022-05-25 18:59:11 ERROR    Failure: http://localhost:8080/petclinic/vets/add -> status code(400) -> {"className":"java.lang.NullPointerException","exMessage":null}
2022-05-25 18:59:12 ERROR    Failure: http://localhost:8080/petclinic/vets/add -> Failed to load resource: the server responded with a status of 400 ()
2022-05-25 18:59:12 ERROR    Failure: http://localhost:8080/petclinic/vets/add -> JSHandle@object
2022-05-25 18:59:12 ERROR    Failure: http://localhost:8080/petclinic/vets/add -> OwnerService::addVet failed: server returned code 400 with body "[object Object]"
2022-05-25 18:59:12 ERROR    Failure: http://localhost:8080/petclinic/vets/add -> status code(400) -> {"className":"java.lang.NullPointerException","exMessage":null}
2022-05-25 18:59:17 ERROR    Failure: http://localhost:8080/petclinic/specialties -> ERROR JSHandle@error
2022-05-25 18:59:17 ERROR    Failure: http://localhost:8080/petclinic/specialties -> ERROR JSHandle@error
2022-05-25 18:59:17 ERROR    Failure: http://localhost:8080/petclinic/specialties -> ERROR JSHandle@error
2022-05-25 18:59:17 ERROR    Failure: http://localhost:8080/petclinic/specialties -> ERROR JSHandle@error
2022-05-25 18:59:18 ERROR    Failure: http://localhost:8080/petclinic/specialties -> ERROR JSHandle@error
2022-05-25 18:59:18 ERROR    Failure: http://localhost:8080/petclinic/specialties -> ERROR JSHandle@error
2022-05-25 18:59:23 ERROR    Failure: http://localhost:8080/petclinic/ -> Failed to load resource: the server responded with a status of 404 (Not Found)
2022-05-25 18:59:23 ERROR    Failure: http://localhost:8080/petclinic -> status code(404) -> <html>		<head><title>404 Not Found</title></head>		<body>		<center><h1>404 Not Found</h1></center>		<hr><center>nginx/1.17.6</center>		</body>		</html>		<!-- a padding to disable MSIE and Chrome friendly error page -->		<!-- a padding to disable MSIE and Chrome friendly error page -->		<!-- a padding to disable MSIE and Chrome friendly error page -->		<!-- a padding to disable MSIE and Chrome friendly error page -->		<!-- a padding to disable MSIE and Chrome friendly error page -->		<!-- a padding to disable MSIE and Chrome friendly error page -->		
2022-05-25 18:59:35 ERROR    Failure: http://localhost:8080/petclinic/specialties -> ERROR JSHandle@error
2022-05-25 18:59:35 ERROR    Failure: http://localhost:8080/petclinic/specialties -> ERROR JSHandle@error
2022-05-25 18:59:36 ERROR    Failure: http://localhost:8080/petclinic/specialties -> ERROR JSHandle@error
2022-05-25 18:59:36 ERROR    Failure: http://localhost:8080/petclinic/specialties -> ERROR JSHandle@error
2022-05-25 18:59:36 ERROR    Failure: http://localhost:8080/petclinic/specialties -> ERROR JSHandle@error
2022-05-25 18:59:36 ERROR    Failure: http://localhost:8080/petclinic/specialties -> ERROR JSHandle@error
2022-05-25 18:59:45 ERROR    Failure: http://localhost:8080/petclinic/pettypes/6/edit -> Failed to load resource: the server responded with a status of 400 ()
2022-05-25 18:59:45 ERROR    Failure: http://localhost:8080/petclinic/pettypes/6/edit -> JSHandle@object
2022-05-25 18:59:45 ERROR    Failure: http://localhost:8080/petclinic/pettypes/6/edit -> OwnerService::updatePetType failed: must not be empty
2022-05-25 18:59:45 ERROR    Failure: http://localhost:8080/petclinic/pettypes/6/edit -> status code(400) -> 
2022-05-25 18:59:46 ERROR    Failure: http://localhost:8080/petclinic/pettypes/6/edit -> Failed to load resource: the server responded with a status of 400 ()
2022-05-25 18:59:46 ERROR    Failure: http://localhost:8080/petclinic/pettypes/6/edit -> JSHandle@object
2022-05-25 18:59:46 ERROR    Failure: http://localhost:8080/petclinic/pettypes/6/edit -> OwnerService::updatePetType failed: must not be empty
2022-05-25 18:59:46 ERROR    Failure: http://localhost:8080/petclinic/pettypes/6/edit -> status code(400) -> 
2022-05-25 18:59:46 ERROR    Failure: http://localhost:8080/petclinic/pettypes/6/edit -> Failed to load resource: the server responded with a status of 400 ()
2022-05-25 18:59:46 ERROR    Failure: http://localhost:8080/petclinic/pettypes/6/edit -> JSHandle@object
2022-05-25 18:59:46 ERROR    Failure: http://localhost:8080/petclinic/pettypes/6/edit -> OwnerService::updatePetType failed: must not be empty
2022-05-25 18:59:46 ERROR    Failure: http://localhost:8080/petclinic/pettypes/6/edit -> status code(400) -> 
2022-05-25 18:59:49 ERROR    Failure: http://localhost:8080/petclinic/specialties -> ERROR JSHandle@error
2022-05-25 18:59:49 ERROR    Failure: http://localhost:8080/petclinic/specialties -> ERROR JSHandle@error
2022-05-25 18:59:49 ERROR    Failure: http://localhost:8080/petclinic/specialties -> ERROR JSHandle@error
2022-05-25 18:59:49 ERROR    Failure: http://localhost:8080/petclinic/specialties -> ERROR JSHandle@error
2022-05-25 18:59:49 ERROR    Failure: http://localhost:8080/petclinic/specialties -> ERROR JSHandle@error
2022-05-25 18:59:49 ERROR    Failure: http://localhost:8080/petclinic/specialties -> ERROR JSHandle@error
2022-05-25 18:59:52 ERROR    Failure: http://localhost:8080/petclinic/ -> Failed to load resource: the server responded with a status of 404 (Not Found)
2022-05-25 18:59:52 ERROR    Failure: http://localhost:8080/petclinic -> status code(404) -> <html>		<head><title>404 Not Found</title></head>		<body>		<center><h1>404 Not Found</h1></center>		<hr><center>nginx/1.17.6</center>		</body>		</html>		<!-- a padding to disable MSIE and Chrome friendly error page -->		<!-- a padding to disable MSIE and Chrome friendly error page -->		<!-- a padding to disable MSIE and Chrome friendly error page -->		<!-- a padding to disable MSIE and Chrome friendly error page -->		<!-- a padding to disable MSIE and Chrome friendly error page -->		<!-- a padding to disable MSIE and Chrome friendly error page -->		
2022-05-25 18:59:54 ERROR    Failure: http://localhost:8080/petclinic/specialties -> ERROR JSHandle@error
2022-05-25 18:59:54 ERROR    Failure: http://localhost:8080/petclinic/specialties -> ERROR JSHandle@error
2022-05-25 18:59:55 ERROR    Failure: http://localhost:8080/petclinic/specialties -> ERROR JSHandle@error
2022-05-25 18:59:55 ERROR    Failure: http://localhost:8080/petclinic/specialties -> ERROR JSHandle@error
2022-05-25 18:59:55 ERROR    Failure: http://localhost:8080/petclinic/specialties -> ERROR JSHandle@error
2022-05-25 18:59:55 ERROR    Failure: http://localhost:8080/petclinic/specialties -> ERROR JSHandle@error
2022-05-25 18:59:59 ERROR    Failure: http://localhost:8080/petclinic/vets/add -> Failed to load resource: the server responded with a status of 400 ()
2022-05-25 18:59:59 ERROR    Failure: http://localhost:8080/petclinic/vets/add -> JSHandle@object
2022-05-25 18:59:59 ERROR    Failure: http://localhost:8080/petclinic/vets/add -> OwnerService::addVet failed: server returned code 400 with body "[object Object]"
2022-05-25 18:59:59 ERROR    Failure: http://localhost:8080/petclinic/vets/add -> status code(400) -> {"className":"java.lang.NullPointerException","exMessage":null}
2022-05-25 18:59:59 ERROR    Failure: http://localhost:8080/petclinic/vets/add -> Failed to load resource: the server responded with a status of 400 ()
2022-05-25 18:59:59 ERROR    Failure: http://localhost:8080/petclinic/vets/add -> JSHandle@object
2022-05-25 18:59:59 ERROR    Failure: http://localhost:8080/petclinic/vets/add -> OwnerService::addVet failed: server returned code 400 with body "[object Object]"
2022-05-25 18:59:59 ERROR    Failure: http://localhost:8080/petclinic/vets/add -> status code(400) -> {"className":"java.lang.NullPointerException","exMessage":null}
2022-05-25 19:00:00 ERROR    Failure: http://localhost:8080/petclinic/vets/add -> Failed to load resource: the server responded with a status of 400 ()
2022-05-25 19:00:00 ERROR    Failure: http://localhost:8080/petclinic/vets/add -> JSHandle@object
2022-05-25 19:00:00 ERROR    Failure: http://localhost:8080/petclinic/vets/add -> OwnerService::addVet failed: server returned code 400 with body "[object Object]"
2022-05-25 19:00:00 ERROR    Failure: http://localhost:8080/petclinic/vets/add -> status code(400) -> {"className":"java.lang.NullPointerException","exMessage":null}
2022-05-25 19:00:00 ERROR    Failure: http://localhost:8080/petclinic/vets/add -> Failed to load resource: the server responded with a status of 400 ()
2022-05-25 19:00:00 ERROR    Failure: http://localhost:8080/petclinic/vets/add -> JSHandle@object
2022-05-25 19:00:00 ERROR    Failure: http://localhost:8080/petclinic/vets/add -> OwnerService::addVet failed: server returned code 400 with body "[object Object]"
2022-05-25 19:00:00 ERROR    Failure: http://localhost:8080/petclinic/vets/add -> status code(400) -> {"className":"java.lang.NullPointerException","exMessage":null}
2022-05-25 19:00:00 ERROR    Failure: http://localhost:8080/petclinic/vets/add -> Failed to load resource: the server responded with a status of 400 ()
2022-05-25 19:00:00 ERROR    Failure: http://localhost:8080/petclinic/vets/add -> JSHandle@object
2022-05-25 19:00:00 ERROR    Failure: http://localhost:8080/petclinic/vets/add -> OwnerService::addVet failed: server returned code 400 with body "[object Object]"
2022-05-25 19:00:00 ERROR    Failure: http://localhost:8080/petclinic/vets/add -> status code(400) -> {"className":"java.lang.NullPointerException","exMessage":null}
2022-05-25 19:00:04 ERROR    Failure: http://localhost:8080/petclinic/vets/add -> Failed to load resource: the server responded with a status of 400 ()
2022-05-25 19:00:04 ERROR    Failure: http://localhost:8080/petclinic/vets/add -> JSHandle@object
2022-05-25 19:00:04 ERROR    Failure: http://localhost:8080/petclinic/vets/add -> OwnerService::addVet failed: server returned code 400 with body "[object Object]"
2022-05-25 19:00:04 ERROR    Failure: http://localhost:8080/petclinic/vets/add -> status code(400) -> {"className":"java.lang.NullPointerException","exMessage":null}
2022-05-25 19:00:07 ERROR    Failure: http://localhost:8080/petclinic/vets/add -> Failed to load resource: the server responded with a status of 400 ()
2022-05-25 19:00:07 ERROR    Failure: http://localhost:8080/petclinic/vets/add -> JSHandle@object
2022-05-25 19:00:07 ERROR    Failure: http://localhost:8080/petclinic/vets/add -> OwnerService::addVet failed: server returned code 400 with body "[object Object]"
2022-05-25 19:00:07 ERROR    Failure: http://localhost:8080/petclinic/vets/add -> status code(400) -> {"className":"java.lang.NullPointerException","exMessage":null}
2022-05-25 19:00:08 ERROR    Failure: http://localhost:8080/petclinic/vets/add -> Failed to load resource: the server responded with a status of 400 ()
2022-05-25 19:00:08 ERROR    Failure: http://localhost:8080/petclinic/vets/add -> JSHandle@object
2022-05-25 19:00:08 ERROR    Failure: http://localhost:8080/petclinic/vets/add -> OwnerService::addVet failed: server returned code 400 with body "[object Object]"
2022-05-25 19:00:08 ERROR    Failure: http://localhost:8080/petclinic/vets/add -> status code(400) -> {"className":"java.lang.NullPointerException","exMessage":null}
2022-05-25 19:00:08 ERROR    Failure: http://localhost:8080/petclinic/vets/add -> Failed to load resource: the server responded with a status of 400 ()
2022-05-25 19:00:08 ERROR    Failure: http://localhost:8080/petclinic/vets/add -> JSHandle@object
2022-05-25 19:00:08 ERROR    Failure: http://localhost:8080/petclinic/vets/add -> OwnerService::addVet failed: server returned code 400 with body "[object Object]"
2022-05-25 19:00:08 ERROR    Failure: http://localhost:8080/petclinic/vets/add -> status code(400) -> {"className":"java.lang.NullPointerException","exMessage":null}
2022-05-25 19:00:08 ERROR    Failure: http://localhost:8080/petclinic/vets/add -> Failed to load resource: the server responded with a status of 400 ()
2022-05-25 19:00:08 ERROR    Failure: http://localhost:8080/petclinic/vets/add -> JSHandle@object
2022-05-25 19:00:08 ERROR    Failure: http://localhost:8080/petclinic/vets/add -> OwnerService::addVet failed: server returned code 400 with body "[object Object]"
2022-05-25 19:00:08 ERROR    Failure: http://localhost:8080/petclinic/vets/add -> status code(400) -> {"className":"java.lang.NullPointerException","exMessage":null}
2022-05-25 19:00:08 ERROR    Failure: http://localhost:8080/petclinic/vets/add -> Failed to load resource: the server responded with a status of 400 ()
2022-05-25 19:00:08 ERROR    Failure: http://localhost:8080/petclinic/vets/add -> JSHandle@object
2022-05-25 19:00:08 ERROR    Failure: http://localhost:8080/petclinic/vets/add -> OwnerService::addVet failed: server returned code 400 with body "[object Object]"
2022-05-25 19:00:08 ERROR    Failure: http://localhost:8080/petclinic/vets/add -> status code(400) -> {"className":"java.lang.NullPointerException","exMessage":null}
2022-05-25 19:00:09 ERROR    Failure: http://localhost:8080/petclinic/vets/add -> Failed to load resource: the server responded with a status of 400 ()
2022-05-25 19:00:09 ERROR    Failure: http://localhost:8080/petclinic/vets/add -> JSHandle@object
2022-05-25 19:00:09 ERROR    Failure: http://localhost:8080/petclinic/vets/add -> OwnerService::addVet failed: server returned code 400 with body "[object Object]"
2022-05-25 19:00:09 ERROR    Failure: http://localhost:8080/petclinic/vets/add -> status code(400) -> {"className":"org.springframework.dao.DataIntegrityViolationException","exMessage":"could not execute statement; SQL [n/a]; nested exception is org.hibernate.exception.DataException: could not execute statement"}
2022-05-25 19:00:11 ERROR    Failure: http://localhost:8080/petclinic/ -> Failed to load resource: the server responded with a status of 404 (Not Found)
2022-05-25 19:00:11 ERROR    Failure: http://localhost:8080/petclinic -> status code(404) -> <html>		<head><title>404 Not Found</title></head>		<body>		<center><h1>404 Not Found</h1></center>		<hr><center>nginx/1.17.6</center>		</body>		</html>		<!-- a padding to disable MSIE and Chrome friendly error page -->		<!-- a padding to disable MSIE and Chrome friendly error page -->		<!-- a padding to disable MSIE and Chrome friendly error page -->		<!-- a padding to disable MSIE and Chrome friendly error page -->		<!-- a padding to disable MSIE and Chrome friendly error page -->		<!-- a padding to disable MSIE and Chrome friendly error page -->		
2022-05-25 19:00:16 ERROR    Failure: http://localhost:8080/petclinic/pettypes/5/edit -> Failed to load resource: the server responded with a status of 400 ()
2022-05-25 19:00:16 ERROR    Failure: http://localhost:8080/petclinic/pettypes/5/edit -> JSHandle@object
2022-05-25 19:00:16 ERROR    Failure: http://localhost:8080/petclinic/pettypes/5/edit -> OwnerService::updatePetType failed: must not be empty
2022-05-25 19:00:16 ERROR    Failure: http://localhost:8080/petclinic/pettypes/5/edit -> status code(400) -> 
2022-05-25 19:00:17 ERROR    Failure: http://localhost:8080/petclinic/pettypes/5/edit -> Failed to load resource: the server responded with a status of 400 ()
2022-05-25 19:00:17 ERROR    Failure: http://localhost:8080/petclinic/pettypes/5/edit -> JSHandle@object
2022-05-25 19:00:17 ERROR    Failure: http://localhost:8080/petclinic/pettypes/5/edit -> OwnerService::updatePetType failed: must not be empty
2022-05-25 19:00:17 ERROR    Failure: http://localhost:8080/petclinic/pettypes/5/edit -> status code(400) -> 
2022-05-25 19:00:17 ERROR    Failure: http://localhost:8080/petclinic/pettypes/5/edit -> Failed to load resource: the server responded with a status of 400 ()
2022-05-25 19:00:17 ERROR    Failure: http://localhost:8080/petclinic/pettypes/5/edit -> JSHandle@object
2022-05-25 19:00:17 ERROR    Failure: http://localhost:8080/petclinic/pettypes/5/edit -> OwnerService::updatePetType failed: must not be empty
2022-05-25 19:00:17 ERROR    Failure: http://localhost:8080/petclinic/pettypes/5/edit -> status code(400) -> 
2022-05-25 19:00:23 ERROR    Failure: http://localhost:8080/petclinic/visits/2/edit -> Failed to load resource: the server responded with a status of 400 ()
2022-05-25 19:00:23 ERROR    Failure: http://localhost:8080/petclinic/visits/2/edit -> JSHandle@object
2022-05-25 19:00:23 ERROR    Failure: http://localhost:8080/petclinic/visits/2/edit -> OwnerService::getPetById failed: server returned code 400 with body "[object Object]"
2022-05-25 19:00:23 ERROR    Failure: http://localhost:8080/petclinic/visits/2/edit -> ERROR server returned code 400 with body "[object Object]"
2022-05-25 19:00:23 ERROR    Failure: http://localhost:8080/petclinic/visits/2/edit -> status code(400) -> {"className":"org.springframework.web.method.annotation.MethodArgumentTypeMismatchException","exMessage":"Failed to convert value of type 'java.lang.String' to required type 'int'; nested exception is java.lang.NumberFormatException: For input string: \"undefined\""}
2022-05-25 19:00:28 ERROR    Failure: http://localhost:8080/petclinic/specialties -> ERROR JSHandle@error
2022-05-25 19:00:28 ERROR    Failure: http://localhost:8080/petclinic/specialties -> ERROR JSHandle@error
2022-05-25 19:00:29 ERROR    Failure: http://localhost:8080/petclinic/specialties -> ERROR JSHandle@error
2022-05-25 19:00:29 ERROR    Failure: http://localhost:8080/petclinic/specialties -> ERROR JSHandle@error
2022-05-25 19:00:29 ERROR    Failure: http://localhost:8080/petclinic/specialties -> ERROR JSHandle@error
2022-05-25 19:00:29 ERROR    Failure: http://localhost:8080/petclinic/specialties -> ERROR JSHandle@error
2022-05-25 19:00:32 ERROR    Failure: http://localhost:8080/petclinic/ -> Failed to load resource: the server responded with a status of 404 (Not Found)
2022-05-25 19:00:32 ERROR    Failure: http://localhost:8080/petclinic -> status code(404) -> <html>		<head><title>404 Not Found</title></head>		<body>		<center><h1>404 Not Found</h1></center>		<hr><center>nginx/1.17.6</center>		</body>		</html>		<!-- a padding to disable MSIE and Chrome friendly error page -->		<!-- a padding to disable MSIE and Chrome friendly error page -->		<!-- a padding to disable MSIE and Chrome friendly error page -->		<!-- a padding to disable MSIE and Chrome friendly error page -->		<!-- a padding to disable MSIE and Chrome friendly error page -->		<!-- a padding to disable MSIE and Chrome friendly error page -->		
2022-05-25 19:00:35 ERROR    Failure: http://localhost:8080/petclinic/owners/3/pets/add -> Failed to load resource: the server responded with a status of 403 ()
2022-05-25 19:00:35 ERROR    Failure: http://localhost:8080/petclinic/owners/3/pets/add -> Failed to load resource: the server responded with a status of 403 ()
2022-05-25 19:00:35 ERROR    Failure: http://localhost:8080/petclinic/owners/3/pets/add -> Access to XMLHttpRequest at 'http://localhost:9966/petclinic/api/owners/3/pets' from origin 'http://localhost:8080' has been blocked by CORS policy: Response to preflight request doesn't pass access control check: No 'Access-Control-Allow-Origin' header is present on the requested resource.
2022-05-25 19:00:35 ERROR    Failure: http://localhost:8080/petclinic/owners/3/pets/add -> JSHandle@object
2022-05-25 19:00:35 ERROR    Failure: http://localhost:8080/petclinic/owners/3/pets/add -> OwnerService::addPet failed: server returned code 0 with body "[object ProgressEvent]"
2022-05-25 19:00:35 ERROR    Failure: http://localhost:8080/petclinic/owners/3/pets/add -> status code(403) -> Invalid CORS request
2022-05-25 19:00:36 ERROR    Failure: http://localhost:8080/petclinic/owners/3/pets/add -> Failed to load resource: the server responded with a status of 403 ()
2022-05-25 19:00:36 ERROR    Failure: http://localhost:8080/petclinic/owners/3/pets/add -> Failed to load resource: the server responded with a status of 403 ()
2022-05-25 19:00:36 ERROR    Failure: http://localhost:8080/petclinic/owners/3/pets/add -> Access to XMLHttpRequest at 'http://localhost:9966/petclinic/api/owners/3/pets' from origin 'http://localhost:8080' has been blocked by CORS policy: Response to preflight request doesn't pass access control check: No 'Access-Control-Allow-Origin' header is present on the requested resource.
2022-05-25 19:00:36 ERROR    Failure: http://localhost:8080/petclinic/owners/3/pets/add -> JSHandle@object
2022-05-25 19:00:36 ERROR    Failure: http://localhost:8080/petclinic/owners/3/pets/add -> OwnerService::addPet failed: server returned code 0 with body "[object ProgressEvent]"
2022-05-25 19:00:36 ERROR    Failure: http://localhost:8080/petclinic/owners/3/pets/add -> status code(403) -> Invalid CORS request
2022-05-25 19:00:36 ERROR    Failure: http://localhost:8080/petclinic/owners/3/pets/add -> Failed to load resource: the server responded with a status of 403 ()
2022-05-25 19:00:36 ERROR    Failure: http://localhost:8080/petclinic/owners/3/pets/add -> Failed to load resource: the server responded with a status of 403 ()
2022-05-25 19:00:36 ERROR    Failure: http://localhost:8080/petclinic/owners/3/pets/add -> Access to XMLHttpRequest at 'http://localhost:9966/petclinic/api/owners/3/pets' from origin 'http://localhost:8080' has been blocked by CORS policy: Response to preflight request doesn't pass access control check: No 'Access-Control-Allow-Origin' header is present on the requested resource.
2022-05-25 19:00:36 ERROR    Failure: http://localhost:8080/petclinic/owners/3/pets/add -> JSHandle@object
2022-05-25 19:00:36 ERROR    Failure: http://localhost:8080/petclinic/owners/3/pets/add -> OwnerService::addPet failed: server returned code 0 with body "[object ProgressEvent]"
2022-05-25 19:00:36 ERROR    Failure: http://localhost:8080/petclinic/owners/3/pets/add -> status code(403) -> Invalid CORS request
2022-05-25 19:00:36 ERROR    Failure: http://localhost:8080/petclinic/owners/3/pets/add -> Failed to load resource: the server responded with a status of 403 ()
2022-05-25 19:00:36 ERROR    Failure: http://localhost:8080/petclinic/owners/3/pets/add -> Failed to load resource: the server responded with a status of 403 ()
2022-05-25 19:00:36 ERROR    Failure: http://localhost:8080/petclinic/owners/3/pets/add -> Access to XMLHttpRequest at 'http://localhost:9966/petclinic/api/owners/3/pets' from origin 'http://localhost:8080' has been blocked by CORS policy: Response to preflight request doesn't pass access control check: No 'Access-Control-Allow-Origin' header is present on the requested resource.
2022-05-25 19:00:36 ERROR    Failure: http://localhost:8080/petclinic/owners/3/pets/add -> JSHandle@object
2022-05-25 19:00:36 ERROR    Failure: http://localhost:8080/petclinic/owners/3/pets/add -> OwnerService::addPet failed: server returned code 0 with body "[object ProgressEvent]"
2022-05-25 19:00:36 ERROR    Failure: http://localhost:8080/petclinic/owners/3/pets/add -> status code(403) -> Invalid CORS request
2022-05-25 19:00:45 ERROR    Failure: http://localhost:8080/petclinic/pettypes -> Failed to load resource: the server responded with a status of 400 ()
2022-05-25 19:00:45 ERROR    Failure: http://localhost:8080/petclinic/pettypes -> JSHandle@object
2022-05-25 19:00:45 ERROR    Failure: http://localhost:8080/petclinic/pettypes -> OwnerService::addPetType failed: server returned code 400 with body "[object Object]"
2022-05-25 19:00:45 ERROR    Failure: http://localhost:8080/petclinic/pettypes -> status code(400) -> {"className":"java.lang.NullPointerException","exMessage":null}
2022-05-25 19:00:45 ERROR    Failure: http://localhost:8080/petclinic/pettypes -> Failed to load resource: the server responded with a status of 400 ()
2022-05-25 19:00:45 ERROR    Failure: http://localhost:8080/petclinic/pettypes -> JSHandle@object
2022-05-25 19:00:45 ERROR    Failure: http://localhost:8080/petclinic/pettypes -> OwnerService::addPetType failed: server returned code 400 with body "[object Object]"
2022-05-25 19:00:45 ERROR    Failure: http://localhost:8080/petclinic/pettypes -> status code(400) -> {"className":"java.lang.NullPointerException","exMessage":null}
2022-05-25 19:00:48 ERROR    Failure: http://localhost:8080/petclinic/specialties -> ERROR JSHandle@error
2022-05-25 19:00:48 ERROR    Failure: http://localhost:8080/petclinic/specialties -> ERROR JSHandle@error
2022-05-25 19:00:48 ERROR    Failure: http://localhost:8080/petclinic/specialties -> ERROR JSHandle@error
2022-05-25 19:00:48 ERROR    Failure: http://localhost:8080/petclinic/specialties -> ERROR JSHandle@error
2022-05-25 19:00:49 ERROR    Failure: http://localhost:8080/petclinic/specialties -> ERROR JSHandle@error
2022-05-25 19:00:49 ERROR    Failure: http://localhost:8080/petclinic/specialties -> ERROR JSHandle@error
2022-05-25 19:00:51 ERROR    Failure: http://localhost:8080/petclinic/specialties -> ERROR JSHandle@error
2022-05-25 19:00:52 ERROR    Failure: http://localhost:8080/petclinic/specialties -> ERROR JSHandle@error
2022-05-25 19:00:52 ERROR    Failure: http://localhost:8080/petclinic/specialties -> ERROR JSHandle@error
2022-05-25 19:00:52 ERROR    Failure: http://localhost:8080/petclinic/specialties -> ERROR JSHandle@error
2022-05-25 19:00:52 ERROR    Failure: http://localhost:8080/petclinic/specialties -> ERROR JSHandle@error
2022-05-25 19:00:52 ERROR    Failure: http://localhost:8080/petclinic/specialties -> ERROR JSHandle@error
2022-05-25 19:01:01 ERROR    Failure: http://localhost:8080/petclinic/specialties -> ERROR JSHandle@error
2022-05-25 19:01:01 ERROR    Failure: http://localhost:8080/petclinic/specialties -> ERROR JSHandle@error
2022-05-25 19:01:01 ERROR    Failure: http://localhost:8080/petclinic/specialties -> ERROR JSHandle@error
2022-05-25 19:01:02 ERROR    Failure: http://localhost:8080/petclinic/specialties -> ERROR JSHandle@error
2022-05-25 19:01:02 ERROR    Failure: http://localhost:8080/petclinic/specialties -> ERROR JSHandle@error
2022-05-25 19:01:02 ERROR    Failure: http://localhost:8080/petclinic/specialties -> ERROR JSHandle@error
2022-05-25 19:01:06 ERROR    Failure: http://localhost:8080/petclinic/vets/add -> Failed to load resource: the server responded with a status of 400 ()
2022-05-25 19:01:06 ERROR    Failure: http://localhost:8080/petclinic/vets/add -> JSHandle@object
2022-05-25 19:01:06 ERROR    Failure: http://localhost:8080/petclinic/vets/add -> OwnerService::addVet failed: server returned code 400 with body "[object Object]"
2022-05-25 19:01:06 ERROR    Failure: http://localhost:8080/petclinic/vets/add -> status code(400) -> {"className":"java.lang.NullPointerException","exMessage":null}
2022-05-25 19:01:06 ERROR    Failure: http://localhost:8080/petclinic/vets/add -> Failed to load resource: the server responded with a status of 400 ()
2022-05-25 19:01:06 ERROR    Failure: http://localhost:8080/petclinic/vets/add -> JSHandle@object
2022-05-25 19:01:06 ERROR    Failure: http://localhost:8080/petclinic/vets/add -> OwnerService::addVet failed: server returned code 400 with body "[object Object]"
2022-05-25 19:01:06 ERROR    Failure: http://localhost:8080/petclinic/vets/add -> status code(400) -> {"className":"java.lang.NullPointerException","exMessage":null}
2022-05-25 19:01:06 ERROR    Failure: http://localhost:8080/petclinic/vets/add -> Failed to load resource: the server responded with a status of 400 ()
2022-05-25 19:01:06 ERROR    Failure: http://localhost:8080/petclinic/vets/add -> JSHandle@object
2022-05-25 19:01:06 ERROR    Failure: http://localhost:8080/petclinic/vets/add -> OwnerService::addVet failed: server returned code 400 with body "[object Object]"
2022-05-25 19:01:06 ERROR    Failure: http://localhost:8080/petclinic/vets/add -> status code(400) -> {"className":"java.lang.NullPointerException","exMessage":null}
2022-05-25 19:01:07 ERROR    Failure: http://localhost:8080/petclinic/vets/add -> Failed to load resource: the server responded with a status of 400 ()
2022-05-25 19:01:07 ERROR    Failure: http://localhost:8080/petclinic/vets/add -> JSHandle@object
2022-05-25 19:01:07 ERROR    Failure: http://localhost:8080/petclinic/vets/add -> OwnerService::addVet failed: server returned code 400 with body "[object Object]"
2022-05-25 19:01:07 ERROR    Failure: http://localhost:8080/petclinic/vets/add -> status code(400) -> {"className":"java.lang.NullPointerException","exMessage":null}
2022-05-25 19:01:07 ERROR    Failure: http://localhost:8080/petclinic/vets/add -> Failed to load resource: the server responded with a status of 400 ()
2022-05-25 19:01:07 ERROR    Failure: http://localhost:8080/petclinic/vets/add -> JSHandle@object
2022-05-25 19:01:07 ERROR    Failure: http://localhost:8080/petclinic/vets/add -> OwnerService::addVet failed: server returned code 400 with body "[object Object]"
2022-05-25 19:01:07 ERROR    Failure: http://localhost:8080/petclinic/vets/add -> status code(400) -> {"className":"java.lang.NullPointerException","exMessage":null}
2022-05-25 19:01:07 ERROR    Failure: http://localhost:8080/petclinic/vets/add -> Failed to load resource: the server responded with a status of 400 ()
2022-05-25 19:01:07 ERROR    Failure: http://localhost:8080/petclinic/vets/add -> JSHandle@object
2022-05-25 19:01:07 ERROR    Failure: http://localhost:8080/petclinic/vets/add -> OwnerService::addVet failed: server returned code 400 with body "[object Object]"
2022-05-25 19:01:07 ERROR    Failure: http://localhost:8080/petclinic/vets/add -> status code(400) -> {"className":"org.springframework.dao.DataIntegrityViolationException","exMessage":"could not execute statement; SQL [n/a]; nested exception is org.hibernate.exception.DataException: could not execute statement"}
2022-05-25 19:01:14 ERROR    Failure: http://localhost:8080/petclinic/ -> Failed to load resource: the server responded with a status of 404 (Not Found)
2022-05-25 19:01:14 ERROR    Failure: http://localhost:8080/petclinic -> status code(404) -> <html>		<head><title>404 Not Found</title></head>		<body>		<center><h1>404 Not Found</h1></center>		<hr><center>nginx/1.17.6</center>		</body>		</html>		<!-- a padding to disable MSIE and Chrome friendly error page -->		<!-- a padding to disable MSIE and Chrome friendly error page -->		<!-- a padding to disable MSIE and Chrome friendly error page -->		<!-- a padding to disable MSIE and Chrome friendly error page -->		<!-- a padding to disable MSIE and Chrome friendly error page -->		<!-- a padding to disable MSIE and Chrome friendly error page -->		
2022-05-25 19:01:17 ERROR    Failure: http://localhost:8080/petclinic/specialties -> ERROR JSHandle@error
2022-05-25 19:01:17 ERROR    Failure: http://localhost:8080/petclinic/specialties -> ERROR JSHandle@error
2022-05-25 19:01:17 ERROR    Failure: http://localhost:8080/petclinic/specialties -> ERROR JSHandle@error
2022-05-25 19:01:17 ERROR    Failure: http://localhost:8080/petclinic/specialties -> ERROR JSHandle@error
2022-05-25 19:01:18 ERROR    Failure: http://localhost:8080/petclinic/specialties -> ERROR JSHandle@error
2022-05-25 19:01:18 ERROR    Failure: http://localhost:8080/petclinic/specialties -> ERROR JSHandle@error
2022-05-25 19:01:22 ERROR    Failure: http://localhost:8080/petclinic/pettypes -> Failed to load resource: the server responded with a status of 400 ()
2022-05-25 19:01:22 ERROR    Failure: http://localhost:8080/petclinic/pettypes -> JSHandle@object
2022-05-25 19:01:22 ERROR    Failure: http://localhost:8080/petclinic/pettypes -> OwnerService::addPetType failed: server returned code 400 with body "[object Object]"
2022-05-25 19:01:22 ERROR    Failure: http://localhost:8080/petclinic/pettypes -> status code(400) -> {"className":"java.lang.NullPointerException","exMessage":null}
2022-05-25 19:01:22 ERROR    Failure: http://localhost:8080/petclinic/pettypes -> Failed to load resource: the server responded with a status of 400 ()
2022-05-25 19:01:22 ERROR    Failure: http://localhost:8080/petclinic/pettypes -> JSHandle@object
2022-05-25 19:01:22 ERROR    Failure: http://localhost:8080/petclinic/pettypes -> OwnerService::addPetType failed: server returned code 400 with body "[object Object]"
2022-05-25 19:01:22 ERROR    Failure: http://localhost:8080/petclinic/pettypes -> status code(400) -> {"className":"java.lang.NullPointerException","exMessage":null}
2022-05-25 19:01:27 ERROR    Failure: http://localhost:8080/petclinic/owners/2/pets/add -> Failed to load resource: the server responded with a status of 403 ()
2022-05-25 19:01:27 ERROR    Failure: http://localhost:8080/petclinic/owners/2/pets/add -> Failed to load resource: the server responded with a status of 403 ()
2022-05-25 19:01:27 ERROR    Failure: http://localhost:8080/petclinic/owners/2/pets/add -> Access to XMLHttpRequest at 'http://localhost:9966/petclinic/api/owners/2/pets' from origin 'http://localhost:8080' has been blocked by CORS policy: Response to preflight request doesn't pass access control check: No 'Access-Control-Allow-Origin' header is present on the requested resource.
2022-05-25 19:01:27 ERROR    Failure: http://localhost:8080/petclinic/owners/2/pets/add -> JSHandle@object
2022-05-25 19:01:27 ERROR    Failure: http://localhost:8080/petclinic/owners/2/pets/add -> OwnerService::addPet failed: server returned code 0 with body "[object ProgressEvent]"
2022-05-25 19:01:27 ERROR    Failure: http://localhost:8080/petclinic/owners/2/pets/add -> status code(403) -> Invalid CORS request
2022-05-25 19:01:36 ERROR    Failure: http://localhost:8080/petclinic/ -> Failed to load resource: the server responded with a status of 404 (Not Found)
2022-05-25 19:01:36 ERROR    Failure: http://localhost:8080/petclinic -> status code(404) -> <html>		<head><title>404 Not Found</title></head>		<body>		<center><h1>404 Not Found</h1></center>		<hr><center>nginx/1.17.6</center>		</body>		</html>		<!-- a padding to disable MSIE and Chrome friendly error page -->		<!-- a padding to disable MSIE and Chrome friendly error page -->		<!-- a padding to disable MSIE and Chrome friendly error page -->		<!-- a padding to disable MSIE and Chrome friendly error page -->		<!-- a padding to disable MSIE and Chrome friendly error page -->		<!-- a padding to disable MSIE and Chrome friendly error page -->		
2022-05-25 19:01:41 ERROR    Failure: http://localhost:8080/petclinic/specialties -> ERROR JSHandle@error
2022-05-25 19:01:41 ERROR    Failure: http://localhost:8080/petclinic/specialties -> ERROR JSHandle@error
2022-05-25 19:01:41 ERROR    Failure: http://localhost:8080/petclinic/specialties -> ERROR JSHandle@error
2022-05-25 19:01:42 ERROR    Failure: http://localhost:8080/petclinic/specialties -> ERROR JSHandle@error
2022-05-25 19:01:42 ERROR    Failure: http://localhost:8080/petclinic/specialties -> ERROR JSHandle@error
2022-05-25 19:01:42 ERROR    Failure: http://localhost:8080/petclinic/specialties -> ERROR JSHandle@error
2022-05-25 19:01:47 ERROR    Failure: http://localhost:8080/petclinic/ -> Failed to load resource: the server responded with a status of 404 (Not Found)
2022-05-25 19:01:47 ERROR    Failure: http://localhost:8080/petclinic -> status code(404) -> <html>		<head><title>404 Not Found</title></head>		<body>		<center><h1>404 Not Found</h1></center>		<hr><center>nginx/1.17.6</center>		</body>		</html>		<!-- a padding to disable MSIE and Chrome friendly error page -->		<!-- a padding to disable MSIE and Chrome friendly error page -->		<!-- a padding to disable MSIE and Chrome friendly error page -->		<!-- a padding to disable MSIE and Chrome friendly error page -->		<!-- a padding to disable MSIE and Chrome friendly error page -->		<!-- a padding to disable MSIE and Chrome friendly error page -->		
2022-05-25 19:01:51 ERROR    Failure: http://localhost:8080/petclinic/pets/11/edit -> Failed to load resource: the server responded with a status of 400 ()
2022-05-25 19:01:51 ERROR    Failure: http://localhost:8080/petclinic/pets/11/edit -> JSHandle@object
2022-05-25 19:01:51 ERROR    Failure: http://localhost:8080/petclinic/pets/11/edit -> OwnerService::getOwnerById failed: server returned code 400 with body "[object Object]"
2022-05-25 19:01:51 ERROR    Failure: http://localhost:8080/petclinic/pets/11/edit -> ERROR server returned code 400 with body "[object Object]"
2022-05-25 19:01:51 ERROR    Failure: http://localhost:8080/petclinic/pets/11/edit -> status code(400) -> {"className":"org.springframework.web.method.annotation.MethodArgumentTypeMismatchException","exMessage":"Failed to convert value of type 'java.lang.String' to required type 'int'; nested exception is java.lang.NumberFormatException: For input string: \"undefined\""}
2022-05-25 19:01:51 ERROR    Failure: http://localhost:8080/petclinic/pets/11/edit -> Failed to load resource: the server responded with a status of 400 ()
2022-05-25 19:01:51 ERROR    Failure: http://localhost:8080/petclinic/pets/11/edit -> JSHandle@object
2022-05-25 19:01:51 ERROR    Failure: http://localhost:8080/petclinic/pets/11/edit -> OwnerService::updatePet failed: server returned code 400 with body "[object Object]"
2022-05-25 19:01:51 ERROR    Failure: http://localhost:8080/petclinic/pets/11/edit -> status code(400) -> {"className":"org.springframework.http.converter.HttpMessageNotReadableException","exMessage":"I/O error while reading input message; nested exception is java.io.IOException: java.text.ParseException: Unparseable date: \"2010-03-09\""}
2022-05-25 19:01:52 ERROR    Failure: http://localhost:8080/petclinic/pets/11/edit -> Failed to load resource: the server responded with a status of 400 ()
2022-05-25 19:01:52 ERROR    Failure: http://localhost:8080/petclinic/pets/11/edit -> JSHandle@object
2022-05-25 19:01:52 ERROR    Failure: http://localhost:8080/petclinic/pets/11/edit -> OwnerService::updatePet failed: server returned code 400 with body "[object Object]"
2022-05-25 19:01:52 ERROR    Failure: http://localhost:8080/petclinic/pets/11/edit -> status code(400) -> {"className":"org.springframework.http.converter.HttpMessageNotReadableException","exMessage":"I/O error while reading input message; nested exception is java.io.IOException: java.text.ParseException: Unparseable date: \"Invalid date\""}
2022-05-25 19:01:52 ERROR    Failure: http://localhost:8080/petclinic/pets/11/edit -> Failed to load resource: the server responded with a status of 400 ()
2022-05-25 19:01:52 ERROR    Failure: http://localhost:8080/petclinic/pets/11/edit -> JSHandle@object
2022-05-25 19:01:52 ERROR    Failure: http://localhost:8080/petclinic/pets/11/edit -> OwnerService::updatePet failed: server returned code 400 with body "[object Object]"
2022-05-25 19:01:52 ERROR    Failure: http://localhost:8080/petclinic/pets/11/edit -> status code(400) -> {"className":"org.springframework.http.converter.HttpMessageNotReadableException","exMessage":"I/O error while reading input message; nested exception is java.io.IOException: java.text.ParseException: Unparseable date: \"Invalid date\""}
2022-05-25 19:01:52 ERROR    Failure: http://localhost:8080/petclinic/pets/11/edit -> Failed to load resource: the server responded with a status of 400 ()
2022-05-25 19:01:52 ERROR    Failure: http://localhost:8080/petclinic/pets/11/edit -> JSHandle@object
2022-05-25 19:01:52 ERROR    Failure: http://localhost:8080/petclinic/pets/11/edit -> OwnerService::updatePet failed: server returned code 400 with body "[object Object]"
2022-05-25 19:01:52 ERROR    Failure: http://localhost:8080/petclinic/pets/11/edit -> status code(400) -> {"className":"org.springframework.http.converter.HttpMessageNotReadableException","exMessage":"I/O error while reading input message; nested exception is java.io.IOException: java.text.ParseException: Unparseable date: \"Invalid date\""}
2022-05-25 19:01:55 ERROR    Failure: http://localhost:8080/petclinic/ -> Failed to load resource: the server responded with a status of 404 (Not Found)
2022-05-25 19:01:55 ERROR    Failure: http://localhost:8080/petclinic -> status code(404) -> <html>		<head><title>404 Not Found</title></head>		<body>		<center><h1>404 Not Found</h1></center>		<hr><center>nginx/1.17.6</center>		</body>		</html>		<!-- a padding to disable MSIE and Chrome friendly error page -->		<!-- a padding to disable MSIE and Chrome friendly error page -->		<!-- a padding to disable MSIE and Chrome friendly error page -->		<!-- a padding to disable MSIE and Chrome friendly error page -->		<!-- a padding to disable MSIE and Chrome friendly error page -->		<!-- a padding to disable MSIE and Chrome friendly error page -->		
2022-05-25 19:02:01 ERROR    Failure: http://localhost:8080/petclinic/vets/add -> Failed to load resource: the server responded with a status of 400 ()
2022-05-25 19:02:01 ERROR    Failure: http://localhost:8080/petclinic/vets/add -> JSHandle@object
2022-05-25 19:02:01 ERROR    Failure: http://localhost:8080/petclinic/vets/add -> OwnerService::addVet failed: server returned code 400 with body "[object Object]"
2022-05-25 19:02:01 ERROR    Failure: http://localhost:8080/petclinic/vets/add -> status code(400) -> {"className":"java.lang.NullPointerException","exMessage":null}
2022-05-25 19:02:02 ERROR    Failure: http://localhost:8080/petclinic/vets/add -> Failed to load resource: the server responded with a status of 400 ()
2022-05-25 19:02:02 ERROR    Failure: http://localhost:8080/petclinic/vets/add -> JSHandle@object
2022-05-25 19:02:02 ERROR    Failure: http://localhost:8080/petclinic/vets/add -> OwnerService::addVet failed: server returned code 400 with body "[object Object]"
2022-05-25 19:02:02 ERROR    Failure: http://localhost:8080/petclinic/vets/add -> status code(400) -> {"className":"java.lang.NullPointerException","exMessage":null}
2022-05-25 19:02:02 ERROR    Failure: http://localhost:8080/petclinic/vets/add -> Failed to load resource: the server responded with a status of 400 ()
2022-05-25 19:02:02 ERROR    Failure: http://localhost:8080/petclinic/vets/add -> JSHandle@object
2022-05-25 19:02:02 ERROR    Failure: http://localhost:8080/petclinic/vets/add -> OwnerService::addVet failed: server returned code 400 with body "[object Object]"
2022-05-25 19:02:02 ERROR    Failure: http://localhost:8080/petclinic/vets/add -> status code(400) -> {"className":"java.lang.NullPointerException","exMessage":null}
2022-05-25 19:02:02 ERROR    Failure: http://localhost:8080/petclinic/vets/add -> Failed to load resource: the server responded with a status of 400 ()
2022-05-25 19:02:02 ERROR    Failure: http://localhost:8080/petclinic/vets/add -> JSHandle@object
2022-05-25 19:02:02 ERROR    Failure: http://localhost:8080/petclinic/vets/add -> OwnerService::addVet failed: server returned code 400 with body "[object Object]"
2022-05-25 19:02:02 ERROR    Failure: http://localhost:8080/petclinic/vets/add -> status code(400) -> {"className":"java.lang.NullPointerException","exMessage":null}
2022-05-25 19:02:02 ERROR    Failure: http://localhost:8080/petclinic/vets/add -> Failed to load resource: the server responded with a status of 400 ()
2022-05-25 19:02:02 ERROR    Failure: http://localhost:8080/petclinic/vets/add -> JSHandle@object
2022-05-25 19:02:02 ERROR    Failure: http://localhost:8080/petclinic/vets/add -> OwnerService::addVet failed: server returned code 400 with body "[object Object]"
2022-05-25 19:02:02 ERROR    Failure: http://localhost:8080/petclinic/vets/add -> status code(400) -> {"className":"java.lang.NullPointerException","exMessage":null}
2022-05-25 19:02:07 ERROR    Failure: http://localhost:8080/petclinic/vets/add -> Failed to load resource: the server responded with a status of 400 ()
2022-05-25 19:02:07 ERROR    Failure: http://localhost:8080/petclinic/vets/add -> JSHandle@object
2022-05-25 19:02:07 ERROR    Failure: http://localhost:8080/petclinic/vets/add -> OwnerService::addVet failed: server returned code 400 with body "[object Object]"
2022-05-25 19:02:07 ERROR    Failure: http://localhost:8080/petclinic/vets/add -> status code(400) -> {"className":"java.lang.NullPointerException","exMessage":null}
2022-05-25 19:02:07 ERROR    Failure: http://localhost:8080/petclinic/vets/add -> Failed to load resource: the server responded with a status of 400 ()
2022-05-25 19:02:07 ERROR    Failure: http://localhost:8080/petclinic/vets/add -> JSHandle@object
2022-05-25 19:02:07 ERROR    Failure: http://localhost:8080/petclinic/vets/add -> OwnerService::addVet failed: server returned code 400 with body "[object Object]"
2022-05-25 19:02:07 ERROR    Failure: http://localhost:8080/petclinic/vets/add -> status code(400) -> {"className":"java.lang.NullPointerException","exMessage":null}
2022-05-25 19:02:07 ERROR    Failure: http://localhost:8080/petclinic/vets/add -> Failed to load resource: the server responded with a status of 400 ()
2022-05-25 19:02:07 ERROR    Failure: http://localhost:8080/petclinic/vets/add -> JSHandle@object
2022-05-25 19:02:07 ERROR    Failure: http://localhost:8080/petclinic/vets/add -> OwnerService::addVet failed: server returned code 400 with body "[object Object]"
2022-05-25 19:02:07 ERROR    Failure: http://localhost:8080/petclinic/vets/add -> status code(400) -> {"className":"java.lang.NullPointerException","exMessage":null}
2022-05-25 19:02:07 ERROR    Failure: http://localhost:8080/petclinic/vets/add -> Failed to load resource: the server responded with a status of 400 ()
2022-05-25 19:02:07 ERROR    Failure: http://localhost:8080/petclinic/vets/add -> JSHandle@object
2022-05-25 19:02:07 ERROR    Failure: http://localhost:8080/petclinic/vets/add -> OwnerService::addVet failed: server returned code 400 with body "[object Object]"
2022-05-25 19:02:07 ERROR    Failure: http://localhost:8080/petclinic/vets/add -> status code(400) -> {"className":"java.lang.NullPointerException","exMessage":null}
2022-05-25 19:02:08 ERROR    Failure: http://localhost:8080/petclinic/vets/add -> Failed to load resource: the server responded with a status of 400 ()
2022-05-25 19:02:08 ERROR    Failure: http://localhost:8080/petclinic/vets/add -> JSHandle@object
2022-05-25 19:02:08 ERROR    Failure: http://localhost:8080/petclinic/vets/add -> OwnerService::addVet failed: server returned code 400 with body "[object Object]"
2022-05-25 19:02:08 ERROR    Failure: http://localhost:8080/petclinic/vets/add -> status code(400) -> {"className":"java.lang.NullPointerException","exMessage":null}
2022-05-25 19:02:08 ERROR    Failure: http://localhost:8080/petclinic/vets/add -> Failed to load resource: the server responded with a status of 400 ()
2022-05-25 19:02:08 ERROR    Failure: http://localhost:8080/petclinic/vets/add -> JSHandle@object
2022-05-25 19:02:08 ERROR    Failure: http://localhost:8080/petclinic/vets/add -> OwnerService::addVet failed: server returned code 400 with body "[object Object]"
2022-05-25 19:02:08 ERROR    Failure: http://localhost:8080/petclinic/vets/add -> status code(400) -> {"className":"java.lang.NullPointerException","exMessage":null}
2022-05-25 19:02:12 ERROR    Failure: http://localhost:8080/petclinic/owners/2/pets/add -> Failed to load resource: the server responded with a status of 403 ()
2022-05-25 19:02:12 ERROR    Failure: http://localhost:8080/petclinic/owners/2/pets/add -> Failed to load resource: the server responded with a status of 403 ()
2022-05-25 19:02:12 ERROR    Failure: http://localhost:8080/petclinic/owners/2/pets/add -> Access to XMLHttpRequest at 'http://localhost:9966/petclinic/api/owners/2/pets' from origin 'http://localhost:8080' has been blocked by CORS policy: Response to preflight request doesn't pass access control check: No 'Access-Control-Allow-Origin' header is present on the requested resource.
2022-05-25 19:02:12 ERROR    Failure: http://localhost:8080/petclinic/owners/2/pets/add -> JSHandle@object
2022-05-25 19:02:12 ERROR    Failure: http://localhost:8080/petclinic/owners/2/pets/add -> OwnerService::addPet failed: server returned code 0 with body "[object ProgressEvent]"
2022-05-25 19:02:12 ERROR    Failure: http://localhost:8080/petclinic/owners/2/pets/add -> status code(403) -> Invalid CORS request
2022-05-25 19:02:20 ERROR    Failure: http://localhost:8080/petclinic/specialties -> ERROR JSHandle@error
2022-05-25 19:02:20 ERROR    Failure: http://localhost:8080/petclinic/specialties -> ERROR JSHandle@error
2022-05-25 19:02:21 ERROR    Failure: http://localhost:8080/petclinic/specialties -> ERROR JSHandle@error
2022-05-25 19:02:21 ERROR    Failure: http://localhost:8080/petclinic/specialties -> ERROR JSHandle@error
2022-05-25 19:02:21 ERROR    Failure: http://localhost:8080/petclinic/specialties -> ERROR JSHandle@error
2022-05-25 19:02:21 ERROR    Failure: http://localhost:8080/petclinic/specialties -> ERROR JSHandle@error
2022-05-25 19:02:33 ERROR    Failure: http://localhost:8080/petclinic/specialties -> ERROR JSHandle@error
2022-05-25 19:02:33 ERROR    Failure: http://localhost:8080/petclinic/specialties -> ERROR JSHandle@error
2022-05-25 19:02:33 ERROR    Failure: http://localhost:8080/petclinic/specialties -> ERROR JSHandle@error
2022-05-25 19:02:33 ERROR    Failure: http://localhost:8080/petclinic/specialties -> ERROR JSHandle@error
2022-05-25 19:02:33 ERROR    Failure: http://localhost:8080/petclinic/specialties -> ERROR JSHandle@error
2022-05-25 19:02:34 ERROR    Failure: http://localhost:8080/petclinic/specialties -> ERROR JSHandle@error
2022-05-25 19:02:36 ERROR    Failure: http://localhost:8080/petclinic/specialties -> ERROR JSHandle@error
2022-05-25 19:02:36 ERROR    Failure: http://localhost:8080/petclinic/specialties -> ERROR JSHandle@error
2022-05-25 19:02:37 ERROR    Failure: http://localhost:8080/petclinic/specialties -> ERROR JSHandle@error
2022-05-25 19:02:37 ERROR    Failure: http://localhost:8080/petclinic/specialties -> ERROR JSHandle@error
2022-05-25 19:02:37 ERROR    Failure: http://localhost:8080/petclinic/specialties -> ERROR JSHandle@error
2022-05-25 19:02:37 ERROR    Failure: http://localhost:8080/petclinic/specialties -> ERROR JSHandle@error
2022-05-25 19:02:45 ERROR    Failure: http://localhost:8080/petclinic/specialties -> ERROR JSHandle@error
2022-05-25 19:02:45 ERROR    Failure: http://localhost:8080/petclinic/specialties -> ERROR JSHandle@error
2022-05-25 19:02:46 ERROR    Failure: http://localhost:8080/petclinic/specialties -> ERROR JSHandle@error
2022-05-25 19:02:46 ERROR    Failure: http://localhost:8080/petclinic/specialties -> ERROR JSHandle@error
2022-05-25 19:02:46 ERROR    Failure: http://localhost:8080/petclinic/specialties -> ERROR JSHandle@error
2022-05-25 19:02:46 ERROR    Failure: http://localhost:8080/petclinic/specialties -> ERROR JSHandle@error
2022-05-25 19:02:49 ERROR    Failure: http://localhost:8080/petclinic/ -> Failed to load resource: the server responded with a status of 404 (Not Found)
2022-05-25 19:02:49 ERROR    Failure: http://localhost:8080/petclinic -> status code(404) -> <html>		<head><title>404 Not Found</title></head>		<body>		<center><h1>404 Not Found</h1></center>		<hr><center>nginx/1.17.6</center>		</body>		</html>		<!-- a padding to disable MSIE and Chrome friendly error page -->		<!-- a padding to disable MSIE and Chrome friendly error page -->		<!-- a padding to disable MSIE and Chrome friendly error page -->		<!-- a padding to disable MSIE and Chrome friendly error page -->		<!-- a padding to disable MSIE and Chrome friendly error page -->		<!-- a padding to disable MSIE and Chrome friendly error page -->		
2022-05-25 19:02:51 ERROR    Failure: http://localhost:8080/petclinic/ -> Failed to load resource: the server responded with a status of 404 (Not Found)
2022-05-25 19:02:51 ERROR    Failure: http://localhost:8080/petclinic -> status code(404) -> <html>		<head><title>404 Not Found</title></head>		<body>		<center><h1>404 Not Found</h1></center>		<hr><center>nginx/1.17.6</center>		</body>		</html>		<!-- a padding to disable MSIE and Chrome friendly error page -->		<!-- a padding to disable MSIE and Chrome friendly error page -->		<!-- a padding to disable MSIE and Chrome friendly error page -->		<!-- a padding to disable MSIE and Chrome friendly error page -->		<!-- a padding to disable MSIE and Chrome friendly error page -->		<!-- a padding to disable MSIE and Chrome friendly error page -->		
2022-05-25 19:02:55 ERROR    Failure: http://localhost:8080/petclinic/specialties -> ERROR JSHandle@error
2022-05-25 19:02:55 ERROR    Failure: http://localhost:8080/petclinic/specialties -> ERROR JSHandle@error
2022-05-25 19:02:55 ERROR    Failure: http://localhost:8080/petclinic/specialties -> ERROR JSHandle@error
2022-05-25 19:02:55 ERROR    Failure: http://localhost:8080/petclinic/specialties -> ERROR JSHandle@error
2022-05-25 19:02:56 ERROR    Failure: http://localhost:8080/petclinic/specialties -> ERROR JSHandle@error
2022-05-25 19:02:56 ERROR    Failure: http://localhost:8080/petclinic/specialties -> ERROR JSHandle@error
2022-05-25 19:03:01 ERROR    Failure: http://localhost:8080/petclinic/specialties -> ERROR JSHandle@error
2022-05-25 19:03:01 ERROR    Failure: http://localhost:8080/petclinic/specialties -> ERROR JSHandle@error
2022-05-25 19:03:01 ERROR    Failure: http://localhost:8080/petclinic/specialties -> ERROR JSHandle@error
2022-05-25 19:03:02 ERROR    Failure: http://localhost:8080/petclinic/specialties -> ERROR JSHandle@error
2022-05-25 19:03:02 ERROR    Failure: http://localhost:8080/petclinic/specialties -> ERROR JSHandle@error
2022-05-25 19:03:02 ERROR    Failure: http://localhost:8080/petclinic/specialties -> ERROR JSHandle@error
2022-05-25 19:03:06 ERROR    Failure: http://localhost:8080/petclinic/pets/11/edit -> Failed to load resource: the server responded with a status of 400 ()
2022-05-25 19:03:06 ERROR    Failure: http://localhost:8080/petclinic/pets/11/edit -> JSHandle@object
2022-05-25 19:03:06 ERROR    Failure: http://localhost:8080/petclinic/pets/11/edit -> OwnerService::getOwnerById failed: server returned code 400 with body "[object Object]"
2022-05-25 19:03:06 ERROR    Failure: http://localhost:8080/petclinic/pets/11/edit -> ERROR server returned code 400 with body "[object Object]"
2022-05-25 19:03:06 ERROR    Failure: http://localhost:8080/petclinic/pets/11/edit -> status code(400) -> {"className":"org.springframework.web.method.annotation.MethodArgumentTypeMismatchException","exMessage":"Failed to convert value of type 'java.lang.String' to required type 'int'; nested exception is java.lang.NumberFormatException: For input string: \"undefined\""}
2022-05-25 19:03:07 ERROR    Failure: http://localhost:8080/petclinic/pets/11/edit -> Failed to load resource: the server responded with a status of 400 ()
2022-05-25 19:03:07 ERROR    Failure: http://localhost:8080/petclinic/pets/11/edit -> JSHandle@object
2022-05-25 19:03:07 ERROR    Failure: http://localhost:8080/petclinic/pets/11/edit -> OwnerService::updatePet failed: server returned code 400 with body "[object Object]"
2022-05-25 19:03:07 ERROR    Failure: http://localhost:8080/petclinic/pets/11/edit -> status code(400) -> {"className":"org.springframework.http.converter.HttpMessageNotReadableException","exMessage":"I/O error while reading input message; nested exception is java.io.IOException: java.text.ParseException: Unparseable date: \"Invalid date\""}
2022-05-25 19:03:09 ERROR    Failure: http://localhost:8080/petclinic/ -> Failed to load resource: the server responded with a status of 404 (Not Found)
2022-05-25 19:03:09 ERROR    Failure: http://localhost:8080/petclinic -> status code(404) -> <html>		<head><title>404 Not Found</title></head>		<body>		<center><h1>404 Not Found</h1></center>		<hr><center>nginx/1.17.6</center>		</body>		</html>		<!-- a padding to disable MSIE and Chrome friendly error page -->		<!-- a padding to disable MSIE and Chrome friendly error page -->		<!-- a padding to disable MSIE and Chrome friendly error page -->		<!-- a padding to disable MSIE and Chrome friendly error page -->		<!-- a padding to disable MSIE and Chrome friendly error page -->		<!-- a padding to disable MSIE and Chrome friendly error page -->		
2022-05-25 19:03:15 ERROR    Failure: http://localhost:8080/petclinic/vets/add -> Failed to load resource: the server responded with a status of 400 ()
2022-05-25 19:03:15 ERROR    Failure: http://localhost:8080/petclinic/vets/add -> JSHandle@object
2022-05-25 19:03:15 ERROR    Failure: http://localhost:8080/petclinic/vets/add -> OwnerService::addVet failed: server returned code 400 with body "[object Object]"
2022-05-25 19:03:15 ERROR    Failure: http://localhost:8080/petclinic/vets/add -> status code(400) -> {"className":"java.lang.NullPointerException","exMessage":null}
2022-05-25 19:03:15 ERROR    Failure: http://localhost:8080/petclinic/vets/add -> Failed to load resource: the server responded with a status of 400 ()
2022-05-25 19:03:15 ERROR    Failure: http://localhost:8080/petclinic/vets/add -> JSHandle@object
2022-05-25 19:03:15 ERROR    Failure: http://localhost:8080/petclinic/vets/add -> OwnerService::addVet failed: server returned code 400 with body "[object Object]"
2022-05-25 19:03:15 ERROR    Failure: http://localhost:8080/petclinic/vets/add -> status code(400) -> {"className":"java.lang.NullPointerException","exMessage":null}
2022-05-25 19:03:16 ERROR    Failure: http://localhost:8080/petclinic/vets/add -> Failed to load resource: the server responded with a status of 400 ()
2022-05-25 19:03:16 ERROR    Failure: http://localhost:8080/petclinic/vets/add -> JSHandle@object
2022-05-25 19:03:16 ERROR    Failure: http://localhost:8080/petclinic/vets/add -> OwnerService::addVet failed: server returned code 400 with body "[object Object]"
2022-05-25 19:03:16 ERROR    Failure: http://localhost:8080/petclinic/vets/add -> status code(400) -> {"className":"java.lang.NullPointerException","exMessage":null}
2022-05-25 19:03:16 ERROR    Failure: http://localhost:8080/petclinic/vets/add -> Failed to load resource: the server responded with a status of 400 ()
2022-05-25 19:03:16 ERROR    Failure: http://localhost:8080/petclinic/vets/add -> JSHandle@object
2022-05-25 19:03:16 ERROR    Failure: http://localhost:8080/petclinic/vets/add -> OwnerService::addVet failed: server returned code 400 with body "[object Object]"
2022-05-25 19:03:16 ERROR    Failure: http://localhost:8080/petclinic/vets/add -> status code(400) -> {"className":"java.lang.NullPointerException","exMessage":null}
2022-05-25 19:03:23 ERROR    Failure: http://localhost:8080/petclinic/ -> Failed to load resource: the server responded with a status of 404 (Not Found)
2022-05-25 19:03:23 ERROR    Failure: http://localhost:8080/petclinic -> status code(404) -> <html>		<head><title>404 Not Found</title></head>		<body>		<center><h1>404 Not Found</h1></center>		<hr><center>nginx/1.17.6</center>		</body>		</html>		<!-- a padding to disable MSIE and Chrome friendly error page -->		<!-- a padding to disable MSIE and Chrome friendly error page -->		<!-- a padding to disable MSIE and Chrome friendly error page -->		<!-- a padding to disable MSIE and Chrome friendly error page -->		<!-- a padding to disable MSIE and Chrome friendly error page -->		<!-- a padding to disable MSIE and Chrome friendly error page -->		
2022-05-25 19:03:26 ERROR    Failure: http://localhost:8080/petclinic/specialties -> ERROR JSHandle@error
2022-05-25 19:03:26 ERROR    Failure: http://localhost:8080/petclinic/specialties -> ERROR JSHandle@error
2022-05-25 19:03:26 ERROR    Failure: http://localhost:8080/petclinic/specialties -> ERROR JSHandle@error
2022-05-25 19:03:26 ERROR    Failure: http://localhost:8080/petclinic/specialties -> ERROR JSHandle@error
2022-05-25 19:03:26 ERROR    Failure: http://localhost:8080/petclinic/specialties -> ERROR JSHandle@error
2022-05-25 19:03:27 ERROR    Failure: http://localhost:8080/petclinic/specialties -> ERROR JSHandle@error
2022-05-25 19:03:30 ERROR    Failure: http://localhost:8080/petclinic/specialties -> ERROR JSHandle@error
2022-05-25 19:03:31 ERROR    Failure: http://localhost:8080/petclinic/specialties -> ERROR JSHandle@error
2022-05-25 19:03:31 ERROR    Failure: http://localhost:8080/petclinic/specialties -> ERROR JSHandle@error
2022-05-25 19:03:31 ERROR    Failure: http://localhost:8080/petclinic/specialties -> ERROR JSHandle@error
2022-05-25 19:03:31 ERROR    Failure: http://localhost:8080/petclinic/specialties -> ERROR JSHandle@error
2022-05-25 19:03:31 ERROR    Failure: http://localhost:8080/petclinic/specialties -> ERROR JSHandle@error
2022-05-25 19:03:38 ERROR    Failure: http://localhost:8080/petclinic/pets/11/edit -> Failed to load resource: the server responded with a status of 400 ()
2022-05-25 19:03:38 ERROR    Failure: http://localhost:8080/petclinic/pets/11/edit -> JSHandle@object
2022-05-25 19:03:38 ERROR    Failure: http://localhost:8080/petclinic/pets/11/edit -> OwnerService::getOwnerById failed: server returned code 400 with body "[object Object]"
2022-05-25 19:03:38 ERROR    Failure: http://localhost:8080/petclinic/pets/11/edit -> ERROR server returned code 400 with body "[object Object]"
2022-05-25 19:03:38 ERROR    Failure: http://localhost:8080/petclinic/pets/11/edit -> status code(400) -> {"className":"org.springframework.web.method.annotation.MethodArgumentTypeMismatchException","exMessage":"Failed to convert value of type 'java.lang.String' to required type 'int'; nested exception is java.lang.NumberFormatException: For input string: \"undefined\""}
2022-05-25 19:03:45 ERROR    Failure: http://localhost:8080/petclinic/vets/add -> Failed to load resource: the server responded with a status of 400 ()
2022-05-25 19:03:45 ERROR    Failure: http://localhost:8080/petclinic/vets/add -> JSHandle@object
2022-05-25 19:03:45 ERROR    Failure: http://localhost:8080/petclinic/vets/add -> OwnerService::addVet failed: server returned code 400 with body "[object Object]"
2022-05-25 19:03:45 ERROR    Failure: http://localhost:8080/petclinic/vets/add -> status code(400) -> {"className":"java.lang.NullPointerException","exMessage":null}
2022-05-25 19:03:45 ERROR    Failure: http://localhost:8080/petclinic/vets/add -> Failed to load resource: the server responded with a status of 400 ()
2022-05-25 19:03:45 ERROR    Failure: http://localhost:8080/petclinic/vets/add -> JSHandle@object
2022-05-25 19:03:45 ERROR    Failure: http://localhost:8080/petclinic/vets/add -> OwnerService::addVet failed: server returned code 400 with body "[object Object]"
2022-05-25 19:03:45 ERROR    Failure: http://localhost:8080/petclinic/vets/add -> status code(400) -> {"className":"java.lang.NullPointerException","exMessage":null}
2022-05-25 19:03:45 ERROR    Failure: http://localhost:8080/petclinic/vets/add -> Failed to load resource: the server responded with a status of 400 ()
2022-05-25 19:03:45 ERROR    Failure: http://localhost:8080/petclinic/vets/add -> JSHandle@object
2022-05-25 19:03:45 ERROR    Failure: http://localhost:8080/petclinic/vets/add -> OwnerService::addVet failed: server returned code 400 with body "[object Object]"
2022-05-25 19:03:45 ERROR    Failure: http://localhost:8080/petclinic/vets/add -> status code(400) -> {"className":"java.lang.NullPointerException","exMessage":null}
2022-05-25 19:03:46 ERROR    Failure: http://localhost:8080/petclinic/vets/add -> Failed to load resource: the server responded with a status of 400 ()
2022-05-25 19:03:46 ERROR    Failure: http://localhost:8080/petclinic/vets/add -> JSHandle@object
2022-05-25 19:03:46 ERROR    Failure: http://localhost:8080/petclinic/vets/add -> OwnerService::addVet failed: server returned code 400 with body "[object Object]"
2022-05-25 19:03:46 ERROR    Failure: http://localhost:8080/petclinic/vets/add -> status code(400) -> {"className":"java.lang.NullPointerException","exMessage":null}
2022-05-25 19:03:50 ERROR    Failure: http://localhost:8080/petclinic/owners/2/pets/add -> Failed to load resource: the server responded with a status of 403 ()
2022-05-25 19:03:50 ERROR    Failure: http://localhost:8080/petclinic/owners/2/pets/add -> Failed to load resource: the server responded with a status of 403 ()
2022-05-25 19:03:50 ERROR    Failure: http://localhost:8080/petclinic/owners/2/pets/add -> Access to XMLHttpRequest at 'http://localhost:9966/petclinic/api/owners/2/pets' from origin 'http://localhost:8080' has been blocked by CORS policy: Response to preflight request doesn't pass access control check: No 'Access-Control-Allow-Origin' header is present on the requested resource.
2022-05-25 19:03:50 ERROR    Failure: http://localhost:8080/petclinic/owners/2/pets/add -> JSHandle@object
2022-05-25 19:03:50 ERROR    Failure: http://localhost:8080/petclinic/owners/2/pets/add -> OwnerService::addPet failed: server returned code 0 with body "[object ProgressEvent]"
2022-05-25 19:03:50 ERROR    Failure: http://localhost:8080/petclinic/owners/2/pets/add -> status code(403) -> Invalid CORS request
2022-05-25 19:04:00 ERROR    Failure: http://localhost:8080/petclinic/specialties -> ERROR JSHandle@error
2022-05-25 19:04:00 ERROR    Failure: http://localhost:8080/petclinic/specialties -> ERROR JSHandle@error
2022-05-25 19:04:01 ERROR    Failure: http://localhost:8080/petclinic/specialties -> ERROR JSHandle@error
2022-05-25 19:04:01 ERROR    Failure: http://localhost:8080/petclinic/specialties -> ERROR JSHandle@error
2022-05-25 19:04:01 ERROR    Failure: http://localhost:8080/petclinic/specialties -> ERROR JSHandle@error
2022-05-25 19:04:01 ERROR    Failure: http://localhost:8080/petclinic/specialties -> ERROR JSHandle@error
2022-05-25 19:04:04 ERROR    Failure: http://localhost:8080/petclinic/ -> Failed to load resource: the server responded with a status of 404 (Not Found)
2022-05-25 19:04:04 ERROR    Failure: http://localhost:8080/petclinic -> status code(404) -> <html>		<head><title>404 Not Found</title></head>		<body>		<center><h1>404 Not Found</h1></center>		<hr><center>nginx/1.17.6</center>		</body>		</html>		<!-- a padding to disable MSIE and Chrome friendly error page -->		<!-- a padding to disable MSIE and Chrome friendly error page -->		<!-- a padding to disable MSIE and Chrome friendly error page -->		<!-- a padding to disable MSIE and Chrome friendly error page -->		<!-- a padding to disable MSIE and Chrome friendly error page -->		<!-- a padding to disable MSIE and Chrome friendly error page -->		
2022-05-25 19:04:10 ERROR    Failure: http://localhost:8080/petclinic/pets/11/edit -> Failed to load resource: the server responded with a status of 400 ()
2022-05-25 19:04:10 ERROR    Failure: http://localhost:8080/petclinic/pets/11/edit -> JSHandle@object
2022-05-25 19:04:10 ERROR    Failure: http://localhost:8080/petclinic/pets/11/edit -> OwnerService::getOwnerById failed: server returned code 400 with body "[object Object]"
2022-05-25 19:04:10 ERROR    Failure: http://localhost:8080/petclinic/pets/11/edit -> ERROR server returned code 400 with body "[object Object]"
2022-05-25 19:04:10 ERROR    Failure: http://localhost:8080/petclinic/pets/11/edit -> status code(400) -> {"className":"org.springframework.web.method.annotation.MethodArgumentTypeMismatchException","exMessage":"Failed to convert value of type 'java.lang.String' to required type 'int'; nested exception is java.lang.NumberFormatException: For input string: \"undefined\""}
2022-05-25 19:04:11 ERROR    Failure: http://localhost:8080/petclinic/pets/11/edit -> Failed to load resource: the server responded with a status of 400 ()
2022-05-25 19:04:11 ERROR    Failure: http://localhost:8080/petclinic/pets/11/edit -> JSHandle@object
2022-05-25 19:04:11 ERROR    Failure: http://localhost:8080/petclinic/pets/11/edit -> OwnerService::updatePet failed: server returned code 400 with body "[object Object]"
2022-05-25 19:04:11 ERROR    Failure: http://localhost:8080/petclinic/pets/11/edit -> status code(400) -> {"className":"org.springframework.http.converter.HttpMessageNotReadableException","exMessage":"I/O error while reading input message; nested exception is java.io.IOException: java.text.ParseException: Unparseable date: \"Invalid date\""}
2022-05-25 19:04:18 ERROR    Failure: http://localhost:8080/petclinic/specialties -> ERROR JSHandle@error
2022-05-25 19:04:18 ERROR    Failure: http://localhost:8080/petclinic/specialties -> ERROR JSHandle@error
2022-05-25 19:04:18 ERROR    Failure: http://localhost:8080/petclinic/specialties -> ERROR JSHandle@error
2022-05-25 19:04:18 ERROR    Failure: http://localhost:8080/petclinic/specialties -> ERROR JSHandle@error
2022-05-25 19:04:18 ERROR    Failure: http://localhost:8080/petclinic/specialties -> ERROR JSHandle@error
2022-05-25 19:04:18 ERROR    Failure: http://localhost:8080/petclinic/specialties -> ERROR JSHandle@error
2022-05-25 19:04:21 ERROR    Failure: http://localhost:8080/petclinic/pettypes/5/edit -> Failed to load resource: the server responded with a status of 400 ()
2022-05-25 19:04:21 ERROR    Failure: http://localhost:8080/petclinic/pettypes/5/edit -> JSHandle@object
2022-05-25 19:04:21 ERROR    Failure: http://localhost:8080/petclinic/pettypes/5/edit -> OwnerService::updatePetType failed: must not be empty
2022-05-25 19:04:21 ERROR    Failure: http://localhost:8080/petclinic/pettypes/5/edit -> status code(400) -> 
2022-05-25 19:04:21 ERROR    Failure: http://localhost:8080/petclinic/pettypes/5/edit -> Failed to load resource: the server responded with a status of 400 ()
2022-05-25 19:04:21 ERROR    Failure: http://localhost:8080/petclinic/pettypes/5/edit -> JSHandle@object
2022-05-25 19:04:21 ERROR    Failure: http://localhost:8080/petclinic/pettypes/5/edit -> OwnerService::updatePetType failed: must not be empty
2022-05-25 19:04:21 ERROR    Failure: http://localhost:8080/petclinic/pettypes/5/edit -> status code(400) -> 
2022-05-25 19:04:22 ERROR    Failure: http://localhost:8080/petclinic/pettypes/5/edit -> Failed to load resource: the server responded with a status of 400 ()
2022-05-25 19:04:22 ERROR    Failure: http://localhost:8080/petclinic/pettypes/5/edit -> JSHandle@object
2022-05-25 19:04:22 ERROR    Failure: http://localhost:8080/petclinic/pettypes/5/edit -> OwnerService::updatePetType failed: must not be empty
2022-05-25 19:04:22 ERROR    Failure: http://localhost:8080/petclinic/pettypes/5/edit -> status code(400) -> 
2022-05-25 19:04:24 ERROR    Failure: http://localhost:8080/petclinic/ -> Failed to load resource: the server responded with a status of 404 (Not Found)
2022-05-25 19:04:24 ERROR    Failure: http://localhost:8080/petclinic -> status code(404) -> <html>		<head><title>404 Not Found</title></head>		<body>		<center><h1>404 Not Found</h1></center>		<hr><center>nginx/1.17.6</center>		</body>		</html>		<!-- a padding to disable MSIE and Chrome friendly error page -->		<!-- a padding to disable MSIE and Chrome friendly error page -->		<!-- a padding to disable MSIE and Chrome friendly error page -->		<!-- a padding to disable MSIE and Chrome friendly error page -->		<!-- a padding to disable MSIE and Chrome friendly error page -->		<!-- a padding to disable MSIE and Chrome friendly error page -->		
2022-05-25 19:04:28 ERROR    Failure: http://localhost:8080/petclinic/pets/11/edit -> Failed to load resource: the server responded with a status of 400 ()
2022-05-25 19:04:28 ERROR    Failure: http://localhost:8080/petclinic/pets/11/edit -> JSHandle@object
2022-05-25 19:04:28 ERROR    Failure: http://localhost:8080/petclinic/pets/11/edit -> OwnerService::getOwnerById failed: server returned code 400 with body "[object Object]"
2022-05-25 19:04:28 ERROR    Failure: http://localhost:8080/petclinic/pets/11/edit -> ERROR server returned code 400 with body "[object Object]"
2022-05-25 19:04:28 ERROR    Failure: http://localhost:8080/petclinic/pets/11/edit -> status code(400) -> {"className":"org.springframework.web.method.annotation.MethodArgumentTypeMismatchException","exMessage":"Failed to convert value of type 'java.lang.String' to required type 'int'; nested exception is java.lang.NumberFormatException: For input string: \"undefined\""}
2022-05-25 19:04:29 ERROR    Failure: http://localhost:8080/petclinic/pets/11/edit -> Failed to load resource: the server responded with a status of 400 ()
2022-05-25 19:04:29 ERROR    Failure: http://localhost:8080/petclinic/pets/11/edit -> JSHandle@object
2022-05-25 19:04:29 ERROR    Failure: http://localhost:8080/petclinic/pets/11/edit -> OwnerService::updatePet failed: server returned code 400 with body "[object Object]"
2022-05-25 19:04:29 ERROR    Failure: http://localhost:8080/petclinic/pets/11/edit -> status code(400) -> {"className":"org.springframework.http.converter.HttpMessageNotReadableException","exMessage":"I/O error while reading input message; nested exception is java.io.IOException: java.text.ParseException: Unparseable date: \"2010-03-09\""}
2022-05-25 19:04:35 ERROR    Failure: http://localhost:8080/petclinic/vets/add -> Failed to load resource: the server responded with a status of 400 ()
2022-05-25 19:04:35 ERROR    Failure: http://localhost:8080/petclinic/vets/add -> JSHandle@object
2022-05-25 19:04:35 ERROR    Failure: http://localhost:8080/petclinic/vets/add -> OwnerService::addVet failed: server returned code 400 with body "[object Object]"
2022-05-25 19:04:35 ERROR    Failure: http://localhost:8080/petclinic/vets/add -> status code(400) -> {"className":"java.lang.NullPointerException","exMessage":null}
2022-05-25 19:04:35 ERROR    Failure: http://localhost:8080/petclinic/vets/add -> Failed to load resource: the server responded with a status of 400 ()
2022-05-25 19:04:35 ERROR    Failure: http://localhost:8080/petclinic/vets/add -> JSHandle@object
2022-05-25 19:04:35 ERROR    Failure: http://localhost:8080/petclinic/vets/add -> OwnerService::addVet failed: server returned code 400 with body "[object Object]"
2022-05-25 19:04:35 ERROR    Failure: http://localhost:8080/petclinic/vets/add -> status code(400) -> {"className":"java.lang.NullPointerException","exMessage":null}
2022-05-25 19:04:36 ERROR    Failure: http://localhost:8080/petclinic/vets/add -> Failed to load resource: the server responded with a status of 400 ()
2022-05-25 19:04:36 ERROR    Failure: http://localhost:8080/petclinic/vets/add -> JSHandle@object
2022-05-25 19:04:36 ERROR    Failure: http://localhost:8080/petclinic/vets/add -> OwnerService::addVet failed: server returned code 400 with body "[object Object]"
2022-05-25 19:04:36 ERROR    Failure: http://localhost:8080/petclinic/vets/add -> status code(400) -> {"className":"java.lang.NullPointerException","exMessage":null}
2022-05-25 19:04:39 ERROR    Failure: http://localhost:8080/petclinic/specialties -> ERROR JSHandle@error
2022-05-25 19:04:39 ERROR    Failure: http://localhost:8080/petclinic/specialties -> ERROR JSHandle@error
2022-05-25 19:04:39 ERROR    Failure: http://localhost:8080/petclinic/specialties -> ERROR JSHandle@error
2022-05-25 19:04:39 ERROR    Failure: http://localhost:8080/petclinic/specialties -> ERROR JSHandle@error
2022-05-25 19:04:39 ERROR    Failure: http://localhost:8080/petclinic/specialties -> ERROR JSHandle@error
2022-05-25 19:04:40 ERROR    Failure: http://localhost:8080/petclinic/specialties -> ERROR JSHandle@error
2022-05-25 19:04:42 ERROR    Failure: http://localhost:8080/petclinic/ -> Failed to load resource: the server responded with a status of 404 (Not Found)
2022-05-25 19:04:42 ERROR    Failure: http://localhost:8080/petclinic -> status code(404) -> <html>		<head><title>404 Not Found</title></head>		<body>		<center><h1>404 Not Found</h1></center>		<hr><center>nginx/1.17.6</center>		</body>		</html>		<!-- a padding to disable MSIE and Chrome friendly error page -->		<!-- a padding to disable MSIE and Chrome friendly error page -->		<!-- a padding to disable MSIE and Chrome friendly error page -->		<!-- a padding to disable MSIE and Chrome friendly error page -->		<!-- a padding to disable MSIE and Chrome friendly error page -->		<!-- a padding to disable MSIE and Chrome friendly error page -->		
2022-05-25 19:04:45 ERROR    Failure: http://localhost:8080/petclinic/ -> Failed to load resource: the server responded with a status of 404 (Not Found)
2022-05-25 19:04:45 ERROR    Failure: http://localhost:8080/petclinic -> status code(404) -> <html>		<head><title>404 Not Found</title></head>		<body>		<center><h1>404 Not Found</h1></center>		<hr><center>nginx/1.17.6</center>		</body>		</html>		<!-- a padding to disable MSIE and Chrome friendly error page -->		<!-- a padding to disable MSIE and Chrome friendly error page -->		<!-- a padding to disable MSIE and Chrome friendly error page -->		<!-- a padding to disable MSIE and Chrome friendly error page -->		<!-- a padding to disable MSIE and Chrome friendly error page -->		<!-- a padding to disable MSIE and Chrome friendly error page -->		
2022-05-25 19:04:47 ERROR    Failure: http://localhost:8080/petclinic/ -> Failed to load resource: the server responded with a status of 404 (Not Found)
2022-05-25 19:04:47 ERROR    Failure: http://localhost:8080/petclinic -> status code(404) -> <html>		<head><title>404 Not Found</title></head>		<body>		<center><h1>404 Not Found</h1></center>		<hr><center>nginx/1.17.6</center>		</body>		</html>		<!-- a padding to disable MSIE and Chrome friendly error page -->		<!-- a padding to disable MSIE and Chrome friendly error page -->		<!-- a padding to disable MSIE and Chrome friendly error page -->		<!-- a padding to disable MSIE and Chrome friendly error page -->		<!-- a padding to disable MSIE and Chrome friendly error page -->		<!-- a padding to disable MSIE and Chrome friendly error page -->		
2022-05-25 19:04:58 ERROR    Failure: http://localhost:8080/petclinic/owners/5/pets/add -> Failed to load resource: the server responded with a status of 403 ()
2022-05-25 19:04:58 ERROR    Failure: http://localhost:8080/petclinic/owners/5/pets/add -> Failed to load resource: the server responded with a status of 403 ()
2022-05-25 19:04:58 ERROR    Failure: http://localhost:8080/petclinic/owners/5/pets/add -> Access to XMLHttpRequest at 'http://localhost:9966/petclinic/api/owners/5/pets' from origin 'http://localhost:8080' has been blocked by CORS policy: Response to preflight request doesn't pass access control check: No 'Access-Control-Allow-Origin' header is present on the requested resource.
2022-05-25 19:04:58 ERROR    Failure: http://localhost:8080/petclinic/owners/5/pets/add -> JSHandle@object
2022-05-25 19:04:58 ERROR    Failure: http://localhost:8080/petclinic/owners/5/pets/add -> OwnerService::addPet failed: server returned code 0 with body "[object ProgressEvent]"
2022-05-25 19:04:58 ERROR    Failure: http://localhost:8080/petclinic/owners/5/pets/add -> status code(403) -> Invalid CORS request
2022-05-25 19:04:59 ERROR    Failure: http://localhost:8080/petclinic/owners/5/pets/add -> Failed to load resource: the server responded with a status of 403 ()
2022-05-25 19:04:59 ERROR    Failure: http://localhost:8080/petclinic/owners/5/pets/add -> Failed to load resource: the server responded with a status of 403 ()
2022-05-25 19:04:59 ERROR    Failure: http://localhost:8080/petclinic/owners/5/pets/add -> Access to XMLHttpRequest at 'http://localhost:9966/petclinic/api/owners/5/pets' from origin 'http://localhost:8080' has been blocked by CORS policy: Response to preflight request doesn't pass access control check: No 'Access-Control-Allow-Origin' header is present on the requested resource.
2022-05-25 19:04:59 ERROR    Failure: http://localhost:8080/petclinic/owners/5/pets/add -> JSHandle@object
2022-05-25 19:04:59 ERROR    Failure: http://localhost:8080/petclinic/owners/5/pets/add -> OwnerService::addPet failed: server returned code 0 with body "[object ProgressEvent]"
2022-05-25 19:04:59 ERROR    Failure: http://localhost:8080/petclinic/owners/5/pets/add -> status code(403) -> Invalid CORS request
2022-05-25 19:04:59 ERROR    Failure: http://localhost:8080/petclinic/owners/5/pets/add -> Failed to load resource: the server responded with a status of 403 ()
2022-05-25 19:04:59 ERROR    Failure: http://localhost:8080/petclinic/owners/5/pets/add -> Failed to load resource: the server responded with a status of 403 ()
2022-05-25 19:04:59 ERROR    Failure: http://localhost:8080/petclinic/owners/5/pets/add -> Access to XMLHttpRequest at 'http://localhost:9966/petclinic/api/owners/5/pets' from origin 'http://localhost:8080' has been blocked by CORS policy: Response to preflight request doesn't pass access control check: No 'Access-Control-Allow-Origin' header is present on the requested resource.
2022-05-25 19:04:59 ERROR    Failure: http://localhost:8080/petclinic/owners/5/pets/add -> JSHandle@object
2022-05-25 19:04:59 ERROR    Failure: http://localhost:8080/petclinic/owners/5/pets/add -> OwnerService::addPet failed: server returned code 0 with body "[object ProgressEvent]"
2022-05-25 19:04:59 ERROR    Failure: http://localhost:8080/petclinic/owners/5/pets/add -> status code(403) -> Invalid CORS request
2022-05-25 19:04:59 ERROR    Failure: http://localhost:8080/petclinic/owners/5/pets/add -> Failed to load resource: the server responded with a status of 403 ()
2022-05-25 19:04:59 ERROR    Failure: http://localhost:8080/petclinic/owners/5/pets/add -> Failed to load resource: the server responded with a status of 403 ()
2022-05-25 19:04:59 ERROR    Failure: http://localhost:8080/petclinic/owners/5/pets/add -> Access to XMLHttpRequest at 'http://localhost:9966/petclinic/api/owners/5/pets' from origin 'http://localhost:8080' has been blocked by CORS policy: Response to preflight request doesn't pass access control check: No 'Access-Control-Allow-Origin' header is present on the requested resource.
2022-05-25 19:04:59 ERROR    Failure: http://localhost:8080/petclinic/owners/5/pets/add -> JSHandle@object
2022-05-25 19:04:59 ERROR    Failure: http://localhost:8080/petclinic/owners/5/pets/add -> OwnerService::addPet failed: server returned code 0 with body "[object ProgressEvent]"
2022-05-25 19:04:59 ERROR    Failure: http://localhost:8080/petclinic/owners/5/pets/add -> status code(403) -> Invalid CORS request
2022-05-25 19:05:02 ERROR    Failure: http://localhost:8080/petclinic/specialties -> ERROR JSHandle@error
2022-05-25 19:05:02 ERROR    Failure: http://localhost:8080/petclinic/specialties -> ERROR JSHandle@error
2022-05-25 19:05:03 ERROR    Failure: http://localhost:8080/petclinic/specialties -> ERROR JSHandle@error
2022-05-25 19:05:03 ERROR    Failure: http://localhost:8080/petclinic/specialties -> ERROR JSHandle@error
2022-05-25 19:05:03 ERROR    Failure: http://localhost:8080/petclinic/specialties -> ERROR JSHandle@error
2022-05-25 19:05:03 ERROR    Failure: http://localhost:8080/petclinic/specialties -> ERROR JSHandle@error
2022-05-25 19:05:06 ERROR    Failure: http://localhost:8080/petclinic/ -> Failed to load resource: the server responded with a status of 404 (Not Found)
2022-05-25 19:05:06 ERROR    Failure: http://localhost:8080/petclinic -> status code(404) -> <html>		<head><title>404 Not Found</title></head>		<body>		<center><h1>404 Not Found</h1></center>		<hr><center>nginx/1.17.6</center>		</body>		</html>		<!-- a padding to disable MSIE and Chrome friendly error page -->		<!-- a padding to disable MSIE and Chrome friendly error page -->		<!-- a padding to disable MSIE and Chrome friendly error page -->		<!-- a padding to disable MSIE and Chrome friendly error page -->		<!-- a padding to disable MSIE and Chrome friendly error page -->		<!-- a padding to disable MSIE and Chrome friendly error page -->		
2022-05-25 19:05:10 ERROR    Failure: http://localhost:8080/petclinic/owners/5/pets/add -> Failed to load resource: the server responded with a status of 403 ()
2022-05-25 19:05:10 ERROR    Failure: http://localhost:8080/petclinic/owners/5/pets/add -> Failed to load resource: the server responded with a status of 403 ()
2022-05-25 19:05:10 ERROR    Failure: http://localhost:8080/petclinic/owners/5/pets/add -> Access to XMLHttpRequest at 'http://localhost:9966/petclinic/api/owners/5/pets' from origin 'http://localhost:8080' has been blocked by CORS policy: Response to preflight request doesn't pass access control check: No 'Access-Control-Allow-Origin' header is present on the requested resource.
2022-05-25 19:05:10 ERROR    Failure: http://localhost:8080/petclinic/owners/5/pets/add -> JSHandle@object
2022-05-25 19:05:10 ERROR    Failure: http://localhost:8080/petclinic/owners/5/pets/add -> OwnerService::addPet failed: server returned code 0 with body "[object ProgressEvent]"
2022-05-25 19:05:10 ERROR    Failure: http://localhost:8080/petclinic/owners/5/pets/add -> status code(403) -> Invalid CORS request
2022-05-25 19:05:14 ERROR    Failure: http://localhost:8080/petclinic/specialties -> ERROR JSHandle@error
2022-05-25 19:05:14 ERROR    Failure: http://localhost:8080/petclinic/specialties -> ERROR JSHandle@error
2022-05-25 19:05:14 ERROR    Failure: http://localhost:8080/petclinic/specialties -> ERROR JSHandle@error
2022-05-25 19:05:14 ERROR    Failure: http://localhost:8080/petclinic/specialties -> ERROR JSHandle@error
2022-05-25 19:05:14 ERROR    Failure: http://localhost:8080/petclinic/specialties -> ERROR JSHandle@error
2022-05-25 19:05:14 ERROR    Failure: http://localhost:8080/petclinic/specialties -> ERROR JSHandle@error
2022-05-25 19:05:27 ERROR    Failure: http://localhost:8080/petclinic/vets/add -> Failed to load resource: the server responded with a status of 400 ()
2022-05-25 19:05:27 ERROR    Failure: http://localhost:8080/petclinic/vets/add -> JSHandle@object
2022-05-25 19:05:27 ERROR    Failure: http://localhost:8080/petclinic/vets/add -> OwnerService::addVet failed: server returned code 400 with body "[object Object]"
2022-05-25 19:05:27 ERROR    Failure: http://localhost:8080/petclinic/vets/add -> status code(400) -> {"className":"java.lang.NullPointerException","exMessage":null}
2022-05-25 19:05:27 ERROR    Failure: http://localhost:8080/petclinic/vets/add -> Failed to load resource: the server responded with a status of 400 ()
2022-05-25 19:05:27 ERROR    Failure: http://localhost:8080/petclinic/vets/add -> JSHandle@object
2022-05-25 19:05:27 ERROR    Failure: http://localhost:8080/petclinic/vets/add -> OwnerService::addVet failed: server returned code 400 with body "[object Object]"
2022-05-25 19:05:27 ERROR    Failure: http://localhost:8080/petclinic/vets/add -> status code(400) -> {"className":"java.lang.NullPointerException","exMessage":null}
2022-05-25 19:05:27 ERROR    Failure: http://localhost:8080/petclinic/vets/add -> Failed to load resource: the server responded with a status of 400 ()
2022-05-25 19:05:27 ERROR    Failure: http://localhost:8080/petclinic/vets/add -> JSHandle@object
2022-05-25 19:05:27 ERROR    Failure: http://localhost:8080/petclinic/vets/add -> OwnerService::addVet failed: server returned code 400 with body "[object Object]"
2022-05-25 19:05:27 ERROR    Failure: http://localhost:8080/petclinic/vets/add -> status code(400) -> {"className":"java.lang.NullPointerException","exMessage":null}
2022-05-25 19:05:28 ERROR    Failure: http://localhost:8080/petclinic/vets/add -> Failed to load resource: the server responded with a status of 400 ()
2022-05-25 19:05:28 ERROR    Failure: http://localhost:8080/petclinic/vets/add -> JSHandle@object
2022-05-25 19:05:28 ERROR    Failure: http://localhost:8080/petclinic/vets/add -> OwnerService::addVet failed: server returned code 400 with body "[object Object]"
2022-05-25 19:05:28 ERROR    Failure: http://localhost:8080/petclinic/vets/add -> status code(400) -> {"className":"java.lang.NullPointerException","exMessage":null}
2022-05-25 19:05:33 ERROR    Failure: http://localhost:8080/petclinic/ -> Failed to load resource: the server responded with a status of 404 (Not Found)
2022-05-25 19:05:33 ERROR    Failure: http://localhost:8080/petclinic -> status code(404) -> <html>		<head><title>404 Not Found</title></head>		<body>		<center><h1>404 Not Found</h1></center>		<hr><center>nginx/1.17.6</center>		</body>		</html>		<!-- a padding to disable MSIE and Chrome friendly error page -->		<!-- a padding to disable MSIE and Chrome friendly error page -->		<!-- a padding to disable MSIE and Chrome friendly error page -->		<!-- a padding to disable MSIE and Chrome friendly error page -->		<!-- a padding to disable MSIE and Chrome friendly error page -->		<!-- a padding to disable MSIE and Chrome friendly error page -->		
2022-05-25 19:05:36 ERROR    Failure: http://localhost:8080/petclinic/pettypes/5/edit -> Failed to load resource: the server responded with a status of 400 ()
2022-05-25 19:05:36 ERROR    Failure: http://localhost:8080/petclinic/pettypes/5/edit -> JSHandle@object
2022-05-25 19:05:36 ERROR    Failure: http://localhost:8080/petclinic/pettypes/5/edit -> OwnerService::updatePetType failed: must not be empty
2022-05-25 19:05:36 ERROR    Failure: http://localhost:8080/petclinic/pettypes/5/edit -> status code(400) -> 
2022-05-25 19:05:36 ERROR    Failure: http://localhost:8080/petclinic/pettypes/5/edit -> Failed to load resource: the server responded with a status of 400 ()
2022-05-25 19:05:36 ERROR    Failure: http://localhost:8080/petclinic/pettypes/5/edit -> JSHandle@object
2022-05-25 19:05:36 ERROR    Failure: http://localhost:8080/petclinic/pettypes/5/edit -> OwnerService::updatePetType failed: must not be empty
2022-05-25 19:05:36 ERROR    Failure: http://localhost:8080/petclinic/pettypes/5/edit -> status code(400) -> 
2022-05-25 19:05:36 ERROR    Failure: http://localhost:8080/petclinic/pettypes/5/edit -> Failed to load resource: the server responded with a status of 400 ()
2022-05-25 19:05:36 ERROR    Failure: http://localhost:8080/petclinic/pettypes/5/edit -> JSHandle@object
2022-05-25 19:05:36 ERROR    Failure: http://localhost:8080/petclinic/pettypes/5/edit -> OwnerService::updatePetType failed: must not be empty
2022-05-25 19:05:36 ERROR    Failure: http://localhost:8080/petclinic/pettypes/5/edit -> status code(400) -> 
2022-05-25 19:05:39 ERROR    Failure: http://localhost:8080/petclinic/ -> Failed to load resource: the server responded with a status of 404 (Not Found)
2022-05-25 19:05:39 ERROR    Failure: http://localhost:8080/petclinic -> status code(404) -> <html>		<head><title>404 Not Found</title></head>		<body>		<center><h1>404 Not Found</h1></center>		<hr><center>nginx/1.17.6</center>		</body>		</html>		<!-- a padding to disable MSIE and Chrome friendly error page -->		<!-- a padding to disable MSIE and Chrome friendly error page -->		<!-- a padding to disable MSIE and Chrome friendly error page -->		<!-- a padding to disable MSIE and Chrome friendly error page -->		<!-- a padding to disable MSIE and Chrome friendly error page -->		<!-- a padding to disable MSIE and Chrome friendly error page -->		
2022-05-25 19:05:47 ERROR    Failure: http://localhost:8080/petclinic/ -> Failed to load resource: the server responded with a status of 404 (Not Found)
2022-05-25 19:05:47 ERROR    Failure: http://localhost:8080/petclinic -> status code(404) -> <html>		<head><title>404 Not Found</title></head>		<body>		<center><h1>404 Not Found</h1></center>		<hr><center>nginx/1.17.6</center>		</body>		</html>		<!-- a padding to disable MSIE and Chrome friendly error page -->		<!-- a padding to disable MSIE and Chrome friendly error page -->		<!-- a padding to disable MSIE and Chrome friendly error page -->		<!-- a padding to disable MSIE and Chrome friendly error page -->		<!-- a padding to disable MSIE and Chrome friendly error page -->		<!-- a padding to disable MSIE and Chrome friendly error page -->		
2022-05-25 19:05:49 ERROR    Failure: http://localhost:8080/petclinic/ -> Failed to load resource: the server responded with a status of 404 (Not Found)
2022-05-25 19:05:49 ERROR    Failure: http://localhost:8080/petclinic -> status code(404) -> <html>		<head><title>404 Not Found</title></head>		<body>		<center><h1>404 Not Found</h1></center>		<hr><center>nginx/1.17.6</center>		</body>		</html>		<!-- a padding to disable MSIE and Chrome friendly error page -->		<!-- a padding to disable MSIE and Chrome friendly error page -->		<!-- a padding to disable MSIE and Chrome friendly error page -->		<!-- a padding to disable MSIE and Chrome friendly error page -->		<!-- a padding to disable MSIE and Chrome friendly error page -->		<!-- a padding to disable MSIE and Chrome friendly error page -->		
2022-05-25 19:05:56 ERROR    Failure: http://localhost:8080/petclinic/owners/6/pets/add -> Failed to load resource: the server responded with a status of 403 ()
2022-05-25 19:05:56 ERROR    Failure: http://localhost:8080/petclinic/owners/6/pets/add -> Failed to load resource: the server responded with a status of 403 ()
2022-05-25 19:05:56 ERROR    Failure: http://localhost:8080/petclinic/owners/6/pets/add -> Access to XMLHttpRequest at 'http://localhost:9966/petclinic/api/owners/6/pets' from origin 'http://localhost:8080' has been blocked by CORS policy: Response to preflight request doesn't pass access control check: No 'Access-Control-Allow-Origin' header is present on the requested resource.
2022-05-25 19:05:56 ERROR    Failure: http://localhost:8080/petclinic/owners/6/pets/add -> JSHandle@object
2022-05-25 19:05:56 ERROR    Failure: http://localhost:8080/petclinic/owners/6/pets/add -> OwnerService::addPet failed: server returned code 0 with body "[object ProgressEvent]"
2022-05-25 19:05:56 ERROR    Failure: http://localhost:8080/petclinic/owners/6/pets/add -> status code(403) -> Invalid CORS request
2022-05-25 19:05:59 ERROR    Failure: http://localhost:8080/petclinic/specialties -> ERROR JSHandle@error
2022-05-25 19:05:59 ERROR    Failure: http://localhost:8080/petclinic/specialties -> ERROR JSHandle@error
2022-05-25 19:05:59 ERROR    Failure: http://localhost:8080/petclinic/specialties -> ERROR JSHandle@error
2022-05-25 19:05:59 ERROR    Failure: http://localhost:8080/petclinic/specialties -> ERROR JSHandle@error
2022-05-25 19:06:00 ERROR    Failure: http://localhost:8080/petclinic/specialties -> ERROR JSHandle@error
2022-05-25 19:06:00 ERROR    Failure: http://localhost:8080/petclinic/specialties -> ERROR JSHandle@error
2022-05-25 19:06:07 ERROR    Failure: http://localhost:8080/petclinic/owners/5/pets/add -> Failed to load resource: the server responded with a status of 403 ()
2022-05-25 19:06:07 ERROR    Failure: http://localhost:8080/petclinic/owners/5/pets/add -> Failed to load resource: the server responded with a status of 403 ()
2022-05-25 19:06:07 ERROR    Failure: http://localhost:8080/petclinic/owners/5/pets/add -> Access to XMLHttpRequest at 'http://localhost:9966/petclinic/api/owners/5/pets' from origin 'http://localhost:8080' has been blocked by CORS policy: Response to preflight request doesn't pass access control check: No 'Access-Control-Allow-Origin' header is present on the requested resource.
2022-05-25 19:06:07 ERROR    Failure: http://localhost:8080/petclinic/owners/5/pets/add -> JSHandle@object
2022-05-25 19:06:07 ERROR    Failure: http://localhost:8080/petclinic/owners/5/pets/add -> OwnerService::addPet failed: server returned code 0 with body "[object ProgressEvent]"
2022-05-25 19:06:07 ERROR    Failure: http://localhost:8080/petclinic/owners/5/pets/add -> status code(403) -> Invalid CORS request
2022-05-25 19:06:07 ERROR    Failure: http://localhost:8080/petclinic/owners/5/pets/add -> Failed to load resource: the server responded with a status of 403 ()
2022-05-25 19:06:07 ERROR    Failure: http://localhost:8080/petclinic/owners/5/pets/add -> Failed to load resource: the server responded with a status of 403 ()
2022-05-25 19:06:07 ERROR    Failure: http://localhost:8080/petclinic/owners/5/pets/add -> Access to XMLHttpRequest at 'http://localhost:9966/petclinic/api/owners/5/pets' from origin 'http://localhost:8080' has been blocked by CORS policy: Response to preflight request doesn't pass access control check: No 'Access-Control-Allow-Origin' header is present on the requested resource.
2022-05-25 19:06:07 ERROR    Failure: http://localhost:8080/petclinic/owners/5/pets/add -> JSHandle@object
2022-05-25 19:06:07 ERROR    Failure: http://localhost:8080/petclinic/owners/5/pets/add -> OwnerService::addPet failed: server returned code 0 with body "[object ProgressEvent]"
2022-05-25 19:06:07 ERROR    Failure: http://localhost:8080/petclinic/owners/5/pets/add -> status code(403) -> Invalid CORS request
2022-05-25 19:06:10 ERROR    Failure: http://localhost:8080/petclinic/ -> Failed to load resource: the server responded with a status of 404 (Not Found)
2022-05-25 19:06:10 ERROR    Failure: http://localhost:8080/petclinic -> status code(404) -> <html>		<head><title>404 Not Found</title></head>		<body>		<center><h1>404 Not Found</h1></center>		<hr><center>nginx/1.17.6</center>		</body>		</html>		<!-- a padding to disable MSIE and Chrome friendly error page -->		<!-- a padding to disable MSIE and Chrome friendly error page -->		<!-- a padding to disable MSIE and Chrome friendly error page -->		<!-- a padding to disable MSIE and Chrome friendly error page -->		<!-- a padding to disable MSIE and Chrome friendly error page -->		<!-- a padding to disable MSIE and Chrome friendly error page -->		
2022-05-25 19:06:25 ERROR    Failure: http://localhost:8080/petclinic/vets/add -> Failed to load resource: the server responded with a status of 400 ()
2022-05-25 19:06:25 ERROR    Failure: http://localhost:8080/petclinic/vets/add -> JSHandle@object
2022-05-25 19:06:25 ERROR    Failure: http://localhost:8080/petclinic/vets/add -> OwnerService::addVet failed: server returned code 400 with body "[object Object]"
2022-05-25 19:06:25 ERROR    Failure: http://localhost:8080/petclinic/vets/add -> status code(400) -> {"className":"java.lang.NullPointerException","exMessage":null}
2022-05-25 19:06:25 ERROR    Failure: http://localhost:8080/petclinic/vets/add -> Failed to load resource: the server responded with a status of 400 ()
2022-05-25 19:06:25 ERROR    Failure: http://localhost:8080/petclinic/vets/add -> JSHandle@object
2022-05-25 19:06:25 ERROR    Failure: http://localhost:8080/petclinic/vets/add -> OwnerService::addVet failed: server returned code 400 with body "[object Object]"
2022-05-25 19:06:25 ERROR    Failure: http://localhost:8080/petclinic/vets/add -> status code(400) -> {"className":"java.lang.NullPointerException","exMessage":null}
2022-05-25 19:06:26 ERROR    Failure: http://localhost:8080/petclinic/vets/add -> Failed to load resource: the server responded with a status of 400 ()
2022-05-25 19:06:26 ERROR    Failure: http://localhost:8080/petclinic/vets/add -> JSHandle@object
2022-05-25 19:06:26 ERROR    Failure: http://localhost:8080/petclinic/vets/add -> OwnerService::addVet failed: server returned code 400 with body "[object Object]"
2022-05-25 19:06:26 ERROR    Failure: http://localhost:8080/petclinic/vets/add -> status code(400) -> {"className":"java.lang.NullPointerException","exMessage":null}
2022-05-25 19:06:26 ERROR    Failure: http://localhost:8080/petclinic/vets/add -> Failed to load resource: the server responded with a status of 400 ()
2022-05-25 19:06:26 ERROR    Failure: http://localhost:8080/petclinic/vets/add -> JSHandle@object
2022-05-25 19:06:26 ERROR    Failure: http://localhost:8080/petclinic/vets/add -> OwnerService::addVet failed: server returned code 400 with body "[object Object]"
2022-05-25 19:06:26 ERROR    Failure: http://localhost:8080/petclinic/vets/add -> status code(400) -> {"className":"java.lang.NullPointerException","exMessage":null}
2022-05-25 19:06:32 ERROR    Failure: http://localhost:8080/petclinic/specialties -> ERROR JSHandle@error
2022-05-25 19:06:32 ERROR    Failure: http://localhost:8080/petclinic/specialties -> ERROR JSHandle@error
2022-05-25 19:06:32 ERROR    Failure: http://localhost:8080/petclinic/specialties -> ERROR JSHandle@error
2022-05-25 19:06:32 ERROR    Failure: http://localhost:8080/petclinic/specialties -> ERROR JSHandle@error
2022-05-25 19:06:32 ERROR    Failure: http://localhost:8080/petclinic/specialties -> ERROR JSHandle@error
2022-05-25 19:06:33 ERROR    Failure: http://localhost:8080/petclinic/specialties -> ERROR JSHandle@error
2022-05-25 19:06:35 ERROR    Failure: http://localhost:8080/petclinic/ -> Failed to load resource: the server responded with a status of 404 (Not Found)
2022-05-25 19:06:35 ERROR    Failure: http://localhost:8080/petclinic -> status code(404) -> <html>		<head><title>404 Not Found</title></head>		<body>		<center><h1>404 Not Found</h1></center>		<hr><center>nginx/1.17.6</center>		</body>		</html>		<!-- a padding to disable MSIE and Chrome friendly error page -->		<!-- a padding to disable MSIE and Chrome friendly error page -->		<!-- a padding to disable MSIE and Chrome friendly error page -->		<!-- a padding to disable MSIE and Chrome friendly error page -->		<!-- a padding to disable MSIE and Chrome friendly error page -->		<!-- a padding to disable MSIE and Chrome friendly error page -->		
2022-05-25 19:06:41 ERROR    Failure: http://localhost:8080/petclinic/specialties -> ERROR JSHandle@error
2022-05-25 19:06:41 ERROR    Failure: http://localhost:8080/petclinic/specialties -> ERROR JSHandle@error
2022-05-25 19:06:41 ERROR    Failure: http://localhost:8080/petclinic/specialties -> ERROR JSHandle@error
2022-05-25 19:06:41 ERROR    Failure: http://localhost:8080/petclinic/specialties -> ERROR JSHandle@error
2022-05-25 19:06:42 ERROR    Failure: http://localhost:8080/petclinic/specialties -> ERROR JSHandle@error
2022-05-25 19:06:42 ERROR    Failure: http://localhost:8080/petclinic/specialties -> ERROR JSHandle@error
2022-05-25 19:06:45 ERROR    Failure: http://localhost:8080/petclinic/specialties -> ERROR JSHandle@error
2022-05-25 19:06:45 ERROR    Failure: http://localhost:8080/petclinic/specialties -> ERROR JSHandle@error
2022-05-25 19:06:45 ERROR    Failure: http://localhost:8080/petclinic/specialties -> ERROR JSHandle@error
2022-05-25 19:06:45 ERROR    Failure: http://localhost:8080/petclinic/specialties -> ERROR JSHandle@error
2022-05-25 19:06:45 ERROR    Failure: http://localhost:8080/petclinic/specialties -> ERROR JSHandle@error
2022-05-25 19:06:46 ERROR    Failure: http://localhost:8080/petclinic/specialties -> ERROR JSHandle@error
2022-05-25 19:06:48 ERROR    Failure: http://localhost:8080/petclinic/ -> Failed to load resource: the server responded with a status of 404 (Not Found)
2022-05-25 19:06:48 ERROR    Failure: http://localhost:8080/petclinic -> status code(404) -> <html>		<head><title>404 Not Found</title></head>		<body>		<center><h1>404 Not Found</h1></center>		<hr><center>nginx/1.17.6</center>		</body>		</html>		<!-- a padding to disable MSIE and Chrome friendly error page -->		<!-- a padding to disable MSIE and Chrome friendly error page -->		<!-- a padding to disable MSIE and Chrome friendly error page -->		<!-- a padding to disable MSIE and Chrome friendly error page -->		<!-- a padding to disable MSIE and Chrome friendly error page -->		<!-- a padding to disable MSIE and Chrome friendly error page -->		
2022-05-25 19:06:51 ERROR    Failure: http://localhost:8080/petclinic/ -> Failed to load resource: the server responded with a status of 404 (Not Found)
2022-05-25 19:06:51 ERROR    Failure: http://localhost:8080/petclinic -> status code(404) -> <html>		<head><title>404 Not Found</title></head>		<body>		<center><h1>404 Not Found</h1></center>		<hr><center>nginx/1.17.6</center>		</body>		</html>		<!-- a padding to disable MSIE and Chrome friendly error page -->		<!-- a padding to disable MSIE and Chrome friendly error page -->		<!-- a padding to disable MSIE and Chrome friendly error page -->		<!-- a padding to disable MSIE and Chrome friendly error page -->		<!-- a padding to disable MSIE and Chrome friendly error page -->		<!-- a padding to disable MSIE and Chrome friendly error page -->		
2022-05-25 19:06:53 ERROR    Failure: http://localhost:8080/petclinic/pettypes -> Failed to load resource: the server responded with a status of 404 ()
2022-05-25 19:06:53 ERROR    Failure: http://localhost:8080/petclinic/pettypes -> JSHandle@object
2022-05-25 19:06:53 ERROR    Failure: http://localhost:8080/petclinic/pettypes -> OwnerService::getPetTypes failed: server returned code 404 with body "null"
2022-05-25 19:06:53 ERROR    Failure: http://localhost:8080/petclinic/pettypes -> status code(404) -> 
2022-05-25 19:06:55 ERROR    Failure: http://localhost:8080/petclinic/pettypes -> Failed to load resource: the server responded with a status of 400 ()
2022-05-25 19:06:55 ERROR    Failure: http://localhost:8080/petclinic/pettypes -> JSHandle@object
2022-05-25 19:06:55 ERROR    Failure: http://localhost:8080/petclinic/pettypes -> OwnerService::addPetType failed: server returned code 400 with body "[object Object]"
2022-05-25 19:06:55 ERROR    Failure: http://localhost:8080/petclinic/pettypes -> status code(400) -> {"className":"java.lang.NullPointerException","exMessage":null}
2022-05-25 19:06:55 ERROR    Failure: http://localhost:8080/petclinic/pettypes -> Failed to load resource: the server responded with a status of 400 ()
2022-05-25 19:06:55 ERROR    Failure: http://localhost:8080/petclinic/pettypes -> JSHandle@object
2022-05-25 19:06:55 ERROR    Failure: http://localhost:8080/petclinic/pettypes -> OwnerService::addPetType failed: server returned code 400 with body "[object Object]"
2022-05-25 19:06:55 ERROR    Failure: http://localhost:8080/petclinic/pettypes -> status code(400) -> {"className":"java.lang.NullPointerException","exMessage":null}
2022-05-25 19:06:58 ERROR    Failure: http://localhost:8080/petclinic/ -> Failed to load resource: the server responded with a status of 404 (Not Found)
2022-05-25 19:06:58 ERROR    Failure: http://localhost:8080/petclinic -> status code(404) -> <html>		<head><title>404 Not Found</title></head>		<body>		<center><h1>404 Not Found</h1></center>		<hr><center>nginx/1.17.6</center>		</body>		</html>		<!-- a padding to disable MSIE and Chrome friendly error page -->		<!-- a padding to disable MSIE and Chrome friendly error page -->		<!-- a padding to disable MSIE and Chrome friendly error page -->		<!-- a padding to disable MSIE and Chrome friendly error page -->		<!-- a padding to disable MSIE and Chrome friendly error page -->		<!-- a padding to disable MSIE and Chrome friendly error page -->		
2022-05-25 19:07:01 ERROR    Failure: http://localhost:8080/petclinic/specialties -> ERROR JSHandle@error
2022-05-25 19:07:01 ERROR    Failure: http://localhost:8080/petclinic/specialties -> ERROR JSHandle@error
2022-05-25 19:07:01 ERROR    Failure: http://localhost:8080/petclinic/specialties -> ERROR JSHandle@error
2022-05-25 19:07:01 ERROR    Failure: http://localhost:8080/petclinic/specialties -> ERROR JSHandle@error
2022-05-25 19:07:02 ERROR    Failure: http://localhost:8080/petclinic/specialties -> ERROR JSHandle@error
2022-05-25 19:07:02 ERROR    Failure: http://localhost:8080/petclinic/specialties -> ERROR JSHandle@error
2022-05-25 19:07:10 ERROR    Failure: http://localhost:8080/petclinic/ -> Failed to load resource: the server responded with a status of 404 (Not Found)
2022-05-25 19:07:10 ERROR    Failure: http://localhost:8080/petclinic -> status code(404) -> <html>		<head><title>404 Not Found</title></head>		<body>		<center><h1>404 Not Found</h1></center>		<hr><center>nginx/1.17.6</center>		</body>		</html>		<!-- a padding to disable MSIE and Chrome friendly error page -->		<!-- a padding to disable MSIE and Chrome friendly error page -->		<!-- a padding to disable MSIE and Chrome friendly error page -->		<!-- a padding to disable MSIE and Chrome friendly error page -->		<!-- a padding to disable MSIE and Chrome friendly error page -->		<!-- a padding to disable MSIE and Chrome friendly error page -->		
2022-05-25 19:07:13 ERROR    Failure: http://localhost:8080/petclinic/specialties -> ERROR JSHandle@error
2022-05-25 19:07:13 ERROR    Failure: http://localhost:8080/petclinic/specialties -> ERROR JSHandle@error
2022-05-25 19:07:13 ERROR    Failure: http://localhost:8080/petclinic/specialties -> ERROR JSHandle@error
2022-05-25 19:07:13 ERROR    Failure: http://localhost:8080/petclinic/specialties -> ERROR JSHandle@error
2022-05-25 19:07:13 ERROR    Failure: http://localhost:8080/petclinic/specialties -> ERROR JSHandle@error
2022-05-25 19:07:14 ERROR    Failure: http://localhost:8080/petclinic/specialties -> ERROR JSHandle@error
2022-05-25 19:07:18 ERROR    Failure: http://localhost:8080/petclinic/vets/add -> Failed to load resource: the server responded with a status of 400 ()
2022-05-25 19:07:18 ERROR    Failure: http://localhost:8080/petclinic/vets/add -> JSHandle@object
2022-05-25 19:07:18 ERROR    Failure: http://localhost:8080/petclinic/vets/add -> OwnerService::addVet failed: server returned code 400 with body "[object Object]"
2022-05-25 19:07:18 ERROR    Failure: http://localhost:8080/petclinic/vets/add -> status code(400) -> {"className":"java.lang.NullPointerException","exMessage":null}
2022-05-25 19:07:18 ERROR    Failure: http://localhost:8080/petclinic/vets/add -> Failed to load resource: the server responded with a status of 400 ()
2022-05-25 19:07:18 ERROR    Failure: http://localhost:8080/petclinic/vets/add -> JSHandle@object
2022-05-25 19:07:18 ERROR    Failure: http://localhost:8080/petclinic/vets/add -> OwnerService::addVet failed: server returned code 400 with body "[object Object]"
2022-05-25 19:07:18 ERROR    Failure: http://localhost:8080/petclinic/vets/add -> status code(400) -> {"className":"java.lang.NullPointerException","exMessage":null}
2022-05-25 19:07:18 ERROR    Failure: http://localhost:8080/petclinic/vets/add -> Failed to load resource: the server responded with a status of 400 ()
2022-05-25 19:07:18 ERROR    Failure: http://localhost:8080/petclinic/vets/add -> JSHandle@object
2022-05-25 19:07:18 ERROR    Failure: http://localhost:8080/petclinic/vets/add -> OwnerService::addVet failed: server returned code 400 with body "[object Object]"
2022-05-25 19:07:18 ERROR    Failure: http://localhost:8080/petclinic/vets/add -> status code(400) -> {"className":"java.lang.NullPointerException","exMessage":null}
2022-05-25 19:07:18 ERROR    Failure: http://localhost:8080/petclinic/vets/add -> Failed to load resource: the server responded with a status of 400 ()
2022-05-25 19:07:18 ERROR    Failure: http://localhost:8080/petclinic/vets/add -> JSHandle@object
2022-05-25 19:07:18 ERROR    Failure: http://localhost:8080/petclinic/vets/add -> OwnerService::addVet failed: server returned code 400 with body "[object Object]"
2022-05-25 19:07:18 ERROR    Failure: http://localhost:8080/petclinic/vets/add -> status code(400) -> {"className":"java.lang.NullPointerException","exMessage":null}
2022-05-25 19:07:18 ERROR    Failure: http://localhost:8080/petclinic/vets/add -> Failed to load resource: the server responded with a status of 400 ()
2022-05-25 19:07:18 ERROR    Failure: http://localhost:8080/petclinic/vets/add -> JSHandle@object
2022-05-25 19:07:18 ERROR    Failure: http://localhost:8080/petclinic/vets/add -> OwnerService::addVet failed: server returned code 400 with body "[object Object]"
2022-05-25 19:07:18 ERROR    Failure: http://localhost:8080/petclinic/vets/add -> status code(400) -> {"className":"java.lang.NullPointerException","exMessage":null}
2022-05-25 19:07:22 ERROR    Failure: http://localhost:8080/petclinic/specialties -> ERROR JSHandle@error
2022-05-25 19:07:22 ERROR    Failure: http://localhost:8080/petclinic/specialties -> ERROR JSHandle@error
2022-05-25 19:07:22 ERROR    Failure: http://localhost:8080/petclinic/specialties -> ERROR JSHandle@error
2022-05-25 19:07:23 ERROR    Failure: http://localhost:8080/petclinic/specialties -> ERROR JSHandle@error
2022-05-25 19:07:23 ERROR    Failure: http://localhost:8080/petclinic/specialties -> ERROR JSHandle@error
2022-05-25 19:07:23 ERROR    Failure: http://localhost:8080/petclinic/specialties -> ERROR JSHandle@error
2022-05-25 19:07:23 ERROR    Failure: http://localhost:8080/petclinic/specialties -> ERROR JSHandle@error
2022-05-25 19:07:27 ERROR    Failure: http://localhost:8080/petclinic/vets/add -> Failed to load resource: the server responded with a status of 400 ()
2022-05-25 19:07:27 ERROR    Failure: http://localhost:8080/petclinic/vets/add -> JSHandle@object
2022-05-25 19:07:27 ERROR    Failure: http://localhost:8080/petclinic/vets/add -> OwnerService::addVet failed: server returned code 400 with body "[object Object]"
2022-05-25 19:07:27 ERROR    Failure: http://localhost:8080/petclinic/vets/add -> status code(400) -> {"className":"java.lang.NullPointerException","exMessage":null}
2022-05-25 19:07:27 ERROR    Failure: http://localhost:8080/petclinic/vets/add -> Failed to load resource: the server responded with a status of 400 ()
2022-05-25 19:07:27 ERROR    Failure: http://localhost:8080/petclinic/vets/add -> JSHandle@object
2022-05-25 19:07:27 ERROR    Failure: http://localhost:8080/petclinic/vets/add -> OwnerService::addVet failed: server returned code 400 with body "[object Object]"
2022-05-25 19:07:27 ERROR    Failure: http://localhost:8080/petclinic/vets/add -> status code(400) -> {"className":"java.lang.NullPointerException","exMessage":null}
2022-05-25 19:07:27 ERROR    Failure: http://localhost:8080/petclinic/vets/add -> Failed to load resource: the server responded with a status of 400 ()
2022-05-25 19:07:27 ERROR    Failure: http://localhost:8080/petclinic/vets/add -> JSHandle@object
2022-05-25 19:07:27 ERROR    Failure: http://localhost:8080/petclinic/vets/add -> OwnerService::addVet failed: server returned code 400 with body "[object Object]"
2022-05-25 19:07:27 ERROR    Failure: http://localhost:8080/petclinic/vets/add -> status code(400) -> {"className":"java.lang.NullPointerException","exMessage":null}
2022-05-25 19:07:28 ERROR    Failure: http://localhost:8080/petclinic/vets/add -> Failed to load resource: the server responded with a status of 400 ()
2022-05-25 19:07:28 ERROR    Failure: http://localhost:8080/petclinic/vets/add -> JSHandle@object
2022-05-25 19:07:28 ERROR    Failure: http://localhost:8080/petclinic/vets/add -> OwnerService::addVet failed: server returned code 400 with body "[object Object]"
2022-05-25 19:07:28 ERROR    Failure: http://localhost:8080/petclinic/vets/add -> status code(400) -> {"className":"java.lang.NullPointerException","exMessage":null}
2022-05-25 19:07:28 ERROR    Failure: http://localhost:8080/petclinic/vets/add -> Failed to load resource: the server responded with a status of 400 ()
2022-05-25 19:07:28 ERROR    Failure: http://localhost:8080/petclinic/vets/add -> JSHandle@object
2022-05-25 19:07:28 ERROR    Failure: http://localhost:8080/petclinic/vets/add -> OwnerService::addVet failed: server returned code 400 with body "[object Object]"
2022-05-25 19:07:28 ERROR    Failure: http://localhost:8080/petclinic/vets/add -> status code(400) -> {"className":"java.lang.NullPointerException","exMessage":null}
2022-05-25 19:07:28 ERROR    Failure: http://localhost:8080/petclinic/vets/add -> Failed to load resource: the server responded with a status of 400 ()
2022-05-25 19:07:28 ERROR    Failure: http://localhost:8080/petclinic/vets/add -> JSHandle@object
2022-05-25 19:07:28 ERROR    Failure: http://localhost:8080/petclinic/vets/add -> OwnerService::addVet failed: server returned code 400 with body "[object Object]"
2022-05-25 19:07:28 ERROR    Failure: http://localhost:8080/petclinic/vets/add -> status code(400) -> {"className":"java.lang.NullPointerException","exMessage":null}
2022-05-25 19:07:35 ERROR    Failure: http://localhost:8080/petclinic/specialties -> ERROR JSHandle@error
2022-05-25 19:07:36 ERROR    Failure: http://localhost:8080/petclinic/specialties -> ERROR JSHandle@error
2022-05-25 19:07:36 ERROR    Failure: http://localhost:8080/petclinic/specialties -> ERROR JSHandle@error
2022-05-25 19:07:36 ERROR    Failure: http://localhost:8080/petclinic/specialties -> ERROR JSHandle@error
2022-05-25 19:07:36 ERROR    Failure: http://localhost:8080/petclinic/specialties -> ERROR JSHandle@error
2022-05-25 19:07:36 ERROR    Failure: http://localhost:8080/petclinic/specialties -> ERROR JSHandle@error
2022-05-25 19:07:39 ERROR    Failure: http://localhost:8080/petclinic/ -> Failed to load resource: the server responded with a status of 404 (Not Found)
2022-05-25 19:07:39 ERROR    Failure: http://localhost:8080/petclinic -> status code(404) -> <html>		<head><title>404 Not Found</title></head>		<body>		<center><h1>404 Not Found</h1></center>		<hr><center>nginx/1.17.6</center>		</body>		</html>		<!-- a padding to disable MSIE and Chrome friendly error page -->		<!-- a padding to disable MSIE and Chrome friendly error page -->		<!-- a padding to disable MSIE and Chrome friendly error page -->		<!-- a padding to disable MSIE and Chrome friendly error page -->		<!-- a padding to disable MSIE and Chrome friendly error page -->		<!-- a padding to disable MSIE and Chrome friendly error page -->		
2022-05-25 19:07:46 ERROR    Failure: http://localhost:8080/petclinic/pettypes -> Failed to load resource: the server responded with a status of 400 ()
2022-05-25 19:07:46 ERROR    Failure: http://localhost:8080/petclinic/pettypes -> JSHandle@object
2022-05-25 19:07:46 ERROR    Failure: http://localhost:8080/petclinic/pettypes -> OwnerService::addPetType failed: server returned code 400 with body "[object Object]"
2022-05-25 19:07:46 ERROR    Failure: http://localhost:8080/petclinic/pettypes -> status code(400) -> {"className":"java.lang.NullPointerException","exMessage":null}
2022-05-25 19:07:46 ERROR    Failure: http://localhost:8080/petclinic/pettypes -> Failed to load resource: the server responded with a status of 400 ()
2022-05-25 19:07:46 ERROR    Failure: http://localhost:8080/petclinic/pettypes -> JSHandle@object
2022-05-25 19:07:46 ERROR    Failure: http://localhost:8080/petclinic/pettypes -> OwnerService::addPetType failed: server returned code 400 with body "[object Object]"
2022-05-25 19:07:46 ERROR    Failure: http://localhost:8080/petclinic/pettypes -> status code(400) -> {"className":"java.lang.NullPointerException","exMessage":null}
2022-05-25 19:07:46 ERROR    Failure: http://localhost:8080/petclinic/pettypes -> Failed to load resource: the server responded with a status of 400 ()
2022-05-25 19:07:46 ERROR    Failure: http://localhost:8080/petclinic/pettypes -> JSHandle@object
2022-05-25 19:07:46 ERROR    Failure: http://localhost:8080/petclinic/pettypes -> OwnerService::addPetType failed: server returned code 400 with body "[object Object]"
2022-05-25 19:07:46 ERROR    Failure: http://localhost:8080/petclinic/pettypes -> status code(400) -> {"className":"java.lang.NullPointerException","exMessage":null}
2022-05-25 19:07:51 ERROR    Failure: http://localhost:8080/petclinic/vets/add -> Failed to load resource: the server responded with a status of 400 ()
2022-05-25 19:07:51 ERROR    Failure: http://localhost:8080/petclinic/vets/add -> JSHandle@object
2022-05-25 19:07:51 ERROR    Failure: http://localhost:8080/petclinic/vets/add -> OwnerService::addVet failed: server returned code 400 with body "[object Object]"
2022-05-25 19:07:51 ERROR    Failure: http://localhost:8080/petclinic/vets/add -> status code(400) -> {"className":"java.lang.NullPointerException","exMessage":null}
2022-05-25 19:07:51 ERROR    Failure: http://localhost:8080/petclinic/vets/add -> Failed to load resource: the server responded with a status of 400 ()
2022-05-25 19:07:51 ERROR    Failure: http://localhost:8080/petclinic/vets/add -> JSHandle@object
2022-05-25 19:07:51 ERROR    Failure: http://localhost:8080/petclinic/vets/add -> OwnerService::addVet failed: server returned code 400 with body "[object Object]"
2022-05-25 19:07:51 ERROR    Failure: http://localhost:8080/petclinic/vets/add -> status code(400) -> {"className":"java.lang.NullPointerException","exMessage":null}
2022-05-25 19:07:52 ERROR    Failure: http://localhost:8080/petclinic/vets/add -> Failed to load resource: the server responded with a status of 400 ()
2022-05-25 19:07:52 ERROR    Failure: http://localhost:8080/petclinic/vets/add -> JSHandle@object
2022-05-25 19:07:52 ERROR    Failure: http://localhost:8080/petclinic/vets/add -> OwnerService::addVet failed: server returned code 400 with body "[object Object]"
2022-05-25 19:07:52 ERROR    Failure: http://localhost:8080/petclinic/vets/add -> status code(400) -> {"className":"java.lang.NullPointerException","exMessage":null}
2022-05-25 19:07:52 ERROR    Failure: http://localhost:8080/petclinic/vets/add -> Failed to load resource: the server responded with a status of 400 ()
2022-05-25 19:07:52 ERROR    Failure: http://localhost:8080/petclinic/vets/add -> JSHandle@object
2022-05-25 19:07:52 ERROR    Failure: http://localhost:8080/petclinic/vets/add -> OwnerService::addVet failed: server returned code 400 with body "[object Object]"
2022-05-25 19:07:52 ERROR    Failure: http://localhost:8080/petclinic/vets/add -> status code(400) -> {"className":"java.lang.NullPointerException","exMessage":null}
2022-05-25 19:07:52 ERROR    Failure: http://localhost:8080/petclinic/vets/add -> Failed to load resource: the server responded with a status of 400 ()
2022-05-25 19:07:52 ERROR    Failure: http://localhost:8080/petclinic/vets/add -> JSHandle@object
2022-05-25 19:07:52 ERROR    Failure: http://localhost:8080/petclinic/vets/add -> OwnerService::addVet failed: must not be empty
2022-05-25 19:07:52 ERROR    Failure: http://localhost:8080/petclinic/vets/add -> status code(400) -> 
2022-05-25 19:07:55 ERROR    Failure: http://localhost:8080/petclinic/ -> Failed to load resource: the server responded with a status of 404 (Not Found)
2022-05-25 19:07:55 ERROR    Failure: http://localhost:8080/petclinic -> status code(404) -> <html>		<head><title>404 Not Found</title></head>		<body>		<center><h1>404 Not Found</h1></center>		<hr><center>nginx/1.17.6</center>		</body>		</html>		<!-- a padding to disable MSIE and Chrome friendly error page -->		<!-- a padding to disable MSIE and Chrome friendly error page -->		<!-- a padding to disable MSIE and Chrome friendly error page -->		<!-- a padding to disable MSIE and Chrome friendly error page -->		<!-- a padding to disable MSIE and Chrome friendly error page -->		<!-- a padding to disable MSIE and Chrome friendly error page -->		
2022-05-25 19:07:58 ERROR    Failure: http://localhost:8080/petclinic/ -> Failed to load resource: the server responded with a status of 404 (Not Found)
2022-05-25 19:07:58 ERROR    Failure: http://localhost:8080/petclinic -> status code(404) -> <html>		<head><title>404 Not Found</title></head>		<body>		<center><h1>404 Not Found</h1></center>		<hr><center>nginx/1.17.6</center>		</body>		</html>		<!-- a padding to disable MSIE and Chrome friendly error page -->		<!-- a padding to disable MSIE and Chrome friendly error page -->		<!-- a padding to disable MSIE and Chrome friendly error page -->		<!-- a padding to disable MSIE and Chrome friendly error page -->		<!-- a padding to disable MSIE and Chrome friendly error page -->		<!-- a padding to disable MSIE and Chrome friendly error page -->		
2022-05-25 19:08:01 ERROR    Failure: http://localhost:8080/petclinic/ -> Failed to load resource: the server responded with a status of 404 (Not Found)
2022-05-25 19:08:01 ERROR    Failure: http://localhost:8080/petclinic -> status code(404) -> <html>		<head><title>404 Not Found</title></head>		<body>		<center><h1>404 Not Found</h1></center>		<hr><center>nginx/1.17.6</center>		</body>		</html>		<!-- a padding to disable MSIE and Chrome friendly error page -->		<!-- a padding to disable MSIE and Chrome friendly error page -->		<!-- a padding to disable MSIE and Chrome friendly error page -->		<!-- a padding to disable MSIE and Chrome friendly error page -->		<!-- a padding to disable MSIE and Chrome friendly error page -->		<!-- a padding to disable MSIE and Chrome friendly error page -->		
2022-05-25 19:08:04 ERROR    Failure: http://localhost:8080/petclinic/ -> Failed to load resource: the server responded with a status of 404 (Not Found)
2022-05-25 19:08:04 ERROR    Failure: http://localhost:8080/petclinic -> status code(404) -> <html>		<head><title>404 Not Found</title></head>		<body>		<center><h1>404 Not Found</h1></center>		<hr><center>nginx/1.17.6</center>		</body>		</html>		<!-- a padding to disable MSIE and Chrome friendly error page -->		<!-- a padding to disable MSIE and Chrome friendly error page -->		<!-- a padding to disable MSIE and Chrome friendly error page -->		<!-- a padding to disable MSIE and Chrome friendly error page -->		<!-- a padding to disable MSIE and Chrome friendly error page -->		<!-- a padding to disable MSIE and Chrome friendly error page -->		
2022-05-25 19:08:12 ERROR    Failure: http://localhost:8080/petclinic/specialties -> ERROR JSHandle@error
2022-05-25 19:08:12 ERROR    Failure: http://localhost:8080/petclinic/specialties -> ERROR JSHandle@error
2022-05-25 19:08:12 ERROR    Failure: http://localhost:8080/petclinic/specialties -> ERROR JSHandle@error
2022-05-25 19:08:13 ERROR    Failure: http://localhost:8080/petclinic/specialties -> ERROR JSHandle@error
2022-05-25 19:08:13 ERROR    Failure: http://localhost:8080/petclinic/specialties -> ERROR JSHandle@error
2022-05-25 19:08:13 ERROR    Failure: http://localhost:8080/petclinic/specialties -> ERROR JSHandle@error
2022-05-25 19:08:26 ERROR    Failure: http://localhost:8080/petclinic/vets/add -> Failed to load resource: the server responded with a status of 400 ()
2022-05-25 19:08:26 ERROR    Failure: http://localhost:8080/petclinic/vets/add -> JSHandle@object
2022-05-25 19:08:26 ERROR    Failure: http://localhost:8080/petclinic/vets/add -> OwnerService::addVet failed: server returned code 400 with body "[object Object]"
2022-05-25 19:08:26 ERROR    Failure: http://localhost:8080/petclinic/vets/add -> status code(400) -> {"className":"java.lang.NullPointerException","exMessage":null}
2022-05-25 19:08:26 ERROR    Failure: http://localhost:8080/petclinic/vets/add -> Failed to load resource: the server responded with a status of 400 ()
2022-05-25 19:08:26 ERROR    Failure: http://localhost:8080/petclinic/vets/add -> JSHandle@object
2022-05-25 19:08:26 ERROR    Failure: http://localhost:8080/petclinic/vets/add -> OwnerService::addVet failed: server returned code 400 with body "[object Object]"
2022-05-25 19:08:26 ERROR    Failure: http://localhost:8080/petclinic/vets/add -> status code(400) -> {"className":"java.lang.NullPointerException","exMessage":null}
2022-05-25 19:08:27 ERROR    Failure: http://localhost:8080/petclinic/vets/add -> Failed to load resource: the server responded with a status of 400 ()
2022-05-25 19:08:27 ERROR    Failure: http://localhost:8080/petclinic/vets/add -> JSHandle@object
2022-05-25 19:08:27 ERROR    Failure: http://localhost:8080/petclinic/vets/add -> OwnerService::addVet failed: server returned code 400 with body "[object Object]"
2022-05-25 19:08:27 ERROR    Failure: http://localhost:8080/petclinic/vets/add -> status code(400) -> {"className":"java.lang.NullPointerException","exMessage":null}
2022-05-25 19:08:31 ERROR    Failure: http://localhost:8080/petclinic/vets/add -> Failed to load resource: the server responded with a status of 400 ()
2022-05-25 19:08:31 ERROR    Failure: http://localhost:8080/petclinic/vets/add -> JSHandle@object
2022-05-25 19:08:31 ERROR    Failure: http://localhost:8080/petclinic/vets/add -> OwnerService::addVet failed: server returned code 400 with body "[object Object]"
2022-05-25 19:08:31 ERROR    Failure: http://localhost:8080/petclinic/vets/add -> status code(400) -> {"className":"java.lang.NullPointerException","exMessage":null}
2022-05-25 19:08:31 ERROR    Failure: http://localhost:8080/petclinic/vets/add -> Failed to load resource: the server responded with a status of 400 ()
2022-05-25 19:08:31 ERROR    Failure: http://localhost:8080/petclinic/vets/add -> JSHandle@object
2022-05-25 19:08:31 ERROR    Failure: http://localhost:8080/petclinic/vets/add -> OwnerService::addVet failed: server returned code 400 with body "[object Object]"
2022-05-25 19:08:31 ERROR    Failure: http://localhost:8080/petclinic/vets/add -> status code(400) -> {"className":"java.lang.NullPointerException","exMessage":null}
2022-05-25 19:08:31 ERROR    Failure: http://localhost:8080/petclinic/vets/add -> Failed to load resource: the server responded with a status of 400 ()
2022-05-25 19:08:31 ERROR    Failure: http://localhost:8080/petclinic/vets/add -> JSHandle@object
2022-05-25 19:08:31 ERROR    Failure: http://localhost:8080/petclinic/vets/add -> OwnerService::addVet failed: server returned code 400 with body "[object Object]"
2022-05-25 19:08:31 ERROR    Failure: http://localhost:8080/petclinic/vets/add -> status code(400) -> {"className":"java.lang.NullPointerException","exMessage":null}
2022-05-25 19:08:31 ERROR    Failure: http://localhost:8080/petclinic/vets/add -> Failed to load resource: the server responded with a status of 400 ()
2022-05-25 19:08:31 ERROR    Failure: http://localhost:8080/petclinic/vets/add -> JSHandle@object
2022-05-25 19:08:31 ERROR    Failure: http://localhost:8080/petclinic/vets/add -> OwnerService::addVet failed: server returned code 400 with body "[object Object]"
2022-05-25 19:08:31 ERROR    Failure: http://localhost:8080/petclinic/vets/add -> status code(400) -> {"className":"java.lang.NullPointerException","exMessage":null}
2022-05-25 19:08:32 ERROR    Failure: http://localhost:8080/petclinic/vets/add -> Failed to load resource: the server responded with a status of 400 ()
2022-05-25 19:08:32 ERROR    Failure: http://localhost:8080/petclinic/vets/add -> JSHandle@object
2022-05-25 19:08:32 ERROR    Failure: http://localhost:8080/petclinic/vets/add -> OwnerService::addVet failed: must not be empty
2022-05-25 19:08:32 ERROR    Failure: http://localhost:8080/petclinic/vets/add -> status code(400) -> 
2022-05-25 19:08:32 ERROR    Failure: http://localhost:8080/petclinic/vets/add -> Failed to load resource: the server responded with a status of 400 ()
2022-05-25 19:08:32 ERROR    Failure: http://localhost:8080/petclinic/vets/add -> JSHandle@object
2022-05-25 19:08:32 ERROR    Failure: http://localhost:8080/petclinic/vets/add -> OwnerService::addVet failed: must not be empty
2022-05-25 19:08:32 ERROR    Failure: http://localhost:8080/petclinic/vets/add -> status code(400) -> 
2022-05-25 19:08:32 ERROR    Failure: http://localhost:8080/petclinic/vets/add -> Failed to load resource: the server responded with a status of 400 ()
2022-05-25 19:08:32 ERROR    Failure: http://localhost:8080/petclinic/vets/add -> JSHandle@object
2022-05-25 19:08:32 ERROR    Failure: http://localhost:8080/petclinic/vets/add -> OwnerService::addVet failed: must not be empty
2022-05-25 19:08:32 ERROR    Failure: http://localhost:8080/petclinic/vets/add -> status code(400) -> 
2022-05-25 19:08:32 ERROR    Failure: http://localhost:8080/petclinic/vets/add -> Failed to load resource: the server responded with a status of 400 ()
2022-05-25 19:08:32 ERROR    Failure: http://localhost:8080/petclinic/vets/add -> JSHandle@object
2022-05-25 19:08:32 ERROR    Failure: http://localhost:8080/petclinic/vets/add -> OwnerService::addVet failed: must not be empty
2022-05-25 19:08:32 ERROR    Failure: http://localhost:8080/petclinic/vets/add -> status code(400) -> 
2022-05-25 19:08:35 ERROR    Failure: http://localhost:8080/petclinic/specialties -> ERROR JSHandle@error
2022-05-25 19:08:36 ERROR    Failure: http://localhost:8080/petclinic/specialties -> ERROR JSHandle@error
2022-05-25 19:08:36 ERROR    Failure: http://localhost:8080/petclinic/specialties -> ERROR JSHandle@error
2022-05-25 19:08:36 ERROR    Failure: http://localhost:8080/petclinic/specialties -> ERROR JSHandle@error
2022-05-25 19:08:36 ERROR    Failure: http://localhost:8080/petclinic/specialties -> ERROR JSHandle@error
2022-05-25 19:08:36 ERROR    Failure: http://localhost:8080/petclinic/specialties -> ERROR JSHandle@error
2022-05-25 19:08:47 ERROR    Failure: http://localhost:8080/petclinic/pettypes -> Failed to load resource: the server responded with a status of 400 ()
2022-05-25 19:08:47 ERROR    Failure: http://localhost:8080/petclinic/pettypes -> JSHandle@object
2022-05-25 19:08:47 ERROR    Failure: http://localhost:8080/petclinic/pettypes -> OwnerService::addPetType failed: server returned code 400 with body "[object Object]"
2022-05-25 19:08:47 ERROR    Failure: http://localhost:8080/petclinic/pettypes -> status code(400) -> {"className":"java.lang.NullPointerException","exMessage":null}
2022-05-25 19:08:47 ERROR    Failure: http://localhost:8080/petclinic/pettypes -> Failed to load resource: the server responded with a status of 400 ()
2022-05-25 19:08:47 ERROR    Failure: http://localhost:8080/petclinic/pettypes -> JSHandle@object
2022-05-25 19:08:47 ERROR    Failure: http://localhost:8080/petclinic/pettypes -> OwnerService::addPetType failed: server returned code 400 with body "[object Object]"
2022-05-25 19:08:47 ERROR    Failure: http://localhost:8080/petclinic/pettypes -> status code(400) -> {"className":"java.lang.NullPointerException","exMessage":null}
2022-05-25 19:08:52 ERROR    Failure: http://localhost:8080/petclinic/vets/add -> Failed to load resource: the server responded with a status of 400 ()
2022-05-25 19:08:52 ERROR    Failure: http://localhost:8080/petclinic/vets/add -> JSHandle@object
2022-05-25 19:08:52 ERROR    Failure: http://localhost:8080/petclinic/vets/add -> OwnerService::addVet failed: server returned code 400 with body "[object Object]"
2022-05-25 19:08:52 ERROR    Failure: http://localhost:8080/petclinic/vets/add -> status code(400) -> {"className":"java.lang.NullPointerException","exMessage":null}
2022-05-25 19:08:52 ERROR    Failure: http://localhost:8080/petclinic/vets/add -> Failed to load resource: the server responded with a status of 400 ()
2022-05-25 19:08:52 ERROR    Failure: http://localhost:8080/petclinic/vets/add -> JSHandle@object
2022-05-25 19:08:52 ERROR    Failure: http://localhost:8080/petclinic/vets/add -> OwnerService::addVet failed: server returned code 400 with body "[object Object]"
2022-05-25 19:08:52 ERROR    Failure: http://localhost:8080/petclinic/vets/add -> status code(400) -> {"className":"java.lang.NullPointerException","exMessage":null}
2022-05-25 19:08:52 ERROR    Failure: http://localhost:8080/petclinic/vets/add -> Failed to load resource: the server responded with a status of 400 ()
2022-05-25 19:08:52 ERROR    Failure: http://localhost:8080/petclinic/vets/add -> JSHandle@object
2022-05-25 19:08:52 ERROR    Failure: http://localhost:8080/petclinic/vets/add -> OwnerService::addVet failed: server returned code 400 with body "[object Object]"
2022-05-25 19:08:52 ERROR    Failure: http://localhost:8080/petclinic/vets/add -> status code(400) -> {"className":"java.lang.NullPointerException","exMessage":null}
2022-05-25 19:08:52 ERROR    Failure: http://localhost:8080/petclinic/vets/add -> Failed to load resource: the server responded with a status of 400 ()
2022-05-25 19:08:52 ERROR    Failure: http://localhost:8080/petclinic/vets/add -> JSHandle@object
2022-05-25 19:08:52 ERROR    Failure: http://localhost:8080/petclinic/vets/add -> OwnerService::addVet failed: server returned code 400 with body "[object Object]"
2022-05-25 19:08:52 ERROR    Failure: http://localhost:8080/petclinic/vets/add -> status code(400) -> {"className":"java.lang.NullPointerException","exMessage":null}
2022-05-25 19:08:52 ERROR    Failure: http://localhost:8080/petclinic/vets/add -> Failed to load resource: the server responded with a status of 400 ()
2022-05-25 19:08:52 ERROR    Failure: http://localhost:8080/petclinic/vets/add -> JSHandle@object
2022-05-25 19:08:52 ERROR    Failure: http://localhost:8080/petclinic/vets/add -> OwnerService::addVet failed: server returned code 400 with body "[object Object]"
2022-05-25 19:08:52 ERROR    Failure: http://localhost:8080/petclinic/vets/add -> status code(400) -> {"className":"java.lang.NullPointerException","exMessage":null}
2022-05-25 19:08:53 ERROR    Failure: http://localhost:8080/petclinic/vets/add -> Failed to load resource: the server responded with a status of 400 ()
2022-05-25 19:08:53 ERROR    Failure: http://localhost:8080/petclinic/vets/add -> JSHandle@object
2022-05-25 19:08:53 ERROR    Failure: http://localhost:8080/petclinic/vets/add -> OwnerService::addVet failed: server returned code 400 with body "[object Object]"
2022-05-25 19:08:53 ERROR    Failure: http://localhost:8080/petclinic/vets/add -> status code(400) -> {"className":"java.lang.NullPointerException","exMessage":null}
2022-05-25 19:08:56 ERROR    Failure: http://localhost:8080/petclinic/ -> Failed to load resource: the server responded with a status of 404 (Not Found)
2022-05-25 19:08:56 ERROR    Failure: http://localhost:8080/petclinic -> status code(404) -> <html>		<head><title>404 Not Found</title></head>		<body>		<center><h1>404 Not Found</h1></center>		<hr><center>nginx/1.17.6</center>		</body>		</html>		<!-- a padding to disable MSIE and Chrome friendly error page -->		<!-- a padding to disable MSIE and Chrome friendly error page -->		<!-- a padding to disable MSIE and Chrome friendly error page -->		<!-- a padding to disable MSIE and Chrome friendly error page -->		<!-- a padding to disable MSIE and Chrome friendly error page -->		<!-- a padding to disable MSIE and Chrome friendly error page -->		
2022-05-25 19:08:58 ERROR    Failure: http://localhost:8080/petclinic/ -> Failed to load resource: the server responded with a status of 404 (Not Found)
2022-05-25 19:08:58 ERROR    Failure: http://localhost:8080/petclinic -> status code(404) -> <html>		<head><title>404 Not Found</title></head>		<body>		<center><h1>404 Not Found</h1></center>		<hr><center>nginx/1.17.6</center>		</body>		</html>		<!-- a padding to disable MSIE and Chrome friendly error page -->		<!-- a padding to disable MSIE and Chrome friendly error page -->		<!-- a padding to disable MSIE and Chrome friendly error page -->		<!-- a padding to disable MSIE and Chrome friendly error page -->		<!-- a padding to disable MSIE and Chrome friendly error page -->		<!-- a padding to disable MSIE and Chrome friendly error page -->		
2022-05-25 19:09:01 ERROR    Failure: http://localhost:8080/petclinic/specialties -> ERROR JSHandle@error
2022-05-25 19:09:02 ERROR    Failure: http://localhost:8080/petclinic/specialties -> ERROR JSHandle@error
2022-05-25 19:09:02 ERROR    Failure: http://localhost:8080/petclinic/specialties -> ERROR JSHandle@error
2022-05-25 19:09:02 ERROR    Failure: http://localhost:8080/petclinic/specialties -> ERROR JSHandle@error
2022-05-25 19:09:02 ERROR    Failure: http://localhost:8080/petclinic/specialties -> ERROR JSHandle@error
2022-05-25 19:09:02 ERROR    Failure: http://localhost:8080/petclinic/specialties -> ERROR JSHandle@error
2022-05-25 19:09:05 ERROR    Failure: http://localhost:8080/petclinic/ -> Failed to load resource: the server responded with a status of 404 (Not Found)
2022-05-25 19:09:05 ERROR    Failure: http://localhost:8080/petclinic -> status code(404) -> <html>		<head><title>404 Not Found</title></head>		<body>		<center><h1>404 Not Found</h1></center>		<hr><center>nginx/1.17.6</center>		</body>		</html>		<!-- a padding to disable MSIE and Chrome friendly error page -->		<!-- a padding to disable MSIE and Chrome friendly error page -->		<!-- a padding to disable MSIE and Chrome friendly error page -->		<!-- a padding to disable MSIE and Chrome friendly error page -->		<!-- a padding to disable MSIE and Chrome friendly error page -->		<!-- a padding to disable MSIE and Chrome friendly error page -->		
2022-05-25 19:09:18 ERROR    Failure: http://localhost:8080/petclinic/vets/add -> Failed to load resource: the server responded with a status of 400 ()
2022-05-25 19:09:18 ERROR    Failure: http://localhost:8080/petclinic/vets/add -> JSHandle@object
2022-05-25 19:09:18 ERROR    Failure: http://localhost:8080/petclinic/vets/add -> OwnerService::addVet failed: server returned code 400 with body "[object Object]"
2022-05-25 19:09:18 ERROR    Failure: http://localhost:8080/petclinic/vets/add -> status code(400) -> {"className":"java.lang.NullPointerException","exMessage":null}
2022-05-25 19:09:18 ERROR    Failure: http://localhost:8080/petclinic/vets/add -> Failed to load resource: the server responded with a status of 400 ()
2022-05-25 19:09:18 ERROR    Failure: http://localhost:8080/petclinic/vets/add -> JSHandle@object
2022-05-25 19:09:18 ERROR    Failure: http://localhost:8080/petclinic/vets/add -> OwnerService::addVet failed: server returned code 400 with body "[object Object]"
2022-05-25 19:09:18 ERROR    Failure: http://localhost:8080/petclinic/vets/add -> status code(400) -> {"className":"java.lang.NullPointerException","exMessage":null}
2022-05-25 19:09:19 ERROR    Failure: http://localhost:8080/petclinic/vets/add -> Failed to load resource: the server responded with a status of 400 ()
2022-05-25 19:09:19 ERROR    Failure: http://localhost:8080/petclinic/vets/add -> JSHandle@object
2022-05-25 19:09:19 ERROR    Failure: http://localhost:8080/petclinic/vets/add -> OwnerService::addVet failed: server returned code 400 with body "[object Object]"
2022-05-25 19:09:19 ERROR    Failure: http://localhost:8080/petclinic/vets/add -> status code(400) -> {"className":"java.lang.NullPointerException","exMessage":null}
2022-05-25 19:09:23 ERROR    Failure: http://localhost:8080/petclinic/specialties -> ERROR JSHandle@error
2022-05-25 19:09:23 ERROR    Failure: http://localhost:8080/petclinic/specialties -> ERROR JSHandle@error
2022-05-25 19:09:23 ERROR    Failure: http://localhost:8080/petclinic/specialties -> ERROR JSHandle@error
2022-05-25 19:09:23 ERROR    Failure: http://localhost:8080/petclinic/specialties -> ERROR JSHandle@error
2022-05-25 19:09:24 ERROR    Failure: http://localhost:8080/petclinic/specialties -> ERROR JSHandle@error
2022-05-25 19:09:24 ERROR    Failure: http://localhost:8080/petclinic/specialties -> ERROR JSHandle@error
2022-05-25 19:09:27 ERROR    Failure: http://localhost:8080/petclinic/ -> Failed to load resource: the server responded with a status of 404 (Not Found)
2022-05-25 19:09:27 ERROR    Failure: http://localhost:8080/petclinic -> status code(404) -> <html>		<head><title>404 Not Found</title></head>		<body>		<center><h1>404 Not Found</h1></center>		<hr><center>nginx/1.17.6</center>		</body>		</html>		<!-- a padding to disable MSIE and Chrome friendly error page -->		<!-- a padding to disable MSIE and Chrome friendly error page -->		<!-- a padding to disable MSIE and Chrome friendly error page -->		<!-- a padding to disable MSIE and Chrome friendly error page -->		<!-- a padding to disable MSIE and Chrome friendly error page -->		<!-- a padding to disable MSIE and Chrome friendly error page -->		
2022-05-25 19:09:33 ERROR    Failure: http://localhost:8080/petclinic/owners/9/pets/add -> Failed to load resource: the server responded with a status of 403 ()
2022-05-25 19:09:33 ERROR    Failure: http://localhost:8080/petclinic/owners/9/pets/add -> Failed to load resource: the server responded with a status of 403 ()
2022-05-25 19:09:33 ERROR    Failure: http://localhost:8080/petclinic/owners/9/pets/add -> Access to XMLHttpRequest at 'http://localhost:9966/petclinic/api/owners/9/pets' from origin 'http://localhost:8080' has been blocked by CORS policy: Response to preflight request doesn't pass access control check: No 'Access-Control-Allow-Origin' header is present on the requested resource.
2022-05-25 19:09:33 ERROR    Failure: http://localhost:8080/petclinic/owners/9/pets/add -> JSHandle@object
2022-05-25 19:09:33 ERROR    Failure: http://localhost:8080/petclinic/owners/9/pets/add -> OwnerService::addPet failed: server returned code 0 with body "[object ProgressEvent]"
2022-05-25 19:09:33 ERROR    Failure: http://localhost:8080/petclinic/owners/9/pets/add -> status code(403) -> Invalid CORS request
2022-05-25 19:09:33 ERROR    Failure: http://localhost:8080/petclinic/owners/9/pets/add -> Failed to load resource: the server responded with a status of 403 ()
2022-05-25 19:09:33 ERROR    Failure: http://localhost:8080/petclinic/owners/9/pets/add -> Failed to load resource: the server responded with a status of 403 ()
2022-05-25 19:09:33 ERROR    Failure: http://localhost:8080/petclinic/owners/9/pets/add -> Access to XMLHttpRequest at 'http://localhost:9966/petclinic/api/owners/9/pets' from origin 'http://localhost:8080' has been blocked by CORS policy: Response to preflight request doesn't pass access control check: No 'Access-Control-Allow-Origin' header is present on the requested resource.
2022-05-25 19:09:33 ERROR    Failure: http://localhost:8080/petclinic/owners/9/pets/add -> JSHandle@object
2022-05-25 19:09:33 ERROR    Failure: http://localhost:8080/petclinic/owners/9/pets/add -> OwnerService::addPet failed: server returned code 0 with body "[object ProgressEvent]"
2022-05-25 19:09:33 ERROR    Failure: http://localhost:8080/petclinic/owners/9/pets/add -> status code(403) -> Invalid CORS request
2022-05-25 19:09:40 ERROR    Failure: http://localhost:8080/petclinic/vets/add -> Failed to load resource: the server responded with a status of 400 ()
2022-05-25 19:09:40 ERROR    Failure: http://localhost:8080/petclinic/vets/add -> JSHandle@object
2022-05-25 19:09:40 ERROR    Failure: http://localhost:8080/petclinic/vets/add -> OwnerService::addVet failed: server returned code 400 with body "[object Object]"
2022-05-25 19:09:40 ERROR    Failure: http://localhost:8080/petclinic/vets/add -> status code(400) -> {"className":"java.lang.NullPointerException","exMessage":null}
2022-05-25 19:09:40 ERROR    Failure: http://localhost:8080/petclinic/vets/add -> Failed to load resource: the server responded with a status of 400 ()
2022-05-25 19:09:40 ERROR    Failure: http://localhost:8080/petclinic/vets/add -> JSHandle@object
2022-05-25 19:09:40 ERROR    Failure: http://localhost:8080/petclinic/vets/add -> OwnerService::addVet failed: server returned code 400 with body "[object Object]"
2022-05-25 19:09:40 ERROR    Failure: http://localhost:8080/petclinic/vets/add -> status code(400) -> {"className":"java.lang.NullPointerException","exMessage":null}
2022-05-25 19:09:40 ERROR    Failure: http://localhost:8080/petclinic/vets/add -> Failed to load resource: the server responded with a status of 400 ()
2022-05-25 19:09:40 ERROR    Failure: http://localhost:8080/petclinic/vets/add -> JSHandle@object
2022-05-25 19:09:40 ERROR    Failure: http://localhost:8080/petclinic/vets/add -> OwnerService::addVet failed: server returned code 400 with body "[object Object]"
2022-05-25 19:09:40 ERROR    Failure: http://localhost:8080/petclinic/vets/add -> status code(400) -> {"className":"java.lang.NullPointerException","exMessage":null}
2022-05-25 19:09:40 ERROR    Failure: http://localhost:8080/petclinic/vets/add -> Failed to load resource: the server responded with a status of 400 ()
2022-05-25 19:09:40 ERROR    Failure: http://localhost:8080/petclinic/vets/add -> JSHandle@object
2022-05-25 19:09:40 ERROR    Failure: http://localhost:8080/petclinic/vets/add -> OwnerService::addVet failed: server returned code 400 with body "[object Object]"
2022-05-25 19:09:40 ERROR    Failure: http://localhost:8080/petclinic/vets/add -> status code(400) -> {"className":"java.lang.NullPointerException","exMessage":null}
2022-05-25 19:09:43 ERROR    Failure: http://localhost:8080/petclinic/ -> Failed to load resource: the server responded with a status of 404 (Not Found)
2022-05-25 19:09:43 ERROR    Failure: http://localhost:8080/petclinic -> status code(404) -> <html>		<head><title>404 Not Found</title></head>		<body>		<center><h1>404 Not Found</h1></center>		<hr><center>nginx/1.17.6</center>		</body>		</html>		<!-- a padding to disable MSIE and Chrome friendly error page -->		<!-- a padding to disable MSIE and Chrome friendly error page -->		<!-- a padding to disable MSIE and Chrome friendly error page -->		<!-- a padding to disable MSIE and Chrome friendly error page -->		<!-- a padding to disable MSIE and Chrome friendly error page -->		<!-- a padding to disable MSIE and Chrome friendly error page -->		
2022-05-25 19:09:50 ERROR    Failure: http://localhost:8080/petclinic/pettypes -> Failed to load resource: the server responded with a status of 400 ()
2022-05-25 19:09:50 ERROR    Failure: http://localhost:8080/petclinic/pettypes -> JSHandle@object
2022-05-25 19:09:50 ERROR    Failure: http://localhost:8080/petclinic/pettypes -> OwnerService::addPetType failed: server returned code 400 with body "[object Object]"
2022-05-25 19:09:50 ERROR    Failure: http://localhost:8080/petclinic/pettypes -> status code(400) -> {"className":"java.lang.NullPointerException","exMessage":null}
2022-05-25 19:09:50 ERROR    Failure: http://localhost:8080/petclinic/pettypes -> Failed to load resource: the server responded with a status of 400 ()
2022-05-25 19:09:50 ERROR    Failure: http://localhost:8080/petclinic/pettypes -> JSHandle@object
2022-05-25 19:09:50 ERROR    Failure: http://localhost:8080/petclinic/pettypes -> OwnerService::addPetType failed: server returned code 400 with body "[object Object]"
2022-05-25 19:09:50 ERROR    Failure: http://localhost:8080/petclinic/pettypes -> status code(400) -> {"className":"java.lang.NullPointerException","exMessage":null}
2022-05-25 19:09:50 ERROR    Failure: http://localhost:8080/petclinic/pettypes -> Failed to load resource: the server responded with a status of 400 ()
2022-05-25 19:09:50 ERROR    Failure: http://localhost:8080/petclinic/pettypes -> JSHandle@object
2022-05-25 19:09:50 ERROR    Failure: http://localhost:8080/petclinic/pettypes -> OwnerService::addPetType failed: server returned code 400 with body "[object Object]"
2022-05-25 19:09:50 ERROR    Failure: http://localhost:8080/petclinic/pettypes -> status code(400) -> {"className":"java.lang.NullPointerException","exMessage":null}
2022-05-25 19:09:57 ERROR    Failure: http://localhost:8080/petclinic/owners/9/pets/add -> Failed to load resource: the server responded with a status of 403 ()
2022-05-25 19:09:57 ERROR    Failure: http://localhost:8080/petclinic/owners/9/pets/add -> Failed to load resource: the server responded with a status of 403 ()
2022-05-25 19:09:57 ERROR    Failure: http://localhost:8080/petclinic/owners/9/pets/add -> Access to XMLHttpRequest at 'http://localhost:9966/petclinic/api/owners/9/pets' from origin 'http://localhost:8080' has been blocked by CORS policy: Response to preflight request doesn't pass access control check: No 'Access-Control-Allow-Origin' header is present on the requested resource.
2022-05-25 19:09:57 ERROR    Failure: http://localhost:8080/petclinic/owners/9/pets/add -> JSHandle@object
2022-05-25 19:09:57 ERROR    Failure: http://localhost:8080/petclinic/owners/9/pets/add -> OwnerService::addPet failed: server returned code 0 with body "[object ProgressEvent]"
2022-05-25 19:09:57 ERROR    Failure: http://localhost:8080/petclinic/owners/9/pets/add -> status code(403) -> Invalid CORS request
2022-05-25 19:09:58 ERROR    Failure: http://localhost:8080/petclinic/owners/9/pets/add -> Failed to load resource: the server responded with a status of 403 ()
2022-05-25 19:09:58 ERROR    Failure: http://localhost:8080/petclinic/owners/9/pets/add -> Failed to load resource: the server responded with a status of 403 ()
2022-05-25 19:09:58 ERROR    Failure: http://localhost:8080/petclinic/owners/9/pets/add -> Access to XMLHttpRequest at 'http://localhost:9966/petclinic/api/owners/9/pets' from origin 'http://localhost:8080' has been blocked by CORS policy: Response to preflight request doesn't pass access control check: No 'Access-Control-Allow-Origin' header is present on the requested resource.
2022-05-25 19:09:58 ERROR    Failure: http://localhost:8080/petclinic/owners/9/pets/add -> JSHandle@object
2022-05-25 19:09:58 ERROR    Failure: http://localhost:8080/petclinic/owners/9/pets/add -> OwnerService::addPet failed: server returned code 0 with body "[object ProgressEvent]"
2022-05-25 19:09:58 ERROR    Failure: http://localhost:8080/petclinic/owners/9/pets/add -> status code(403) -> Invalid CORS request
2022-05-25 19:10:01 ERROR    Failure: http://localhost:8080/petclinic/ -> Failed to load resource: the server responded with a status of 404 (Not Found)
2022-05-25 19:10:01 ERROR    Failure: http://localhost:8080/petclinic -> status code(404) -> <html>		<head><title>404 Not Found</title></head>		<body>		<center><h1>404 Not Found</h1></center>		<hr><center>nginx/1.17.6</center>		</body>		</html>		<!-- a padding to disable MSIE and Chrome friendly error page -->		<!-- a padding to disable MSIE and Chrome friendly error page -->		<!-- a padding to disable MSIE and Chrome friendly error page -->		<!-- a padding to disable MSIE and Chrome friendly error page -->		<!-- a padding to disable MSIE and Chrome friendly error page -->		<!-- a padding to disable MSIE and Chrome friendly error page -->		
2022-05-25 19:10:09 ERROR    Failure: http://localhost:8080/petclinic/ -> Failed to load resource: the server responded with a status of 404 (Not Found)
2022-05-25 19:10:09 ERROR    Failure: http://localhost:8080/petclinic -> status code(404) -> <html>		<head><title>404 Not Found</title></head>		<body>		<center><h1>404 Not Found</h1></center>		<hr><center>nginx/1.17.6</center>		</body>		</html>		<!-- a padding to disable MSIE and Chrome friendly error page -->		<!-- a padding to disable MSIE and Chrome friendly error page -->		<!-- a padding to disable MSIE and Chrome friendly error page -->		<!-- a padding to disable MSIE and Chrome friendly error page -->		<!-- a padding to disable MSIE and Chrome friendly error page -->		<!-- a padding to disable MSIE and Chrome friendly error page -->		
2022-05-25 19:10:16 ERROR    Failure: http://localhost:8080/petclinic/pettypes -> Failed to load resource: the server responded with a status of 400 ()
2022-05-25 19:10:16 ERROR    Failure: http://localhost:8080/petclinic/pettypes -> JSHandle@object
2022-05-25 19:10:16 ERROR    Failure: http://localhost:8080/petclinic/pettypes -> OwnerService::addPetType failed: server returned code 400 with body "[object Object]"
2022-05-25 19:10:16 ERROR    Failure: http://localhost:8080/petclinic/pettypes -> status code(400) -> {"className":"java.lang.NullPointerException","exMessage":null}
2022-05-25 19:10:16 ERROR    Failure: http://localhost:8080/petclinic/pettypes -> Failed to load resource: the server responded with a status of 400 ()
2022-05-25 19:10:16 ERROR    Failure: http://localhost:8080/petclinic/pettypes -> JSHandle@object
2022-05-25 19:10:16 ERROR    Failure: http://localhost:8080/petclinic/pettypes -> OwnerService::addPetType failed: server returned code 400 with body "[object Object]"
2022-05-25 19:10:16 ERROR    Failure: http://localhost:8080/petclinic/pettypes -> status code(400) -> {"className":"java.lang.NullPointerException","exMessage":null}
2022-05-25 19:10:19 ERROR    Failure: http://localhost:8080/petclinic/ -> Failed to load resource: the server responded with a status of 404 (Not Found)
2022-05-25 19:10:19 ERROR    Failure: http://localhost:8080/petclinic -> status code(404) -> <html>		<head><title>404 Not Found</title></head>		<body>		<center><h1>404 Not Found</h1></center>		<hr><center>nginx/1.17.6</center>		</body>		</html>		<!-- a padding to disable MSIE and Chrome friendly error page -->		<!-- a padding to disable MSIE and Chrome friendly error page -->		<!-- a padding to disable MSIE and Chrome friendly error page -->		<!-- a padding to disable MSIE and Chrome friendly error page -->		<!-- a padding to disable MSIE and Chrome friendly error page -->		<!-- a padding to disable MSIE and Chrome friendly error page -->		
2022-05-25 19:10:27 ERROR    Failure: http://localhost:8080/petclinic/owners/9/pets/add -> Failed to load resource: the server responded with a status of 403 ()
2022-05-25 19:10:27 ERROR    Failure: http://localhost:8080/petclinic/owners/9/pets/add -> Failed to load resource: the server responded with a status of 403 ()
2022-05-25 19:10:27 ERROR    Failure: http://localhost:8080/petclinic/owners/9/pets/add -> Access to XMLHttpRequest at 'http://localhost:9966/petclinic/api/owners/9/pets' from origin 'http://localhost:8080' has been blocked by CORS policy: Response to preflight request doesn't pass access control check: No 'Access-Control-Allow-Origin' header is present on the requested resource.
2022-05-25 19:10:27 ERROR    Failure: http://localhost:8080/petclinic/owners/9/pets/add -> JSHandle@object
2022-05-25 19:10:27 ERROR    Failure: http://localhost:8080/petclinic/owners/9/pets/add -> OwnerService::addPet failed: server returned code 0 with body "[object ProgressEvent]"
2022-05-25 19:10:27 ERROR    Failure: http://localhost:8080/petclinic/owners/9/pets/add -> status code(403) -> Invalid CORS request
2022-05-25 19:10:33 ERROR    Failure: http://localhost:8080/petclinic/pettypes -> Failed to load resource: the server responded with a status of 400 ()
2022-05-25 19:10:33 ERROR    Failure: http://localhost:8080/petclinic/pettypes -> JSHandle@object
2022-05-25 19:10:33 ERROR    Failure: http://localhost:8080/petclinic/pettypes -> OwnerService::addPetType failed: server returned code 400 with body "[object Object]"
2022-05-25 19:10:33 ERROR    Failure: http://localhost:8080/petclinic/pettypes -> status code(400) -> {"className":"java.lang.NullPointerException","exMessage":null}
2022-05-25 19:10:33 ERROR    Failure: http://localhost:8080/petclinic/pettypes -> Failed to load resource: the server responded with a status of 400 ()
2022-05-25 19:10:33 ERROR    Failure: http://localhost:8080/petclinic/pettypes -> JSHandle@object
2022-05-25 19:10:33 ERROR    Failure: http://localhost:8080/petclinic/pettypes -> OwnerService::addPetType failed: server returned code 400 with body "[object Object]"
2022-05-25 19:10:33 ERROR    Failure: http://localhost:8080/petclinic/pettypes -> status code(400) -> {"className":"java.lang.NullPointerException","exMessage":null}
2022-05-25 19:10:33 ERROR    Failure: http://localhost:8080/petclinic/pettypes -> Failed to load resource: the server responded with a status of 400 ()
2022-05-25 19:10:33 ERROR    Failure: http://localhost:8080/petclinic/pettypes -> JSHandle@object
2022-05-25 19:10:33 ERROR    Failure: http://localhost:8080/petclinic/pettypes -> OwnerService::addPetType failed: server returned code 400 with body "[object Object]"
2022-05-25 19:10:33 ERROR    Failure: http://localhost:8080/petclinic/pettypes -> status code(400) -> {"className":"java.lang.NullPointerException","exMessage":null}
2022-05-25 19:10:37 ERROR    Failure: http://localhost:8080/petclinic/specialties -> ERROR JSHandle@error
2022-05-25 19:10:37 ERROR    Failure: http://localhost:8080/petclinic/specialties -> ERROR JSHandle@error
2022-05-25 19:10:37 ERROR    Failure: http://localhost:8080/petclinic/specialties -> ERROR JSHandle@error
2022-05-25 19:10:37 ERROR    Failure: http://localhost:8080/petclinic/specialties -> ERROR JSHandle@error
2022-05-25 19:10:37 ERROR    Failure: http://localhost:8080/petclinic/specialties -> ERROR JSHandle@error
2022-05-25 19:10:37 ERROR    Failure: http://localhost:8080/petclinic/specialties -> ERROR JSHandle@error
2022-05-25 19:10:48 ERROR    Failure: http://localhost:8080/petclinic/pettypes -> Failed to load resource: the server responded with a status of 400 ()
2022-05-25 19:10:48 ERROR    Failure: http://localhost:8080/petclinic/pettypes -> JSHandle@object
2022-05-25 19:10:48 ERROR    Failure: http://localhost:8080/petclinic/pettypes -> OwnerService::addPetType failed: server returned code 400 with body "[object Object]"
2022-05-25 19:10:48 ERROR    Failure: http://localhost:8080/petclinic/pettypes -> status code(400) -> {"className":"java.lang.NullPointerException","exMessage":null}
2022-05-25 19:10:48 ERROR    Failure: http://localhost:8080/petclinic/pettypes -> Failed to load resource: the server responded with a status of 400 ()
2022-05-25 19:10:48 ERROR    Failure: http://localhost:8080/petclinic/pettypes -> JSHandle@object
2022-05-25 19:10:48 ERROR    Failure: http://localhost:8080/petclinic/pettypes -> OwnerService::addPetType failed: server returned code 400 with body "[object Object]"
2022-05-25 19:10:48 ERROR    Failure: http://localhost:8080/petclinic/pettypes -> status code(400) -> {"className":"java.lang.NullPointerException","exMessage":null}
2022-05-25 19:10:48 ERROR    Failure: http://localhost:8080/petclinic/pettypes -> Failed to load resource: the server responded with a status of 400 ()
2022-05-25 19:10:48 ERROR    Failure: http://localhost:8080/petclinic/pettypes -> JSHandle@object
2022-05-25 19:10:48 ERROR    Failure: http://localhost:8080/petclinic/pettypes -> OwnerService::addPetType failed: server returned code 400 with body "[object Object]"
2022-05-25 19:10:48 ERROR    Failure: http://localhost:8080/petclinic/pettypes -> status code(400) -> {"className":"java.lang.NullPointerException","exMessage":null}
2022-05-25 19:10:59 ERROR    Failure: http://localhost:8080/petclinic/specialties -> ERROR JSHandle@error
2022-05-25 19:10:59 ERROR    Failure: http://localhost:8080/petclinic/specialties -> ERROR JSHandle@error
2022-05-25 19:10:59 ERROR    Failure: http://localhost:8080/petclinic/specialties -> ERROR JSHandle@error
2022-05-25 19:10:59 ERROR    Failure: http://localhost:8080/petclinic/specialties -> ERROR JSHandle@error
2022-05-25 19:11:00 ERROR    Failure: http://localhost:8080/petclinic/specialties -> ERROR JSHandle@error
2022-05-25 19:11:00 ERROR    Failure: http://localhost:8080/petclinic/specialties -> ERROR JSHandle@error
2022-05-25 19:11:06 ERROR    Failure: http://localhost:8080/petclinic/pettypes/15/edit -> Failed to load resource: the server responded with a status of 400 ()
2022-05-25 19:11:06 ERROR    Failure: http://localhost:8080/petclinic/pettypes/15/edit -> JSHandle@object
2022-05-25 19:11:06 ERROR    Failure: http://localhost:8080/petclinic/pettypes/15/edit -> OwnerService::updatePetType failed: must not be empty
2022-05-25 19:11:06 ERROR    Failure: http://localhost:8080/petclinic/pettypes/15/edit -> status code(400) -> 
2022-05-25 19:11:06 ERROR    Failure: http://localhost:8080/petclinic/pettypes/15/edit -> Failed to load resource: the server responded with a status of 400 ()
2022-05-25 19:11:06 ERROR    Failure: http://localhost:8080/petclinic/pettypes/15/edit -> JSHandle@object
2022-05-25 19:11:06 ERROR    Failure: http://localhost:8080/petclinic/pettypes/15/edit -> OwnerService::updatePetType failed: must not be empty
2022-05-25 19:11:06 ERROR    Failure: http://localhost:8080/petclinic/pettypes/15/edit -> status code(400) -> 
2022-05-25 19:11:06 ERROR    Failure: http://localhost:8080/petclinic/pettypes/15/edit -> Failed to load resource: the server responded with a status of 400 ()
2022-05-25 19:11:06 ERROR    Failure: http://localhost:8080/petclinic/pettypes/15/edit -> JSHandle@object
2022-05-25 19:11:06 ERROR    Failure: http://localhost:8080/petclinic/pettypes/15/edit -> OwnerService::updatePetType failed: must not be empty
2022-05-25 19:11:06 ERROR    Failure: http://localhost:8080/petclinic/pettypes/15/edit -> status code(400) -> 
2022-05-25 19:11:16 ERROR    Failure: http://localhost:8080/petclinic/vets/add -> Failed to load resource: the server responded with a status of 400 ()
2022-05-25 19:11:16 ERROR    Failure: http://localhost:8080/petclinic/vets/add -> JSHandle@object
2022-05-25 19:11:16 ERROR    Failure: http://localhost:8080/petclinic/vets/add -> OwnerService::addVet failed: server returned code 400 with body "[object Object]"
2022-05-25 19:11:16 ERROR    Failure: http://localhost:8080/petclinic/vets/add -> status code(400) -> {"className":"java.lang.NullPointerException","exMessage":null}
2022-05-25 19:11:16 ERROR    Failure: http://localhost:8080/petclinic/vets/add -> Failed to load resource: the server responded with a status of 400 ()
2022-05-25 19:11:16 ERROR    Failure: http://localhost:8080/petclinic/vets/add -> JSHandle@object
2022-05-25 19:11:16 ERROR    Failure: http://localhost:8080/petclinic/vets/add -> OwnerService::addVet failed: server returned code 400 with body "[object Object]"
2022-05-25 19:11:16 ERROR    Failure: http://localhost:8080/petclinic/vets/add -> status code(400) -> {"className":"java.lang.NullPointerException","exMessage":null}
2022-05-25 19:11:17 ERROR    Failure: http://localhost:8080/petclinic/vets/add -> Failed to load resource: the server responded with a status of 400 ()
2022-05-25 19:11:17 ERROR    Failure: http://localhost:8080/petclinic/vets/add -> JSHandle@object
2022-05-25 19:11:17 ERROR    Failure: http://localhost:8080/petclinic/vets/add -> OwnerService::addVet failed: server returned code 400 with body "[object Object]"
2022-05-25 19:11:17 ERROR    Failure: http://localhost:8080/petclinic/vets/add -> status code(400) -> {"className":"java.lang.NullPointerException","exMessage":null}
2022-05-25 19:11:17 ERROR    Failure: http://localhost:8080/petclinic/vets/add -> Failed to load resource: the server responded with a status of 400 ()
2022-05-25 19:11:17 ERROR    Failure: http://localhost:8080/petclinic/vets/add -> JSHandle@object
2022-05-25 19:11:17 ERROR    Failure: http://localhost:8080/petclinic/vets/add -> OwnerService::addVet failed: server returned code 400 with body "[object Object]"
2022-05-25 19:11:17 ERROR    Failure: http://localhost:8080/petclinic/vets/add -> status code(400) -> {"className":"java.lang.NullPointerException","exMessage":null}
2022-05-25 19:11:17 ERROR    Failure: http://localhost:8080/petclinic/vets/add -> Failed to load resource: the server responded with a status of 400 ()
2022-05-25 19:11:17 ERROR    Failure: http://localhost:8080/petclinic/vets/add -> JSHandle@object
2022-05-25 19:11:17 ERROR    Failure: http://localhost:8080/petclinic/vets/add -> OwnerService::addVet failed: server returned code 400 with body "[object Object]"
2022-05-25 19:11:17 ERROR    Failure: http://localhost:8080/petclinic/vets/add -> status code(400) -> {"className":"java.lang.NullPointerException","exMessage":null}
2022-05-25 19:11:21 ERROR    Failure: http://localhost:8080/petclinic/pettypes -> Failed to load resource: the server responded with a status of 400 ()
2022-05-25 19:11:21 ERROR    Failure: http://localhost:8080/petclinic/pettypes -> JSHandle@object
2022-05-25 19:11:21 ERROR    Failure: http://localhost:8080/petclinic/pettypes -> OwnerService::addPetType failed: server returned code 400 with body "[object Object]"
2022-05-25 19:11:21 ERROR    Failure: http://localhost:8080/petclinic/pettypes -> status code(400) -> {"className":"java.lang.NullPointerException","exMessage":null}
2022-05-25 19:11:21 ERROR    Failure: http://localhost:8080/petclinic/pettypes -> Failed to load resource: the server responded with a status of 400 ()
2022-05-25 19:11:21 ERROR    Failure: http://localhost:8080/petclinic/pettypes -> JSHandle@object
2022-05-25 19:11:21 ERROR    Failure: http://localhost:8080/petclinic/pettypes -> OwnerService::addPetType failed: server returned code 400 with body "[object Object]"
2022-05-25 19:11:21 ERROR    Failure: http://localhost:8080/petclinic/pettypes -> status code(400) -> {"className":"java.lang.NullPointerException","exMessage":null}
2022-05-25 19:11:22 ERROR    Failure: http://localhost:8080/petclinic/pettypes -> Failed to load resource: the server responded with a status of 400 ()
2022-05-25 19:11:22 ERROR    Failure: http://localhost:8080/petclinic/pettypes -> JSHandle@object
2022-05-25 19:11:22 ERROR    Failure: http://localhost:8080/petclinic/pettypes -> OwnerService::addPetType failed: server returned code 400 with body "[object Object]"
2022-05-25 19:11:22 ERROR    Failure: http://localhost:8080/petclinic/pettypes -> status code(400) -> {"className":"java.lang.NullPointerException","exMessage":null}
2022-05-25 19:11:27 ERROR    Failure: http://localhost:8080/petclinic/owners/9/pets/add -> Failed to load resource: the server responded with a status of 403 ()
2022-05-25 19:11:27 ERROR    Failure: http://localhost:8080/petclinic/owners/9/pets/add -> Failed to load resource: the server responded with a status of 403 ()
2022-05-25 19:11:27 ERROR    Failure: http://localhost:8080/petclinic/owners/9/pets/add -> Access to XMLHttpRequest at 'http://localhost:9966/petclinic/api/owners/9/pets' from origin 'http://localhost:8080' has been blocked by CORS policy: Response to preflight request doesn't pass access control check: No 'Access-Control-Allow-Origin' header is present on the requested resource.
2022-05-25 19:11:27 ERROR    Failure: http://localhost:8080/petclinic/owners/9/pets/add -> JSHandle@object
2022-05-25 19:11:27 ERROR    Failure: http://localhost:8080/petclinic/owners/9/pets/add -> OwnerService::addPet failed: server returned code 0 with body "[object ProgressEvent]"
2022-05-25 19:11:27 ERROR    Failure: http://localhost:8080/petclinic/owners/9/pets/add -> status code(403) -> Invalid CORS request
2022-05-25 19:11:32 ERROR    Failure: http://localhost:8080/petclinic/owners/9/pets/add -> Failed to load resource: the server responded with a status of 403 ()
2022-05-25 19:11:32 ERROR    Failure: http://localhost:8080/petclinic/owners/9/pets/add -> Failed to load resource: the server responded with a status of 403 ()
2022-05-25 19:11:32 ERROR    Failure: http://localhost:8080/petclinic/owners/9/pets/add -> Access to XMLHttpRequest at 'http://localhost:9966/petclinic/api/owners/9/pets' from origin 'http://localhost:8080' has been blocked by CORS policy: Response to preflight request doesn't pass access control check: No 'Access-Control-Allow-Origin' header is present on the requested resource.
2022-05-25 19:11:32 ERROR    Failure: http://localhost:8080/petclinic/owners/9/pets/add -> JSHandle@object
2022-05-25 19:11:32 ERROR    Failure: http://localhost:8080/petclinic/owners/9/pets/add -> OwnerService::addPet failed: server returned code 0 with body "[object ProgressEvent]"
2022-05-25 19:11:32 ERROR    Failure: http://localhost:8080/petclinic/owners/9/pets/add -> status code(403) -> Invalid CORS request
2022-05-25 19:11:35 ERROR    Failure: http://localhost:8080/petclinic/ -> Failed to load resource: the server responded with a status of 404 (Not Found)
2022-05-25 19:11:35 ERROR    Failure: http://localhost:8080/petclinic -> status code(404) -> <html>		<head><title>404 Not Found</title></head>		<body>		<center><h1>404 Not Found</h1></center>		<hr><center>nginx/1.17.6</center>		</body>		</html>		<!-- a padding to disable MSIE and Chrome friendly error page -->		<!-- a padding to disable MSIE and Chrome friendly error page -->		<!-- a padding to disable MSIE and Chrome friendly error page -->		<!-- a padding to disable MSIE and Chrome friendly error page -->		<!-- a padding to disable MSIE and Chrome friendly error page -->		<!-- a padding to disable MSIE and Chrome friendly error page -->		
2022-05-25 19:11:45 ERROR    Failure: http://localhost:8080/petclinic/ -> Failed to load resource: the server responded with a status of 404 (Not Found)
2022-05-25 19:11:45 ERROR    Failure: http://localhost:8080/petclinic -> status code(404) -> <html>		<head><title>404 Not Found</title></head>		<body>		<center><h1>404 Not Found</h1></center>		<hr><center>nginx/1.17.6</center>		</body>		</html>		<!-- a padding to disable MSIE and Chrome friendly error page -->		<!-- a padding to disable MSIE and Chrome friendly error page -->		<!-- a padding to disable MSIE and Chrome friendly error page -->		<!-- a padding to disable MSIE and Chrome friendly error page -->		<!-- a padding to disable MSIE and Chrome friendly error page -->		<!-- a padding to disable MSIE and Chrome friendly error page -->		
2022-05-25 19:11:49 ERROR    Failure: http://localhost:8080/petclinic/pettypes -> Failed to load resource: the server responded with a status of 400 ()
2022-05-25 19:11:49 ERROR    Failure: http://localhost:8080/petclinic/pettypes -> JSHandle@object
2022-05-25 19:11:49 ERROR    Failure: http://localhost:8080/petclinic/pettypes -> OwnerService::addPetType failed: server returned code 400 with body "[object Object]"
2022-05-25 19:11:49 ERROR    Failure: http://localhost:8080/petclinic/pettypes -> status code(400) -> {"className":"java.lang.NullPointerException","exMessage":null}
2022-05-25 19:11:49 ERROR    Failure: http://localhost:8080/petclinic/pettypes -> Failed to load resource: the server responded with a status of 400 ()
2022-05-25 19:11:49 ERROR    Failure: http://localhost:8080/petclinic/pettypes -> JSHandle@object
2022-05-25 19:11:49 ERROR    Failure: http://localhost:8080/petclinic/pettypes -> OwnerService::addPetType failed: server returned code 400 with body "[object Object]"
2022-05-25 19:11:49 ERROR    Failure: http://localhost:8080/petclinic/pettypes -> status code(400) -> {"className":"java.lang.NullPointerException","exMessage":null}
2022-05-25 19:11:49 ERROR    Failure: http://localhost:8080/petclinic/pettypes/17/edit -> Failed to load resource: the server responded with a status of 400 ()
2022-05-25 19:11:49 ERROR    Failure: http://localhost:8080/petclinic/pettypes/17/edit -> JSHandle@object
2022-05-25 19:11:49 ERROR    Failure: http://localhost:8080/petclinic/pettypes/17/edit -> OwnerService::updatePetType failed: must not be empty
2022-05-25 19:11:49 ERROR    Failure: http://localhost:8080/petclinic/pettypes/17/edit -> status code(400) -> 
2022-05-25 19:11:50 ERROR    Failure: http://localhost:8080/petclinic/pettypes/17/edit -> Failed to load resource: the server responded with a status of 400 ()
2022-05-25 19:11:50 ERROR    Failure: http://localhost:8080/petclinic/pettypes/17/edit -> JSHandle@object
2022-05-25 19:11:50 ERROR    Failure: http://localhost:8080/petclinic/pettypes/17/edit -> OwnerService::updatePetType failed: must not be empty
2022-05-25 19:11:50 ERROR    Failure: http://localhost:8080/petclinic/pettypes/17/edit -> status code(400) -> 
2022-05-25 19:11:52 ERROR    Failure: http://localhost:8080/petclinic/ -> Failed to load resource: the server responded with a status of 404 (Not Found)
2022-05-25 19:11:52 ERROR    Failure: http://localhost:8080/petclinic -> status code(404) -> <html>		<head><title>404 Not Found</title></head>		<body>		<center><h1>404 Not Found</h1></center>		<hr><center>nginx/1.17.6</center>		</body>		</html>		<!-- a padding to disable MSIE and Chrome friendly error page -->		<!-- a padding to disable MSIE and Chrome friendly error page -->		<!-- a padding to disable MSIE and Chrome friendly error page -->		<!-- a padding to disable MSIE and Chrome friendly error page -->		<!-- a padding to disable MSIE and Chrome friendly error page -->		<!-- a padding to disable MSIE and Chrome friendly error page -->		
2022-05-25 19:11:56 ERROR    Failure: http://localhost:8080/petclinic/pettypes -> Failed to load resource: the server responded with a status of 400 ()
2022-05-25 19:11:56 ERROR    Failure: http://localhost:8080/petclinic/pettypes -> JSHandle@object
2022-05-25 19:11:56 ERROR    Failure: http://localhost:8080/petclinic/pettypes -> OwnerService::addPetType failed: server returned code 400 with body "[object Object]"
2022-05-25 19:11:56 ERROR    Failure: http://localhost:8080/petclinic/pettypes -> status code(400) -> {"className":"java.lang.NullPointerException","exMessage":null}
2022-05-25 19:11:56 ERROR    Failure: http://localhost:8080/petclinic/pettypes -> Failed to load resource: the server responded with a status of 400 ()
2022-05-25 19:11:56 ERROR    Failure: http://localhost:8080/petclinic/pettypes -> JSHandle@object
2022-05-25 19:11:56 ERROR    Failure: http://localhost:8080/petclinic/pettypes -> OwnerService::addPetType failed: server returned code 400 with body "[object Object]"
2022-05-25 19:11:56 ERROR    Failure: http://localhost:8080/petclinic/pettypes -> status code(400) -> {"className":"java.lang.NullPointerException","exMessage":null}
2022-05-25 19:11:56 ERROR    Failure: http://localhost:8080/petclinic/pettypes -> Failed to load resource: the server responded with a status of 400 ()
2022-05-25 19:11:56 ERROR    Failure: http://localhost:8080/petclinic/pettypes -> JSHandle@object
2022-05-25 19:11:56 ERROR    Failure: http://localhost:8080/petclinic/pettypes -> OwnerService::addPetType failed: server returned code 400 with body "[object Object]"
2022-05-25 19:11:56 ERROR    Failure: http://localhost:8080/petclinic/pettypes -> status code(400) -> {"className":"java.lang.NullPointerException","exMessage":null}
2022-05-25 19:12:12 ERROR    Failure: http://localhost:8080/petclinic/specialties -> ERROR JSHandle@error
2022-05-25 19:12:12 ERROR    Failure: http://localhost:8080/petclinic/specialties -> ERROR JSHandle@error
2022-05-25 19:12:12 ERROR    Failure: http://localhost:8080/petclinic/specialties -> ERROR JSHandle@error
2022-05-25 19:12:12 ERROR    Failure: http://localhost:8080/petclinic/specialties -> ERROR JSHandle@error
2022-05-25 19:12:12 ERROR    Failure: http://localhost:8080/petclinic/specialties -> ERROR JSHandle@error
2022-05-25 19:12:12 ERROR    Failure: http://localhost:8080/petclinic/specialties -> ERROR JSHandle@error
2022-05-25 19:12:15 ERROR    Failure: http://localhost:8080/petclinic/pettypes/16/edit -> Failed to load resource: the server responded with a status of 400 ()
2022-05-25 19:12:15 ERROR    Failure: http://localhost:8080/petclinic/pettypes/16/edit -> JSHandle@object
2022-05-25 19:12:15 ERROR    Failure: http://localhost:8080/petclinic/pettypes/16/edit -> OwnerService::updatePetType failed: must not be empty
2022-05-25 19:12:15 ERROR    Failure: http://localhost:8080/petclinic/pettypes/16/edit -> status code(400) -> 
2022-05-25 19:12:16 ERROR    Failure: http://localhost:8080/petclinic/pettypes/16/edit -> Failed to load resource: the server responded with a status of 400 ()
2022-05-25 19:12:16 ERROR    Failure: http://localhost:8080/petclinic/pettypes/16/edit -> JSHandle@object
2022-05-25 19:12:16 ERROR    Failure: http://localhost:8080/petclinic/pettypes/16/edit -> OwnerService::updatePetType failed: must not be empty
2022-05-25 19:12:16 ERROR    Failure: http://localhost:8080/petclinic/pettypes/16/edit -> status code(400) -> 
2022-05-25 19:12:16 ERROR    Failure: http://localhost:8080/petclinic/pettypes/16/edit -> Failed to load resource: the server responded with a status of 400 ()
2022-05-25 19:12:16 ERROR    Failure: http://localhost:8080/petclinic/pettypes/16/edit -> JSHandle@object
2022-05-25 19:12:16 ERROR    Failure: http://localhost:8080/petclinic/pettypes/16/edit -> OwnerService::updatePetType failed: must not be empty
2022-05-25 19:12:16 ERROR    Failure: http://localhost:8080/petclinic/pettypes/16/edit -> status code(400) -> 
2022-05-25 19:12:31 ERROR    Failure: http://localhost:8080/petclinic/specialties -> Failed to load resource: the server responded with a status of 400 ()
2022-05-25 19:12:31 ERROR    Failure: http://localhost:8080/petclinic/specialties -> JSHandle@object
2022-05-25 19:12:31 ERROR    Failure: http://localhost:8080/petclinic/specialties -> OwnerService::deleteSpecialty failed: server returned code 400 with body "[object Object]"
2022-05-25 19:12:31 ERROR    Failure: http://localhost:8080/petclinic/specialties -> status code(400) -> {"className":"org.springframework.dao.DataIntegrityViolationException","exMessage":"could not execute statement; SQL [n/a]; constraint [FK_VET_SPECIALTIES_SPECIALTIES]; nested exception is org.hibernate.exception.ConstraintViolationException: could not execute statement"}
2022-05-25 19:12:31 ERROR    Failure: http://localhost:8080/petclinic/specialties/3/edit -> Failed to load resource: the server responded with a status of 400 ()
2022-05-25 19:12:31 ERROR    Failure: http://localhost:8080/petclinic/specialties/3/edit -> JSHandle@object
2022-05-25 19:12:31 ERROR    Failure: http://localhost:8080/petclinic/specialties/3/edit -> OwnerService::updateSpecialty failed: must not be empty
2022-05-25 19:12:32 ERROR    Failure: http://localhost:8080/petclinic/specialties/3/edit -> status code(400) -> 
2022-05-25 19:12:32 ERROR    Failure: http://localhost:8080/petclinic/specialties/3/edit -> Failed to load resource: the server responded with a status of 400 ()
2022-05-25 19:12:32 ERROR    Failure: http://localhost:8080/petclinic/specialties/3/edit -> JSHandle@object
2022-05-25 19:12:32 ERROR    Failure: http://localhost:8080/petclinic/specialties/3/edit -> OwnerService::updateSpecialty failed: must not be empty
2022-05-25 19:12:32 ERROR    Failure: http://localhost:8080/petclinic/specialties/3/edit -> status code(400) -> 
2022-05-25 19:12:50 ERROR    Failure: http://localhost:8080/petclinic/specialties -> ERROR JSHandle@error
2022-05-25 19:12:50 ERROR    Failure: http://localhost:8080/petclinic/specialties -> ERROR JSHandle@error
2022-05-25 19:12:50 ERROR    Failure: http://localhost:8080/petclinic/specialties -> ERROR JSHandle@error
2022-05-25 19:12:50 ERROR    Failure: http://localhost:8080/petclinic/specialties -> ERROR JSHandle@error
2022-05-25 19:12:51 ERROR    Failure: http://localhost:8080/petclinic/specialties -> ERROR JSHandle@error
2022-05-25 19:12:51 ERROR    Failure: http://localhost:8080/petclinic/specialties -> ERROR JSHandle@error
2022-05-25 19:12:54 ERROR    Failure: http://localhost:8080/petclinic/ -> Failed to load resource: the server responded with a status of 404 (Not Found)
2022-05-25 19:12:54 ERROR    Failure: http://localhost:8080/petclinic -> status code(404) -> <html>		<head><title>404 Not Found</title></head>		<body>		<center><h1>404 Not Found</h1></center>		<hr><center>nginx/1.17.6</center>		</body>		</html>		<!-- a padding to disable MSIE and Chrome friendly error page -->		<!-- a padding to disable MSIE and Chrome friendly error page -->		<!-- a padding to disable MSIE and Chrome friendly error page -->		<!-- a padding to disable MSIE and Chrome friendly error page -->		<!-- a padding to disable MSIE and Chrome friendly error page -->		<!-- a padding to disable MSIE and Chrome friendly error page -->		
2022-05-25 19:13:11 ERROR    Failure: http://localhost:8080/petclinic/vets/add -> Failed to load resource: the server responded with a status of 400 ()
2022-05-25 19:13:11 ERROR    Failure: http://localhost:8080/petclinic/vets/add -> JSHandle@object
2022-05-25 19:13:11 ERROR    Failure: http://localhost:8080/petclinic/vets/add -> OwnerService::addVet failed: server returned code 400 with body "[object Object]"
2022-05-25 19:13:11 ERROR    Failure: http://localhost:8080/petclinic/vets/add -> status code(400) -> {"className":"java.lang.NullPointerException","exMessage":null}
2022-05-25 19:13:11 ERROR    Failure: http://localhost:8080/petclinic/vets/add -> Failed to load resource: the server responded with a status of 400 ()
2022-05-25 19:13:11 ERROR    Failure: http://localhost:8080/petclinic/vets/add -> JSHandle@object
2022-05-25 19:13:11 ERROR    Failure: http://localhost:8080/petclinic/vets/add -> OwnerService::addVet failed: server returned code 400 with body "[object Object]"
2022-05-25 19:13:11 ERROR    Failure: http://localhost:8080/petclinic/vets/add -> status code(400) -> {"className":"java.lang.NullPointerException","exMessage":null}
2022-05-25 19:13:12 ERROR    Failure: http://localhost:8080/petclinic/vets/add -> Failed to load resource: the server responded with a status of 400 ()
2022-05-25 19:13:12 ERROR    Failure: http://localhost:8080/petclinic/vets/add -> JSHandle@object
2022-05-25 19:13:12 ERROR    Failure: http://localhost:8080/petclinic/vets/add -> OwnerService::addVet failed: server returned code 400 with body "[object Object]"
2022-05-25 19:13:12 ERROR    Failure: http://localhost:8080/petclinic/vets/add -> status code(400) -> {"className":"java.lang.NullPointerException","exMessage":null}
2022-05-25 19:13:12 ERROR    Failure: http://localhost:8080/petclinic/vets/add -> Failed to load resource: the server responded with a status of 400 ()
2022-05-25 19:13:12 ERROR    Failure: http://localhost:8080/petclinic/vets/add -> JSHandle@object
2022-05-25 19:13:12 ERROR    Failure: http://localhost:8080/petclinic/vets/add -> OwnerService::addVet failed: server returned code 400 with body "[object Object]"
2022-05-25 19:13:12 ERROR    Failure: http://localhost:8080/petclinic/vets/add -> status code(400) -> {"className":"java.lang.NullPointerException","exMessage":null}
2022-05-25 19:14:09 ERROR    Failure: http://localhost:8080/petclinic/ -> Failed to load resource: the server responded with a status of 404 (Not Found)
2022-05-25 19:14:10 ERROR    Failure: http://localhost:8080/petclinic -> status code(404) -> <html>		<head><title>404 Not Found</title></head>		<body>		<center><h1>404 Not Found</h1></center>		<hr><center>nginx/1.17.6</center>		</body>		</html>		<!-- a padding to disable MSIE and Chrome friendly error page -->		<!-- a padding to disable MSIE and Chrome friendly error page -->		<!-- a padding to disable MSIE and Chrome friendly error page -->		<!-- a padding to disable MSIE and Chrome friendly error page -->		<!-- a padding to disable MSIE and Chrome friendly error page -->		<!-- a padding to disable MSIE and Chrome friendly error page -->		
2022-05-25 19:14:38 ERROR    Failure: http://localhost:8080/petclinic/ -> Failed to load resource: the server responded with a status of 404 (Not Found)
2022-05-25 19:14:40 ERROR    Failure: http://localhost:8080/petclinic -> status code(404) -> <html>		<head><title>404 Not Found</title></head>		<body>		<center><h1>404 Not Found</h1></center>		<hr><center>nginx/1.17.6</center>		</body>		</html>		<!-- a padding to disable MSIE and Chrome friendly error page -->		<!-- a padding to disable MSIE and Chrome friendly error page -->		<!-- a padding to disable MSIE and Chrome friendly error page -->		<!-- a padding to disable MSIE and Chrome friendly error page -->		<!-- a padding to disable MSIE and Chrome friendly error page -->		<!-- a padding to disable MSIE and Chrome friendly error page -->		
2022-05-25 19:25:59 WARNING  Finished
2022-05-25 19:40:09 WARNING  (Failure Count, Coverage Percentage) : (97, 46.18220630051154)
2022-05-25 19:40:10 ERROR    http://localhost:8080/petclinic/vets/add -> Failed to load resource: the server responded with a status of 400 ()
2022-05-25 19:40:10 ERROR    http://localhost:8080/petclinic/vets/add -> JSHandle@object
2022-05-25 19:40:10 ERROR    http://localhost:8080/petclinic/vets/add -> OwnerService::addVet failed: server returned code 400 with body "[object Object]"
2022-05-25 19:40:10 ERROR    http://localhost:8080/petclinic/vets/add -> status code(400) -> {"className":"java.lang.NullPointerException","exMessage":null}
2022-05-25 19:40:10 ERROR    http://localhost:8080/petclinic/specialties -> Failed to load resource: the server responded with a status of 400 ()
2022-05-25 19:40:10 ERROR    http://localhost:8080/petclinic/specialties -> JSHandle@object
2022-05-25 19:40:10 ERROR    http://localhost:8080/petclinic/specialties -> OwnerService::deleteSpecialty failed: server returned code 400 with body "[object Object]"
2022-05-25 19:40:10 ERROR    http://localhost:8080/petclinic/specialties -> status code(400) -> {"className":"org.springframework.dao.DataIntegrityViolationException","exMessage":"could not execute statement; SQL [n/a]; constraint [FK_VET_SPECIALTIES_SPECIALTIES]; nested exception is org.hibernate.exception.ConstraintViolationException: could not execute statement"}
2022-05-25 19:40:10 ERROR    http://localhost:8080/petclinic/vets/add -> OwnerService::addVet failed: must not be empty
2022-05-25 19:40:10 ERROR    http://localhost:8080/petclinic/vets/add -> status code(400) -> 
2022-05-25 19:40:10 ERROR    http://localhost:8080/petclinic/ -> Failed to load resource: the server responded with a status of 404 (Not Found)
2022-05-25 19:40:10 ERROR    http://localhost:8080/petclinic -> status code(404) -> <html>		<head><title>404 Not Found</title></head>		<body>		<center><h1>404 Not Found</h1></center>		<hr><center>nginx/1.17.6</center>		</body>		</html>		<!-- a padding to disable MSIE and Chrome friendly error page -->		<!-- a padding to disable MSIE and Chrome friendly error page -->		<!-- a padding to disable MSIE and Chrome friendly error page -->		<!-- a padding to disable MSIE and Chrome friendly error page -->		<!-- a padding to disable MSIE and Chrome friendly error page -->		<!-- a padding to disable MSIE and Chrome friendly error page -->		
2022-05-25 19:40:10 ERROR    http://localhost:8080/petclinic/specialties/2/edit -> Failed to load resource: the server responded with a status of 400 ()
2022-05-25 19:40:10 ERROR    http://localhost:8080/petclinic/specialties/2/edit -> JSHandle@object
2022-05-25 19:40:10 ERROR    http://localhost:8080/petclinic/specialties/2/edit -> OwnerService::updateSpecialty failed: must not be empty
2022-05-25 19:40:10 ERROR    http://localhost:8080/petclinic/specialties/2/edit -> status code(400) -> 
2022-05-25 19:40:10 ERROR    http://localhost:8080/petclinic/vets/add -> status code(400) -> {"className":"org.springframework.dao.DataIntegrityViolationException","exMessage":"could not execute statement; SQL [n/a]; nested exception is org.hibernate.exception.DataException: could not execute statement"}
2022-05-25 19:40:10 ERROR    http://localhost:8080/petclinic/pets/1/visits/add -> Failed to load resource: the server responded with a status of 400 ()
2022-05-25 19:40:10 ERROR    http://localhost:8080/petclinic/pets/1/visits/add -> JSHandle@object
2022-05-25 19:40:10 ERROR    http://localhost:8080/petclinic/pets/1/visits/add -> OwnerService::getOwnerById failed: server returned code 400 with body "[object Object]"
2022-05-25 19:40:10 ERROR    http://localhost:8080/petclinic/pets/1/visits/add -> ERROR server returned code 400 with body "[object Object]"
2022-05-25 19:40:10 ERROR    http://localhost:8080/petclinic/pets/1/visits/add -> status code(400) -> {"className":"org.springframework.web.method.annotation.MethodArgumentTypeMismatchException","exMessage":"Failed to convert value of type 'java.lang.String' to required type 'int'; nested exception is java.lang.NumberFormatException: For input string: \"undefined\""}
2022-05-25 19:40:10 ERROR    http://localhost:8080/petclinic/pets/1/visits/add -> ERROR JSHandle@error
2022-05-25 19:40:10 ERROR    http://localhost:8080/petclinic/pets/1/visits/add -> Failed to load resource: the server responded with a status of 403 ()
2022-05-25 19:40:10 ERROR    http://localhost:8080/petclinic/pets/1/visits/add -> Access to XMLHttpRequest at 'http://localhost:9966/petclinic/api/owners/undefined/pets/1/visits' from origin 'http://localhost:8080' has been blocked by CORS policy: Response to preflight request doesn't pass access control check: No 'Access-Control-Allow-Origin' header is present on the requested resource.
2022-05-25 19:40:10 ERROR    http://localhost:8080/petclinic/pets/1/visits/add -> OwnerService::addVisit failed: server returned code 0 with body "[object ProgressEvent]"
2022-05-25 19:40:10 ERROR    http://localhost:8080/petclinic/pets/1/visits/add -> status code(403) -> Invalid CORS request
2022-05-25 19:40:10 ERROR    http://localhost:8080/petclinic/specialties -> ERROR JSHandle@error
2022-05-25 19:40:10 ERROR    http://localhost:8080/petclinic/owners/5/pets/add -> Failed to load resource: the server responded with a status of 403 ()
2022-05-25 19:40:10 ERROR    http://localhost:8080/petclinic/owners/5/pets/add -> Access to XMLHttpRequest at 'http://localhost:9966/petclinic/api/owners/5/pets' from origin 'http://localhost:8080' has been blocked by CORS policy: Response to preflight request doesn't pass access control check: No 'Access-Control-Allow-Origin' header is present on the requested resource.
2022-05-25 19:40:10 ERROR    http://localhost:8080/petclinic/owners/5/pets/add -> JSHandle@object
2022-05-25 19:40:10 ERROR    http://localhost:8080/petclinic/owners/5/pets/add -> OwnerService::addPet failed: server returned code 0 with body "[object ProgressEvent]"
2022-05-25 19:40:10 ERROR    http://localhost:8080/petclinic/owners/5/pets/add -> status code(403) -> Invalid CORS request
2022-05-25 19:40:10 ERROR    http://localhost:8080/petclinic/pettypes/6/edit -> Failed to load resource: the server responded with a status of 400 ()
2022-05-25 19:40:10 ERROR    http://localhost:8080/petclinic/pettypes/6/edit -> JSHandle@object
2022-05-25 19:40:10 ERROR    http://localhost:8080/petclinic/pettypes/6/edit -> OwnerService::updatePetType failed: must not be empty
2022-05-25 19:40:10 ERROR    http://localhost:8080/petclinic/pettypes/6/edit -> status code(400) -> 
~2022-05-25 19:40:10 ERROR    http://localhost:8080/petclinic/pettypes/5/edit -> Failed to load resource: the server responded with a status of 400 ()
~2022-05-25 19:40:10 ERROR    http://localhost:8080/petclinic/pettypes/5/edit -> JSHandle@object
~2022-05-25 19:40:10 ERROR    http://localhost:8080/petclinic/pettypes/5/edit -> OwnerService::updatePetType failed: must not be empty
~2022-05-25 19:40:10 ERROR    http://localhost:8080/petclinic/pettypes/5/edit -> status code(400) -> 
2022-05-25 19:40:10 ERROR    http://localhost:8080/petclinic/visits/2/edit -> Failed to load resource: the server responded with a status of 400 ()
2022-05-25 19:40:10 ERROR    http://localhost:8080/petclinic/visits/2/edit -> JSHandle@object
2022-05-25 19:40:10 ERROR    http://localhost:8080/petclinic/visits/2/edit -> OwnerService::getPetById failed: server returned code 400 with body "[object Object]"
2022-05-25 19:40:10 ERROR    http://localhost:8080/petclinic/visits/2/edit -> ERROR server returned code 400 with body "[object Object]"
2022-05-25 19:40:10 ERROR    http://localhost:8080/petclinic/visits/2/edit -> status code(400) -> {"className":"org.springframework.web.method.annotation.MethodArgumentTypeMismatchException","exMessage":"Failed to convert value of type 'java.lang.String' to required type 'int'; nested exception is java.lang.NumberFormatException: For input string: \"undefined\""}
~2022-05-25 19:40:10 ERROR    http://localhost:8080/petclinic/owners/3/pets/add -> Failed to load resource: the server responded with a status of 403 ()
~2022-05-25 19:40:10 ERROR    http://localhost:8080/petclinic/owners/3/pets/add -> Access to XMLHttpRequest at 'http://localhost:9966/petclinic/api/owners/3/pets' from origin 'http://localhost:8080' has been blocked by CORS policy: Response to preflight request doesn't pass access control check: No 'Access-Control-Allow-Origin' header is present on the requested resource.
~2022-05-25 19:40:10 ERROR    http://localhost:8080/petclinic/owners/3/pets/add -> JSHandle@object
~2022-05-25 19:40:10 ERROR    http://localhost:8080/petclinic/owners/3/pets/add -> OwnerService::addPet failed: server returned code 0 with body "[object ProgressEvent]"
~2022-05-25 19:40:10 ERROR    http://localhost:8080/petclinic/owners/3/pets/add -> status code(403) -> Invalid CORS request
2022-05-25 19:40:10 ERROR    http://localhost:8080/petclinic/pettypes -> Failed to load resource: the server responded with a status of 400 ()
2022-05-25 19:40:10 ERROR    http://localhost:8080/petclinic/pettypes -> JSHandle@object
2022-05-25 19:40:10 ERROR    http://localhost:8080/petclinic/pettypes -> OwnerService::addPetType failed: server returned code 400 with body "[object Object]"
2022-05-25 19:40:10 ERROR    http://localhost:8080/petclinic/pettypes -> status code(400) -> {"className":"java.lang.NullPointerException","exMessage":null}
~2022-05-25 19:40:10 ERROR    http://localhost:8080/petclinic/owners/2/pets/add -> Failed to load resource: the server responded with a status of 403 ()
~2022-05-25 19:40:10 ERROR    http://localhost:8080/petclinic/owners/2/pets/add -> Access to XMLHttpRequest at 'http://localhost:9966/petclinic/api/owners/2/pets' from origin 'http://localhost:8080' has been blocked by CORS policy: Response to preflight request doesn't pass access control check: No 'Access-Control-Allow-Origin' header is present on the requested resource.
~2022-05-25 19:40:10 ERROR    http://localhost:8080/petclinic/owners/2/pets/add -> JSHandle@object
~2022-05-25 19:40:10 ERROR    http://localhost:8080/petclinic/owners/2/pets/add -> OwnerService::addPet failed: server returned code 0 with body "[object ProgressEvent]"
~2022-05-25 19:40:10 ERROR    http://localhost:8080/petclinic/owners/2/pets/add -> status code(403) -> Invalid CORS request
2022-05-25 19:40:10 ERROR    http://localhost:8080/petclinic/pets/11/edit -> Failed to load resource: the server responded with a status of 400 ()
2022-05-25 19:40:10 ERROR    http://localhost:8080/petclinic/pets/11/edit -> JSHandle@object
2022-05-25 19:40:10 ERROR    http://localhost:8080/petclinic/pets/11/edit -> OwnerService::getOwnerById failed: server returned code 400 with body "[object Object]"
2022-05-25 19:40:10 ERROR    http://localhost:8080/petclinic/pets/11/edit -> ERROR server returned code 400 with body "[object Object]"
2022-05-25 19:40:10 ERROR    http://localhost:8080/petclinic/pets/11/edit -> status code(400) -> {"className":"org.springframework.web.method.annotation.MethodArgumentTypeMismatchException","exMessage":"Failed to convert value of type 'java.lang.String' to required type 'int'; nested exception is java.lang.NumberFormatException: For input string: \"undefined\""}
2022-05-25 19:40:10 ERROR    http://localhost:8080/petclinic/pets/11/edit -> OwnerService::updatePet failed: server returned code 400 with body "[object Object]"
2022-05-25 19:40:10 ERROR    http://localhost:8080/petclinic/pets/11/edit -> status code(400) -> {"className":"org.springframework.http.converter.HttpMessageNotReadableException","exMessage":"I/O error while reading input message; nested exception is java.io.IOException: java.text.ParseException: Unparseable date: \"2010-03-09\""}
2022-05-25 19:40:10 ERROR    http://localhost:8080/petclinic/pets/11/edit -> status code(400) -> {"className":"org.springframework.http.converter.HttpMessageNotReadableException","exMessage":"I/O error while reading input message; nested exception is java.io.IOException: java.text.ParseException: Unparseable date: \"Invalid date\""}
~2022-05-25 19:40:10 ERROR    http://localhost:8080/petclinic/owners/6/pets/add -> Failed to load resource: the server responded with a status of 403 ()
~2022-05-25 19:40:10 ERROR    http://localhost:8080/petclinic/owners/6/pets/add -> Access to XMLHttpRequest at 'http://localhost:9966/petclinic/api/owners/6/pets' from origin 'http://localhost:8080' has been blocked by CORS policy: Response to preflight request doesn't pass access control check: No 'Access-Control-Allow-Origin' header is present on the requested resource.
~2022-05-25 19:40:10 ERROR    http://localhost:8080/petclinic/owners/6/pets/add -> JSHandle@object
~2022-05-25 19:40:10 ERROR    http://localhost:8080/petclinic/owners/6/pets/add -> OwnerService::addPet failed: server returned code 0 with body "[object ProgressEvent]"
~2022-05-25 19:40:10 ERROR    http://localhost:8080/petclinic/owners/6/pets/add -> status code(403) -> Invalid CORS request
2022-05-25 19:40:10 ERROR    http://localhost:8080/petclinic/pettypes -> Failed to load resource: the server responded with a status of 404 ()
2022-05-25 19:40:10 ERROR    http://localhost:8080/petclinic/pettypes -> OwnerService::getPetTypes failed: server returned code 404 with body "null"
2022-05-25 19:40:10 ERROR    http://localhost:8080/petclinic/pettypes -> status code(404) -> 
2022-05-25 19:40:10 ERROR    http://localhost:8080/petclinic/owners/9/pets/add -> Failed to load resource: the server responded with a status of 403 ()
~2022-05-25 19:40:10 ERROR    http://localhost:8080/petclinic/owners/9/pets/add -> Access to XMLHttpRequest at 'http://localhost:9966/petclinic/api/owners/9/pets' from origin 'http://localhost:8080' has been blocked by CORS policy: Response to preflight request doesn't pass access control check: No 'Access-Control-Allow-Origin' header is present on the requested resource.
~2022-05-25 19:40:10 ERROR    http://localhost:8080/petclinic/owners/9/pets/add -> JSHandle@object
~2022-05-25 19:40:10 ERROR    http://localhost:8080/petclinic/owners/9/pets/add -> OwnerService::addPet failed: server returned code 0 with body "[object ProgressEvent]"
~2022-05-25 19:40:10 ERROR    http://localhost:8080/petclinic/owners/9/pets/add -> status code(403) -> Invalid CORS request
~2022-05-25 19:40:10 ERROR    http://localhost:8080/petclinic/pettypes/15/edit -> Failed to load resource: the server responded with a status of 400 ()
~2022-05-25 19:40:10 ERROR    http://localhost:8080/petclinic/pettypes/15/edit -> JSHandle@object
~2022-05-25 19:40:10 ERROR    http://localhost:8080/petclinic/pettypes/15/edit -> OwnerService::updatePetType failed: must not be empty
~2022-05-25 19:40:10 ERROR    http://localhost:8080/petclinic/pettypes/15/edit -> status code(400) -> 
~2022-05-25 19:40:10 ERROR    http://localhost:8080/petclinic/pettypes/17/edit -> Failed to load resource: the server responded with a status of 400 ()
~2022-05-25 19:40:10 ERROR    http://localhost:8080/petclinic/pettypes/17/edit -> JSHandle@object
~2022-05-25 19:40:10 ERROR    http://localhost:8080/petclinic/pettypes/17/edit -> OwnerService::updatePetType failed: must not be empty
~2022-05-25 19:40:10 ERROR    http://localhost:8080/petclinic/pettypes/17/edit -> status code(400) -> 
~2022-05-25 19:40:10 ERROR    http://localhost:8080/petclinic/pettypes/16/edit -> Failed to load resource: the server responded with a status of 400 ()
~2022-05-25 19:40:10 ERROR    http://localhost:8080/petclinic/pettypes/16/edit -> JSHandle@object
~2022-05-25 19:40:10 ERROR    http://localhost:8080/petclinic/pettypes/16/edit -> OwnerService::updatePetType failed: must not be empty
~2022-05-25 19:40:10 ERROR    http://localhost:8080/petclinic/pettypes/16/edit -> status code(400) -> 
~2022-05-25 19:40:10 ERROR    http://localhost:8080/petclinic/specialties/3/edit -> Failed to load resource: the server responded with a status of 400 ()
~2022-05-25 19:40:10 ERROR    http://localhost:8080/petclinic/specialties/3/edit -> JSHandle@object
~2022-05-25 19:40:10 ERROR    http://localhost:8080/petclinic/specialties/3/edit -> OwnerService::updateSpecialty failed: must not be empty
~2022-05-25 19:40:10 ERROR    http://localhost:8080/petclinic/specialties/3/edit -> status code(400) -> 
~2022-05-25 19:41:03 ERROR    Future exception was never retrieved
future: <Future finished exception=NetworkError('Protocol error Target.sendMessageToTarget: Target closed.')>
pyppeteer.errors.NetworkError: Protocol error Target.sendMessageToTarget: Target closed.
