49422149324400457114317816287120169614, None, 49422149324400457114317816287120169614, http://localhost:8080/petclinic/
49422149324400457114317816287120169614, 197778599654058637859845509767960508013 -> a [<span _ngcontent-nmt-c45="" aria-hidden="true" class="glyphicon glyphicon-th-list", 288837384050435833154613713335591823145, http://localhost:8080/petclinic/specialties
49422149324400457114317816287120169614, None, 49422149324400457114317816287120169614, http://localhost:8080/petclinic/
49422149324400457114317816287120169614, 176637220751495739307368478443309014202 -> a [<span _ngcontent-ydn-c45="" aria-hidden="true" class="glyphicon glyphicon-th-list", 217859354597832274890068174486427952950, http://localhost:8080/petclinic/pettypes
217859354597832274890068174486427952950, 21445078288554389917817523524446938201 -> button ['Home']{}, 108293023272059840788360475304945068641, http://localhost:8080/petclinic/pettypes
49422149324400457114317816287120169614, None, 49422149324400457114317816287120169614, http://localhost:8080/petclinic/
49422149324400457114317816287120169614, 241102713068160936492153025514392564486 -> a ['Owners', <span _ngcontent-vyo-c45="" class="caret", 203789904488100118908646339278060037750, http://localhost:8080/petclinic/
203789904488100118908646339278060037750, 43123100194280037374862393170474711222 -> a [<span _ngcontent-vyo-c45="" aria-hidden="true" class="glyphicon glyphicon-search", 192707741666091566240352799848887721267, http://localhost:8080/petclinic/owners
192707741666091566240352799848887721267, 306714989561460990058910536827376732038 -> form [<div _ngcontent-vyo-c48="" class="form-group", 163617403358822094151863486558031180722, http://localhost:8080/petclinic/owners
163617403358822094151863486558031180722, 32365646622504401513385705055113692464 -> form [<div _ngcontent-vyo-c48="" class="form-group", 163617403358822094151863486558031180722, http://localhost:8080/petclinic/owners
163617403358822094151863486558031180722, 32365646622504401513385705055113692464 -> form [<div _ngcontent-vyo-c48="" class="form-group", 163617403358822094151863486558031180722, http://localhost:8080/petclinic/owners
163617403358822094151863486558031180722, 49750308469908064747367795762376804634 -> button ['Add Owner']{}, 203023619710194440040269972140338262674, http://localhost:8080/petclinic/owners
203023619710194440040269972140338262674, 147767205160108965291273112688704836562 -> form [<div _ngcontent-vyo-c52="" class="form-group" hidden="true", 91174471384540513772291867958887422763, http://localhost:8080/petclinic/owners/add
91174471384540513772291867958887422763, 301612750692636625067593565903967242865 -> form [<div _ngcontent-vyo-c52="" class="form-group" hidden="true", 81722613000553017266989564081804926849, http://localhost:8080/petclinic/owners/add
49422149324400457114317816287120169614, None, 49422149324400457114317816287120169614, http://localhost:8080/petclinic/
49422149324400457114317816287120169614, 194771448411019014690468116617461248686 -> a ['Owners', <span _ngcontent-ggo-c45="" class="caret", 203789904488100118908646339278060037750, http://localhost:8080/petclinic/
203789904488100118908646339278060037750, 271666113312863959361466102202326480429 -> a [<span _ngcontent-ggo-c45="" aria-hidden="true" class="glyphicon glyphicon-plus", 282167456026102075406891693572033620368, http://localhost:8080/petclinic/owners/add
282167456026102075406891693572033620368, 143592843742305908902043195347560212730 -> form [<div _ngcontent-ggo-c52="" class="form-group" hidden="true", 238765570049826696537175608554691325031, http://localhost:8080/petclinic/owners/add
238765570049826696537175608554691325031, 227137398396531697535259328207089605017 -> form [<div _ngcontent-ggo-c52="" class="form-group" hidden="true", 81722613000553017266989564081804926849, http://localhost:8080/petclinic/owners/add
81722613000553017266989564081804926849, 23572573534618875269975845076487651695 -> form [<div _ngcontent-ggo-c52="" class="form-group" hidden="true", 81722613000553017266989564081804926849, http://localhost:8080/petclinic/owners/add
81722613000553017266989564081804926849, 23572573534618875269975845076487651695 -> form [<div _ngcontent-ggo-c52="" class="form-group" hidden="true", 251062317678085611655121905699250416628, http://localhost:8080/petclinic/owners/add
251062317678085611655121905699250416628, 93414359264730847785059570792049986706 -> form [<div _ngcontent-ggo-c52="" class="form-group" hidden="true", 146329543102733430936153994639413612340, http://localhost:8080/petclinic/owners/add
146329543102733430936153994639413612340, 323025626879740773817135566905976722751 -> form [<div _ngcontent-ggo-c52="" class="form-group" hidden="true", 146329543102733430936153994639413612340, http://localhost:8080/petclinic/owners/add
49422149324400457114317816287120169614, None, 49422149324400457114317816287120169614, http://localhost:8080/petclinic/
49422149324400457114317816287120169614, 27258793619673040988211778919790850632 -> a ['Veterinarians', <span _ngcontent-ruq-c45="" class="caret", 74849793808848032408097070206027864246, http://localhost:8080/petclinic/
74849793808848032408097070206027864246, 275699246090521292665206964450301278822 -> a ['Veterinarians', <span _ngcontent-ruq-c45="" class="caret", 49422149324400457114317816287120169614, http://localhost:8080/petclinic/
49422149324400457114317816287120169614, 27258793619673040988211778919790850632 -> a ['Veterinarians', <span _ngcontent-ruq-c45="" class="caret", 74849793808848032408097070206027864246, http://localhost:8080/petclinic/
74849793808848032408097070206027864246, 268606671111896893875941752539588869171 -> a [<span _ngcontent-ruq-c45="" aria-hidden="true" class="glyphicon glyphicon-plus", 226321264437896678066783544823465103778, http://localhost:8080/petclinic/vets/add
226321264437896678066783544823465103778, 216469375142807688483235317999349441626 -> option [' dentistry ']{'value': ': Object', 'ng-reflect-ng-value': '[object Object]'}, 226321264437896678066783544823465103778, http://localhost:8080/petclinic/vets/add
226321264437896678066783544823465103778, 323982030261312116076810910638168670015 -> form [<div _ngcontent-ruq-c129="" class="form-group" hidden="true", 235557940427700672109601708783865512465, http://localhost:8080/petclinic/vets/add
235557940427700672109601708783865512465, 183193800635718568073321761826882314723 -> form [<div _ngcontent-ruq-c129="" class="form-group" hidden="true", 51513408882529245424246001655845665969, http://localhost:8080/petclinic/vets/add
51513408882529245424246001655845665969, 296949891311426579990186883673125259835 -> form [<div _ngcontent-ruq-c129="" class="form-group" hidden="true", 51513408882529245424246001655845665969, http://localhost:8080/petclinic/vets/add
49422149324400457114317816287120169614, None, 49422149324400457114317816287120169614, http://localhost:8080/petclinic/
49422149324400457114317816287120169614, 97020789250197062825290325646870871248 -> a ['Owners', <span _ngcontent-dge-c45="" class="caret", 203789904488100118908646339278060037750, http://localhost:8080/petclinic/
203789904488100118908646339278060037750, 222621305175477122625396707374871515203 -> a ['Owners', <span _ngcontent-dge-c45="" class="caret", 49422149324400457114317816287120169614, http://localhost:8080/petclinic/
49422149324400457114317816287120169614, 97020789250197062825290325646870871248 -> a ['Owners', <span _ngcontent-dge-c45="" class="caret", 203789904488100118908646339278060037750, http://localhost:8080/petclinic/
203789904488100118908646339278060037750, 120673555973335332778601188874870753328 -> a [<span _ngcontent-dge-c45="" aria-hidden="true" class="glyphicon glyphicon-search", 192707741666091566240352799848887721267, http://localhost:8080/petclinic/owners
192707741666091566240352799848887721267, 86710584384133475082381111873134748370 -> form [<div _ngcontent-dge-c48="" class="form-group", 163617403358822094151863486558031180722, http://localhost:8080/petclinic/owners
163617403358822094151863486558031180722, 49750308469908064747367795762376804634 -> button ['Add Owner']{}, 203023619710194440040269972140338262674, http://localhost:8080/petclinic/owners
49422149324400457114317816287120169614, None, 49422149324400457114317816287120169614, http://localhost:8080/petclinic/
49422149324400457114317816287120169614, 333654907401209431148176099870876897950 -> a ['Veterinarians', <span _ngcontent-kkx-c45="" class="caret", 74849793808848032408097070206027864246, http://localhost:8080/petclinic/
74849793808848032408097070206027864246, 266920223643170213787604264660149134640 -> a [<span _ngcontent-kkx-c45="" aria-hidden="true" class="glyphicon glyphicon-search", 120962431678690102558501945372758632054, http://localhost:8080/petclinic/vets
120962431678690102558501945372758632054, 21445078288554389917817523524446938201 -> button ['Home']{}, 276139206715468410231977343122131958458, http://localhost:8080/petclinic/vets
49422149324400457114317816287120169614, None, 49422149324400457114317816287120169614, http://localhost:8080/petclinic/
49422149324400457114317816287120169614, None, 49422149324400457114317816287120169614, http://localhost:8080/petclinic/
49422149324400457114317816287120169614, 117067641545599958320443597759667748194 -> a ['Owners', <span _ngcontent-jbg-c45="" class="caret", 203789904488100118908646339278060037750, http://localhost:8080/petclinic/
203789904488100118908646339278060037750, 70555936722227776037993293694560010627 -> a ['Owners', <span _ngcontent-jbg-c45="" class="caret", 49422149324400457114317816287120169614, http://localhost:8080/petclinic/
49422149324400457114317816287120169614, 117067641545599958320443597759667748194 -> a ['Owners', <span _ngcontent-jbg-c45="" class="caret", 203789904488100118908646339278060037750, http://localhost:8080/petclinic/
203789904488100118908646339278060037750, 191860030185667345150217702247611998825 -> a [<span _ngcontent-jbg-c45="" aria-hidden="true" class="glyphicon glyphicon-plus", 282167456026102075406891693572033620368, http://localhost:8080/petclinic/owners/add
282167456026102075406891693572033620368, 26745498419196361099672656749160394263 -> form [<div _ngcontent-jbg-c52="" class="form-group" hidden="true", 135500209476863552169565684126253605060, http://localhost:8080/petclinic/owners/add
135500209476863552169565684126253605060, 17413234979650632933975838329702549453 -> form [<div _ngcontent-jbg-c52="" class="form-group" hidden="true", 81722613000553017266989564081804926849, http://localhost:8080/petclinic/owners/add
81722613000553017266989564081804926849, 187336003954489622617501095059616923967 -> form [<div _ngcontent-jbg-c52="" class="form-group" hidden="true", 81722613000553017266989564081804926849, http://localhost:8080/petclinic/owners/add
81722613000553017266989564081804926849, 187336003954489622617501095059616923967 -> form [<div _ngcontent-jbg-c52="" class="form-group" hidden="true", 239664734156909573961955710874362768568, http://localhost:8080/petclinic/owners/add
49422149324400457114317816287120169614, None, 49422149324400457114317816287120169614, http://localhost:8080/petclinic/
49422149324400457114317816287120169614, 244174482538324617009170991340609885868 -> a [<span _ngcontent-jfb-c45="" aria-hidden="true" class="glyphicon glyphicon-th-list", 29471666746861938259470438044637749945, http://localhost:8080/petclinic/specialties
29471666746861938259470438044637749945, 72602955079352731327874698425826022808 -> button ['Edit']{}, 37944750358445581152875643133321287347, http://localhost:8080/petclinic/specialties
37944750358445581152875643133321287347, 194840174587048916645230420723876041837 -> form [<div _ngcontent-jfb-c133="" class="form-group" hidden="true", 144775122597665003328754805556430843603, http://localhost:8080/petclinic/specialties/2/edit
144775122597665003328754805556430843603, 2172229380837465911088738303661083956 -> form [<div _ngcontent-jfb-c133="" class="form-group" hidden="true", 144775122597665003328754805556430843603, http://localhost:8080/petclinic/specialties/2/edit
144775122597665003328754805556430843603, 2172229380837465911088738303661083956 -> form [<div _ngcontent-jfb-c133="" class="form-group" hidden="true", 144775122597665003328754805556430843603, http://localhost:8080/petclinic/specialties/2/edit
49422149324400457114317816287120169614, None, 49422149324400457114317816287120169614, http://localhost:8080/petclinic/
49422149324400457114317816287120169614, None, 49422149324400457114317816287120169614, http://localhost:8080/petclinic/
49422149324400457114317816287120169614, 203477376252938457430919882905729737961 -> a ['Owners', <span _ngcontent-mku-c45="" class="caret", 203789904488100118908646339278060037750, http://localhost:8080/petclinic/
203789904488100118908646339278060037750, 169451648118488455916103295682140557102 -> a ['Owners', <span _ngcontent-mku-c45="" class="caret", 49422149324400457114317816287120169614, http://localhost:8080/petclinic/
49422149324400457114317816287120169614, 203477376252938457430919882905729737961 -> a ['Owners', <span _ngcontent-mku-c45="" class="caret", 203789904488100118908646339278060037750, http://localhost:8080/petclinic/
203789904488100118908646339278060037750, 297604723291986779835520170732204133375 -> a [<span _ngcontent-mku-c45="" aria-hidden="true" class="glyphicon glyphicon-plus", 282167456026102075406891693572033620368, http://localhost:8080/petclinic/owners/add
282167456026102075406891693572033620368, 121217641283604355853516383570550398651 -> button ['Back']{'type': 'button'}, 198349928341156416954726297591028442855, http://localhost:8080/petclinic/owners/add
198349928341156416954726297591028442855, 57141056653135790979716707863565971157 -> form [<div _ngcontent-mku-c48="" class="form-group", 163617403358822094151863486558031180722, http://localhost:8080/petclinic/owners
49422149324400457114317816287120169614, None, 49422149324400457114317816287120169614, http://localhost:8080/petclinic/
49422149324400457114317816287120169614, 307650921726017590922506545468973944603 -> a ['Owners', <span _ngcontent-swt-c45="" class="caret", 203789904488100118908646339278060037750, http://localhost:8080/petclinic/
203789904488100118908646339278060037750, 268504253818662420636975349475671324666 -> a ['Owners', <span _ngcontent-swt-c45="" class="caret", 49422149324400457114317816287120169614, http://localhost:8080/petclinic/
49422149324400457114317816287120169614, 307650921726017590922506545468973944603 -> a ['Owners', <span _ngcontent-swt-c45="" class="caret", 203789904488100118908646339278060037750, http://localhost:8080/petclinic/
203789904488100118908646339278060037750, 217847606827743049488998508540326850501 -> a [<span _ngcontent-swt-c45="" aria-hidden="true" class="glyphicon glyphicon-search", 55331650737117256309750264026710206437, http://localhost:8080/petclinic/owners
55331650737117256309750264026710206437, 105691687079648989457111295128350049654 -> a ['Eduardo Rodriquez']{'routerlinkactive': 'active', 'ng-reflect-router-link-active': 'active', 'ng-reflect-router-link': '/owners/', 'href': '/petclinic/owners/3'}, 35215156700473660128845270364394239156, http://localhost:8080/petclinic/owners/3
49422149324400457114317816287120169614, None, 49422149324400457114317816287120169614, http://localhost:8080/petclinic/
49422149324400457114317816287120169614, None, 49422149324400457114317816287120169614, http://localhost:8080/petclinic/
49422149324400457114317816287120169614, None, 49422149324400457114317816287120169614, http://localhost:8080/petclinic/
49422149324400457114317816287120169614, 71035711582937344774793190455630393823 -> a [<span _ngcontent-pyq-c45="" aria-hidden="true" class="glyphicon glyphicon-th-list", 108293023272059840788360475304945068641, http://localhost:8080/petclinic/pettypes
108293023272059840788360475304945068641, 260971015189861471217452361968566968947 -> input []{'type': 'text', 'name': 'pettype_name', 'ng-reflect-name': 'pettype_name', 'id': '', 'ng-reflect-model': 'snake'}, 108293023272059840788360475304945068641, http://localhost:8080/petclinic/pettypes
49422149324400457114317816287120169614, None, 49422149324400457114317816287120169614, http://localhost:8080/petclinic/
49422149324400457114317816287120169614, 161940663378479485753596696363821650193 -> a ['Owners', <span _ngcontent-kng-c45="" class="caret", 203789904488100118908646339278060037750, http://localhost:8080/petclinic/
203789904488100118908646339278060037750, 323259788573345039233792803091114491330 -> a [<span _ngcontent-kng-c45="" aria-hidden="true" class="glyphicon glyphicon-search", 55331650737117256309750264026710206437, http://localhost:8080/petclinic/owners
55331650737117256309750264026710206437, 105691687079648989457111295128350049654 -> a ['Eduardo Rodriquez']{'routerlinkactive': 'active', 'ng-reflect-router-link-active': 'active', 'ng-reflect-router-link': '/owners/', 'href': '/petclinic/owners/3'}, 32250480896253357780312708146521198911, http://localhost:8080/petclinic/owners/3
32250480896253357780312708146521198911, 139589689717891870241471574486234527687 -> button ['Edit Owner']{}, 50963348291528068913700038159151654650, http://localhost:8080/petclinic/owners/3
49422149324400457114317816287120169614, None, 49422149324400457114317816287120169614, http://localhost:8080/petclinic/
49422149324400457114317816287120169614, None, 49422149324400457114317816287120169614, http://localhost:8080/petclinic/
49422149324400457114317816287120169614, None, 49422149324400457114317816287120169614, http://localhost:8080/petclinic/
49422149324400457114317816287120169614, None, 49422149324400457114317816287120169614, http://localhost:8080/petclinic/
49422149324400457114317816287120169614, 218276405258210570746798303447777274334 -> a [<span _ngcontent-gvd-c45="" aria-hidden="true" class="glyphicon glyphicon-th-list", 108293023272059840788360475304945068641, http://localhost:8080/petclinic/pettypes
108293023272059840788360475304945068641, 258134723556343429556622009193497332545 -> input []{'type': 'text', 'name': 'pettype_name', 'ng-reflect-name': 'pettype_name', 'id': '', 'ng-reflect-model': 'dog'}, 108293023272059840788360475304945068641, http://localhost:8080/petclinic/pettypes
108293023272059840788360475304945068641, 72602955079352731327874698425826022808 -> button ['Edit']{}, 88203878113751150939467112047806523820, http://localhost:8080/petclinic/pettypes
49422149324400457114317816287120169614, None, 49422149324400457114317816287120169614, http://localhost:8080/petclinic/
49422149324400457114317816287120169614, 211953864672562370223829185281736436753 -> a ['Owners', <span _ngcontent-flm-c45="" class="caret", 203789904488100118908646339278060037750, http://localhost:8080/petclinic/
203789904488100118908646339278060037750, 304477690845825424952460012434701664104 -> a ['Owners', <span _ngcontent-flm-c45="" class="caret", 49422149324400457114317816287120169614, http://localhost:8080/petclinic/
49422149324400457114317816287120169614, 211953864672562370223829185281736436753 -> a ['Owners', <span _ngcontent-flm-c45="" class="caret", 203789904488100118908646339278060037750, http://localhost:8080/petclinic/
203789904488100118908646339278060037750, 339693928533349297248650067298225892173 -> a [<span _ngcontent-flm-c45="" aria-hidden="true" class="glyphicon glyphicon-plus", 282167456026102075406891693572033620368, http://localhost:8080/petclinic/owners/add
282167456026102075406891693572033620368, 121217641283604355853516383570550398651 -> button ['Back']{'type': 'button'}, 198349928341156416954726297591028442855, http://localhost:8080/petclinic/owners/add
198349928341156416954726297591028442855, 161018084435191510117310584935868473926 -> form [<div _ngcontent-flm-c48="" class="form-group", 163617403358822094151863486558031180722, http://localhost:8080/petclinic/owners
163617403358822094151863486558031180722, 50463002670701976058777697780369789992 -> a ['Carlos Estaban']{'routerlinkactive': 'active', 'ng-reflect-router-link-active': 'active', 'ng-reflect-router-link': '/owners/', 'href': '/petclinic/owners/10'}, 228303979801066302142906652752392657012, http://localhost:8080/petclinic/owners/10
228303979801066302142906652752392657012, 139589689717891870241471574486234527687 -> button ['Edit Owner']{}, 191848704171613556877210844817696993524, http://localhost:8080/petclinic/owners/10
49422149324400457114317816287120169614, None, 49422149324400457114317816287120169614, http://localhost:8080/petclinic/
49422149324400457114317816287120169614, None, 49422149324400457114317816287120169614, http://localhost:8080/petclinic/
49422149324400457114317816287120169614, 292483471654457921789124727778731215921 -> a [<span _ngcontent-nug-c45="" aria-hidden="true" class="glyphicon glyphicon-th-list", 187876115659870033972331767752517246920, http://localhost:8080/petclinic/specialties
187876115659870033972331767752517246920, 14999882950710012412778546762872741770 -> input []{'type': 'text', 'name': 'spec_name', 'ng-reflect-name': 'spec_name', 'id': '', 'ng-reflect-model': 'Certain plan team it'}, 187876115659870033972331767752517246920, http://localhost:8080/petclinic/specialties
49422149324400457114317816287120169614, None, 49422149324400457114317816287120169614, http://localhost:8080/petclinic/
49422149324400457114317816287120169614, 202677176894947220938061555820561766786 -> a [<span _ngcontent-hgo-c45="" aria-hidden="true" class="glyphicon glyphicon-th-list", 263708308170253410551428204834871548284, http://localhost:8080/petclinic/pettypes
263708308170253410551428204834871548284, 127503571107746165653796346320498179471 -> input []{'type': 'text', 'name': 'pettype_name', 'ng-reflect-name': 'pettype_name', 'id': '', 'ng-reflect-model': 'lizard'}, 263708308170253410551428204834871548284, http://localhost:8080/petclinic/pettypes
49422149324400457114317816287120169614, None, 49422149324400457114317816287120169614, http://localhost:8080/petclinic/
49422149324400457114317816287120169614, 295354862589110835476778835388017178831 -> a ['Veterinarians', <span _ngcontent-qja-c45="" class="caret", 74849793808848032408097070206027864246, http://localhost:8080/petclinic/
74849793808848032408097070206027864246, 203987470246084128591850170976290297483 -> a [<span _ngcontent-qja-c45="" aria-hidden="true" class="glyphicon glyphicon-search", 276139206715468410231977343122131958458, http://localhost:8080/petclinic/vets
276139206715468410231977343122131958458, 329707456084073791286946226186375528724 -> button ['Edit Vet']{}, 276139206715468410231977343122131958458, http://localhost:8080/petclinic/vets
276139206715468410231977343122131958458, 21445078288554389917817523524446938201 -> button ['Home']{}, 145986385422122691776250826594275952061, http://localhost:8080/petclinic/vets/6/edit
49422149324400457114317816287120169614, None, 49422149324400457114317816287120169614, http://localhost:8080/petclinic/
49422149324400457114317816287120169614, None, 49422149324400457114317816287120169614, http://localhost:8080/petclinic/
49422149324400457114317816287120169614, 57630948950563162723161403498415688498 -> a ['Veterinarians', <span _ngcontent-vxf-c45="" class="caret", 74849793808848032408097070206027864246, http://localhost:8080/petclinic/
74849793808848032408097070206027864246, 239957058564413414892733107484991332443 -> a [<span _ngcontent-vxf-c45="" aria-hidden="true" class="glyphicon glyphicon-search", 276139206715468410231977343122131958458, http://localhost:8080/petclinic/vets
49422149324400457114317816287120169614, None, 49422149324400457114317816287120169614, http://localhost:8080/petclinic/
49422149324400457114317816287120169614, 227754947944564318521215385416255032478 -> a [<span _ngcontent-qip-c45="" aria-hidden="true" class="glyphicon glyphicon-th-list", 263708308170253410551428204834871548284, http://localhost:8080/petclinic/pettypes
263708308170253410551428204834871548284, 258134723556343429556622009193497332545 -> input []{'type': 'text', 'name': 'pettype_name', 'ng-reflect-name': 'pettype_name', 'id': '', 'ng-reflect-model': 'dog'}, 263708308170253410551428204834871548284, http://localhost:8080/petclinic/pettypes
49422149324400457114317816287120169614, None, 49422149324400457114317816287120169614, http://localhost:8080/petclinic/
49422149324400457114317816287120169614, 329193171345991399182132463259853619055 -> a ['Veterinarians', <span _ngcontent-fgi-c45="" class="caret", 74849793808848032408097070206027864246, http://localhost:8080/petclinic/
74849793808848032408097070206027864246, 288685649087435314410061186814710839223 -> a ['Veterinarians', <span _ngcontent-fgi-c45="" class="caret", 49422149324400457114317816287120169614, http://localhost:8080/petclinic/
49422149324400457114317816287120169614, 329193171345991399182132463259853619055 -> a ['Veterinarians', <span _ngcontent-fgi-c45="" class="caret", 74849793808848032408097070206027864246, http://localhost:8080/petclinic/
74849793808848032408097070206027864246, 37300605861544626292490844685162427236 -> a [<span _ngcontent-fgi-c45="" aria-hidden="true" class="glyphicon glyphicon-plus", 226321264437896678066783544823465103778, http://localhost:8080/petclinic/vets/add
226321264437896678066783544823465103778, 76556652822422524714562994745059895025 -> form [<div _ngcontent-fgi-c129="" class="form-group" hidden="true", 235557940427700672109601708783865512465, http://localhost:8080/petclinic/vets/add
235557940427700672109601708783865512465, 166180935533072973286076591399924175310 -> form [<div _ngcontent-fgi-c129="" class="form-group" hidden="true", 51513408882529245424246001655845665969, http://localhost:8080/petclinic/vets/add
51513408882529245424246001655845665969, 257836913406139438722478883880187966877 -> form [<div _ngcontent-fgi-c129="" class="form-group" hidden="true", 51513408882529245424246001655845665969, http://localhost:8080/petclinic/vets/add
51513408882529245424246001655845665969, 257836913406139438722478883880187966877 -> form [<div _ngcontent-fgi-c129="" class="form-group" hidden="true", 51513408882529245424246001655845665969, http://localhost:8080/petclinic/vets/add
49422149324400457114317816287120169614, None, 49422149324400457114317816287120169614, http://localhost:8080/petclinic/
49422149324400457114317816287120169614, 63642729592047243850575376232200036482 -> a [<span _ngcontent-xtw-c45="" aria-hidden="true" class="glyphicon glyphicon-th-list", 187876115659870033972331767752517246920, http://localhost:8080/petclinic/specialties
187876115659870033972331767752517246920, 72602955079352731327874698425826022808 -> button ['Edit']{}, 34766422699598281372432460927029154942, http://localhost:8080/petclinic/specialties
34766422699598281372432460927029154942, 31789282043242228782753595272084589082 -> button ['Cancel']{}, 187876115659870033972331767752517246920, http://localhost:8080/petclinic/specialties
187876115659870033972331767752517246920, 72602955079352731327874698425826022808 -> button ['Edit']{}, 187876115659870033972331767752517246920, http://localhost:8080/petclinic/specialties
187876115659870033972331767752517246920, 303675221858762215192012905307045847481 -> button [' Add ']{}, 187876115659870033972331767752517246920, http://localhost:8080/petclinic/specialties
187876115659870033972331767752517246920, 21445078288554389917817523524446938201 -> button ['Home']{}, 187876115659870033972331767752517246920, http://localhost:8080/petclinic/specialties
187876115659870033972331767752517246920, 288502514072986478099439261393286468799 -> input []{'type': 'text', 'name': 'spec_name', 'ng-reflect-name': 'spec_name', 'id': '', 'ng-reflect-model': 'dentistry'}, 187876115659870033972331767752517246920, http://localhost:8080/petclinic/specialties
187876115659870033972331767752517246920, 227073930841214006130999723495268235883 -> input []{'type': 'text', 'name': 'spec_name', 'ng-reflect-name': 'spec_name', 'id': '', 'ng-reflect-model': 'radiology'}, 187876115659870033972331767752517246920, http://localhost:8080/petclinic/specialties
49422149324400457114317816287120169614, None, 49422149324400457114317816287120169614, http://localhost:8080/petclinic/
49422149324400457114317816287120169614, 149328781568180312201162982063896356695 -> a ['Veterinarians', <span _ngcontent-uvc-c45="" class="caret", 74849793808848032408097070206027864246, http://localhost:8080/petclinic/
74849793808848032408097070206027864246, 225326411208032898786842982370754032158 -> a ['Veterinarians', <span _ngcontent-uvc-c45="" class="caret", 49422149324400457114317816287120169614, http://localhost:8080/petclinic/
49422149324400457114317816287120169614, 149328781568180312201162982063896356695 -> a ['Veterinarians', <span _ngcontent-uvc-c45="" class="caret", 74849793808848032408097070206027864246, http://localhost:8080/petclinic/
74849793808848032408097070206027864246, 50646266347440738892544642167265822721 -> a [<span _ngcontent-uvc-c45="" aria-hidden="true" class="glyphicon glyphicon-search", 276139206715468410231977343122131958458, http://localhost:8080/petclinic/vets
276139206715468410231977343122131958458, 156541344850502344101188167639879920108 -> button ['Add Vet']{}, 260706244791257485496027837704690829215, http://localhost:8080/petclinic/vets
260706244791257485496027837704690829215, 148571226040526517214743856217102907131 -> form [<div _ngcontent-uvc-c129="" class="form-group" hidden="true", 312975635857585782046141516785894877692, http://localhost:8080/petclinic/vets/add
312975635857585782046141516785894877692, 136141108488744390173865855298810099765 -> form [<div _ngcontent-uvc-c129="" class="form-group" hidden="true", 51513408882529245424246001655845665969, http://localhost:8080/petclinic/vets/add
51513408882529245424246001655845665969, 60025916411669456056803400957249499063 -> form [<div _ngcontent-uvc-c129="" class="form-group" hidden="true", 51513408882529245424246001655845665969, http://localhost:8080/petclinic/vets/add
49422149324400457114317816287120169614, None, 49422149324400457114317816287120169614, http://localhost:8080/petclinic/
49422149324400457114317816287120169614, None, 49422149324400457114317816287120169614, http://localhost:8080/petclinic/
49422149324400457114317816287120169614, None, 49422149324400457114317816287120169614, http://localhost:8080/petclinic/
49422149324400457114317816287120169614, None, 49422149324400457114317816287120169614, http://localhost:8080/petclinic/
49422149324400457114317816287120169614, None, 49422149324400457114317816287120169614, http://localhost:8080/petclinic/
49422149324400457114317816287120169614, 32078808947102487955949403951454998415 -> a ['Owners', <span _ngcontent-ilp-c45="" class="caret", 203789904488100118908646339278060037750, http://localhost:8080/petclinic/
203789904488100118908646339278060037750, 1524678468349983276795759112605112977 -> a [<span _ngcontent-ilp-c45="" aria-hidden="true" class="glyphicon glyphicon-plus", 282167456026102075406891693572033620368, http://localhost:8080/petclinic/owners/add
282167456026102075406891693572033620368, 121217641283604355853516383570550398651 -> button ['Back']{'type': 'button'}, 198349928341156416954726297591028442855, http://localhost:8080/petclinic/owners/add
198349928341156416954726297591028442855, 135961042674855461862821424953757965143 -> form [<div _ngcontent-ilp-c48="" class="form-group", 158497228144192670885000347835302332016, http://localhost:8080/petclinic/owners
158497228144192670885000347835302332016, 130548507169488833835925864026939470261 -> a ['Maria Escobito']{'routerlinkactive': 'active', 'ng-reflect-router-link-active': 'active', 'ng-reflect-router-link': '/owners/', 'href': '/petclinic/owners/8'}, 269861813242630346261943906475290761182, http://localhost:8080/petclinic/owners
269861813242630346261943906475290761182, 187151684874937294720766962182775302606 -> button ['Add New Pet']{}, 13930257276792518973866565353273364537, http://localhost:8080/petclinic/owners/8
13930257276792518973866565353273364537, 296098039941399661068775222716384537671 -> button [<span class="mat-button-wrapper", 195992045773244535906530249100918958682, http://localhost:8080/petclinic/owners/8/pets/add
195992045773244535906530249100918958682, 223966613472159249324490658652650339518 -> option ['bird ']{'value': ': Object', 'ng-reflect-ng-value': '[object Object]'}, 159390162705700224336609939419655454369, http://localhost:8080/petclinic/owners/8/pets/add
49422149324400457114317816287120169614, None, 49422149324400457114317816287120169614, http://localhost:8080/petclinic/
49422149324400457114317816287120169614, None, 49422149324400457114317816287120169614, http://localhost:8080/petclinic/
49422149324400457114317816287120169614, None, 49422149324400457114317816287120169614, http://localhost:8080/petclinic/
49422149324400457114317816287120169614, 333744753253345912428473945478555270277 -> a [<span _ngcontent-acq-c45="" aria-hidden="true" class="glyphicon glyphicon-th-list", 338105010974504145643250394291532717315, http://localhost:8080/petclinic/pettypes
338105010974504145643250394291532717315, 271914958417248026839750307164827811225 -> input []{'type': 'text', 'name': 'pettype_name', 'ng-reflect-name': 'pettype_name', 'id': '', 'ng-reflect-model': 'bird'}, 338105010974504145643250394291532717315, http://localhost:8080/petclinic/pettypes
49422149324400457114317816287120169614, None, 49422149324400457114317816287120169614, http://localhost:8080/petclinic/
49422149324400457114317816287120169614, 32242831728913973639040385745451492228 -> a ['Owners', <span _ngcontent-dsu-c45="" class="caret", 203789904488100118908646339278060037750, http://localhost:8080/petclinic/
203789904488100118908646339278060037750, 61282546701127743207099244272537067402 -> a ['Owners', <span _ngcontent-dsu-c45="" class="caret", 49422149324400457114317816287120169614, http://localhost:8080/petclinic/
49422149324400457114317816287120169614, 32242831728913973639040385745451492228 -> a ['Owners', <span _ngcontent-dsu-c45="" class="caret", 203789904488100118908646339278060037750, http://localhost:8080/petclinic/
203789904488100118908646339278060037750, 71986493691362076505625403529100442404 -> a [<span _ngcontent-dsu-c45="" aria-hidden="true" class="glyphicon glyphicon-plus", 282167456026102075406891693572033620368, http://localhost:8080/petclinic/owners/add
282167456026102075406891693572033620368, 121217641283604355853516383570550398651 -> button ['Back']{'type': 'button'}, 198349928341156416954726297591028442855, http://localhost:8080/petclinic/owners/add
198349928341156416954726297591028442855, 14907826216032298964805496010878757607 -> form [<div _ngcontent-dsu-c48="" class="form-group", 158497228144192670885000347835302332016, http://localhost:8080/petclinic/owners
158497228144192670885000347835302332016, 130548507169488833835925864026939470261 -> a ['Maria Escobito']{'routerlinkactive': 'active', 'ng-reflect-router-link-active': 'active', 'ng-reflect-router-link': '/owners/', 'href': '/petclinic/owners/8'}, 78556480674802528996134279097752856765, http://localhost:8080/petclinic/owners/8
78556480674802528996134279097752856765, 139589689717891870241471574486234527687 -> button ['Edit Owner']{}, 56016451228384795324785525716980415544, http://localhost:8080/petclinic/owners/8
49422149324400457114317816287120169614, None, 49422149324400457114317816287120169614, http://localhost:8080/petclinic/
49422149324400457114317816287120169614, 254746278443911601750452848353703054554 -> a ['Veterinarians', <span _ngcontent-euc-c45="" class="caret", 74849793808848032408097070206027864246, http://localhost:8080/petclinic/
74849793808848032408097070206027864246, 211442858954056800534396380577144146868 -> a [<span _ngcontent-euc-c45="" aria-hidden="true" class="glyphicon glyphicon-search", 276139206715468410231977343122131958458, http://localhost:8080/petclinic/vets
276139206715468410231977343122131958458, 156541344850502344101188167639879920108 -> button ['Add Vet']{}, 260706244791257485496027837704690829215, http://localhost:8080/petclinic/vets
49422149324400457114317816287120169614, None, 49422149324400457114317816287120169614, http://localhost:8080/petclinic/
49422149324400457114317816287120169614, None, 49422149324400457114317816287120169614, http://localhost:8080/petclinic/
49422149324400457114317816287120169614, 13626558413196304344700352125638496658 -> a ['Veterinarians', <span _ngcontent-gye-c45="" class="caret", 74849793808848032408097070206027864246, http://localhost:8080/petclinic/
74849793808848032408097070206027864246, 320108094664878211202313327675487583243 -> a [<span _ngcontent-gye-c45="" aria-hidden="true" class="glyphicon glyphicon-search", 276139206715468410231977343122131958458, http://localhost:8080/petclinic/vets
276139206715468410231977343122131958458, 156541344850502344101188167639879920108 -> button ['Add Vet']{}, 260706244791257485496027837704690829215, http://localhost:8080/petclinic/vets
260706244791257485496027837704690829215, 115334218494936182699984918066171363344 -> form [<div _ngcontent-gye-c129="" class="form-group" hidden="true", 312975635857585782046141516785894877692, http://localhost:8080/petclinic/vets/add
312975635857585782046141516785894877692, 130171037373324943576497489192775982584 -> form [<div _ngcontent-gye-c129="" class="form-group" hidden="true", 51513408882529245424246001655845665969, http://localhost:8080/petclinic/vets/add
51513408882529245424246001655845665969, 35595578574763070326436197650171802235 -> form [<div _ngcontent-gye-c129="" class="form-group" hidden="true", 51513408882529245424246001655845665969, http://localhost:8080/petclinic/vets/add
51513408882529245424246001655845665969, 35595578574763070326436197650171802235 -> form [<div _ngcontent-gye-c129="" class="form-group" hidden="true", 51513408882529245424246001655845665969, http://localhost:8080/petclinic/vets/add
51513408882529245424246001655845665969, 35595578574763070326436197650171802235 -> form [<div _ngcontent-gye-c129="" class="form-group" hidden="true", 60622188631040760666187912201033620553, http://localhost:8080/petclinic/vets/add
49422149324400457114317816287120169614, None, 49422149324400457114317816287120169614, http://localhost:8080/petclinic/
49422149324400457114317816287120169614, 59570885690744066038102362266783695235 -> a [<span _ngcontent-jtt-c45="" aria-hidden="true" class="glyphicon glyphicon-th-list", 187876115659870033972331767752517246920, http://localhost:8080/petclinic/specialties
49422149324400457114317816287120169614, None, 49422149324400457114317816287120169614, http://localhost:8080/petclinic/
49422149324400457114317816287120169614, 160745273674352035074089588910882498230 -> a [<span _ngcontent-nxk-c45="" aria-hidden="true" class="glyphicon glyphicon-th-list", 338105010974504145643250394291532717315, http://localhost:8080/petclinic/pettypes
338105010974504145643250394291532717315, 258134723556343429556622009193497332545 -> input []{'type': 'text', 'name': 'pettype_name', 'ng-reflect-name': 'pettype_name', 'id': '', 'ng-reflect-model': 'dog'}, 338105010974504145643250394291532717315, http://localhost:8080/petclinic/pettypes
49422149324400457114317816287120169614, None, 49422149324400457114317816287120169614, http://localhost:8080/petclinic/
49422149324400457114317816287120169614, 168662630815772944945394437675694933239 -> a ['Veterinarians', <span _ngcontent-yqp-c45="" class="caret", 74849793808848032408097070206027864246, http://localhost:8080/petclinic/
74849793808848032408097070206027864246, 217023842263687636861494468691549825023 -> a [<span _ngcontent-yqp-c45="" aria-hidden="true" class="glyphicon glyphicon-search", 276139206715468410231977343122131958458, http://localhost:8080/petclinic/vets
276139206715468410231977343122131958458, 156541344850502344101188167639879920108 -> button ['Add Vet']{}, 260706244791257485496027837704690829215, http://localhost:8080/petclinic/vets
260706244791257485496027837704690829215, 297658873534304578055616675473334794551 -> form [<div _ngcontent-yqp-c129="" class="form-group" hidden="true", 235557940427700672109601708783865512465, http://localhost:8080/petclinic/vets/add
235557940427700672109601708783865512465, 27605312338196662857398818739121276754 -> form [<div _ngcontent-yqp-c129="" class="form-group" hidden="true", 51513408882529245424246001655845665969, http://localhost:8080/petclinic/vets/add
51513408882529245424246001655845665969, 310559799422991332571222499398654714416 -> form [<div _ngcontent-yqp-c129="" class="form-group" hidden="true", 51513408882529245424246001655845665969, http://localhost:8080/petclinic/vets/add
51513408882529245424246001655845665969, 310559799422991332571222499398654714416 -> form [<div _ngcontent-yqp-c129="" class="form-group" hidden="true", 51513408882529245424246001655845665969, http://localhost:8080/petclinic/vets/add
51513408882529245424246001655845665969, 310559799422991332571222499398654714416 -> form [<div _ngcontent-yqp-c129="" class="form-group" hidden="true", 252908076294033568448400165115605882522, http://localhost:8080/petclinic/vets/add
49422149324400457114317816287120169614, None, 49422149324400457114317816287120169614, http://localhost:8080/petclinic/
49422149324400457114317816287120169614, None, 49422149324400457114317816287120169614, http://localhost:8080/petclinic/
49422149324400457114317816287120169614, 247626639029370438278299626944322299730 -> a [<span _ngcontent-rpb-c45="" aria-hidden="true" class="glyphicon glyphicon-th-list", 187876115659870033972331767752517246920, http://localhost:8080/petclinic/specialties
49422149324400457114317816287120169614, None, 49422149324400457114317816287120169614, http://localhost:8080/petclinic/
49422149324400457114317816287120169614, 210844170747400802107850269523719849276 -> a ['Veterinarians', <span _ngcontent-aey-c45="" class="caret", 74849793808848032408097070206027864246, http://localhost:8080/petclinic/
74849793808848032408097070206027864246, 241452043075261435457217787058232542927 -> a ['Veterinarians', <span _ngcontent-aey-c45="" class="caret", 49422149324400457114317816287120169614, http://localhost:8080/petclinic/
49422149324400457114317816287120169614, 210844170747400802107850269523719849276 -> a ['Veterinarians', <span _ngcontent-aey-c45="" class="caret", 74849793808848032408097070206027864246, http://localhost:8080/petclinic/
74849793808848032408097070206027864246, 249603191208754059515000508524435366668 -> a [<span _ngcontent-aey-c45="" aria-hidden="true" class="glyphicon glyphicon-plus", 226321264437896678066783544823465103778, http://localhost:8080/petclinic/vets/add
226321264437896678066783544823465103778, 197732693889908785248761094641742630348 -> form [<div _ngcontent-aey-c129="" class="form-group" hidden="true", 312975635857585782046141516785894877692, http://localhost:8080/petclinic/vets/add
312975635857585782046141516785894877692, 280501351543945032405562768543637358520 -> form [<div _ngcontent-aey-c129="" class="form-group" hidden="true", 51513408882529245424246001655845665969, http://localhost:8080/petclinic/vets/add
51513408882529245424246001655845665969, 45935855793999676368061072372876545852 -> form [<div _ngcontent-aey-c129="" class="form-group" hidden="true", 51513408882529245424246001655845665969, http://localhost:8080/petclinic/vets/add
51513408882529245424246001655845665969, 45935855793999676368061072372876545852 -> form [<div _ngcontent-aey-c129="" class="form-group" hidden="true", 51513408882529245424246001655845665969, http://localhost:8080/petclinic/vets/add
49422149324400457114317816287120169614, None, 49422149324400457114317816287120169614, http://localhost:8080/petclinic/
49422149324400457114317816287120169614, None, 49422149324400457114317816287120169614, http://localhost:8080/petclinic/
49422149324400457114317816287120169614, 160449946107749838591997145404643817071 -> a ['Owners', <span _ngcontent-jrl-c45="" class="caret", 203789904488100118908646339278060037750, http://localhost:8080/petclinic/
203789904488100118908646339278060037750, 127151911932339326205755184864570239871 -> a [<span _ngcontent-jrl-c45="" aria-hidden="true" class="glyphicon glyphicon-plus", 282167456026102075406891693572033620368, http://localhost:8080/petclinic/owners/add
282167456026102075406891693572033620368, 121217641283604355853516383570550398651 -> button ['Back']{'type': 'button'}, 198349928341156416954726297591028442855, http://localhost:8080/petclinic/owners/add
198349928341156416954726297591028442855, 72204844644515602255043795461095301385 -> form [<div _ngcontent-jrl-c48="" class="form-group", 158497228144192670885000347835302332016, http://localhost:8080/petclinic/owners
158497228144192670885000347835302332016, 130548507169488833835925864026939470261 -> a ['Maria Escobito']{'routerlinkactive': 'active', 'ng-reflect-router-link-active': 'active', 'ng-reflect-router-link': '/owners/', 'href': '/petclinic/owners/8'}, 78556480674802528996134279097752856765, http://localhost:8080/petclinic/owners/8
78556480674802528996134279097752856765, 139589689717891870241471574486234527687 -> button ['Edit Owner']{}, 56016451228384795324785525716980415544, http://localhost:8080/petclinic/owners/8
56016451228384795324785525716980415544, 4799054451472755913377383088763233469 -> button [' Back ']{}, 78556480674802528996134279097752856765, http://localhost:8080/petclinic/owners/8
78556480674802528996134279097752856765, 139589689717891870241471574486234527687 -> button ['Edit Owner']{}, 78556480674802528996134279097752856765, http://localhost:8080/petclinic/owners/8
49422149324400457114317816287120169614, None, 49422149324400457114317816287120169614, http://localhost:8080/petclinic/
49422149324400457114317816287120169614, 19318054342020412265212535805617110909 -> a [<span _ngcontent-ppl-c45="" aria-hidden="true" class="glyphicon glyphicon-th-list", 187876115659870033972331767752517246920, http://localhost:8080/petclinic/specialties
187876115659870033972331767752517246920, 14999882950710012412778546762872741770 -> input []{'type': 'text', 'name': 'spec_name', 'ng-reflect-name': 'spec_name', 'id': '', 'ng-reflect-model': 'Certain plan team it'}, 187876115659870033972331767752517246920, http://localhost:8080/petclinic/specialties
187876115659870033972331767752517246920, 14999882950710012412778546762872741770 -> input []{'type': 'text', 'name': 'spec_name', 'ng-reflect-name': 'spec_name', 'id': '', 'ng-reflect-model': 'Certain plan team it'}, 187876115659870033972331767752517246920, http://localhost:8080/petclinic/specialties
187876115659870033972331767752517246920, 14999882950710012412778546762872741770 -> input []{'type': 'text', 'name': 'spec_name', 'ng-reflect-name': 'spec_name', 'id': '', 'ng-reflect-model': 'Certain plan team it'}, 187876115659870033972331767752517246920, http://localhost:8080/petclinic/specialties
49422149324400457114317816287120169614, None, 49422149324400457114317816287120169614, http://localhost:8080/petclinic/
49422149324400457114317816287120169614, None, 49422149324400457114317816287120169614, http://localhost:8080/petclinic/
49422149324400457114317816287120169614, 83351126694909902329814258672788050109 -> a [<span _ngcontent-uuj-c45="" aria-hidden="true" class="glyphicon glyphicon-th-list", 187876115659870033972331767752517246920, http://localhost:8080/petclinic/specialties
187876115659870033972331767752517246920, 72602955079352731327874698425826022808 -> button ['Edit']{}, 211601455817496250339023833127095197741, http://localhost:8080/petclinic/specialties
211601455817496250339023833127095197741, 11877752194034776442345724085398060664 -> form [<div _ngcontent-uuj-c133="" class="form-group" hidden="true", 75876238894587729011776555954161537437, http://localhost:8080/petclinic/specialties/1/edit
75876238894587729011776555954161537437, 328814615554168875028205611498581709051 -> form [<div _ngcontent-uuj-c133="" class="form-group" hidden="true", 75876238894587729011776555954161537437, http://localhost:8080/petclinic/specialties/1/edit
75876238894587729011776555954161537437, 328814615554168875028205611498581709051 -> form [<div _ngcontent-uuj-c133="" class="form-group" hidden="true", 75876238894587729011776555954161537437, http://localhost:8080/petclinic/specialties/1/edit
75876238894587729011776555954161537437, 328814615554168875028205611498581709051 -> form [<div _ngcontent-uuj-c133="" class="form-group" hidden="true", 32658302799930763767125599750085234235, http://localhost:8080/petclinic/specialties/1/edit
32658302799930763767125599750085234235, 8667947927780503683432488615126689016 -> input []{'id': 'name', 'name': 'name', 'type': 'text', 'ng-reflect-name': 'name', 'ng-reflect-model': 'Couple national start each blo'}, 22491673541852895218359393499372650357, http://localhost:8080/petclinic/specialties
22491673541852895218359393499372650357, 232500076192340188661892419815438792749 -> input []{'type': 'text', 'name': 'spec_name', 'ng-reflect-name': 'spec_name', 'id': '', 'ng-reflect-model': 'Couple national start each blo'}, 22491673541852895218359393499372650357, http://localhost:8080/petclinic/specialties
49422149324400457114317816287120169614, None, 49422149324400457114317816287120169614, http://localhost:8080/petclinic/
49422149324400457114317816287120169614, 255907312579473239003944905969026238168 -> a ['Veterinarians', <span _ngcontent-ojn-c45="" class="caret", 74849793808848032408097070206027864246, http://localhost:8080/petclinic/
74849793808848032408097070206027864246, 256113503476430654285482124608485396667 -> a [<span _ngcontent-ojn-c45="" aria-hidden="true" class="glyphicon glyphicon-plus", 226321264437896678066783544823465103778, http://localhost:8080/petclinic/vets/add
226321264437896678066783544823465103778, 259964819288040307639112636776594541635 -> form [<div _ngcontent-ojn-c129="" class="form-group" hidden="true", 235557940427700672109601708783865512465, http://localhost:8080/petclinic/vets/add
235557940427700672109601708783865512465, 40031861695780435682937982220137938465 -> form [<div _ngcontent-ojn-c129="" class="form-group" hidden="true", 51513408882529245424246001655845665969, http://localhost:8080/petclinic/vets/add
51513408882529245424246001655845665969, 168212836289175810994721188652357344370 -> form [<div _ngcontent-ojn-c129="" class="form-group" hidden="true", 51513408882529245424246001655845665969, http://localhost:8080/petclinic/vets/add
51513408882529245424246001655845665969, 168212836289175810994721188652357344370 -> form [<div _ngcontent-ojn-c129="" class="form-group" hidden="true", 193866085727179331809811004811587357040, http://localhost:8080/petclinic/vets/add
193866085727179331809811004811587357040, 96145188269227620723655432267440796447 -> form [<div _ngcontent-ojn-c129="" class="form-group" hidden="true", 238451040456130586133873871741821886665, http://localhost:8080/petclinic/vets/add
238451040456130586133873871741821886665, 113900310744457200077237072101223254218 -> form [<div _ngcontent-ojn-c129="" class="form-group" hidden="true", 238451040456130586133873871741821886665, http://localhost:8080/petclinic/vets/add
49422149324400457114317816287120169614, None, 49422149324400457114317816287120169614, http://localhost:8080/petclinic/
49422149324400457114317816287120169614, None, 49422149324400457114317816287120169614, http://localhost:8080/petclinic/
49422149324400457114317816287120169614, None, 49422149324400457114317816287120169614, http://localhost:8080/petclinic/
49422149324400457114317816287120169614, None, 49422149324400457114317816287120169614, http://localhost:8080/petclinic/
49422149324400457114317816287120169614, 284155481104331197581312938840123658723 -> a ['Veterinarians', <span _ngcontent-gtm-c45="" class="caret", 74849793808848032408097070206027864246, http://localhost:8080/petclinic/
74849793808848032408097070206027864246, 105138076964740748631149521007305451075 -> a [<span _ngcontent-gtm-c45="" aria-hidden="true" class="glyphicon glyphicon-plus", 226321264437896678066783544823465103778, http://localhost:8080/petclinic/vets/add
226321264437896678066783544823465103778, 241185915944616182225417829065121102857 -> form [<div _ngcontent-gtm-c129="" class="form-group" hidden="true", 235557940427700672109601708783865512465, http://localhost:8080/petclinic/vets/add
235557940427700672109601708783865512465, 233417019690041564126448957270784148984 -> form [<div _ngcontent-gtm-c129="" class="form-group" hidden="true", 51513408882529245424246001655845665969, http://localhost:8080/petclinic/vets/add
51513408882529245424246001655845665969, 264222518163855111848945273272918659730 -> form [<div _ngcontent-gtm-c129="" class="form-group" hidden="true", 51513408882529245424246001655845665969, http://localhost:8080/petclinic/vets/add
51513408882529245424246001655845665969, 264222518163855111848945273272918659730 -> form [<div _ngcontent-gtm-c129="" class="form-group" hidden="true", 51513408882529245424246001655845665969, http://localhost:8080/petclinic/vets/add
51513408882529245424246001655845665969, 264222518163855111848945273272918659730 -> form [<div _ngcontent-gtm-c129="" class="form-group" hidden="true", 147487139846698030428818923429550749457, http://localhost:8080/petclinic/vets/add
147487139846698030428818923429550749457, 175094847580238983088151239966306415611 -> form [<div _ngcontent-gtm-c129="" class="form-group" hidden="true", 153026709185554415823506186322438569169, http://localhost:8080/petclinic/vets/add
49422149324400457114317816287120169614, None, 49422149324400457114317816287120169614, http://localhost:8080/petclinic/
49422149324400457114317816287120169614, 281287267571520317677013860452863418110 -> a ['Owners', <span _ngcontent-ltl-c45="" class="caret", 203789904488100118908646339278060037750, http://localhost:8080/petclinic/
203789904488100118908646339278060037750, 3214060078524716235342329203494956142 -> a ['Owners', <span _ngcontent-ltl-c45="" class="caret", 49422149324400457114317816287120169614, http://localhost:8080/petclinic/
49422149324400457114317816287120169614, 281287267571520317677013860452863418110 -> a ['Owners', <span _ngcontent-ltl-c45="" class="caret", 203789904488100118908646339278060037750, http://localhost:8080/petclinic/
203789904488100118908646339278060037750, 338160693411227902481588525618231939471 -> a [<span _ngcontent-ltl-c45="" aria-hidden="true" class="glyphicon glyphicon-search", 323318166055396417361806714804164010144, http://localhost:8080/petclinic/owners
323318166055396417361806714804164010144, 130548507169488833835925864026939470261 -> a ['Maria Escobito']{'routerlinkactive': 'active', 'ng-reflect-router-link-active': 'active', 'ng-reflect-router-link': '/owners/', 'href': '/petclinic/owners/8'}, 78556480674802528996134279097752856765, http://localhost:8080/petclinic/owners/8
78556480674802528996134279097752856765, 146682514107089801754580002144888621406 -> button ['Add Visit']{}, 164818213087650142839375596133625302048, http://localhost:8080/petclinic/pets/10/visits/add
164818213087650142839375596133625302048, 296098039941399661068775222716384537671 -> button [<span class="mat-button-wrapper", 37722253873801954895217536870475340023, http://localhost:8080/petclinic/pets/10/visits/add
37722253873801954895217536870475340023, 29936846528279029052905744915114357711 -> button [<span class="mat-button-wrapper", 11885897315801260218913393410055409561, http://localhost:8080/petclinic/pets/10/visits/add
49422149324400457114317816287120169614, None, 49422149324400457114317816287120169614, http://localhost:8080/petclinic/
49422149324400457114317816287120169614, 295799310221316947168690367216658054596 -> a [<span _ngcontent-qmt-c45="" aria-hidden="true" class="glyphicon glyphicon-th-list", 129391490339191690516335786587893471342, http://localhost:8080/petclinic/specialties
129391490339191690516335786587893471342, 232500076192340188661892419815438792749 -> input []{'type': 'text', 'name': 'spec_name', 'ng-reflect-name': 'spec_name', 'id': '', 'ng-reflect-model': 'Couple national start each blo'}, 129391490339191690516335786587893471342, http://localhost:8080/petclinic/specialties
129391490339191690516335786587893471342, 72602955079352731327874698425826022808 -> button ['Edit']{}, 34766422699598281372432460927029154942, http://localhost:8080/petclinic/specialties
34766422699598281372432460927029154942, 246799801470492169775629991602380067443 -> form [<div _ngcontent-qmt-c133="" class="form-group" hidden="true", 246920114077285604777717078656010050168, http://localhost:8080/petclinic/specialties/3/edit
246920114077285604777717078656010050168, 106745426732307085686922945619885636586 -> form [<div _ngcontent-qmt-c133="" class="form-group" hidden="true", 246920114077285604777717078656010050168, http://localhost:8080/petclinic/specialties/3/edit
246920114077285604777717078656010050168, 106745426732307085686922945619885636586 -> form [<div _ngcontent-qmt-c133="" class="form-group" hidden="true", 273542266626421634217113391045357795798, http://localhost:8080/petclinic/specialties/3/edit
273542266626421634217113391045357795798, 194149645830655861022143148230324066991 -> input []{'id': 'name', 'name': 'name', 'type': 'text', 'ng-reflect-name': 'name', 'ng-reflect-model': 'Game than piece'}, 29724849739358961300069273821123212793, http://localhost:8080/petclinic/specialties
29724849739358961300069273821123212793, 127087580368202924563815364497440312995 -> input []{'type': 'text', 'name': 'spec_name', 'ng-reflect-name': 'spec_name', 'id': '', 'ng-reflect-model': 'Game than piece'}, 29724849739358961300069273821123212793, http://localhost:8080/petclinic/specialties
49422149324400457114317816287120169614, None, 49422149324400457114317816287120169614, http://localhost:8080/petclinic/
49422149324400457114317816287120169614, None, 49422149324400457114317816287120169614, http://localhost:8080/petclinic/
49422149324400457114317816287120169614, None, 49422149324400457114317816287120169614, http://localhost:8080/petclinic/
49422149324400457114317816287120169614, None, 49422149324400457114317816287120169614, http://localhost:8080/petclinic/
49422149324400457114317816287120169614, None, 49422149324400457114317816287120169614, http://localhost:8080/petclinic/
49422149324400457114317816287120169614, None, 49422149324400457114317816287120169614, http://localhost:8080/petclinic/
49422149324400457114317816287120169614, None, 49422149324400457114317816287120169614, http://localhost:8080/petclinic/
49422149324400457114317816287120169614, 151439219528509821049623598425399400994 -> a ['Veterinarians', <span _ngcontent-eef-c45="" class="caret", 74849793808848032408097070206027864246, http://localhost:8080/petclinic/
74849793808848032408097070206027864246, 236432918123647433258732191560147094828 -> a ['Veterinarians', <span _ngcontent-eef-c45="" class="caret", 49422149324400457114317816287120169614, http://localhost:8080/petclinic/
49422149324400457114317816287120169614, 151439219528509821049623598425399400994 -> a ['Veterinarians', <span _ngcontent-eef-c45="" class="caret", 74849793808848032408097070206027864246, http://localhost:8080/petclinic/
74849793808848032408097070206027864246, 167230668761971512037267405665384112601 -> a [<span _ngcontent-eef-c45="" aria-hidden="true" class="glyphicon glyphicon-plus", 226321264437896678066783544823465103778, http://localhost:8080/petclinic/vets/add
226321264437896678066783544823465103778, 12328615855316420593827374284741080060 -> option [' Game than piece ']{'value': ': Object', 'ng-reflect-ng-value': '[object Object]'}, 226321264437896678066783544823465103778, http://localhost:8080/petclinic/vets/add
226321264437896678066783544823465103778, 290630090206129925967180462280537013775 -> form [<div _ngcontent-eef-c129="" class="form-group" hidden="true", 312975635857585782046141516785894877692, http://localhost:8080/petclinic/vets/add
312975635857585782046141516785894877692, 63209899066031623871618116449345336600 -> form [<div _ngcontent-eef-c129="" class="form-group" hidden="true", 51513408882529245424246001655845665969, http://localhost:8080/petclinic/vets/add
51513408882529245424246001655845665969, 157333015378806751525251218229691397367 -> form [<div _ngcontent-eef-c129="" class="form-group" hidden="true", 51513408882529245424246001655845665969, http://localhost:8080/petclinic/vets/add
49422149324400457114317816287120169614, None, 49422149324400457114317816287120169614, http://localhost:8080/petclinic/
49422149324400457114317816287120169614, 295772997695589026429179046250659812114 -> a [<span _ngcontent-ymb-c45="" aria-hidden="true" class="glyphicon glyphicon-th-list", 173611050068820188785616224207946106191, http://localhost:8080/petclinic/specialties
173611050068820188785616224207946106191, 175539530991800879594449004961932208641 -> button ['Delete']{}, 173611050068820188785616224207946106191, http://localhost:8080/petclinic/specialties
173611050068820188785616224207946106191, 14999882950710012412778546762872741770 -> input []{'type': 'text', 'name': 'spec_name', 'ng-reflect-name': 'spec_name', 'id': '', 'ng-reflect-model': 'Certain plan team it'}, 173611050068820188785616224207946106191, http://localhost:8080/petclinic/specialties
173611050068820188785616224207946106191, 72602955079352731327874698425826022808 -> button ['Edit']{}, 136901975424848003076546330063796840223, http://localhost:8080/petclinic/specialties
136901975424848003076546330063796840223, 210039436863094712672036541253051808827 -> form [<div _ngcontent-ymb-c133="" class="form-group" hidden="true", 75876238894587729011776555954161537437, http://localhost:8080/petclinic/specialties/1/edit
75876238894587729011776555954161537437, 140010613124027451635432435076406323356 -> form [<div _ngcontent-ymb-c133="" class="form-group" hidden="true", 75876238894587729011776555954161537437, http://localhost:8080/petclinic/specialties/1/edit
75876238894587729011776555954161537437, 140010613124027451635432435076406323356 -> form [<div _ngcontent-ymb-c133="" class="form-group" hidden="true", 75876238894587729011776555954161537437, http://localhost:8080/petclinic/specialties/1/edit
75876238894587729011776555954161537437, 140010613124027451635432435076406323356 -> form [<div _ngcontent-ymb-c133="" class="form-group" hidden="true", 160073836917245266632637813792260884325, http://localhost:8080/petclinic/specialties/1/edit
49422149324400457114317816287120169614, None, 49422149324400457114317816287120169614, http://localhost:8080/petclinic/
49422149324400457114317816287120169614, 27751689462070001400048999796444526567 -> a [<span _ngcontent-wkl-c45="" aria-hidden="true" class="glyphicon glyphicon-th-list", 301216737307946459729959668022940867642, http://localhost:8080/petclinic/specialties
301216737307946459729959668022940867642, 223756542559848583199947263003203352808 -> input []{'type': 'text', 'name': 'spec_name', 'ng-reflect-name': 'spec_name', 'id': '', 'ng-reflect-model': 'Foreign int'}, 301216737307946459729959668022940867642, http://localhost:8080/petclinic/specialties
49422149324400457114317816287120169614, None, 49422149324400457114317816287120169614, http://localhost:8080/petclinic/
49422149324400457114317816287120169614, 85441923350022221518601261334223201858 -> a ['Veterinarians', <span _ngcontent-apx-c45="" class="caret", 74849793808848032408097070206027864246, http://localhost:8080/petclinic/
74849793808848032408097070206027864246, 170714914782078308084466290847373201708 -> a [<span _ngcontent-apx-c45="" aria-hidden="true" class="glyphicon glyphicon-search", 276139206715468410231977343122131958458, http://localhost:8080/petclinic/vets
276139206715468410231977343122131958458, 156541344850502344101188167639879920108 -> button ['Add Vet']{}, 260706244791257485496027837704690829215, http://localhost:8080/petclinic/vets
49422149324400457114317816287120169614, None, 49422149324400457114317816287120169614, http://localhost:8080/petclinic/
49422149324400457114317816287120169614, 134495959044501660281501187257335826499 -> a ['Owners', <span _ngcontent-tht-c45="" class="caret", 203789904488100118908646339278060037750, http://localhost:8080/petclinic/
203789904488100118908646339278060037750, 266627510933726388897272987040189557384 -> a [<span _ngcontent-tht-c45="" aria-hidden="true" class="glyphicon glyphicon-search", 323318166055396417361806714804164010144, http://localhost:8080/petclinic/owners
323318166055396417361806714804164010144, 130548507169488833835925864026939470261 -> a ['Maria Escobito']{'routerlinkactive': 'active', 'ng-reflect-router-link-active': 'active', 'ng-reflect-router-link': '/owners/', 'href': '/petclinic/owners/8'}, 78556480674802528996134279097752856765, http://localhost:8080/petclinic/owners/8
78556480674802528996134279097752856765, 146682514107089801754580002144888621406 -> button ['Add Visit']{}, 164818213087650142839375596133625302048, http://localhost:8080/petclinic/pets/10/visits/add
164818213087650142839375596133625302048, 296098039941399661068775222716384537671 -> button [<span class="mat-button-wrapper", 192886444450098822758329963818915937604, http://localhost:8080/petclinic/pets/10/visits/add
192886444450098822758329963818915937604, 255584305290723348838099425903284135466 -> button [<span class="mat-button-wrapper", 215386803769425981834427499485237934354, http://localhost:8080/petclinic/pets/10/visits/add
215386803769425981834427499485237934354, 235031447847356867348220143437314873734 -> button [<span class="mat-button-wrapper", 333512397278364356343783991866807416537, http://localhost:8080/petclinic/pets/10/visits/add
333512397278364356343783991866807416537, 320584882554184886000333492400780231451 -> button [<span class="mat-button-wrapper", 296459686076374617210244009355662429893, http://localhost:8080/petclinic/pets/10/visits/add
49422149324400457114317816287120169614, None, 49422149324400457114317816287120169614, http://localhost:8080/petclinic/
49422149324400457114317816287120169614, 238667020744582748957769264097511005763 -> a [<span _ngcontent-gms-c45="" aria-hidden="true" class="glyphicon glyphicon-th-list", 301216737307946459729959668022940867642, http://localhost:8080/petclinic/specialties
49422149324400457114317816287120169614, None, 49422149324400457114317816287120169614, http://localhost:8080/petclinic/
49422149324400457114317816287120169614, 291760370672459914216092841432906558595 -> a [<span _ngcontent-ktl-c45="" aria-hidden="true" class="glyphicon glyphicon-th-list", 338105010974504145643250394291532717315, http://localhost:8080/petclinic/pettypes
338105010974504145643250394291532717315, 303675221858762215192012905307045847481 -> button [' Add ']{}, 150396375272422137823695543459827496318, http://localhost:8080/petclinic/pettypes
150396375272422137823695543459827496318, 37218192261249291402097832908028069470 -> form [<div _ngcontent-ktl-c122="" class="form-group" hidden="true", 56650618879283100845613173160699454902, http://localhost:8080/petclinic/pettypes
56650618879283100845613173160699454902, 54154981141350618909737563135573083774 -> form [<div _ngcontent-ktl-c122="" class="form-group" hidden="true", 56650618879283100845613173160699454902, http://localhost:8080/petclinic/pettypes
56650618879283100845613173160699454902, 54154981141350618909737563135573083774 -> form [<div _ngcontent-ktl-c122="" class="form-group" hidden="true", 56650618879283100845613173160699454902, http://localhost:8080/petclinic/pettypes
56650618879283100845613173160699454902, 54154981141350618909737563135573083774 -> form [<div _ngcontent-ktl-c122="" class="form-group" hidden="true", 210526134664369832911548332998995533949, http://localhost:8080/petclinic/pettypes
210526134664369832911548332998995533949, 224266570863678030214157566063573404037 -> input []{'id': 'name', 'name': 'name', 'type': 'text', 'ng-reflect-name': 'name', 'ng-reflect-model': 'Among answer us through drop l'}, 110109248072973211543239268414470968464, http://localhost:8080/petclinic/pettypes
110109248072973211543239268414470968464, 46778691550542555561057145670733618050 -> form [<div _ngcontent-ktl-c124="" class="form-group" hidden="true", 213475802590738605132533343222025644659, http://localhost:8080/petclinic/pettypes/7/edit
49422149324400457114317816287120169614, None, 49422149324400457114317816287120169614, http://localhost:8080/petclinic/
49422149324400457114317816287120169614, 86171694634057598900673748230853322145 -> a [<span _ngcontent-mmm-c45="" aria-hidden="true" class="glyphicon glyphicon-th-list", 338105010974504145643250394291532717315, http://localhost:8080/petclinic/pettypes
338105010974504145643250394291532717315, 303675221858762215192012905307045847481 -> button [' Add ']{}, 31700282971517095947114602853461938134, http://localhost:8080/petclinic/pettypes
31700282971517095947114602853461938134, 177983563645253619817511525679785015087 -> form [<div _ngcontent-mmm-c122="" class="form-group" hidden="true", 63190757267450152057403789618477810836, http://localhost:8080/petclinic/pettypes
63190757267450152057403789618477810836, 158817395280969088253326373211341522540 -> form [<div _ngcontent-mmm-c122="" class="form-group" hidden="true", 63190757267450152057403789618477810836, http://localhost:8080/petclinic/pettypes
63190757267450152057403789618477810836, 158817395280969088253326373211341522540 -> form [<div _ngcontent-mmm-c122="" class="form-group" hidden="true", 63190757267450152057403789618477810836, http://localhost:8080/petclinic/pettypes
63190757267450152057403789618477810836, 158817395280969088253326373211341522540 -> form [<div _ngcontent-mmm-c122="" class="form-group" hidden="true", 72452757999469222048259390012015346055, http://localhost:8080/petclinic/pettypes
72452757999469222048259390012015346055, 75716091278197626466361929913786530800 -> input []{'id': 'name', 'name': 'name', 'type': 'text', 'ng-reflect-name': 'name', 'ng-reflect-model': 'Important re'}, 146623412806460786941604418442621611071, http://localhost:8080/petclinic/pettypes
146623412806460786941604418442621611071, 31789282043242228782753595272084589082 -> button ['Cancel']{}, 31606396386750564489407215808898594445, http://localhost:8080/petclinic/pettypes
49422149324400457114317816287120169614, None, 49422149324400457114317816287120169614, http://localhost:8080/petclinic/
49422149324400457114317816287120169614, 55594968514688006591593205265009460968 -> a ['Owners', <span _ngcontent-djc-c45="" class="caret", 203789904488100118908646339278060037750, http://localhost:8080/petclinic/
203789904488100118908646339278060037750, 323566047861797179957752170203342868283 -> a [<span _ngcontent-djc-c45="" aria-hidden="true" class="glyphicon glyphicon-plus", 282167456026102075406891693572033620368, http://localhost:8080/petclinic/owners/add
282167456026102075406891693572033620368, 121217641283604355853516383570550398651 -> button ['Back']{'type': 'button'}, 198349928341156416954726297591028442855, http://localhost:8080/petclinic/owners/add
198349928341156416954726297591028442855, 251559156786381891668407170618985771104 -> form [<div _ngcontent-djc-c48="" class="form-group", 158497228144192670885000347835302332016, http://localhost:8080/petclinic/owners
158497228144192670885000347835302332016, 130548507169488833835925864026939470261 -> a ['Maria Escobito']{'routerlinkactive': 'active', 'ng-reflect-router-link-active': 'active', 'ng-reflect-router-link': '/owners/', 'href': '/petclinic/owners/8'}, 78556480674802528996134279097752856765, http://localhost:8080/petclinic/owners/8
78556480674802528996134279097752856765, 146682514107089801754580002144888621406 -> button ['Add Visit']{}, 164818213087650142839375596133625302048, http://localhost:8080/petclinic/pets/10/visits/add
164818213087650142839375596133625302048, 296098039941399661068775222716384537671 -> button [<span class="mat-button-wrapper", 119231779025857974009538221889587494658, http://localhost:8080/petclinic/pets/10/visits/add
119231779025857974009538221889587494658, 255584305290723348838099425903284135466 -> button [<span class="mat-button-wrapper", 46605240054371872869587810172368715707, http://localhost:8080/petclinic/pets/10/visits/add
49422149324400457114317816287120169614, None, 49422149324400457114317816287120169614, http://localhost:8080/petclinic/
49422149324400457114317816287120169614, 160139970844538384690773504322301640263 -> a [<span _ngcontent-fwu-c45="" aria-hidden="true" class="glyphicon glyphicon-th-list", 301216737307946459729959668022940867642, http://localhost:8080/petclinic/specialties
301216737307946459729959668022940867642, 127087580368202924563815364497440312995 -> input []{'type': 'text', 'name': 'spec_name', 'ng-reflect-name': 'spec_name', 'id': '', 'ng-reflect-model': 'Game than piece'}, 301216737307946459729959668022940867642, http://localhost:8080/petclinic/specialties
301216737307946459729959668022940867642, 303675221858762215192012905307045847481 -> button [' Add ']{}, 117796771160100251502643303396568470923, http://localhost:8080/petclinic/specialties
117796771160100251502643303396568470923, 114528393516531945296876941367471359628 -> form [<div _ngcontent-fwu-c131="" class="form-group" hidden="true", 223486002254620971417213256480511956884, http://localhost:8080/petclinic/specialties
223486002254620971417213256480511956884, 75127487434274104695037093478054011659 -> form [<div _ngcontent-fwu-c131="" class="form-group" hidden="true", 223486002254620971417213256480511956884, http://localhost:8080/petclinic/specialties
223486002254620971417213256480511956884, 75127487434274104695037093478054011659 -> form [<div _ngcontent-fwu-c131="" class="form-group" hidden="true", 223486002254620971417213256480511956884, http://localhost:8080/petclinic/specialties
223486002254620971417213256480511956884, 75127487434274104695037093478054011659 -> form [<div _ngcontent-fwu-c131="" class="form-group" hidden="true", 104842807425645264849522026279593631913, http://localhost:8080/petclinic/specialties
104842807425645264849522026279593631913, 62491552907447586519989884048869453972 -> form [<div _ngcontent-fwu-c131="" class="form-group" hidden="true", 104842807425645264849522026279593631913, http://localhost:8080/petclinic/specialties
49422149324400457114317816287120169614, None, 49422149324400457114317816287120169614, http://localhost:8080/petclinic/
49422149324400457114317816287120169614, 268351834068731344760783727313432895297 -> a [<span _ngcontent-nui-c45="" aria-hidden="true" class="glyphicon glyphicon-th-list", 31606396386750564489407215808898594445, http://localhost:8080/petclinic/pettypes
31606396386750564489407215808898594445, 175539530991800879594449004961932208641 -> button ['Delete']{}, 31606396386750564489407215808898594445, http://localhost:8080/petclinic/pettypes
49422149324400457114317816287120169614, None, 49422149324400457114317816287120169614, http://localhost:8080/petclinic/
49422149324400457114317816287120169614, 322604941742230261285316141460573774530 -> a [<span _ngcontent-avk-c45="" aria-hidden="true" class="glyphicon glyphicon-th-list", 301216737307946459729959668022940867642, http://localhost:8080/petclinic/specialties
301216737307946459729959668022940867642, 303675221858762215192012905307045847481 -> button [' Add ']{}, 87577635879213023865733951743684099870, http://localhost:8080/petclinic/specialties
87577635879213023865733951743684099870, 62334599486079842921120604071495560732 -> form [<div _ngcontent-avk-c131="" class="form-group" hidden="true", 111609471587240584181919501605606696838, http://localhost:8080/petclinic/specialties
111609471587240584181919501605606696838, 175794963572780080144039619674443577757 -> form [<div _ngcontent-avk-c131="" class="form-group" hidden="true", 111609471587240584181919501605606696838, http://localhost:8080/petclinic/specialties
111609471587240584181919501605606696838, 175794963572780080144039619674443577757 -> form [<div _ngcontent-avk-c131="" class="form-group" hidden="true", 111609471587240584181919501605606696838, http://localhost:8080/petclinic/specialties
111609471587240584181919501605606696838, 175794963572780080144039619674443577757 -> form [<div _ngcontent-avk-c131="" class="form-group" hidden="true", 250793571367828282167256998550422190327, http://localhost:8080/petclinic/specialties
250793571367828282167256998550422190327, 189808107903860688024654030100734089455 -> form [<div _ngcontent-avk-c131="" class="form-group" hidden="true", 250793571367828282167256998550422190327, http://localhost:8080/petclinic/specialties
250793571367828282167256998550422190327, 189808107903860688024654030100734089455 -> form [<div _ngcontent-avk-c131="" class="form-group" hidden="true", 250793571367828282167256998550422190327, http://localhost:8080/petclinic/specialties
49422149324400457114317816287120169614, None, 49422149324400457114317816287120169614, http://localhost:8080/petclinic/
49422149324400457114317816287120169614, 287316780684710391065162373419375359281 -> a ['Owners', <span _ngcontent-ksi-c45="" class="caret", 203789904488100118908646339278060037750, http://localhost:8080/petclinic/
203789904488100118908646339278060037750, 232939503680838914513231061893908912117 -> a ['Owners', <span _ngcontent-ksi-c45="" class="caret", 49422149324400457114317816287120169614, http://localhost:8080/petclinic/
49422149324400457114317816287120169614, 287316780684710391065162373419375359281 -> a ['Owners', <span _ngcontent-ksi-c45="" class="caret", 203789904488100118908646339278060037750, http://localhost:8080/petclinic/
203789904488100118908646339278060037750, 127161258203523506947512941608965110329 -> a [<span _ngcontent-ksi-c45="" aria-hidden="true" class="glyphicon glyphicon-plus", 282167456026102075406891693572033620368, http://localhost:8080/petclinic/owners/add
282167456026102075406891693572033620368, 121217641283604355853516383570550398651 -> button ['Back']{'type': 'button'}, 198349928341156416954726297591028442855, http://localhost:8080/petclinic/owners/add
198349928341156416954726297591028442855, 241929963084902573208182266520815674503 -> form [<div _ngcontent-ksi-c48="" class="form-group", 158497228144192670885000347835302332016, http://localhost:8080/petclinic/owners
158497228144192670885000347835302332016, 130548507169488833835925864026939470261 -> a ['Maria Escobito']{'routerlinkactive': 'active', 'ng-reflect-router-link-active': 'active', 'ng-reflect-router-link': '/owners/', 'href': '/petclinic/owners/8'}, 78556480674802528996134279097752856765, http://localhost:8080/petclinic/owners/8
78556480674802528996134279097752856765, 146682514107089801754580002144888621406 -> button ['Add Visit']{}, 164818213087650142839375596133625302048, http://localhost:8080/petclinic/pets/10/visits/add
49422149324400457114317816287120169614, None, 49422149324400457114317816287120169614, http://localhost:8080/petclinic/
49422149324400457114317816287120169614, None, 49422149324400457114317816287120169614, http://localhost:8080/petclinic/
49422149324400457114317816287120169614, None, 49422149324400457114317816287120169614, http://localhost:8080/petclinic/
49422149324400457114317816287120169614, 235249792727004040609566663471553181965 -> a [<span _ngcontent-wwx-c45="" aria-hidden="true" class="glyphicon glyphicon-th-list", 301216737307946459729959668022940867642, http://localhost:8080/petclinic/specialties
301216737307946459729959668022940867642, 303675221858762215192012905307045847481 -> button [' Add ']{}, 87577635879213023865733951743684099870, http://localhost:8080/petclinic/specialties
87577635879213023865733951743684099870, 15487883244096481570066605018407393470 -> form [<div _ngcontent-wwx-c131="" class="form-group" hidden="true", 111609471587240584181919501605606696838, http://localhost:8080/petclinic/specialties
111609471587240584181919501605606696838, 306835236326059315359483109743202562508 -> form [<div _ngcontent-wwx-c131="" class="form-group" hidden="true", 111609471587240584181919501605606696838, http://localhost:8080/petclinic/specialties
111609471587240584181919501605606696838, 306835236326059315359483109743202562508 -> form [<div _ngcontent-wwx-c131="" class="form-group" hidden="true", 111609471587240584181919501605606696838, http://localhost:8080/petclinic/specialties
111609471587240584181919501605606696838, 306835236326059315359483109743202562508 -> form [<div _ngcontent-wwx-c131="" class="form-group" hidden="true", 250793571367828282167256998550422190327, http://localhost:8080/petclinic/specialties
250793571367828282167256998550422190327, 88936468117333409073687142190998399940 -> form [<div _ngcontent-wwx-c131="" class="form-group" hidden="true", 250793571367828282167256998550422190327, http://localhost:8080/petclinic/specialties
250793571367828282167256998550422190327, 88936468117333409073687142190998399940 -> form [<div _ngcontent-wwx-c131="" class="form-group" hidden="true", 250793571367828282167256998550422190327, http://localhost:8080/petclinic/specialties
49422149324400457114317816287120169614, None, 49422149324400457114317816287120169614, http://localhost:8080/petclinic/
49422149324400457114317816287120169614, 232662971793194282330160545469118333048 -> a ['Veterinarians', <span _ngcontent-bid-c45="" class="caret", 74849793808848032408097070206027864246, http://localhost:8080/petclinic/
74849793808848032408097070206027864246, 233290402735865842145847726758591640440 -> a [<span _ngcontent-bid-c45="" aria-hidden="true" class="glyphicon glyphicon-search", 276139206715468410231977343122131958458, http://localhost:8080/petclinic/vets
276139206715468410231977343122131958458, 156541344850502344101188167639879920108 -> button ['Add Vet']{}, 260706244791257485496027837704690829215, http://localhost:8080/petclinic/vets
260706244791257485496027837704690829215, 26892279850839786533231508125801193896 -> form [<div _ngcontent-bid-c129="" class="form-group" hidden="true", 51513408882529245424246001655845665969, http://localhost:8080/petclinic/vets/add
51513408882529245424246001655845665969, 115549282352474056739907313031497126444 -> form [<div _ngcontent-bid-c129="" class="form-group" hidden="true", 51513408882529245424246001655845665969, http://localhost:8080/petclinic/vets/add
51513408882529245424246001655845665969, 115549282352474056739907313031497126444 -> form [<div _ngcontent-bid-c129="" class="form-group" hidden="true", 51513408882529245424246001655845665969, http://localhost:8080/petclinic/vets/add
51513408882529245424246001655845665969, 115549282352474056739907313031497126444 -> form [<div _ngcontent-bid-c129="" class="form-group" hidden="true", 201563659819074197779855616521008111648, http://localhost:8080/petclinic/vets/add
201563659819074197779855616521008111648, 65752985808993812258329721021440591693 -> form [<div _ngcontent-bid-c129="" class="form-group" hidden="true", 153026709185554415823506186322438569169, http://localhost:8080/petclinic/vets/add
49422149324400457114317816287120169614, None, 49422149324400457114317816287120169614, http://localhost:8080/petclinic/
49422149324400457114317816287120169614, None, 49422149324400457114317816287120169614, http://localhost:8080/petclinic/
49422149324400457114317816287120169614, 90992287944689057633328716491932542263 -> a [<span _ngcontent-owh-c45="" aria-hidden="true" class="glyphicon glyphicon-th-list", 338105010974504145643250394291532717315, http://localhost:8080/petclinic/pettypes
338105010974504145643250394291532717315, 303675221858762215192012905307045847481 -> button [' Add ']{}, 31700282971517095947114602853461938134, http://localhost:8080/petclinic/pettypes
31700282971517095947114602853461938134, 54607485756446203117337171012850534410 -> form [<div _ngcontent-owh-c122="" class="form-group" hidden="true", 63190757267450152057403789618477810836, http://localhost:8080/petclinic/pettypes
63190757267450152057403789618477810836, 203607169033730202805414973923206156352 -> form [<div _ngcontent-owh-c122="" class="form-group" hidden="true", 63190757267450152057403789618477810836, http://localhost:8080/petclinic/pettypes
63190757267450152057403789618477810836, 203607169033730202805414973923206156352 -> form [<div _ngcontent-owh-c122="" class="form-group" hidden="true", 63190757267450152057403789618477810836, http://localhost:8080/petclinic/pettypes
63190757267450152057403789618477810836, 203607169033730202805414973923206156352 -> form [<div _ngcontent-owh-c122="" class="form-group" hidden="true", 72452757999469222048259390012015346055, http://localhost:8080/petclinic/pettypes
72452757999469222048259390012015346055, 306410118156152176082789352812571557849 -> input []{'id': 'name', 'name': 'name', 'type': 'text', 'ng-reflect-name': 'name', 'ng-reflect-model': 'Child gun'}, 304642904451572180957597448966838496739, http://localhost:8080/petclinic/pettypes
304642904451572180957597448966838496739, 232507062167620635469181848970992030887 -> form [<div _ngcontent-owh-c124="" class="form-group" hidden="true", 193530872078995900561971494640901614089, http://localhost:8080/petclinic/pettypes/9/edit
49422149324400457114317816287120169614, None, 49422149324400457114317816287120169614, http://localhost:8080/petclinic/
49422149324400457114317816287120169614, 121442127664942368125276953352465726184 -> a [<span _ngcontent-crl-c45="" aria-hidden="true" class="glyphicon glyphicon-th-list", 301216737307946459729959668022940867642, http://localhost:8080/petclinic/specialties
301216737307946459729959668022940867642, 303675221858762215192012905307045847481 -> button [' Add ']{}, 87577635879213023865733951743684099870, http://localhost:8080/petclinic/specialties
87577635879213023865733951743684099870, 123963333497717490949229021791305434224 -> form [<div _ngcontent-crl-c131="" class="form-group" hidden="true", 111609471587240584181919501605606696838, http://localhost:8080/petclinic/specialties
111609471587240584181919501605606696838, 137230620623704978165949072683987527997 -> form [<div _ngcontent-crl-c131="" class="form-group" hidden="true", 111609471587240584181919501605606696838, http://localhost:8080/petclinic/specialties
111609471587240584181919501605606696838, 137230620623704978165949072683987527997 -> form [<div _ngcontent-crl-c131="" class="form-group" hidden="true", 111609471587240584181919501605606696838, http://localhost:8080/petclinic/specialties
111609471587240584181919501605606696838, 137230620623704978165949072683987527997 -> form [<div _ngcontent-crl-c131="" class="form-group" hidden="true", 250793571367828282167256998550422190327, http://localhost:8080/petclinic/specialties
250793571367828282167256998550422190327, 294235709754349762857192158313160055223 -> form [<div _ngcontent-crl-c131="" class="form-group" hidden="true", 250793571367828282167256998550422190327, http://localhost:8080/petclinic/specialties
250793571367828282167256998550422190327, 294235709754349762857192158313160055223 -> form [<div _ngcontent-crl-c131="" class="form-group" hidden="true", 250793571367828282167256998550422190327, http://localhost:8080/petclinic/specialties
49422149324400457114317816287120169614, None, 49422149324400457114317816287120169614, http://localhost:8080/petclinic/
49422149324400457114317816287120169614, None, 49422149324400457114317816287120169614, http://localhost:8080/petclinic/
49422149324400457114317816287120169614, 195351306046558807660051575298240951970 -> a ['Veterinarians', <span _ngcontent-fjx-c45="" class="caret", 74849793808848032408097070206027864246, http://localhost:8080/petclinic/
74849793808848032408097070206027864246, 194361831532812493633065464023198074632 -> a [<span _ngcontent-fjx-c45="" aria-hidden="true" class="glyphicon glyphicon-plus", 226321264437896678066783544823465103778, http://localhost:8080/petclinic/vets/add
226321264437896678066783544823465103778, 7459977329366029445067456361031992428 -> form [<div _ngcontent-fjx-c129="" class="form-group" hidden="true", 51513408882529245424246001655845665969, http://localhost:8080/petclinic/vets/add
51513408882529245424246001655845665969, 73731991448558933511079919664057622511 -> form [<div _ngcontent-fjx-c129="" class="form-group" hidden="true", 51513408882529245424246001655845665969, http://localhost:8080/petclinic/vets/add
51513408882529245424246001655845665969, 73731991448558933511079919664057622511 -> form [<div _ngcontent-fjx-c129="" class="form-group" hidden="true", 51513408882529245424246001655845665969, http://localhost:8080/petclinic/vets/add
51513408882529245424246001655845665969, 73731991448558933511079919664057622511 -> form [<div _ngcontent-fjx-c129="" class="form-group" hidden="true", 258976785996931977525753489366632820829, http://localhost:8080/petclinic/vets/add
49422149324400457114317816287120169614, None, 49422149324400457114317816287120169614, http://localhost:8080/petclinic/
49422149324400457114317816287120169614, None, 49422149324400457114317816287120169614, http://localhost:8080/petclinic/
49422149324400457114317816287120169614, None, 49422149324400457114317816287120169614, http://localhost:8080/petclinic/
49422149324400457114317816287120169614, 223204342869468787670316729632103094962 -> a ['Owners', <span _ngcontent-kga-c45="" class="caret", 203789904488100118908646339278060037750, http://localhost:8080/petclinic/
203789904488100118908646339278060037750, 162577449603112317921739477482155799668 -> a [<span _ngcontent-kga-c45="" aria-hidden="true" class="glyphicon glyphicon-plus", 282167456026102075406891693572033620368, http://localhost:8080/petclinic/owners/add
282167456026102075406891693572033620368, 121217641283604355853516383570550398651 -> button ['Back']{'type': 'button'}, 238008440522396752515412327846267478319, http://localhost:8080/petclinic/owners/add
238008440522396752515412327846267478319, 274391299094404109842465263563211873373 -> a ['George Franklin']{'routerlinkactive': 'active', 'ng-reflect-router-link-active': 'active', 'ng-reflect-router-link': '/owners/', 'href': '/petclinic/owners/1'}, 229373731755831183560489532658874608357, http://localhost:8080/petclinic/owners/1
229373731755831183560489532658874608357, 146682514107089801754580002144888621406 -> button ['Add Visit']{}, 248408353126085590856992853311524435757, http://localhost:8080/petclinic/pets/1/visits/add
248408353126085590856992853311524435757, 296098039941399661068775222716384537671 -> button [<span class="mat-button-wrapper", 89860258220603493055317678486062123077, http://localhost:8080/petclinic/pets/1/visits/add
89860258220603493055317678486062123077, 73075555503081604458996865351496134412 -> form [<div _ngcontent-kga-c119="" class="form-group", 331142230507206527883417394197413029484, http://localhost:8080/petclinic/pets/1/visits/add
331142230507206527883417394197413029484, 252620344210498127905976479947516899423 -> form [<div _ngcontent-kga-c119="" class="form-group", 169288810746161005849181455502001479912, http://localhost:8080/petclinic/pets/1/visits/add
49422149324400457114317816287120169614, None, 49422149324400457114317816287120169614, http://localhost:8080/petclinic/
49422149324400457114317816287120169614, None, 49422149324400457114317816287120169614, http://localhost:8080/petclinic/
49422149324400457114317816287120169614, 92244093130890705867739244797612402795 -> a [<span _ngcontent-mau-c45="" aria-hidden="true" class="glyphicon glyphicon-th-list", 218478136850615030038633782510603876827, http://localhost:8080/petclinic/pettypes
218478136850615030038633782510603876827, 72602955079352731327874698425826022808 -> button ['Edit']{}, 262794686584418421390771622023837726390, http://localhost:8080/petclinic/pettypes
262794686584418421390771622023837726390, 127541863066156661117922616986944203235 -> form [<div _ngcontent-mau-c124="" class="form-group" hidden="true", 149449398238630089822238613967893950248, http://localhost:8080/petclinic/pettypes/2/edit
149449398238630089822238613967893950248, 62123006438461368012804851371003112431 -> form [<div _ngcontent-mau-c124="" class="form-group" hidden="true", 149449398238630089822238613967893950248, http://localhost:8080/petclinic/pettypes/2/edit
149449398238630089822238613967893950248, 62123006438461368012804851371003112431 -> form [<div _ngcontent-mau-c124="" class="form-group" hidden="true", 149449398238630089822238613967893950248, http://localhost:8080/petclinic/pettypes/2/edit
149449398238630089822238613967893950248, 62123006438461368012804851371003112431 -> form [<div _ngcontent-mau-c124="" class="form-group" hidden="true", 66447075179806487226050772967412777809, http://localhost:8080/petclinic/pettypes/2/edit
66447075179806487226050772967412777809, 201024929491004982714335982588322643205 -> input []{'id': 'name', 'name': 'name', 'type': 'text', 'ng-reflect-name': 'name', 'ng-reflect-model': 'Past check structure fire wind'}, 340027496966219514625636174555001199006, http://localhost:8080/petclinic/pettypes
340027496966219514625636174555001199006, 288735883012445289038201886509062221955 -> input []{'type': 'text', 'name': 'pettype_name', 'ng-reflect-name': 'pettype_name', 'id': '', 'ng-reflect-model': 'Past check structure fire wind'}, 340027496966219514625636174555001199006, http://localhost:8080/petclinic/pettypes
49422149324400457114317816287120169614, None, 49422149324400457114317816287120169614, http://localhost:8080/petclinic/
49422149324400457114317816287120169614, None, 49422149324400457114317816287120169614, http://localhost:8080/petclinic/
49422149324400457114317816287120169614, 24321138894811319810951229605459376746 -> a ['Veterinarians', <span _ngcontent-isf-c45="" class="caret", 74849793808848032408097070206027864246, http://localhost:8080/petclinic/
74849793808848032408097070206027864246, 100250902309604688907939889858259559168 -> a [<span _ngcontent-isf-c45="" aria-hidden="true" class="glyphicon glyphicon-search", 276139206715468410231977343122131958458, http://localhost:8080/petclinic/vets
276139206715468410231977343122131958458, 156541344850502344101188167639879920108 -> button ['Add Vet']{}, 260706244791257485496027837704690829215, http://localhost:8080/petclinic/vets
260706244791257485496027837704690829215, 250062682197003385379259934360378950951 -> form [<div _ngcontent-isf-c129="" class="form-group" hidden="true", 235557940427700672109601708783865512465, http://localhost:8080/petclinic/vets/add
235557940427700672109601708783865512465, 168237780232216657612599511105021738517 -> form [<div _ngcontent-isf-c129="" class="form-group" hidden="true", 51513408882529245424246001655845665969, http://localhost:8080/petclinic/vets/add
51513408882529245424246001655845665969, 234371199145987013909702959927558324291 -> form [<div _ngcontent-isf-c129="" class="form-group" hidden="true", 51513408882529245424246001655845665969, http://localhost:8080/petclinic/vets/add
51513408882529245424246001655845665969, 234371199145987013909702959927558324291 -> form [<div _ngcontent-isf-c129="" class="form-group" hidden="true", 51513408882529245424246001655845665969, http://localhost:8080/petclinic/vets/add
51513408882529245424246001655845665969, 234371199145987013909702959927558324291 -> form [<div _ngcontent-isf-c129="" class="form-group" hidden="true", 53959756670236479259593388764277574597, http://localhost:8080/petclinic/vets/add
49422149324400457114317816287120169614, None, 49422149324400457114317816287120169614, http://localhost:8080/petclinic/
49422149324400457114317816287120169614, 336065987653310160019364500135449029430 -> a [<span _ngcontent-ivb-c45="" aria-hidden="true" class="glyphicon glyphicon-th-list", 301216737307946459729959668022940867642, http://localhost:8080/petclinic/specialties
301216737307946459729959668022940867642, 303675221858762215192012905307045847481 -> button [' Add ']{}, 87577635879213023865733951743684099870, http://localhost:8080/petclinic/specialties
87577635879213023865733951743684099870, 67331453431186155769682090060018356335 -> form [<div _ngcontent-ivb-c131="" class="form-group" hidden="true", 111609471587240584181919501605606696838, http://localhost:8080/petclinic/specialties
111609471587240584181919501605606696838, 136635093692715847226817004246538963149 -> form [<div _ngcontent-ivb-c131="" class="form-group" hidden="true", 111609471587240584181919501605606696838, http://localhost:8080/petclinic/specialties
111609471587240584181919501605606696838, 136635093692715847226817004246538963149 -> form [<div _ngcontent-ivb-c131="" class="form-group" hidden="true", 111609471587240584181919501605606696838, http://localhost:8080/petclinic/specialties
111609471587240584181919501605606696838, 136635093692715847226817004246538963149 -> form [<div _ngcontent-ivb-c131="" class="form-group" hidden="true", 250793571367828282167256998550422190327, http://localhost:8080/petclinic/specialties
250793571367828282167256998550422190327, 89050871878928443549914242000398428346 -> form [<div _ngcontent-ivb-c131="" class="form-group" hidden="true", 250793571367828282167256998550422190327, http://localhost:8080/petclinic/specialties
250793571367828282167256998550422190327, 89050871878928443549914242000398428346 -> form [<div _ngcontent-ivb-c131="" class="form-group" hidden="true", 250793571367828282167256998550422190327, http://localhost:8080/petclinic/specialties
49422149324400457114317816287120169614, None, 49422149324400457114317816287120169614, http://localhost:8080/petclinic/
49422149324400457114317816287120169614, 146316163435978269813525439390063680561 -> a ['Owners', <span _ngcontent-fau-c45="" class="caret", 203789904488100118908646339278060037750, http://localhost:8080/petclinic/
203789904488100118908646339278060037750, 215412027301221078252742662104351357493 -> a [<span _ngcontent-fau-c45="" aria-hidden="true" class="glyphicon glyphicon-plus", 282167456026102075406891693572033620368, http://localhost:8080/petclinic/owners/add
282167456026102075406891693572033620368, 121217641283604355853516383570550398651 -> button ['Back']{'type': 'button'}, 198349928341156416954726297591028442855, http://localhost:8080/petclinic/owners/add
198349928341156416954726297591028442855, 92089193769039268222250183242351379412 -> form [<div _ngcontent-fau-c48="" class="form-group", 158497228144192670885000347835302332016, http://localhost:8080/petclinic/owners
158497228144192670885000347835302332016, 130548507169488833835925864026939470261 -> a ['Maria Escobito']{'routerlinkactive': 'active', 'ng-reflect-router-link-active': 'active', 'ng-reflect-router-link': '/owners/', 'href': '/petclinic/owners/8'}, 78556480674802528996134279097752856765, http://localhost:8080/petclinic/owners/8
78556480674802528996134279097752856765, 146682514107089801754580002144888621406 -> button ['Add Visit']{}, 164818213087650142839375596133625302048, http://localhost:8080/petclinic/pets/10/visits/add
164818213087650142839375596133625302048, 296098039941399661068775222716384537671 -> button [<span class="mat-button-wrapper", 266140975575349145540988033387538455420, http://localhost:8080/petclinic/pets/10/visits/add
266140975575349145540988033387538455420, 261048942997220902777776499152868378175 -> button [<span class="mat-button-wrapper", 293974883492369871488702230304563037117, http://localhost:8080/petclinic/pets/10/visits/add
49422149324400457114317816287120169614, None, 49422149324400457114317816287120169614, http://localhost:8080/petclinic/
49422149324400457114317816287120169614, None, 49422149324400457114317816287120169614, http://localhost:8080/petclinic/
49422149324400457114317816287120169614, 136258998211887154751591865389713492846 -> a [<span _ngcontent-iql-c45="" aria-hidden="true" class="glyphicon glyphicon-th-list", 129388166592806566148938125957271378898, http://localhost:8080/petclinic/pettypes
129388166592806566148938125957271378898, 175539530991800879594449004961932208641 -> button ['Delete']{}, 129388166592806566148938125957271378898, http://localhost:8080/petclinic/pettypes
49422149324400457114317816287120169614, None, 49422149324400457114317816287120169614, http://localhost:8080/petclinic/
49422149324400457114317816287120169614, 333429953870401731993265950422953067389 -> a [<span _ngcontent-mtu-c45="" aria-hidden="true" class="glyphicon glyphicon-th-list", 301216737307946459729959668022940867642, http://localhost:8080/petclinic/specialties
301216737307946459729959668022940867642, 303675221858762215192012905307045847481 -> button [' Add ']{}, 87577635879213023865733951743684099870, http://localhost:8080/petclinic/specialties
87577635879213023865733951743684099870, 211694440704796798672242564710538603177 -> form [<div _ngcontent-mtu-c131="" class="form-group" hidden="true", 111609471587240584181919501605606696838, http://localhost:8080/petclinic/specialties
111609471587240584181919501605606696838, 189575388111366374514460118263424644683 -> form [<div _ngcontent-mtu-c131="" class="form-group" hidden="true", 111609471587240584181919501605606696838, http://localhost:8080/petclinic/specialties
111609471587240584181919501605606696838, 189575388111366374514460118263424644683 -> form [<div _ngcontent-mtu-c131="" class="form-group" hidden="true", 111609471587240584181919501605606696838, http://localhost:8080/petclinic/specialties
111609471587240584181919501605606696838, 189575388111366374514460118263424644683 -> form [<div _ngcontent-mtu-c131="" class="form-group" hidden="true", 250793571367828282167256998550422190327, http://localhost:8080/petclinic/specialties
250793571367828282167256998550422190327, 8308597380621846059745228277197859880 -> form [<div _ngcontent-mtu-c131="" class="form-group" hidden="true", 250793571367828282167256998550422190327, http://localhost:8080/petclinic/specialties
250793571367828282167256998550422190327, 8308597380621846059745228277197859880 -> form [<div _ngcontent-mtu-c131="" class="form-group" hidden="true", 250793571367828282167256998550422190327, http://localhost:8080/petclinic/specialties
49422149324400457114317816287120169614, None, 49422149324400457114317816287120169614, http://localhost:8080/petclinic/
49422149324400457114317816287120169614, 281874136775878225106365818773412191678 -> a ['Owners', <span _ngcontent-wyo-c45="" class="caret", 203789904488100118908646339278060037750, http://localhost:8080/petclinic/
203789904488100118908646339278060037750, 47045730979953799093545435747341663446 -> a [<span _ngcontent-wyo-c45="" aria-hidden="true" class="glyphicon glyphicon-search", 228199324284620778356674281502727548962, http://localhost:8080/petclinic/owners
228199324284620778356674281502727548962, 49750308469908064747367795762376804634 -> button ['Add Owner']{}, 203023619710194440040269972140338262674, http://localhost:8080/petclinic/owners
203023619710194440040269972140338262674, 55008119906305197492799169704018491564 -> form [<div _ngcontent-wyo-c52="" class="form-group" hidden="true", 81722613000553017266989564081804926849, http://localhost:8080/petclinic/owners/add
81722613000553017266989564081804926849, 48611517888142996792559439768455415307 -> form [<div _ngcontent-wyo-c52="" class="form-group" hidden="true", 81722613000553017266989564081804926849, http://localhost:8080/petclinic/owners/add
81722613000553017266989564081804926849, 48611517888142996792559439768455415307 -> form [<div _ngcontent-wyo-c52="" class="form-group" hidden="true", 259793484558634249240666983101872519967, http://localhost:8080/petclinic/owners/add
259793484558634249240666983101872519967, 52098320117332299855061138878169684161 -> form [<div _ngcontent-wyo-c52="" class="form-group" hidden="true", 180643423109084389824308879594349334655, http://localhost:8080/petclinic/owners/add
180643423109084389824308879594349334655, 145692024742793201133933876612280465655 -> form [<div _ngcontent-wyo-c52="" class="form-group" hidden="true", 180643423109084389824308879594349334655, http://localhost:8080/petclinic/owners/add
49422149324400457114317816287120169614, None, 49422149324400457114317816287120169614, http://localhost:8080/petclinic/
49422149324400457114317816287120169614, 76051095594624237759795483026878777886 -> a [<span _ngcontent-ouq-c45="" aria-hidden="true" class="glyphicon glyphicon-th-list", 301216737307946459729959668022940867642, http://localhost:8080/petclinic/specialties
301216737307946459729959668022940867642, 303675221858762215192012905307045847481 -> button [' Add ']{}, 87577635879213023865733951743684099870, http://localhost:8080/petclinic/specialties
87577635879213023865733951743684099870, 330360621953842303480721361203448934251 -> form [<div _ngcontent-ouq-c131="" class="form-group" hidden="true", 111609471587240584181919501605606696838, http://localhost:8080/petclinic/specialties
111609471587240584181919501605606696838, 55569833741314906969298140306849855949 -> form [<div _ngcontent-ouq-c131="" class="form-group" hidden="true", 111609471587240584181919501605606696838, http://localhost:8080/petclinic/specialties
111609471587240584181919501605606696838, 55569833741314906969298140306849855949 -> form [<div _ngcontent-ouq-c131="" class="form-group" hidden="true", 250793571367828282167256998550422190327, http://localhost:8080/petclinic/specialties
250793571367828282167256998550422190327, 162159913719436207524535388051754426900 -> form [<div _ngcontent-ouq-c131="" class="form-group" hidden="true", 250793571367828282167256998550422190327, http://localhost:8080/petclinic/specialties
250793571367828282167256998550422190327, 162159913719436207524535388051754426900 -> form [<div _ngcontent-ouq-c131="" class="form-group" hidden="true", 250793571367828282167256998550422190327, http://localhost:8080/petclinic/specialties
250793571367828282167256998550422190327, 162159913719436207524535388051754426900 -> form [<div _ngcontent-ouq-c131="" class="form-group" hidden="true", 250793571367828282167256998550422190327, http://localhost:8080/petclinic/specialties
49422149324400457114317816287120169614, None, 49422149324400457114317816287120169614, http://localhost:8080/petclinic/
49422149324400457114317816287120169614, 63313076990639709077387363752940536267 -> a ['Owners', <span _ngcontent-gkg-c45="" class="caret", 203789904488100118908646339278060037750, http://localhost:8080/petclinic/
203789904488100118908646339278060037750, 283596702506089065171913614411278850366 -> a [<span _ngcontent-gkg-c45="" aria-hidden="true" class="glyphicon glyphicon-plus", 282167456026102075406891693572033620368, http://localhost:8080/petclinic/owners/add
282167456026102075406891693572033620368, 121217641283604355853516383570550398651 -> button ['Back']{'type': 'button'}, 228199324284620778356674281502727548962, http://localhost:8080/petclinic/owners
49422149324400457114317816287120169614, None, 49422149324400457114317816287120169614, http://localhost:8080/petclinic/
49422149324400457114317816287120169614, 8000178712291155455568604508159296600 -> a ['Veterinarians', <span _ngcontent-ruu-c45="" class="caret", 74849793808848032408097070206027864246, http://localhost:8080/petclinic/
74849793808848032408097070206027864246, 217297443473436956971692626539672837380 -> a ['Veterinarians', <span _ngcontent-ruu-c45="" class="caret", 49422149324400457114317816287120169614, http://localhost:8080/petclinic/
49422149324400457114317816287120169614, 8000178712291155455568604508159296600 -> a ['Veterinarians', <span _ngcontent-ruu-c45="" class="caret", 74849793808848032408097070206027864246, http://localhost:8080/petclinic/
74849793808848032408097070206027864246, 206950277597141595597303819512592156511 -> a [<span _ngcontent-ruu-c45="" aria-hidden="true" class="glyphicon glyphicon-search", 276139206715468410231977343122131958458, http://localhost:8080/petclinic/vets
276139206715468410231977343122131958458, 156541344850502344101188167639879920108 -> button ['Add Vet']{}, 260706244791257485496027837704690829215, http://localhost:8080/petclinic/vets
260706244791257485496027837704690829215, 200118837857464045116603280681772076786 -> form [<div _ngcontent-ruu-c129="" class="form-group" hidden="true", 235557940427700672109601708783865512465, http://localhost:8080/petclinic/vets/add
235557940427700672109601708783865512465, 29441894486697249182878545381669611451 -> form [<div _ngcontent-ruu-c129="" class="form-group" hidden="true", 51513408882529245424246001655845665969, http://localhost:8080/petclinic/vets/add
51513408882529245424246001655845665969, 220806939271734342101029165657891031053 -> form [<div _ngcontent-ruu-c129="" class="form-group" hidden="true", 51513408882529245424246001655845665969, http://localhost:8080/petclinic/vets/add
49422149324400457114317816287120169614, None, 49422149324400457114317816287120169614, http://localhost:8080/petclinic/
49422149324400457114317816287120169614, 288973327565803137068720902442394629003 -> a [<span _ngcontent-mhc-c45="" aria-hidden="true" class="glyphicon glyphicon-th-list", 220828833737420286224936243380046419577, http://localhost:8080/petclinic/pettypes
220828833737420286224936243380046419577, 111551427486545065921164766005662948162 -> input []{'type': 'text', 'name': 'pettype_name', 'ng-reflect-name': 'pettype_name', 'id': '', 'ng-reflect-model': 'Child gun'}, 220828833737420286224936243380046419577, http://localhost:8080/petclinic/pettypes
220828833737420286224936243380046419577, 127503571107746165653796346320498179471 -> input []{'type': 'text', 'name': 'pettype_name', 'ng-reflect-name': 'pettype_name', 'id': '', 'ng-reflect-model': 'lizard'}, 220828833737420286224936243380046419577, http://localhost:8080/petclinic/pettypes
49422149324400457114317816287120169614, None, 49422149324400457114317816287120169614, http://localhost:8080/petclinic/
49422149324400457114317816287120169614, None, 49422149324400457114317816287120169614, http://localhost:8080/petclinic/
49422149324400457114317816287120169614, 57623801656273505423008457185336450298 -> a [<span _ngcontent-tqx-c45="" aria-hidden="true" class="glyphicon glyphicon-th-list", 220828833737420286224936243380046419577, http://localhost:8080/petclinic/pettypes
220828833737420286224936243380046419577, 175539530991800879594449004961932208641 -> button ['Delete']{}, 220828833737420286224936243380046419577, http://localhost:8080/petclinic/pettypes
49422149324400457114317816287120169614, None, 49422149324400457114317816287120169614, http://localhost:8080/petclinic/
49422149324400457114317816287120169614, 70377639428580013914598325230828610806 -> a ['Veterinarians', <span _ngcontent-uin-c45="" class="caret", 74849793808848032408097070206027864246, http://localhost:8080/petclinic/
74849793808848032408097070206027864246, 144469020889791684057962373859681256689 -> a [<span _ngcontent-uin-c45="" aria-hidden="true" class="glyphicon glyphicon-plus", 226321264437896678066783544823465103778, http://localhost:8080/petclinic/vets/add
226321264437896678066783544823465103778, 116535435888664920634907717873116379107 -> form [<div _ngcontent-uin-c129="" class="form-group" hidden="true", 51513408882529245424246001655845665969, http://localhost:8080/petclinic/vets/add
51513408882529245424246001655845665969, 191180718968350664735469158875853381141 -> form [<div _ngcontent-uin-c129="" class="form-group" hidden="true", 51513408882529245424246001655845665969, http://localhost:8080/petclinic/vets/add
51513408882529245424246001655845665969, 191180718968350664735469158875853381141 -> form [<div _ngcontent-uin-c129="" class="form-group" hidden="true", 108864555765441797036822139042411262472, http://localhost:8080/petclinic/vets/add
108864555765441797036822139042411262472, 46775572726062613018490900297555553823 -> form [<div _ngcontent-uin-c129="" class="form-group" hidden="true", 153026709185554415823506186322438569169, http://localhost:8080/petclinic/vets/add
153026709185554415823506186322438569169, 123155992772497048491799428408752963470 -> form [<div _ngcontent-uin-c129="" class="form-group" hidden="true", 153026709185554415823506186322438569169, http://localhost:8080/petclinic/vets/add
153026709185554415823506186322438569169, 123155992772497048491799428408752963470 -> form [<div _ngcontent-uin-c129="" class="form-group" hidden="true", 277987351869519823122531768575610842176, http://localhost:8080/petclinic/vets/add
49422149324400457114317816287120169614, None, 49422149324400457114317816287120169614, http://localhost:8080/petclinic/
49422149324400457114317816287120169614, 128007562048414465470935918154259800911 -> a [<span _ngcontent-dre-c45="" aria-hidden="true" class="glyphicon glyphicon-th-list", 164791113668615427297484624723310307243, http://localhost:8080/petclinic/pettypes
164791113668615427297484624723310307243, 175539530991800879594449004961932208641 -> button ['Delete']{}, 164791113668615427297484624723310307243, http://localhost:8080/petclinic/pettypes
49422149324400457114317816287120169614, None, 49422149324400457114317816287120169614, http://localhost:8080/petclinic/
49422149324400457114317816287120169614, None, 49422149324400457114317816287120169614, http://localhost:8080/petclinic/
49422149324400457114317816287120169614, None, 49422149324400457114317816287120169614, http://localhost:8080/petclinic/
49422149324400457114317816287120169614, 145709251575089828683635499772194205235 -> a ['Veterinarians', <span _ngcontent-mti-c45="" class="caret", 74849793808848032408097070206027864246, http://localhost:8080/petclinic/
74849793808848032408097070206027864246, 196159222257141416777690774652777710831 -> a [<span _ngcontent-mti-c45="" aria-hidden="true" class="glyphicon glyphicon-search", 276139206715468410231977343122131958458, http://localhost:8080/petclinic/vets
276139206715468410231977343122131958458, 156541344850502344101188167639879920108 -> button ['Add Vet']{}, 260706244791257485496027837704690829215, http://localhost:8080/petclinic/vets
260706244791257485496027837704690829215, 29647655427060338819520328952738969559 -> form [<div _ngcontent-mti-c129="" class="form-group" hidden="true", 51513408882529245424246001655845665969, http://localhost:8080/petclinic/vets/add
51513408882529245424246001655845665969, 281364961868523614861739612217672316480 -> form [<div _ngcontent-mti-c129="" class="form-group" hidden="true", 51513408882529245424246001655845665969, http://localhost:8080/petclinic/vets/add
51513408882529245424246001655845665969, 281364961868523614861739612217672316480 -> form [<div _ngcontent-mti-c129="" class="form-group" hidden="true", 276025096716855820179611251890152124536, http://localhost:8080/petclinic/vets/add
276025096716855820179611251890152124536, 332730527843032975126793629642427190437 -> form [<div _ngcontent-mti-c129="" class="form-group" hidden="true", 215631932914365904557286065589247133394, http://localhost:8080/petclinic/vets/add
215631932914365904557286065589247133394, 229209986100889936773654631707783802090 -> form [<div _ngcontent-mti-c129="" class="form-group" hidden="true", 215631932914365904557286065589247133394, http://localhost:8080/petclinic/vets/add
49422149324400457114317816287120169614, None, 49422149324400457114317816287120169614, http://localhost:8080/petclinic/
49422149324400457114317816287120169614, 339584184851864157256025917613517710960 -> a [<span _ngcontent-end-c45="" aria-hidden="true" class="glyphicon glyphicon-th-list", 78933833003776315529542366066663004769, http://localhost:8080/petclinic/pettypes
78933833003776315529542366066663004769, 175539530991800879594449004961932208641 -> button ['Delete']{}, 78933833003776315529542366066663004769, http://localhost:8080/petclinic/pettypes
78933833003776315529542366066663004769, 72602955079352731327874698425826022808 -> button ['Edit']{}, 177959216844116951811341855663854588146, http://localhost:8080/petclinic/pettypes/2/edit
177959216844116951811341855663854588146, 166669344431204905265242367974571744087 -> form [<div _ngcontent-end-c124="" class="form-group" hidden="true", 149449398238630089822238613967893950248, http://localhost:8080/petclinic/pettypes/2/edit
149449398238630089822238613967893950248, 83736959203334152152353811616752959192 -> form [<div _ngcontent-end-c124="" class="form-group" hidden="true", 149449398238630089822238613967893950248, http://localhost:8080/petclinic/pettypes/2/edit
149449398238630089822238613967893950248, 83736959203334152152353811616752959192 -> form [<div _ngcontent-end-c124="" class="form-group" hidden="true", 149449398238630089822238613967893950248, http://localhost:8080/petclinic/pettypes/2/edit
149449398238630089822238613967893950248, 83736959203334152152353811616752959192 -> form [<div _ngcontent-end-c124="" class="form-group" hidden="true", 233279468592223834223257831878782604330, http://localhost:8080/petclinic/pettypes/2/edit
49422149324400457114317816287120169614, None, 49422149324400457114317816287120169614, http://localhost:8080/petclinic/
49422149324400457114317816287120169614, 158977994752264100173738965323476909855 -> a ['Owners', <span _ngcontent-eqd-c45="" class="caret", 203789904488100118908646339278060037750, http://localhost:8080/petclinic/
203789904488100118908646339278060037750, 166592511808714633507811527146121739522 -> a [<span _ngcontent-eqd-c45="" aria-hidden="true" class="glyphicon glyphicon-search", 320137084747306725921897033257860379366, http://localhost:8080/petclinic/owners
320137084747306725921897033257860379366, 275207839169098191230515849564823314683 -> a ['Peter McTavish']{'routerlinkactive': 'active', 'ng-reflect-router-link-active': 'active', 'ng-reflect-router-link': '/owners/', 'href': '/petclinic/owners/5'}, 261023333095147269470709766205561058843, http://localhost:8080/petclinic/owners/5
261023333095147269470709766205561058843, 187151684874937294720766962182775302606 -> button ['Add New Pet']{}, 24929332150908472775833810240228078289, http://localhost:8080/petclinic/owners/5
24929332150908472775833810240228078289, 296098039941399661068775222716384537671 -> button [<span class="mat-button-wrapper", 313295403273160412624546441775599289933, http://localhost:8080/petclinic/owners/5/pets/add
313295403273160412624546441775599289933, 255584305290723348838099425903284135466 -> button [<span class="mat-button-wrapper", 235498458521152254841084947828520826558, http://localhost:8080/petclinic/owners/5/pets/add
235498458521152254841084947828520826558, 65844089854253626892893589420270873167 -> button [<span class="mat-button-wrapper", 40037531462306403496108208269777392367, http://localhost:8080/petclinic/owners/5/pets/add
40037531462306403496108208269777392367, 138456197046224241421121828653987747180 -> button [<span class="mat-button-wrapper", 52976827806205903464371468833603393625, http://localhost:8080/petclinic/owners/5/pets/add
49422149324400457114317816287120169614, None, 49422149324400457114317816287120169614, http://localhost:8080/petclinic/
49422149324400457114317816287120169614, 308802228612482394418453185363366535476 -> a ['Veterinarians', <span _ngcontent-rvo-c45="" class="caret", 74849793808848032408097070206027864246, http://localhost:8080/petclinic/
74849793808848032408097070206027864246, 110056007274629149725274578261624500332 -> a [<span _ngcontent-rvo-c45="" aria-hidden="true" class="glyphicon glyphicon-plus", 226321264437896678066783544823465103778, http://localhost:8080/petclinic/vets/add
226321264437896678066783544823465103778, 118593091715198008231394257399333949243 -> form [<div _ngcontent-rvo-c129="" class="form-group" hidden="true", 235557940427700672109601708783865512465, http://localhost:8080/petclinic/vets/add
235557940427700672109601708783865512465, 306691303115659295452737110356230442316 -> form [<div _ngcontent-rvo-c129="" class="form-group" hidden="true", 51513408882529245424246001655845665969, http://localhost:8080/petclinic/vets/add
51513408882529245424246001655845665969, 175702729996394692844833107841164052636 -> form [<div _ngcontent-rvo-c129="" class="form-group" hidden="true", 51513408882529245424246001655845665969, http://localhost:8080/petclinic/vets/add
51513408882529245424246001655845665969, 175702729996394692844833107841164052636 -> form [<div _ngcontent-rvo-c129="" class="form-group" hidden="true", 205004153071417652667286301430073545534, http://localhost:8080/petclinic/vets/add
205004153071417652667286301430073545534, 235799720438584039952939252844443615923 -> form [<div _ngcontent-rvo-c129="" class="form-group" hidden="true", 215631932914365904557286065589247133394, http://localhost:8080/petclinic/vets/add
215631932914365904557286065589247133394, 109681348364312000987144013765325132458 -> form [<div _ngcontent-rvo-c129="" class="form-group" hidden="true", 215631932914365904557286065589247133394, http://localhost:8080/petclinic/vets/add
49422149324400457114317816287120169614, None, 49422149324400457114317816287120169614, http://localhost:8080/petclinic/
49422149324400457114317816287120169614, 258375793623600688841416550126861747683 -> a [<span _ngcontent-jkm-c45="" aria-hidden="true" class="glyphicon glyphicon-th-list", 301216737307946459729959668022940867642, http://localhost:8080/petclinic/specialties
301216737307946459729959668022940867642, 303675221858762215192012905307045847481 -> button [' Add ']{}, 87577635879213023865733951743684099870, http://localhost:8080/petclinic/specialties
87577635879213023865733951743684099870, 55015445141179180008339585542130449874 -> form [<div _ngcontent-jkm-c131="" class="form-group" hidden="true", 111609471587240584181919501605606696838, http://localhost:8080/petclinic/specialties
111609471587240584181919501605606696838, 281844579376660998119355351735005605469 -> form [<div _ngcontent-jkm-c131="" class="form-group" hidden="true", 111609471587240584181919501605606696838, http://localhost:8080/petclinic/specialties
111609471587240584181919501605606696838, 281844579376660998119355351735005605469 -> form [<div _ngcontent-jkm-c131="" class="form-group" hidden="true", 111609471587240584181919501605606696838, http://localhost:8080/petclinic/specialties
111609471587240584181919501605606696838, 281844579376660998119355351735005605469 -> form [<div _ngcontent-jkm-c131="" class="form-group" hidden="true", 250793571367828282167256998550422190327, http://localhost:8080/petclinic/specialties
250793571367828282167256998550422190327, 170656774172834038618873857823088240244 -> form [<div _ngcontent-jkm-c131="" class="form-group" hidden="true", 250793571367828282167256998550422190327, http://localhost:8080/petclinic/specialties
250793571367828282167256998550422190327, 170656774172834038618873857823088240244 -> form [<div _ngcontent-jkm-c131="" class="form-group" hidden="true", 250793571367828282167256998550422190327, http://localhost:8080/petclinic/specialties
49422149324400457114317816287120169614, None, 49422149324400457114317816287120169614, http://localhost:8080/petclinic/
49422149324400457114317816287120169614, None, 49422149324400457114317816287120169614, http://localhost:8080/petclinic/
49422149324400457114317816287120169614, None, 49422149324400457114317816287120169614, http://localhost:8080/petclinic/
49422149324400457114317816287120169614, 301075536726086801830394733623277723168 -> a ['Veterinarians', <span _ngcontent-qhn-c45="" class="caret", 74849793808848032408097070206027864246, http://localhost:8080/petclinic/
74849793808848032408097070206027864246, 34598141632212606422640924099271818963 -> a ['Veterinarians', <span _ngcontent-qhn-c45="" class="caret", 49422149324400457114317816287120169614, http://localhost:8080/petclinic/
49422149324400457114317816287120169614, 301075536726086801830394733623277723168 -> a ['Veterinarians', <span _ngcontent-qhn-c45="" class="caret", 74849793808848032408097070206027864246, http://localhost:8080/petclinic/
74849793808848032408097070206027864246, 42493822008014422938645908462034560787 -> a [<span _ngcontent-qhn-c45="" aria-hidden="true" class="glyphicon glyphicon-plus", 226321264437896678066783544823465103778, http://localhost:8080/petclinic/vets/add
226321264437896678066783544823465103778, 55407534637448189604181098202447580769 -> form [<div _ngcontent-qhn-c129="" class="form-group" hidden="true", 312975635857585782046141516785894877692, http://localhost:8080/petclinic/vets/add
312975635857585782046141516785894877692, 59461947254767373994518095150173652476 -> form [<div _ngcontent-qhn-c129="" class="form-group" hidden="true", 51513408882529245424246001655845665969, http://localhost:8080/petclinic/vets/add
51513408882529245424246001655845665969, 284470489940654554335493780216808646596 -> form [<div _ngcontent-qhn-c129="" class="form-group" hidden="true", 51513408882529245424246001655845665969, http://localhost:8080/petclinic/vets/add
51513408882529245424246001655845665969, 284470489940654554335493780216808646596 -> form [<div _ngcontent-qhn-c129="" class="form-group" hidden="true", 298923047929612907625100787801425591439, http://localhost:8080/petclinic/vets/add
49422149324400457114317816287120169614, None, 49422149324400457114317816287120169614, http://localhost:8080/petclinic/
49422149324400457114317816287120169614, None, 49422149324400457114317816287120169614, http://localhost:8080/petclinic/
49422149324400457114317816287120169614, 285112280274273212788690818410906750182 -> a [<span _ngcontent-bei-c45="" aria-hidden="true" class="glyphicon glyphicon-th-list", 301216737307946459729959668022940867642, http://localhost:8080/petclinic/specialties
301216737307946459729959668022940867642, 303675221858762215192012905307045847481 -> button [' Add ']{}, 87577635879213023865733951743684099870, http://localhost:8080/petclinic/specialties
87577635879213023865733951743684099870, 311998656268666712636734466083496169618 -> form [<div _ngcontent-bei-c131="" class="form-group" hidden="true", 111609471587240584181919501605606696838, http://localhost:8080/petclinic/specialties
111609471587240584181919501605606696838, 237028890985895874717979734977017432623 -> form [<div _ngcontent-bei-c131="" class="form-group" hidden="true", 111609471587240584181919501605606696838, http://localhost:8080/petclinic/specialties
111609471587240584181919501605606696838, 237028890985895874717979734977017432623 -> form [<div _ngcontent-bei-c131="" class="form-group" hidden="true", 111609471587240584181919501605606696838, http://localhost:8080/petclinic/specialties
111609471587240584181919501605606696838, 237028890985895874717979734977017432623 -> form [<div _ngcontent-bei-c131="" class="form-group" hidden="true", 250793571367828282167256998550422190327, http://localhost:8080/petclinic/specialties
250793571367828282167256998550422190327, 72206065308949126333802534303484723270 -> form [<div _ngcontent-bei-c131="" class="form-group" hidden="true", 250793571367828282167256998550422190327, http://localhost:8080/petclinic/specialties
250793571367828282167256998550422190327, 72206065308949126333802534303484723270 -> form [<div _ngcontent-bei-c131="" class="form-group" hidden="true", 250793571367828282167256998550422190327, http://localhost:8080/petclinic/specialties
49422149324400457114317816287120169614, None, 49422149324400457114317816287120169614, http://localhost:8080/petclinic/
49422149324400457114317816287120169614, None, 49422149324400457114317816287120169614, http://localhost:8080/petclinic/
49422149324400457114317816287120169614, None, 49422149324400457114317816287120169614, http://localhost:8080/petclinic/
49422149324400457114317816287120169614, None, 49422149324400457114317816287120169614, http://localhost:8080/petclinic/
49422149324400457114317816287120169614, 298394945675133853116714368618830325271 -> a [<span _ngcontent-ckc-c45="" aria-hidden="true" class="glyphicon glyphicon-th-list", 301216737307946459729959668022940867642, http://localhost:8080/petclinic/specialties
301216737307946459729959668022940867642, 303675221858762215192012905307045847481 -> button [' Add ']{}, 87577635879213023865733951743684099870, http://localhost:8080/petclinic/specialties
87577635879213023865733951743684099870, 297589548649295010049528694944115781807 -> form [<div _ngcontent-ckc-c131="" class="form-group" hidden="true", 111609471587240584181919501605606696838, http://localhost:8080/petclinic/specialties
111609471587240584181919501605606696838, 128863081798575234410367551033170802583 -> form [<div _ngcontent-ckc-c131="" class="form-group" hidden="true", 111609471587240584181919501605606696838, http://localhost:8080/petclinic/specialties
111609471587240584181919501605606696838, 128863081798575234410367551033170802583 -> form [<div _ngcontent-ckc-c131="" class="form-group" hidden="true", 250793571367828282167256998550422190327, http://localhost:8080/petclinic/specialties
250793571367828282167256998550422190327, 176481240607977066624809200559142668494 -> form [<div _ngcontent-ckc-c131="" class="form-group" hidden="true", 250793571367828282167256998550422190327, http://localhost:8080/petclinic/specialties
250793571367828282167256998550422190327, 176481240607977066624809200559142668494 -> form [<div _ngcontent-ckc-c131="" class="form-group" hidden="true", 250793571367828282167256998550422190327, http://localhost:8080/petclinic/specialties
250793571367828282167256998550422190327, 176481240607977066624809200559142668494 -> form [<div _ngcontent-ckc-c131="" class="form-group" hidden="true", 250793571367828282167256998550422190327, http://localhost:8080/petclinic/specialties
49422149324400457114317816287120169614, None, 49422149324400457114317816287120169614, http://localhost:8080/petclinic/
49422149324400457114317816287120169614, 131848649175864446298128631616030548832 -> a ['Veterinarians', <span _ngcontent-qsc-c45="" class="caret", 74849793808848032408097070206027864246, http://localhost:8080/petclinic/
74849793808848032408097070206027864246, 295163937545142632588096090765162999598 -> a [<span _ngcontent-qsc-c45="" aria-hidden="true" class="glyphicon glyphicon-search", 276139206715468410231977343122131958458, http://localhost:8080/petclinic/vets
276139206715468410231977343122131958458, 156541344850502344101188167639879920108 -> button ['Add Vet']{}, 260706244791257485496027837704690829215, http://localhost:8080/petclinic/vets
260706244791257485496027837704690829215, 245303100400102814943048039362611954003 -> form [<div _ngcontent-qsc-c129="" class="form-group" hidden="true", 51513408882529245424246001655845665969, http://localhost:8080/petclinic/vets/add
51513408882529245424246001655845665969, 148372960348411130217903345650096076532 -> form [<div _ngcontent-qsc-c129="" class="form-group" hidden="true", 51513408882529245424246001655845665969, http://localhost:8080/petclinic/vets/add
51513408882529245424246001655845665969, 148372960348411130217903345650096076532 -> form [<div _ngcontent-qsc-c129="" class="form-group" hidden="true", 51513408882529245424246001655845665969, http://localhost:8080/petclinic/vets/add
51513408882529245424246001655845665969, 148372960348411130217903345650096076532 -> form [<div _ngcontent-qsc-c129="" class="form-group" hidden="true", 149216412025705055960536209412907545271, http://localhost:8080/petclinic/vets/add
149216412025705055960536209412907545271, 213142994812939835651199384612691550286 -> form [<div _ngcontent-qsc-c129="" class="form-group" hidden="true", 153026709185554415823506186322438569169, http://localhost:8080/petclinic/vets/add
49422149324400457114317816287120169614, None, 49422149324400457114317816287120169614, http://localhost:8080/petclinic/
49422149324400457114317816287120169614, 192761701524622555160880614081511377347 -> a ['Veterinarians', <span _ngcontent-ugm-c45="" class="caret", 74849793808848032408097070206027864246, http://localhost:8080/petclinic/
74849793808848032408097070206027864246, 311695170485979394376277722748927358883 -> a [<span _ngcontent-ugm-c45="" aria-hidden="true" class="glyphicon glyphicon-search", 276139206715468410231977343122131958458, http://localhost:8080/petclinic/vets
276139206715468410231977343122131958458, 156541344850502344101188167639879920108 -> button ['Add Vet']{}, 260706244791257485496027837704690829215, http://localhost:8080/petclinic/vets
260706244791257485496027837704690829215, 27664071137048742730714006461428208735 -> form [<div _ngcontent-ugm-c129="" class="form-group" hidden="true", 235557940427700672109601708783865512465, http://localhost:8080/petclinic/vets/add
235557940427700672109601708783865512465, 314625181586150535296568281834304012047 -> form [<div _ngcontent-ugm-c129="" class="form-group" hidden="true", 51513408882529245424246001655845665969, http://localhost:8080/petclinic/vets/add
51513408882529245424246001655845665969, 196938328916610293482953409679493578988 -> form [<div _ngcontent-ugm-c129="" class="form-group" hidden="true", 51513408882529245424246001655845665969, http://localhost:8080/petclinic/vets/add
51513408882529245424246001655845665969, 196938328916610293482953409679493578988 -> form [<div _ngcontent-ugm-c129="" class="form-group" hidden="true", 12019988847675956881110181591634562926, http://localhost:8080/petclinic/vets/add
12019988847675956881110181591634562926, 178257210798190902522203755058617314423 -> form [<div _ngcontent-ugm-c129="" class="form-group" hidden="true", 215631932914365904557286065589247133394, http://localhost:8080/petclinic/vets/add
49422149324400457114317816287120169614, None, 49422149324400457114317816287120169614, http://localhost:8080/petclinic/
49422149324400457114317816287120169614, 222338352295137969313508771819231069446 -> a [<span _ngcontent-lnm-c45="" aria-hidden="true" class="glyphicon glyphicon-th-list", 301216737307946459729959668022940867642, http://localhost:8080/petclinic/specialties
301216737307946459729959668022940867642, 303675221858762215192012905307045847481 -> button [' Add ']{}, 87577635879213023865733951743684099870, http://localhost:8080/petclinic/specialties
87577635879213023865733951743684099870, 228838880482599307154045144506511814636 -> form [<div _ngcontent-lnm-c131="" class="form-group" hidden="true", 111609471587240584181919501605606696838, http://localhost:8080/petclinic/specialties
111609471587240584181919501605606696838, 77892936543753373146974405254589756145 -> form [<div _ngcontent-lnm-c131="" class="form-group" hidden="true", 111609471587240584181919501605606696838, http://localhost:8080/petclinic/specialties
111609471587240584181919501605606696838, 77892936543753373146974405254589756145 -> form [<div _ngcontent-lnm-c131="" class="form-group" hidden="true", 111609471587240584181919501605606696838, http://localhost:8080/petclinic/specialties
111609471587240584181919501605606696838, 77892936543753373146974405254589756145 -> form [<div _ngcontent-lnm-c131="" class="form-group" hidden="true", 250793571367828282167256998550422190327, http://localhost:8080/petclinic/specialties
250793571367828282167256998550422190327, 87755495864941298025509785557446479121 -> form [<div _ngcontent-lnm-c131="" class="form-group" hidden="true", 250793571367828282167256998550422190327, http://localhost:8080/petclinic/specialties
250793571367828282167256998550422190327, 87755495864941298025509785557446479121 -> form [<div _ngcontent-lnm-c131="" class="form-group" hidden="true", 250793571367828282167256998550422190327, http://localhost:8080/petclinic/specialties
49422149324400457114317816287120169614, None, 49422149324400457114317816287120169614, http://localhost:8080/petclinic/
49422149324400457114317816287120169614, 67359614373846902859883587074879133037 -> a [<span _ngcontent-ahb-c45="" aria-hidden="true" class="glyphicon glyphicon-th-list", 244278112419452773877375420361510995208, http://localhost:8080/petclinic/pettypes
244278112419452773877375420361510995208, 72602955079352731327874698425826022808 -> button ['Edit']{}, 85939222558421285694824038648263031197, http://localhost:8080/petclinic/pettypes
85939222558421285694824038648263031197, 31789282043242228782753595272084589082 -> button ['Cancel']{}, 244278112419452773877375420361510995208, http://localhost:8080/petclinic/pettypes
244278112419452773877375420361510995208, 72602955079352731327874698425826022808 -> button ['Edit']{}, 244278112419452773877375420361510995208, http://localhost:8080/petclinic/pettypes
244278112419452773877375420361510995208, 175539530991800879594449004961932208641 -> button ['Delete']{}, 244278112419452773877375420361510995208, http://localhost:8080/petclinic/pettypes
244278112419452773877375420361510995208, 303675221858762215192012905307045847481 -> button [' Add ']{}, 244278112419452773877375420361510995208, http://localhost:8080/petclinic/pettypes
244278112419452773877375420361510995208, 266268171731932540045330066755506068890 -> input []{'type': 'text', 'name': 'pettype_name', 'ng-reflect-name': 'pettype_name', 'id': '', 'ng-reflect-model': 'Piece then eve'}, 244278112419452773877375420361510995208, http://localhost:8080/petclinic/pettypes
244278112419452773877375420361510995208, 271914958417248026839750307164827811225 -> input []{'type': 'text', 'name': 'pettype_name', 'ng-reflect-name': 'pettype_name', 'id': '', 'ng-reflect-model': 'bird'}, 244278112419452773877375420361510995208, http://localhost:8080/petclinic/pettypes
49422149324400457114317816287120169614, None, 49422149324400457114317816287120169614, http://localhost:8080/petclinic/
49422149324400457114317816287120169614, None, 49422149324400457114317816287120169614, http://localhost:8080/petclinic/
49422149324400457114317816287120169614, 67591530498365815977553703037980954152 -> a [<span _ngcontent-hqr-c45="" aria-hidden="true" class="glyphicon glyphicon-th-list", 301216737307946459729959668022940867642, http://localhost:8080/petclinic/specialties
301216737307946459729959668022940867642, 303675221858762215192012905307045847481 -> button [' Add ']{}, 87577635879213023865733951743684099870, http://localhost:8080/petclinic/specialties
87577635879213023865733951743684099870, 309098012579648734212915866609560759772 -> form [<div _ngcontent-hqr-c131="" class="form-group" hidden="true", 111609471587240584181919501605606696838, http://localhost:8080/petclinic/specialties
111609471587240584181919501605606696838, 255968009004738686223356058521176843231 -> form [<div _ngcontent-hqr-c131="" class="form-group" hidden="true", 111609471587240584181919501605606696838, http://localhost:8080/petclinic/specialties
111609471587240584181919501605606696838, 255968009004738686223356058521176843231 -> form [<div _ngcontent-hqr-c131="" class="form-group" hidden="true", 250793571367828282167256998550422190327, http://localhost:8080/petclinic/specialties
250793571367828282167256998550422190327, 20541142887529565105782049548156306370 -> form [<div _ngcontent-hqr-c131="" class="form-group" hidden="true", 250793571367828282167256998550422190327, http://localhost:8080/petclinic/specialties
250793571367828282167256998550422190327, 20541142887529565105782049548156306370 -> form [<div _ngcontent-hqr-c131="" class="form-group" hidden="true", 250793571367828282167256998550422190327, http://localhost:8080/petclinic/specialties
250793571367828282167256998550422190327, 20541142887529565105782049548156306370 -> form [<div _ngcontent-hqr-c131="" class="form-group" hidden="true", 250793571367828282167256998550422190327, http://localhost:8080/petclinic/specialties
49422149324400457114317816287120169614, None, 49422149324400457114317816287120169614, http://localhost:8080/petclinic/
49422149324400457114317816287120169614, 284383212499386443653086612594590781850 -> a [<span _ngcontent-chk-c45="" aria-hidden="true" class="glyphicon glyphicon-th-list", 301216737307946459729959668022940867642, http://localhost:8080/petclinic/specialties
301216737307946459729959668022940867642, 303675221858762215192012905307045847481 -> button [' Add ']{}, 87577635879213023865733951743684099870, http://localhost:8080/petclinic/specialties
87577635879213023865733951743684099870, 76024312927613829927491721117398736554 -> form [<div _ngcontent-chk-c131="" class="form-group" hidden="true", 111609471587240584181919501605606696838, http://localhost:8080/petclinic/specialties
111609471587240584181919501605606696838, 234139772401698053518331850821860714519 -> form [<div _ngcontent-chk-c131="" class="form-group" hidden="true", 111609471587240584181919501605606696838, http://localhost:8080/petclinic/specialties
111609471587240584181919501605606696838, 234139772401698053518331850821860714519 -> form [<div _ngcontent-chk-c131="" class="form-group" hidden="true", 250793571367828282167256998550422190327, http://localhost:8080/petclinic/specialties
250793571367828282167256998550422190327, 107147765793930123255573351240469279418 -> form [<div _ngcontent-chk-c131="" class="form-group" hidden="true", 250793571367828282167256998550422190327, http://localhost:8080/petclinic/specialties
250793571367828282167256998550422190327, 107147765793930123255573351240469279418 -> form [<div _ngcontent-chk-c131="" class="form-group" hidden="true", 250793571367828282167256998550422190327, http://localhost:8080/petclinic/specialties
250793571367828282167256998550422190327, 107147765793930123255573351240469279418 -> form [<div _ngcontent-chk-c131="" class="form-group" hidden="true", 250793571367828282167256998550422190327, http://localhost:8080/petclinic/specialties
49422149324400457114317816287120169614, None, 49422149324400457114317816287120169614, http://localhost:8080/petclinic/
49422149324400457114317816287120169614, 207976783656459777468726604723058890691 -> a [<span _ngcontent-ljt-c45="" aria-hidden="true" class="glyphicon glyphicon-th-list", 244278112419452773877375420361510995208, http://localhost:8080/petclinic/pettypes
49422149324400457114317816287120169614, None, 49422149324400457114317816287120169614, http://localhost:8080/petclinic/
49422149324400457114317816287120169614, 49304659543726375926442323458387671017 -> a ['Owners', <span _ngcontent-qhg-c45="" class="caret", 203789904488100118908646339278060037750, http://localhost:8080/petclinic/
203789904488100118908646339278060037750, 277690451839226327516135044650527528453 -> a [<span _ngcontent-qhg-c45="" aria-hidden="true" class="glyphicon glyphicon-search", 320137084747306725921897033257860379366, http://localhost:8080/petclinic/owners
320137084747306725921897033257860379366, 275207839169098191230515849564823314683 -> a ['Peter McTavish']{'routerlinkactive': 'active', 'ng-reflect-router-link-active': 'active', 'ng-reflect-router-link': '/owners/', 'href': '/petclinic/owners/5'}, 261023333095147269470709766205561058843, http://localhost:8080/petclinic/owners/5
261023333095147269470709766205561058843, 187151684874937294720766962182775302606 -> button ['Add New Pet']{}, 24929332150908472775833810240228078289, http://localhost:8080/petclinic/owners/5
24929332150908472775833810240228078289, 296098039941399661068775222716384537671 -> button [<span class="mat-button-wrapper", 248980882560297339378878205531449203613, http://localhost:8080/petclinic/owners/5/pets/add
248980882560297339378878205531449203613, 73663897532336889032898444162543628979 -> button [<span class="mat-button-wrapper", 245957660938327128308409800107862221917, http://localhost:8080/petclinic/owners/5/pets/add
245957660938327128308409800107862221917, 12218792673932490132255742880737927705 -> form [<div _ngcontent-qhg-c118="" class="form-group" hidden="true", 147830627230984804533576030811388567631, http://localhost:8080/petclinic/owners/5/pets/add
147830627230984804533576030811388567631, 277123605394536631296775610526520758930 -> form [<div _ngcontent-qhg-c118="" class="form-group" hidden="true", 147830627230984804533576030811388567631, http://localhost:8080/petclinic/owners/5/pets/add
49422149324400457114317816287120169614, None, 49422149324400457114317816287120169614, http://localhost:8080/petclinic/
49422149324400457114317816287120169614, 218662815358113442313853025865435877748 -> a [<span _ngcontent-cjn-c45="" aria-hidden="true" class="glyphicon glyphicon-th-list", 244278112419452773877375420361510995208, http://localhost:8080/petclinic/pettypes
244278112419452773877375420361510995208, 271914958417248026839750307164827811225 -> input []{'type': 'text', 'name': 'pettype_name', 'ng-reflect-name': 'pettype_name', 'id': '', 'ng-reflect-model': 'bird'}, 244278112419452773877375420361510995208, http://localhost:8080/petclinic/pettypes
49422149324400457114317816287120169614, None, 49422149324400457114317816287120169614, http://localhost:8080/petclinic/
49422149324400457114317816287120169614, 135129453090984832550044488936883208265 -> a [<span _ngcontent-kba-c45="" aria-hidden="true" class="glyphicon glyphicon-th-list", 223865381944800475757819478857652983494, http://localhost:8080/petclinic/pettypes
223865381944800475757819478857652983494, 271914958417248026839750307164827811225 -> input []{'type': 'text', 'name': 'pettype_name', 'ng-reflect-name': 'pettype_name', 'id': '', 'ng-reflect-model': 'bird'}, 223865381944800475757819478857652983494, http://localhost:8080/petclinic/pettypes
223865381944800475757819478857652983494, 72602955079352731327874698425826022808 -> button ['Edit']{}, 85939222558421285694824038648263031197, http://localhost:8080/petclinic/pettypes
85939222558421285694824038648263031197, 255069989589345254050680541253175300491 -> form [<div _ngcontent-kba-c124="" class="form-group" hidden="true", 95308168230132404388955517943907926175, http://localhost:8080/petclinic/pettypes/5/edit
95308168230132404388955517943907926175, 232377259992371447412928337304385585994 -> form [<div _ngcontent-kba-c124="" class="form-group" hidden="true", 95308168230132404388955517943907926175, http://localhost:8080/petclinic/pettypes/5/edit
95308168230132404388955517943907926175, 232377259992371447412928337304385585994 -> form [<div _ngcontent-kba-c124="" class="form-group" hidden="true", 95308168230132404388955517943907926175, http://localhost:8080/petclinic/pettypes/5/edit
49422149324400457114317816287120169614, None, 49422149324400457114317816287120169614, http://localhost:8080/petclinic/
49422149324400457114317816287120169614, None, 49422149324400457114317816287120169614, http://localhost:8080/petclinic/
49422149324400457114317816287120169614, 335205405143273450731364110291980209851 -> a ['Owners', <span _ngcontent-onc-c45="" class="caret", 203789904488100118908646339278060037750, http://localhost:8080/petclinic/
203789904488100118908646339278060037750, 309802882479075208619996316398563238432 -> a [<span _ngcontent-onc-c45="" aria-hidden="true" class="glyphicon glyphicon-plus", 282167456026102075406891693572033620368, http://localhost:8080/petclinic/owners/add
282167456026102075406891693572033620368, 121217641283604355853516383570550398651 -> button ['Back']{'type': 'button'}, 95390615319828307245713657666382986696, http://localhost:8080/petclinic/owners/add
95390615319828307245713657666382986696, 35780075375323700744953722110119041818 -> a ['Jeff Black']{'routerlinkactive': 'active', 'ng-reflect-router-link-active': 'active', 'ng-reflect-router-link': '/owners/', 'href': '/petclinic/owners/7'}, 11407046921895845572474737091681013969, http://localhost:8080/petclinic/owners/7
11407046921895845572474737091681013969, 184220375558238244635050762424035179253 -> button ['Edit Pet']{}, 211814243407306259554911937062312478752, http://localhost:8080/petclinic/owners/7
211814243407306259554911937062312478752, 296098039941399661068775222716384537671 -> button [<span class="mat-button-wrapper", 65653596663387431855999347757741520914, http://localhost:8080/petclinic/pets/9/edit
65653596663387431855999347757741520914, 73663897532336889032898444162543628979 -> button [<span class="mat-button-wrapper", 160587805599432252319622421229066855693, http://localhost:8080/petclinic/pets/9/edit
160587805599432252319622421229066855693, 321752587056220982672406898291070240594 -> button [<span class="mat-button-wrapper", 12623173476163493766466553857338187850, http://localhost:8080/petclinic/pets/9/edit
49422149324400457114317816287120169614, None, 49422149324400457114317816287120169614, http://localhost:8080/petclinic/
49422149324400457114317816287120169614, 11167509073797046625581287488526168460 -> a ['Veterinarians', <span _ngcontent-cjv-c45="" class="caret", 74849793808848032408097070206027864246, http://localhost:8080/petclinic/
74849793808848032408097070206027864246, 9788360564193388685654657178401332019 -> a [<span _ngcontent-cjv-c45="" aria-hidden="true" class="glyphicon glyphicon-search", 276139206715468410231977343122131958458, http://localhost:8080/petclinic/vets
276139206715468410231977343122131958458, 156541344850502344101188167639879920108 -> button ['Add Vet']{}, 260706244791257485496027837704690829215, http://localhost:8080/petclinic/vets
260706244791257485496027837704690829215, 270065704784418759473991304361948218584 -> form [<div _ngcontent-cjv-c129="" class="form-group" hidden="true", 312975635857585782046141516785894877692, http://localhost:8080/petclinic/vets/add
312975635857585782046141516785894877692, 44704148943914179743107365039089269282 -> form [<div _ngcontent-cjv-c129="" class="form-group" hidden="true", 51513408882529245424246001655845665969, http://localhost:8080/petclinic/vets/add
51513408882529245424246001655845665969, 196521253634616392327298031582041966225 -> form [<div _ngcontent-cjv-c129="" class="form-group" hidden="true", 51513408882529245424246001655845665969, http://localhost:8080/petclinic/vets/add
51513408882529245424246001655845665969, 196521253634616392327298031582041966225 -> form [<div _ngcontent-cjv-c129="" class="form-group" hidden="true", 332324558912271985621132699608000338418, http://localhost:8080/petclinic/vets/add
332324558912271985621132699608000338418, 277344367894671263064537430460002386356 -> form [<div _ngcontent-cjv-c129="" class="form-group" hidden="true", 215631932914365904557286065589247133394, http://localhost:8080/petclinic/vets/add
49422149324400457114317816287120169614, None, 49422149324400457114317816287120169614, http://localhost:8080/petclinic/
49422149324400457114317816287120169614, 308403774224157202662819844678397491640 -> a [<span _ngcontent-cbi-c45="" aria-hidden="true" class="glyphicon glyphicon-th-list", 301216737307946459729959668022940867642, http://localhost:8080/petclinic/specialties
301216737307946459729959668022940867642, 303675221858762215192012905307045847481 -> button [' Add ']{}, 87577635879213023865733951743684099870, http://localhost:8080/petclinic/specialties
87577635879213023865733951743684099870, 35067582224818582959911837550795113579 -> form [<div _ngcontent-cbi-c131="" class="form-group" hidden="true", 111609471587240584181919501605606696838, http://localhost:8080/petclinic/specialties
111609471587240584181919501605606696838, 96186481129631683013832970627156401441 -> form [<div _ngcontent-cbi-c131="" class="form-group" hidden="true", 111609471587240584181919501605606696838, http://localhost:8080/petclinic/specialties
111609471587240584181919501605606696838, 96186481129631683013832970627156401441 -> form [<div _ngcontent-cbi-c131="" class="form-group" hidden="true", 111609471587240584181919501605606696838, http://localhost:8080/petclinic/specialties
111609471587240584181919501605606696838, 96186481129631683013832970627156401441 -> form [<div _ngcontent-cbi-c131="" class="form-group" hidden="true", 250793571367828282167256998550422190327, http://localhost:8080/petclinic/specialties
250793571367828282167256998550422190327, 333622008942738509495935224136491594155 -> form [<div _ngcontent-cbi-c131="" class="form-group" hidden="true", 250793571367828282167256998550422190327, http://localhost:8080/petclinic/specialties
250793571367828282167256998550422190327, 333622008942738509495935224136491594155 -> form [<div _ngcontent-cbi-c131="" class="form-group" hidden="true", 250793571367828282167256998550422190327, http://localhost:8080/petclinic/specialties
49422149324400457114317816287120169614, None, 49422149324400457114317816287120169614, http://localhost:8080/petclinic/
49422149324400457114317816287120169614, 309703346866747657676016346467382278544 -> a ['Veterinarians', <span _ngcontent-ldd-c45="" class="caret", 74849793808848032408097070206027864246, http://localhost:8080/petclinic/
74849793808848032408097070206027864246, 131646973275880284064636559432232952228 -> a [<span _ngcontent-ldd-c45="" aria-hidden="true" class="glyphicon glyphicon-plus", 226321264437896678066783544823465103778, http://localhost:8080/petclinic/vets/add
226321264437896678066783544823465103778, 79648013886876873631410072975818984400 -> form [<div _ngcontent-ldd-c129="" class="form-group" hidden="true", 312975635857585782046141516785894877692, http://localhost:8080/petclinic/vets/add
312975635857585782046141516785894877692, 299565682177898666964058419091068163476 -> form [<div _ngcontent-ldd-c129="" class="form-group" hidden="true", 51513408882529245424246001655845665969, http://localhost:8080/petclinic/vets/add
51513408882529245424246001655845665969, 142011398695571477771626978744393983275 -> form [<div _ngcontent-ldd-c129="" class="form-group" hidden="true", 51513408882529245424246001655845665969, http://localhost:8080/petclinic/vets/add
51513408882529245424246001655845665969, 142011398695571477771626978744393983275 -> form [<div _ngcontent-ldd-c129="" class="form-group" hidden="true", 286231427259267673056431570974227490305, http://localhost:8080/petclinic/vets/add
286231427259267673056431570974227490305, 200357233025538732267743337054904309703 -> form [<div _ngcontent-ldd-c129="" class="form-group" hidden="true", 238451040456130586133873871741821886665, http://localhost:8080/petclinic/vets/add
238451040456130586133873871741821886665, 121175449106201529192714181745785000713 -> form [<div _ngcontent-ldd-c129="" class="form-group" hidden="true", 238451040456130586133873871741821886665, http://localhost:8080/petclinic/vets/add
49422149324400457114317816287120169614, None, 49422149324400457114317816287120169614, http://localhost:8080/petclinic/
49422149324400457114317816287120169614, 63873203566890786527038360259910014877 -> a [<span _ngcontent-rba-c45="" aria-hidden="true" class="glyphicon glyphicon-th-list", 301216737307946459729959668022940867642, http://localhost:8080/petclinic/specialties
301216737307946459729959668022940867642, 303675221858762215192012905307045847481 -> button [' Add ']{}, 87577635879213023865733951743684099870, http://localhost:8080/petclinic/specialties
87577635879213023865733951743684099870, 225083067473019074542238691597028125452 -> form [<div _ngcontent-rba-c131="" class="form-group" hidden="true", 111609471587240584181919501605606696838, http://localhost:8080/petclinic/specialties
111609471587240584181919501605606696838, 123885617508507366754343637269776278407 -> form [<div _ngcontent-rba-c131="" class="form-group" hidden="true", 111609471587240584181919501605606696838, http://localhost:8080/petclinic/specialties
111609471587240584181919501605606696838, 123885617508507366754343637269776278407 -> form [<div _ngcontent-rba-c131="" class="form-group" hidden="true", 111609471587240584181919501605606696838, http://localhost:8080/petclinic/specialties
111609471587240584181919501605606696838, 123885617508507366754343637269776278407 -> form [<div _ngcontent-rba-c131="" class="form-group" hidden="true", 250793571367828282167256998550422190327, http://localhost:8080/petclinic/specialties
250793571367828282167256998550422190327, 100105831224868336938518848587107263281 -> form [<div _ngcontent-rba-c131="" class="form-group" hidden="true", 250793571367828282167256998550422190327, http://localhost:8080/petclinic/specialties
250793571367828282167256998550422190327, 100105831224868336938518848587107263281 -> form [<div _ngcontent-rba-c131="" class="form-group" hidden="true", 250793571367828282167256998550422190327, http://localhost:8080/petclinic/specialties
49422149324400457114317816287120169614, None, 49422149324400457114317816287120169614, http://localhost:8080/petclinic/
49422149324400457114317816287120169614, 118040360205312371240142973193045710296 -> a ['Veterinarians', <span _ngcontent-fie-c45="" class="caret", 74849793808848032408097070206027864246, http://localhost:8080/petclinic/
74849793808848032408097070206027864246, 205168190250464410400605789120127090488 -> a [<span _ngcontent-fie-c45="" aria-hidden="true" class="glyphicon glyphicon-plus", 226321264437896678066783544823465103778, http://localhost:8080/petclinic/vets/add
226321264437896678066783544823465103778, 182170272132473503748816463080131510460 -> form [<div _ngcontent-fie-c129="" class="form-group" hidden="true", 312975635857585782046141516785894877692, http://localhost:8080/petclinic/vets/add
312975635857585782046141516785894877692, 174681536578532898618873162532610634564 -> form [<div _ngcontent-fie-c129="" class="form-group" hidden="true", 51513408882529245424246001655845665969, http://localhost:8080/petclinic/vets/add
51513408882529245424246001655845665969, 8191289524700359685645210485751808241 -> form [<div _ngcontent-fie-c129="" class="form-group" hidden="true", 51513408882529245424246001655845665969, http://localhost:8080/petclinic/vets/add
51513408882529245424246001655845665969, 8191289524700359685645210485751808241 -> form [<div _ngcontent-fie-c129="" class="form-group" hidden="true", 294346720648743666259942044010226275014, http://localhost:8080/petclinic/vets/add
294346720648743666259942044010226275014, 318091863215420926099072430905242209218 -> form [<div _ngcontent-fie-c129="" class="form-group" hidden="true", 215631932914365904557286065589247133394, http://localhost:8080/petclinic/vets/add
215631932914365904557286065589247133394, 54891181537478856929886651068686199500 -> form [<div _ngcontent-fie-c129="" class="form-group" hidden="true", 215631932914365904557286065589247133394, http://localhost:8080/petclinic/vets/add
49422149324400457114317816287120169614, None, 49422149324400457114317816287120169614, http://localhost:8080/petclinic/
49422149324400457114317816287120169614, None, 49422149324400457114317816287120169614, http://localhost:8080/petclinic/
49422149324400457114317816287120169614, 52815070804892900574305503052487544478 -> a [<span _ngcontent-olu-c45="" aria-hidden="true" class="glyphicon glyphicon-th-list", 301216737307946459729959668022940867642, http://localhost:8080/petclinic/specialties
301216737307946459729959668022940867642, 303675221858762215192012905307045847481 -> button [' Add ']{}, 87577635879213023865733951743684099870, http://localhost:8080/petclinic/specialties
87577635879213023865733951743684099870, 179473383361506028553186449323651140138 -> form [<div _ngcontent-olu-c131="" class="form-group" hidden="true", 111609471587240584181919501605606696838, http://localhost:8080/petclinic/specialties
111609471587240584181919501605606696838, 152314142896112164851482982909139112447 -> form [<div _ngcontent-olu-c131="" class="form-group" hidden="true", 111609471587240584181919501605606696838, http://localhost:8080/petclinic/specialties
111609471587240584181919501605606696838, 152314142896112164851482982909139112447 -> form [<div _ngcontent-olu-c131="" class="form-group" hidden="true", 111609471587240584181919501605606696838, http://localhost:8080/petclinic/specialties
111609471587240584181919501605606696838, 152314142896112164851482982909139112447 -> form [<div _ngcontent-olu-c131="" class="form-group" hidden="true", 250793571367828282167256998550422190327, http://localhost:8080/petclinic/specialties
250793571367828282167256998550422190327, 126481209732414961801433811134906503191 -> form [<div _ngcontent-olu-c131="" class="form-group" hidden="true", 250793571367828282167256998550422190327, http://localhost:8080/petclinic/specialties
250793571367828282167256998550422190327, 126481209732414961801433811134906503191 -> form [<div _ngcontent-olu-c131="" class="form-group" hidden="true", 250793571367828282167256998550422190327, http://localhost:8080/petclinic/specialties
49422149324400457114317816287120169614, None, 49422149324400457114317816287120169614, http://localhost:8080/petclinic/
49422149324400457114317816287120169614, 191948184144821848858481735406711154932 -> a ['Owners', <span _ngcontent-bya-c45="" class="caret", 203789904488100118908646339278060037750, http://localhost:8080/petclinic/
203789904488100118908646339278060037750, 250529075687119465940395417087051975866 -> a ['Owners', <span _ngcontent-bya-c45="" class="caret", 49422149324400457114317816287120169614, http://localhost:8080/petclinic/
49422149324400457114317816287120169614, 191948184144821848858481735406711154932 -> a ['Owners', <span _ngcontent-bya-c45="" class="caret", 203789904488100118908646339278060037750, http://localhost:8080/petclinic/
203789904488100118908646339278060037750, 146857769856615625630679418852267119701 -> a [<span _ngcontent-bya-c45="" aria-hidden="true" class="glyphicon glyphicon-plus", 282167456026102075406891693572033620368, http://localhost:8080/petclinic/owners/add
282167456026102075406891693572033620368, 121217641283604355853516383570550398651 -> button ['Back']{'type': 'button'}, 95390615319828307245713657666382986696, http://localhost:8080/petclinic/owners/add
95390615319828307245713657666382986696, 35780075375323700744953722110119041818 -> a ['Jeff Black']{'routerlinkactive': 'active', 'ng-reflect-router-link-active': 'active', 'ng-reflect-router-link': '/owners/', 'href': '/petclinic/owners/7'}, 11407046921895845572474737091681013969, http://localhost:8080/petclinic/owners/7
11407046921895845572474737091681013969, 184220375558238244635050762424035179253 -> button ['Edit Pet']{}, 211814243407306259554911937062312478752, http://localhost:8080/petclinic/owners/7
211814243407306259554911937062312478752, 296098039941399661068775222716384537671 -> button [<span class="mat-button-wrapper", 65653596663387431855999347757741520914, http://localhost:8080/petclinic/pets/9/edit
49422149324400457114317816287120169614, None, 49422149324400457114317816287120169614, http://localhost:8080/petclinic/
49422149324400457114317816287120169614, None, 49422149324400457114317816287120169614, http://localhost:8080/petclinic/
49422149324400457114317816287120169614, None, 49422149324400457114317816287120169614, http://localhost:8080/petclinic/
49422149324400457114317816287120169614, 310119162123120986946810983305196414224 -> a ['Veterinarians', <span _ngcontent-cnl-c45="" class="caret", 74849793808848032408097070206027864246, http://localhost:8080/petclinic/
74849793808848032408097070206027864246, 310500194748500471099773003138135132729 -> a ['Veterinarians', <span _ngcontent-cnl-c45="" class="caret", 49422149324400457114317816287120169614, http://localhost:8080/petclinic/
49422149324400457114317816287120169614, 310119162123120986946810983305196414224 -> a ['Veterinarians', <span _ngcontent-cnl-c45="" class="caret", 74849793808848032408097070206027864246, http://localhost:8080/petclinic/
74849793808848032408097070206027864246, 161381391885745156031016593464391059848 -> a [<span _ngcontent-cnl-c45="" aria-hidden="true" class="glyphicon glyphicon-search", 276139206715468410231977343122131958458, http://localhost:8080/petclinic/vets
276139206715468410231977343122131958458, 156541344850502344101188167639879920108 -> button ['Add Vet']{}, 260706244791257485496027837704690829215, http://localhost:8080/petclinic/vets
260706244791257485496027837704690829215, 165851521964289756389290750607954842789 -> form [<div _ngcontent-cnl-c129="" class="form-group" hidden="true", 312975635857585782046141516785894877692, http://localhost:8080/petclinic/vets/add
312975635857585782046141516785894877692, 51457321027088868605689419468855901475 -> form [<div _ngcontent-cnl-c129="" class="form-group" hidden="true", 51513408882529245424246001655845665969, http://localhost:8080/petclinic/vets/add
51513408882529245424246001655845665969, 177905788490169457343340492013699065186 -> form [<div _ngcontent-cnl-c129="" class="form-group" hidden="true", 51513408882529245424246001655845665969, http://localhost:8080/petclinic/vets/add
49422149324400457114317816287120169614, None, 49422149324400457114317816287120169614, http://localhost:8080/petclinic/
49422149324400457114317816287120169614, None, 49422149324400457114317816287120169614, http://localhost:8080/petclinic/
49422149324400457114317816287120169614, 222772012789617635266784178931808169116 -> a [<span _ngcontent-hdl-c45="" aria-hidden="true" class="glyphicon glyphicon-th-list", 330681682905479875567716436690078247228, http://localhost:8080/petclinic/pettypes
330681682905479875567716436690078247228, 175539530991800879594449004961932208641 -> button ['Delete']{}, 330681682905479875567716436690078247228, http://localhost:8080/petclinic/pettypes
49422149324400457114317816287120169614, None, 49422149324400457114317816287120169614, http://localhost:8080/petclinic/
49422149324400457114317816287120169614, 274756094765564377598524246158035169897 -> a ['Veterinarians', <span _ngcontent-wgh-c45="" class="caret", 74849793808848032408097070206027864246, http://localhost:8080/petclinic/
74849793808848032408097070206027864246, 161809174804830447893255792672662059928 -> a [<span _ngcontent-wgh-c45="" aria-hidden="true" class="glyphicon glyphicon-search", 276139206715468410231977343122131958458, http://localhost:8080/petclinic/vets
276139206715468410231977343122131958458, 156541344850502344101188167639879920108 -> button ['Add Vet']{}, 260706244791257485496027837704690829215, http://localhost:8080/petclinic/vets
260706244791257485496027837704690829215, 63809929487097405068625958148517769077 -> form [<div _ngcontent-wgh-c129="" class="form-group" hidden="true", 51513408882529245424246001655845665969, http://localhost:8080/petclinic/vets/add
51513408882529245424246001655845665969, 147441734977182604536564209509054567727 -> form [<div _ngcontent-wgh-c129="" class="form-group" hidden="true", 51513408882529245424246001655845665969, http://localhost:8080/petclinic/vets/add
51513408882529245424246001655845665969, 147441734977182604536564209509054567727 -> form [<div _ngcontent-wgh-c129="" class="form-group" hidden="true", 100398970501149429102914584117114075352, http://localhost:8080/petclinic/vets/add
100398970501149429102914584117114075352, 211350227401807171240119373870334289078 -> form [<div _ngcontent-wgh-c129="" class="form-group" hidden="true", 215631932914365904557286065589247133394, http://localhost:8080/petclinic/vets/add
215631932914365904557286065589247133394, 239421407487991059150271499807552875818 -> form [<div _ngcontent-wgh-c129="" class="form-group" hidden="true", 215631932914365904557286065589247133394, http://localhost:8080/petclinic/vets/add
49422149324400457114317816287120169614, None, 49422149324400457114317816287120169614, http://localhost:8080/petclinic/
49422149324400457114317816287120169614, 177182932125873854178541610809533722714 -> a [<span _ngcontent-iug-c45="" aria-hidden="true" class="glyphicon glyphicon-th-list", 217859354597832274890068174486427952950, http://localhost:8080/petclinic/pettypes
49422149324400457114317816287120169614, None, 49422149324400457114317816287120169614, http://localhost:8080/petclinic/
49422149324400457114317816287120169614, 244512710649436524888953612327591365847 -> a [<span _ngcontent-jjh-c45="" aria-hidden="true" class="glyphicon glyphicon-th-list", 301216737307946459729959668022940867642, http://localhost:8080/petclinic/specialties
301216737307946459729959668022940867642, 303675221858762215192012905307045847481 -> button [' Add ']{}, 87577635879213023865733951743684099870, http://localhost:8080/petclinic/specialties
87577635879213023865733951743684099870, 93821749177810712688929452976266050079 -> form [<div _ngcontent-jjh-c131="" class="form-group" hidden="true", 111609471587240584181919501605606696838, http://localhost:8080/petclinic/specialties
111609471587240584181919501605606696838, 221037718058806308037229714983731655075 -> form [<div _ngcontent-jjh-c131="" class="form-group" hidden="true", 111609471587240584181919501605606696838, http://localhost:8080/petclinic/specialties
111609471587240584181919501605606696838, 221037718058806308037229714983731655075 -> form [<div _ngcontent-jjh-c131="" class="form-group" hidden="true", 111609471587240584181919501605606696838, http://localhost:8080/petclinic/specialties
111609471587240584181919501605606696838, 221037718058806308037229714983731655075 -> form [<div _ngcontent-jjh-c131="" class="form-group" hidden="true", 250793571367828282167256998550422190327, http://localhost:8080/petclinic/specialties
250793571367828282167256998550422190327, 234138688100902154766060611258910717966 -> form [<div _ngcontent-jjh-c131="" class="form-group" hidden="true", 250793571367828282167256998550422190327, http://localhost:8080/petclinic/specialties
250793571367828282167256998550422190327, 234138688100902154766060611258910717966 -> form [<div _ngcontent-jjh-c131="" class="form-group" hidden="true", 250793571367828282167256998550422190327, http://localhost:8080/petclinic/specialties
49422149324400457114317816287120169614, None, 49422149324400457114317816287120169614, http://localhost:8080/petclinic/
49422149324400457114317816287120169614, None, 49422149324400457114317816287120169614, http://localhost:8080/petclinic/
49422149324400457114317816287120169614, 102198954277757276989014140921677738428 -> a [<span _ngcontent-atd-c45="" aria-hidden="true" class="glyphicon glyphicon-th-list", 301216737307946459729959668022940867642, http://localhost:8080/petclinic/specialties
301216737307946459729959668022940867642, 303675221858762215192012905307045847481 -> button [' Add ']{}, 87577635879213023865733951743684099870, http://localhost:8080/petclinic/specialties
87577635879213023865733951743684099870, 3664541588092705124795067275228190357 -> form [<div _ngcontent-atd-c131="" class="form-group" hidden="true", 111609471587240584181919501605606696838, http://localhost:8080/petclinic/specialties
111609471587240584181919501605606696838, 7608518767607346949411470936544459010 -> form [<div _ngcontent-atd-c131="" class="form-group" hidden="true", 111609471587240584181919501605606696838, http://localhost:8080/petclinic/specialties
111609471587240584181919501605606696838, 7608518767607346949411470936544459010 -> form [<div _ngcontent-atd-c131="" class="form-group" hidden="true", 250793571367828282167256998550422190327, http://localhost:8080/petclinic/specialties
250793571367828282167256998550422190327, 18939602893683248879211858431479405858 -> form [<div _ngcontent-atd-c131="" class="form-group" hidden="true", 250793571367828282167256998550422190327, http://localhost:8080/petclinic/specialties
250793571367828282167256998550422190327, 18939602893683248879211858431479405858 -> form [<div _ngcontent-atd-c131="" class="form-group" hidden="true", 250793571367828282167256998550422190327, http://localhost:8080/petclinic/specialties
250793571367828282167256998550422190327, 18939602893683248879211858431479405858 -> form [<div _ngcontent-atd-c131="" class="form-group" hidden="true", 250793571367828282167256998550422190327, http://localhost:8080/petclinic/specialties
49422149324400457114317816287120169614, None, 49422149324400457114317816287120169614, http://localhost:8080/petclinic/
49422149324400457114317816287120169614, 207034322904324501737006013129502025550 -> a [<span _ngcontent-vpe-c45="" aria-hidden="true" class="glyphicon glyphicon-th-list", 301216737307946459729959668022940867642, http://localhost:8080/petclinic/specialties
301216737307946459729959668022940867642, 303675221858762215192012905307045847481 -> button [' Add ']{}, 87577635879213023865733951743684099870, http://localhost:8080/petclinic/specialties
87577635879213023865733951743684099870, 283445629955495128190623410899049025459 -> form [<div _ngcontent-vpe-c131="" class="form-group" hidden="true", 111609471587240584181919501605606696838, http://localhost:8080/petclinic/specialties
111609471587240584181919501605606696838, 290788112207715963522993245800748652719 -> form [<div _ngcontent-vpe-c131="" class="form-group" hidden="true", 111609471587240584181919501605606696838, http://localhost:8080/petclinic/specialties
111609471587240584181919501605606696838, 290788112207715963522993245800748652719 -> form [<div _ngcontent-vpe-c131="" class="form-group" hidden="true", 250793571367828282167256998550422190327, http://localhost:8080/petclinic/specialties
250793571367828282167256998550422190327, 122125018264461270809659265338636394301 -> form [<div _ngcontent-vpe-c131="" class="form-group" hidden="true", 250793571367828282167256998550422190327, http://localhost:8080/petclinic/specialties
250793571367828282167256998550422190327, 122125018264461270809659265338636394301 -> form [<div _ngcontent-vpe-c131="" class="form-group" hidden="true", 250793571367828282167256998550422190327, http://localhost:8080/petclinic/specialties
250793571367828282167256998550422190327, 122125018264461270809659265338636394301 -> form [<div _ngcontent-vpe-c131="" class="form-group" hidden="true", 250793571367828282167256998550422190327, http://localhost:8080/petclinic/specialties
49422149324400457114317816287120169614, None, 49422149324400457114317816287120169614, http://localhost:8080/petclinic/
49422149324400457114317816287120169614, 304087564680455132233886067691090929865 -> a ['Owners', <span _ngcontent-imk-c45="" class="caret", 203789904488100118908646339278060037750, http://localhost:8080/petclinic/
203789904488100118908646339278060037750, 273725523399201538369970693404086459979 -> a ['Owners', <span _ngcontent-imk-c45="" class="caret", 49422149324400457114317816287120169614, http://localhost:8080/petclinic/
49422149324400457114317816287120169614, 304087564680455132233886067691090929865 -> a ['Owners', <span _ngcontent-imk-c45="" class="caret", 203789904488100118908646339278060037750, http://localhost:8080/petclinic/
203789904488100118908646339278060037750, 69857296980164983494759664037854928040 -> a [<span _ngcontent-imk-c45="" aria-hidden="true" class="glyphicon glyphicon-search", 134467512933047695112209168027061027792, http://localhost:8080/petclinic/owners
134467512933047695112209168027061027792, 105691687079648989457111295128350049654 -> a ['Eduardo Rodriquez']{'routerlinkactive': 'active', 'ng-reflect-router-link-active': 'active', 'ng-reflect-router-link': '/owners/', 'href': '/petclinic/owners/3'}, 35215156700473660128845270364394239156, http://localhost:8080/petclinic/owners/3
35215156700473660128845270364394239156, 139589689717891870241471574486234527687 -> button ['Edit Owner']{}, 50963348291528068913700038159151654650, http://localhost:8080/petclinic/owners/3
50963348291528068913700038159151654650, 339096539357798153753442991654692196644 -> form [<div _ngcontent-imk-c53="" class="form-group" hidden="true", 120189820480915117333110143086239471090, http://localhost:8080/petclinic/owners/3/edit
120189820480915117333110143086239471090, 319922206347933313097912865638183578037 -> form [<div _ngcontent-imk-c53="" class="form-group" hidden="true", 120189820480915117333110143086239471090, http://localhost:8080/petclinic/owners/3/edit
49422149324400457114317816287120169614, None, 49422149324400457114317816287120169614, http://localhost:8080/petclinic/
49422149324400457114317816287120169614, 219535134888144169772610245310041666039 -> a [<span _ngcontent-mki-c45="" aria-hidden="true" class="glyphicon glyphicon-th-list", 301216737307946459729959668022940867642, http://localhost:8080/petclinic/specialties
301216737307946459729959668022940867642, 303675221858762215192012905307045847481 -> button [' Add ']{}, 87577635879213023865733951743684099870, http://localhost:8080/petclinic/specialties
87577635879213023865733951743684099870, 303051465891162876472380371488036587717 -> form [<div _ngcontent-mki-c131="" class="form-group" hidden="true", 111609471587240584181919501605606696838, http://localhost:8080/petclinic/specialties
111609471587240584181919501605606696838, 154593554725887533918989969073032986165 -> form [<div _ngcontent-mki-c131="" class="form-group" hidden="true", 111609471587240584181919501605606696838, http://localhost:8080/petclinic/specialties
111609471587240584181919501605606696838, 154593554725887533918989969073032986165 -> form [<div _ngcontent-mki-c131="" class="form-group" hidden="true", 111609471587240584181919501605606696838, http://localhost:8080/petclinic/specialties
111609471587240584181919501605606696838, 154593554725887533918989969073032986165 -> form [<div _ngcontent-mki-c131="" class="form-group" hidden="true", 250793571367828282167256998550422190327, http://localhost:8080/petclinic/specialties
250793571367828282167256998550422190327, 124168184535286347066748771362163859464 -> form [<div _ngcontent-mki-c131="" class="form-group" hidden="true", 250793571367828282167256998550422190327, http://localhost:8080/petclinic/specialties
250793571367828282167256998550422190327, 124168184535286347066748771362163859464 -> form [<div _ngcontent-mki-c131="" class="form-group" hidden="true", 250793571367828282167256998550422190327, http://localhost:8080/petclinic/specialties
49422149324400457114317816287120169614, None, 49422149324400457114317816287120169614, http://localhost:8080/petclinic/
49422149324400457114317816287120169614, None, 49422149324400457114317816287120169614, http://localhost:8080/petclinic/
49422149324400457114317816287120169614, 234349679397075436796455913232142620719 -> a [<span _ngcontent-ogf-c45="" aria-hidden="true" class="glyphicon glyphicon-th-list", 301216737307946459729959668022940867642, http://localhost:8080/petclinic/specialties
301216737307946459729959668022940867642, 303675221858762215192012905307045847481 -> button [' Add ']{}, 87577635879213023865733951743684099870, http://localhost:8080/petclinic/specialties
87577635879213023865733951743684099870, 106889005434184265965720340188418512762 -> form [<div _ngcontent-ogf-c131="" class="form-group" hidden="true", 111609471587240584181919501605606696838, http://localhost:8080/petclinic/specialties
111609471587240584181919501605606696838, 243456678895641945479898122800796992456 -> form [<div _ngcontent-ogf-c131="" class="form-group" hidden="true", 111609471587240584181919501605606696838, http://localhost:8080/petclinic/specialties
111609471587240584181919501605606696838, 243456678895641945479898122800796992456 -> form [<div _ngcontent-ogf-c131="" class="form-group" hidden="true", 111609471587240584181919501605606696838, http://localhost:8080/petclinic/specialties
111609471587240584181919501605606696838, 243456678895641945479898122800796992456 -> form [<div _ngcontent-ogf-c131="" class="form-group" hidden="true", 250793571367828282167256998550422190327, http://localhost:8080/petclinic/specialties
250793571367828282167256998550422190327, 47535374434928366250420391603253514564 -> form [<div _ngcontent-ogf-c131="" class="form-group" hidden="true", 250793571367828282167256998550422190327, http://localhost:8080/petclinic/specialties
250793571367828282167256998550422190327, 47535374434928366250420391603253514564 -> form [<div _ngcontent-ogf-c131="" class="form-group" hidden="true", 250793571367828282167256998550422190327, http://localhost:8080/petclinic/specialties
49422149324400457114317816287120169614, None, 49422149324400457114317816287120169614, http://localhost:8080/petclinic/
49422149324400457114317816287120169614, None, 49422149324400457114317816287120169614, http://localhost:8080/petclinic/
49422149324400457114317816287120169614, 72366344585095677925709821344004928632 -> a ['Owners', <span _ngcontent-fqk-c45="" class="caret", 203789904488100118908646339278060037750, http://localhost:8080/petclinic/
203789904488100118908646339278060037750, 82453314252051019413062736489906947942 -> a [<span _ngcontent-fqk-c45="" aria-hidden="true" class="glyphicon glyphicon-search", 134467512933047695112209168027061027792, http://localhost:8080/petclinic/owners
134467512933047695112209168027061027792, 105691687079648989457111295128350049654 -> a ['Eduardo Rodriquez']{'routerlinkactive': 'active', 'ng-reflect-router-link-active': 'active', 'ng-reflect-router-link': '/owners/', 'href': '/petclinic/owners/3'}, 35215156700473660128845270364394239156, http://localhost:8080/petclinic/owners/3
35215156700473660128845270364394239156, 139589689717891870241471574486234527687 -> button ['Edit Owner']{}, 50963348291528068913700038159151654650, http://localhost:8080/petclinic/owners/3
50963348291528068913700038159151654650, 93673386495513113847348262065529353361 -> form [<div _ngcontent-fqk-c53="" class="form-group" hidden="true", 258346148864490747503773894695171365774, http://localhost:8080/petclinic/owners/3/edit
258346148864490747503773894695171365774, 327472646987799729121554055841663023180 -> form [<div _ngcontent-fqk-c53="" class="form-group" hidden="true", 120189820480915117333110143086239471090, http://localhost:8080/petclinic/owners/3/edit
120189820480915117333110143086239471090, 314220145187340252141493762688526530951 -> form [<div _ngcontent-fqk-c53="" class="form-group" hidden="true", 120189820480915117333110143086239471090, http://localhost:8080/petclinic/owners/3/edit
120189820480915117333110143086239471090, 314220145187340252141493762688526530951 -> form [<div _ngcontent-fqk-c53="" class="form-group" hidden="true", 65975192293698435685821362236479689692, http://localhost:8080/petclinic/owners/3/edit
49422149324400457114317816287120169614, None, 49422149324400457114317816287120169614, http://localhost:8080/petclinic/
49422149324400457114317816287120169614, None, 49422149324400457114317816287120169614, http://localhost:8080/petclinic/
49422149324400457114317816287120169614, 25154723232400611492398635104306889604 -> a ['Owners', <span _ngcontent-olm-c45="" class="caret", 203789904488100118908646339278060037750, http://localhost:8080/petclinic/
203789904488100118908646339278060037750, 20402057694644409475222025794011764691 -> a [<span _ngcontent-olm-c45="" aria-hidden="true" class="glyphicon glyphicon-plus", 282167456026102075406891693572033620368, http://localhost:8080/petclinic/owners/add
282167456026102075406891693572033620368, 121217641283604355853516383570550398651 -> button ['Back']{'type': 'button'}, 249104765235412513694402154245715667267, http://localhost:8080/petclinic/owners/add
249104765235412513694402154245715667267, 275762516130502567328127134307307383678 -> form [<div _ngcontent-olm-c48="" class="form-group", 207968137714034133902275156633433806282, http://localhost:8080/petclinic/owners
207968137714034133902275156633433806282, 237860379248319928999609404238902987091 -> form [<div _ngcontent-olm-c48="" class="form-group", 207968137714034133902275156633433806282, http://localhost:8080/petclinic/owners
207968137714034133902275156633433806282, 237860379248319928999609404238902987091 -> form [<div _ngcontent-olm-c48="" class="form-group", 207968137714034133902275156633433806282, http://localhost:8080/petclinic/owners
207968137714034133902275156633433806282, 237860379248319928999609404238902987091 -> form [<div _ngcontent-olm-c48="" class="form-group", 194721402856084134495698511779526530584, http://localhost:8080/petclinic/owners
194721402856084134495698511779526530584, 283071337760959524658159431099031197724 -> form [<div _ngcontent-olm-c48="" class="form-group", 86121729586257037394695959709707113839, http://localhost:8080/petclinic/owners
49422149324400457114317816287120169614, None, 49422149324400457114317816287120169614, http://localhost:8080/petclinic/
49422149324400457114317816287120169614, 82678806600847721422859081379612359793 -> a [<span _ngcontent-ucl-c45="" aria-hidden="true" class="glyphicon glyphicon-th-list", 301216737307946459729959668022940867642, http://localhost:8080/petclinic/specialties
301216737307946459729959668022940867642, 303675221858762215192012905307045847481 -> button [' Add ']{}, 87577635879213023865733951743684099870, http://localhost:8080/petclinic/specialties
87577635879213023865733951743684099870, 5204824447381561081070979096678560105 -> form [<div _ngcontent-ucl-c131="" class="form-group" hidden="true", 111609471587240584181919501605606696838, http://localhost:8080/petclinic/specialties
111609471587240584181919501605606696838, 178601830600217998233532408706780869635 -> form [<div _ngcontent-ucl-c131="" class="form-group" hidden="true", 111609471587240584181919501605606696838, http://localhost:8080/petclinic/specialties
111609471587240584181919501605606696838, 178601830600217998233532408706780869635 -> form [<div _ngcontent-ucl-c131="" class="form-group" hidden="true", 111609471587240584181919501605606696838, http://localhost:8080/petclinic/specialties
111609471587240584181919501605606696838, 178601830600217998233532408706780869635 -> form [<div _ngcontent-ucl-c131="" class="form-group" hidden="true", 250793571367828282167256998550422190327, http://localhost:8080/petclinic/specialties
250793571367828282167256998550422190327, 56821020541233592682093772656638358844 -> form [<div _ngcontent-ucl-c131="" class="form-group" hidden="true", 250793571367828282167256998550422190327, http://localhost:8080/petclinic/specialties
250793571367828282167256998550422190327, 56821020541233592682093772656638358844 -> form [<div _ngcontent-ucl-c131="" class="form-group" hidden="true", 250793571367828282167256998550422190327, http://localhost:8080/petclinic/specialties
49422149324400457114317816287120169614, None, 49422149324400457114317816287120169614, http://localhost:8080/petclinic/
49422149324400457114317816287120169614, 204134100791858117587457515358575495624 -> a ['Owners', <span _ngcontent-ult-c45="" class="caret", 203789904488100118908646339278060037750, http://localhost:8080/petclinic/
203789904488100118908646339278060037750, 204777742797555010469920681911682232222 -> a [<span _ngcontent-ult-c45="" aria-hidden="true" class="glyphicon glyphicon-search", 134467512933047695112209168027061027792, http://localhost:8080/petclinic/owners
134467512933047695112209168027061027792, 105691687079648989457111295128350049654 -> a ['Eduardo Rodriquez']{'routerlinkactive': 'active', 'ng-reflect-router-link-active': 'active', 'ng-reflect-router-link': '/owners/', 'href': '/petclinic/owners/3'}, 35215156700473660128845270364394239156, http://localhost:8080/petclinic/owners/3
35215156700473660128845270364394239156, 139589689717891870241471574486234527687 -> button ['Edit Owner']{}, 50963348291528068913700038159151654650, http://localhost:8080/petclinic/owners/3
50963348291528068913700038159151654650, 287508989452219873504717557922529622744 -> form [<div _ngcontent-ult-c53="" class="form-group" hidden="true", 92059773677035388185757276575291952724, http://localhost:8080/petclinic/owners/3/edit
92059773677035388185757276575291952724, 319829901605827411750776391420438539541 -> form [<div _ngcontent-ult-c53="" class="form-group" hidden="true", 120189820480915117333110143086239471090, http://localhost:8080/petclinic/owners/3/edit
120189820480915117333110143086239471090, 336050437431013039144464692042892380304 -> form [<div _ngcontent-ult-c53="" class="form-group" hidden="true", 120189820480915117333110143086239471090, http://localhost:8080/petclinic/owners/3/edit
120189820480915117333110143086239471090, 336050437431013039144464692042892380304 -> form [<div _ngcontent-ult-c53="" class="form-group" hidden="true", 230542672865468527541284423472640494238, http://localhost:8080/petclinic/owners/3/edit
49422149324400457114317816287120169614, None, 49422149324400457114317816287120169614, http://localhost:8080/petclinic/
49422149324400457114317816287120169614, 32502463350221150525923612524323043731 -> a [<span _ngcontent-wwg-c45="" aria-hidden="true" class="glyphicon glyphicon-th-list", 217859354597832274890068174486427952950, http://localhost:8080/petclinic/pettypes
217859354597832274890068174486427952950, 303675221858762215192012905307045847481 -> button [' Add ']{}, 43727470335739397048269962189983175243, http://localhost:8080/petclinic/pettypes
43727470335739397048269962189983175243, 213772798898864378036401147412543184962 -> form [<div _ngcontent-wwg-c122="" class="form-group" hidden="true", 193998094911500511384894515637767750447, http://localhost:8080/petclinic/pettypes
193998094911500511384894515637767750447, 316161155548251850111678966840876159922 -> form [<div _ngcontent-wwg-c122="" class="form-group" hidden="true", 193998094911500511384894515637767750447, http://localhost:8080/petclinic/pettypes
193998094911500511384894515637767750447, 316161155548251850111678966840876159922 -> form [<div _ngcontent-wwg-c122="" class="form-group" hidden="true", 193998094911500511384894515637767750447, http://localhost:8080/petclinic/pettypes
193998094911500511384894515637767750447, 316161155548251850111678966840876159922 -> form [<div _ngcontent-wwg-c122="" class="form-group" hidden="true", 263799154869873152139960415105395904591, http://localhost:8080/petclinic/pettypes
263799154869873152139960415105395904591, 86518089506163501634629576291779735036 -> button ['Save']{'type': 'submit'}, 75087968329267165440655505495828583101, http://localhost:8080/petclinic/pettypes
49422149324400457114317816287120169614, None, 49422149324400457114317816287120169614, http://localhost:8080/petclinic/
49422149324400457114317816287120169614, 157041806557778615500042148185546489426 -> a [<span _ngcontent-jui-c45="" aria-hidden="true" class="glyphicon glyphicon-th-list", 301216737307946459729959668022940867642, http://localhost:8080/petclinic/specialties
301216737307946459729959668022940867642, 303675221858762215192012905307045847481 -> button [' Add ']{}, 87577635879213023865733951743684099870, http://localhost:8080/petclinic/specialties
87577635879213023865733951743684099870, 99166574242123897013508144007062792843 -> form [<div _ngcontent-jui-c131="" class="form-group" hidden="true", 111609471587240584181919501605606696838, http://localhost:8080/petclinic/specialties
111609471587240584181919501605606696838, 294839081423661861041762122460065838345 -> form [<div _ngcontent-jui-c131="" class="form-group" hidden="true", 111609471587240584181919501605606696838, http://localhost:8080/petclinic/specialties
111609471587240584181919501605606696838, 294839081423661861041762122460065838345 -> form [<div _ngcontent-jui-c131="" class="form-group" hidden="true", 111609471587240584181919501605606696838, http://localhost:8080/petclinic/specialties
111609471587240584181919501605606696838, 294839081423661861041762122460065838345 -> form [<div _ngcontent-jui-c131="" class="form-group" hidden="true", 250793571367828282167256998550422190327, http://localhost:8080/petclinic/specialties
250793571367828282167256998550422190327, 75715760692395038459787346749862307244 -> form [<div _ngcontent-jui-c131="" class="form-group" hidden="true", 250793571367828282167256998550422190327, http://localhost:8080/petclinic/specialties
250793571367828282167256998550422190327, 75715760692395038459787346749862307244 -> form [<div _ngcontent-jui-c131="" class="form-group" hidden="true", 250793571367828282167256998550422190327, http://localhost:8080/petclinic/specialties
49422149324400457114317816287120169614, None, 49422149324400457114317816287120169614, http://localhost:8080/petclinic/
49422149324400457114317816287120169614, 296137817634190542444351041662591272177 -> a [<span _ngcontent-big-c45="" aria-hidden="true" class="glyphicon glyphicon-th-list", 217859354597832274890068174486427952950, http://localhost:8080/petclinic/pettypes
217859354597832274890068174486427952950, 303675221858762215192012905307045847481 -> button [' Add ']{}, 43727470335739397048269962189983175243, http://localhost:8080/petclinic/pettypes
43727470335739397048269962189983175243, 69078992976599233454658673044123294417 -> form [<div _ngcontent-big-c122="" class="form-group" hidden="true", 193998094911500511384894515637767750447, http://localhost:8080/petclinic/pettypes
193998094911500511384894515637767750447, 160466596126812155651981899938202747124 -> form [<div _ngcontent-big-c122="" class="form-group" hidden="true", 193998094911500511384894515637767750447, http://localhost:8080/petclinic/pettypes
193998094911500511384894515637767750447, 160466596126812155651981899938202747124 -> form [<div _ngcontent-big-c122="" class="form-group" hidden="true", 193998094911500511384894515637767750447, http://localhost:8080/petclinic/pettypes
193998094911500511384894515637767750447, 160466596126812155651981899938202747124 -> form [<div _ngcontent-big-c122="" class="form-group" hidden="true", 118066682260040785137044710313414947996, http://localhost:8080/petclinic/pettypes
118066682260040785137044710313414947996, 11986589959897033628199784290433476349 -> input []{'id': 'name', 'name': 'name', 'type': 'text', 'ng-reflect-name': 'name', 'ng-reflect-model': 'Camera player room. E'}, 288498667734955481603966805606151192859, http://localhost:8080/petclinic/pettypes
288498667734955481603966805606151192859, 31789282043242228782753595272084589082 -> button ['Cancel']{}, 188175386709770351433912227129866342345, http://localhost:8080/petclinic/pettypes
49422149324400457114317816287120169614, None, 49422149324400457114317816287120169614, http://localhost:8080/petclinic/
49422149324400457114317816287120169614, None, 49422149324400457114317816287120169614, http://localhost:8080/petclinic/
49422149324400457114317816287120169614, 46602674505921159684171151989572730000 -> a [<span _ngcontent-cos-c45="" aria-hidden="true" class="glyphicon glyphicon-th-list", 301216737307946459729959668022940867642, http://localhost:8080/petclinic/specialties
301216737307946459729959668022940867642, 303675221858762215192012905307045847481 -> button [' Add ']{}, 87577635879213023865733951743684099870, http://localhost:8080/petclinic/specialties
87577635879213023865733951743684099870, 159945628625548547495408031295175997783 -> form [<div _ngcontent-cos-c131="" class="form-group" hidden="true", 111609471587240584181919501605606696838, http://localhost:8080/petclinic/specialties
111609471587240584181919501605606696838, 95456205310784565981376781735052444677 -> form [<div _ngcontent-cos-c131="" class="form-group" hidden="true", 111609471587240584181919501605606696838, http://localhost:8080/petclinic/specialties
111609471587240584181919501605606696838, 95456205310784565981376781735052444677 -> form [<div _ngcontent-cos-c131="" class="form-group" hidden="true", 250793571367828282167256998550422190327, http://localhost:8080/petclinic/specialties
250793571367828282167256998550422190327, 12370312708941479418270647771394504485 -> form [<div _ngcontent-cos-c131="" class="form-group" hidden="true", 250793571367828282167256998550422190327, http://localhost:8080/petclinic/specialties
250793571367828282167256998550422190327, 12370312708941479418270647771394504485 -> form [<div _ngcontent-cos-c131="" class="form-group" hidden="true", 250793571367828282167256998550422190327, http://localhost:8080/petclinic/specialties
250793571367828282167256998550422190327, 12370312708941479418270647771394504485 -> form [<div _ngcontent-cos-c131="" class="form-group" hidden="true", 250793571367828282167256998550422190327, http://localhost:8080/petclinic/specialties
49422149324400457114317816287120169614, None, 49422149324400457114317816287120169614, http://localhost:8080/petclinic/
49422149324400457114317816287120169614, 87655067005705162694845835800204222360 -> a [<span _ngcontent-xiq-c45="" aria-hidden="true" class="glyphicon glyphicon-th-list", 188175386709770351433912227129866342345, http://localhost:8080/petclinic/pettypes
188175386709770351433912227129866342345, 72602955079352731327874698425826022808 -> button ['Edit']{}, 288498667734955481603966805606151192859, http://localhost:8080/petclinic/pettypes
288498667734955481603966805606151192859, 31789282043242228782753595272084589082 -> button ['Cancel']{}, 188175386709770351433912227129866342345, http://localhost:8080/petclinic/pettypes
188175386709770351433912227129866342345, 72602955079352731327874698425826022808 -> button ['Edit']{}, 188175386709770351433912227129866342345, http://localhost:8080/petclinic/pettypes
188175386709770351433912227129866342345, 303675221858762215192012905307045847481 -> button [' Add ']{}, 188175386709770351433912227129866342345, http://localhost:8080/petclinic/pettypes
188175386709770351433912227129866342345, 144126588141005509303270794126190637266 -> input []{'type': 'text', 'name': 'pettype_name', 'ng-reflect-name': 'pettype_name', 'id': '', 'ng-reflect-model': 'Camera player room. E'}, 188175386709770351433912227129866342345, http://localhost:8080/petclinic/pettypes
188175386709770351433912227129866342345, 175539530991800879594449004961932208641 -> button ['Delete']{}, 188175386709770351433912227129866342345, http://localhost:8080/petclinic/pettypes
188175386709770351433912227129866342345, 21445078288554389917817523524446938201 -> button ['Home']{}, 188175386709770351433912227129866342345, http://localhost:8080/petclinic/pettypes
49422149324400457114317816287120169614, None, 49422149324400457114317816287120169614, http://localhost:8080/petclinic/
49422149324400457114317816287120169614, 41549836281942227141894178636258753955 -> a ['Veterinarians', <span _ngcontent-ajy-c45="" class="caret", 74849793808848032408097070206027864246, http://localhost:8080/petclinic/
74849793808848032408097070206027864246, 58016906507607124950890052291417562759 -> a [<span _ngcontent-ajy-c45="" aria-hidden="true" class="glyphicon glyphicon-plus", 226321264437896678066783544823465103778, http://localhost:8080/petclinic/vets/add
226321264437896678066783544823465103778, 92804950055732106031985903056742185057 -> form [<div _ngcontent-ajy-c129="" class="form-group" hidden="true", 51513408882529245424246001655845665969, http://localhost:8080/petclinic/vets/add
51513408882529245424246001655845665969, 153709432207828471299878660206404109167 -> form [<div _ngcontent-ajy-c129="" class="form-group" hidden="true", 51513408882529245424246001655845665969, http://localhost:8080/petclinic/vets/add
51513408882529245424246001655845665969, 153709432207828471299878660206404109167 -> form [<div _ngcontent-ajy-c129="" class="form-group" hidden="true", 147055645880767557559847785857603241510, http://localhost:8080/petclinic/vets/add
147055645880767557559847785857603241510, 160699654517903551582166189126773253168 -> form [<div _ngcontent-ajy-c129="" class="form-group" hidden="true", 238451040456130586133873871741821886665, http://localhost:8080/petclinic/vets/add
238451040456130586133873871741821886665, 191544815603824147976769640463094149027 -> form [<div _ngcontent-ajy-c129="" class="form-group" hidden="true", 238451040456130586133873871741821886665, http://localhost:8080/petclinic/vets/add
238451040456130586133873871741821886665, 191544815603824147976769640463094149027 -> form [<div _ngcontent-ajy-c129="" class="form-group" hidden="true", 238451040456130586133873871741821886665, http://localhost:8080/petclinic/vets/add
49422149324400457114317816287120169614, None, 49422149324400457114317816287120169614, http://localhost:8080/petclinic/
49422149324400457114317816287120169614, None, 49422149324400457114317816287120169614, http://localhost:8080/petclinic/
49422149324400457114317816287120169614, None, 49422149324400457114317816287120169614, http://localhost:8080/petclinic/
49422149324400457114317816287120169614, None, 49422149324400457114317816287120169614, http://localhost:8080/petclinic/
49422149324400457114317816287120169614, None, 49422149324400457114317816287120169614, http://localhost:8080/petclinic/
49422149324400457114317816287120169614, None, 49422149324400457114317816287120169614, http://localhost:8080/petclinic/
49422149324400457114317816287120169614, None, 49422149324400457114317816287120169614, http://localhost:8080/petclinic/
49422149324400457114317816287120169614, 119335555695174590445615877538239799539 -> a ['Owners', <span _ngcontent-rbj-c45="" class="caret", 203789904488100118908646339278060037750, http://localhost:8080/petclinic/
203789904488100118908646339278060037750, 319051122799589930415993408722342926323 -> a [<span _ngcontent-rbj-c45="" aria-hidden="true" class="glyphicon glyphicon-plus", 282167456026102075406891693572033620368, http://localhost:8080/petclinic/owners/add
282167456026102075406891693572033620368, 121217641283604355853516383570550398651 -> button ['Back']{'type': 'button'}, 134467512933047695112209168027061027792, http://localhost:8080/petclinic/owners
134467512933047695112209168027061027792, 105691687079648989457111295128350049654 -> a ['Eduardo Rodriquez']{'routerlinkactive': 'active', 'ng-reflect-router-link-active': 'active', 'ng-reflect-router-link': '/owners/', 'href': '/petclinic/owners/3'}, 35215156700473660128845270364394239156, http://localhost:8080/petclinic/owners/3
35215156700473660128845270364394239156, 139589689717891870241471574486234527687 -> button ['Edit Owner']{}, 50963348291528068913700038159151654650, http://localhost:8080/petclinic/owners/3
50963348291528068913700038159151654650, 208629948857133699637198551791355777264 -> form [<div _ngcontent-rbj-c53="" class="form-group" hidden="true", 7094880908709204943173185992767430874, http://localhost:8080/petclinic/owners/3/edit
7094880908709204943173185992767430874, 229410123393047546392286990435643132044 -> form [<div _ngcontent-rbj-c53="" class="form-group" hidden="true", 144784985591895105513451925703832257431, http://localhost:8080/petclinic/owners/3/edit
144784985591895105513451925703832257431, 270277083131142069731272747255917426045 -> form [<div _ngcontent-rbj-c53="" class="form-group" hidden="true", 144784985591895105513451925703832257431, http://localhost:8080/petclinic/owners/3/edit
49422149324400457114317816287120169614, None, 49422149324400457114317816287120169614, http://localhost:8080/petclinic/
49422149324400457114317816287120169614, 31654184163581103527569741749153344961 -> a ['Veterinarians', <span _ngcontent-lwv-c45="" class="caret", 74849793808848032408097070206027864246, http://localhost:8080/petclinic/
74849793808848032408097070206027864246, 268417907779036509392755280275299526397 -> a [<span _ngcontent-lwv-c45="" aria-hidden="true" class="glyphicon glyphicon-search", 276139206715468410231977343122131958458, http://localhost:8080/petclinic/vets
276139206715468410231977343122131958458, 156541344850502344101188167639879920108 -> button ['Add Vet']{}, 260706244791257485496027837704690829215, http://localhost:8080/petclinic/vets
260706244791257485496027837704690829215, 99929069725938635122549717902257609723 -> form [<div _ngcontent-lwv-c129="" class="form-group" hidden="true", 51513408882529245424246001655845665969, http://localhost:8080/petclinic/vets/add
51513408882529245424246001655845665969, 276688412279950495500879704724044007600 -> form [<div _ngcontent-lwv-c129="" class="form-group" hidden="true", 51513408882529245424246001655845665969, http://localhost:8080/petclinic/vets/add
51513408882529245424246001655845665969, 276688412279950495500879704724044007600 -> form [<div _ngcontent-lwv-c129="" class="form-group" hidden="true", 308481189127726853483902007001371455089, http://localhost:8080/petclinic/vets/add
308481189127726853483902007001371455089, 332519026804475260198513223263906583337 -> form [<div _ngcontent-lwv-c129="" class="form-group" hidden="true", 238451040456130586133873871741821886665, http://localhost:8080/petclinic/vets/add
238451040456130586133873871741821886665, 224384019785383727507486024770925339933 -> form [<div _ngcontent-lwv-c129="" class="form-group" hidden="true", 238451040456130586133873871741821886665, http://localhost:8080/petclinic/vets/add
49422149324400457114317816287120169614, None, 49422149324400457114317816287120169614, http://localhost:8080/petclinic/
49422149324400457114317816287120169614, 48945123982338189743186039610038597428 -> a [<span _ngcontent-bwb-c45="" aria-hidden="true" class="glyphicon glyphicon-th-list", 188175386709770351433912227129866342345, http://localhost:8080/petclinic/pettypes
188175386709770351433912227129866342345, 175539530991800879594449004961932208641 -> button ['Delete']{}, 188175386709770351433912227129866342345, http://localhost:8080/petclinic/pettypes
49422149324400457114317816287120169614, None, 49422149324400457114317816287120169614, http://localhost:8080/petclinic/
49422149324400457114317816287120169614, 195947877999043278136327564827549647586 -> a ['Owners', <span _ngcontent-jhj-c45="" class="caret", 203789904488100118908646339278060037750, http://localhost:8080/petclinic/
203789904488100118908646339278060037750, 241531975235808310662557186764742952608 -> a [<span _ngcontent-jhj-c45="" aria-hidden="true" class="glyphicon glyphicon-search", 134467512933047695112209168027061027792, http://localhost:8080/petclinic/owners
134467512933047695112209168027061027792, 105691687079648989457111295128350049654 -> a ['Eduardo Rodriquez']{'routerlinkactive': 'active', 'ng-reflect-router-link-active': 'active', 'ng-reflect-router-link': '/owners/', 'href': '/petclinic/owners/3'}, 35215156700473660128845270364394239156, http://localhost:8080/petclinic/owners/3
35215156700473660128845270364394239156, 139589689717891870241471574486234527687 -> button ['Edit Owner']{}, 50963348291528068913700038159151654650, http://localhost:8080/petclinic/owners/3
50963348291528068913700038159151654650, 44169826643188156015153384700063054137 -> form [<div _ngcontent-jhj-c53="" class="form-group" hidden="true", 92059773677035388185757276575291952724, http://localhost:8080/petclinic/owners/3/edit
92059773677035388185757276575291952724, 25976261698038145763531125594124083924 -> form [<div _ngcontent-jhj-c53="" class="form-group" hidden="true", 120189820480915117333110143086239471090, http://localhost:8080/petclinic/owners/3/edit
120189820480915117333110143086239471090, 92953324588073701470726917714389769683 -> form [<div _ngcontent-jhj-c53="" class="form-group" hidden="true", 120189820480915117333110143086239471090, http://localhost:8080/petclinic/owners/3/edit
120189820480915117333110143086239471090, 92953324588073701470726917714389769683 -> form [<div _ngcontent-jhj-c53="" class="form-group" hidden="true", 215260270297839131186668072377557106462, http://localhost:8080/petclinic/owners/3/edit
49422149324400457114317816287120169614, None, 49422149324400457114317816287120169614, http://localhost:8080/petclinic/
49422149324400457114317816287120169614, 101055666850727784612017871056053601532 -> a ['Owners', <span _ngcontent-ekq-c45="" class="caret", 203789904488100118908646339278060037750, http://localhost:8080/petclinic/
203789904488100118908646339278060037750, 204663986105915252764220958241228979613 -> a [<span _ngcontent-ekq-c45="" aria-hidden="true" class="glyphicon glyphicon-plus", 282167456026102075406891693572033620368, http://localhost:8080/petclinic/owners/add
282167456026102075406891693572033620368, 121217641283604355853516383570550398651 -> button ['Back']{'type': 'button'}, 249104765235412513694402154245715667267, http://localhost:8080/petclinic/owners/add
249104765235412513694402154245715667267, 186859832584241731418534511319006364421 -> a ['David Schroeder']{'routerlinkactive': 'active', 'ng-reflect-router-link-active': 'active', 'ng-reflect-router-link': '/owners/', 'href': '/petclinic/owners/9'}, 189022815898056726480708827700420951012, http://localhost:8080/petclinic/owners/9
49422149324400457114317816287120169614, None, 49422149324400457114317816287120169614, http://localhost:8080/petclinic/
49422149324400457114317816287120169614, 42778688835096888659469192709697987326 -> a [<span _ngcontent-vcy-c45="" aria-hidden="true" class="glyphicon glyphicon-th-list", 217859354597832274890068174486427952950, http://localhost:8080/petclinic/pettypes
217859354597832274890068174486427952950, 303675221858762215192012905307045847481 -> button [' Add ']{}, 43727470335739397048269962189983175243, http://localhost:8080/petclinic/pettypes
43727470335739397048269962189983175243, 100726779130455279611812782241113248517 -> form [<div _ngcontent-vcy-c122="" class="form-group" hidden="true", 193998094911500511384894515637767750447, http://localhost:8080/petclinic/pettypes
193998094911500511384894515637767750447, 114869251849359503777208571299421693725 -> form [<div _ngcontent-vcy-c122="" class="form-group" hidden="true", 193998094911500511384894515637767750447, http://localhost:8080/petclinic/pettypes
193998094911500511384894515637767750447, 114869251849359503777208571299421693725 -> form [<div _ngcontent-vcy-c122="" class="form-group" hidden="true", 193998094911500511384894515637767750447, http://localhost:8080/petclinic/pettypes
193998094911500511384894515637767750447, 114869251849359503777208571299421693725 -> form [<div _ngcontent-vcy-c122="" class="form-group" hidden="true", 31566335110800721492054958762981741236, http://localhost:8080/petclinic/pettypes
31566335110800721492054958762981741236, 229834753652091000038690491954629025008 -> input []{'id': 'name', 'name': 'name', 'type': 'text', 'ng-reflect-name': 'name', 'ng-reflect-model': 'View support company bill. Typ'}, 339872988272423600493760948864819359156, http://localhost:8080/petclinic/pettypes
339872988272423600493760948864819359156, 257450269193255328550275399106200203901 -> form [<div _ngcontent-vcy-c124="" class="form-group" hidden="true", 168971677493171831893650205778674200784, http://localhost:8080/petclinic/pettypes/12/edit
49422149324400457114317816287120169614, None, 49422149324400457114317816287120169614, http://localhost:8080/petclinic/
49422149324400457114317816287120169614, 160630492334693319389382403892505238634 -> a ['Owners', <span _ngcontent-oyt-c45="" class="caret", 203789904488100118908646339278060037750, http://localhost:8080/petclinic/
203789904488100118908646339278060037750, 165883115039190795430245213230837523148 -> a [<span _ngcontent-oyt-c45="" aria-hidden="true" class="glyphicon glyphicon-search", 134467512933047695112209168027061027792, http://localhost:8080/petclinic/owners
134467512933047695112209168027061027792, 105691687079648989457111295128350049654 -> a ['Eduardo Rodriquez']{'routerlinkactive': 'active', 'ng-reflect-router-link-active': 'active', 'ng-reflect-router-link': '/owners/', 'href': '/petclinic/owners/3'}, 35215156700473660128845270364394239156, http://localhost:8080/petclinic/owners/3
35215156700473660128845270364394239156, 139589689717891870241471574486234527687 -> button ['Edit Owner']{}, 50963348291528068913700038159151654650, http://localhost:8080/petclinic/owners/3
50963348291528068913700038159151654650, 127090510331303182820113135630009049272 -> form [<div _ngcontent-oyt-c53="" class="form-group" hidden="true", 258897859922247569737761470175477579136, http://localhost:8080/petclinic/owners/3/edit
258897859922247569737761470175477579136, 29446990867662556926606706165997674515 -> form [<div _ngcontent-oyt-c53="" class="form-group" hidden="true", 120189820480915117333110143086239471090, http://localhost:8080/petclinic/owners/3/edit
120189820480915117333110143086239471090, 36356155436158683476782258981660675236 -> form [<div _ngcontent-oyt-c53="" class="form-group" hidden="true", 120189820480915117333110143086239471090, http://localhost:8080/petclinic/owners/3/edit
120189820480915117333110143086239471090, 36356155436158683476782258981660675236 -> form [<div _ngcontent-oyt-c53="" class="form-group" hidden="true", 335729536943036788319082289471701423756, http://localhost:8080/petclinic/owners/3/edit
49422149324400457114317816287120169614, None, 49422149324400457114317816287120169614, http://localhost:8080/petclinic/
49422149324400457114317816287120169614, None, 49422149324400457114317816287120169614, http://localhost:8080/petclinic/
49422149324400457114317816287120169614, 120904240000678397394443858842761872489 -> a ['Owners', <span _ngcontent-xgs-c45="" class="caret", 203789904488100118908646339278060037750, http://localhost:8080/petclinic/
203789904488100118908646339278060037750, 136725061880139992754548365889316607729 -> a [<span _ngcontent-xgs-c45="" aria-hidden="true" class="glyphicon glyphicon-plus", 282167456026102075406891693572033620368, http://localhost:8080/petclinic/owners/add
282167456026102075406891693572033620368, 121217641283604355853516383570550398651 -> button ['Back']{'type': 'button'}, 249104765235412513694402154245715667267, http://localhost:8080/petclinic/owners/add
249104765235412513694402154245715667267, 186859832584241731418534511319006364421 -> a ['David Schroeder']{'routerlinkactive': 'active', 'ng-reflect-router-link-active': 'active', 'ng-reflect-router-link': '/owners/', 'href': '/petclinic/owners/9'}, 189022815898056726480708827700420951012, http://localhost:8080/petclinic/owners/9
189022815898056726480708827700420951012, 187151684874937294720766962182775302606 -> button ['Add New Pet']{}, 27857956701311484054509811643333283803, http://localhost:8080/petclinic/owners/9
27857956701311484054509811643333283803, 296098039941399661068775222716384537671 -> button [<span class="mat-button-wrapper", 178752470737753111503515492778755215757, http://localhost:8080/petclinic/owners/9/pets/add
178752470737753111503515492778755215757, 333686812632128272285437607178769665530 -> button [<span class="mat-button-wrapper", 3356259178733298694698418997603683262, http://localhost:8080/petclinic/owners/9/pets/add
3356259178733298694698418997603683262, 105156504962899091087065692110256795734 -> button [<span class="mat-button-wrapper", 304260678002320895507198674563629439276, http://localhost:8080/petclinic/owners/9/pets/add
49422149324400457114317816287120169614, None, 49422149324400457114317816287120169614, http://localhost:8080/petclinic/
49422149324400457114317816287120169614, 237700160936932285913311929022640982761 -> a [<span _ngcontent-vvs-c45="" aria-hidden="true" class="glyphicon glyphicon-th-list", 301216737307946459729959668022940867642, http://localhost:8080/petclinic/specialties
301216737307946459729959668022940867642, 303675221858762215192012905307045847481 -> button [' Add ']{}, 87577635879213023865733951743684099870, http://localhost:8080/petclinic/specialties
87577635879213023865733951743684099870, 293924827205944209983942589252560988263 -> form [<div _ngcontent-vvs-c131="" class="form-group" hidden="true", 111609471587240584181919501605606696838, http://localhost:8080/petclinic/specialties
111609471587240584181919501605606696838, 323851718790767268117384253946237195873 -> form [<div _ngcontent-vvs-c131="" class="form-group" hidden="true", 111609471587240584181919501605606696838, http://localhost:8080/petclinic/specialties
111609471587240584181919501605606696838, 323851718790767268117384253946237195873 -> form [<div _ngcontent-vvs-c131="" class="form-group" hidden="true", 250793571367828282167256998550422190327, http://localhost:8080/petclinic/specialties
250793571367828282167256998550422190327, 58891492271505262578141039662223363800 -> form [<div _ngcontent-vvs-c131="" class="form-group" hidden="true", 250793571367828282167256998550422190327, http://localhost:8080/petclinic/specialties
250793571367828282167256998550422190327, 58891492271505262578141039662223363800 -> form [<div _ngcontent-vvs-c131="" class="form-group" hidden="true", 250793571367828282167256998550422190327, http://localhost:8080/petclinic/specialties
250793571367828282167256998550422190327, 58891492271505262578141039662223363800 -> form [<div _ngcontent-vvs-c131="" class="form-group" hidden="true", 250793571367828282167256998550422190327, http://localhost:8080/petclinic/specialties
49422149324400457114317816287120169614, None, 49422149324400457114317816287120169614, http://localhost:8080/petclinic/
49422149324400457114317816287120169614, 184978235836914678465194051719771414890 -> a ['Veterinarians', <span _ngcontent-grb-c45="" class="caret", 74849793808848032408097070206027864246, http://localhost:8080/petclinic/
74849793808848032408097070206027864246, 121237556870375404513374177339814674805 -> a ['Veterinarians', <span _ngcontent-grb-c45="" class="caret", 49422149324400457114317816287120169614, http://localhost:8080/petclinic/
49422149324400457114317816287120169614, 184978235836914678465194051719771414890 -> a ['Veterinarians', <span _ngcontent-grb-c45="" class="caret", 74849793808848032408097070206027864246, http://localhost:8080/petclinic/
74849793808848032408097070206027864246, 283524681610922441461439902566079709857 -> a [<span _ngcontent-grb-c45="" aria-hidden="true" class="glyphicon glyphicon-plus", 226321264437896678066783544823465103778, http://localhost:8080/petclinic/vets/add
226321264437896678066783544823465103778, 249645464788687350915607599130203925823 -> form [<div _ngcontent-grb-c129="" class="form-group" hidden="true", 235557940427700672109601708783865512465, http://localhost:8080/petclinic/vets/add
235557940427700672109601708783865512465, 199666047784228062210603136810370134076 -> form [<div _ngcontent-grb-c129="" class="form-group" hidden="true", 51513408882529245424246001655845665969, http://localhost:8080/petclinic/vets/add
51513408882529245424246001655845665969, 263065461674753355308785795931159443033 -> form [<div _ngcontent-grb-c129="" class="form-group" hidden="true", 51513408882529245424246001655845665969, http://localhost:8080/petclinic/vets/add
51513408882529245424246001655845665969, 263065461674753355308785795931159443033 -> form [<div _ngcontent-grb-c129="" class="form-group" hidden="true", 51513408882529245424246001655845665969, http://localhost:8080/petclinic/vets/add
49422149324400457114317816287120169614, None, 49422149324400457114317816287120169614, http://localhost:8080/petclinic/
49422149324400457114317816287120169614, 94148572734572165818626098646884602380 -> a [<span _ngcontent-moo-c45="" aria-hidden="true" class="glyphicon glyphicon-th-list", 102411579870824961020438149172545278958, http://localhost:8080/petclinic/pettypes
102411579870824961020438149172545278958, 175539530991800879594449004961932208641 -> button ['Delete']{}, 102411579870824961020438149172545278958, http://localhost:8080/petclinic/pettypes
49422149324400457114317816287120169614, None, 49422149324400457114317816287120169614, http://localhost:8080/petclinic/
49422149324400457114317816287120169614, 75788782894123473046928379261798815634 -> a [<span _ngcontent-nvr-c45="" aria-hidden="true" class="glyphicon glyphicon-th-list", 301216737307946459729959668022940867642, http://localhost:8080/petclinic/specialties
301216737307946459729959668022940867642, 303675221858762215192012905307045847481 -> button [' Add ']{}, 87577635879213023865733951743684099870, http://localhost:8080/petclinic/specialties
87577635879213023865733951743684099870, 93893966415085275376379552153253618665 -> form [<div _ngcontent-nvr-c131="" class="form-group" hidden="true", 111609471587240584181919501605606696838, http://localhost:8080/petclinic/specialties
111609471587240584181919501605606696838, 298577302879133214840435364388735899625 -> form [<div _ngcontent-nvr-c131="" class="form-group" hidden="true", 111609471587240584181919501605606696838, http://localhost:8080/petclinic/specialties
111609471587240584181919501605606696838, 298577302879133214840435364388735899625 -> form [<div _ngcontent-nvr-c131="" class="form-group" hidden="true", 111609471587240584181919501605606696838, http://localhost:8080/petclinic/specialties
111609471587240584181919501605606696838, 298577302879133214840435364388735899625 -> form [<div _ngcontent-nvr-c131="" class="form-group" hidden="true", 250793571367828282167256998550422190327, http://localhost:8080/petclinic/specialties
250793571367828282167256998550422190327, 6438985933515917486458552099967337248 -> form [<div _ngcontent-nvr-c131="" class="form-group" hidden="true", 250793571367828282167256998550422190327, http://localhost:8080/petclinic/specialties
250793571367828282167256998550422190327, 6438985933515917486458552099967337248 -> form [<div _ngcontent-nvr-c131="" class="form-group" hidden="true", 250793571367828282167256998550422190327, http://localhost:8080/petclinic/specialties
49422149324400457114317816287120169614, None, 49422149324400457114317816287120169614, http://localhost:8080/petclinic/
49422149324400457114317816287120169614, 232662971793194282330160545469118333048 -> a ['Veterinarians', <span _ngcontent-bid-c45="" class="caret", 74849793808848032408097070206027864246, http://localhost:8080/petclinic/
74849793808848032408097070206027864246, 233290402735865842145847726758591640440 -> a [<span _ngcontent-bid-c45="" aria-hidden="true" class="glyphicon glyphicon-search", 276139206715468410231977343122131958458, http://localhost:8080/petclinic/vets
276139206715468410231977343122131958458, 156541344850502344101188167639879920108 -> button ['Add Vet']{}, 260706244791257485496027837704690829215, http://localhost:8080/petclinic/vets
260706244791257485496027837704690829215, 26892279850839786533231508125801193896 -> form [<div _ngcontent-bid-c129="" class="form-group" hidden="true", 51513408882529245424246001655845665969, http://localhost:8080/petclinic/vets/add
51513408882529245424246001655845665969, 115549282352474056739907313031497126444 -> form [<div _ngcontent-bid-c129="" class="form-group" hidden="true", 266250344448641540699154341468447047695, http://localhost:8080/petclinic/vets/add
49422149324400457114317816287120169614, None, 49422149324400457114317816287120169614, http://localhost:8080/petclinic/
49422149324400457114317816287120169614, 66273285790624154939858884106659402381 -> a ['Veterinarians', <span _ngcontent-cvw-c45="" class="caret", 74849793808848032408097070206027864246, http://localhost:8080/petclinic/
74849793808848032408097070206027864246, 335048371154211881481862091374940972911 -> a ['Veterinarians', <span _ngcontent-cvw-c45="" class="caret", 49422149324400457114317816287120169614, http://localhost:8080/petclinic/
49422149324400457114317816287120169614, 66273285790624154939858884106659402381 -> a ['Veterinarians', <span _ngcontent-cvw-c45="" class="caret", 74849793808848032408097070206027864246, http://localhost:8080/petclinic/
74849793808848032408097070206027864246, 20023968759051953760427930565684196346 -> a [<span _ngcontent-cvw-c45="" aria-hidden="true" class="glyphicon glyphicon-search", 276139206715468410231977343122131958458, http://localhost:8080/petclinic/vets
276139206715468410231977343122131958458, 156541344850502344101188167639879920108 -> button ['Add Vet']{}, 260706244791257485496027837704690829215, http://localhost:8080/petclinic/vets
260706244791257485496027837704690829215, 25707401620998131290359164547074926846 -> form [<div _ngcontent-cvw-c129="" class="form-group" hidden="true", 312975635857585782046141516785894877692, http://localhost:8080/petclinic/vets/add
312975635857585782046141516785894877692, 244824510583412405843031624850466646110 -> form [<div _ngcontent-cvw-c129="" class="form-group" hidden="true", 51513408882529245424246001655845665969, http://localhost:8080/petclinic/vets/add
51513408882529245424246001655845665969, 170560131111556380654623027942776586420 -> form [<div _ngcontent-cvw-c129="" class="form-group" hidden="true", 51513408882529245424246001655845665969, http://localhost:8080/petclinic/vets/add
49422149324400457114317816287120169614, None, 49422149324400457114317816287120169614, http://localhost:8080/petclinic/
49422149324400457114317816287120169614, 24472625975681411009543552085572306000 -> a [<span _ngcontent-dhv-c45="" aria-hidden="true" class="glyphicon glyphicon-th-list", 217859354597832274890068174486427952950, http://localhost:8080/petclinic/pettypes
217859354597832274890068174486427952950, 303675221858762215192012905307045847481 -> button [' Add ']{}, 43727470335739397048269962189983175243, http://localhost:8080/petclinic/pettypes
43727470335739397048269962189983175243, 103909757587497596336617358075592214817 -> form [<div _ngcontent-dhv-c122="" class="form-group" hidden="true", 193998094911500511384894515637767750447, http://localhost:8080/petclinic/pettypes
193998094911500511384894515637767750447, 179616409632653382123680763723727617912 -> form [<div _ngcontent-dhv-c122="" class="form-group" hidden="true", 193998094911500511384894515637767750447, http://localhost:8080/petclinic/pettypes
193998094911500511384894515637767750447, 179616409632653382123680763723727617912 -> form [<div _ngcontent-dhv-c122="" class="form-group" hidden="true", 199435949392605987384649055202881631115, http://localhost:8080/petclinic/pettypes
199435949392605987384649055202881631115, 207602552703918065068615144021271867020 -> input []{'id': 'name', 'name': 'name', 'type': 'text', 'ng-reflect-name': 'name', 'ng-reflect-model': 'Work help togeth'}, 91694116877276592028599121647768536618, http://localhost:8080/petclinic/pettypes
91694116877276592028599121647768536618, 31789282043242228782753595272084589082 -> button ['Cancel']{}, 163073813220482493307262759631934108119, http://localhost:8080/petclinic/pettypes
163073813220482493307262759631934108119, 72602955079352731327874698425826022808 -> button ['Edit']{}, 91694116877276592028599121647768536618, http://localhost:8080/petclinic/pettypes
49422149324400457114317816287120169614, None, 49422149324400457114317816287120169614, http://localhost:8080/petclinic/
49422149324400457114317816287120169614, None, 49422149324400457114317816287120169614, http://localhost:8080/petclinic/
49422149324400457114317816287120169614, 120215020213999679058874021901305877267 -> a [<span _ngcontent-axu-c45="" aria-hidden="true" class="glyphicon glyphicon-th-list", 163073813220482493307262759631934108119, http://localhost:8080/petclinic/pettypes
49422149324400457114317816287120169614, None, 49422149324400457114317816287120169614, http://localhost:8080/petclinic/
49422149324400457114317816287120169614, None, 49422149324400457114317816287120169614, http://localhost:8080/petclinic/
49422149324400457114317816287120169614, 179304602775743824329850467670261236432 -> a [<span _ngcontent-pff-c45="" aria-hidden="true" class="glyphicon glyphicon-th-list", 301216737307946459729959668022940867642, http://localhost:8080/petclinic/specialties
301216737307946459729959668022940867642, 303675221858762215192012905307045847481 -> button [' Add ']{}, 87577635879213023865733951743684099870, http://localhost:8080/petclinic/specialties
87577635879213023865733951743684099870, 22977527947259024316176188389165823183 -> form [<div _ngcontent-pff-c131="" class="form-group" hidden="true", 111609471587240584181919501605606696838, http://localhost:8080/petclinic/specialties
111609471587240584181919501605606696838, 262702861458806052834589901066322125854 -> form [<div _ngcontent-pff-c131="" class="form-group" hidden="true", 111609471587240584181919501605606696838, http://localhost:8080/petclinic/specialties
111609471587240584181919501605606696838, 262702861458806052834589901066322125854 -> form [<div _ngcontent-pff-c131="" class="form-group" hidden="true", 111609471587240584181919501605606696838, http://localhost:8080/petclinic/specialties
111609471587240584181919501605606696838, 262702861458806052834589901066322125854 -> form [<div _ngcontent-pff-c131="" class="form-group" hidden="true", 250793571367828282167256998550422190327, http://localhost:8080/petclinic/specialties
250793571367828282167256998550422190327, 180811999228444938148579346098658668110 -> form [<div _ngcontent-pff-c131="" class="form-group" hidden="true", 250793571367828282167256998550422190327, http://localhost:8080/petclinic/specialties
250793571367828282167256998550422190327, 180811999228444938148579346098658668110 -> form [<div _ngcontent-pff-c131="" class="form-group" hidden="true", 250793571367828282167256998550422190327, http://localhost:8080/petclinic/specialties
49422149324400457114317816287120169614, None, 49422149324400457114317816287120169614, http://localhost:8080/petclinic/
49422149324400457114317816287120169614, None, 49422149324400457114317816287120169614, http://localhost:8080/petclinic/
49422149324400457114317816287120169614, None, 49422149324400457114317816287120169614, http://localhost:8080/petclinic/
49422149324400457114317816287120169614, 267156451552897073845107646410088652799 -> a [<span _ngcontent-wje-c45="" aria-hidden="true" class="glyphicon glyphicon-th-list", 163073813220482493307262759631934108119, http://localhost:8080/petclinic/pettypes
163073813220482493307262759631934108119, 260017695550663342600372038545819287963 -> input []{'type': 'text', 'name': 'pettype_name', 'ng-reflect-name': 'pettype_name', 'id': '', 'ng-reflect-model': 'Work help togeth'}, 163073813220482493307262759631934108119, http://localhost:8080/petclinic/pettypes
163073813220482493307262759631934108119, 303675221858762215192012905307045847481 -> button [' Add ']{}, 203701723697434240959778522974033788303, http://localhost:8080/petclinic/pettypes
203701723697434240959778522974033788303, 339892167325495751792859146656452251587 -> form [<div _ngcontent-wje-c122="" class="form-group" hidden="true", 84610347761332137966769429610906516756, http://localhost:8080/petclinic/pettypes
84610347761332137966769429610906516756, 49701963378685668096068263255474720942 -> form [<div _ngcontent-wje-c122="" class="form-group" hidden="true", 84610347761332137966769429610906516756, http://localhost:8080/petclinic/pettypes
84610347761332137966769429610906516756, 49701963378685668096068263255474720942 -> form [<div _ngcontent-wje-c122="" class="form-group" hidden="true", 60462070155725779015509547298772653449, http://localhost:8080/petclinic/pettypes
60462070155725779015509547298772653449, 340026599790252567800315388294622101803 -> input []{'type': 'text', 'hidden': 'true', 'id': 'id', 'name': 'id', 'ng-reflect-name': 'id'}, 294343485439971764506124865981782916293, http://localhost:8080/petclinic/pettypes
294343485439971764506124865981782916293, 242513215460033964145516984104208175732 -> input []{'type': 'text', 'name': 'pettype_name', 'ng-reflect-name': 'pettype_name', 'id': '', 'ng-reflect-model': 'Happen wha'}, 294343485439971764506124865981782916293, http://localhost:8080/petclinic/pettypes
49422149324400457114317816287120169614, None, 49422149324400457114317816287120169614, http://localhost:8080/petclinic/
49422149324400457114317816287120169614, 286025099687966796461387380634414124206 -> a [<span _ngcontent-fun-c45="" aria-hidden="true" class="glyphicon glyphicon-th-list", 181367460856349773403068812595370307480, http://localhost:8080/petclinic/pettypes
49422149324400457114317816287120169614, None, 49422149324400457114317816287120169614, http://localhost:8080/petclinic/
49422149324400457114317816287120169614, 60314509428559912822125567029607624677 -> a [<span _ngcontent-wgg-c45="" aria-hidden="true" class="glyphicon glyphicon-th-list", 301216737307946459729959668022940867642, http://localhost:8080/petclinic/specialties
301216737307946459729959668022940867642, 303675221858762215192012905307045847481 -> button [' Add ']{}, 87577635879213023865733951743684099870, http://localhost:8080/petclinic/specialties
87577635879213023865733951743684099870, 89944231557304775021295576511526214622 -> form [<div _ngcontent-wgg-c131="" class="form-group" hidden="true", 111609471587240584181919501605606696838, http://localhost:8080/petclinic/specialties
111609471587240584181919501605606696838, 49680429255994293720160194142987635668 -> form [<div _ngcontent-wgg-c131="" class="form-group" hidden="true", 111609471587240584181919501605606696838, http://localhost:8080/petclinic/specialties
111609471587240584181919501605606696838, 49680429255994293720160194142987635668 -> form [<div _ngcontent-wgg-c131="" class="form-group" hidden="true", 111609471587240584181919501605606696838, http://localhost:8080/petclinic/specialties
111609471587240584181919501605606696838, 49680429255994293720160194142987635668 -> form [<div _ngcontent-wgg-c131="" class="form-group" hidden="true", 250793571367828282167256998550422190327, http://localhost:8080/petclinic/specialties
250793571367828282167256998550422190327, 234440852449578688501054663608822087092 -> form [<div _ngcontent-wgg-c131="" class="form-group" hidden="true", 250793571367828282167256998550422190327, http://localhost:8080/petclinic/specialties
250793571367828282167256998550422190327, 234440852449578688501054663608822087092 -> form [<div _ngcontent-wgg-c131="" class="form-group" hidden="true", 250793571367828282167256998550422190327, http://localhost:8080/petclinic/specialties
49422149324400457114317816287120169614, None, 49422149324400457114317816287120169614, http://localhost:8080/petclinic/
49422149324400457114317816287120169614, None, 49422149324400457114317816287120169614, http://localhost:8080/petclinic/
49422149324400457114317816287120169614, 78480028521737943418202031247693965506 -> a ['Owners', <span _ngcontent-cov-c45="" class="caret", 203789904488100118908646339278060037750, http://localhost:8080/petclinic/
203789904488100118908646339278060037750, 239707022239145158075323164262692879230 -> a ['Owners', <span _ngcontent-cov-c45="" class="caret", 49422149324400457114317816287120169614, http://localhost:8080/petclinic/
49422149324400457114317816287120169614, 78480028521737943418202031247693965506 -> a ['Owners', <span _ngcontent-cov-c45="" class="caret", 203789904488100118908646339278060037750, http://localhost:8080/petclinic/
203789904488100118908646339278060037750, 62142069418384121020205907900547468566 -> a [<span _ngcontent-cov-c45="" aria-hidden="true" class="glyphicon glyphicon-search", 192707741666091566240352799848887721267, http://localhost:8080/petclinic/owners
192707741666091566240352799848887721267, 314680827464699385989687922047915452624 -> form [<div _ngcontent-cov-c48="" class="form-group", 207968137714034133902275156633433806282, http://localhost:8080/petclinic/owners
207968137714034133902275156633433806282, 275207839169098191230515849564823314683 -> a ['Peter McTavish']{'routerlinkactive': 'active', 'ng-reflect-router-link-active': 'active', 'ng-reflect-router-link': '/owners/', 'href': '/petclinic/owners/5'}, 261023333095147269470709766205561058843, http://localhost:8080/petclinic/owners/5
261023333095147269470709766205561058843, 187151684874937294720766962182775302606 -> button ['Add New Pet']{}, 24929332150908472775833810240228078289, http://localhost:8080/petclinic/owners/5
24929332150908472775833810240228078289, 296098039941399661068775222716384537671 -> button [<span class="mat-button-wrapper", 334907169783302724971563009945326924786, http://localhost:8080/petclinic/owners/5/pets/add
49422149324400457114317816287120169614, None, 49422149324400457114317816287120169614, http://localhost:8080/petclinic/
49422149324400457114317816287120169614, 218432364589078397880264168118495374142 -> a [<span _ngcontent-sce-c45="" aria-hidden="true" class="glyphicon glyphicon-th-list", 217859354597832274890068174486427952950, http://localhost:8080/petclinic/pettypes
217859354597832274890068174486427952950, 303675221858762215192012905307045847481 -> button [' Add ']{}, 209172308764421835131411987047751871897, http://localhost:8080/petclinic/pettypes
209172308764421835131411987047751871897, 175539530991800879594449004961932208641 -> button ['Delete']{}, 209172308764421835131411987047751871897, http://localhost:8080/petclinic/pettypes
49422149324400457114317816287120169614, None, 49422149324400457114317816287120169614, http://localhost:8080/petclinic/
49422149324400457114317816287120169614, 180473384088811540838679868698679190503 -> a ['Veterinarians', <span _ngcontent-xjq-c45="" class="caret", 74849793808848032408097070206027864246, http://localhost:8080/petclinic/
74849793808848032408097070206027864246, 225023857481174395375115223869022174549 -> a [<span _ngcontent-xjq-c45="" aria-hidden="true" class="glyphicon glyphicon-search", 276139206715468410231977343122131958458, http://localhost:8080/petclinic/vets
276139206715468410231977343122131958458, 156541344850502344101188167639879920108 -> button ['Add Vet']{}, 260706244791257485496027837704690829215, http://localhost:8080/petclinic/vets
260706244791257485496027837704690829215, 230533126760847814746255416358480828000 -> form [<div _ngcontent-xjq-c129="" class="form-group" hidden="true", 312975635857585782046141516785894877692, http://localhost:8080/petclinic/vets/add
312975635857585782046141516785894877692, 225228400786138434690272852689523697096 -> form [<div _ngcontent-xjq-c129="" class="form-group" hidden="true", 51513408882529245424246001655845665969, http://localhost:8080/petclinic/vets/add
51513408882529245424246001655845665969, 150388625203402291247234306735847617004 -> form [<div _ngcontent-xjq-c129="" class="form-group" hidden="true", 51513408882529245424246001655845665969, http://localhost:8080/petclinic/vets/add
51513408882529245424246001655845665969, 150388625203402291247234306735847617004 -> form [<div _ngcontent-xjq-c129="" class="form-group" hidden="true", 51513408882529245424246001655845665969, http://localhost:8080/petclinic/vets/add
51513408882529245424246001655845665969, 150388625203402291247234306735847617004 -> form [<div _ngcontent-xjq-c129="" class="form-group" hidden="true", 2703972387774647438245293311006519869, http://localhost:8080/petclinic/vets/add
49422149324400457114317816287120169614, None, 49422149324400457114317816287120169614, http://localhost:8080/petclinic/
49422149324400457114317816287120169614, None, 49422149324400457114317816287120169614, http://localhost:8080/petclinic/
49422149324400457114317816287120169614, None, 49422149324400457114317816287120169614, http://localhost:8080/petclinic/
49422149324400457114317816287120169614, 191204773809112403913010848962853363835 -> a [<span _ngcontent-srd-c45="" aria-hidden="true" class="glyphicon glyphicon-th-list", 301216737307946459729959668022940867642, http://localhost:8080/petclinic/specialties
301216737307946459729959668022940867642, 303675221858762215192012905307045847481 -> button [' Add ']{}, 87577635879213023865733951743684099870, http://localhost:8080/petclinic/specialties
87577635879213023865733951743684099870, 14080298970855845746383230822802768486 -> form [<div _ngcontent-srd-c131="" class="form-group" hidden="true", 111609471587240584181919501605606696838, http://localhost:8080/petclinic/specialties
111609471587240584181919501605606696838, 331065234622675905545721229611751919127 -> form [<div _ngcontent-srd-c131="" class="form-group" hidden="true", 111609471587240584181919501605606696838, http://localhost:8080/petclinic/specialties
111609471587240584181919501605606696838, 331065234622675905545721229611751919127 -> form [<div _ngcontent-srd-c131="" class="form-group" hidden="true", 111609471587240584181919501605606696838, http://localhost:8080/petclinic/specialties
111609471587240584181919501605606696838, 331065234622675905545721229611751919127 -> form [<div _ngcontent-srd-c131="" class="form-group" hidden="true", 250793571367828282167256998550422190327, http://localhost:8080/petclinic/specialties
250793571367828282167256998550422190327, 80571595141604130854434648475737932003 -> form [<div _ngcontent-srd-c131="" class="form-group" hidden="true", 250793571367828282167256998550422190327, http://localhost:8080/petclinic/specialties
250793571367828282167256998550422190327, 80571595141604130854434648475737932003 -> form [<div _ngcontent-srd-c131="" class="form-group" hidden="true", 250793571367828282167256998550422190327, http://localhost:8080/petclinic/specialties
49422149324400457114317816287120169614, None, 49422149324400457114317816287120169614, http://localhost:8080/petclinic/
49422149324400457114317816287120169614, None, 49422149324400457114317816287120169614, http://localhost:8080/petclinic/
49422149324400457114317816287120169614, 43212238850103441825764679501970137041 -> a ['Veterinarians', <span _ngcontent-ndn-c45="" class="caret", 74849793808848032408097070206027864246, http://localhost:8080/petclinic/
74849793808848032408097070206027864246, 154911994896540825912548536908684941049 -> a [<span _ngcontent-ndn-c45="" aria-hidden="true" class="glyphicon glyphicon-search", 144153298792320080544175648413873241214, http://localhost:8080/petclinic/vets
144153298792320080544175648413873241214, 175965388172778083095137939607633328630 -> button ['Delete Vet']{}, 144153298792320080544175648413873241214, http://localhost:8080/petclinic/vets
49422149324400457114317816287120169614, None, 49422149324400457114317816287120169614, http://localhost:8080/petclinic/
49422149324400457114317816287120169614, 295299506376188941041721139901539349579 -> a [<span _ngcontent-cky-c45="" aria-hidden="true" class="glyphicon glyphicon-th-list", 217859354597832274890068174486427952950, http://localhost:8080/petclinic/pettypes
217859354597832274890068174486427952950, 303675221858762215192012905307045847481 -> button [' Add ']{}, 192507315538036792453969283104076095921, http://localhost:8080/petclinic/pettypes
192507315538036792453969283104076095921, 260017695550663342600372038545819287963 -> input []{'type': 'text', 'name': 'pettype_name', 'ng-reflect-name': 'pettype_name', 'id': '', 'ng-reflect-model': 'Work help togeth'}, 192507315538036792453969283104076095921, http://localhost:8080/petclinic/pettypes
49422149324400457114317816287120169614, None, 49422149324400457114317816287120169614, http://localhost:8080/petclinic/
49422149324400457114317816287120169614, None, 49422149324400457114317816287120169614, http://localhost:8080/petclinic/
49422149324400457114317816287120169614, 82829215544341343995035199212614264287 -> a [<span _ngcontent-pmk-c45="" aria-hidden="true" class="glyphicon glyphicon-th-list", 163073813220482493307262759631934108119, http://localhost:8080/petclinic/pettypes
163073813220482493307262759631934108119, 303675221858762215192012905307045847481 -> button [' Add ']{}, 192507315538036792453969283104076095921, http://localhost:8080/petclinic/pettypes
192507315538036792453969283104076095921, 52681357840942529885978569052267582951 -> form [<div _ngcontent-pmk-c122="" class="form-group" hidden="true", 319124555619507769225470138554414473469, http://localhost:8080/petclinic/pettypes
319124555619507769225470138554414473469, 79847406293351171738049695626137946631 -> form [<div _ngcontent-pmk-c122="" class="form-group" hidden="true", 319124555619507769225470138554414473469, http://localhost:8080/petclinic/pettypes
319124555619507769225470138554414473469, 79847406293351171738049695626137946631 -> form [<div _ngcontent-pmk-c122="" class="form-group" hidden="true", 176420733884605860716993458591197063346, http://localhost:8080/petclinic/pettypes
176420733884605860716993458591197063346, 86518089506163501634629576291779735036 -> button ['Save']{'type': 'submit'}, 56735943556976275531701406529371156685, http://localhost:8080/petclinic/pettypes
56735943556976275531701406529371156685, 110098134517053479854698628544762027758 -> input []{'type': 'text', 'name': 'pettype_name', 'ng-reflect-name': 'pettype_name', 'id': '', 'ng-reflect-model': 'Practice ther'}, 163073813220482493307262759631934108119, http://localhost:8080/petclinic/pettypes
163073813220482493307262759631934108119, 303675221858762215192012905307045847481 -> button [' Add ']{}, 192507315538036792453969283104076095921, http://localhost:8080/petclinic/pettypes
49422149324400457114317816287120169614, None, 49422149324400457114317816287120169614, http://localhost:8080/petclinic/
49422149324400457114317816287120169614, None, 49422149324400457114317816287120169614, http://localhost:8080/petclinic/
49422149324400457114317816287120169614, None, 49422149324400457114317816287120169614, http://localhost:8080/petclinic/
49422149324400457114317816287120169614, 47503556084818032860161870138734224290 -> a [<span _ngcontent-dlw-c45="" aria-hidden="true" class="glyphicon glyphicon-th-list", 217859354597832274890068174486427952950, http://localhost:8080/petclinic/pettypes
217859354597832274890068174486427952950, 303675221858762215192012905307045847481 -> button [' Add ']{}, 91694116877276592028599121647768536618, http://localhost:8080/petclinic/pettypes
91694116877276592028599121647768536618, 31789282043242228782753595272084589082 -> button ['Cancel']{}, 163073813220482493307262759631934108119, http://localhost:8080/petclinic/pettypes
163073813220482493307262759631934108119, 175539530991800879594449004961932208641 -> button ['Delete']{}, 163073813220482493307262759631934108119, http://localhost:8080/petclinic/pettypes
163073813220482493307262759631934108119, 260017695550663342600372038545819287963 -> input []{'type': 'text', 'name': 'pettype_name', 'ng-reflect-name': 'pettype_name', 'id': '', 'ng-reflect-model': 'Work help togeth'}, 217859354597832274890068174486427952950, http://localhost:8080/petclinic/pettypes
217859354597832274890068174486427952950, 303675221858762215192012905307045847481 -> button [' Add ']{}, 217859354597832274890068174486427952950, http://localhost:8080/petclinic/pettypes
217859354597832274890068174486427952950, 303675221858762215192012905307045847481 -> button [' Add ']{}, 217859354597832274890068174486427952950, http://localhost:8080/petclinic/pettypes
217859354597832274890068174486427952950, 303675221858762215192012905307045847481 -> button [' Add ']{}, 217859354597832274890068174486427952950, http://localhost:8080/petclinic/pettypes
49422149324400457114317816287120169614, None, 49422149324400457114317816287120169614, http://localhost:8080/petclinic/
49422149324400457114317816287120169614, 7255404403970103297179503176561664494 -> a [<span _ngcontent-mjk-c45="" aria-hidden="true" class="glyphicon glyphicon-th-list", 301216737307946459729959668022940867642, http://localhost:8080/petclinic/specialties
301216737307946459729959668022940867642, 303675221858762215192012905307045847481 -> button [' Add ']{}, 87577635879213023865733951743684099870, http://localhost:8080/petclinic/specialties
87577635879213023865733951743684099870, 234327685257317673737510797367112927254 -> form [<div _ngcontent-mjk-c131="" class="form-group" hidden="true", 111609471587240584181919501605606696838, http://localhost:8080/petclinic/specialties
111609471587240584181919501605606696838, 133476936544708364910262120928011175116 -> form [<div _ngcontent-mjk-c131="" class="form-group" hidden="true", 111609471587240584181919501605606696838, http://localhost:8080/petclinic/specialties
111609471587240584181919501605606696838, 133476936544708364910262120928011175116 -> form [<div _ngcontent-mjk-c131="" class="form-group" hidden="true", 250793571367828282167256998550422190327, http://localhost:8080/petclinic/specialties
250793571367828282167256998550422190327, 172980166809327168686510963319602691735 -> form [<div _ngcontent-mjk-c131="" class="form-group" hidden="true", 250793571367828282167256998550422190327, http://localhost:8080/petclinic/specialties
250793571367828282167256998550422190327, 172980166809327168686510963319602691735 -> form [<div _ngcontent-mjk-c131="" class="form-group" hidden="true", 250793571367828282167256998550422190327, http://localhost:8080/petclinic/specialties
250793571367828282167256998550422190327, 172980166809327168686510963319602691735 -> form [<div _ngcontent-mjk-c131="" class="form-group" hidden="true", 250793571367828282167256998550422190327, http://localhost:8080/petclinic/specialties
49422149324400457114317816287120169614, None, 49422149324400457114317816287120169614, http://localhost:8080/petclinic/
49422149324400457114317816287120169614, None, 49422149324400457114317816287120169614, http://localhost:8080/petclinic/
49422149324400457114317816287120169614, 191829819621598547061937733745614569891 -> a ['Veterinarians', <span _ngcontent-ebj-c45="" class="caret", 74849793808848032408097070206027864246, http://localhost:8080/petclinic/
74849793808848032408097070206027864246, 265059294158417013443216071792347981456 -> a ['Veterinarians', <span _ngcontent-ebj-c45="" class="caret", 49422149324400457114317816287120169614, http://localhost:8080/petclinic/
49422149324400457114317816287120169614, 191829819621598547061937733745614569891 -> a ['Veterinarians', <span _ngcontent-ebj-c45="" class="caret", 74849793808848032408097070206027864246, http://localhost:8080/petclinic/
74849793808848032408097070206027864246, 43779188146397954573011051362961568456 -> a [<span _ngcontent-ebj-c45="" aria-hidden="true" class="glyphicon glyphicon-plus", 226321264437896678066783544823465103778, http://localhost:8080/petclinic/vets/add
226321264437896678066783544823465103778, 184135954355108202507378109496113604300 -> form [<div _ngcontent-ebj-c129="" class="form-group" hidden="true", 312975635857585782046141516785894877692, http://localhost:8080/petclinic/vets/add
312975635857585782046141516785894877692, 255090347031990225863724610862538460343 -> form [<div _ngcontent-ebj-c129="" class="form-group" hidden="true", 51513408882529245424246001655845665969, http://localhost:8080/petclinic/vets/add
51513408882529245424246001655845665969, 325064544444012486959897962684777433179 -> form [<div _ngcontent-ebj-c129="" class="form-group" hidden="true", 51513408882529245424246001655845665969, http://localhost:8080/petclinic/vets/add
51513408882529245424246001655845665969, 325064544444012486959897962684777433179 -> form [<div _ngcontent-ebj-c129="" class="form-group" hidden="true", 51513408882529245424246001655845665969, http://localhost:8080/petclinic/vets/add
49422149324400457114317816287120169614, None, 49422149324400457114317816287120169614, http://localhost:8080/petclinic/
49422149324400457114317816287120169614, None, 49422149324400457114317816287120169614, http://localhost:8080/petclinic/
49422149324400457114317816287120169614, 122201370315486993270517412828818332450 -> a [<span _ngcontent-mgv-c45="" aria-hidden="true" class="glyphicon glyphicon-th-list", 217859354597832274890068174486427952950, http://localhost:8080/petclinic/pettypes
49422149324400457114317816287120169614, None, 49422149324400457114317816287120169614, http://localhost:8080/petclinic/
49422149324400457114317816287120169614, None, 49422149324400457114317816287120169614, http://localhost:8080/petclinic/
49422149324400457114317816287120169614, 205574526524225845068315120768491310121 -> a ['Veterinarians', <span _ngcontent-wmj-c45="" class="caret", 74849793808848032408097070206027864246, http://localhost:8080/petclinic/
74849793808848032408097070206027864246, 69758173430176384518424217412701264543 -> a [<span _ngcontent-wmj-c45="" aria-hidden="true" class="glyphicon glyphicon-plus", 226321264437896678066783544823465103778, http://localhost:8080/petclinic/vets/add
226321264437896678066783544823465103778, 55231774390372285181512019660273481029 -> form [<div _ngcontent-wmj-c129="" class="form-group" hidden="true", 235557940427700672109601708783865512465, http://localhost:8080/petclinic/vets/add
235557940427700672109601708783865512465, 184230841400454271521420289803218168613 -> form [<div _ngcontent-wmj-c129="" class="form-group" hidden="true", 51513408882529245424246001655845665969, http://localhost:8080/petclinic/vets/add
51513408882529245424246001655845665969, 29854389285546688843401442751092049360 -> form [<div _ngcontent-wmj-c129="" class="form-group" hidden="true", 51513408882529245424246001655845665969, http://localhost:8080/petclinic/vets/add
51513408882529245424246001655845665969, 29854389285546688843401442751092049360 -> form [<div _ngcontent-wmj-c129="" class="form-group" hidden="true", 51513408882529245424246001655845665969, http://localhost:8080/petclinic/vets/add
51513408882529245424246001655845665969, 29854389285546688843401442751092049360 -> form [<div _ngcontent-wmj-c129="" class="form-group" hidden="true", 46579848950177747836309655997484493214, http://localhost:8080/petclinic/vets/add
46579848950177747836309655997484493214, 197232329727208565805832231067968564220 -> form [<div _ngcontent-wmj-c129="" class="form-group" hidden="true", 144153298792320080544175648413873241214, http://localhost:8080/petclinic/vets
49422149324400457114317816287120169614, None, 49422149324400457114317816287120169614, http://localhost:8080/petclinic/
49422149324400457114317816287120169614, None, 49422149324400457114317816287120169614, http://localhost:8080/petclinic/
49422149324400457114317816287120169614, 336529841491171770651985181633482364276 -> a [<span _ngcontent-qhb-c45="" aria-hidden="true" class="glyphicon glyphicon-th-list", 217859354597832274890068174486427952950, http://localhost:8080/petclinic/pettypes
49422149324400457114317816287120169614, None, 49422149324400457114317816287120169614, http://localhost:8080/petclinic/
49422149324400457114317816287120169614, None, 49422149324400457114317816287120169614, http://localhost:8080/petclinic/
49422149324400457114317816287120169614, None, 49422149324400457114317816287120169614, http://localhost:8080/petclinic/
49422149324400457114317816287120169614, 88905765653411716417972199374336436334 -> a [<span _ngcontent-gid-c45="" aria-hidden="true" class="glyphicon glyphicon-th-list", 288837384050435833154613713335591823145, http://localhost:8080/petclinic/specialties
288837384050435833154613713335591823145, 303675221858762215192012905307045847481 -> button [' Add ']{}, 87577635879213023865733951743684099870, http://localhost:8080/petclinic/specialties
87577635879213023865733951743684099870, 175539530991800879594449004961932208641 -> button ['Delete']{}, 87577635879213023865733951743684099870, http://localhost:8080/petclinic/specialties
87577635879213023865733951743684099870, 191209156246060311126409313950953687368 -> form [<div _ngcontent-gid-c131="" class="form-group" hidden="true", 111609471587240584181919501605606696838, http://localhost:8080/petclinic/specialties
111609471587240584181919501605606696838, 321773123328797668702590462014948610389 -> form [<div _ngcontent-gid-c131="" class="form-group" hidden="true", 111609471587240584181919501605606696838, http://localhost:8080/petclinic/specialties
111609471587240584181919501605606696838, 321773123328797668702590462014948610389 -> form [<div _ngcontent-gid-c131="" class="form-group" hidden="true", 111609471587240584181919501605606696838, http://localhost:8080/petclinic/specialties
111609471587240584181919501605606696838, 321773123328797668702590462014948610389 -> form [<div _ngcontent-gid-c131="" class="form-group" hidden="true", 250793571367828282167256998550422190327, http://localhost:8080/petclinic/specialties
250793571367828282167256998550422190327, 282398103195122073049090978586233019658 -> form [<div _ngcontent-gid-c131="" class="form-group" hidden="true", 250793571367828282167256998550422190327, http://localhost:8080/petclinic/specialties
49422149324400457114317816287120169614, None, 49422149324400457114317816287120169614, http://localhost:8080/petclinic/
49422149324400457114317816287120169614, 51643642915881567383219235492124383856 -> a ['Owners', <span _ngcontent-ofj-c45="" class="caret", 203789904488100118908646339278060037750, http://localhost:8080/petclinic/
203789904488100118908646339278060037750, 153974656897306223512882439807470014189 -> a ['Owners', <span _ngcontent-ofj-c45="" class="caret", 49422149324400457114317816287120169614, http://localhost:8080/petclinic/
49422149324400457114317816287120169614, 51643642915881567383219235492124383856 -> a ['Owners', <span _ngcontent-ofj-c45="" class="caret", 203789904488100118908646339278060037750, http://localhost:8080/petclinic/
203789904488100118908646339278060037750, 83014483211173111855761129321300469583 -> a [<span _ngcontent-ofj-c45="" aria-hidden="true" class="glyphicon glyphicon-plus", 282167456026102075406891693572033620368, http://localhost:8080/petclinic/owners/add
282167456026102075406891693572033620368, 121217641283604355853516383570550398651 -> button ['Back']{'type': 'button'}, 249104765235412513694402154245715667267, http://localhost:8080/petclinic/owners/add
249104765235412513694402154245715667267, 186859832584241731418534511319006364421 -> a ['David Schroeder']{'routerlinkactive': 'active', 'ng-reflect-router-link-active': 'active', 'ng-reflect-router-link': '/owners/', 'href': '/petclinic/owners/9'}, 189022815898056726480708827700420951012, http://localhost:8080/petclinic/owners/9
189022815898056726480708827700420951012, 187151684874937294720766962182775302606 -> button ['Add New Pet']{}, 27857956701311484054509811643333283803, http://localhost:8080/petclinic/owners/9
27857956701311484054509811643333283803, 296098039941399661068775222716384537671 -> button [<span class="mat-button-wrapper", 176100413252458935643153926701547182665, http://localhost:8080/petclinic/owners/9/pets/add
49422149324400457114317816287120169614, None, 49422149324400457114317816287120169614, http://localhost:8080/petclinic/
49422149324400457114317816287120169614, 162165715382505242860002930609581101637 -> a ['Veterinarians', <span _ngcontent-fip-c45="" class="caret", 74849793808848032408097070206027864246, http://localhost:8080/petclinic/
74849793808848032408097070206027864246, 109280452247533248648239539696456934453 -> a [<span _ngcontent-fip-c45="" aria-hidden="true" class="glyphicon glyphicon-plus", 226321264437896678066783544823465103778, http://localhost:8080/petclinic/vets/add
226321264437896678066783544823465103778, 85135548188583782106905389891739645408 -> form [<div _ngcontent-fip-c129="" class="form-group" hidden="true", 312975635857585782046141516785894877692, http://localhost:8080/petclinic/vets/add
312975635857585782046141516785894877692, 260887426412487383365676651843340384547 -> form [<div _ngcontent-fip-c129="" class="form-group" hidden="true", 51513408882529245424246001655845665969, http://localhost:8080/petclinic/vets/add
51513408882529245424246001655845665969, 232012245380675613737111485142878141510 -> form [<div _ngcontent-fip-c129="" class="form-group" hidden="true", 51513408882529245424246001655845665969, http://localhost:8080/petclinic/vets/add
51513408882529245424246001655845665969, 232012245380675613737111485142878141510 -> form [<div _ngcontent-fip-c129="" class="form-group" hidden="true", 248205688579274305717676911187889595143, http://localhost:8080/petclinic/vets/add
248205688579274305717676911187889595143, 128214755308818849299699984547082882996 -> form [<div _ngcontent-fip-c129="" class="form-group" hidden="true", 153026709185554415823506186322438569169, http://localhost:8080/petclinic/vets/add
153026709185554415823506186322438569169, 236908747907257397861493455876875217683 -> form [<div _ngcontent-fip-c129="" class="form-group" hidden="true", 153026709185554415823506186322438569169, http://localhost:8080/petclinic/vets/add
49422149324400457114317816287120169614, None, 49422149324400457114317816287120169614, http://localhost:8080/petclinic/
49422149324400457114317816287120169614, None, 49422149324400457114317816287120169614, http://localhost:8080/petclinic/
49422149324400457114317816287120169614, None, 49422149324400457114317816287120169614, http://localhost:8080/petclinic/
49422149324400457114317816287120169614, 338468766236135651928893483143870289832 -> a [<span _ngcontent-epd-c45="" aria-hidden="true" class="glyphicon glyphicon-th-list", 217859354597832274890068174486427952950, http://localhost:8080/petclinic/pettypes
217859354597832274890068174486427952950, 303675221858762215192012905307045847481 -> button [' Add ']{}, 43727470335739397048269962189983175243, http://localhost:8080/petclinic/pettypes
43727470335739397048269962189983175243, 316806301733240575290493070017334055336 -> form [<div _ngcontent-epd-c122="" class="form-group" hidden="true", 193998094911500511384894515637767750447, http://localhost:8080/petclinic/pettypes
193998094911500511384894515637767750447, 273468726024897292220873873222881535089 -> form [<div _ngcontent-epd-c122="" class="form-group" hidden="true", 193998094911500511384894515637767750447, http://localhost:8080/petclinic/pettypes
193998094911500511384894515637767750447, 273468726024897292220873873222881535089 -> form [<div _ngcontent-epd-c122="" class="form-group" hidden="true", 193998094911500511384894515637767750447, http://localhost:8080/petclinic/pettypes
193998094911500511384894515637767750447, 273468726024897292220873873222881535089 -> form [<div _ngcontent-epd-c122="" class="form-group" hidden="true", 191755261169540764657125057848941554782, http://localhost:8080/petclinic/pettypes
191755261169540764657125057848941554782, 340026599790252567800315388294622101803 -> input []{'type': 'text', 'hidden': 'true', 'id': 'id', 'name': 'id', 'ng-reflect-name': 'id'}, 21984007450536718460312259837228882319, http://localhost:8080/petclinic/pettypes
49422149324400457114317816287120169614, None, 49422149324400457114317816287120169614, http://localhost:8080/petclinic/
49422149324400457114317816287120169614, None, 49422149324400457114317816287120169614, http://localhost:8080/petclinic/
49422149324400457114317816287120169614, None, 49422149324400457114317816287120169614, http://localhost:8080/petclinic/
49422149324400457114317816287120169614, 39016706056381181084146737666495182861 -> a [<span _ngcontent-jls-c45="" aria-hidden="true" class="glyphicon glyphicon-th-list", 217859354597832274890068174486427952950, http://localhost:8080/petclinic/pettypes
217859354597832274890068174486427952950, 303675221858762215192012905307045847481 -> button [' Add ']{}, 43727470335739397048269962189983175243, http://localhost:8080/petclinic/pettypes
43727470335739397048269962189983175243, 321961260443970445081203947056597013405 -> form [<div _ngcontent-jls-c122="" class="form-group" hidden="true", 193998094911500511384894515637767750447, http://localhost:8080/petclinic/pettypes
193998094911500511384894515637767750447, 213190221992747500676121452535728563022 -> form [<div _ngcontent-jls-c122="" class="form-group" hidden="true", 193998094911500511384894515637767750447, http://localhost:8080/petclinic/pettypes
49422149324400457114317816287120169614, None, 49422149324400457114317816287120169614, http://localhost:8080/petclinic/
49422149324400457114317816287120169614, None, 49422149324400457114317816287120169614, http://localhost:8080/petclinic/
49422149324400457114317816287120169614, None, 49422149324400457114317816287120169614, http://localhost:8080/petclinic/
49422149324400457114317816287120169614, 80500848839691859645394672450403058292 -> a ['Veterinarians', <span _ngcontent-bnl-c45="" class="caret", 74849793808848032408097070206027864246, http://localhost:8080/petclinic/
74849793808848032408097070206027864246, 111096399660973232596198382298687424340 -> a [<span _ngcontent-bnl-c45="" aria-hidden="true" class="glyphicon glyphicon-plus", 226321264437896678066783544823465103778, http://localhost:8080/petclinic/vets/add
226321264437896678066783544823465103778, 110266732852798979580141799634468087359 -> form [<div _ngcontent-bnl-c129="" class="form-group" hidden="true", 235557940427700672109601708783865512465, http://localhost:8080/petclinic/vets/add
235557940427700672109601708783865512465, 276231540040201216913961226127641379945 -> form [<div _ngcontent-bnl-c129="" class="form-group" hidden="true", 51513408882529245424246001655845665969, http://localhost:8080/petclinic/vets/add
51513408882529245424246001655845665969, 191559039037284390813765855661574710947 -> form [<div _ngcontent-bnl-c129="" class="form-group" hidden="true", 51513408882529245424246001655845665969, http://localhost:8080/petclinic/vets/add
51513408882529245424246001655845665969, 191559039037284390813765855661574710947 -> form [<div _ngcontent-bnl-c129="" class="form-group" hidden="true", 244003602800436655912924073502300497756, http://localhost:8080/petclinic/vets/add
244003602800436655912924073502300497756, 17058023030087273323193594448060739703 -> form [<div _ngcontent-bnl-c129="" class="form-group" hidden="true", 215631932914365904557286065589247133394, http://localhost:8080/petclinic/vets/add
215631932914365904557286065589247133394, 178210308032861633537622823458949799168 -> form [<div _ngcontent-bnl-c129="" class="form-group" hidden="true", 215631932914365904557286065589247133394, http://localhost:8080/petclinic/vets/add
49422149324400457114317816287120169614, None, 49422149324400457114317816287120169614, http://localhost:8080/petclinic/
49422149324400457114317816287120169614, None, 49422149324400457114317816287120169614, http://localhost:8080/petclinic/
49422149324400457114317816287120169614, 295090484310202660934700622423890312852 -> a [<span _ngcontent-qrk-c45="" aria-hidden="true" class="glyphicon glyphicon-th-list", 301216737307946459729959668022940867642, http://localhost:8080/petclinic/specialties
301216737307946459729959668022940867642, 303675221858762215192012905307045847481 -> button [' Add ']{}, 87577635879213023865733951743684099870, http://localhost:8080/petclinic/specialties
87577635879213023865733951743684099870, 274134136310929215207118764517025462531 -> form [<div _ngcontent-qrk-c131="" class="form-group" hidden="true", 111609471587240584181919501605606696838, http://localhost:8080/petclinic/specialties
111609471587240584181919501605606696838, 150378332453301488750661401499425061675 -> form [<div _ngcontent-qrk-c131="" class="form-group" hidden="true", 111609471587240584181919501605606696838, http://localhost:8080/petclinic/specialties
111609471587240584181919501605606696838, 150378332453301488750661401499425061675 -> form [<div _ngcontent-qrk-c131="" class="form-group" hidden="true", 111609471587240584181919501605606696838, http://localhost:8080/petclinic/specialties
111609471587240584181919501605606696838, 150378332453301488750661401499425061675 -> form [<div _ngcontent-qrk-c131="" class="form-group" hidden="true", 250793571367828282167256998550422190327, http://localhost:8080/petclinic/specialties
250793571367828282167256998550422190327, 10445712723735833592355463880801819735 -> form [<div _ngcontent-qrk-c131="" class="form-group" hidden="true", 250793571367828282167256998550422190327, http://localhost:8080/petclinic/specialties
250793571367828282167256998550422190327, 10445712723735833592355463880801819735 -> form [<div _ngcontent-qrk-c131="" class="form-group" hidden="true", 250793571367828282167256998550422190327, http://localhost:8080/petclinic/specialties
49422149324400457114317816287120169614, None, 49422149324400457114317816287120169614, http://localhost:8080/petclinic/
49422149324400457114317816287120169614, 242420176227039658504736654821866124869 -> a ['Owners', <span _ngcontent-swl-c45="" class="caret", 203789904488100118908646339278060037750, http://localhost:8080/petclinic/
203789904488100118908646339278060037750, 295249848140853286299445033701396542316 -> a ['Owners', <span _ngcontent-swl-c45="" class="caret", 49422149324400457114317816287120169614, http://localhost:8080/petclinic/
49422149324400457114317816287120169614, 242420176227039658504736654821866124869 -> a ['Owners', <span _ngcontent-swl-c45="" class="caret", 203789904488100118908646339278060037750, http://localhost:8080/petclinic/
203789904488100118908646339278060037750, 259586003312921565178636830211236766609 -> a [<span _ngcontent-swl-c45="" aria-hidden="true" class="glyphicon glyphicon-plus", 282167456026102075406891693572033620368, http://localhost:8080/petclinic/owners/add
282167456026102075406891693572033620368, 121217641283604355853516383570550398651 -> button ['Back']{'type': 'button'}, 198349928341156416954726297591028442855, http://localhost:8080/petclinic/owners/add
198349928341156416954726297591028442855, 149621943235857159790347088702651802226 -> form [<div _ngcontent-swl-c48="" class="form-group", 207968137714034133902275156633433806282, http://localhost:8080/petclinic/owners
207968137714034133902275156633433806282, 275207839169098191230515849564823314683 -> a ['Peter McTavish']{'routerlinkactive': 'active', 'ng-reflect-router-link-active': 'active', 'ng-reflect-router-link': '/owners/', 'href': '/petclinic/owners/5'}, 261023333095147269470709766205561058843, http://localhost:8080/petclinic/owners/5
261023333095147269470709766205561058843, 187151684874937294720766962182775302606 -> button ['Add New Pet']{}, 249353730146896212074638156377611719194, http://localhost:8080/petclinic/owners/5
49422149324400457114317816287120169614, None, 49422149324400457114317816287120169614, http://localhost:8080/petclinic/
49422149324400457114317816287120169614, 82403838009313442781727052032325135399 -> a [<span _ngcontent-ohd-c45="" aria-hidden="true" class="glyphicon glyphicon-th-list", 301216737307946459729959668022940867642, http://localhost:8080/petclinic/specialties
301216737307946459729959668022940867642, 303675221858762215192012905307045847481 -> button [' Add ']{}, 87577635879213023865733951743684099870, http://localhost:8080/petclinic/specialties
87577635879213023865733951743684099870, 290232838083630842227815269570740173444 -> form [<div _ngcontent-ohd-c131="" class="form-group" hidden="true", 111609471587240584181919501605606696838, http://localhost:8080/petclinic/specialties
111609471587240584181919501605606696838, 118592398107148593298885074094076327766 -> form [<div _ngcontent-ohd-c131="" class="form-group" hidden="true", 111609471587240584181919501605606696838, http://localhost:8080/petclinic/specialties
111609471587240584181919501605606696838, 118592398107148593298885074094076327766 -> form [<div _ngcontent-ohd-c131="" class="form-group" hidden="true", 250793571367828282167256998550422190327, http://localhost:8080/petclinic/specialties
250793571367828282167256998550422190327, 93830720712209385221458491268584858625 -> form [<div _ngcontent-ohd-c131="" class="form-group" hidden="true", 250793571367828282167256998550422190327, http://localhost:8080/petclinic/specialties
250793571367828282167256998550422190327, 93830720712209385221458491268584858625 -> form [<div _ngcontent-ohd-c131="" class="form-group" hidden="true", 250793571367828282167256998550422190327, http://localhost:8080/petclinic/specialties
250793571367828282167256998550422190327, 93830720712209385221458491268584858625 -> form [<div _ngcontent-ohd-c131="" class="form-group" hidden="true", 250793571367828282167256998550422190327, http://localhost:8080/petclinic/specialties
49422149324400457114317816287120169614, None, 49422149324400457114317816287120169614, http://localhost:8080/petclinic/
49422149324400457114317816287120169614, 130517527074221348881977765159276145648 -> a ['Veterinarians', <span _ngcontent-yow-c45="" class="caret", 74849793808848032408097070206027864246, http://localhost:8080/petclinic/
74849793808848032408097070206027864246, 5108525445321878093723484300881858697 -> a [<span _ngcontent-yow-c45="" aria-hidden="true" class="glyphicon glyphicon-plus", 226321264437896678066783544823465103778, http://localhost:8080/petclinic/vets/add
226321264437896678066783544823465103778, 299236256337486998961488214225278365054 -> form [<div _ngcontent-yow-c129="" class="form-group" hidden="true", 51513408882529245424246001655845665969, http://localhost:8080/petclinic/vets/add
51513408882529245424246001655845665969, 139653218954276857603996782751661738285 -> form [<div _ngcontent-yow-c129="" class="form-group" hidden="true", 51513408882529245424246001655845665969, http://localhost:8080/petclinic/vets/add
51513408882529245424246001655845665969, 139653218954276857603996782751661738285 -> form [<div _ngcontent-yow-c129="" class="form-group" hidden="true", 96313881119720236618373970501992967149, http://localhost:8080/petclinic/vets/add
96313881119720236618373970501992967149, 181392077207784278365341595203182392464 -> form [<div _ngcontent-yow-c129="" class="form-group" hidden="true", 215631932914365904557286065589247133394, http://localhost:8080/petclinic/vets/add
215631932914365904557286065589247133394, 282972145022181197405143101239249528247 -> form [<div _ngcontent-yow-c129="" class="form-group" hidden="true", 215631932914365904557286065589247133394, http://localhost:8080/petclinic/vets/add
215631932914365904557286065589247133394, 282972145022181197405143101239249528247 -> form [<div _ngcontent-yow-c129="" class="form-group" hidden="true", 215631932914365904557286065589247133394, http://localhost:8080/petclinic/vets/add
49422149324400457114317816287120169614, None, 49422149324400457114317816287120169614, http://localhost:8080/petclinic/
49422149324400457114317816287120169614, None, 49422149324400457114317816287120169614, http://localhost:8080/petclinic/
49422149324400457114317816287120169614, 192333220450158645819622881231464451381 -> a [<span _ngcontent-giw-c45="" aria-hidden="true" class="glyphicon glyphicon-th-list", 263325460726363838834741316647373783033, http://localhost:8080/petclinic/pettypes
263325460726363838834741316647373783033, 175539530991800879594449004961932208641 -> button ['Delete']{}, 263325460726363838834741316647373783033, http://localhost:8080/petclinic/pettypes
49422149324400457114317816287120169614, None, 49422149324400457114317816287120169614, http://localhost:8080/petclinic/
49422149324400457114317816287120169614, 216199708430228011017904418555486434410 -> a ['Veterinarians', <span _ngcontent-aly-c45="" class="caret", 74849793808848032408097070206027864246, http://localhost:8080/petclinic/
74849793808848032408097070206027864246, 293653517051956396640945544566985604587 -> a ['Veterinarians', <span _ngcontent-aly-c45="" class="caret", 49422149324400457114317816287120169614, http://localhost:8080/petclinic/
49422149324400457114317816287120169614, 216199708430228011017904418555486434410 -> a ['Veterinarians', <span _ngcontent-aly-c45="" class="caret", 74849793808848032408097070206027864246, http://localhost:8080/petclinic/
74849793808848032408097070206027864246, 206021875869003732426124767681612684385 -> a [<span _ngcontent-aly-c45="" aria-hidden="true" class="glyphicon glyphicon-search", 144153298792320080544175648413873241214, http://localhost:8080/petclinic/vets
144153298792320080544175648413873241214, 329707456084073791286946226186375528724 -> button ['Edit Vet']{}, 144153298792320080544175648413873241214, http://localhost:8080/petclinic/vets
144153298792320080544175648413873241214, 156541344850502344101188167639879920108 -> button ['Add Vet']{}, 150665122929466329411855890736960684496, http://localhost:8080/petclinic/vets/4/edit
150665122929466329411855890736960684496, 222844968916770278367201552086050468140 -> form [<div _ngcontent-aly-c130="" class="form-group" hidden="true", 226323352816913481745444753453282827091, http://localhost:8080/petclinic/vets/4/edit
226323352816913481745444753453282827091, 88423425621692328477280935377867640687 -> form [<div _ngcontent-aly-c130="" class="form-group" hidden="true", 321198730376153762346622866706346814342, http://localhost:8080/petclinic/vets/4/edit
49422149324400457114317816287120169614, None, 49422149324400457114317816287120169614, http://localhost:8080/petclinic/
49422149324400457114317816287120169614, 82132696018178684967467608676054610518 -> a ['Owners', <span _ngcontent-lci-c45="" class="caret", 203789904488100118908646339278060037750, http://localhost:8080/petclinic/
203789904488100118908646339278060037750, 61420961518816232318068947277437123483 -> a [<span _ngcontent-lci-c45="" aria-hidden="true" class="glyphicon glyphicon-plus", 282167456026102075406891693572033620368, http://localhost:8080/petclinic/owners/add
282167456026102075406891693572033620368, 121217641283604355853516383570550398651 -> button ['Back']{'type': 'button'}, 198349928341156416954726297591028442855, http://localhost:8080/petclinic/owners/add
198349928341156416954726297591028442855, 82437621575177782838328514608079774779 -> form [<div _ngcontent-lci-c48="" class="form-group", 207968137714034133902275156633433806282, http://localhost:8080/petclinic/owners
207968137714034133902275156633433806282, 275207839169098191230515849564823314683 -> a ['Peter McTavish']{'routerlinkactive': 'active', 'ng-reflect-router-link-active': 'active', 'ng-reflect-router-link': '/owners/', 'href': '/petclinic/owners/5'}, 261023333095147269470709766205561058843, http://localhost:8080/petclinic/owners/5
261023333095147269470709766205561058843, 187151684874937294720766962182775302606 -> button ['Add New Pet']{}, 249353730146896212074638156377611719194, http://localhost:8080/petclinic/owners/5
249353730146896212074638156377611719194, 296098039941399661068775222716384537671 -> button [<span class="mat-button-wrapper", 282563053332834325676679767934277288099, http://localhost:8080/petclinic/owners/5/pets/add
282563053332834325676679767934277288099, 243036535339815018819513692533649018133 -> form [<div _ngcontent-lci-c118="" class="form-group" hidden="true", 304439358920820198873602182717952006194, http://localhost:8080/petclinic/owners/5/pets/add
49422149324400457114317816287120169614, None, 49422149324400457114317816287120169614, http://localhost:8080/petclinic/
49422149324400457114317816287120169614, 49125752298177439577139555478647477290 -> a [<span _ngcontent-avb-c45="" aria-hidden="true" class="glyphicon glyphicon-th-list", 217859354597832274890068174486427952950, http://localhost:8080/petclinic/pettypes
217859354597832274890068174486427952950, 303675221858762215192012905307045847481 -> button [' Add ']{}, 43727470335739397048269962189983175243, http://localhost:8080/petclinic/pettypes
43727470335739397048269962189983175243, 189633333855000411075250452054501037580 -> form [<div _ngcontent-avb-c122="" class="form-group" hidden="true", 193998094911500511384894515637767750447, http://localhost:8080/petclinic/pettypes
193998094911500511384894515637767750447, 231365687551951103031575721022332082364 -> form [<div _ngcontent-avb-c122="" class="form-group" hidden="true", 193998094911500511384894515637767750447, http://localhost:8080/petclinic/pettypes
193998094911500511384894515637767750447, 231365687551951103031575721022332082364 -> form [<div _ngcontent-avb-c122="" class="form-group" hidden="true", 329614829215978828339538870157570404338, http://localhost:8080/petclinic/pettypes
329614829215978828339538870157570404338, 340026599790252567800315388294622101803 -> input []{'type': 'text', 'hidden': 'true', 'id': 'id', 'name': 'id', 'ng-reflect-name': 'id'}, 33562022355754262747194342621582190940, http://localhost:8080/petclinic/pettypes
33562022355754262747194342621582190940, 239282489635737725823211539541193914341 -> input []{'type': 'text', 'name': 'pettype_name', 'ng-reflect-name': 'pettype_name', 'id': '', 'ng-reflect-model': 'General save lawyer else value'}, 33562022355754262747194342621582190940, http://localhost:8080/petclinic/pettypes
33562022355754262747194342621582190940, 72602955079352731327874698425826022808 -> button ['Edit']{}, 151782826218461030371996491213349121901, http://localhost:8080/petclinic/pettypes
49422149324400457114317816287120169614, None, 49422149324400457114317816287120169614, http://localhost:8080/petclinic/
49422149324400457114317816287120169614, None, 49422149324400457114317816287120169614, http://localhost:8080/petclinic/
49422149324400457114317816287120169614, 108343186471468913853688740602882720633 -> a ['Owners', <span _ngcontent-uvr-c45="" class="caret", 203789904488100118908646339278060037750, http://localhost:8080/petclinic/
203789904488100118908646339278060037750, 111780950708650161769684567933266749662 -> a ['Owners', <span _ngcontent-uvr-c45="" class="caret", 49422149324400457114317816287120169614, http://localhost:8080/petclinic/
49422149324400457114317816287120169614, 108343186471468913853688740602882720633 -> a ['Owners', <span _ngcontent-uvr-c45="" class="caret", 203789904488100118908646339278060037750, http://localhost:8080/petclinic/
203789904488100118908646339278060037750, 183739710767296719176383630707347747791 -> a [<span _ngcontent-uvr-c45="" aria-hidden="true" class="glyphicon glyphicon-search", 134467512933047695112209168027061027792, http://localhost:8080/petclinic/owners
134467512933047695112209168027061027792, 105691687079648989457111295128350049654 -> a ['Eduardo Rodriquez']{'routerlinkactive': 'active', 'ng-reflect-router-link-active': 'active', 'ng-reflect-router-link': '/owners/', 'href': '/petclinic/owners/3'}, 35215156700473660128845270364394239156, http://localhost:8080/petclinic/owners/3
35215156700473660128845270364394239156, 139589689717891870241471574486234527687 -> button ['Edit Owner']{}, 50963348291528068913700038159151654650, http://localhost:8080/petclinic/owners/3
50963348291528068913700038159151654650, 164800682831811925791828297865030675419 -> form [<div _ngcontent-uvr-c53="" class="form-group" hidden="true", 7094880908709204943173185992767430874, http://localhost:8080/petclinic/owners/3/edit
7094880908709204943173185992767430874, 294392216577549545936462362077498103237 -> form [<div _ngcontent-uvr-c53="" class="form-group" hidden="true", 120189820480915117333110143086239471090, http://localhost:8080/petclinic/owners/3/edit
49422149324400457114317816287120169614, None, 49422149324400457114317816287120169614, http://localhost:8080/petclinic/
49422149324400457114317816287120169614, 225704435482472938374704089298265899637 -> a ['Veterinarians', <span _ngcontent-yrm-c45="" class="caret", 74849793808848032408097070206027864246, http://localhost:8080/petclinic/
74849793808848032408097070206027864246, 73524229549941049562029469271490423049 -> a [<span _ngcontent-yrm-c45="" aria-hidden="true" class="glyphicon glyphicon-search", 144153298792320080544175648413873241214, http://localhost:8080/petclinic/vets
144153298792320080544175648413873241214, 156541344850502344101188167639879920108 -> button ['Add Vet']{}, 260706244791257485496027837704690829215, http://localhost:8080/petclinic/vets
260706244791257485496027837704690829215, 330727524431844579049452902123167576153 -> form [<div _ngcontent-yrm-c129="" class="form-group" hidden="true", 312975635857585782046141516785894877692, http://localhost:8080/petclinic/vets/add
312975635857585782046141516785894877692, 60735740809609954838567800478430676982 -> form [<div _ngcontent-yrm-c129="" class="form-group" hidden="true", 51513408882529245424246001655845665969, http://localhost:8080/petclinic/vets/add
51513408882529245424246001655845665969, 213267542633824914106809412519153335002 -> form [<div _ngcontent-yrm-c129="" class="form-group" hidden="true", 51513408882529245424246001655845665969, http://localhost:8080/petclinic/vets/add
51513408882529245424246001655845665969, 213267542633824914106809412519153335002 -> form [<div _ngcontent-yrm-c129="" class="form-group" hidden="true", 51513408882529245424246001655845665969, http://localhost:8080/petclinic/vets/add
51513408882529245424246001655845665969, 213267542633824914106809412519153335002 -> form [<div _ngcontent-yrm-c129="" class="form-group" hidden="true", 188519896551701001975221095316798156401, http://localhost:8080/petclinic/vets/add
49422149324400457114317816287120169614, None, 49422149324400457114317816287120169614, http://localhost:8080/petclinic/
49422149324400457114317816287120169614, 134931690121179581337036296800692681051 -> a ['Owners', <span _ngcontent-aqa-c45="" class="caret", 203789904488100118908646339278060037750, http://localhost:8080/petclinic/
203789904488100118908646339278060037750, 78114774859834983929707825795470530586 -> a [<span _ngcontent-aqa-c45="" aria-hidden="true" class="glyphicon glyphicon-search", 134467512933047695112209168027061027792, http://localhost:8080/petclinic/owners
134467512933047695112209168027061027792, 105691687079648989457111295128350049654 -> a ['Eduardo Rodriquez']{'routerlinkactive': 'active', 'ng-reflect-router-link-active': 'active', 'ng-reflect-router-link': '/owners/', 'href': '/petclinic/owners/3'}, 35215156700473660128845270364394239156, http://localhost:8080/petclinic/owners/3
35215156700473660128845270364394239156, 139589689717891870241471574486234527687 -> button ['Edit Owner']{}, 50963348291528068913700038159151654650, http://localhost:8080/petclinic/owners/3
50963348291528068913700038159151654650, 26076118464359652796595570584422193041 -> form [<div _ngcontent-aqa-c53="" class="form-group" hidden="true", 258346148864490747503773894695171365774, http://localhost:8080/petclinic/owners/3/edit
258346148864490747503773894695171365774, 33410438953419877679097489991481691599 -> form [<div _ngcontent-aqa-c53="" class="form-group" hidden="true", 120189820480915117333110143086239471090, http://localhost:8080/petclinic/owners/3/edit
120189820480915117333110143086239471090, 80231865945306581911826040204186750484 -> form [<div _ngcontent-aqa-c53="" class="form-group" hidden="true", 120189820480915117333110143086239471090, http://localhost:8080/petclinic/owners/3/edit
120189820480915117333110143086239471090, 80231865945306581911826040204186750484 -> form [<div _ngcontent-aqa-c53="" class="form-group" hidden="true", 59598328596263368627367462758851673231, http://localhost:8080/petclinic/owners/3/edit
49422149324400457114317816287120169614, None, 49422149324400457114317816287120169614, http://localhost:8080/petclinic/
49422149324400457114317816287120169614, 223425357567339359293129676962492865963 -> a ['Owners', <span _ngcontent-voj-c45="" class="caret", 203789904488100118908646339278060037750, http://localhost:8080/petclinic/
203789904488100118908646339278060037750, 215483737895150697777457736163730646636 -> a ['Owners', <span _ngcontent-voj-c45="" class="caret", 49422149324400457114317816287120169614, http://localhost:8080/petclinic/
49422149324400457114317816287120169614, 223425357567339359293129676962492865963 -> a ['Owners', <span _ngcontent-voj-c45="" class="caret", 203789904488100118908646339278060037750, http://localhost:8080/petclinic/
203789904488100118908646339278060037750, 165707987210863721349455231052859038277 -> a [<span _ngcontent-voj-c45="" aria-hidden="true" class="glyphicon glyphicon-plus", 282167456026102075406891693572033620368, http://localhost:8080/petclinic/owners/add
282167456026102075406891693572033620368, 121217641283604355853516383570550398651 -> button ['Back']{'type': 'button'}, 198349928341156416954726297591028442855, http://localhost:8080/petclinic/owners/add
198349928341156416954726297591028442855, 328960046568372027896224371539063356386 -> form [<div _ngcontent-voj-c48="" class="form-group", 207968137714034133902275156633433806282, http://localhost:8080/petclinic/owners
207968137714034133902275156633433806282, 275207839169098191230515849564823314683 -> a ['Peter McTavish']{'routerlinkactive': 'active', 'ng-reflect-router-link-active': 'active', 'ng-reflect-router-link': '/owners/', 'href': '/petclinic/owners/5'}, 261023333095147269470709766205561058843, http://localhost:8080/petclinic/owners/5
261023333095147269470709766205561058843, 187151684874937294720766962182775302606 -> button ['Add New Pet']{}, 249353730146896212074638156377611719194, http://localhost:8080/petclinic/owners/5
49422149324400457114317816287120169614, None, 49422149324400457114317816287120169614, http://localhost:8080/petclinic/
49422149324400457114317816287120169614, 65985797900418273893116931228453364835 -> a [<span _ngcontent-qbu-c45="" aria-hidden="true" class="glyphicon glyphicon-th-list", 33562022355754262747194342621582190940, http://localhost:8080/petclinic/pettypes
33562022355754262747194342621582190940, 72602955079352731327874698425826022808 -> button ['Edit']{}, 216155655840559470494300938528505111220, http://localhost:8080/petclinic/pettypes
216155655840559470494300938528505111220, 31789282043242228782753595272084589082 -> button ['Cancel']{}, 33562022355754262747194342621582190940, http://localhost:8080/petclinic/pettypes
33562022355754262747194342621582190940, 72602955079352731327874698425826022808 -> button ['Edit']{}, 33562022355754262747194342621582190940, http://localhost:8080/petclinic/pettypes
33562022355754262747194342621582190940, 303675221858762215192012905307045847481 -> button [' Add ']{}, 33562022355754262747194342621582190940, http://localhost:8080/petclinic/pettypes
33562022355754262747194342621582190940, 175539530991800879594449004961932208641 -> button ['Delete']{}, 33562022355754262747194342621582190940, http://localhost:8080/petclinic/pettypes
33562022355754262747194342621582190940, 21445078288554389917817523524446938201 -> button ['Home']{}, 33562022355754262747194342621582190940, http://localhost:8080/petclinic/pettypes
33562022355754262747194342621582190940, 303675221858762215192012905307045847481 -> button [' Add ']{}, 33562022355754262747194342621582190940, http://localhost:8080/petclinic/pettypes
49422149324400457114317816287120169614, None, 49422149324400457114317816287120169614, http://localhost:8080/petclinic/
49422149324400457114317816287120169614, 27389864406580581780595588974510172385 -> a ['Veterinarians', <span _ngcontent-nuc-c45="" class="caret", 74849793808848032408097070206027864246, http://localhost:8080/petclinic/
74849793808848032408097070206027864246, 138431069360865196517261474710653821146 -> a [<span _ngcontent-nuc-c45="" aria-hidden="true" class="glyphicon glyphicon-search", 144153298792320080544175648413873241214, http://localhost:8080/petclinic/vets
144153298792320080544175648413873241214, 156541344850502344101188167639879920108 -> button ['Add Vet']{}, 260706244791257485496027837704690829215, http://localhost:8080/petclinic/vets
260706244791257485496027837704690829215, 259904858245521255289220481876289974603 -> form [<div _ngcontent-nuc-c129="" class="form-group" hidden="true", 312975635857585782046141516785894877692, http://localhost:8080/petclinic/vets/add
312975635857585782046141516785894877692, 142323717971145495041597510118330068254 -> form [<div _ngcontent-nuc-c129="" class="form-group" hidden="true", 51513408882529245424246001655845665969, http://localhost:8080/petclinic/vets/add
51513408882529245424246001655845665969, 196976472629889292522145120230362249072 -> form [<div _ngcontent-nuc-c129="" class="form-group" hidden="true", 51513408882529245424246001655845665969, http://localhost:8080/petclinic/vets/add
51513408882529245424246001655845665969, 196976472629889292522145120230362249072 -> form [<div _ngcontent-nuc-c129="" class="form-group" hidden="true", 145657501440444337949431538667759209202, http://localhost:8080/petclinic/vets/add
145657501440444337949431538667759209202, 106312549006176070510620840350902364294 -> form [<div _ngcontent-nuc-c129="" class="form-group" hidden="true", 180435719256661674324439757361390502829, http://localhost:8080/petclinic/vets/add
49422149324400457114317816287120169614, None, 49422149324400457114317816287120169614, http://localhost:8080/petclinic/
49422149324400457114317816287120169614, None, 49422149324400457114317816287120169614, http://localhost:8080/petclinic/
49422149324400457114317816287120169614, None, 49422149324400457114317816287120169614, http://localhost:8080/petclinic/
49422149324400457114317816287120169614, None, 49422149324400457114317816287120169614, http://localhost:8080/petclinic/
49422149324400457114317816287120169614, 280148350680014672136896914483418294121 -> a [<span _ngcontent-ihk-c45="" aria-hidden="true" class="glyphicon glyphicon-th-list", 217859354597832274890068174486427952950, http://localhost:8080/petclinic/pettypes
217859354597832274890068174486427952950, 303675221858762215192012905307045847481 -> button [' Add ']{}, 33562022355754262747194342621582190940, http://localhost:8080/petclinic/pettypes
33562022355754262747194342621582190940, 239282489635737725823211539541193914341 -> input []{'type': 'text', 'name': 'pettype_name', 'ng-reflect-name': 'pettype_name', 'id': '', 'ng-reflect-model': 'General save lawyer else value'}, 33562022355754262747194342621582190940, http://localhost:8080/petclinic/pettypes
49422149324400457114317816287120169614, None, 49422149324400457114317816287120169614, http://localhost:8080/petclinic/
49422149324400457114317816287120169614, 13687159536735872847014710474366671639 -> a ['Veterinarians', <span _ngcontent-jav-c45="" class="caret", 74849793808848032408097070206027864246, http://localhost:8080/petclinic/
74849793808848032408097070206027864246, 252626228980749772448854969802770150653 -> a [<span _ngcontent-jav-c45="" aria-hidden="true" class="glyphicon glyphicon-plus", 226321264437896678066783544823465103778, http://localhost:8080/petclinic/vets/add
226321264437896678066783544823465103778, 267493756550180075299778679885409599697 -> form [<div _ngcontent-jav-c129="" class="form-group" hidden="true", 312975635857585782046141516785894877692, http://localhost:8080/petclinic/vets/add
312975635857585782046141516785894877692, 12668532938956358143270742385638638765 -> form [<div _ngcontent-jav-c129="" class="form-group" hidden="true", 51513408882529245424246001655845665969, http://localhost:8080/petclinic/vets/add
51513408882529245424246001655845665969, 92104774618404210520576182577567087577 -> form [<div _ngcontent-jav-c129="" class="form-group" hidden="true", 51513408882529245424246001655845665969, http://localhost:8080/petclinic/vets/add
51513408882529245424246001655845665969, 92104774618404210520576182577567087577 -> form [<div _ngcontent-jav-c129="" class="form-group" hidden="true", 51513408882529245424246001655845665969, http://localhost:8080/petclinic/vets/add
51513408882529245424246001655845665969, 92104774618404210520576182577567087577 -> form [<div _ngcontent-jav-c129="" class="form-group" hidden="true", 56677771925910465916398402263778715463, http://localhost:8080/petclinic/vets/add
56677771925910465916398402263778715463, 98228244024887768496441818124821098291 -> form [<div _ngcontent-jav-c129="" class="form-group" hidden="true", 153026709185554415823506186322438569169, http://localhost:8080/petclinic/vets/add
49422149324400457114317816287120169614, None, 49422149324400457114317816287120169614, http://localhost:8080/petclinic/
49422149324400457114317816287120169614, 329212079747034382557094155034774578726 -> a [<span _ngcontent-jfj-c45="" aria-hidden="true" class="glyphicon glyphicon-th-list", 217859354597832274890068174486427952950, http://localhost:8080/petclinic/pettypes
49422149324400457114317816287120169614, None, 49422149324400457114317816287120169614, http://localhost:8080/petclinic/
49422149324400457114317816287120169614, None, 49422149324400457114317816287120169614, http://localhost:8080/petclinic/
49422149324400457114317816287120169614, 75527672457948959692588535383269603413 -> a ['Owners', <span _ngcontent-kwq-c45="" class="caret", 203789904488100118908646339278060037750, http://localhost:8080/petclinic/
203789904488100118908646339278060037750, 67318352711964941683360071287060204211 -> a [<span _ngcontent-kwq-c45="" aria-hidden="true" class="glyphicon glyphicon-search", 134467512933047695112209168027061027792, http://localhost:8080/petclinic/owners
134467512933047695112209168027061027792, 105691687079648989457111295128350049654 -> a ['Eduardo Rodriquez']{'routerlinkactive': 'active', 'ng-reflect-router-link-active': 'active', 'ng-reflect-router-link': '/owners/', 'href': '/petclinic/owners/3'}, 35215156700473660128845270364394239156, http://localhost:8080/petclinic/owners/3
35215156700473660128845270364394239156, 139589689717891870241471574486234527687 -> button ['Edit Owner']{}, 50963348291528068913700038159151654650, http://localhost:8080/petclinic/owners/3
50963348291528068913700038159151654650, 19516178426994841159199721062496661331 -> form [<div _ngcontent-kwq-c53="" class="form-group" hidden="true", 258346148864490747503773894695171365774, http://localhost:8080/petclinic/owners/3/edit
258346148864490747503773894695171365774, 123586794923365460599079856737893254957 -> form [<div _ngcontent-kwq-c53="" class="form-group" hidden="true", 120189820480915117333110143086239471090, http://localhost:8080/petclinic/owners/3/edit
120189820480915117333110143086239471090, 283323234102834803345049462297055722155 -> form [<div _ngcontent-kwq-c53="" class="form-group" hidden="true", 120189820480915117333110143086239471090, http://localhost:8080/petclinic/owners/3/edit
120189820480915117333110143086239471090, 283323234102834803345049462297055722155 -> form [<div _ngcontent-kwq-c53="" class="form-group" hidden="true", 307267350940390696775979100470669645666, http://localhost:8080/petclinic/owners/3/edit
49422149324400457114317816287120169614, None, 49422149324400457114317816287120169614, http://localhost:8080/petclinic/
49422149324400457114317816287120169614, None, 49422149324400457114317816287120169614, http://localhost:8080/petclinic/
49422149324400457114317816287120169614, 185215989766766879435075046475731779811 -> a ['Owners', <span _ngcontent-yok-c45="" class="caret", 203789904488100118908646339278060037750, http://localhost:8080/petclinic/
203789904488100118908646339278060037750, 82707272382785453713099305394796723131 -> a [<span _ngcontent-yok-c45="" aria-hidden="true" class="glyphicon glyphicon-search", 192707741666091566240352799848887721267, http://localhost:8080/petclinic/owners
192707741666091566240352799848887721267, 320007992646059760424658434392755448618 -> form [<div _ngcontent-yok-c48="" class="form-group", 207968137714034133902275156633433806282, http://localhost:8080/petclinic/owners
207968137714034133902275156633433806282, 275207839169098191230515849564823314683 -> a ['Peter McTavish']{'routerlinkactive': 'active', 'ng-reflect-router-link-active': 'active', 'ng-reflect-router-link': '/owners/', 'href': '/petclinic/owners/5'}, 261023333095147269470709766205561058843, http://localhost:8080/petclinic/owners/5
261023333095147269470709766205561058843, 187151684874937294720766962182775302606 -> button ['Add New Pet']{}, 24929332150908472775833810240228078289, http://localhost:8080/petclinic/owners/5
24929332150908472775833810240228078289, 296098039941399661068775222716384537671 -> button [<span class="mat-button-wrapper", 315282350818057719216294404305111968084, http://localhost:8080/petclinic/owners/5/pets/add
315282350818057719216294404305111968084, 73663897532336889032898444162543628979 -> button [<span class="mat-button-wrapper", 322305529959611657505749213469111751214, http://localhost:8080/petclinic/owners/5/pets/add
322305529959611657505749213469111751214, 311270450471209664463366984024477719771 -> button [<span class="mat-button-wrapper", 31530318820938299402835632037091091685, http://localhost:8080/petclinic/owners/5/pets/add
49422149324400457114317816287120169614, None, 49422149324400457114317816287120169614, http://localhost:8080/petclinic/
49422149324400457114317816287120169614, None, 49422149324400457114317816287120169614, http://localhost:8080/petclinic/
49422149324400457114317816287120169614, 239145917838047466807085866907064359256 -> a [<span _ngcontent-cqf-c45="" aria-hidden="true" class="glyphicon glyphicon-th-list", 217859354597832274890068174486427952950, http://localhost:8080/petclinic/pettypes
217859354597832274890068174486427952950, 303675221858762215192012905307045847481 -> button [' Add ']{}, 43727470335739397048269962189983175243, http://localhost:8080/petclinic/pettypes
43727470335739397048269962189983175243, 92293746950063880483522405756930037165 -> form [<div _ngcontent-cqf-c122="" class="form-group" hidden="true", 193998094911500511384894515637767750447, http://localhost:8080/petclinic/pettypes
193998094911500511384894515637767750447, 241146544926577045035756280487651448193 -> form [<div _ngcontent-cqf-c122="" class="form-group" hidden="true", 193998094911500511384894515637767750447, http://localhost:8080/petclinic/pettypes
193998094911500511384894515637767750447, 241146544926577045035756280487651448193 -> form [<div _ngcontent-cqf-c122="" class="form-group" hidden="true", 193998094911500511384894515637767750447, http://localhost:8080/petclinic/pettypes
193998094911500511384894515637767750447, 241146544926577045035756280487651448193 -> form [<div _ngcontent-cqf-c122="" class="form-group" hidden="true", 121743208489084799036169227961285638240, http://localhost:8080/petclinic/pettypes
121743208489084799036169227961285638240, 86518089506163501634629576291779735036 -> button ['Save']{'type': 'submit'}, 130490537303976206449694155617621457769, http://localhost:8080/petclinic/pettypes
130490537303976206449694155617621457769, 42863843226412397946120272942309201538 -> input []{'type': 'text', 'name': 'pettype_name', 'ng-reflect-name': 'pettype_name', 'id': '', 'ng-reflect-model': 'Paper rate edg'}, 217859354597832274890068174486427952950, http://localhost:8080/petclinic/pettypes
49422149324400457114317816287120169614, None, 49422149324400457114317816287120169614, http://localhost:8080/petclinic/
49422149324400457114317816287120169614, None, 49422149324400457114317816287120169614, http://localhost:8080/petclinic/
49422149324400457114317816287120169614, 136196017100277203735810426264724344021 -> a ['Veterinarians', <span _ngcontent-spv-c45="" class="caret", 74849793808848032408097070206027864246, http://localhost:8080/petclinic/
74849793808848032408097070206027864246, 6889738372457219094434565934101142011 -> a [<span _ngcontent-spv-c45="" aria-hidden="true" class="glyphicon glyphicon-search", 120962431678690102558501945372758632054, http://localhost:8080/petclinic/vets
120962431678690102558501945372758632054, 21445078288554389917817523524446938201 -> button ['Home']{}, 95330253605169440766474795781005633012, http://localhost:8080/petclinic/vets
95330253605169440766474795781005633012, 291836302714210154103352688552490311346 -> form [<div _ngcontent-spv-c130="" class="form-group" hidden="true", 37338905811523944110521196019925623957, http://localhost:8080/petclinic/vets/1/edit
37338905811523944110521196019925623957, 17100964138315539415324239547365191313 -> form [<div _ngcontent-spv-c130="" class="form-group" hidden="true", 243820577151070781482926815850771661026, http://localhost:8080/petclinic/vets/1/edit
243820577151070781482926815850771661026, 124863462730520147373212593301323921134 -> form [<div _ngcontent-spv-c130="" class="form-group" hidden="true", 243820577151070781482926815850771661026, http://localhost:8080/petclinic/vets/1/edit
243820577151070781482926815850771661026, 124863462730520147373212593301323921134 -> form [<div _ngcontent-spv-c130="" class="form-group" hidden="true", 243820577151070781482926815850771661026, http://localhost:8080/petclinic/vets/1/edit
243820577151070781482926815850771661026, 124863462730520147373212593301323921134 -> form [<div _ngcontent-spv-c130="" class="form-group" hidden="true", 317132514918585635837123137405167882526, http://localhost:8080/petclinic/vets/1/edit
49422149324400457114317816287120169614, None, 49422149324400457114317816287120169614, http://localhost:8080/petclinic/
49422149324400457114317816287120169614, 309757620345558633901208124233552993181 -> a ['Owners', <span _ngcontent-hbc-c45="" class="caret", 203789904488100118908646339278060037750, http://localhost:8080/petclinic/
203789904488100118908646339278060037750, 20965026863071707660073888796663592288 -> a ['Owners', <span _ngcontent-hbc-c45="" class="caret", 49422149324400457114317816287120169614, http://localhost:8080/petclinic/
49422149324400457114317816287120169614, 309757620345558633901208124233552993181 -> a ['Owners', <span _ngcontent-hbc-c45="" class="caret", 203789904488100118908646339278060037750, http://localhost:8080/petclinic/
203789904488100118908646339278060037750, 335614971118229154773061295212435323321 -> a [<span _ngcontent-hbc-c45="" aria-hidden="true" class="glyphicon glyphicon-plus", 282167456026102075406891693572033620368, http://localhost:8080/petclinic/owners/add
282167456026102075406891693572033620368, 121217641283604355853516383570550398651 -> button ['Back']{'type': 'button'}, 249104765235412513694402154245715667267, http://localhost:8080/petclinic/owners/add
249104765235412513694402154245715667267, 186859832584241731418534511319006364421 -> a ['David Schroeder']{'routerlinkactive': 'active', 'ng-reflect-router-link-active': 'active', 'ng-reflect-router-link': '/owners/', 'href': '/petclinic/owners/9'}, 189022815898056726480708827700420951012, http://localhost:8080/petclinic/owners/9
189022815898056726480708827700420951012, 187151684874937294720766962182775302606 -> button ['Add New Pet']{}, 27857956701311484054509811643333283803, http://localhost:8080/petclinic/owners/9
27857956701311484054509811643333283803, 296098039941399661068775222716384537671 -> button [<span class="mat-button-wrapper", 61267229302730470251048676142808506750, http://localhost:8080/petclinic/owners/9/pets/add
49422149324400457114317816287120169614, None, 49422149324400457114317816287120169614, http://localhost:8080/petclinic/
49422149324400457114317816287120169614, None, 49422149324400457114317816287120169614, http://localhost:8080/petclinic/
49422149324400457114317816287120169614, None, 49422149324400457114317816287120169614, http://localhost:8080/petclinic/
49422149324400457114317816287120169614, 108704041718072907282785106279661812740 -> a ['Veterinarians', <span _ngcontent-dun-c45="" class="caret", 74849793808848032408097070206027864246, http://localhost:8080/petclinic/
74849793808848032408097070206027864246, 291449384009028394227894830184158906160 -> a ['Veterinarians', <span _ngcontent-dun-c45="" class="caret", 49422149324400457114317816287120169614, http://localhost:8080/petclinic/
49422149324400457114317816287120169614, 108704041718072907282785106279661812740 -> a ['Veterinarians', <span _ngcontent-dun-c45="" class="caret", 74849793808848032408097070206027864246, http://localhost:8080/petclinic/
74849793808848032408097070206027864246, 6596009124611815756538205424050915220 -> a [<span _ngcontent-dun-c45="" aria-hidden="true" class="glyphicon glyphicon-plus", 226321264437896678066783544823465103778, http://localhost:8080/petclinic/vets/add
226321264437896678066783544823465103778, 181242152955020325726899440338306649235 -> form [<div _ngcontent-dun-c129="" class="form-group" hidden="true", 312975635857585782046141516785894877692, http://localhost:8080/petclinic/vets/add
312975635857585782046141516785894877692, 106706504858057069863628547422364635760 -> form [<div _ngcontent-dun-c129="" class="form-group" hidden="true", 51513408882529245424246001655845665969, http://localhost:8080/petclinic/vets/add
51513408882529245424246001655845665969, 235347814086349126471743047299375716724 -> form [<div _ngcontent-dun-c129="" class="form-group" hidden="true", 51513408882529245424246001655845665969, http://localhost:8080/petclinic/vets/add
51513408882529245424246001655845665969, 235347814086349126471743047299375716724 -> form [<div _ngcontent-dun-c129="" class="form-group" hidden="true", 51513408882529245424246001655845665969, http://localhost:8080/petclinic/vets/add
49422149324400457114317816287120169614, None, 49422149324400457114317816287120169614, http://localhost:8080/petclinic/
49422149324400457114317816287120169614, None, 49422149324400457114317816287120169614, http://localhost:8080/petclinic/
49422149324400457114317816287120169614, 162956452395310983433518591910569150058 -> a ['Veterinarians', <span _ngcontent-mtq-c45="" class="caret", 74849793808848032408097070206027864246, http://localhost:8080/petclinic/
74849793808848032408097070206027864246, 110112281572537843820744241991727871247 -> a [<span _ngcontent-mtq-c45="" aria-hidden="true" class="glyphicon glyphicon-search", 144153298792320080544175648413873241214, http://localhost:8080/petclinic/vets
144153298792320080544175648413873241214, 156541344850502344101188167639879920108 -> button ['Add Vet']{}, 260706244791257485496027837704690829215, http://localhost:8080/petclinic/vets
260706244791257485496027837704690829215, 276901445809153790438373212295631456995 -> form [<div _ngcontent-mtq-c129="" class="form-group" hidden="true", 235557940427700672109601708783865512465, http://localhost:8080/petclinic/vets/add
235557940427700672109601708783865512465, 193213853636117427175620739903773677549 -> form [<div _ngcontent-mtq-c129="" class="form-group" hidden="true", 51513408882529245424246001655845665969, http://localhost:8080/petclinic/vets/add
51513408882529245424246001655845665969, 152196453487399141708439231527867863265 -> form [<div _ngcontent-mtq-c129="" class="form-group" hidden="true", 51513408882529245424246001655845665969, http://localhost:8080/petclinic/vets/add
51513408882529245424246001655845665969, 152196453487399141708439231527867863265 -> form [<div _ngcontent-mtq-c129="" class="form-group" hidden="true", 51513408882529245424246001655845665969, http://localhost:8080/petclinic/vets/add
51513408882529245424246001655845665969, 152196453487399141708439231527867863265 -> form [<div _ngcontent-mtq-c129="" class="form-group" hidden="true", 275219392977940976024142637114578803926, http://localhost:8080/petclinic/vets/add
49422149324400457114317816287120169614, None, 49422149324400457114317816287120169614, http://localhost:8080/petclinic/
49422149324400457114317816287120169614, None, 49422149324400457114317816287120169614, http://localhost:8080/petclinic/
49422149324400457114317816287120169614, None, 49422149324400457114317816287120169614, http://localhost:8080/petclinic/
49422149324400457114317816287120169614, 155607103347554715984439657948017334379 -> a ['Veterinarians', <span _ngcontent-rau-c45="" class="caret", 74849793808848032408097070206027864246, http://localhost:8080/petclinic/
74849793808848032408097070206027864246, 275244317707329962482210525987992610345 -> a [<span _ngcontent-rau-c45="" aria-hidden="true" class="glyphicon glyphicon-plus", 87782023619722292446836137091803110028, http://localhost:8080/petclinic/vets/add
87782023619722292446836137091803110028, 31112633588781153512441552701520006644 -> form [<div _ngcontent-rau-c129="" class="form-group" hidden="true", 51513408882529245424246001655845665969, http://localhost:8080/petclinic/vets/add
51513408882529245424246001655845665969, 39411138643291085510198690677476834893 -> form [<div _ngcontent-rau-c129="" class="form-group" hidden="true", 34597802619318803624506757451047857156, http://localhost:8080/petclinic/vets/add
34597802619318803624506757451047857156, 131941082588240282661240665724421559667 -> form [<div _ngcontent-rau-c129="" class="form-group" hidden="true", 34597802619318803624506757451047857156, http://localhost:8080/petclinic/vets/add
34597802619318803624506757451047857156, 131941082588240282661240665724421559667 -> form [<div _ngcontent-rau-c129="" class="form-group" hidden="true", 34597802619318803624506757451047857156, http://localhost:8080/petclinic/vets/add
34597802619318803624506757451047857156, 131941082588240282661240665724421559667 -> form [<div _ngcontent-rau-c129="" class="form-group" hidden="true", 137679671862492287408360939877975494605, http://localhost:8080/petclinic/vets/add
137679671862492287408360939877975494605, 288882843532507166747499516739341791103 -> form [<div _ngcontent-rau-c129="" class="form-group" hidden="true", 24936221665016431968138362747332982765, http://localhost:8080/petclinic/vets/add
49422149324400457114317816287120169614, None, 49422149324400457114317816287120169614, http://localhost:8080/petclinic/
49422149324400457114317816287120169614, 289926465430375142096092636930554968308 -> a ['Veterinarians', <span _ngcontent-xvo-c45="" class="caret", 74849793808848032408097070206027864246, http://localhost:8080/petclinic/
74849793808848032408097070206027864246, 298437221853805621256892316353679756852 -> a [<span _ngcontent-xvo-c45="" aria-hidden="true" class="glyphicon glyphicon-search", 120962431678690102558501945372758632054, http://localhost:8080/petclinic/vets
49422149324400457114317816287120169614, None, 49422149324400457114317816287120169614, http://localhost:8080/petclinic/
49422149324400457114317816287120169614, None, 49422149324400457114317816287120169614, http://localhost:8080/petclinic/
