2022-05-26 11:33:45 WARNING  Starting
2022-05-26 11:33:51 ERROR    Failure: http://localhost:1800/ -> Refused to apply style from 'https://www.websitepolicies.com/?utm_medium=redirect&utm_campaign=redirect&utm_source=wpcc.io' because its MIME type ('text/html') is not a supported stylesheet MIME type, and strict MIME checking is enabled.
2022-05-26 11:33:51 ERROR    Failure: http://localhost:1800/ -> net::ERR_ABORTED
2022-05-26 11:33:52 ERROR    Failure: http://localhost:1800/ -> Refused to execute script from 'https://www.websitepolicies.com/?utm_medium=redirect&utm_campaign=redirect&utm_source=wpcc.io' because its MIME type ('text/html') is not executable, and strict MIME type checking is enabled.
2022-05-26 11:33:53 ERROR    Failure: http://localhost:1800/ -> Failed to load resource: the server responded with a status of 401 (Unauthorized)
2022-05-26 11:33:53 ERROR    Failure: http://localhost:1800/ -> status code(401) -> Not logged in
2022-05-26 11:34:02 ERROR    Failure: http://localhost:1800/ -> Refused to apply style from 'https://www.websitepolicies.com/?utm_medium=redirect&utm_campaign=redirect&utm_source=wpcc.io' because its MIME type ('text/html') is not a supported stylesheet MIME type, and strict MIME checking is enabled.
2022-05-26 11:34:02 ERROR    Failure: http://localhost:1800/ -> net::ERR_ABORTED
2022-05-26 11:34:02 ERROR    Failure: http://localhost:1800/ -> Refused to execute script from 'https://www.websitepolicies.com/?utm_medium=redirect&utm_campaign=redirect&utm_source=wpcc.io' because its MIME type ('text/html') is not executable, and strict MIME type checking is enabled.
2022-05-26 11:34:03 ERROR    Failure: http://localhost:1800/ -> Failed to load resource: the server responded with a status of 401 (Unauthorized)
2022-05-26 11:34:03 ERROR    Failure: http://localhost:1800/ -> status code(401) -> Not logged in
2022-05-26 11:34:11 ERROR    Failure: http://localhost:1800/ -> Refused to apply style from 'https://www.websitepolicies.com/?utm_medium=redirect&utm_campaign=redirect&utm_source=wpcc.io' because its MIME type ('text/html') is not a supported stylesheet MIME type, and strict MIME checking is enabled.
2022-05-26 11:34:11 ERROR    Failure: http://localhost:1800/ -> net::ERR_ABORTED
2022-05-26 11:34:11 ERROR    Failure: http://localhost:1800/ -> Refused to execute script from 'https://www.websitepolicies.com/?utm_medium=redirect&utm_campaign=redirect&utm_source=wpcc.io' because its MIME type ('text/html') is not executable, and strict MIME type checking is enabled.
2022-05-26 11:34:12 ERROR    Failure: http://localhost:1800/ -> Failed to load resource: the server responded with a status of 401 (Unauthorized)
2022-05-26 11:34:12 ERROR    Failure: http://localhost:1800/ -> status code(401) -> Not logged in
2022-05-26 11:34:19 ERROR    Failure: http://localhost:1800/ -> Refused to apply style from 'https://www.websitepolicies.com/?utm_medium=redirect&utm_campaign=redirect&utm_source=wpcc.io' because its MIME type ('text/html') is not a supported stylesheet MIME type, and strict MIME checking is enabled.
2022-05-26 11:34:19 ERROR    Failure: http://localhost:1800/ -> net::ERR_ABORTED
2022-05-26 11:34:20 ERROR    Failure: http://localhost:1800/ -> Refused to execute script from 'https://www.websitepolicies.com/?utm_medium=redirect&utm_campaign=redirect&utm_source=wpcc.io' because its MIME type ('text/html') is not executable, and strict MIME type checking is enabled.
2022-05-26 11:34:20 ERROR    Failure: http://localhost:1800/ -> Failed to load resource: the server responded with a status of 401 (Unauthorized)
2022-05-26 11:34:20 ERROR    Failure: http://localhost:1800/ -> status code(401) -> Not logged in
2022-05-26 11:34:28 ERROR    Failure: http://localhost:1800/ -> Refused to apply style from 'https://www.websitepolicies.com/?utm_medium=redirect&utm_campaign=redirect&utm_source=wpcc.io' because its MIME type ('text/html') is not a supported stylesheet MIME type, and strict MIME checking is enabled.
2022-05-26 11:34:28 ERROR    Failure: http://localhost:1800/ -> net::ERR_ABORTED
2022-05-26 11:34:28 ERROR    Failure: http://localhost:1800/ -> Refused to execute script from 'https://www.websitepolicies.com/?utm_medium=redirect&utm_campaign=redirect&utm_source=wpcc.io' because its MIME type ('text/html') is not executable, and strict MIME type checking is enabled.
2022-05-26 11:34:29 ERROR    Failure: http://localhost:1800/ -> Failed to load resource: the server responded with a status of 401 (Unauthorized)
2022-05-26 11:34:29 ERROR    Failure: http://localhost:1800/ -> status code(401) -> Not logged in
2022-05-26 11:34:35 ERROR    Failure: http://localhost:1800/subscribe?product=self-hosted -> Refused to apply style from 'https://www.websitepolicies.com/?utm_medium=redirect&utm_campaign=redirect&utm_source=wpcc.io' because its MIME type ('text/html') is not a supported stylesheet MIME type, and strict MIME checking is enabled.
2022-05-26 11:34:35 ERROR    Failure: http://localhost:1800/subscribe?product=self-hosted -> net::ERR_ABORTED
2022-05-26 11:34:37 ERROR    Failure: http://localhost:1800/ -> Refused to apply style from 'https://www.websitepolicies.com/?utm_medium=redirect&utm_campaign=redirect&utm_source=wpcc.io' because its MIME type ('text/html') is not a supported stylesheet MIME type, and strict MIME checking is enabled.
2022-05-26 11:34:37 ERROR    Failure: http://localhost:1800/ -> net::ERR_ABORTED
2022-05-26 11:34:37 ERROR    Failure: http://localhost:1800/ -> Refused to execute script from 'https://www.websitepolicies.com/?utm_medium=redirect&utm_campaign=redirect&utm_source=wpcc.io' because its MIME type ('text/html') is not executable, and strict MIME type checking is enabled.
2022-05-26 11:34:38 ERROR    Failure: http://localhost:1800/ -> Failed to load resource: the server responded with a status of 401 (Unauthorized)
2022-05-26 11:34:38 ERROR    Failure: http://localhost:1800/ -> status code(401) -> Not logged in
2022-05-26 11:34:44 ERROR    Failure: http://localhost:1800/login -> Refused to apply style from 'https://www.websitepolicies.com/?utm_medium=redirect&utm_campaign=redirect&utm_source=wpcc.io' because its MIME type ('text/html') is not a supported stylesheet MIME type, and strict MIME checking is enabled.
2022-05-26 11:34:44 ERROR    Failure: http://localhost:1800/login -> net::ERR_ABORTED
2022-05-26 11:34:46 ERROR    Failure: http://localhost:1800/ -> Refused to apply style from 'https://www.websitepolicies.com/?utm_medium=redirect&utm_campaign=redirect&utm_source=wpcc.io' because its MIME type ('text/html') is not a supported stylesheet MIME type, and strict MIME checking is enabled.
2022-05-26 11:34:46 ERROR    Failure: http://localhost:1800/ -> net::ERR_ABORTED
2022-05-26 11:34:46 ERROR    Failure: http://localhost:1800/ -> Refused to execute script from 'https://www.websitepolicies.com/?utm_medium=redirect&utm_campaign=redirect&utm_source=wpcc.io' because its MIME type ('text/html') is not executable, and strict MIME type checking is enabled.
2022-05-26 11:34:47 ERROR    Failure: http://localhost:1800/ -> Failed to load resource: the server responded with a status of 401 (Unauthorized)
2022-05-26 11:34:47 ERROR    Failure: http://localhost:1800/ -> status code(401) -> Not logged in
2022-05-26 11:34:53 ERROR    Failure: http://localhost:1800/login -> Refused to apply style from 'https://www.websitepolicies.com/?utm_medium=redirect&utm_campaign=redirect&utm_source=wpcc.io' because its MIME type ('text/html') is not a supported stylesheet MIME type, and strict MIME checking is enabled.
2022-05-26 11:34:53 ERROR    Failure: http://localhost:1800/login -> net::ERR_ABORTED
2022-05-26 11:34:55 ERROR    Failure: http://localhost:1800/ -> Refused to apply style from 'https://www.websitepolicies.com/?utm_medium=redirect&utm_campaign=redirect&utm_source=wpcc.io' because its MIME type ('text/html') is not a supported stylesheet MIME type, and strict MIME checking is enabled.
2022-05-26 11:34:55 ERROR    Failure: http://localhost:1800/ -> net::ERR_ABORTED
2022-05-26 11:34:55 ERROR    Failure: http://localhost:1800/ -> Refused to execute script from 'https://www.websitepolicies.com/?utm_medium=redirect&utm_campaign=redirect&utm_source=wpcc.io' because its MIME type ('text/html') is not executable, and strict MIME type checking is enabled.
2022-05-26 11:34:56 ERROR    Failure: http://localhost:1800/ -> Failed to load resource: the server responded with a status of 401 (Unauthorized)
2022-05-26 11:34:56 ERROR    Failure: http://localhost:1800/ -> status code(401) -> Not logged in
2022-05-26 11:35:07 ERROR    Failure: http://localhost:1800/ -> Refused to apply style from 'https://www.websitepolicies.com/?utm_medium=redirect&utm_campaign=redirect&utm_source=wpcc.io' because its MIME type ('text/html') is not a supported stylesheet MIME type, and strict MIME checking is enabled.
2022-05-26 11:35:07 ERROR    Failure: http://localhost:1800/ -> net::ERR_ABORTED
2022-05-26 11:35:08 ERROR    Failure: http://localhost:1800/ -> Refused to execute script from 'https://www.websitepolicies.com/?utm_medium=redirect&utm_campaign=redirect&utm_source=wpcc.io' because its MIME type ('text/html') is not executable, and strict MIME type checking is enabled.
2022-05-26 11:35:08 ERROR    Failure: http://localhost:1800/ -> Failed to load resource: the server responded with a status of 401 (Unauthorized)
2022-05-26 11:35:08 ERROR    Failure: http://localhost:1800/ -> status code(401) -> Not logged in
2022-05-26 11:35:19 ERROR    Failure: http://localhost:1800/ -> Refused to apply style from 'https://www.websitepolicies.com/?utm_medium=redirect&utm_campaign=redirect&utm_source=wpcc.io' because its MIME type ('text/html') is not a supported stylesheet MIME type, and strict MIME checking is enabled.
2022-05-26 11:35:19 ERROR    Failure: http://localhost:1800/ -> net::ERR_ABORTED
2022-05-26 11:35:19 ERROR    Failure: http://localhost:1800/ -> Refused to execute script from 'https://www.websitepolicies.com/?utm_medium=redirect&utm_campaign=redirect&utm_source=wpcc.io' because its MIME type ('text/html') is not executable, and strict MIME type checking is enabled.
2022-05-26 11:35:19 ERROR    Failure: http://localhost:1800/ -> Failed to load resource: the server responded with a status of 401 (Unauthorized)
2022-05-26 11:35:19 ERROR    Failure: http://localhost:1800/ -> status code(401) -> Not logged in
2022-05-26 11:35:26 ERROR    Failure: http://localhost:1800/subscribe?product=self-hosted -> Refused to apply style from 'https://www.websitepolicies.com/?utm_medium=redirect&utm_campaign=redirect&utm_source=wpcc.io' because its MIME type ('text/html') is not a supported stylesheet MIME type, and strict MIME checking is enabled.
2022-05-26 11:35:26 ERROR    Failure: http://localhost:1800/subscribe?product=self-hosted -> net::ERR_ABORTED
2022-05-26 11:35:28 ERROR    Failure: http://localhost:1800/ -> Refused to apply style from 'https://www.websitepolicies.com/?utm_medium=redirect&utm_campaign=redirect&utm_source=wpcc.io' because its MIME type ('text/html') is not a supported stylesheet MIME type, and strict MIME checking is enabled.
2022-05-26 11:35:28 ERROR    Failure: http://localhost:1800/ -> net::ERR_ABORTED
2022-05-26 11:35:30 ERROR    Failure: http://localhost:1800/ -> Refused to execute script from 'https://www.websitepolicies.com/?utm_medium=redirect&utm_campaign=redirect&utm_source=wpcc.io' because its MIME type ('text/html') is not executable, and strict MIME type checking is enabled.
2022-05-26 11:35:30 ERROR    Failure: http://localhost:1800/ -> Failed to load resource: the server responded with a status of 401 (Unauthorized)
2022-05-26 11:35:30 ERROR    Failure: http://localhost:1800/ -> status code(401) -> Not logged in
2022-05-26 11:35:37 ERROR    Failure: http://localhost:1800/login -> Refused to apply style from 'https://www.websitepolicies.com/?utm_medium=redirect&utm_campaign=redirect&utm_source=wpcc.io' because its MIME type ('text/html') is not a supported stylesheet MIME type, and strict MIME checking is enabled.
2022-05-26 11:35:37 ERROR    Failure: http://localhost:1800/login -> net::ERR_ABORTED
2022-05-26 11:35:38 ERROR    Failure: http://localhost:1800/ -> Refused to apply style from 'https://www.websitepolicies.com/?utm_medium=redirect&utm_campaign=redirect&utm_source=wpcc.io' because its MIME type ('text/html') is not a supported stylesheet MIME type, and strict MIME checking is enabled.
2022-05-26 11:35:38 ERROR    Failure: http://localhost:1800/ -> net::ERR_ABORTED
2022-05-26 11:35:39 ERROR    Failure: http://localhost:1800/ -> Refused to execute script from 'https://www.websitepolicies.com/?utm_medium=redirect&utm_campaign=redirect&utm_source=wpcc.io' because its MIME type ('text/html') is not executable, and strict MIME type checking is enabled.
2022-05-26 11:35:39 ERROR    Failure: http://localhost:1800/ -> Failed to load resource: the server responded with a status of 401 (Unauthorized)
2022-05-26 11:35:39 ERROR    Failure: http://localhost:1800/ -> status code(401) -> Not logged in
2022-05-26 11:35:50 ERROR    Failure: http://localhost:1800/ -> Refused to apply style from 'https://www.websitepolicies.com/?utm_medium=redirect&utm_campaign=redirect&utm_source=wpcc.io' because its MIME type ('text/html') is not a supported stylesheet MIME type, and strict MIME checking is enabled.
2022-05-26 11:35:50 ERROR    Failure: http://localhost:1800/ -> net::ERR_ABORTED
2022-05-26 11:35:50 ERROR    Failure: http://localhost:1800/ -> Refused to execute script from 'https://www.websitepolicies.com/?utm_medium=redirect&utm_campaign=redirect&utm_source=wpcc.io' because its MIME type ('text/html') is not executable, and strict MIME type checking is enabled.
2022-05-26 11:35:51 ERROR    Failure: http://localhost:1800/ -> Failed to load resource: the server responded with a status of 401 (Unauthorized)
2022-05-26 11:35:51 ERROR    Failure: http://localhost:1800/ -> status code(401) -> Not logged in
2022-05-26 11:35:58 ERROR    Failure: http://localhost:1800/ -> Refused to apply style from 'https://www.websitepolicies.com/?utm_medium=redirect&utm_campaign=redirect&utm_source=wpcc.io' because its MIME type ('text/html') is not a supported stylesheet MIME type, and strict MIME checking is enabled.
2022-05-26 11:35:58 ERROR    Failure: http://localhost:1800/ -> net::ERR_ABORTED
2022-05-26 11:35:59 ERROR    Failure: http://localhost:1800/ -> Refused to execute script from 'https://www.websitepolicies.com/?utm_medium=redirect&utm_campaign=redirect&utm_source=wpcc.io' because its MIME type ('text/html') is not executable, and strict MIME type checking is enabled.
2022-05-26 11:36:00 ERROR    Failure: http://localhost:1800/ -> Failed to load resource: the server responded with a status of 401 (Unauthorized)
2022-05-26 11:36:00 ERROR    Failure: http://localhost:1800/ -> status code(401) -> Not logged in
2022-05-26 11:36:06 ERROR    Failure: http://localhost:1800/subscribe?product=team -> Refused to apply style from 'https://www.websitepolicies.com/?utm_medium=redirect&utm_campaign=redirect&utm_source=wpcc.io' because its MIME type ('text/html') is not a supported stylesheet MIME type, and strict MIME checking is enabled.
2022-05-26 11:36:06 ERROR    Failure: http://localhost:1800/subscribe?product=team -> net::ERR_ABORTED
2022-05-26 11:36:08 ERROR    Failure: http://localhost:1800/ -> Refused to apply style from 'https://www.websitepolicies.com/?utm_medium=redirect&utm_campaign=redirect&utm_source=wpcc.io' because its MIME type ('text/html') is not a supported stylesheet MIME type, and strict MIME checking is enabled.
2022-05-26 11:36:08 ERROR    Failure: http://localhost:1800/ -> net::ERR_ABORTED
2022-05-26 11:36:08 ERROR    Failure: http://localhost:1800/ -> Refused to execute script from 'https://www.websitepolicies.com/?utm_medium=redirect&utm_campaign=redirect&utm_source=wpcc.io' because its MIME type ('text/html') is not executable, and strict MIME type checking is enabled.
2022-05-26 11:36:08 ERROR    Failure: http://localhost:1800/ -> Failed to load resource: the server responded with a status of 401 (Unauthorized)
2022-05-26 11:36:08 ERROR    Failure: http://localhost:1800/ -> status code(401) -> Not logged in
2022-05-26 11:36:14 ERROR    Failure: http://localhost:1800/subscribe?product=unlimited -> Refused to apply style from 'https://www.websitepolicies.com/?utm_medium=redirect&utm_campaign=redirect&utm_source=wpcc.io' because its MIME type ('text/html') is not a supported stylesheet MIME type, and strict MIME checking is enabled.
2022-05-26 11:36:14 ERROR    Failure: http://localhost:1800/subscribe?product=unlimited -> net::ERR_ABORTED
2022-05-26 11:36:16 ERROR    Failure: http://localhost:1800/ -> Refused to apply style from 'https://www.websitepolicies.com/?utm_medium=redirect&utm_campaign=redirect&utm_source=wpcc.io' because its MIME type ('text/html') is not a supported stylesheet MIME type, and strict MIME checking is enabled.
2022-05-26 11:36:16 ERROR    Failure: http://localhost:1800/ -> net::ERR_ABORTED
2022-05-26 11:36:17 ERROR    Failure: http://localhost:1800/ -> Refused to execute script from 'https://www.websitepolicies.com/?utm_medium=redirect&utm_campaign=redirect&utm_source=wpcc.io' because its MIME type ('text/html') is not executable, and strict MIME type checking is enabled.
2022-05-26 11:36:17 ERROR    Failure: http://localhost:1800/ -> Failed to load resource: the server responded with a status of 401 (Unauthorized)
2022-05-26 11:36:17 ERROR    Failure: http://localhost:1800/ -> status code(401) -> Not logged in
2022-05-26 11:36:23 ERROR    Failure: http://localhost:1800/subscribe?product=self-hosted -> Refused to apply style from 'https://www.websitepolicies.com/?utm_medium=redirect&utm_campaign=redirect&utm_source=wpcc.io' because its MIME type ('text/html') is not a supported stylesheet MIME type, and strict MIME checking is enabled.
2022-05-26 11:36:23 ERROR    Failure: http://localhost:1800/subscribe?product=self-hosted -> net::ERR_ABORTED
2022-05-26 11:36:25 ERROR    Failure: http://localhost:1800/ -> Refused to apply style from 'https://www.websitepolicies.com/?utm_medium=redirect&utm_campaign=redirect&utm_source=wpcc.io' because its MIME type ('text/html') is not a supported stylesheet MIME type, and strict MIME checking is enabled.
2022-05-26 11:36:25 ERROR    Failure: http://localhost:1800/ -> net::ERR_ABORTED
2022-05-26 11:36:25 ERROR    Failure: http://localhost:1800/ -> Refused to execute script from 'https://www.websitepolicies.com/?utm_medium=redirect&utm_campaign=redirect&utm_source=wpcc.io' because its MIME type ('text/html') is not executable, and strict MIME type checking is enabled.
2022-05-26 11:36:26 ERROR    Failure: http://localhost:1800/ -> Failed to load resource: the server responded with a status of 401 (Unauthorized)
2022-05-26 11:36:26 ERROR    Failure: http://localhost:1800/ -> status code(401) -> Not logged in
2022-05-26 11:36:34 ERROR    Failure: http://localhost:1800/ -> Refused to apply style from 'https://www.websitepolicies.com/?utm_medium=redirect&utm_campaign=redirect&utm_source=wpcc.io' because its MIME type ('text/html') is not a supported stylesheet MIME type, and strict MIME checking is enabled.
2022-05-26 11:36:34 ERROR    Failure: http://localhost:1800/ -> net::ERR_ABORTED
2022-05-26 11:36:35 ERROR    Failure: http://localhost:1800/ -> Refused to execute script from 'https://www.websitepolicies.com/?utm_medium=redirect&utm_campaign=redirect&utm_source=wpcc.io' because its MIME type ('text/html') is not executable, and strict MIME type checking is enabled.
2022-05-26 11:36:35 ERROR    Failure: http://localhost:1800/ -> Failed to load resource: the server responded with a status of 401 (Unauthorized)
2022-05-26 11:36:35 ERROR    Failure: http://localhost:1800/ -> status code(401) -> Not logged in
2022-05-26 11:36:41 ERROR    Failure: http://localhost:1800/subscribe?product=team -> Refused to apply style from 'https://www.websitepolicies.com/?utm_medium=redirect&utm_campaign=redirect&utm_source=wpcc.io' because its MIME type ('text/html') is not a supported stylesheet MIME type, and strict MIME checking is enabled.
2022-05-26 11:36:41 ERROR    Failure: http://localhost:1800/subscribe?product=team -> net::ERR_ABORTED
2022-05-26 11:36:43 ERROR    Failure: http://localhost:1800/ -> Refused to apply style from 'https://www.websitepolicies.com/?utm_medium=redirect&utm_campaign=redirect&utm_source=wpcc.io' because its MIME type ('text/html') is not a supported stylesheet MIME type, and strict MIME checking is enabled.
2022-05-26 11:36:43 ERROR    Failure: http://localhost:1800/ -> net::ERR_ABORTED
2022-05-26 11:36:44 ERROR    Failure: http://localhost:1800/ -> Refused to execute script from 'https://www.websitepolicies.com/?utm_medium=redirect&utm_campaign=redirect&utm_source=wpcc.io' because its MIME type ('text/html') is not executable, and strict MIME type checking is enabled.
2022-05-26 11:36:44 ERROR    Failure: http://localhost:1800/ -> Failed to load resource: the server responded with a status of 401 (Unauthorized)
2022-05-26 11:36:44 ERROR    Failure: http://localhost:1800/ -> status code(401) -> Not logged in
2022-05-26 11:36:54 ERROR    Failure: http://localhost:1800/ -> Refused to apply style from 'https://www.websitepolicies.com/?utm_medium=redirect&utm_campaign=redirect&utm_source=wpcc.io' because its MIME type ('text/html') is not a supported stylesheet MIME type, and strict MIME checking is enabled.
2022-05-26 11:36:54 ERROR    Failure: http://localhost:1800/ -> net::ERR_ABORTED
2022-05-26 11:36:55 ERROR    Failure: http://localhost:1800/ -> Refused to execute script from 'https://www.websitepolicies.com/?utm_medium=redirect&utm_campaign=redirect&utm_source=wpcc.io' because its MIME type ('text/html') is not executable, and strict MIME type checking is enabled.
2022-05-26 11:36:56 ERROR    Failure: http://localhost:1800/ -> Failed to load resource: the server responded with a status of 401 (Unauthorized)
2022-05-26 11:36:56 ERROR    Failure: http://localhost:1800/ -> status code(401) -> Not logged in
2022-05-26 11:37:05 ERROR    Failure: http://localhost:1800/ -> Refused to apply style from 'https://www.websitepolicies.com/?utm_medium=redirect&utm_campaign=redirect&utm_source=wpcc.io' because its MIME type ('text/html') is not a supported stylesheet MIME type, and strict MIME checking is enabled.
2022-05-26 11:37:05 ERROR    Failure: http://localhost:1800/ -> net::ERR_ABORTED
2022-05-26 11:37:05 ERROR    Failure: http://localhost:1800/ -> Refused to execute script from 'https://www.websitepolicies.com/?utm_medium=redirect&utm_campaign=redirect&utm_source=wpcc.io' because its MIME type ('text/html') is not executable, and strict MIME type checking is enabled.
2022-05-26 11:37:05 ERROR    Failure: http://localhost:1800/ -> Failed to load resource: the server responded with a status of 401 (Unauthorized)
2022-05-26 11:37:05 ERROR    Failure: http://localhost:1800/ -> status code(401) -> Not logged in
2022-05-26 11:37:14 ERROR    Failure: http://localhost:1800/ -> Refused to apply style from 'https://www.websitepolicies.com/?utm_medium=redirect&utm_campaign=redirect&utm_source=wpcc.io' because its MIME type ('text/html') is not a supported stylesheet MIME type, and strict MIME checking is enabled.
2022-05-26 11:37:14 ERROR    Failure: http://localhost:1800/ -> net::ERR_ABORTED
2022-05-26 11:37:15 ERROR    Failure: http://localhost:1800/ -> Refused to execute script from 'https://www.websitepolicies.com/?utm_medium=redirect&utm_campaign=redirect&utm_source=wpcc.io' because its MIME type ('text/html') is not executable, and strict MIME type checking is enabled.
2022-05-26 11:37:15 ERROR    Failure: http://localhost:1800/ -> Failed to load resource: the server responded with a status of 401 (Unauthorized)
2022-05-26 11:37:15 ERROR    Failure: http://localhost:1800/ -> status code(401) -> Not logged in
2022-05-26 11:37:21 ERROR    Failure: http://localhost:1800/subscribe?product=unlimited -> Refused to apply style from 'https://www.websitepolicies.com/?utm_medium=redirect&utm_campaign=redirect&utm_source=wpcc.io' because its MIME type ('text/html') is not a supported stylesheet MIME type, and strict MIME checking is enabled.
2022-05-26 11:37:21 ERROR    Failure: http://localhost:1800/subscribe?product=unlimited -> net::ERR_ABORTED
2022-05-26 11:37:23 ERROR    Failure: http://localhost:1800/ -> Refused to apply style from 'https://www.websitepolicies.com/?utm_medium=redirect&utm_campaign=redirect&utm_source=wpcc.io' because its MIME type ('text/html') is not a supported stylesheet MIME type, and strict MIME checking is enabled.
2022-05-26 11:37:23 ERROR    Failure: http://localhost:1800/ -> net::ERR_ABORTED
2022-05-26 11:37:23 ERROR    Failure: http://localhost:1800/ -> Refused to execute script from 'https://www.websitepolicies.com/?utm_medium=redirect&utm_campaign=redirect&utm_source=wpcc.io' because its MIME type ('text/html') is not executable, and strict MIME type checking is enabled.
2022-05-26 11:37:24 ERROR    Failure: http://localhost:1800/ -> Failed to load resource: the server responded with a status of 401 (Unauthorized)
2022-05-26 11:37:24 ERROR    Failure: http://localhost:1800/ -> status code(401) -> Not logged in
2022-05-26 11:37:32 ERROR    Failure: http://localhost:1800/ -> Refused to apply style from 'https://www.websitepolicies.com/?utm_medium=redirect&utm_campaign=redirect&utm_source=wpcc.io' because its MIME type ('text/html') is not a supported stylesheet MIME type, and strict MIME checking is enabled.
2022-05-26 11:37:32 ERROR    Failure: http://localhost:1800/ -> net::ERR_ABORTED
2022-05-26 11:37:33 ERROR    Failure: http://localhost:1800/ -> Refused to execute script from 'https://www.websitepolicies.com/?utm_medium=redirect&utm_campaign=redirect&utm_source=wpcc.io' because its MIME type ('text/html') is not executable, and strict MIME type checking is enabled.
2022-05-26 11:37:33 ERROR    Failure: http://localhost:1800/ -> Failed to load resource: the server responded with a status of 401 (Unauthorized)
2022-05-26 11:37:33 ERROR    Failure: http://localhost:1800/ -> status code(401) -> Not logged in
2022-05-26 11:37:38 ERROR    Failure: http://localhost:1800/ -> net::ERR_ABORTED
2022-05-26 11:37:41 ERROR    Failure: http://localhost:1800/ -> Refused to apply style from 'https://www.websitepolicies.com/?utm_medium=redirect&utm_campaign=redirect&utm_source=wpcc.io' because its MIME type ('text/html') is not a supported stylesheet MIME type, and strict MIME checking is enabled.
2022-05-26 11:37:41 ERROR    Failure: http://localhost:1800/ -> net::ERR_ABORTED
2022-05-26 11:37:42 ERROR    Failure: http://localhost:1800/ -> Refused to execute script from 'https://www.websitepolicies.com/?utm_medium=redirect&utm_campaign=redirect&utm_source=wpcc.io' because its MIME type ('text/html') is not executable, and strict MIME type checking is enabled.
2022-05-26 11:37:42 ERROR    Failure: http://localhost:1800/ -> Failed to load resource: the server responded with a status of 401 (Unauthorized)
2022-05-26 11:37:42 ERROR    Failure: http://localhost:1800/ -> status code(401) -> Not logged in
2022-05-26 11:37:51 ERROR    Failure: http://localhost:1800/ -> Refused to apply style from 'https://www.websitepolicies.com/?utm_medium=redirect&utm_campaign=redirect&utm_source=wpcc.io' because its MIME type ('text/html') is not a supported stylesheet MIME type, and strict MIME checking is enabled.
2022-05-26 11:37:51 ERROR    Failure: http://localhost:1800/ -> net::ERR_ABORTED
2022-05-26 11:37:51 ERROR    Failure: http://localhost:1800/ -> Refused to execute script from 'https://www.websitepolicies.com/?utm_medium=redirect&utm_campaign=redirect&utm_source=wpcc.io' because its MIME type ('text/html') is not executable, and strict MIME type checking is enabled.
2022-05-26 11:37:52 ERROR    Failure: http://localhost:1800/ -> Failed to load resource: the server responded with a status of 401 (Unauthorized)
2022-05-26 11:37:52 ERROR    Failure: http://localhost:1800/ -> status code(401) -> Not logged in
2022-05-26 11:37:58 ERROR    Failure: http://localhost:1800/subscribe?product=unlimited -> Refused to apply style from 'https://www.websitepolicies.com/?utm_medium=redirect&utm_campaign=redirect&utm_source=wpcc.io' because its MIME type ('text/html') is not a supported stylesheet MIME type, and strict MIME checking is enabled.
2022-05-26 11:37:58 ERROR    Failure: http://localhost:1800/subscribe?product=unlimited -> net::ERR_ABORTED
2022-05-26 11:38:00 ERROR    Failure: http://localhost:1800/ -> Refused to apply style from 'https://www.websitepolicies.com/?utm_medium=redirect&utm_campaign=redirect&utm_source=wpcc.io' because its MIME type ('text/html') is not a supported stylesheet MIME type, and strict MIME checking is enabled.
2022-05-26 11:38:00 ERROR    Failure: http://localhost:1800/ -> net::ERR_ABORTED
2022-05-26 11:38:00 ERROR    Failure: http://localhost:1800/ -> Refused to execute script from 'https://www.websitepolicies.com/?utm_medium=redirect&utm_campaign=redirect&utm_source=wpcc.io' because its MIME type ('text/html') is not executable, and strict MIME type checking is enabled.
2022-05-26 11:38:01 ERROR    Failure: http://localhost:1800/ -> Failed to load resource: the server responded with a status of 401 (Unauthorized)
2022-05-26 11:38:01 ERROR    Failure: http://localhost:1800/ -> status code(401) -> Not logged in
2022-05-26 11:38:06 ERROR    Failure: http://localhost:1800/ -> net::ERR_ABORTED
2022-05-26 11:38:06 ERROR    Failure: http://localhost:1800/ -> net::ERR_ABORTED
2022-05-26 11:38:08 ERROR    Failure: http://localhost:1800/subscribe?product=team -> Refused to apply style from 'https://www.websitepolicies.com/?utm_medium=redirect&utm_campaign=redirect&utm_source=wpcc.io' because its MIME type ('text/html') is not a supported stylesheet MIME type, and strict MIME checking is enabled.
2022-05-26 11:38:08 ERROR    Failure: http://localhost:1800/subscribe?product=team -> net::ERR_ABORTED
2022-05-26 11:38:10 ERROR    Failure: http://localhost:1800/ -> Refused to apply style from 'https://www.websitepolicies.com/?utm_medium=redirect&utm_campaign=redirect&utm_source=wpcc.io' because its MIME type ('text/html') is not a supported stylesheet MIME type, and strict MIME checking is enabled.
2022-05-26 11:38:10 ERROR    Failure: http://localhost:1800/ -> net::ERR_ABORTED
2022-05-26 11:38:11 ERROR    Failure: http://localhost:1800/ -> Refused to execute script from 'https://www.websitepolicies.com/?utm_medium=redirect&utm_campaign=redirect&utm_source=wpcc.io' because its MIME type ('text/html') is not executable, and strict MIME type checking is enabled.
2022-05-26 11:38:11 ERROR    Failure: http://localhost:1800/ -> Failed to load resource: the server responded with a status of 401 (Unauthorized)
2022-05-26 11:38:11 ERROR    Failure: http://localhost:1800/ -> status code(401) -> Not logged in
2022-05-26 11:38:16 WARNING  redoing process
2022-05-26 11:38:17 ERROR    Failure: http://localhost:1800/login -> Refused to apply style from 'https://www.websitepolicies.com/?utm_medium=redirect&utm_campaign=redirect&utm_source=wpcc.io' because its MIME type ('text/html') is not a supported stylesheet MIME type, and strict MIME checking is enabled.
2022-05-26 11:38:17 ERROR    Failure: http://localhost:1800/login -> net::ERR_ABORTED
2022-05-26 11:38:19 ERROR    Failure: http://localhost:1800/ -> Refused to apply style from 'https://www.websitepolicies.com/?utm_medium=redirect&utm_campaign=redirect&utm_source=wpcc.io' because its MIME type ('text/html') is not a supported stylesheet MIME type, and strict MIME checking is enabled.
2022-05-26 11:38:19 ERROR    Failure: http://localhost:1800/ -> net::ERR_ABORTED
2022-05-26 11:38:19 ERROR    Failure: http://localhost:1800/ -> Refused to execute script from 'https://www.websitepolicies.com/?utm_medium=redirect&utm_campaign=redirect&utm_source=wpcc.io' because its MIME type ('text/html') is not executable, and strict MIME type checking is enabled.
2022-05-26 11:38:20 ERROR    Failure: http://localhost:1800/ -> Failed to load resource: the server responded with a status of 401 (Unauthorized)
2022-05-26 11:38:20 ERROR    Failure: http://localhost:1800/ -> status code(401) -> Not logged in
2022-05-26 11:38:29 ERROR    Failure: http://localhost:1800/ -> Refused to apply style from 'https://www.websitepolicies.com/?utm_medium=redirect&utm_campaign=redirect&utm_source=wpcc.io' because its MIME type ('text/html') is not a supported stylesheet MIME type, and strict MIME checking is enabled.
2022-05-26 11:38:29 ERROR    Failure: http://localhost:1800/ -> net::ERR_ABORTED
2022-05-26 11:38:29 ERROR    Failure: http://localhost:1800/ -> Refused to execute script from 'https://www.websitepolicies.com/?utm_medium=redirect&utm_campaign=redirect&utm_source=wpcc.io' because its MIME type ('text/html') is not executable, and strict MIME type checking is enabled.
2022-05-26 11:38:30 ERROR    Failure: http://localhost:1800/ -> Failed to load resource: the server responded with a status of 401 (Unauthorized)
2022-05-26 11:38:30 ERROR    Failure: http://localhost:1800/ -> status code(401) -> Not logged in
2022-05-26 11:38:36 ERROR    Failure: http://localhost:1800/login -> Refused to apply style from 'https://www.websitepolicies.com/?utm_medium=redirect&utm_campaign=redirect&utm_source=wpcc.io' because its MIME type ('text/html') is not a supported stylesheet MIME type, and strict MIME checking is enabled.
2022-05-26 11:38:36 ERROR    Failure: http://localhost:1800/login -> net::ERR_ABORTED
2022-05-26 11:38:38 ERROR    Failure: http://localhost:1800/ -> Refused to apply style from 'https://www.websitepolicies.com/?utm_medium=redirect&utm_campaign=redirect&utm_source=wpcc.io' because its MIME type ('text/html') is not a supported stylesheet MIME type, and strict MIME checking is enabled.
2022-05-26 11:38:38 ERROR    Failure: http://localhost:1800/ -> net::ERR_ABORTED
2022-05-26 11:38:38 ERROR    Failure: http://localhost:1800/ -> Refused to execute script from 'https://www.websitepolicies.com/?utm_medium=redirect&utm_campaign=redirect&utm_source=wpcc.io' because its MIME type ('text/html') is not executable, and strict MIME type checking is enabled.
2022-05-26 11:38:39 ERROR    Failure: http://localhost:1800/ -> Failed to load resource: the server responded with a status of 401 (Unauthorized)
2022-05-26 11:38:39 ERROR    Failure: http://localhost:1800/ -> status code(401) -> Not logged in
2022-05-26 11:38:45 ERROR    Failure: http://localhost:1800/subscribe?product=unlimited -> Refused to apply style from 'https://www.websitepolicies.com/?utm_medium=redirect&utm_campaign=redirect&utm_source=wpcc.io' because its MIME type ('text/html') is not a supported stylesheet MIME type, and strict MIME checking is enabled.
2022-05-26 11:38:45 ERROR    Failure: http://localhost:1800/subscribe?product=unlimited -> net::ERR_ABORTED
2022-05-26 11:38:46 ERROR    Failure: http://localhost:1800/ -> Refused to apply style from 'https://www.websitepolicies.com/?utm_medium=redirect&utm_campaign=redirect&utm_source=wpcc.io' because its MIME type ('text/html') is not a supported stylesheet MIME type, and strict MIME checking is enabled.
2022-05-26 11:38:46 ERROR    Failure: http://localhost:1800/ -> net::ERR_ABORTED
2022-05-26 11:38:47 ERROR    Failure: http://localhost:1800/ -> Refused to execute script from 'https://www.websitepolicies.com/?utm_medium=redirect&utm_campaign=redirect&utm_source=wpcc.io' because its MIME type ('text/html') is not executable, and strict MIME type checking is enabled.
2022-05-26 11:38:48 ERROR    Failure: http://localhost:1800/ -> Failed to load resource: the server responded with a status of 401 (Unauthorized)
2022-05-26 11:38:48 ERROR    Failure: http://localhost:1800/ -> status code(401) -> Not logged in
2022-05-26 11:38:54 ERROR    Failure: http://localhost:1800/subscribe?product=self-hosted -> Refused to apply style from 'https://www.websitepolicies.com/?utm_medium=redirect&utm_campaign=redirect&utm_source=wpcc.io' because its MIME type ('text/html') is not a supported stylesheet MIME type, and strict MIME checking is enabled.
2022-05-26 11:38:54 ERROR    Failure: http://localhost:1800/subscribe?product=self-hosted -> net::ERR_ABORTED
2022-05-26 11:38:55 ERROR    Failure: http://localhost:1800/ -> Refused to apply style from 'https://www.websitepolicies.com/?utm_medium=redirect&utm_campaign=redirect&utm_source=wpcc.io' because its MIME type ('text/html') is not a supported stylesheet MIME type, and strict MIME checking is enabled.
2022-05-26 11:38:55 ERROR    Failure: http://localhost:1800/ -> net::ERR_ABORTED
2022-05-26 11:38:56 ERROR    Failure: http://localhost:1800/ -> Refused to execute script from 'https://www.websitepolicies.com/?utm_medium=redirect&utm_campaign=redirect&utm_source=wpcc.io' because its MIME type ('text/html') is not executable, and strict MIME type checking is enabled.
2022-05-26 11:38:57 ERROR    Failure: http://localhost:1800/ -> Failed to load resource: the server responded with a status of 401 (Unauthorized)
2022-05-26 11:38:57 ERROR    Failure: http://localhost:1800/ -> status code(401) -> Not logged in
2022-05-26 11:39:03 ERROR    Failure: http://localhost:1800/subscribe?product=team -> Refused to apply style from 'https://www.websitepolicies.com/?utm_medium=redirect&utm_campaign=redirect&utm_source=wpcc.io' because its MIME type ('text/html') is not a supported stylesheet MIME type, and strict MIME checking is enabled.
2022-05-26 11:39:03 ERROR    Failure: http://localhost:1800/subscribe?product=team -> net::ERR_ABORTED
2022-05-26 11:39:04 ERROR    Failure: http://localhost:1800/ -> Refused to apply style from 'https://www.websitepolicies.com/?utm_medium=redirect&utm_campaign=redirect&utm_source=wpcc.io' because its MIME type ('text/html') is not a supported stylesheet MIME type, and strict MIME checking is enabled.
2022-05-26 11:39:04 ERROR    Failure: http://localhost:1800/ -> net::ERR_ABORTED
2022-05-26 11:39:05 ERROR    Failure: http://localhost:1800/ -> Refused to execute script from 'https://www.websitepolicies.com/?utm_medium=redirect&utm_campaign=redirect&utm_source=wpcc.io' because its MIME type ('text/html') is not executable, and strict MIME type checking is enabled.
2022-05-26 11:39:06 ERROR    Failure: http://localhost:1800/ -> Failed to load resource: the server responded with a status of 401 (Unauthorized)
2022-05-26 11:39:06 ERROR    Failure: http://localhost:1800/ -> status code(401) -> Not logged in
2022-05-26 11:39:12 ERROR    Failure: http://localhost:1800/subscribe?product=unlimited -> Refused to apply style from 'https://www.websitepolicies.com/?utm_medium=redirect&utm_campaign=redirect&utm_source=wpcc.io' because its MIME type ('text/html') is not a supported stylesheet MIME type, and strict MIME checking is enabled.
2022-05-26 11:39:12 ERROR    Failure: http://localhost:1800/subscribe?product=unlimited -> net::ERR_ABORTED
2022-05-26 11:39:13 ERROR    Failure: http://localhost:1800/ -> Refused to apply style from 'https://www.websitepolicies.com/?utm_medium=redirect&utm_campaign=redirect&utm_source=wpcc.io' because its MIME type ('text/html') is not a supported stylesheet MIME type, and strict MIME checking is enabled.
2022-05-26 11:39:13 ERROR    Failure: http://localhost:1800/ -> net::ERR_ABORTED
2022-05-26 11:39:14 ERROR    Failure: http://localhost:1800/ -> Refused to execute script from 'https://www.websitepolicies.com/?utm_medium=redirect&utm_campaign=redirect&utm_source=wpcc.io' because its MIME type ('text/html') is not executable, and strict MIME type checking is enabled.
2022-05-26 11:39:15 ERROR    Failure: http://localhost:1800/ -> Failed to load resource: the server responded with a status of 401 (Unauthorized)
2022-05-26 11:39:15 ERROR    Failure: http://localhost:1800/ -> status code(401) -> Not logged in
2022-05-26 11:39:25 ERROR    Failure: http://localhost:1800/ -> Refused to apply style from 'https://www.websitepolicies.com/?utm_medium=redirect&utm_campaign=redirect&utm_source=wpcc.io' because its MIME type ('text/html') is not a supported stylesheet MIME type, and strict MIME checking is enabled.
2022-05-26 11:39:25 ERROR    Failure: http://localhost:1800/ -> net::ERR_ABORTED
2022-05-26 11:39:26 ERROR    Failure: http://localhost:1800/ -> Refused to execute script from 'https://www.websitepolicies.com/?utm_medium=redirect&utm_campaign=redirect&utm_source=wpcc.io' because its MIME type ('text/html') is not executable, and strict MIME type checking is enabled.
2022-05-26 11:39:26 ERROR    Failure: http://localhost:1800/ -> Failed to load resource: the server responded with a status of 401 (Unauthorized)
2022-05-26 11:39:26 ERROR    Failure: http://localhost:1800/ -> status code(401) -> Not logged in
2022-05-26 11:39:35 ERROR    Failure: http://localhost:1800/ -> Refused to apply style from 'https://www.websitepolicies.com/?utm_medium=redirect&utm_campaign=redirect&utm_source=wpcc.io' because its MIME type ('text/html') is not a supported stylesheet MIME type, and strict MIME checking is enabled.
2022-05-26 11:39:35 ERROR    Failure: http://localhost:1800/ -> net::ERR_ABORTED
2022-05-26 11:39:36 ERROR    Failure: http://localhost:1800/ -> Refused to execute script from 'https://www.websitepolicies.com/?utm_medium=redirect&utm_campaign=redirect&utm_source=wpcc.io' because its MIME type ('text/html') is not executable, and strict MIME type checking is enabled.
2022-05-26 11:39:36 ERROR    Failure: http://localhost:1800/ -> Failed to load resource: the server responded with a status of 401 (Unauthorized)
2022-05-26 11:39:36 ERROR    Failure: http://localhost:1800/ -> status code(401) -> Not logged in
2022-05-26 11:39:46 ERROR    Failure: http://localhost:1800/ -> Refused to apply style from 'https://www.websitepolicies.com/?utm_medium=redirect&utm_campaign=redirect&utm_source=wpcc.io' because its MIME type ('text/html') is not a supported stylesheet MIME type, and strict MIME checking is enabled.
2022-05-26 11:39:46 ERROR    Failure: http://localhost:1800/ -> net::ERR_ABORTED
2022-05-26 11:39:47 ERROR    Failure: http://localhost:1800/ -> Refused to execute script from 'https://www.websitepolicies.com/?utm_medium=redirect&utm_campaign=redirect&utm_source=wpcc.io' because its MIME type ('text/html') is not executable, and strict MIME type checking is enabled.
2022-05-26 11:39:47 ERROR    Failure: http://localhost:1800/ -> Failed to load resource: the server responded with a status of 401 (Unauthorized)
2022-05-26 11:39:47 ERROR    Failure: http://localhost:1800/ -> status code(401) -> Not logged in
2022-05-26 11:39:58 ERROR    Failure: http://localhost:1800/ -> Refused to apply style from 'https://www.websitepolicies.com/?utm_medium=redirect&utm_campaign=redirect&utm_source=wpcc.io' because its MIME type ('text/html') is not a supported stylesheet MIME type, and strict MIME checking is enabled.
2022-05-26 11:39:58 ERROR    Failure: http://localhost:1800/ -> net::ERR_ABORTED
2022-05-26 11:39:58 ERROR    Failure: http://localhost:1800/ -> Refused to execute script from 'https://www.websitepolicies.com/?utm_medium=redirect&utm_campaign=redirect&utm_source=wpcc.io' because its MIME type ('text/html') is not executable, and strict MIME type checking is enabled.
2022-05-26 11:39:59 ERROR    Failure: http://localhost:1800/ -> Failed to load resource: the server responded with a status of 401 (Unauthorized)
2022-05-26 11:39:59 ERROR    Failure: http://localhost:1800/ -> status code(401) -> Not logged in
2022-05-26 11:40:06 ERROR    Failure: http://localhost:1800/login -> Refused to apply style from 'https://www.websitepolicies.com/?utm_medium=redirect&utm_campaign=redirect&utm_source=wpcc.io' because its MIME type ('text/html') is not a supported stylesheet MIME type, and strict MIME checking is enabled.
2022-05-26 11:40:06 ERROR    Failure: http://localhost:1800/login -> net::ERR_ABORTED
2022-05-26 11:40:07 ERROR    Failure: http://localhost:1800/ -> Refused to apply style from 'https://www.websitepolicies.com/?utm_medium=redirect&utm_campaign=redirect&utm_source=wpcc.io' because its MIME type ('text/html') is not a supported stylesheet MIME type, and strict MIME checking is enabled.
2022-05-26 11:40:07 ERROR    Failure: http://localhost:1800/ -> net::ERR_ABORTED
2022-05-26 11:40:08 ERROR    Failure: http://localhost:1800/ -> Refused to execute script from 'https://www.websitepolicies.com/?utm_medium=redirect&utm_campaign=redirect&utm_source=wpcc.io' because its MIME type ('text/html') is not executable, and strict MIME type checking is enabled.
2022-05-26 11:40:09 ERROR    Failure: http://localhost:1800/ -> Failed to load resource: the server responded with a status of 401 (Unauthorized)
2022-05-26 11:40:09 ERROR    Failure: http://localhost:1800/ -> status code(401) -> Not logged in
2022-05-26 11:40:15 ERROR    Failure: http://localhost:1800/subscribe?product=unlimited -> Refused to apply style from 'https://www.websitepolicies.com/?utm_medium=redirect&utm_campaign=redirect&utm_source=wpcc.io' because its MIME type ('text/html') is not a supported stylesheet MIME type, and strict MIME checking is enabled.
2022-05-26 11:40:15 ERROR    Failure: http://localhost:1800/subscribe?product=unlimited -> net::ERR_ABORTED
2022-05-26 11:40:16 ERROR    Failure: http://localhost:1800/ -> Refused to apply style from 'https://www.websitepolicies.com/?utm_medium=redirect&utm_campaign=redirect&utm_source=wpcc.io' because its MIME type ('text/html') is not a supported stylesheet MIME type, and strict MIME checking is enabled.
2022-05-26 11:40:16 ERROR    Failure: http://localhost:1800/ -> net::ERR_ABORTED
2022-05-26 11:40:17 ERROR    Failure: http://localhost:1800/ -> Refused to execute script from 'https://www.websitepolicies.com/?utm_medium=redirect&utm_campaign=redirect&utm_source=wpcc.io' because its MIME type ('text/html') is not executable, and strict MIME type checking is enabled.
2022-05-26 11:40:17 ERROR    Failure: http://localhost:1800/ -> Failed to load resource: the server responded with a status of 401 (Unauthorized)
2022-05-26 11:40:17 ERROR    Failure: http://localhost:1800/ -> status code(401) -> Not logged in
2022-05-26 11:40:24 ERROR    Failure: http://localhost:1800/subscribe?product=team -> Refused to apply style from 'https://www.websitepolicies.com/?utm_medium=redirect&utm_campaign=redirect&utm_source=wpcc.io' because its MIME type ('text/html') is not a supported stylesheet MIME type, and strict MIME checking is enabled.
2022-05-26 11:40:24 ERROR    Failure: http://localhost:1800/subscribe?product=team -> net::ERR_ABORTED
2022-05-26 11:40:25 ERROR    Failure: http://localhost:1800/ -> Refused to apply style from 'https://www.websitepolicies.com/?utm_medium=redirect&utm_campaign=redirect&utm_source=wpcc.io' because its MIME type ('text/html') is not a supported stylesheet MIME type, and strict MIME checking is enabled.
2022-05-26 11:40:25 ERROR    Failure: http://localhost:1800/ -> net::ERR_ABORTED
2022-05-26 11:40:26 ERROR    Failure: http://localhost:1800/ -> Refused to execute script from 'https://www.websitepolicies.com/?utm_medium=redirect&utm_campaign=redirect&utm_source=wpcc.io' because its MIME type ('text/html') is not executable, and strict MIME type checking is enabled.
2022-05-26 11:40:26 ERROR    Failure: http://localhost:1800/ -> Failed to load resource: the server responded with a status of 401 (Unauthorized)
2022-05-26 11:40:26 ERROR    Failure: http://localhost:1800/ -> status code(401) -> Not logged in
2022-05-26 11:40:33 ERROR    Failure: http://localhost:1800/ -> Refused to apply style from 'https://www.websitepolicies.com/?utm_medium=redirect&utm_campaign=redirect&utm_source=wpcc.io' because its MIME type ('text/html') is not a supported stylesheet MIME type, and strict MIME checking is enabled.
2022-05-26 11:40:33 ERROR    Failure: http://localhost:1800/ -> net::ERR_ABORTED
2022-05-26 11:40:34 ERROR    Failure: http://localhost:1800/ -> Refused to execute script from 'https://www.websitepolicies.com/?utm_medium=redirect&utm_campaign=redirect&utm_source=wpcc.io' because its MIME type ('text/html') is not executable, and strict MIME type checking is enabled.
2022-05-26 11:40:34 ERROR    Failure: http://localhost:1800/ -> Failed to load resource: the server responded with a status of 401 (Unauthorized)
2022-05-26 11:40:34 ERROR    Failure: http://localhost:1800/ -> status code(401) -> Not logged in
2022-05-26 11:40:41 ERROR    Failure: http://localhost:1800/ -> Refused to apply style from 'https://www.websitepolicies.com/?utm_medium=redirect&utm_campaign=redirect&utm_source=wpcc.io' because its MIME type ('text/html') is not a supported stylesheet MIME type, and strict MIME checking is enabled.
2022-05-26 11:40:41 ERROR    Failure: http://localhost:1800/ -> net::ERR_ABORTED
2022-05-26 11:40:42 ERROR    Failure: http://localhost:1800/ -> Refused to execute script from 'https://www.websitepolicies.com/?utm_medium=redirect&utm_campaign=redirect&utm_source=wpcc.io' because its MIME type ('text/html') is not executable, and strict MIME type checking is enabled.
2022-05-26 11:40:42 ERROR    Failure: http://localhost:1800/ -> Failed to load resource: the server responded with a status of 401 (Unauthorized)
2022-05-26 11:40:42 ERROR    Failure: http://localhost:1800/ -> status code(401) -> Not logged in
2022-05-26 11:40:48 ERROR    Failure: http://localhost:1800/ -> net::ERR_ABORTED
2022-05-26 11:40:48 ERROR    Failure: http://localhost:1800/ -> net::ERR_ABORTED
2022-05-26 11:40:50 ERROR    Failure: http://localhost:1800/ -> Refused to apply style from 'https://www.websitepolicies.com/?utm_medium=redirect&utm_campaign=redirect&utm_source=wpcc.io' because its MIME type ('text/html') is not a supported stylesheet MIME type, and strict MIME checking is enabled.
2022-05-26 11:40:50 ERROR    Failure: http://localhost:1800/ -> net::ERR_ABORTED
2022-05-26 11:40:51 ERROR    Failure: http://localhost:1800/ -> Refused to execute script from 'https://www.websitepolicies.com/?utm_medium=redirect&utm_campaign=redirect&utm_source=wpcc.io' because its MIME type ('text/html') is not executable, and strict MIME type checking is enabled.
2022-05-26 11:40:52 ERROR    Failure: http://localhost:1800/ -> Failed to load resource: the server responded with a status of 401 (Unauthorized)
2022-05-26 11:40:52 ERROR    Failure: http://localhost:1800/ -> status code(401) -> Not logged in
2022-05-26 11:41:01 ERROR    Failure: http://localhost:1800/ -> Refused to apply style from 'https://www.websitepolicies.com/?utm_medium=redirect&utm_campaign=redirect&utm_source=wpcc.io' because its MIME type ('text/html') is not a supported stylesheet MIME type, and strict MIME checking is enabled.
2022-05-26 11:41:01 ERROR    Failure: http://localhost:1800/ -> net::ERR_ABORTED
2022-05-26 11:41:01 ERROR    Failure: http://localhost:1800/ -> Refused to execute script from 'https://www.websitepolicies.com/?utm_medium=redirect&utm_campaign=redirect&utm_source=wpcc.io' because its MIME type ('text/html') is not executable, and strict MIME type checking is enabled.
2022-05-26 11:41:02 ERROR    Failure: http://localhost:1800/ -> Failed to load resource: the server responded with a status of 401 (Unauthorized)
2022-05-26 11:41:02 ERROR    Failure: http://localhost:1800/ -> status code(401) -> Not logged in
2022-05-26 11:41:09 ERROR    Failure: http://localhost:1800/subscribe?product=team -> Refused to apply style from 'https://www.websitepolicies.com/?utm_medium=redirect&utm_campaign=redirect&utm_source=wpcc.io' because its MIME type ('text/html') is not a supported stylesheet MIME type, and strict MIME checking is enabled.
2022-05-26 11:41:09 ERROR    Failure: http://localhost:1800/subscribe?product=team -> net::ERR_ABORTED
2022-05-26 11:41:11 ERROR    Failure: http://localhost:1800/ -> Refused to apply style from 'https://www.websitepolicies.com/?utm_medium=redirect&utm_campaign=redirect&utm_source=wpcc.io' because its MIME type ('text/html') is not a supported stylesheet MIME type, and strict MIME checking is enabled.
2022-05-26 11:41:11 ERROR    Failure: http://localhost:1800/ -> net::ERR_ABORTED
2022-05-26 11:41:11 ERROR    Failure: http://localhost:1800/ -> Refused to execute script from 'https://www.websitepolicies.com/?utm_medium=redirect&utm_campaign=redirect&utm_source=wpcc.io' because its MIME type ('text/html') is not executable, and strict MIME type checking is enabled.
2022-05-26 11:41:12 ERROR    Failure: http://localhost:1800/ -> Failed to load resource: the server responded with a status of 401 (Unauthorized)
2022-05-26 11:41:12 ERROR    Failure: http://localhost:1800/ -> status code(401) -> Not logged in
2022-05-26 11:41:21 ERROR    Failure: http://localhost:1800/ -> Refused to apply style from 'https://www.websitepolicies.com/?utm_medium=redirect&utm_campaign=redirect&utm_source=wpcc.io' because its MIME type ('text/html') is not a supported stylesheet MIME type, and strict MIME checking is enabled.
2022-05-26 11:41:21 ERROR    Failure: http://localhost:1800/ -> net::ERR_ABORTED
2022-05-26 11:41:22 ERROR    Failure: http://localhost:1800/ -> Refused to execute script from 'https://www.websitepolicies.com/?utm_medium=redirect&utm_campaign=redirect&utm_source=wpcc.io' because its MIME type ('text/html') is not executable, and strict MIME type checking is enabled.
2022-05-26 11:41:22 ERROR    Failure: http://localhost:1800/ -> Failed to load resource: the server responded with a status of 401 (Unauthorized)
2022-05-26 11:41:22 ERROR    Failure: http://localhost:1800/ -> status code(401) -> Not logged in
2022-05-26 11:41:29 ERROR    Failure: http://localhost:1800/ -> Refused to apply style from 'https://www.websitepolicies.com/?utm_medium=redirect&utm_campaign=redirect&utm_source=wpcc.io' because its MIME type ('text/html') is not a supported stylesheet MIME type, and strict MIME checking is enabled.
2022-05-26 11:41:29 ERROR    Failure: http://localhost:1800/ -> net::ERR_ABORTED
2022-05-26 11:41:29 ERROR    Failure: http://localhost:1800/ -> Refused to execute script from 'https://www.websitepolicies.com/?utm_medium=redirect&utm_campaign=redirect&utm_source=wpcc.io' because its MIME type ('text/html') is not executable, and strict MIME type checking is enabled.
2022-05-26 11:41:30 ERROR    Failure: http://localhost:1800/ -> Failed to load resource: the server responded with a status of 401 (Unauthorized)
2022-05-26 11:41:30 ERROR    Failure: http://localhost:1800/ -> status code(401) -> Not logged in
2022-05-26 11:41:38 ERROR    Failure: http://localhost:1800/ -> Refused to apply style from 'https://www.websitepolicies.com/?utm_medium=redirect&utm_campaign=redirect&utm_source=wpcc.io' because its MIME type ('text/html') is not a supported stylesheet MIME type, and strict MIME checking is enabled.
2022-05-26 11:41:38 ERROR    Failure: http://localhost:1800/ -> net::ERR_ABORTED
2022-05-26 11:41:39 ERROR    Failure: http://localhost:1800/ -> Refused to execute script from 'https://www.websitepolicies.com/?utm_medium=redirect&utm_campaign=redirect&utm_source=wpcc.io' because its MIME type ('text/html') is not executable, and strict MIME type checking is enabled.
2022-05-26 11:41:39 ERROR    Failure: http://localhost:1800/ -> Failed to load resource: the server responded with a status of 401 (Unauthorized)
2022-05-26 11:41:39 ERROR    Failure: http://localhost:1800/ -> status code(401) -> Not logged in
2022-05-26 11:41:48 ERROR    Failure: http://localhost:1800/ -> Refused to apply style from 'https://www.websitepolicies.com/?utm_medium=redirect&utm_campaign=redirect&utm_source=wpcc.io' because its MIME type ('text/html') is not a supported stylesheet MIME type, and strict MIME checking is enabled.
2022-05-26 11:41:48 ERROR    Failure: http://localhost:1800/ -> net::ERR_ABORTED
2022-05-26 11:41:48 ERROR    Failure: http://localhost:1800/ -> Refused to execute script from 'https://www.websitepolicies.com/?utm_medium=redirect&utm_campaign=redirect&utm_source=wpcc.io' because its MIME type ('text/html') is not executable, and strict MIME type checking is enabled.
2022-05-26 11:41:49 ERROR    Failure: http://localhost:1800/ -> Failed to load resource: the server responded with a status of 401 (Unauthorized)
2022-05-26 11:41:49 ERROR    Failure: http://localhost:1800/ -> status code(401) -> Not logged in
2022-05-26 11:41:54 ERROR    Failure: http://localhost:1800/ -> net::ERR_ABORTED
2022-05-26 11:41:55 ERROR    Failure: http://localhost:1800/subscribe?product=self-hosted -> Refused to apply style from 'https://www.websitepolicies.com/?utm_medium=redirect&utm_campaign=redirect&utm_source=wpcc.io' because its MIME type ('text/html') is not a supported stylesheet MIME type, and strict MIME checking is enabled.
2022-05-26 11:41:55 ERROR    Failure: http://localhost:1800/subscribe?product=self-hosted -> net::ERR_ABORTED
2022-05-26 11:41:57 ERROR    Failure: http://localhost:1800/ -> Refused to apply style from 'https://www.websitepolicies.com/?utm_medium=redirect&utm_campaign=redirect&utm_source=wpcc.io' because its MIME type ('text/html') is not a supported stylesheet MIME type, and strict MIME checking is enabled.
2022-05-26 11:41:57 ERROR    Failure: http://localhost:1800/ -> net::ERR_ABORTED
2022-05-26 11:41:57 ERROR    Failure: http://localhost:1800/ -> Refused to execute script from 'https://www.websitepolicies.com/?utm_medium=redirect&utm_campaign=redirect&utm_source=wpcc.io' because its MIME type ('text/html') is not executable, and strict MIME type checking is enabled.
2022-05-26 11:41:58 ERROR    Failure: http://localhost:1800/ -> Failed to load resource: the server responded with a status of 401 (Unauthorized)
2022-05-26 11:41:58 ERROR    Failure: http://localhost:1800/ -> status code(401) -> Not logged in
2022-05-26 11:42:07 ERROR    Failure: http://localhost:1800/ -> Refused to apply style from 'https://www.websitepolicies.com/?utm_medium=redirect&utm_campaign=redirect&utm_source=wpcc.io' because its MIME type ('text/html') is not a supported stylesheet MIME type, and strict MIME checking is enabled.
2022-05-26 11:42:07 ERROR    Failure: http://localhost:1800/ -> net::ERR_ABORTED
2022-05-26 11:42:07 ERROR    Failure: http://localhost:1800/ -> Refused to execute script from 'https://www.websitepolicies.com/?utm_medium=redirect&utm_campaign=redirect&utm_source=wpcc.io' because its MIME type ('text/html') is not executable, and strict MIME type checking is enabled.
2022-05-26 11:42:08 ERROR    Failure: http://localhost:1800/ -> Failed to load resource: the server responded with a status of 401 (Unauthorized)
2022-05-26 11:42:08 ERROR    Failure: http://localhost:1800/ -> status code(401) -> Not logged in
2022-05-26 11:42:13 WARNING  redoing process
2022-05-26 11:42:14 ERROR    Failure: http://localhost:1800/subscribe?product=self-hosted -> Refused to apply style from 'https://www.websitepolicies.com/?utm_medium=redirect&utm_campaign=redirect&utm_source=wpcc.io' because its MIME type ('text/html') is not a supported stylesheet MIME type, and strict MIME checking is enabled.
2022-05-26 11:42:14 ERROR    Failure: http://localhost:1800/subscribe?product=self-hosted -> net::ERR_ABORTED
2022-05-26 11:42:16 ERROR    Failure: http://localhost:1800/ -> Refused to apply style from 'https://www.websitepolicies.com/?utm_medium=redirect&utm_campaign=redirect&utm_source=wpcc.io' because its MIME type ('text/html') is not a supported stylesheet MIME type, and strict MIME checking is enabled.
2022-05-26 11:42:16 ERROR    Failure: http://localhost:1800/ -> net::ERR_ABORTED
2022-05-26 11:42:16 ERROR    Failure: http://localhost:1800/ -> Refused to execute script from 'https://www.websitepolicies.com/?utm_medium=redirect&utm_campaign=redirect&utm_source=wpcc.io' because its MIME type ('text/html') is not executable, and strict MIME type checking is enabled.
2022-05-26 11:42:17 ERROR    Failure: http://localhost:1800/ -> Failed to load resource: the server responded with a status of 401 (Unauthorized)
2022-05-26 11:42:17 ERROR    Failure: http://localhost:1800/ -> status code(401) -> Not logged in
2022-05-26 11:42:23 ERROR    Failure: http://localhost:1800/ -> net::ERR_ABORTED
2022-05-26 11:42:25 ERROR    Failure: http://localhost:1800/ -> Refused to apply style from 'https://www.websitepolicies.com/?utm_medium=redirect&utm_campaign=redirect&utm_source=wpcc.io' because its MIME type ('text/html') is not a supported stylesheet MIME type, and strict MIME checking is enabled.
2022-05-26 11:42:25 ERROR    Failure: http://localhost:1800/ -> net::ERR_ABORTED
2022-05-26 11:42:26 ERROR    Failure: http://localhost:1800/ -> Refused to execute script from 'https://www.websitepolicies.com/?utm_medium=redirect&utm_campaign=redirect&utm_source=wpcc.io' because its MIME type ('text/html') is not executable, and strict MIME type checking is enabled.
2022-05-26 11:42:26 ERROR    Failure: http://localhost:1800/ -> Failed to load resource: the server responded with a status of 401 (Unauthorized)
2022-05-26 11:42:26 ERROR    Failure: http://localhost:1800/ -> status code(401) -> Not logged in
2022-05-26 11:42:32 ERROR    Failure: http://localhost:1800/subscribe?product=self-hosted -> Refused to apply style from 'https://www.websitepolicies.com/?utm_medium=redirect&utm_campaign=redirect&utm_source=wpcc.io' because its MIME type ('text/html') is not a supported stylesheet MIME type, and strict MIME checking is enabled.
2022-05-26 11:42:32 ERROR    Failure: http://localhost:1800/subscribe?product=self-hosted -> net::ERR_ABORTED
2022-05-26 11:42:34 ERROR    Failure: http://localhost:1800/ -> Refused to apply style from 'https://www.websitepolicies.com/?utm_medium=redirect&utm_campaign=redirect&utm_source=wpcc.io' because its MIME type ('text/html') is not a supported stylesheet MIME type, and strict MIME checking is enabled.
2022-05-26 11:42:34 ERROR    Failure: http://localhost:1800/ -> net::ERR_ABORTED
2022-05-26 11:42:34 ERROR    Failure: http://localhost:1800/ -> Refused to execute script from 'https://www.websitepolicies.com/?utm_medium=redirect&utm_campaign=redirect&utm_source=wpcc.io' because its MIME type ('text/html') is not executable, and strict MIME type checking is enabled.
2022-05-26 11:42:35 ERROR    Failure: http://localhost:1800/ -> Failed to load resource: the server responded with a status of 401 (Unauthorized)
2022-05-26 11:42:35 ERROR    Failure: http://localhost:1800/ -> status code(401) -> Not logged in
2022-05-26 11:42:41 ERROR    Failure: http://localhost:1800/subscribe?product=unlimited -> Refused to apply style from 'https://www.websitepolicies.com/?utm_medium=redirect&utm_campaign=redirect&utm_source=wpcc.io' because its MIME type ('text/html') is not a supported stylesheet MIME type, and strict MIME checking is enabled.
2022-05-26 11:42:41 ERROR    Failure: http://localhost:1800/subscribe?product=unlimited -> net::ERR_ABORTED
2022-05-26 11:42:42 ERROR    Failure: http://localhost:1800/ -> Refused to apply style from 'https://www.websitepolicies.com/?utm_medium=redirect&utm_campaign=redirect&utm_source=wpcc.io' because its MIME type ('text/html') is not a supported stylesheet MIME type, and strict MIME checking is enabled.
2022-05-26 11:42:42 ERROR    Failure: http://localhost:1800/ -> net::ERR_ABORTED
2022-05-26 11:42:43 ERROR    Failure: http://localhost:1800/ -> Refused to execute script from 'https://www.websitepolicies.com/?utm_medium=redirect&utm_campaign=redirect&utm_source=wpcc.io' because its MIME type ('text/html') is not executable, and strict MIME type checking is enabled.
2022-05-26 11:42:44 ERROR    Failure: http://localhost:1800/ -> Failed to load resource: the server responded with a status of 401 (Unauthorized)
2022-05-26 11:42:44 ERROR    Failure: http://localhost:1800/ -> status code(401) -> Not logged in
2022-05-26 11:42:51 ERROR    Failure: http://localhost:1800/ -> Refused to apply style from 'https://www.websitepolicies.com/?utm_medium=redirect&utm_campaign=redirect&utm_source=wpcc.io' because its MIME type ('text/html') is not a supported stylesheet MIME type, and strict MIME checking is enabled.
2022-05-26 11:42:51 ERROR    Failure: http://localhost:1800/ -> net::ERR_ABORTED
2022-05-26 11:42:52 ERROR    Failure: http://localhost:1800/ -> Refused to execute script from 'https://www.websitepolicies.com/?utm_medium=redirect&utm_campaign=redirect&utm_source=wpcc.io' because its MIME type ('text/html') is not executable, and strict MIME type checking is enabled.
2022-05-26 11:42:53 ERROR    Failure: http://localhost:1800/ -> Failed to load resource: the server responded with a status of 401 (Unauthorized)
2022-05-26 11:42:53 ERROR    Failure: http://localhost:1800/ -> status code(401) -> Not logged in
2022-05-26 11:43:01 ERROR    Failure: http://localhost:1800/ -> Refused to apply style from 'https://www.websitepolicies.com/?utm_medium=redirect&utm_campaign=redirect&utm_source=wpcc.io' because its MIME type ('text/html') is not a supported stylesheet MIME type, and strict MIME checking is enabled.
2022-05-26 11:43:01 ERROR    Failure: http://localhost:1800/ -> net::ERR_ABORTED
2022-05-26 11:43:02 ERROR    Failure: http://localhost:1800/ -> Refused to execute script from 'https://www.websitepolicies.com/?utm_medium=redirect&utm_campaign=redirect&utm_source=wpcc.io' because its MIME type ('text/html') is not executable, and strict MIME type checking is enabled.
2022-05-26 11:43:03 ERROR    Failure: http://localhost:1800/ -> Failed to load resource: the server responded with a status of 401 (Unauthorized)
2022-05-26 11:43:03 ERROR    Failure: http://localhost:1800/ -> status code(401) -> Not logged in
2022-05-26 11:43:09 ERROR    Failure: http://localhost:1800/login -> Refused to apply style from 'https://www.websitepolicies.com/?utm_medium=redirect&utm_campaign=redirect&utm_source=wpcc.io' because its MIME type ('text/html') is not a supported stylesheet MIME type, and strict MIME checking is enabled.
2022-05-26 11:43:09 ERROR    Failure: http://localhost:1800/login -> net::ERR_ABORTED
2022-05-26 11:43:10 ERROR    Failure: http://localhost:1800/ -> Refused to apply style from 'https://www.websitepolicies.com/?utm_medium=redirect&utm_campaign=redirect&utm_source=wpcc.io' because its MIME type ('text/html') is not a supported stylesheet MIME type, and strict MIME checking is enabled.
2022-05-26 11:43:10 ERROR    Failure: http://localhost:1800/ -> net::ERR_ABORTED
2022-05-26 11:43:11 ERROR    Failure: http://localhost:1800/ -> Refused to execute script from 'https://www.websitepolicies.com/?utm_medium=redirect&utm_campaign=redirect&utm_source=wpcc.io' because its MIME type ('text/html') is not executable, and strict MIME type checking is enabled.
2022-05-26 11:43:12 ERROR    Failure: http://localhost:1800/ -> Failed to load resource: the server responded with a status of 401 (Unauthorized)
2022-05-26 11:43:12 ERROR    Failure: http://localhost:1800/ -> status code(401) -> Not logged in
2022-05-26 11:43:18 ERROR    Failure: http://localhost:1800/subscribe?product=team -> Refused to apply style from 'https://www.websitepolicies.com/?utm_medium=redirect&utm_campaign=redirect&utm_source=wpcc.io' because its MIME type ('text/html') is not a supported stylesheet MIME type, and strict MIME checking is enabled.
2022-05-26 11:43:18 ERROR    Failure: http://localhost:1800/subscribe?product=team -> net::ERR_ABORTED
2022-05-26 11:43:19 ERROR    Failure: http://localhost:1800/ -> Refused to apply style from 'https://www.websitepolicies.com/?utm_medium=redirect&utm_campaign=redirect&utm_source=wpcc.io' because its MIME type ('text/html') is not a supported stylesheet MIME type, and strict MIME checking is enabled.
2022-05-26 11:43:19 ERROR    Failure: http://localhost:1800/ -> net::ERR_ABORTED
2022-05-26 11:43:20 ERROR    Failure: http://localhost:1800/ -> Refused to execute script from 'https://www.websitepolicies.com/?utm_medium=redirect&utm_campaign=redirect&utm_source=wpcc.io' because its MIME type ('text/html') is not executable, and strict MIME type checking is enabled.
2022-05-26 11:43:20 ERROR    Failure: http://localhost:1800/ -> Failed to load resource: the server responded with a status of 401 (Unauthorized)
2022-05-26 11:43:21 ERROR    Failure: http://localhost:1800/ -> status code(401) -> Not logged in
2022-05-26 11:43:27 ERROR    Failure: http://localhost:1800/subscribe?product=unlimited -> Refused to apply style from 'https://www.websitepolicies.com/?utm_medium=redirect&utm_campaign=redirect&utm_source=wpcc.io' because its MIME type ('text/html') is not a supported stylesheet MIME type, and strict MIME checking is enabled.
2022-05-26 11:43:27 ERROR    Failure: http://localhost:1800/subscribe?product=unlimited -> net::ERR_ABORTED
2022-05-26 11:43:29 ERROR    Failure: http://localhost:1800/ -> Refused to apply style from 'https://www.websitepolicies.com/?utm_medium=redirect&utm_campaign=redirect&utm_source=wpcc.io' because its MIME type ('text/html') is not a supported stylesheet MIME type, and strict MIME checking is enabled.
2022-05-26 11:43:29 ERROR    Failure: http://localhost:1800/ -> net::ERR_ABORTED
2022-05-26 11:43:29 ERROR    Failure: http://localhost:1800/ -> Refused to execute script from 'https://www.websitepolicies.com/?utm_medium=redirect&utm_campaign=redirect&utm_source=wpcc.io' because its MIME type ('text/html') is not executable, and strict MIME type checking is enabled.
2022-05-26 11:43:30 ERROR    Failure: http://localhost:1800/ -> Failed to load resource: the server responded with a status of 401 (Unauthorized)
2022-05-26 11:43:30 ERROR    Failure: http://localhost:1800/ -> status code(401) -> Not logged in
2022-05-26 11:43:39 ERROR    Failure: http://localhost:1800/ -> Refused to apply style from 'https://www.websitepolicies.com/?utm_medium=redirect&utm_campaign=redirect&utm_source=wpcc.io' because its MIME type ('text/html') is not a supported stylesheet MIME type, and strict MIME checking is enabled.
2022-05-26 11:43:39 ERROR    Failure: http://localhost:1800/ -> net::ERR_ABORTED
2022-05-26 11:43:39 ERROR    Failure: http://localhost:1800/ -> Refused to execute script from 'https://www.websitepolicies.com/?utm_medium=redirect&utm_campaign=redirect&utm_source=wpcc.io' because its MIME type ('text/html') is not executable, and strict MIME type checking is enabled.
2022-05-26 11:43:39 ERROR    Failure: http://localhost:1800/ -> Failed to load resource: the server responded with a status of 401 (Unauthorized)
2022-05-26 11:43:39 ERROR    Failure: http://localhost:1800/ -> status code(401) -> Not logged in
2022-05-26 11:43:47 ERROR    Failure: http://localhost:1800/ -> Refused to apply style from 'https://www.websitepolicies.com/?utm_medium=redirect&utm_campaign=redirect&utm_source=wpcc.io' because its MIME type ('text/html') is not a supported stylesheet MIME type, and strict MIME checking is enabled.
2022-05-26 11:43:47 ERROR    Failure: http://localhost:1800/ -> net::ERR_ABORTED
2022-05-26 11:43:48 ERROR    Failure: http://localhost:1800/ -> Refused to execute script from 'https://www.websitepolicies.com/?utm_medium=redirect&utm_campaign=redirect&utm_source=wpcc.io' because its MIME type ('text/html') is not executable, and strict MIME type checking is enabled.
2022-05-26 11:43:48 ERROR    Failure: http://localhost:1800/ -> Failed to load resource: the server responded with a status of 401 (Unauthorized)
2022-05-26 11:43:48 ERROR    Failure: http://localhost:1800/ -> status code(401) -> Not logged in
2022-05-26 11:43:54 ERROR    Failure: http://localhost:1800/ -> net::ERR_ABORTED
2022-05-26 11:43:57 ERROR    Failure: http://localhost:1800/ -> Refused to apply style from 'https://www.websitepolicies.com/?utm_medium=redirect&utm_campaign=redirect&utm_source=wpcc.io' because its MIME type ('text/html') is not a supported stylesheet MIME type, and strict MIME checking is enabled.
2022-05-26 11:43:57 ERROR    Failure: http://localhost:1800/ -> net::ERR_ABORTED
2022-05-26 11:43:58 ERROR    Failure: http://localhost:1800/ -> Refused to execute script from 'https://www.websitepolicies.com/?utm_medium=redirect&utm_campaign=redirect&utm_source=wpcc.io' because its MIME type ('text/html') is not executable, and strict MIME type checking is enabled.
2022-05-26 11:43:58 ERROR    Failure: http://localhost:1800/ -> Failed to load resource: the server responded with a status of 401 (Unauthorized)
2022-05-26 11:43:59 ERROR    Failure: http://localhost:1800/ -> status code(401) -> Not logged in
2022-05-26 11:44:06 ERROR    Failure: http://localhost:1800/admin -> Failed to load resource: the server responded with a status of 403 (Forbidden)
2022-05-26 11:44:06 ERROR    Failure: http://localhost:1800/admin -> status code(403) -> You are not allowed to do this
2022-05-26 11:44:07 ERROR    Failure: http://localhost:1800/ -> Refused to apply style from 'https://www.websitepolicies.com/?utm_medium=redirect&utm_campaign=redirect&utm_source=wpcc.io' because its MIME type ('text/html') is not a supported stylesheet MIME type, and strict MIME checking is enabled.
2022-05-26 11:44:07 ERROR    Failure: http://localhost:1800/ -> net::ERR_ABORTED
2022-05-26 11:44:08 ERROR    Failure: http://localhost:1800/ -> Refused to execute script from 'https://www.websitepolicies.com/?utm_medium=redirect&utm_campaign=redirect&utm_source=wpcc.io' because its MIME type ('text/html') is not executable, and strict MIME type checking is enabled.
2022-05-26 11:44:08 ERROR    Failure: http://localhost:1800/ -> Failed to load resource: the server responded with a status of 401 (Unauthorized)
2022-05-26 11:44:08 ERROR    Failure: http://localhost:1800/ -> status code(401) -> Not logged in
2022-05-26 11:44:15 ERROR    Failure: http://localhost:1800/admin -> Failed to load resource: the server responded with a status of 403 (Forbidden)
2022-05-26 11:44:15 ERROR    Failure: http://localhost:1800/admin -> status code(403) -> You are not allowed to do this
2022-05-26 11:44:17 ERROR    Failure: http://localhost:1800/ -> Refused to apply style from 'https://www.websitepolicies.com/?utm_medium=redirect&utm_campaign=redirect&utm_source=wpcc.io' because its MIME type ('text/html') is not a supported stylesheet MIME type, and strict MIME checking is enabled.
2022-05-26 11:44:17 ERROR    Failure: http://localhost:1800/ -> net::ERR_ABORTED
2022-05-26 11:44:17 ERROR    Failure: http://localhost:1800/ -> Refused to execute script from 'https://www.websitepolicies.com/?utm_medium=redirect&utm_campaign=redirect&utm_source=wpcc.io' because its MIME type ('text/html') is not executable, and strict MIME type checking is enabled.
2022-05-26 11:44:18 ERROR    Failure: http://localhost:1800/ -> Failed to load resource: the server responded with a status of 401 (Unauthorized)
2022-05-26 11:44:18 ERROR    Failure: http://localhost:1800/ -> status code(401) -> Not logged in
2022-05-26 11:44:28 ERROR    Failure: http://localhost:1800/ -> Refused to apply style from 'https://www.websitepolicies.com/?utm_medium=redirect&utm_campaign=redirect&utm_source=wpcc.io' because its MIME type ('text/html') is not a supported stylesheet MIME type, and strict MIME checking is enabled.
2022-05-26 11:44:28 ERROR    Failure: http://localhost:1800/ -> net::ERR_ABORTED
2022-05-26 11:44:29 ERROR    Failure: http://localhost:1800/ -> Refused to execute script from 'https://www.websitepolicies.com/?utm_medium=redirect&utm_campaign=redirect&utm_source=wpcc.io' because its MIME type ('text/html') is not executable, and strict MIME type checking is enabled.
2022-05-26 11:44:29 ERROR    Failure: http://localhost:1800/ -> Failed to load resource: the server responded with a status of 401 (Unauthorized)
2022-05-26 11:44:29 ERROR    Failure: http://localhost:1800/ -> status code(401) -> Not logged in
2022-05-26 11:44:41 ERROR    Failure: http://localhost:1800/ -> Refused to apply style from 'https://www.websitepolicies.com/?utm_medium=redirect&utm_campaign=redirect&utm_source=wpcc.io' because its MIME type ('text/html') is not a supported stylesheet MIME type, and strict MIME checking is enabled.
2022-05-26 11:44:41 ERROR    Failure: http://localhost:1800/ -> net::ERR_ABORTED
2022-05-26 11:44:41 ERROR    Failure: http://localhost:1800/ -> Refused to execute script from 'https://www.websitepolicies.com/?utm_medium=redirect&utm_campaign=redirect&utm_source=wpcc.io' because its MIME type ('text/html') is not executable, and strict MIME type checking is enabled.
2022-05-26 11:44:42 ERROR    Failure: http://localhost:1800/ -> Failed to load resource: the server responded with a status of 401 (Unauthorized)
2022-05-26 11:44:42 ERROR    Failure: http://localhost:1800/ -> status code(401) -> Not logged in
2022-05-26 11:44:51 ERROR    Failure: http://localhost:1800/ -> Refused to apply style from 'https://www.websitepolicies.com/?utm_medium=redirect&utm_campaign=redirect&utm_source=wpcc.io' because its MIME type ('text/html') is not a supported stylesheet MIME type, and strict MIME checking is enabled.
2022-05-26 11:44:51 ERROR    Failure: http://localhost:1800/ -> net::ERR_ABORTED
2022-05-26 11:44:52 ERROR    Failure: http://localhost:1800/ -> Refused to execute script from 'https://www.websitepolicies.com/?utm_medium=redirect&utm_campaign=redirect&utm_source=wpcc.io' because its MIME type ('text/html') is not executable, and strict MIME type checking is enabled.
2022-05-26 11:44:53 ERROR    Failure: http://localhost:1800/ -> Failed to load resource: the server responded with a status of 401 (Unauthorized)
2022-05-26 11:44:53 ERROR    Failure: http://localhost:1800/ -> status code(401) -> Not logged in
2022-05-26 11:45:02 ERROR    Failure: http://localhost:1800/ -> Refused to apply style from 'https://www.websitepolicies.com/?utm_medium=redirect&utm_campaign=redirect&utm_source=wpcc.io' because its MIME type ('text/html') is not a supported stylesheet MIME type, and strict MIME checking is enabled.
2022-05-26 11:45:02 ERROR    Failure: http://localhost:1800/ -> net::ERR_ABORTED
2022-05-26 11:45:03 ERROR    Failure: http://localhost:1800/ -> Refused to execute script from 'https://www.websitepolicies.com/?utm_medium=redirect&utm_campaign=redirect&utm_source=wpcc.io' because its MIME type ('text/html') is not executable, and strict MIME type checking is enabled.
2022-05-26 11:45:03 ERROR    Failure: http://localhost:1800/ -> Failed to load resource: the server responded with a status of 401 (Unauthorized)
2022-05-26 11:45:03 ERROR    Failure: http://localhost:1800/ -> status code(401) -> Not logged in
2022-05-26 11:45:13 ERROR    Failure: http://localhost:1800/ -> Refused to apply style from 'https://www.websitepolicies.com/?utm_medium=redirect&utm_campaign=redirect&utm_source=wpcc.io' because its MIME type ('text/html') is not a supported stylesheet MIME type, and strict MIME checking is enabled.
2022-05-26 11:45:13 ERROR    Failure: http://localhost:1800/ -> net::ERR_ABORTED
2022-05-26 11:45:14 ERROR    Failure: http://localhost:1800/ -> Refused to execute script from 'https://www.websitepolicies.com/?utm_medium=redirect&utm_campaign=redirect&utm_source=wpcc.io' because its MIME type ('text/html') is not executable, and strict MIME type checking is enabled.
2022-05-26 11:45:15 ERROR    Failure: http://localhost:1800/ -> Failed to load resource: the server responded with a status of 401 (Unauthorized)
2022-05-26 11:45:15 ERROR    Failure: http://localhost:1800/ -> status code(401) -> Not logged in
2022-05-26 11:45:24 ERROR    Failure: http://localhost:1800/ -> Refused to apply style from 'https://www.websitepolicies.com/?utm_medium=redirect&utm_campaign=redirect&utm_source=wpcc.io' because its MIME type ('text/html') is not a supported stylesheet MIME type, and strict MIME checking is enabled.
2022-05-26 11:45:24 ERROR    Failure: http://localhost:1800/ -> net::ERR_ABORTED
2022-05-26 11:45:25 ERROR    Failure: http://localhost:1800/ -> Refused to execute script from 'https://www.websitepolicies.com/?utm_medium=redirect&utm_campaign=redirect&utm_source=wpcc.io' because its MIME type ('text/html') is not executable, and strict MIME type checking is enabled.
2022-05-26 11:45:25 ERROR    Failure: http://localhost:1800/ -> Failed to load resource: the server responded with a status of 401 (Unauthorized)
2022-05-26 11:45:25 ERROR    Failure: http://localhost:1800/ -> status code(401) -> Not logged in
2022-05-26 11:45:35 ERROR    Failure: http://localhost:1800/ -> Refused to apply style from 'https://www.websitepolicies.com/?utm_medium=redirect&utm_campaign=redirect&utm_source=wpcc.io' because its MIME type ('text/html') is not a supported stylesheet MIME type, and strict MIME checking is enabled.
2022-05-26 11:45:35 ERROR    Failure: http://localhost:1800/ -> net::ERR_ABORTED
2022-05-26 11:45:36 ERROR    Failure: http://localhost:1800/ -> Refused to execute script from 'https://www.websitepolicies.com/?utm_medium=redirect&utm_campaign=redirect&utm_source=wpcc.io' because its MIME type ('text/html') is not executable, and strict MIME type checking is enabled.
2022-05-26 11:45:36 ERROR    Failure: http://localhost:1800/ -> Failed to load resource: the server responded with a status of 401 (Unauthorized)
2022-05-26 11:45:36 ERROR    Failure: http://localhost:1800/ -> status code(401) -> Not logged in
2022-05-26 11:45:43 ERROR    Failure: http://localhost:1800/subscribe?product=self-hosted -> Refused to apply style from 'https://www.websitepolicies.com/?utm_medium=redirect&utm_campaign=redirect&utm_source=wpcc.io' because its MIME type ('text/html') is not a supported stylesheet MIME type, and strict MIME checking is enabled.
2022-05-26 11:45:43 ERROR    Failure: http://localhost:1800/subscribe?product=self-hosted -> net::ERR_ABORTED
2022-05-26 11:45:45 ERROR    Failure: http://localhost:1800/ -> Refused to apply style from 'https://www.websitepolicies.com/?utm_medium=redirect&utm_campaign=redirect&utm_source=wpcc.io' because its MIME type ('text/html') is not a supported stylesheet MIME type, and strict MIME checking is enabled.
2022-05-26 11:45:45 ERROR    Failure: http://localhost:1800/ -> net::ERR_ABORTED
2022-05-26 11:45:45 ERROR    Failure: http://localhost:1800/ -> Refused to execute script from 'https://www.websitepolicies.com/?utm_medium=redirect&utm_campaign=redirect&utm_source=wpcc.io' because its MIME type ('text/html') is not executable, and strict MIME type checking is enabled.
2022-05-26 11:45:46 ERROR    Failure: http://localhost:1800/ -> Failed to load resource: the server responded with a status of 401 (Unauthorized)
2022-05-26 11:45:46 ERROR    Failure: http://localhost:1800/ -> status code(401) -> Not logged in
2022-05-26 11:45:55 ERROR    Failure: http://localhost:1800/ -> Refused to apply style from 'https://www.websitepolicies.com/?utm_medium=redirect&utm_campaign=redirect&utm_source=wpcc.io' because its MIME type ('text/html') is not a supported stylesheet MIME type, and strict MIME checking is enabled.
2022-05-26 11:45:55 ERROR    Failure: http://localhost:1800/ -> net::ERR_ABORTED
2022-05-26 11:45:56 ERROR    Failure: http://localhost:1800/ -> Refused to execute script from 'https://www.websitepolicies.com/?utm_medium=redirect&utm_campaign=redirect&utm_source=wpcc.io' because its MIME type ('text/html') is not executable, and strict MIME type checking is enabled.
2022-05-26 11:45:56 ERROR    Failure: http://localhost:1800/ -> Failed to load resource: the server responded with a status of 401 (Unauthorized)
2022-05-26 11:45:56 ERROR    Failure: http://localhost:1800/ -> status code(401) -> Not logged in
2022-05-26 11:46:01 ERROR    Failure: http://localhost:1800/ -> net::ERR_ABORTED
2022-05-26 11:46:04 ERROR    Failure: http://localhost:1800/ -> Refused to apply style from 'https://www.websitepolicies.com/?utm_medium=redirect&utm_campaign=redirect&utm_source=wpcc.io' because its MIME type ('text/html') is not a supported stylesheet MIME type, and strict MIME checking is enabled.
2022-05-26 11:46:04 ERROR    Failure: http://localhost:1800/ -> net::ERR_ABORTED
2022-05-26 11:46:04 ERROR    Failure: http://localhost:1800/ -> Refused to execute script from 'https://www.websitepolicies.com/?utm_medium=redirect&utm_campaign=redirect&utm_source=wpcc.io' because its MIME type ('text/html') is not executable, and strict MIME type checking is enabled.
2022-05-26 11:46:05 ERROR    Failure: http://localhost:1800/ -> Failed to load resource: the server responded with a status of 401 (Unauthorized)
2022-05-26 11:46:05 ERROR    Failure: http://localhost:1800/ -> status code(401) -> Not logged in
2022-05-26 11:46:11 ERROR    Failure: http://localhost:1800/subscribe?product=team -> Refused to apply style from 'https://www.websitepolicies.com/?utm_medium=redirect&utm_campaign=redirect&utm_source=wpcc.io' because its MIME type ('text/html') is not a supported stylesheet MIME type, and strict MIME checking is enabled.
2022-05-26 11:46:11 ERROR    Failure: http://localhost:1800/subscribe?product=team -> net::ERR_ABORTED
2022-05-26 11:46:13 ERROR    Failure: http://localhost:1800/ -> Refused to apply style from 'https://www.websitepolicies.com/?utm_medium=redirect&utm_campaign=redirect&utm_source=wpcc.io' because its MIME type ('text/html') is not a supported stylesheet MIME type, and strict MIME checking is enabled.
2022-05-26 11:46:13 ERROR    Failure: http://localhost:1800/ -> net::ERR_ABORTED
2022-05-26 11:46:13 ERROR    Failure: http://localhost:1800/ -> Refused to execute script from 'https://www.websitepolicies.com/?utm_medium=redirect&utm_campaign=redirect&utm_source=wpcc.io' because its MIME type ('text/html') is not executable, and strict MIME type checking is enabled.
2022-05-26 11:46:14 ERROR    Failure: http://localhost:1800/ -> Failed to load resource: the server responded with a status of 401 (Unauthorized)
2022-05-26 11:46:14 ERROR    Failure: http://localhost:1800/ -> status code(401) -> Not logged in
2022-05-26 11:46:23 ERROR    Failure: http://localhost:1800/ -> Refused to apply style from 'https://www.websitepolicies.com/?utm_medium=redirect&utm_campaign=redirect&utm_source=wpcc.io' because its MIME type ('text/html') is not a supported stylesheet MIME type, and strict MIME checking is enabled.
2022-05-26 11:46:23 ERROR    Failure: http://localhost:1800/ -> net::ERR_ABORTED
2022-05-26 11:46:23 ERROR    Failure: http://localhost:1800/ -> Refused to execute script from 'https://www.websitepolicies.com/?utm_medium=redirect&utm_campaign=redirect&utm_source=wpcc.io' because its MIME type ('text/html') is not executable, and strict MIME type checking is enabled.
2022-05-26 11:46:24 ERROR    Failure: http://localhost:1800/ -> Failed to load resource: the server responded with a status of 401 (Unauthorized)
2022-05-26 11:46:24 ERROR    Failure: http://localhost:1800/ -> status code(401) -> Not logged in
2022-05-26 11:46:33 ERROR    Failure: http://localhost:1800/ -> Refused to apply style from 'https://www.websitepolicies.com/?utm_medium=redirect&utm_campaign=redirect&utm_source=wpcc.io' because its MIME type ('text/html') is not a supported stylesheet MIME type, and strict MIME checking is enabled.
2022-05-26 11:46:33 ERROR    Failure: http://localhost:1800/ -> net::ERR_ABORTED
2022-05-26 11:46:33 ERROR    Failure: http://localhost:1800/ -> Refused to execute script from 'https://www.websitepolicies.com/?utm_medium=redirect&utm_campaign=redirect&utm_source=wpcc.io' because its MIME type ('text/html') is not executable, and strict MIME type checking is enabled.
2022-05-26 11:46:34 ERROR    Failure: http://localhost:1800/ -> Failed to load resource: the server responded with a status of 401 (Unauthorized)
2022-05-26 11:46:34 ERROR    Failure: http://localhost:1800/ -> status code(401) -> Not logged in
2022-05-26 11:46:40 ERROR    Failure: http://localhost:1800/subscribe?product=unlimited -> Refused to apply style from 'https://www.websitepolicies.com/?utm_medium=redirect&utm_campaign=redirect&utm_source=wpcc.io' because its MIME type ('text/html') is not a supported stylesheet MIME type, and strict MIME checking is enabled.
2022-05-26 11:46:40 ERROR    Failure: http://localhost:1800/subscribe?product=unlimited -> net::ERR_ABORTED
2022-05-26 11:46:42 ERROR    Failure: http://localhost:1800/ -> Refused to apply style from 'https://www.websitepolicies.com/?utm_medium=redirect&utm_campaign=redirect&utm_source=wpcc.io' because its MIME type ('text/html') is not a supported stylesheet MIME type, and strict MIME checking is enabled.
2022-05-26 11:46:42 ERROR    Failure: http://localhost:1800/ -> net::ERR_ABORTED
2022-05-26 11:46:42 ERROR    Failure: http://localhost:1800/ -> Refused to execute script from 'https://www.websitepolicies.com/?utm_medium=redirect&utm_campaign=redirect&utm_source=wpcc.io' because its MIME type ('text/html') is not executable, and strict MIME type checking is enabled.
2022-05-26 11:46:43 ERROR    Failure: http://localhost:1800/ -> Failed to load resource: the server responded with a status of 401 (Unauthorized)
2022-05-26 11:46:43 ERROR    Failure: http://localhost:1800/ -> status code(401) -> Not logged in
2022-05-26 11:46:49 ERROR    Failure: http://localhost:1800/subscribe?product=team -> Refused to apply style from 'https://www.websitepolicies.com/?utm_medium=redirect&utm_campaign=redirect&utm_source=wpcc.io' because its MIME type ('text/html') is not a supported stylesheet MIME type, and strict MIME checking is enabled.
2022-05-26 11:46:49 ERROR    Failure: http://localhost:1800/subscribe?product=team -> net::ERR_ABORTED
2022-05-26 11:46:51 ERROR    Failure: http://localhost:1800/ -> Refused to apply style from 'https://www.websitepolicies.com/?utm_medium=redirect&utm_campaign=redirect&utm_source=wpcc.io' because its MIME type ('text/html') is not a supported stylesheet MIME type, and strict MIME checking is enabled.
2022-05-26 11:46:51 ERROR    Failure: http://localhost:1800/ -> net::ERR_ABORTED
2022-05-26 11:46:52 ERROR    Failure: http://localhost:1800/ -> Refused to execute script from 'https://www.websitepolicies.com/?utm_medium=redirect&utm_campaign=redirect&utm_source=wpcc.io' because its MIME type ('text/html') is not executable, and strict MIME type checking is enabled.
2022-05-26 11:46:52 ERROR    Failure: http://localhost:1800/ -> Failed to load resource: the server responded with a status of 401 (Unauthorized)
2022-05-26 11:46:52 ERROR    Failure: http://localhost:1800/ -> status code(401) -> Not logged in
2022-05-26 11:46:58 ERROR    Failure: http://localhost:1800/login -> Refused to apply style from 'https://www.websitepolicies.com/?utm_medium=redirect&utm_campaign=redirect&utm_source=wpcc.io' because its MIME type ('text/html') is not a supported stylesheet MIME type, and strict MIME checking is enabled.
2022-05-26 11:46:58 ERROR    Failure: http://localhost:1800/login -> net::ERR_ABORTED
2022-05-26 11:47:00 ERROR    Failure: http://localhost:1800/ -> Refused to apply style from 'https://www.websitepolicies.com/?utm_medium=redirect&utm_campaign=redirect&utm_source=wpcc.io' because its MIME type ('text/html') is not a supported stylesheet MIME type, and strict MIME checking is enabled.
2022-05-26 11:47:00 ERROR    Failure: http://localhost:1800/ -> net::ERR_ABORTED
2022-05-26 11:47:01 ERROR    Failure: http://localhost:1800/ -> Refused to execute script from 'https://www.websitepolicies.com/?utm_medium=redirect&utm_campaign=redirect&utm_source=wpcc.io' because its MIME type ('text/html') is not executable, and strict MIME type checking is enabled.
2022-05-26 11:47:01 ERROR    Failure: http://localhost:1800/ -> Failed to load resource: the server responded with a status of 401 (Unauthorized)
2022-05-26 11:47:01 ERROR    Failure: http://localhost:1800/ -> status code(401) -> Not logged in
2022-05-26 11:47:10 ERROR    Failure: http://localhost:1800/ -> Refused to apply style from 'https://www.websitepolicies.com/?utm_medium=redirect&utm_campaign=redirect&utm_source=wpcc.io' because its MIME type ('text/html') is not a supported stylesheet MIME type, and strict MIME checking is enabled.
2022-05-26 11:47:10 ERROR    Failure: http://localhost:1800/ -> net::ERR_ABORTED
2022-05-26 11:47:10 ERROR    Failure: http://localhost:1800/ -> Refused to execute script from 'https://www.websitepolicies.com/?utm_medium=redirect&utm_campaign=redirect&utm_source=wpcc.io' because its MIME type ('text/html') is not executable, and strict MIME type checking is enabled.
2022-05-26 11:47:10 ERROR    Failure: http://localhost:1800/ -> Failed to load resource: the server responded with a status of 401 (Unauthorized)
2022-05-26 11:47:10 ERROR    Failure: http://localhost:1800/ -> status code(401) -> Not logged in
2022-05-26 11:47:17 ERROR    Failure: http://localhost:1800/login -> Refused to apply style from 'https://www.websitepolicies.com/?utm_medium=redirect&utm_campaign=redirect&utm_source=wpcc.io' because its MIME type ('text/html') is not a supported stylesheet MIME type, and strict MIME checking is enabled.
2022-05-26 11:47:17 ERROR    Failure: http://localhost:1800/login -> net::ERR_ABORTED
2022-05-26 11:47:18 ERROR    Failure: http://localhost:1800/ -> Refused to apply style from 'https://www.websitepolicies.com/?utm_medium=redirect&utm_campaign=redirect&utm_source=wpcc.io' because its MIME type ('text/html') is not a supported stylesheet MIME type, and strict MIME checking is enabled.
2022-05-26 11:47:18 ERROR    Failure: http://localhost:1800/ -> net::ERR_ABORTED
2022-05-26 11:47:18 ERROR    Failure: http://localhost:1800/ -> Refused to execute script from 'https://www.websitepolicies.com/?utm_medium=redirect&utm_campaign=redirect&utm_source=wpcc.io' because its MIME type ('text/html') is not executable, and strict MIME type checking is enabled.
2022-05-26 11:47:19 ERROR    Failure: http://localhost:1800/ -> Failed to load resource: the server responded with a status of 401 (Unauthorized)
2022-05-26 11:47:19 ERROR    Failure: http://localhost:1800/ -> status code(401) -> Not logged in
2022-05-26 11:47:26 ERROR    Failure: http://localhost:1800/ -> Refused to apply style from 'https://www.websitepolicies.com/?utm_medium=redirect&utm_campaign=redirect&utm_source=wpcc.io' because its MIME type ('text/html') is not a supported stylesheet MIME type, and strict MIME checking is enabled.
2022-05-26 11:47:26 ERROR    Failure: http://localhost:1800/ -> net::ERR_ABORTED
2022-05-26 11:47:26 ERROR    Failure: http://localhost:1800/ -> Refused to execute script from 'https://www.websitepolicies.com/?utm_medium=redirect&utm_campaign=redirect&utm_source=wpcc.io' because its MIME type ('text/html') is not executable, and strict MIME type checking is enabled.
2022-05-26 11:47:27 ERROR    Failure: http://localhost:1800/ -> Failed to load resource: the server responded with a status of 401 (Unauthorized)
2022-05-26 11:47:27 ERROR    Failure: http://localhost:1800/ -> status code(401) -> Not logged in
2022-05-26 11:47:32 WARNING  redoing process
2022-05-26 11:47:32 ERROR    Failure: http://localhost:1800/ -> net::ERR_ABORTED
2022-05-26 11:47:33 ERROR    Failure: http://localhost:1800/subscribe?product=unlimited -> Refused to apply style from 'https://www.websitepolicies.com/?utm_medium=redirect&utm_campaign=redirect&utm_source=wpcc.io' because its MIME type ('text/html') is not a supported stylesheet MIME type, and strict MIME checking is enabled.
2022-05-26 11:47:33 ERROR    Failure: http://localhost:1800/subscribe?product=unlimited -> net::ERR_ABORTED
2022-05-26 11:47:35 ERROR    Failure: http://localhost:1800/ -> Refused to apply style from 'https://www.websitepolicies.com/?utm_medium=redirect&utm_campaign=redirect&utm_source=wpcc.io' because its MIME type ('text/html') is not a supported stylesheet MIME type, and strict MIME checking is enabled.
2022-05-26 11:47:35 ERROR    Failure: http://localhost:1800/ -> net::ERR_ABORTED
2022-05-26 11:47:36 ERROR    Failure: http://localhost:1800/ -> Refused to execute script from 'https://www.websitepolicies.com/?utm_medium=redirect&utm_campaign=redirect&utm_source=wpcc.io' because its MIME type ('text/html') is not executable, and strict MIME type checking is enabled.
2022-05-26 11:47:36 ERROR    Failure: http://localhost:1800/ -> Failed to load resource: the server responded with a status of 401 (Unauthorized)
2022-05-26 11:47:36 ERROR    Failure: http://localhost:1800/ -> status code(401) -> Not logged in
2022-05-26 11:47:43 ERROR    Failure: http://localhost:1800/subscribe?product=team -> Refused to apply style from 'https://www.websitepolicies.com/?utm_medium=redirect&utm_campaign=redirect&utm_source=wpcc.io' because its MIME type ('text/html') is not a supported stylesheet MIME type, and strict MIME checking is enabled.
2022-05-26 11:47:43 ERROR    Failure: http://localhost:1800/subscribe?product=team -> net::ERR_ABORTED
2022-05-26 11:47:44 ERROR    Failure: http://localhost:1800/ -> Refused to apply style from 'https://www.websitepolicies.com/?utm_medium=redirect&utm_campaign=redirect&utm_source=wpcc.io' because its MIME type ('text/html') is not a supported stylesheet MIME type, and strict MIME checking is enabled.
2022-05-26 11:47:44 ERROR    Failure: http://localhost:1800/ -> net::ERR_ABORTED
2022-05-26 11:47:45 ERROR    Failure: http://localhost:1800/ -> Refused to execute script from 'https://www.websitepolicies.com/?utm_medium=redirect&utm_campaign=redirect&utm_source=wpcc.io' because its MIME type ('text/html') is not executable, and strict MIME type checking is enabled.
2022-05-26 11:47:46 ERROR    Failure: http://localhost:1800/ -> Failed to load resource: the server responded with a status of 401 (Unauthorized)
2022-05-26 11:47:46 ERROR    Failure: http://localhost:1800/ -> status code(401) -> Not logged in
2022-05-26 11:47:53 ERROR    Failure: http://localhost:1800/ -> Refused to apply style from 'https://www.websitepolicies.com/?utm_medium=redirect&utm_campaign=redirect&utm_source=wpcc.io' because its MIME type ('text/html') is not a supported stylesheet MIME type, and strict MIME checking is enabled.
2022-05-26 11:47:53 ERROR    Failure: http://localhost:1800/ -> net::ERR_ABORTED
2022-05-26 11:47:54 ERROR    Failure: http://localhost:1800/ -> Refused to execute script from 'https://www.websitepolicies.com/?utm_medium=redirect&utm_campaign=redirect&utm_source=wpcc.io' because its MIME type ('text/html') is not executable, and strict MIME type checking is enabled.
2022-05-26 11:47:54 ERROR    Failure: http://localhost:1800/ -> Failed to load resource: the server responded with a status of 401 (Unauthorized)
2022-05-26 11:47:54 ERROR    Failure: http://localhost:1800/ -> status code(401) -> Not logged in
2022-05-26 11:48:00 ERROR    Failure: http://localhost:1800/ -> net::ERR_ABORTED
2022-05-26 11:48:03 ERROR    Failure: http://localhost:1800/ -> Refused to apply style from 'https://www.websitepolicies.com/?utm_medium=redirect&utm_campaign=redirect&utm_source=wpcc.io' because its MIME type ('text/html') is not a supported stylesheet MIME type, and strict MIME checking is enabled.
2022-05-26 11:48:03 ERROR    Failure: http://localhost:1800/ -> net::ERR_ABORTED
2022-05-26 11:48:03 ERROR    Failure: http://localhost:1800/ -> Refused to execute script from 'https://www.websitepolicies.com/?utm_medium=redirect&utm_campaign=redirect&utm_source=wpcc.io' because its MIME type ('text/html') is not executable, and strict MIME type checking is enabled.
2022-05-26 11:48:03 ERROR    Failure: http://localhost:1800/ -> Failed to load resource: the server responded with a status of 401 (Unauthorized)
2022-05-26 11:48:03 ERROR    Failure: http://localhost:1800/ -> status code(401) -> Not logged in
2022-05-26 11:48:10 ERROR    Failure: http://localhost:1800/subscribe?product=unlimited -> Refused to apply style from 'https://www.websitepolicies.com/?utm_medium=redirect&utm_campaign=redirect&utm_source=wpcc.io' because its MIME type ('text/html') is not a supported stylesheet MIME type, and strict MIME checking is enabled.
2022-05-26 11:48:10 ERROR    Failure: http://localhost:1800/subscribe?product=unlimited -> net::ERR_ABORTED
2022-05-26 11:48:11 ERROR    Failure: http://localhost:1800/ -> Refused to apply style from 'https://www.websitepolicies.com/?utm_medium=redirect&utm_campaign=redirect&utm_source=wpcc.io' because its MIME type ('text/html') is not a supported stylesheet MIME type, and strict MIME checking is enabled.
2022-05-26 11:48:11 ERROR    Failure: http://localhost:1800/ -> net::ERR_ABORTED
2022-05-26 11:48:12 ERROR    Failure: http://localhost:1800/ -> Refused to execute script from 'https://www.websitepolicies.com/?utm_medium=redirect&utm_campaign=redirect&utm_source=wpcc.io' because its MIME type ('text/html') is not executable, and strict MIME type checking is enabled.
2022-05-26 11:48:12 ERROR    Failure: http://localhost:1800/ -> Failed to load resource: the server responded with a status of 401 (Unauthorized)
2022-05-26 11:48:12 ERROR    Failure: http://localhost:1800/ -> status code(401) -> Not logged in
2022-05-26 11:48:18 ERROR    Failure: http://localhost:1800/subscribe?product=unlimited -> Refused to apply style from 'https://www.websitepolicies.com/?utm_medium=redirect&utm_campaign=redirect&utm_source=wpcc.io' because its MIME type ('text/html') is not a supported stylesheet MIME type, and strict MIME checking is enabled.
2022-05-26 11:48:18 ERROR    Failure: http://localhost:1800/subscribe?product=unlimited -> net::ERR_ABORTED
2022-05-26 11:48:20 ERROR    Failure: http://localhost:1800/ -> Refused to apply style from 'https://www.websitepolicies.com/?utm_medium=redirect&utm_campaign=redirect&utm_source=wpcc.io' because its MIME type ('text/html') is not a supported stylesheet MIME type, and strict MIME checking is enabled.
2022-05-26 11:48:20 ERROR    Failure: http://localhost:1800/ -> net::ERR_ABORTED
2022-05-26 11:48:21 ERROR    Failure: http://localhost:1800/ -> Refused to execute script from 'https://www.websitepolicies.com/?utm_medium=redirect&utm_campaign=redirect&utm_source=wpcc.io' because its MIME type ('text/html') is not executable, and strict MIME type checking is enabled.
2022-05-26 11:48:21 ERROR    Failure: http://localhost:1800/ -> Failed to load resource: the server responded with a status of 401 (Unauthorized)
2022-05-26 11:48:21 ERROR    Failure: http://localhost:1800/ -> status code(401) -> Not logged in
2022-05-26 11:48:27 ERROR    Failure: http://localhost:1800/subscribe?product=team -> Refused to apply style from 'https://www.websitepolicies.com/?utm_medium=redirect&utm_campaign=redirect&utm_source=wpcc.io' because its MIME type ('text/html') is not a supported stylesheet MIME type, and strict MIME checking is enabled.
2022-05-26 11:48:27 ERROR    Failure: http://localhost:1800/subscribe?product=team -> net::ERR_ABORTED
2022-05-26 11:48:29 ERROR    Failure: http://localhost:1800/ -> Refused to apply style from 'https://www.websitepolicies.com/?utm_medium=redirect&utm_campaign=redirect&utm_source=wpcc.io' because its MIME type ('text/html') is not a supported stylesheet MIME type, and strict MIME checking is enabled.
2022-05-26 11:48:29 ERROR    Failure: http://localhost:1800/ -> net::ERR_ABORTED
2022-05-26 11:48:29 ERROR    Failure: http://localhost:1800/ -> Refused to execute script from 'https://www.websitepolicies.com/?utm_medium=redirect&utm_campaign=redirect&utm_source=wpcc.io' because its MIME type ('text/html') is not executable, and strict MIME type checking is enabled.
2022-05-26 11:48:30 ERROR    Failure: http://localhost:1800/ -> Failed to load resource: the server responded with a status of 401 (Unauthorized)
2022-05-26 11:48:30 ERROR    Failure: http://localhost:1800/ -> status code(401) -> Not logged in
2022-05-26 11:48:39 ERROR    Failure: http://localhost:1800/ -> Refused to apply style from 'https://www.websitepolicies.com/?utm_medium=redirect&utm_campaign=redirect&utm_source=wpcc.io' because its MIME type ('text/html') is not a supported stylesheet MIME type, and strict MIME checking is enabled.
2022-05-26 11:48:39 ERROR    Failure: http://localhost:1800/ -> net::ERR_ABORTED
2022-05-26 11:48:39 ERROR    Failure: http://localhost:1800/ -> Refused to execute script from 'https://www.websitepolicies.com/?utm_medium=redirect&utm_campaign=redirect&utm_source=wpcc.io' because its MIME type ('text/html') is not executable, and strict MIME type checking is enabled.
2022-05-26 11:48:40 ERROR    Failure: http://localhost:1800/ -> Failed to load resource: the server responded with a status of 401 (Unauthorized)
2022-05-26 11:48:40 ERROR    Failure: http://localhost:1800/ -> status code(401) -> Not logged in
2022-05-26 11:48:46 ERROR    Failure: http://localhost:1800/subscribe?product=self-hosted -> Refused to apply style from 'https://www.websitepolicies.com/?utm_medium=redirect&utm_campaign=redirect&utm_source=wpcc.io' because its MIME type ('text/html') is not a supported stylesheet MIME type, and strict MIME checking is enabled.
2022-05-26 11:48:46 ERROR    Failure: http://localhost:1800/subscribe?product=self-hosted -> net::ERR_ABORTED
2022-05-26 11:48:48 ERROR    Failure: http://localhost:1800/ -> Refused to apply style from 'https://www.websitepolicies.com/?utm_medium=redirect&utm_campaign=redirect&utm_source=wpcc.io' because its MIME type ('text/html') is not a supported stylesheet MIME type, and strict MIME checking is enabled.
2022-05-26 11:48:48 ERROR    Failure: http://localhost:1800/ -> net::ERR_ABORTED
2022-05-26 11:48:48 ERROR    Failure: http://localhost:1800/ -> Refused to execute script from 'https://www.websitepolicies.com/?utm_medium=redirect&utm_campaign=redirect&utm_source=wpcc.io' because its MIME type ('text/html') is not executable, and strict MIME type checking is enabled.
2022-05-26 11:48:49 ERROR    Failure: http://localhost:1800/ -> Failed to load resource: the server responded with a status of 401 (Unauthorized)
2022-05-26 11:48:49 ERROR    Failure: http://localhost:1800/ -> status code(401) -> Not logged in
2022-05-26 11:48:55 ERROR    Failure: http://localhost:1800/subscribe?product=self-hosted -> Refused to apply style from 'https://www.websitepolicies.com/?utm_medium=redirect&utm_campaign=redirect&utm_source=wpcc.io' because its MIME type ('text/html') is not a supported stylesheet MIME type, and strict MIME checking is enabled.
2022-05-26 11:48:55 ERROR    Failure: http://localhost:1800/subscribe?product=self-hosted -> net::ERR_ABORTED
2022-05-26 11:48:57 ERROR    Failure: http://localhost:1800/ -> Refused to apply style from 'https://www.websitepolicies.com/?utm_medium=redirect&utm_campaign=redirect&utm_source=wpcc.io' because its MIME type ('text/html') is not a supported stylesheet MIME type, and strict MIME checking is enabled.
2022-05-26 11:48:57 ERROR    Failure: http://localhost:1800/ -> net::ERR_ABORTED
2022-05-26 11:48:57 ERROR    Failure: http://localhost:1800/ -> Refused to execute script from 'https://www.websitepolicies.com/?utm_medium=redirect&utm_campaign=redirect&utm_source=wpcc.io' because its MIME type ('text/html') is not executable, and strict MIME type checking is enabled.
2022-05-26 11:48:58 ERROR    Failure: http://localhost:1800/ -> Failed to load resource: the server responded with a status of 401 (Unauthorized)
2022-05-26 11:48:58 ERROR    Failure: http://localhost:1800/ -> status code(401) -> Not logged in
2022-05-26 11:49:04 ERROR    Failure: http://localhost:1800/login -> Refused to apply style from 'https://www.websitepolicies.com/?utm_medium=redirect&utm_campaign=redirect&utm_source=wpcc.io' because its MIME type ('text/html') is not a supported stylesheet MIME type, and strict MIME checking is enabled.
2022-05-26 11:49:04 ERROR    Failure: http://localhost:1800/login -> net::ERR_ABORTED
2022-05-26 11:49:06 ERROR    Failure: http://localhost:1800/ -> Refused to apply style from 'https://www.websitepolicies.com/?utm_medium=redirect&utm_campaign=redirect&utm_source=wpcc.io' because its MIME type ('text/html') is not a supported stylesheet MIME type, and strict MIME checking is enabled.
2022-05-26 11:49:06 ERROR    Failure: http://localhost:1800/ -> net::ERR_ABORTED
2022-05-26 11:49:07 ERROR    Failure: http://localhost:1800/ -> Refused to execute script from 'https://www.websitepolicies.com/?utm_medium=redirect&utm_campaign=redirect&utm_source=wpcc.io' because its MIME type ('text/html') is not executable, and strict MIME type checking is enabled.
2022-05-26 11:49:07 ERROR    Failure: http://localhost:1800/ -> Failed to load resource: the server responded with a status of 401 (Unauthorized)
2022-05-26 11:49:07 ERROR    Failure: http://localhost:1800/ -> status code(401) -> Not logged in
2022-05-26 11:49:13 ERROR    Failure: http://localhost:1800/ -> net::ERR_ABORTED
2022-05-26 11:49:16 ERROR    Failure: http://localhost:1800/ -> Refused to apply style from 'https://www.websitepolicies.com/?utm_medium=redirect&utm_campaign=redirect&utm_source=wpcc.io' because its MIME type ('text/html') is not a supported stylesheet MIME type, and strict MIME checking is enabled.
2022-05-26 11:49:16 ERROR    Failure: http://localhost:1800/ -> net::ERR_ABORTED
2022-05-26 11:49:17 ERROR    Failure: http://localhost:1800/ -> Refused to execute script from 'https://www.websitepolicies.com/?utm_medium=redirect&utm_campaign=redirect&utm_source=wpcc.io' because its MIME type ('text/html') is not executable, and strict MIME type checking is enabled.
2022-05-26 11:49:17 ERROR    Failure: http://localhost:1800/ -> Failed to load resource: the server responded with a status of 401 (Unauthorized)
2022-05-26 11:49:17 ERROR    Failure: http://localhost:1800/ -> status code(401) -> Not logged in
2022-05-26 11:49:26 ERROR    Failure: http://localhost:1800/ -> Refused to apply style from 'https://www.websitepolicies.com/?utm_medium=redirect&utm_campaign=redirect&utm_source=wpcc.io' because its MIME type ('text/html') is not a supported stylesheet MIME type, and strict MIME checking is enabled.
2022-05-26 11:49:26 ERROR    Failure: http://localhost:1800/ -> net::ERR_ABORTED
2022-05-26 11:49:27 ERROR    Failure: http://localhost:1800/ -> Refused to execute script from 'https://www.websitepolicies.com/?utm_medium=redirect&utm_campaign=redirect&utm_source=wpcc.io' because its MIME type ('text/html') is not executable, and strict MIME type checking is enabled.
2022-05-26 11:49:27 ERROR    Failure: http://localhost:1800/ -> Failed to load resource: the server responded with a status of 401 (Unauthorized)
2022-05-26 11:49:27 ERROR    Failure: http://localhost:1800/ -> status code(401) -> Not logged in
2022-05-26 11:49:35 ERROR    Failure: http://localhost:1800/login -> Refused to apply style from 'https://www.websitepolicies.com/?utm_medium=redirect&utm_campaign=redirect&utm_source=wpcc.io' because its MIME type ('text/html') is not a supported stylesheet MIME type, and strict MIME checking is enabled.
2022-05-26 11:49:35 ERROR    Failure: http://localhost:1800/login -> net::ERR_ABORTED
2022-05-26 11:49:36 ERROR    Failure: http://localhost:1800/ -> Refused to apply style from 'https://www.websitepolicies.com/?utm_medium=redirect&utm_campaign=redirect&utm_source=wpcc.io' because its MIME type ('text/html') is not a supported stylesheet MIME type, and strict MIME checking is enabled.
2022-05-26 11:49:36 ERROR    Failure: http://localhost:1800/ -> net::ERR_ABORTED
2022-05-26 11:49:37 ERROR    Failure: http://localhost:1800/ -> Refused to execute script from 'https://www.websitepolicies.com/?utm_medium=redirect&utm_campaign=redirect&utm_source=wpcc.io' because its MIME type ('text/html') is not executable, and strict MIME type checking is enabled.
2022-05-26 11:49:38 ERROR    Failure: http://localhost:1800/ -> Failed to load resource: the server responded with a status of 401 (Unauthorized)
2022-05-26 11:49:38 ERROR    Failure: http://localhost:1800/ -> status code(401) -> Not logged in
2022-05-26 11:49:45 ERROR    Failure: http://localhost:1800/ -> Refused to apply style from 'https://www.websitepolicies.com/?utm_medium=redirect&utm_campaign=redirect&utm_source=wpcc.io' because its MIME type ('text/html') is not a supported stylesheet MIME type, and strict MIME checking is enabled.
2022-05-26 11:49:45 ERROR    Failure: http://localhost:1800/ -> net::ERR_ABORTED
2022-05-26 11:49:46 ERROR    Failure: http://localhost:1800/ -> Refused to execute script from 'https://www.websitepolicies.com/?utm_medium=redirect&utm_campaign=redirect&utm_source=wpcc.io' because its MIME type ('text/html') is not executable, and strict MIME type checking is enabled.
2022-05-26 11:49:47 ERROR    Failure: http://localhost:1800/ -> Failed to load resource: the server responded with a status of 401 (Unauthorized)
2022-05-26 11:49:47 ERROR    Failure: http://localhost:1800/ -> status code(401) -> Not logged in
2022-05-26 11:49:53 ERROR    Failure: http://localhost:1800/subscribe?product=self-hosted -> Refused to apply style from 'https://www.websitepolicies.com/?utm_medium=redirect&utm_campaign=redirect&utm_source=wpcc.io' because its MIME type ('text/html') is not a supported stylesheet MIME type, and strict MIME checking is enabled.
2022-05-26 11:49:53 ERROR    Failure: http://localhost:1800/subscribe?product=self-hosted -> net::ERR_ABORTED
2022-05-26 11:49:55 ERROR    Failure: http://localhost:1800/ -> Refused to apply style from 'https://www.websitepolicies.com/?utm_medium=redirect&utm_campaign=redirect&utm_source=wpcc.io' because its MIME type ('text/html') is not a supported stylesheet MIME type, and strict MIME checking is enabled.
2022-05-26 11:49:55 ERROR    Failure: http://localhost:1800/ -> net::ERR_ABORTED
2022-05-26 11:49:55 ERROR    Failure: http://localhost:1800/ -> Refused to execute script from 'https://www.websitepolicies.com/?utm_medium=redirect&utm_campaign=redirect&utm_source=wpcc.io' because its MIME type ('text/html') is not executable, and strict MIME type checking is enabled.
2022-05-26 11:49:56 ERROR    Failure: http://localhost:1800/ -> Failed to load resource: the server responded with a status of 401 (Unauthorized)
2022-05-26 11:49:56 ERROR    Failure: http://localhost:1800/ -> status code(401) -> Not logged in
2022-05-26 11:50:02 ERROR    Failure: http://localhost:1800/ -> Refused to apply style from 'https://www.websitepolicies.com/?utm_medium=redirect&utm_campaign=redirect&utm_source=wpcc.io' because its MIME type ('text/html') is not a supported stylesheet MIME type, and strict MIME checking is enabled.
2022-05-26 11:50:02 ERROR    Failure: http://localhost:1800/ -> net::ERR_ABORTED
2022-05-26 11:50:03 ERROR    Failure: http://localhost:1800/ -> Refused to execute script from 'https://www.websitepolicies.com/?utm_medium=redirect&utm_campaign=redirect&utm_source=wpcc.io' because its MIME type ('text/html') is not executable, and strict MIME type checking is enabled.
2022-05-26 11:50:04 ERROR    Failure: http://localhost:1800/ -> Failed to load resource: the server responded with a status of 401 (Unauthorized)
2022-05-26 11:50:04 ERROR    Failure: http://localhost:1800/ -> status code(401) -> Not logged in
2022-05-26 11:50:12 ERROR    Failure: http://localhost:1800/ -> Refused to apply style from 'https://www.websitepolicies.com/?utm_medium=redirect&utm_campaign=redirect&utm_source=wpcc.io' because its MIME type ('text/html') is not a supported stylesheet MIME type, and strict MIME checking is enabled.
2022-05-26 11:50:12 ERROR    Failure: http://localhost:1800/ -> net::ERR_ABORTED
2022-05-26 11:50:12 ERROR    Failure: http://localhost:1800/ -> Refused to execute script from 'https://www.websitepolicies.com/?utm_medium=redirect&utm_campaign=redirect&utm_source=wpcc.io' because its MIME type ('text/html') is not executable, and strict MIME type checking is enabled.
2022-05-26 11:50:13 ERROR    Failure: http://localhost:1800/ -> Failed to load resource: the server responded with a status of 401 (Unauthorized)
2022-05-26 11:50:13 ERROR    Failure: http://localhost:1800/ -> status code(401) -> Not logged in
2022-05-26 11:50:19 ERROR    Failure: http://localhost:1800/login -> Refused to apply style from 'https://www.websitepolicies.com/?utm_medium=redirect&utm_campaign=redirect&utm_source=wpcc.io' because its MIME type ('text/html') is not a supported stylesheet MIME type, and strict MIME checking is enabled.
2022-05-26 11:50:19 ERROR    Failure: http://localhost:1800/login -> net::ERR_ABORTED
2022-05-26 11:50:21 ERROR    Failure: http://localhost:1800/ -> Refused to apply style from 'https://www.websitepolicies.com/?utm_medium=redirect&utm_campaign=redirect&utm_source=wpcc.io' because its MIME type ('text/html') is not a supported stylesheet MIME type, and strict MIME checking is enabled.
2022-05-26 11:50:21 ERROR    Failure: http://localhost:1800/ -> net::ERR_ABORTED
2022-05-26 11:50:21 ERROR    Failure: http://localhost:1800/ -> Refused to execute script from 'https://www.websitepolicies.com/?utm_medium=redirect&utm_campaign=redirect&utm_source=wpcc.io' because its MIME type ('text/html') is not executable, and strict MIME type checking is enabled.
2022-05-26 11:50:22 ERROR    Failure: http://localhost:1800/ -> Failed to load resource: the server responded with a status of 401 (Unauthorized)
2022-05-26 11:50:22 ERROR    Failure: http://localhost:1800/ -> status code(401) -> Not logged in
2022-05-26 11:50:31 ERROR    Failure: http://localhost:1800/ -> Refused to apply style from 'https://www.websitepolicies.com/?utm_medium=redirect&utm_campaign=redirect&utm_source=wpcc.io' because its MIME type ('text/html') is not a supported stylesheet MIME type, and strict MIME checking is enabled.
2022-05-26 11:50:31 ERROR    Failure: http://localhost:1800/ -> net::ERR_ABORTED
2022-05-26 11:50:31 ERROR    Failure: http://localhost:1800/ -> Refused to execute script from 'https://www.websitepolicies.com/?utm_medium=redirect&utm_campaign=redirect&utm_source=wpcc.io' because its MIME type ('text/html') is not executable, and strict MIME type checking is enabled.
2022-05-26 11:50:32 ERROR    Failure: http://localhost:1800/ -> Failed to load resource: the server responded with a status of 401 (Unauthorized)
2022-05-26 11:50:32 ERROR    Failure: http://localhost:1800/ -> status code(401) -> Not logged in
2022-05-26 11:50:41 ERROR    Failure: http://localhost:1800/ -> Refused to apply style from 'https://www.websitepolicies.com/?utm_medium=redirect&utm_campaign=redirect&utm_source=wpcc.io' because its MIME type ('text/html') is not a supported stylesheet MIME type, and strict MIME checking is enabled.
2022-05-26 11:50:41 ERROR    Failure: http://localhost:1800/ -> net::ERR_ABORTED
2022-05-26 11:50:41 ERROR    Failure: http://localhost:1800/ -> Refused to execute script from 'https://www.websitepolicies.com/?utm_medium=redirect&utm_campaign=redirect&utm_source=wpcc.io' because its MIME type ('text/html') is not executable, and strict MIME type checking is enabled.
2022-05-26 11:50:42 ERROR    Failure: http://localhost:1800/ -> Failed to load resource: the server responded with a status of 401 (Unauthorized)
2022-05-26 11:50:42 ERROR    Failure: http://localhost:1800/ -> status code(401) -> Not logged in
2022-05-26 11:50:51 ERROR    Failure: http://localhost:1800/ -> Refused to apply style from 'https://www.websitepolicies.com/?utm_medium=redirect&utm_campaign=redirect&utm_source=wpcc.io' because its MIME type ('text/html') is not a supported stylesheet MIME type, and strict MIME checking is enabled.
2022-05-26 11:50:51 ERROR    Failure: http://localhost:1800/ -> net::ERR_ABORTED
2022-05-26 11:50:52 ERROR    Failure: http://localhost:1800/ -> Refused to execute script from 'https://www.websitepolicies.com/?utm_medium=redirect&utm_campaign=redirect&utm_source=wpcc.io' because its MIME type ('text/html') is not executable, and strict MIME type checking is enabled.
2022-05-26 11:50:52 ERROR    Failure: http://localhost:1800/ -> Failed to load resource: the server responded with a status of 401 (Unauthorized)
2022-05-26 11:50:52 ERROR    Failure: http://localhost:1800/ -> status code(401) -> Not logged in
2022-05-26 11:50:59 ERROR    Failure: http://localhost:1800/subscribe?product=self-hosted -> Refused to apply style from 'https://www.websitepolicies.com/?utm_medium=redirect&utm_campaign=redirect&utm_source=wpcc.io' because its MIME type ('text/html') is not a supported stylesheet MIME type, and strict MIME checking is enabled.
2022-05-26 11:50:59 ERROR    Failure: http://localhost:1800/subscribe?product=self-hosted -> net::ERR_ABORTED
2022-05-26 11:51:01 ERROR    Failure: http://localhost:1800/ -> Refused to apply style from 'https://www.websitepolicies.com/?utm_medium=redirect&utm_campaign=redirect&utm_source=wpcc.io' because its MIME type ('text/html') is not a supported stylesheet MIME type, and strict MIME checking is enabled.
2022-05-26 11:51:01 ERROR    Failure: http://localhost:1800/ -> net::ERR_ABORTED
2022-05-26 11:51:01 ERROR    Failure: http://localhost:1800/ -> Refused to execute script from 'https://www.websitepolicies.com/?utm_medium=redirect&utm_campaign=redirect&utm_source=wpcc.io' because its MIME type ('text/html') is not executable, and strict MIME type checking is enabled.
2022-05-26 11:51:02 ERROR    Failure: http://localhost:1800/ -> Failed to load resource: the server responded with a status of 401 (Unauthorized)
2022-05-26 11:51:02 ERROR    Failure: http://localhost:1800/ -> status code(401) -> Not logged in
2022-05-26 11:51:07 WARNING  redoing process
2022-05-26 11:51:11 ERROR    Failure: http://localhost:1800/ -> Refused to apply style from 'https://www.websitepolicies.com/?utm_medium=redirect&utm_campaign=redirect&utm_source=wpcc.io' because its MIME type ('text/html') is not a supported stylesheet MIME type, and strict MIME checking is enabled.
2022-05-26 11:51:11 ERROR    Failure: http://localhost:1800/ -> net::ERR_ABORTED
2022-05-26 11:51:11 ERROR    Failure: http://localhost:1800/ -> Refused to execute script from 'https://www.websitepolicies.com/?utm_medium=redirect&utm_campaign=redirect&utm_source=wpcc.io' because its MIME type ('text/html') is not executable, and strict MIME type checking is enabled.
2022-05-26 11:51:11 ERROR    Failure: http://localhost:1800/ -> Failed to load resource: the server responded with a status of 401 (Unauthorized)
2022-05-26 11:51:11 ERROR    Failure: http://localhost:1800/ -> status code(401) -> Not logged in
2022-05-26 11:51:22 ERROR    Failure: http://localhost:1800/ -> Refused to apply style from 'https://www.websitepolicies.com/?utm_medium=redirect&utm_campaign=redirect&utm_source=wpcc.io' because its MIME type ('text/html') is not a supported stylesheet MIME type, and strict MIME checking is enabled.
2022-05-26 11:51:22 ERROR    Failure: http://localhost:1800/ -> net::ERR_ABORTED
2022-05-26 11:51:24 ERROR    Failure: http://localhost:1800/ -> Refused to execute script from 'https://www.websitepolicies.com/?utm_medium=redirect&utm_campaign=redirect&utm_source=wpcc.io' because its MIME type ('text/html') is not executable, and strict MIME type checking is enabled.
2022-05-26 11:51:25 ERROR    Failure: http://localhost:1800/ -> Failed to load resource: the server responded with a status of 401 (Unauthorized)
2022-05-26 11:51:25 ERROR    Failure: http://localhost:1800/ -> status code(401) -> Not logged in
2022-05-26 11:51:31 ERROR    Failure: http://localhost:1800/ -> Refused to apply style from 'https://www.websitepolicies.com/?utm_medium=redirect&utm_campaign=redirect&utm_source=wpcc.io' because its MIME type ('text/html') is not a supported stylesheet MIME type, and strict MIME checking is enabled.
2022-05-26 11:51:31 ERROR    Failure: http://localhost:1800/ -> net::ERR_ABORTED
2022-05-26 11:51:32 ERROR    Failure: http://localhost:1800/ -> Refused to execute script from 'https://www.websitepolicies.com/?utm_medium=redirect&utm_campaign=redirect&utm_source=wpcc.io' because its MIME type ('text/html') is not executable, and strict MIME type checking is enabled.
2022-05-26 11:51:33 ERROR    Failure: http://localhost:1800/ -> Failed to load resource: the server responded with a status of 401 (Unauthorized)
2022-05-26 11:51:33 ERROR    Failure: http://localhost:1800/ -> status code(401) -> Not logged in
2022-05-26 11:51:39 ERROR    Failure: http://localhost:1800/subscribe?product=unlimited -> Refused to apply style from 'https://www.websitepolicies.com/?utm_medium=redirect&utm_campaign=redirect&utm_source=wpcc.io' because its MIME type ('text/html') is not a supported stylesheet MIME type, and strict MIME checking is enabled.
2022-05-26 11:51:39 ERROR    Failure: http://localhost:1800/subscribe?product=unlimited -> net::ERR_ABORTED
2022-05-26 11:51:41 ERROR    Failure: http://localhost:1800/ -> Refused to apply style from 'https://www.websitepolicies.com/?utm_medium=redirect&utm_campaign=redirect&utm_source=wpcc.io' because its MIME type ('text/html') is not a supported stylesheet MIME type, and strict MIME checking is enabled.
2022-05-26 11:51:41 ERROR    Failure: http://localhost:1800/ -> net::ERR_ABORTED
2022-05-26 11:51:41 ERROR    Failure: http://localhost:1800/ -> Refused to execute script from 'https://www.websitepolicies.com/?utm_medium=redirect&utm_campaign=redirect&utm_source=wpcc.io' because its MIME type ('text/html') is not executable, and strict MIME type checking is enabled.
2022-05-26 11:51:42 ERROR    Failure: http://localhost:1800/ -> Failed to load resource: the server responded with a status of 401 (Unauthorized)
2022-05-26 11:51:42 ERROR    Failure: http://localhost:1800/ -> status code(401) -> Not logged in
2022-05-26 11:51:49 ERROR    Failure: http://localhost:1800/ -> Refused to apply style from 'https://www.websitepolicies.com/?utm_medium=redirect&utm_campaign=redirect&utm_source=wpcc.io' because its MIME type ('text/html') is not a supported stylesheet MIME type, and strict MIME checking is enabled.
2022-05-26 11:51:49 ERROR    Failure: http://localhost:1800/ -> net::ERR_ABORTED
2022-05-26 11:51:49 ERROR    Failure: http://localhost:1800/ -> Refused to execute script from 'https://www.websitepolicies.com/?utm_medium=redirect&utm_campaign=redirect&utm_source=wpcc.io' because its MIME type ('text/html') is not executable, and strict MIME type checking is enabled.
2022-05-26 11:51:50 ERROR    Failure: http://localhost:1800/ -> Failed to load resource: the server responded with a status of 401 (Unauthorized)
2022-05-26 11:51:50 ERROR    Failure: http://localhost:1800/ -> status code(401) -> Not logged in
2022-05-26 11:51:58 ERROR    Failure: http://localhost:1800/ -> Refused to apply style from 'https://www.websitepolicies.com/?utm_medium=redirect&utm_campaign=redirect&utm_source=wpcc.io' because its MIME type ('text/html') is not a supported stylesheet MIME type, and strict MIME checking is enabled.
2022-05-26 11:51:58 ERROR    Failure: http://localhost:1800/ -> net::ERR_ABORTED
2022-05-26 11:51:58 ERROR    Failure: http://localhost:1800/ -> Refused to execute script from 'https://www.websitepolicies.com/?utm_medium=redirect&utm_campaign=redirect&utm_source=wpcc.io' because its MIME type ('text/html') is not executable, and strict MIME type checking is enabled.
2022-05-26 11:51:59 ERROR    Failure: http://localhost:1800/ -> Failed to load resource: the server responded with a status of 401 (Unauthorized)
2022-05-26 11:51:59 ERROR    Failure: http://localhost:1800/ -> status code(401) -> Not logged in
2022-05-26 11:52:05 ERROR    Failure: http://localhost:1800/subscribe?product=self-hosted -> Refused to apply style from 'https://www.websitepolicies.com/?utm_medium=redirect&utm_campaign=redirect&utm_source=wpcc.io' because its MIME type ('text/html') is not a supported stylesheet MIME type, and strict MIME checking is enabled.
2022-05-26 11:52:05 ERROR    Failure: http://localhost:1800/subscribe?product=self-hosted -> net::ERR_ABORTED
2022-05-26 11:52:06 ERROR    Failure: http://localhost:1800/ -> Refused to apply style from 'https://www.websitepolicies.com/?utm_medium=redirect&utm_campaign=redirect&utm_source=wpcc.io' because its MIME type ('text/html') is not a supported stylesheet MIME type, and strict MIME checking is enabled.
2022-05-26 11:52:06 ERROR    Failure: http://localhost:1800/ -> net::ERR_ABORTED
2022-05-26 11:52:07 ERROR    Failure: http://localhost:1800/ -> Refused to execute script from 'https://www.websitepolicies.com/?utm_medium=redirect&utm_campaign=redirect&utm_source=wpcc.io' because its MIME type ('text/html') is not executable, and strict MIME type checking is enabled.
2022-05-26 11:52:08 ERROR    Failure: http://localhost:1800/ -> Failed to load resource: the server responded with a status of 401 (Unauthorized)
2022-05-26 11:52:08 ERROR    Failure: http://localhost:1800/ -> status code(401) -> Not logged in
2022-05-26 11:52:17 ERROR    Failure: http://localhost:1800/ -> Refused to apply style from 'https://www.websitepolicies.com/?utm_medium=redirect&utm_campaign=redirect&utm_source=wpcc.io' because its MIME type ('text/html') is not a supported stylesheet MIME type, and strict MIME checking is enabled.
2022-05-26 11:52:17 ERROR    Failure: http://localhost:1800/ -> net::ERR_ABORTED
2022-05-26 11:52:17 ERROR    Failure: http://localhost:1800/ -> Refused to execute script from 'https://www.websitepolicies.com/?utm_medium=redirect&utm_campaign=redirect&utm_source=wpcc.io' because its MIME type ('text/html') is not executable, and strict MIME type checking is enabled.
2022-05-26 11:52:18 ERROR    Failure: http://localhost:1800/ -> Failed to load resource: the server responded with a status of 401 (Unauthorized)
2022-05-26 11:52:18 ERROR    Failure: http://localhost:1800/ -> status code(401) -> Not logged in
2022-05-26 11:52:23 ERROR    Failure: http://localhost:1800/ -> net::ERR_ABORTED
2022-05-26 11:52:26 ERROR    Failure: http://localhost:1800/login -> Refused to apply style from 'https://www.websitepolicies.com/?utm_medium=redirect&utm_campaign=redirect&utm_source=wpcc.io' because its MIME type ('text/html') is not a supported stylesheet MIME type, and strict MIME checking is enabled.
2022-05-26 11:52:26 ERROR    Failure: http://localhost:1800/login -> net::ERR_ABORTED
2022-05-26 11:52:27 ERROR    Failure: http://localhost:1800/ -> Refused to apply style from 'https://www.websitepolicies.com/?utm_medium=redirect&utm_campaign=redirect&utm_source=wpcc.io' because its MIME type ('text/html') is not a supported stylesheet MIME type, and strict MIME checking is enabled.
2022-05-26 11:52:27 ERROR    Failure: http://localhost:1800/ -> net::ERR_ABORTED
2022-05-26 11:52:28 ERROR    Failure: http://localhost:1800/ -> Refused to execute script from 'https://www.websitepolicies.com/?utm_medium=redirect&utm_campaign=redirect&utm_source=wpcc.io' because its MIME type ('text/html') is not executable, and strict MIME type checking is enabled.
2022-05-26 11:52:29 ERROR    Failure: http://localhost:1800/ -> Failed to load resource: the server responded with a status of 401 (Unauthorized)
2022-05-26 11:52:29 ERROR    Failure: http://localhost:1800/ -> status code(401) -> Not logged in
2022-05-26 11:52:34 ERROR    Failure: http://localhost:1800/ -> net::ERR_ABORTED
2022-05-26 11:52:34 ERROR    Failure: http://localhost:1800/ -> net::ERR_ABORTED
2022-05-26 11:52:38 ERROR    Failure: http://localhost:1800/ -> Refused to apply style from 'https://www.websitepolicies.com/?utm_medium=redirect&utm_campaign=redirect&utm_source=wpcc.io' because its MIME type ('text/html') is not a supported stylesheet MIME type, and strict MIME checking is enabled.
2022-05-26 11:52:38 ERROR    Failure: http://localhost:1800/ -> net::ERR_ABORTED
2022-05-26 11:52:39 ERROR    Failure: http://localhost:1800/ -> Refused to execute script from 'https://www.websitepolicies.com/?utm_medium=redirect&utm_campaign=redirect&utm_source=wpcc.io' because its MIME type ('text/html') is not executable, and strict MIME type checking is enabled.
2022-05-26 11:52:39 ERROR    Failure: http://localhost:1800/ -> Failed to load resource: the server responded with a status of 401 (Unauthorized)
2022-05-26 11:52:39 ERROR    Failure: http://localhost:1800/ -> status code(401) -> Not logged in
2022-05-26 11:52:46 ERROR    Failure: http://localhost:1800/subscribe?product=unlimited -> Refused to apply style from 'https://www.websitepolicies.com/?utm_medium=redirect&utm_campaign=redirect&utm_source=wpcc.io' because its MIME type ('text/html') is not a supported stylesheet MIME type, and strict MIME checking is enabled.
2022-05-26 11:52:46 ERROR    Failure: http://localhost:1800/subscribe?product=unlimited -> net::ERR_ABORTED
2022-05-26 11:52:47 ERROR    Failure: http://localhost:1800/ -> Refused to apply style from 'https://www.websitepolicies.com/?utm_medium=redirect&utm_campaign=redirect&utm_source=wpcc.io' because its MIME type ('text/html') is not a supported stylesheet MIME type, and strict MIME checking is enabled.
2022-05-26 11:52:47 ERROR    Failure: http://localhost:1800/ -> net::ERR_ABORTED
2022-05-26 11:52:48 ERROR    Failure: http://localhost:1800/ -> Refused to execute script from 'https://www.websitepolicies.com/?utm_medium=redirect&utm_campaign=redirect&utm_source=wpcc.io' because its MIME type ('text/html') is not executable, and strict MIME type checking is enabled.
2022-05-26 11:52:48 ERROR    Failure: http://localhost:1800/ -> Failed to load resource: the server responded with a status of 401 (Unauthorized)
2022-05-26 11:52:48 ERROR    Failure: http://localhost:1800/ -> status code(401) -> Not logged in
2022-05-26 11:52:55 ERROR    Failure: http://localhost:1800/subscribe?product=team -> Refused to apply style from 'https://www.websitepolicies.com/?utm_medium=redirect&utm_campaign=redirect&utm_source=wpcc.io' because its MIME type ('text/html') is not a supported stylesheet MIME type, and strict MIME checking is enabled.
2022-05-26 11:52:55 ERROR    Failure: http://localhost:1800/subscribe?product=team -> net::ERR_ABORTED
2022-05-26 11:52:56 ERROR    Failure: http://localhost:1800/ -> Refused to apply style from 'https://www.websitepolicies.com/?utm_medium=redirect&utm_campaign=redirect&utm_source=wpcc.io' because its MIME type ('text/html') is not a supported stylesheet MIME type, and strict MIME checking is enabled.
2022-05-26 11:52:56 ERROR    Failure: http://localhost:1800/ -> net::ERR_ABORTED
2022-05-26 11:52:57 ERROR    Failure: http://localhost:1800/ -> Refused to execute script from 'https://www.websitepolicies.com/?utm_medium=redirect&utm_campaign=redirect&utm_source=wpcc.io' because its MIME type ('text/html') is not executable, and strict MIME type checking is enabled.
2022-05-26 11:52:58 ERROR    Failure: http://localhost:1800/ -> Failed to load resource: the server responded with a status of 401 (Unauthorized)
2022-05-26 11:52:58 ERROR    Failure: http://localhost:1800/ -> status code(401) -> Not logged in
2022-05-26 11:53:36 ERROR    Failure: http://localhost:1800/ -> net::ERR_NAME_RESOLUTION_FAILED
2022-05-26 11:53:36 ERROR    Failure: http://localhost:1800/ -> Failed to load resource: net::ERR_NAME_RESOLUTION_FAILED
2022-05-26 11:53:36 ERROR    Failure: http://localhost:1800/ -> net::ERR_NAME_RESOLUTION_FAILED
2022-05-26 11:53:36 ERROR    Failure: http://localhost:1800/ -> Failed to load resource: net::ERR_NAME_RESOLUTION_FAILED
2022-05-26 11:53:36 ERROR    Failure: http://localhost:1800/ -> net::ERR_NAME_RESOLUTION_FAILED
2022-05-26 11:53:36 ERROR    Failure: http://localhost:1800/ -> Failed to load resource: net::ERR_NAME_RESOLUTION_FAILED
2022-05-26 11:53:36 ERROR    Failure: http://localhost:1800/ -> net::ERR_NAME_RESOLUTION_FAILED
2022-05-26 11:53:36 ERROR    Failure: http://localhost:1800/ -> Failed to load resource: net::ERR_NAME_RESOLUTION_FAILED
2022-05-26 11:53:36 ERROR    Failure: http://localhost:1800/ -> net::ERR_NAME_RESOLUTION_FAILED
2022-05-26 11:53:36 ERROR    Failure: http://localhost:1800/ -> Failed to load resource: net::ERR_NAME_RESOLUTION_FAILED
2022-05-26 11:53:36 ERROR    Failure: http://localhost:1800/ -> net::ERR_NAME_RESOLUTION_FAILED
2022-05-26 11:53:36 ERROR    Failure: http://localhost:1800/ -> Failed to load resource: net::ERR_NAME_RESOLUTION_FAILED
2022-05-26 11:53:37 ERROR    Failure: http://localhost:1800/ -> Failed to load resource: the server responded with a status of 401 (Unauthorized)
2022-05-26 11:53:37 ERROR    Failure: http://localhost:1800/ -> status code(401) -> Not logged in
2022-05-26 11:53:47 ERROR    Failure: http://localhost:1800/subscribe?product=self-hosted -> net::ERR_NAME_RESOLUTION_FAILED
2022-05-26 11:53:47 ERROR    Failure: http://localhost:1800/subscribe?product=self-hosted -> Failed to load resource: net::ERR_NAME_RESOLUTION_FAILED
2022-05-26 11:53:47 ERROR    Failure: http://localhost:1800/subscribe?product=self-hosted -> net::ERR_NAME_RESOLUTION_FAILED
2022-05-26 11:53:47 ERROR    Failure: http://localhost:1800/subscribe?product=self-hosted -> Failed to load resource: net::ERR_NAME_RESOLUTION_FAILED
2022-05-26 11:53:47 ERROR    Failure: http://localhost:1800/subscribe?product=self-hosted -> net::ERR_NAME_RESOLUTION_FAILED
2022-05-26 11:53:47 ERROR    Failure: http://localhost:1800/subscribe?product=self-hosted -> Failed to load resource: net::ERR_NAME_RESOLUTION_FAILED
2022-05-26 11:53:47 ERROR    Failure: http://localhost:1800/subscribe?product=self-hosted -> net::ERR_NAME_RESOLUTION_FAILED
2022-05-26 11:53:47 ERROR    Failure: http://localhost:1800/subscribe?product=self-hosted -> Failed to load resource: net::ERR_NAME_RESOLUTION_FAILED
2022-05-26 11:53:47 ERROR    Failure: http://localhost:1800/subscribe?product=self-hosted -> net::ERR_NAME_RESOLUTION_FAILED
2022-05-26 11:53:47 ERROR    Failure: http://localhost:1800/subscribe?product=self-hosted -> Failed to load resource: net::ERR_NAME_RESOLUTION_FAILED
2022-05-26 11:53:47 ERROR    Failure: http://localhost:1800/subscribe?product=self-hosted -> net::ERR_NAME_RESOLUTION_FAILED
2022-05-26 11:53:47 ERROR    Failure: http://localhost:1800/subscribe?product=self-hosted -> Failed to load resource: net::ERR_NAME_RESOLUTION_FAILED
2022-05-26 11:53:48 ERROR    Failure: http://localhost:1800/subscribe?product=self-hosted -> Failed to load resource: the server responded with a status of 401 (Unauthorized)
2022-05-26 11:53:48 ERROR    Failure: http://localhost:1800/subscribe?product=self-hosted -> status code(401) -> Not logged in
2022-05-26 11:53:48 ERROR    Failure: http://localhost:1800/subscribe?product=self-hosted -> net::ERR_NAME_RESOLUTION_FAILED
2022-05-26 11:53:48 ERROR    Failure: http://localhost:1800/subscribe?product=self-hosted -> Failed to load resource: net::ERR_NAME_RESOLUTION_FAILED
2022-05-26 11:53:49 ERROR    Failure: http://localhost:1800/ -> net::ERR_NAME_RESOLUTION_FAILED
2022-05-26 11:53:49 ERROR    Failure: http://localhost:1800/ -> Failed to load resource: net::ERR_NAME_RESOLUTION_FAILED
2022-05-26 11:53:49 ERROR    Failure: http://localhost:1800/ -> net::ERR_NAME_RESOLUTION_FAILED
2022-05-26 11:53:49 ERROR    Failure: http://localhost:1800/ -> Failed to load resource: net::ERR_NAME_RESOLUTION_FAILED
2022-05-26 11:53:49 ERROR    Failure: http://localhost:1800/ -> net::ERR_NAME_RESOLUTION_FAILED
2022-05-26 11:53:49 ERROR    Failure: http://localhost:1800/ -> Failed to load resource: net::ERR_NAME_RESOLUTION_FAILED
2022-05-26 11:53:49 ERROR    Failure: http://localhost:1800/ -> net::ERR_NAME_RESOLUTION_FAILED
2022-05-26 11:53:49 ERROR    Failure: http://localhost:1800/ -> Failed to load resource: net::ERR_NAME_RESOLUTION_FAILED
2022-05-26 11:53:49 ERROR    Failure: http://localhost:1800/ -> net::ERR_NAME_RESOLUTION_FAILED
2022-05-26 11:53:49 ERROR    Failure: http://localhost:1800/ -> Failed to load resource: net::ERR_NAME_RESOLUTION_FAILED
2022-05-26 11:53:49 ERROR    Failure: http://localhost:1800/ -> net::ERR_NAME_RESOLUTION_FAILED
2022-05-26 11:53:49 ERROR    Failure: http://localhost:1800/ -> Failed to load resource: net::ERR_NAME_RESOLUTION_FAILED
2022-05-26 11:53:49 ERROR    Failure: http://localhost:1800/ -> Failed to load resource: the server responded with a status of 401 (Unauthorized)
2022-05-26 11:53:50 ERROR    Failure: http://localhost:1800/ -> status code(401) -> Not logged in
2022-05-26 11:53:59 ERROR    Failure: http://localhost:1800/subscribe?product=self-hosted -> net::ERR_NAME_RESOLUTION_FAILED
2022-05-26 11:53:59 ERROR    Failure: http://localhost:1800/subscribe?product=self-hosted -> Failed to load resource: net::ERR_NAME_RESOLUTION_FAILED
2022-05-26 11:53:59 ERROR    Failure: http://localhost:1800/subscribe?product=self-hosted -> net::ERR_NAME_RESOLUTION_FAILED
2022-05-26 11:53:59 ERROR    Failure: http://localhost:1800/subscribe?product=self-hosted -> Failed to load resource: net::ERR_NAME_RESOLUTION_FAILED
2022-05-26 11:53:59 ERROR    Failure: http://localhost:1800/subscribe?product=self-hosted -> net::ERR_NAME_RESOLUTION_FAILED
2022-05-26 11:53:59 ERROR    Failure: http://localhost:1800/subscribe?product=self-hosted -> Failed to load resource: net::ERR_NAME_RESOLUTION_FAILED
2022-05-26 11:53:59 ERROR    Failure: http://localhost:1800/subscribe?product=self-hosted -> net::ERR_NAME_RESOLUTION_FAILED
2022-05-26 11:53:59 ERROR    Failure: http://localhost:1800/subscribe?product=self-hosted -> Failed to load resource: net::ERR_NAME_RESOLUTION_FAILED
2022-05-26 11:53:59 ERROR    Failure: http://localhost:1800/subscribe?product=self-hosted -> net::ERR_NAME_RESOLUTION_FAILED
2022-05-26 11:53:59 ERROR    Failure: http://localhost:1800/subscribe?product=self-hosted -> Failed to load resource: net::ERR_NAME_RESOLUTION_FAILED
2022-05-26 11:53:59 ERROR    Failure: http://localhost:1800/subscribe?product=self-hosted -> net::ERR_NAME_RESOLUTION_FAILED
2022-05-26 11:53:59 ERROR    Failure: http://localhost:1800/subscribe?product=self-hosted -> Failed to load resource: net::ERR_NAME_RESOLUTION_FAILED
2022-05-26 11:54:00 ERROR    Failure: http://localhost:1800/subscribe?product=self-hosted -> Failed to load resource: the server responded with a status of 401 (Unauthorized)
2022-05-26 11:54:00 ERROR    Failure: http://localhost:1800/subscribe?product=self-hosted -> net::ERR_NAME_RESOLUTION_FAILED
2022-05-26 11:54:00 ERROR    Failure: http://localhost:1800/subscribe?product=self-hosted -> Failed to load resource: net::ERR_NAME_RESOLUTION_FAILED
2022-05-26 11:54:00 ERROR    Failure: http://localhost:1800/subscribe?product=self-hosted -> status code(401) -> Not logged in
2022-05-26 11:54:02 ERROR    Failure: http://localhost:1800/ -> net::ERR_NAME_RESOLUTION_FAILED
2022-05-26 11:54:02 ERROR    Failure: http://localhost:1800/ -> Failed to load resource: net::ERR_NAME_RESOLUTION_FAILED
2022-05-26 11:54:02 ERROR    Failure: http://localhost:1800/ -> net::ERR_NAME_RESOLUTION_FAILED
2022-05-26 11:54:02 ERROR    Failure: http://localhost:1800/ -> Failed to load resource: net::ERR_NAME_RESOLUTION_FAILED
2022-05-26 11:54:02 ERROR    Failure: http://localhost:1800/ -> net::ERR_NAME_RESOLUTION_FAILED
2022-05-26 11:54:02 ERROR    Failure: http://localhost:1800/ -> Failed to load resource: net::ERR_NAME_RESOLUTION_FAILED
2022-05-26 11:54:02 ERROR    Failure: http://localhost:1800/ -> net::ERR_NAME_RESOLUTION_FAILED
2022-05-26 11:54:02 ERROR    Failure: http://localhost:1800/ -> Failed to load resource: net::ERR_NAME_RESOLUTION_FAILED
2022-05-26 11:54:02 ERROR    Failure: http://localhost:1800/ -> net::ERR_NAME_RESOLUTION_FAILED
2022-05-26 11:54:02 ERROR    Failure: http://localhost:1800/ -> Failed to load resource: net::ERR_NAME_RESOLUTION_FAILED
2022-05-26 11:54:02 ERROR    Failure: http://localhost:1800/ -> net::ERR_NAME_RESOLUTION_FAILED
2022-05-26 11:54:02 ERROR    Failure: http://localhost:1800/ -> Failed to load resource: net::ERR_NAME_RESOLUTION_FAILED
2022-05-26 11:54:03 ERROR    Failure: http://localhost:1800/ -> Failed to load resource: the server responded with a status of 401 (Unauthorized)
2022-05-26 11:54:03 ERROR    Failure: http://localhost:1800/ -> status code(401) -> Not logged in
2022-05-26 11:54:12 ERROR    Failure: http://localhost:1800/subscribe?product=self-hosted -> net::ERR_NAME_RESOLUTION_FAILED
2022-05-26 11:54:12 ERROR    Failure: http://localhost:1800/subscribe?product=self-hosted -> Failed to load resource: net::ERR_NAME_RESOLUTION_FAILED
2022-05-26 11:54:12 ERROR    Failure: http://localhost:1800/subscribe?product=self-hosted -> net::ERR_NAME_RESOLUTION_FAILED
2022-05-26 11:54:12 ERROR    Failure: http://localhost:1800/subscribe?product=self-hosted -> Failed to load resource: net::ERR_NAME_RESOLUTION_FAILED
2022-05-26 11:54:12 ERROR    Failure: http://localhost:1800/subscribe?product=self-hosted -> net::ERR_NAME_RESOLUTION_FAILED
2022-05-26 11:54:12 ERROR    Failure: http://localhost:1800/subscribe?product=self-hosted -> Failed to load resource: net::ERR_NAME_RESOLUTION_FAILED
2022-05-26 11:54:12 ERROR    Failure: http://localhost:1800/subscribe?product=self-hosted -> net::ERR_NAME_RESOLUTION_FAILED
2022-05-26 11:54:12 ERROR    Failure: http://localhost:1800/subscribe?product=self-hosted -> Failed to load resource: net::ERR_NAME_RESOLUTION_FAILED
2022-05-26 11:54:12 ERROR    Failure: http://localhost:1800/subscribe?product=self-hosted -> net::ERR_NAME_RESOLUTION_FAILED
2022-05-26 11:54:12 ERROR    Failure: http://localhost:1800/subscribe?product=self-hosted -> Failed to load resource: net::ERR_NAME_RESOLUTION_FAILED
2022-05-26 11:54:12 ERROR    Failure: http://localhost:1800/subscribe?product=self-hosted -> net::ERR_NAME_RESOLUTION_FAILED
2022-05-26 11:54:12 ERROR    Failure: http://localhost:1800/subscribe?product=self-hosted -> Failed to load resource: net::ERR_NAME_RESOLUTION_FAILED
2022-05-26 11:54:13 ERROR    Failure: http://localhost:1800/subscribe?product=self-hosted -> Failed to load resource: the server responded with a status of 401 (Unauthorized)
2022-05-26 11:54:13 ERROR    Failure: http://localhost:1800/subscribe?product=self-hosted -> net::ERR_NAME_RESOLUTION_FAILED
2022-05-26 11:54:13 ERROR    Failure: http://localhost:1800/subscribe?product=self-hosted -> Failed to load resource: net::ERR_NAME_RESOLUTION_FAILED
2022-05-26 11:54:13 ERROR    Failure: http://localhost:1800/subscribe?product=self-hosted -> status code(401) -> Not logged in
2022-05-26 11:54:15 ERROR    Failure: http://localhost:1800/ -> net::ERR_NAME_RESOLUTION_FAILED
2022-05-26 11:54:15 ERROR    Failure: http://localhost:1800/ -> Failed to load resource: net::ERR_NAME_RESOLUTION_FAILED
2022-05-26 11:54:15 ERROR    Failure: http://localhost:1800/ -> net::ERR_NAME_RESOLUTION_FAILED
2022-05-26 11:54:15 ERROR    Failure: http://localhost:1800/ -> Failed to load resource: net::ERR_NAME_RESOLUTION_FAILED
2022-05-26 11:54:15 ERROR    Failure: http://localhost:1800/ -> net::ERR_NAME_RESOLUTION_FAILED
2022-05-26 11:54:15 ERROR    Failure: http://localhost:1800/ -> Failed to load resource: net::ERR_NAME_RESOLUTION_FAILED
2022-05-26 11:54:15 ERROR    Failure: http://localhost:1800/ -> net::ERR_NAME_RESOLUTION_FAILED
2022-05-26 11:54:15 ERROR    Failure: http://localhost:1800/ -> Failed to load resource: net::ERR_NAME_RESOLUTION_FAILED
2022-05-26 11:54:15 ERROR    Failure: http://localhost:1800/ -> net::ERR_NAME_RESOLUTION_FAILED
2022-05-26 11:54:15 ERROR    Failure: http://localhost:1800/ -> Failed to load resource: net::ERR_NAME_RESOLUTION_FAILED
2022-05-26 11:54:15 ERROR    Failure: http://localhost:1800/ -> net::ERR_NAME_RESOLUTION_FAILED
2022-05-26 11:54:15 ERROR    Failure: http://localhost:1800/ -> Failed to load resource: net::ERR_NAME_RESOLUTION_FAILED
2022-05-26 11:54:15 ERROR    Failure: http://localhost:1800/ -> Failed to load resource: the server responded with a status of 401 (Unauthorized)
2022-05-26 11:54:15 ERROR    Failure: http://localhost:1800/ -> status code(401) -> Not logged in
2022-05-26 11:54:25 ERROR    Failure: http://localhost:1800/subscribe?product=self-hosted -> net::ERR_NAME_RESOLUTION_FAILED
2022-05-26 11:54:25 ERROR    Failure: http://localhost:1800/subscribe?product=self-hosted -> Failed to load resource: net::ERR_NAME_RESOLUTION_FAILED
2022-05-26 11:54:25 ERROR    Failure: http://localhost:1800/subscribe?product=self-hosted -> net::ERR_NAME_RESOLUTION_FAILED
2022-05-26 11:54:25 ERROR    Failure: http://localhost:1800/subscribe?product=self-hosted -> Failed to load resource: net::ERR_NAME_RESOLUTION_FAILED
2022-05-26 11:54:25 ERROR    Failure: http://localhost:1800/subscribe?product=self-hosted -> net::ERR_NAME_RESOLUTION_FAILED
2022-05-26 11:54:25 ERROR    Failure: http://localhost:1800/subscribe?product=self-hosted -> Failed to load resource: net::ERR_NAME_RESOLUTION_FAILED
2022-05-26 11:54:25 ERROR    Failure: http://localhost:1800/subscribe?product=self-hosted -> net::ERR_NAME_RESOLUTION_FAILED
2022-05-26 11:54:25 ERROR    Failure: http://localhost:1800/subscribe?product=self-hosted -> Failed to load resource: net::ERR_NAME_RESOLUTION_FAILED
2022-05-26 11:54:25 ERROR    Failure: http://localhost:1800/subscribe?product=self-hosted -> net::ERR_NAME_RESOLUTION_FAILED
2022-05-26 11:54:25 ERROR    Failure: http://localhost:1800/subscribe?product=self-hosted -> Failed to load resource: net::ERR_NAME_RESOLUTION_FAILED
2022-05-26 11:54:25 ERROR    Failure: http://localhost:1800/subscribe?product=self-hosted -> net::ERR_NAME_RESOLUTION_FAILED
2022-05-26 11:54:25 ERROR    Failure: http://localhost:1800/subscribe?product=self-hosted -> Failed to load resource: net::ERR_NAME_RESOLUTION_FAILED
2022-05-26 11:54:25 ERROR    Failure: http://localhost:1800/subscribe?product=self-hosted -> Failed to load resource: the server responded with a status of 401 (Unauthorized)
2022-05-26 11:54:25 ERROR    Failure: http://localhost:1800/subscribe?product=self-hosted -> net::ERR_NAME_RESOLUTION_FAILED
2022-05-26 11:54:25 ERROR    Failure: http://localhost:1800/subscribe?product=self-hosted -> Failed to load resource: net::ERR_NAME_RESOLUTION_FAILED
2022-05-26 11:54:25 ERROR    Failure: http://localhost:1800/subscribe?product=self-hosted -> status code(401) -> Not logged in
2022-05-26 11:54:27 ERROR    Failure: http://localhost:1800/ -> net::ERR_NAME_RESOLUTION_FAILED
2022-05-26 11:54:27 ERROR    Failure: http://localhost:1800/ -> Failed to load resource: net::ERR_NAME_RESOLUTION_FAILED
2022-05-26 11:54:27 ERROR    Failure: http://localhost:1800/ -> net::ERR_NAME_RESOLUTION_FAILED
2022-05-26 11:54:27 ERROR    Failure: http://localhost:1800/ -> Failed to load resource: net::ERR_NAME_RESOLUTION_FAILED
2022-05-26 11:54:27 ERROR    Failure: http://localhost:1800/ -> net::ERR_NAME_RESOLUTION_FAILED
2022-05-26 11:54:27 ERROR    Failure: http://localhost:1800/ -> Failed to load resource: net::ERR_NAME_RESOLUTION_FAILED
2022-05-26 11:54:27 ERROR    Failure: http://localhost:1800/ -> net::ERR_NAME_RESOLUTION_FAILED
2022-05-26 11:54:27 ERROR    Failure: http://localhost:1800/ -> Failed to load resource: net::ERR_NAME_RESOLUTION_FAILED
2022-05-26 11:54:27 ERROR    Failure: http://localhost:1800/ -> net::ERR_NAME_RESOLUTION_FAILED
2022-05-26 11:54:27 ERROR    Failure: http://localhost:1800/ -> Failed to load resource: net::ERR_NAME_RESOLUTION_FAILED
2022-05-26 11:54:27 ERROR    Failure: http://localhost:1800/ -> net::ERR_NAME_RESOLUTION_FAILED
2022-05-26 11:54:27 ERROR    Failure: http://localhost:1800/ -> Failed to load resource: net::ERR_NAME_RESOLUTION_FAILED
2022-05-26 11:54:28 ERROR    Failure: http://localhost:1800/ -> Failed to load resource: the server responded with a status of 401 (Unauthorized)
2022-05-26 11:54:28 ERROR    Failure: http://localhost:1800/ -> status code(401) -> Not logged in
2022-05-26 11:54:38 ERROR    Failure: http://localhost:1800/subscribe?product=self-hosted -> net::ERR_NAME_RESOLUTION_FAILED
2022-05-26 11:54:38 ERROR    Failure: http://localhost:1800/subscribe?product=self-hosted -> Failed to load resource: net::ERR_NAME_RESOLUTION_FAILED
2022-05-26 11:54:38 ERROR    Failure: http://localhost:1800/subscribe?product=self-hosted -> net::ERR_NAME_RESOLUTION_FAILED
2022-05-26 11:54:38 ERROR    Failure: http://localhost:1800/subscribe?product=self-hosted -> Failed to load resource: net::ERR_NAME_RESOLUTION_FAILED
2022-05-26 11:54:38 ERROR    Failure: http://localhost:1800/subscribe?product=self-hosted -> net::ERR_NAME_RESOLUTION_FAILED
2022-05-26 11:54:38 ERROR    Failure: http://localhost:1800/subscribe?product=self-hosted -> Failed to load resource: net::ERR_NAME_RESOLUTION_FAILED
2022-05-26 11:54:38 ERROR    Failure: http://localhost:1800/subscribe?product=self-hosted -> net::ERR_NAME_RESOLUTION_FAILED
2022-05-26 11:54:38 ERROR    Failure: http://localhost:1800/subscribe?product=self-hosted -> Failed to load resource: net::ERR_NAME_RESOLUTION_FAILED
2022-05-26 11:54:38 ERROR    Failure: http://localhost:1800/subscribe?product=self-hosted -> net::ERR_NAME_RESOLUTION_FAILED
2022-05-26 11:54:38 ERROR    Failure: http://localhost:1800/subscribe?product=self-hosted -> Failed to load resource: net::ERR_NAME_RESOLUTION_FAILED
2022-05-26 11:54:38 ERROR    Failure: http://localhost:1800/subscribe?product=self-hosted -> net::ERR_NAME_RESOLUTION_FAILED
2022-05-26 11:54:38 ERROR    Failure: http://localhost:1800/subscribe?product=self-hosted -> Failed to load resource: net::ERR_NAME_RESOLUTION_FAILED
2022-05-26 11:54:38 ERROR    Failure: http://localhost:1800/subscribe?product=self-hosted -> Failed to load resource: the server responded with a status of 401 (Unauthorized)
2022-05-26 11:54:38 ERROR    Failure: http://localhost:1800/subscribe?product=self-hosted -> net::ERR_NAME_RESOLUTION_FAILED
2022-05-26 11:54:38 ERROR    Failure: http://localhost:1800/subscribe?product=self-hosted -> Failed to load resource: net::ERR_NAME_RESOLUTION_FAILED
2022-05-26 11:54:38 ERROR    Failure: http://localhost:1800/subscribe?product=self-hosted -> status code(401) -> Not logged in
2022-05-26 11:54:40 ERROR    Failure: http://localhost:1800/ -> net::ERR_NAME_RESOLUTION_FAILED
2022-05-26 11:54:40 ERROR    Failure: http://localhost:1800/ -> Failed to load resource: net::ERR_NAME_RESOLUTION_FAILED
2022-05-26 11:54:40 ERROR    Failure: http://localhost:1800/ -> net::ERR_NAME_RESOLUTION_FAILED
2022-05-26 11:54:40 ERROR    Failure: http://localhost:1800/ -> Failed to load resource: net::ERR_NAME_RESOLUTION_FAILED
2022-05-26 11:54:40 ERROR    Failure: http://localhost:1800/ -> net::ERR_NAME_RESOLUTION_FAILED
2022-05-26 11:54:40 ERROR    Failure: http://localhost:1800/ -> Failed to load resource: net::ERR_NAME_RESOLUTION_FAILED
2022-05-26 11:54:40 ERROR    Failure: http://localhost:1800/ -> net::ERR_NAME_RESOLUTION_FAILED
2022-05-26 11:54:40 ERROR    Failure: http://localhost:1800/ -> Failed to load resource: net::ERR_NAME_RESOLUTION_FAILED
2022-05-26 11:54:40 ERROR    Failure: http://localhost:1800/ -> net::ERR_NAME_RESOLUTION_FAILED
2022-05-26 11:54:40 ERROR    Failure: http://localhost:1800/ -> Failed to load resource: net::ERR_NAME_RESOLUTION_FAILED
2022-05-26 11:54:40 ERROR    Failure: http://localhost:1800/ -> net::ERR_NAME_RESOLUTION_FAILED
2022-05-26 11:54:40 ERROR    Failure: http://localhost:1800/ -> Failed to load resource: net::ERR_NAME_RESOLUTION_FAILED
2022-05-26 11:54:41 ERROR    Failure: http://localhost:1800/ -> Failed to load resource: the server responded with a status of 401 (Unauthorized)
2022-05-26 11:54:41 ERROR    Failure: http://localhost:1800/ -> status code(401) -> Not logged in
2022-05-26 11:54:50 ERROR    Failure: http://localhost:1800/subscribe?product=self-hosted -> net::ERR_NAME_RESOLUTION_FAILED
2022-05-26 11:54:50 ERROR    Failure: http://localhost:1800/subscribe?product=self-hosted -> Failed to load resource: net::ERR_NAME_RESOLUTION_FAILED
2022-05-26 11:54:50 ERROR    Failure: http://localhost:1800/subscribe?product=self-hosted -> net::ERR_NAME_RESOLUTION_FAILED
2022-05-26 11:54:50 ERROR    Failure: http://localhost:1800/subscribe?product=self-hosted -> Failed to load resource: net::ERR_NAME_RESOLUTION_FAILED
2022-05-26 11:54:50 ERROR    Failure: http://localhost:1800/subscribe?product=self-hosted -> net::ERR_NAME_RESOLUTION_FAILED
2022-05-26 11:54:50 ERROR    Failure: http://localhost:1800/subscribe?product=self-hosted -> Failed to load resource: net::ERR_NAME_RESOLUTION_FAILED
2022-05-26 11:54:50 ERROR    Failure: http://localhost:1800/subscribe?product=self-hosted -> net::ERR_NAME_RESOLUTION_FAILED
2022-05-26 11:54:50 ERROR    Failure: http://localhost:1800/subscribe?product=self-hosted -> Failed to load resource: net::ERR_NAME_RESOLUTION_FAILED
2022-05-26 11:54:50 ERROR    Failure: http://localhost:1800/subscribe?product=self-hosted -> net::ERR_NAME_RESOLUTION_FAILED
2022-05-26 11:54:50 ERROR    Failure: http://localhost:1800/subscribe?product=self-hosted -> Failed to load resource: net::ERR_NAME_RESOLUTION_FAILED
2022-05-26 11:54:50 ERROR    Failure: http://localhost:1800/subscribe?product=self-hosted -> net::ERR_NAME_RESOLUTION_FAILED
2022-05-26 11:54:50 ERROR    Failure: http://localhost:1800/subscribe?product=self-hosted -> Failed to load resource: net::ERR_NAME_RESOLUTION_FAILED
2022-05-26 11:54:51 ERROR    Failure: http://localhost:1800/subscribe?product=self-hosted -> Failed to load resource: the server responded with a status of 401 (Unauthorized)
2022-05-26 11:54:51 ERROR    Failure: http://localhost:1800/subscribe?product=self-hosted -> net::ERR_NAME_RESOLUTION_FAILED
2022-05-26 11:54:51 ERROR    Failure: http://localhost:1800/subscribe?product=self-hosted -> Failed to load resource: net::ERR_NAME_RESOLUTION_FAILED
2022-05-26 11:54:51 ERROR    Failure: http://localhost:1800/subscribe?product=self-hosted -> status code(401) -> Not logged in
2022-05-26 11:54:53 ERROR    Failure: http://localhost:1800/ -> net::ERR_NAME_RESOLUTION_FAILED
2022-05-26 11:54:53 ERROR    Failure: http://localhost:1800/ -> Failed to load resource: net::ERR_NAME_RESOLUTION_FAILED
2022-05-26 11:54:53 ERROR    Failure: http://localhost:1800/ -> net::ERR_NAME_RESOLUTION_FAILED
2022-05-26 11:54:53 ERROR    Failure: http://localhost:1800/ -> Failed to load resource: net::ERR_NAME_RESOLUTION_FAILED
2022-05-26 11:54:53 ERROR    Failure: http://localhost:1800/ -> net::ERR_NAME_RESOLUTION_FAILED
2022-05-26 11:54:53 ERROR    Failure: http://localhost:1800/ -> Failed to load resource: net::ERR_NAME_RESOLUTION_FAILED
2022-05-26 11:54:53 ERROR    Failure: http://localhost:1800/ -> net::ERR_NAME_RESOLUTION_FAILED
2022-05-26 11:54:53 ERROR    Failure: http://localhost:1800/ -> Failed to load resource: net::ERR_NAME_RESOLUTION_FAILED
2022-05-26 11:54:53 ERROR    Failure: http://localhost:1800/ -> net::ERR_NAME_RESOLUTION_FAILED
2022-05-26 11:54:53 ERROR    Failure: http://localhost:1800/ -> Failed to load resource: net::ERR_NAME_RESOLUTION_FAILED
2022-05-26 11:54:53 ERROR    Failure: http://localhost:1800/ -> net::ERR_NAME_RESOLUTION_FAILED
2022-05-26 11:54:53 ERROR    Failure: http://localhost:1800/ -> Failed to load resource: net::ERR_NAME_RESOLUTION_FAILED
2022-05-26 11:54:53 ERROR    Failure: http://localhost:1800/ -> Failed to load resource: the server responded with a status of 401 (Unauthorized)
2022-05-26 11:54:54 ERROR    Failure: http://localhost:1800/ -> status code(401) -> Not logged in
2022-05-26 11:55:03 ERROR    Failure: http://localhost:1800/subscribe?product=self-hosted -> net::ERR_NAME_RESOLUTION_FAILED
2022-05-26 11:55:03 ERROR    Failure: http://localhost:1800/subscribe?product=self-hosted -> Failed to load resource: net::ERR_NAME_RESOLUTION_FAILED
2022-05-26 11:55:03 ERROR    Failure: http://localhost:1800/subscribe?product=self-hosted -> net::ERR_NAME_RESOLUTION_FAILED
2022-05-26 11:55:03 ERROR    Failure: http://localhost:1800/subscribe?product=self-hosted -> Failed to load resource: net::ERR_NAME_RESOLUTION_FAILED
2022-05-26 11:55:03 ERROR    Failure: http://localhost:1800/subscribe?product=self-hosted -> net::ERR_NAME_RESOLUTION_FAILED
2022-05-26 11:55:03 ERROR    Failure: http://localhost:1800/subscribe?product=self-hosted -> Failed to load resource: net::ERR_NAME_RESOLUTION_FAILED
2022-05-26 11:55:03 ERROR    Failure: http://localhost:1800/subscribe?product=self-hosted -> net::ERR_NAME_RESOLUTION_FAILED
2022-05-26 11:55:03 ERROR    Failure: http://localhost:1800/subscribe?product=self-hosted -> Failed to load resource: net::ERR_NAME_RESOLUTION_FAILED
2022-05-26 11:55:03 ERROR    Failure: http://localhost:1800/subscribe?product=self-hosted -> net::ERR_NAME_RESOLUTION_FAILED
2022-05-26 11:55:03 ERROR    Failure: http://localhost:1800/subscribe?product=self-hosted -> Failed to load resource: net::ERR_NAME_RESOLUTION_FAILED
2022-05-26 11:55:03 ERROR    Failure: http://localhost:1800/subscribe?product=self-hosted -> net::ERR_NAME_RESOLUTION_FAILED
2022-05-26 11:55:03 ERROR    Failure: http://localhost:1800/subscribe?product=self-hosted -> Failed to load resource: net::ERR_NAME_RESOLUTION_FAILED
2022-05-26 11:55:04 ERROR    Failure: http://localhost:1800/subscribe?product=self-hosted -> Failed to load resource: the server responded with a status of 401 (Unauthorized)
2022-05-26 11:55:04 ERROR    Failure: http://localhost:1800/subscribe?product=self-hosted -> status code(401) -> Not logged in
2022-05-26 11:55:04 ERROR    Failure: http://localhost:1800/subscribe?product=self-hosted -> net::ERR_NAME_RESOLUTION_FAILED
2022-05-26 11:55:04 ERROR    Failure: http://localhost:1800/subscribe?product=self-hosted -> Failed to load resource: net::ERR_NAME_RESOLUTION_FAILED
2022-05-26 11:55:06 ERROR    Failure: http://localhost:1800/ -> net::ERR_NAME_RESOLUTION_FAILED
2022-05-26 11:55:06 ERROR    Failure: http://localhost:1800/ -> Failed to load resource: net::ERR_NAME_RESOLUTION_FAILED
2022-05-26 11:55:06 ERROR    Failure: http://localhost:1800/ -> net::ERR_NAME_RESOLUTION_FAILED
2022-05-26 11:55:06 ERROR    Failure: http://localhost:1800/ -> Failed to load resource: net::ERR_NAME_RESOLUTION_FAILED
2022-05-26 11:55:06 ERROR    Failure: http://localhost:1800/ -> net::ERR_NAME_RESOLUTION_FAILED
2022-05-26 11:55:06 ERROR    Failure: http://localhost:1800/ -> Failed to load resource: net::ERR_NAME_RESOLUTION_FAILED
2022-05-26 11:55:06 ERROR    Failure: http://localhost:1800/ -> net::ERR_NAME_RESOLUTION_FAILED
2022-05-26 11:55:06 ERROR    Failure: http://localhost:1800/ -> Failed to load resource: net::ERR_NAME_RESOLUTION_FAILED
2022-05-26 11:55:06 ERROR    Failure: http://localhost:1800/ -> net::ERR_NAME_RESOLUTION_FAILED
2022-05-26 11:55:06 ERROR    Failure: http://localhost:1800/ -> Failed to load resource: net::ERR_NAME_RESOLUTION_FAILED
2022-05-26 11:55:06 ERROR    Failure: http://localhost:1800/ -> net::ERR_NAME_RESOLUTION_FAILED
2022-05-26 11:55:06 ERROR    Failure: http://localhost:1800/ -> Failed to load resource: net::ERR_NAME_RESOLUTION_FAILED
2022-05-26 11:55:06 ERROR    Failure: http://localhost:1800/ -> Failed to load resource: the server responded with a status of 401 (Unauthorized)
2022-05-26 11:55:06 ERROR    Failure: http://localhost:1800/ -> status code(401) -> Not logged in
2022-05-26 11:55:16 ERROR    Failure: http://localhost:1800/subscribe?product=self-hosted -> net::ERR_NAME_RESOLUTION_FAILED
2022-05-26 11:55:16 ERROR    Failure: http://localhost:1800/subscribe?product=self-hosted -> Failed to load resource: net::ERR_NAME_RESOLUTION_FAILED
2022-05-26 11:55:16 ERROR    Failure: http://localhost:1800/subscribe?product=self-hosted -> net::ERR_NAME_RESOLUTION_FAILED
2022-05-26 11:55:16 ERROR    Failure: http://localhost:1800/subscribe?product=self-hosted -> Failed to load resource: net::ERR_NAME_RESOLUTION_FAILED
2022-05-26 11:55:16 ERROR    Failure: http://localhost:1800/subscribe?product=self-hosted -> net::ERR_NAME_RESOLUTION_FAILED
2022-05-26 11:55:16 ERROR    Failure: http://localhost:1800/subscribe?product=self-hosted -> Failed to load resource: net::ERR_NAME_RESOLUTION_FAILED
2022-05-26 11:55:16 ERROR    Failure: http://localhost:1800/subscribe?product=self-hosted -> net::ERR_NAME_RESOLUTION_FAILED
2022-05-26 11:55:16 ERROR    Failure: http://localhost:1800/subscribe?product=self-hosted -> Failed to load resource: net::ERR_NAME_RESOLUTION_FAILED
2022-05-26 11:55:16 ERROR    Failure: http://localhost:1800/subscribe?product=self-hosted -> net::ERR_NAME_RESOLUTION_FAILED
2022-05-26 11:55:16 ERROR    Failure: http://localhost:1800/subscribe?product=self-hosted -> Failed to load resource: net::ERR_NAME_RESOLUTION_FAILED
2022-05-26 11:55:16 ERROR    Failure: http://localhost:1800/subscribe?product=self-hosted -> net::ERR_NAME_RESOLUTION_FAILED
2022-05-26 11:55:16 ERROR    Failure: http://localhost:1800/subscribe?product=self-hosted -> Failed to load resource: net::ERR_NAME_RESOLUTION_FAILED
2022-05-26 11:55:16 ERROR    Failure: http://localhost:1800/subscribe?product=self-hosted -> Failed to load resource: the server responded with a status of 401 (Unauthorized)
2022-05-26 11:55:16 ERROR    Failure: http://localhost:1800/subscribe?product=self-hosted -> net::ERR_NAME_RESOLUTION_FAILED
2022-05-26 11:55:16 ERROR    Failure: http://localhost:1800/subscribe?product=self-hosted -> Failed to load resource: net::ERR_NAME_RESOLUTION_FAILED
2022-05-26 11:55:16 ERROR    Failure: http://localhost:1800/subscribe?product=self-hosted -> status code(401) -> Not logged in
2022-05-26 11:55:19 ERROR    Failure: http://localhost:1800/ -> net::ERR_NAME_RESOLUTION_FAILED
2022-05-26 11:55:19 ERROR    Failure: http://localhost:1800/ -> Failed to load resource: net::ERR_NAME_RESOLUTION_FAILED
2022-05-26 11:55:19 ERROR    Failure: http://localhost:1800/ -> net::ERR_NAME_RESOLUTION_FAILED
2022-05-26 11:55:19 ERROR    Failure: http://localhost:1800/ -> Failed to load resource: net::ERR_NAME_RESOLUTION_FAILED
2022-05-26 11:55:19 ERROR    Failure: http://localhost:1800/ -> net::ERR_NAME_RESOLUTION_FAILED
2022-05-26 11:55:19 ERROR    Failure: http://localhost:1800/ -> Failed to load resource: net::ERR_NAME_RESOLUTION_FAILED
2022-05-26 11:55:19 ERROR    Failure: http://localhost:1800/ -> net::ERR_NAME_RESOLUTION_FAILED
2022-05-26 11:55:19 ERROR    Failure: http://localhost:1800/ -> Failed to load resource: net::ERR_NAME_RESOLUTION_FAILED
2022-05-26 11:55:19 ERROR    Failure: http://localhost:1800/ -> net::ERR_NAME_RESOLUTION_FAILED
2022-05-26 11:55:19 ERROR    Failure: http://localhost:1800/ -> Failed to load resource: net::ERR_NAME_RESOLUTION_FAILED
2022-05-26 11:55:19 ERROR    Failure: http://localhost:1800/ -> net::ERR_NAME_RESOLUTION_FAILED
2022-05-26 11:55:19 ERROR    Failure: http://localhost:1800/ -> Failed to load resource: net::ERR_NAME_RESOLUTION_FAILED
2022-05-26 11:55:19 ERROR    Failure: http://localhost:1800/ -> Failed to load resource: the server responded with a status of 401 (Unauthorized)
2022-05-26 11:55:19 ERROR    Failure: http://localhost:1800/ -> status code(401) -> Not logged in
2022-05-26 11:55:31 ERROR    Failure: http://localhost:1800/admin -> Failed to load resource: the server responded with a status of 403 (Forbidden)
2022-05-26 11:55:31 ERROR    Failure: http://localhost:1800/admin -> status code(403) -> You are not allowed to do this
2022-05-26 11:55:31 ERROR    Failure: http://localhost:1800/ -> net::ERR_NAME_RESOLUTION_FAILED
2022-05-26 11:55:31 ERROR    Failure: http://localhost:1800/ -> Failed to load resource: net::ERR_NAME_RESOLUTION_FAILED
2022-05-26 11:55:31 ERROR    Failure: http://localhost:1800/ -> net::ERR_NAME_RESOLUTION_FAILED
2022-05-26 11:55:31 ERROR    Failure: http://localhost:1800/ -> Failed to load resource: net::ERR_NAME_RESOLUTION_FAILED
2022-05-26 11:55:31 ERROR    Failure: http://localhost:1800/ -> net::ERR_NAME_RESOLUTION_FAILED
2022-05-26 11:55:31 ERROR    Failure: http://localhost:1800/ -> Failed to load resource: net::ERR_NAME_RESOLUTION_FAILED
2022-05-26 11:55:31 ERROR    Failure: http://localhost:1800/ -> net::ERR_NAME_RESOLUTION_FAILED
2022-05-26 11:55:31 ERROR    Failure: http://localhost:1800/ -> Failed to load resource: net::ERR_NAME_RESOLUTION_FAILED
2022-05-26 11:55:31 ERROR    Failure: http://localhost:1800/ -> net::ERR_NAME_RESOLUTION_FAILED
2022-05-26 11:55:31 ERROR    Failure: http://localhost:1800/ -> Failed to load resource: net::ERR_NAME_RESOLUTION_FAILED
2022-05-26 11:55:31 ERROR    Failure: http://localhost:1800/ -> net::ERR_NAME_RESOLUTION_FAILED
2022-05-26 11:55:31 ERROR    Failure: http://localhost:1800/ -> Failed to load resource: net::ERR_NAME_RESOLUTION_FAILED
2022-05-26 11:55:32 ERROR    Failure: http://localhost:1800/ -> Failed to load resource: the server responded with a status of 401 (Unauthorized)
2022-05-26 11:55:32 ERROR    Failure: http://localhost:1800/ -> status code(401) -> Not logged in
2022-05-26 11:55:43 ERROR    Failure: http://localhost:1800/admin -> Failed to load resource: the server responded with a status of 403 (Forbidden)
2022-05-26 11:55:43 ERROR    Failure: http://localhost:1800/admin -> status code(403) -> You are not allowed to do this
2022-05-26 11:55:44 ERROR    Failure: http://localhost:1800/ -> net::ERR_NAME_RESOLUTION_FAILED
2022-05-26 11:55:44 ERROR    Failure: http://localhost:1800/ -> Failed to load resource: net::ERR_NAME_RESOLUTION_FAILED
2022-05-26 11:55:44 ERROR    Failure: http://localhost:1800/ -> net::ERR_NAME_RESOLUTION_FAILED
2022-05-26 11:55:44 ERROR    Failure: http://localhost:1800/ -> Failed to load resource: net::ERR_NAME_RESOLUTION_FAILED
2022-05-26 11:55:44 ERROR    Failure: http://localhost:1800/ -> net::ERR_NAME_RESOLUTION_FAILED
2022-05-26 11:55:44 ERROR    Failure: http://localhost:1800/ -> Failed to load resource: net::ERR_NAME_RESOLUTION_FAILED
2022-05-26 11:55:44 ERROR    Failure: http://localhost:1800/ -> net::ERR_NAME_RESOLUTION_FAILED
2022-05-26 11:55:44 ERROR    Failure: http://localhost:1800/ -> Failed to load resource: net::ERR_NAME_RESOLUTION_FAILED
2022-05-26 11:55:44 ERROR    Failure: http://localhost:1800/ -> net::ERR_NAME_RESOLUTION_FAILED
2022-05-26 11:55:44 ERROR    Failure: http://localhost:1800/ -> Failed to load resource: net::ERR_NAME_RESOLUTION_FAILED
2022-05-26 11:55:44 ERROR    Failure: http://localhost:1800/ -> net::ERR_NAME_RESOLUTION_FAILED
2022-05-26 11:55:44 ERROR    Failure: http://localhost:1800/ -> Failed to load resource: net::ERR_NAME_RESOLUTION_FAILED
2022-05-26 11:55:44 ERROR    Failure: http://localhost:1800/ -> Failed to load resource: the server responded with a status of 401 (Unauthorized)
2022-05-26 11:55:44 ERROR    Failure: http://localhost:1800/ -> status code(401) -> Not logged in
2022-05-26 11:55:58 ERROR    Failure: http://localhost:1800/ -> net::ERR_NAME_RESOLUTION_FAILED
2022-05-26 11:55:58 ERROR    Failure: http://localhost:1800/ -> Failed to load resource: net::ERR_NAME_RESOLUTION_FAILED
2022-05-26 11:55:58 ERROR    Failure: http://localhost:1800/ -> net::ERR_NAME_RESOLUTION_FAILED
2022-05-26 11:55:58 ERROR    Failure: http://localhost:1800/ -> Failed to load resource: net::ERR_NAME_RESOLUTION_FAILED
2022-05-26 11:55:58 ERROR    Failure: http://localhost:1800/ -> net::ERR_NAME_RESOLUTION_FAILED
2022-05-26 11:55:58 ERROR    Failure: http://localhost:1800/ -> Failed to load resource: net::ERR_NAME_RESOLUTION_FAILED
2022-05-26 11:55:58 ERROR    Failure: http://localhost:1800/ -> net::ERR_NAME_RESOLUTION_FAILED
2022-05-26 11:55:58 ERROR    Failure: http://localhost:1800/ -> Failed to load resource: net::ERR_NAME_RESOLUTION_FAILED
2022-05-26 11:55:58 ERROR    Failure: http://localhost:1800/ -> net::ERR_NAME_RESOLUTION_FAILED
2022-05-26 11:55:58 ERROR    Failure: http://localhost:1800/ -> Failed to load resource: net::ERR_NAME_RESOLUTION_FAILED
2022-05-26 11:55:58 ERROR    Failure: http://localhost:1800/ -> net::ERR_NAME_RESOLUTION_FAILED
2022-05-26 11:55:58 ERROR    Failure: http://localhost:1800/ -> Failed to load resource: net::ERR_NAME_RESOLUTION_FAILED
2022-05-26 11:55:58 ERROR    Failure: http://localhost:1800/ -> Failed to load resource: the server responded with a status of 401 (Unauthorized)
2022-05-26 11:55:58 ERROR    Failure: http://localhost:1800/ -> status code(401) -> Not logged in
2022-05-26 11:56:12 ERROR    Failure: http://localhost:1800/ -> net::ERR_NAME_RESOLUTION_FAILED
2022-05-26 11:56:12 ERROR    Failure: http://localhost:1800/ -> Failed to load resource: net::ERR_NAME_RESOLUTION_FAILED
2022-05-26 11:56:12 ERROR    Failure: http://localhost:1800/ -> net::ERR_NAME_RESOLUTION_FAILED
2022-05-26 11:56:12 ERROR    Failure: http://localhost:1800/ -> Failed to load resource: net::ERR_NAME_RESOLUTION_FAILED
2022-05-26 11:56:12 ERROR    Failure: http://localhost:1800/ -> net::ERR_NAME_RESOLUTION_FAILED
2022-05-26 11:56:12 ERROR    Failure: http://localhost:1800/ -> Failed to load resource: net::ERR_NAME_RESOLUTION_FAILED
2022-05-26 11:56:12 ERROR    Failure: http://localhost:1800/ -> net::ERR_NAME_RESOLUTION_FAILED
2022-05-26 11:56:12 ERROR    Failure: http://localhost:1800/ -> Failed to load resource: net::ERR_NAME_RESOLUTION_FAILED
2022-05-26 11:56:12 ERROR    Failure: http://localhost:1800/ -> net::ERR_NAME_RESOLUTION_FAILED
2022-05-26 11:56:12 ERROR    Failure: http://localhost:1800/ -> Failed to load resource: net::ERR_NAME_RESOLUTION_FAILED
2022-05-26 11:56:12 ERROR    Failure: http://localhost:1800/ -> net::ERR_NAME_RESOLUTION_FAILED
2022-05-26 11:56:12 ERROR    Failure: http://localhost:1800/ -> Failed to load resource: net::ERR_NAME_RESOLUTION_FAILED
2022-05-26 11:56:13 ERROR    Failure: http://localhost:1800/ -> Failed to load resource: the server responded with a status of 401 (Unauthorized)
2022-05-26 11:56:13 ERROR    Failure: http://localhost:1800/ -> status code(401) -> Not logged in
2022-05-26 11:56:25 ERROR    Failure: http://localhost:1800/ -> net::ERR_NAME_RESOLUTION_FAILED
2022-05-26 11:56:25 ERROR    Failure: http://localhost:1800/ -> Failed to load resource: net::ERR_NAME_RESOLUTION_FAILED
2022-05-26 11:56:25 ERROR    Failure: http://localhost:1800/ -> net::ERR_NAME_RESOLUTION_FAILED
2022-05-26 11:56:25 ERROR    Failure: http://localhost:1800/ -> Failed to load resource: net::ERR_NAME_RESOLUTION_FAILED
2022-05-26 11:56:25 ERROR    Failure: http://localhost:1800/ -> net::ERR_NAME_RESOLUTION_FAILED
2022-05-26 11:56:25 ERROR    Failure: http://localhost:1800/ -> Failed to load resource: net::ERR_NAME_RESOLUTION_FAILED
2022-05-26 11:56:25 ERROR    Failure: http://localhost:1800/ -> net::ERR_NAME_RESOLUTION_FAILED
2022-05-26 11:56:25 ERROR    Failure: http://localhost:1800/ -> Failed to load resource: net::ERR_NAME_RESOLUTION_FAILED
2022-05-26 11:56:25 ERROR    Failure: http://localhost:1800/ -> net::ERR_NAME_RESOLUTION_FAILED
2022-05-26 11:56:25 ERROR    Failure: http://localhost:1800/ -> Failed to load resource: net::ERR_NAME_RESOLUTION_FAILED
2022-05-26 11:56:25 ERROR    Failure: http://localhost:1800/ -> net::ERR_NAME_RESOLUTION_FAILED
2022-05-26 11:56:25 ERROR    Failure: http://localhost:1800/ -> Failed to load resource: net::ERR_NAME_RESOLUTION_FAILED
2022-05-26 11:56:26 ERROR    Failure: http://localhost:1800/ -> Failed to load resource: the server responded with a status of 401 (Unauthorized)
2022-05-26 11:56:26 ERROR    Failure: http://localhost:1800/ -> status code(401) -> Not logged in
2022-05-26 11:56:38 ERROR    Failure: http://localhost:1800/ -> net::ERR_NAME_RESOLUTION_FAILED
2022-05-26 11:56:38 ERROR    Failure: http://localhost:1800/ -> Failed to load resource: net::ERR_NAME_RESOLUTION_FAILED
2022-05-26 11:56:38 ERROR    Failure: http://localhost:1800/ -> net::ERR_NAME_RESOLUTION_FAILED
2022-05-26 11:56:38 ERROR    Failure: http://localhost:1800/ -> Failed to load resource: net::ERR_NAME_RESOLUTION_FAILED
2022-05-26 11:56:38 ERROR    Failure: http://localhost:1800/ -> net::ERR_NAME_RESOLUTION_FAILED
2022-05-26 11:56:38 ERROR    Failure: http://localhost:1800/ -> Failed to load resource: net::ERR_NAME_RESOLUTION_FAILED
2022-05-26 11:56:38 ERROR    Failure: http://localhost:1800/ -> net::ERR_NAME_RESOLUTION_FAILED
2022-05-26 11:56:38 ERROR    Failure: http://localhost:1800/ -> Failed to load resource: net::ERR_NAME_RESOLUTION_FAILED
2022-05-26 11:56:38 ERROR    Failure: http://localhost:1800/ -> net::ERR_NAME_RESOLUTION_FAILED
2022-05-26 11:56:38 ERROR    Failure: http://localhost:1800/ -> Failed to load resource: net::ERR_NAME_RESOLUTION_FAILED
2022-05-26 11:56:38 ERROR    Failure: http://localhost:1800/ -> net::ERR_NAME_RESOLUTION_FAILED
2022-05-26 11:56:38 ERROR    Failure: http://localhost:1800/ -> Failed to load resource: net::ERR_NAME_RESOLUTION_FAILED
2022-05-26 11:56:38 ERROR    Failure: http://localhost:1800/ -> Failed to load resource: the server responded with a status of 401 (Unauthorized)
2022-05-26 11:56:38 ERROR    Failure: http://localhost:1800/ -> status code(401) -> Not logged in
2022-05-26 11:56:52 ERROR    Failure: http://localhost:1800/ -> net::ERR_NAME_RESOLUTION_FAILED
2022-05-26 11:56:52 ERROR    Failure: http://localhost:1800/ -> Failed to load resource: net::ERR_NAME_RESOLUTION_FAILED
2022-05-26 11:56:52 ERROR    Failure: http://localhost:1800/ -> net::ERR_NAME_RESOLUTION_FAILED
2022-05-26 11:56:52 ERROR    Failure: http://localhost:1800/ -> Failed to load resource: net::ERR_NAME_RESOLUTION_FAILED
2022-05-26 11:56:52 ERROR    Failure: http://localhost:1800/ -> net::ERR_NAME_RESOLUTION_FAILED
2022-05-26 11:56:52 ERROR    Failure: http://localhost:1800/ -> Failed to load resource: net::ERR_NAME_RESOLUTION_FAILED
2022-05-26 11:56:52 ERROR    Failure: http://localhost:1800/ -> net::ERR_NAME_RESOLUTION_FAILED
2022-05-26 11:56:52 ERROR    Failure: http://localhost:1800/ -> Failed to load resource: net::ERR_NAME_RESOLUTION_FAILED
2022-05-26 11:56:52 ERROR    Failure: http://localhost:1800/ -> net::ERR_NAME_RESOLUTION_FAILED
2022-05-26 11:56:52 ERROR    Failure: http://localhost:1800/ -> Failed to load resource: net::ERR_NAME_RESOLUTION_FAILED
2022-05-26 11:56:52 ERROR    Failure: http://localhost:1800/ -> net::ERR_NAME_RESOLUTION_FAILED
2022-05-26 11:56:52 ERROR    Failure: http://localhost:1800/ -> Failed to load resource: net::ERR_NAME_RESOLUTION_FAILED
2022-05-26 11:56:53 ERROR    Failure: http://localhost:1800/ -> Failed to load resource: the server responded with a status of 401 (Unauthorized)
2022-05-26 11:56:53 ERROR    Failure: http://localhost:1800/ -> status code(401) -> Not logged in
2022-05-26 11:57:04 ERROR    Failure: http://localhost:1800/ -> net::ERR_NAME_RESOLUTION_FAILED
2022-05-26 11:57:04 ERROR    Failure: http://localhost:1800/ -> Failed to load resource: net::ERR_NAME_RESOLUTION_FAILED
2022-05-26 11:57:04 ERROR    Failure: http://localhost:1800/ -> net::ERR_NAME_RESOLUTION_FAILED
2022-05-26 11:57:04 ERROR    Failure: http://localhost:1800/ -> Failed to load resource: net::ERR_NAME_RESOLUTION_FAILED
2022-05-26 11:57:04 ERROR    Failure: http://localhost:1800/ -> net::ERR_NAME_RESOLUTION_FAILED
2022-05-26 11:57:04 ERROR    Failure: http://localhost:1800/ -> Failed to load resource: net::ERR_NAME_RESOLUTION_FAILED
2022-05-26 11:57:04 ERROR    Failure: http://localhost:1800/ -> net::ERR_NAME_RESOLUTION_FAILED
2022-05-26 11:57:04 ERROR    Failure: http://localhost:1800/ -> Failed to load resource: net::ERR_NAME_RESOLUTION_FAILED
2022-05-26 11:57:04 ERROR    Failure: http://localhost:1800/ -> net::ERR_NAME_RESOLUTION_FAILED
2022-05-26 11:57:04 ERROR    Failure: http://localhost:1800/ -> Failed to load resource: net::ERR_NAME_RESOLUTION_FAILED
2022-05-26 11:57:04 ERROR    Failure: http://localhost:1800/ -> net::ERR_NAME_RESOLUTION_FAILED
2022-05-26 11:57:04 ERROR    Failure: http://localhost:1800/ -> Failed to load resource: net::ERR_NAME_RESOLUTION_FAILED
2022-05-26 11:57:04 ERROR    Failure: http://localhost:1800/ -> Failed to load resource: the server responded with a status of 401 (Unauthorized)
2022-05-26 11:57:04 ERROR    Failure: http://localhost:1800/ -> status code(401) -> Not logged in
2022-05-26 11:57:14 ERROR    Failure: http://localhost:1800/ -> net::ERR_NAME_RESOLUTION_FAILED
2022-05-26 11:57:14 ERROR    Failure: http://localhost:1800/ -> net::ERR_NAME_RESOLUTION_FAILED
2022-05-26 11:57:14 ERROR    Failure: http://localhost:1800/ -> Failed to load resource: net::ERR_NAME_RESOLUTION_FAILED
2022-05-26 11:57:14 ERROR    Failure: http://localhost:1800/ -> net::ERR_NAME_RESOLUTION_FAILED
2022-05-26 11:57:14 ERROR    Failure: http://localhost:1800/ -> Failed to load resource: net::ERR_NAME_RESOLUTION_FAILED
2022-05-26 11:57:14 ERROR    Failure: http://localhost:1800/ -> net::ERR_NAME_RESOLUTION_FAILED
2022-05-26 11:57:14 ERROR    Failure: http://localhost:1800/ -> Failed to load resource: net::ERR_NAME_RESOLUTION_FAILED
2022-05-26 11:57:14 ERROR    Failure: http://localhost:1800/ -> net::ERR_NAME_RESOLUTION_FAILED
2022-05-26 11:57:14 ERROR    Failure: http://localhost:1800/ -> Failed to load resource: net::ERR_NAME_RESOLUTION_FAILED
2022-05-26 11:57:14 ERROR    Failure: http://localhost:1800/ -> net::ERR_NAME_RESOLUTION_FAILED
2022-05-26 11:57:14 ERROR    Failure: http://localhost:1800/ -> Failed to load resource: net::ERR_NAME_RESOLUTION_FAILED
2022-05-26 11:57:14 ERROR    Failure: http://localhost:1800/ -> net::ERR_NAME_RESOLUTION_FAILED
2022-05-26 11:57:14 ERROR    Failure: http://localhost:1800/ -> Failed to load resource: net::ERR_NAME_RESOLUTION_FAILED
2022-05-26 11:57:15 ERROR    Failure: http://localhost:1800/ -> Failed to load resource: the server responded with a status of 401 (Unauthorized)
2022-05-26 11:57:15 ERROR    Failure: http://localhost:1800/ -> status code(401) -> Not logged in
2022-05-26 11:57:25 ERROR    Failure: http://localhost:1800/login -> net::ERR_NAME_RESOLUTION_FAILED
2022-05-26 11:57:25 ERROR    Failure: http://localhost:1800/login -> Failed to load resource: net::ERR_NAME_RESOLUTION_FAILED
2022-05-26 11:57:25 ERROR    Failure: http://localhost:1800/login -> net::ERR_NAME_RESOLUTION_FAILED
2022-05-26 11:57:25 ERROR    Failure: http://localhost:1800/login -> Failed to load resource: net::ERR_NAME_RESOLUTION_FAILED
2022-05-26 11:57:25 ERROR    Failure: http://localhost:1800/login -> net::ERR_NAME_RESOLUTION_FAILED
2022-05-26 11:57:25 ERROR    Failure: http://localhost:1800/login -> Failed to load resource: net::ERR_NAME_RESOLUTION_FAILED
2022-05-26 11:57:25 ERROR    Failure: http://localhost:1800/login -> net::ERR_NAME_RESOLUTION_FAILED
2022-05-26 11:57:25 ERROR    Failure: http://localhost:1800/login -> Failed to load resource: net::ERR_NAME_RESOLUTION_FAILED
2022-05-26 11:57:25 ERROR    Failure: http://localhost:1800/login -> net::ERR_NAME_RESOLUTION_FAILED
2022-05-26 11:57:25 ERROR    Failure: http://localhost:1800/login -> Failed to load resource: net::ERR_NAME_RESOLUTION_FAILED
2022-05-26 11:57:25 ERROR    Failure: http://localhost:1800/login -> net::ERR_NAME_RESOLUTION_FAILED
2022-05-26 11:57:25 ERROR    Failure: http://localhost:1800/login -> Failed to load resource: net::ERR_NAME_RESOLUTION_FAILED
2022-05-26 11:57:25 ERROR    Failure: http://localhost:1800/login -> Failed to load resource: the server responded with a status of 401 (Unauthorized)
2022-05-26 11:57:25 ERROR    Failure: http://localhost:1800/login -> status code(401) -> Not logged in
2022-05-26 11:57:27 ERROR    Failure: http://localhost:1800/ -> net::ERR_NAME_RESOLUTION_FAILED
2022-05-26 11:57:27 ERROR    Failure: http://localhost:1800/ -> Failed to load resource: net::ERR_NAME_RESOLUTION_FAILED
2022-05-26 11:57:27 ERROR    Failure: http://localhost:1800/ -> net::ERR_NAME_RESOLUTION_FAILED
2022-05-26 11:57:27 ERROR    Failure: http://localhost:1800/ -> Failed to load resource: net::ERR_NAME_RESOLUTION_FAILED
2022-05-26 11:57:27 ERROR    Failure: http://localhost:1800/ -> net::ERR_NAME_RESOLUTION_FAILED
2022-05-26 11:57:27 ERROR    Failure: http://localhost:1800/ -> Failed to load resource: net::ERR_NAME_RESOLUTION_FAILED
2022-05-26 11:57:27 ERROR    Failure: http://localhost:1800/ -> net::ERR_NAME_RESOLUTION_FAILED
2022-05-26 11:57:27 ERROR    Failure: http://localhost:1800/ -> Failed to load resource: net::ERR_NAME_RESOLUTION_FAILED
2022-05-26 11:57:27 ERROR    Failure: http://localhost:1800/ -> net::ERR_NAME_RESOLUTION_FAILED
2022-05-26 11:57:27 ERROR    Failure: http://localhost:1800/ -> Failed to load resource: net::ERR_NAME_RESOLUTION_FAILED
2022-05-26 11:57:27 ERROR    Failure: http://localhost:1800/ -> net::ERR_NAME_RESOLUTION_FAILED
2022-05-26 11:57:27 ERROR    Failure: http://localhost:1800/ -> Failed to load resource: net::ERR_NAME_RESOLUTION_FAILED
2022-05-26 11:57:28 ERROR    Failure: http://localhost:1800/ -> Failed to load resource: the server responded with a status of 401 (Unauthorized)
2022-05-26 11:57:28 ERROR    Failure: http://localhost:1800/ -> status code(401) -> Not logged in
2022-05-26 11:57:37 ERROR    Failure: http://localhost:1800/login -> net::ERR_NAME_RESOLUTION_FAILED
2022-05-26 11:57:37 ERROR    Failure: http://localhost:1800/login -> Failed to load resource: net::ERR_NAME_RESOLUTION_FAILED
2022-05-26 11:57:37 ERROR    Failure: http://localhost:1800/login -> net::ERR_NAME_RESOLUTION_FAILED
2022-05-26 11:57:37 ERROR    Failure: http://localhost:1800/login -> Failed to load resource: net::ERR_NAME_RESOLUTION_FAILED
2022-05-26 11:57:37 ERROR    Failure: http://localhost:1800/login -> net::ERR_NAME_RESOLUTION_FAILED
2022-05-26 11:57:37 ERROR    Failure: http://localhost:1800/login -> Failed to load resource: net::ERR_NAME_RESOLUTION_FAILED
2022-05-26 11:57:37 ERROR    Failure: http://localhost:1800/login -> net::ERR_NAME_RESOLUTION_FAILED
2022-05-26 11:57:37 ERROR    Failure: http://localhost:1800/login -> Failed to load resource: net::ERR_NAME_RESOLUTION_FAILED
2022-05-26 11:57:37 ERROR    Failure: http://localhost:1800/login -> net::ERR_NAME_RESOLUTION_FAILED
2022-05-26 11:57:37 ERROR    Failure: http://localhost:1800/login -> Failed to load resource: net::ERR_NAME_RESOLUTION_FAILED
2022-05-26 11:57:37 ERROR    Failure: http://localhost:1800/login -> net::ERR_NAME_RESOLUTION_FAILED
2022-05-26 11:57:37 ERROR    Failure: http://localhost:1800/login -> Failed to load resource: net::ERR_NAME_RESOLUTION_FAILED
2022-05-26 11:57:38 ERROR    Failure: http://localhost:1800/login -> Failed to load resource: the server responded with a status of 401 (Unauthorized)
2022-05-26 11:57:38 ERROR    Failure: http://localhost:1800/login -> status code(401) -> Not logged in
2022-05-26 11:57:41 ERROR    Failure: http://localhost:1800/ -> net::ERR_NAME_RESOLUTION_FAILED
2022-05-26 11:57:41 ERROR    Failure: http://localhost:1800/ -> Failed to load resource: net::ERR_NAME_RESOLUTION_FAILED
2022-05-26 11:57:41 ERROR    Failure: http://localhost:1800/ -> net::ERR_NAME_RESOLUTION_FAILED
2022-05-26 11:57:41 ERROR    Failure: http://localhost:1800/ -> Failed to load resource: net::ERR_NAME_RESOLUTION_FAILED
2022-05-26 11:57:41 ERROR    Failure: http://localhost:1800/ -> net::ERR_NAME_RESOLUTION_FAILED
2022-05-26 11:57:41 ERROR    Failure: http://localhost:1800/ -> Failed to load resource: net::ERR_NAME_RESOLUTION_FAILED
2022-05-26 11:57:41 ERROR    Failure: http://localhost:1800/ -> net::ERR_NAME_RESOLUTION_FAILED
2022-05-26 11:57:41 ERROR    Failure: http://localhost:1800/ -> Failed to load resource: net::ERR_NAME_RESOLUTION_FAILED
2022-05-26 11:57:41 ERROR    Failure: http://localhost:1800/ -> net::ERR_NAME_RESOLUTION_FAILED
2022-05-26 11:57:41 ERROR    Failure: http://localhost:1800/ -> Failed to load resource: net::ERR_NAME_RESOLUTION_FAILED
2022-05-26 11:57:41 ERROR    Failure: http://localhost:1800/ -> net::ERR_NAME_RESOLUTION_FAILED
2022-05-26 11:57:41 ERROR    Failure: http://localhost:1800/ -> Failed to load resource: net::ERR_NAME_RESOLUTION_FAILED
2022-05-26 11:57:41 ERROR    Failure: http://localhost:1800/ -> Failed to load resource: the server responded with a status of 401 (Unauthorized)
2022-05-26 11:57:41 ERROR    Failure: http://localhost:1800/ -> status code(401) -> Not logged in
2022-05-26 11:57:52 ERROR    Failure: http://localhost:1800/ -> net::ERR_NAME_RESOLUTION_FAILED
2022-05-26 11:57:52 ERROR    Failure: http://localhost:1800/ -> Failed to load resource: net::ERR_NAME_RESOLUTION_FAILED
2022-05-26 11:57:52 ERROR    Failure: http://localhost:1800/ -> net::ERR_NAME_RESOLUTION_FAILED
2022-05-26 11:57:52 ERROR    Failure: http://localhost:1800/ -> Failed to load resource: net::ERR_NAME_RESOLUTION_FAILED
2022-05-26 11:57:52 ERROR    Failure: http://localhost:1800/ -> net::ERR_NAME_RESOLUTION_FAILED
2022-05-26 11:57:52 ERROR    Failure: http://localhost:1800/ -> Failed to load resource: net::ERR_NAME_RESOLUTION_FAILED
2022-05-26 11:57:52 ERROR    Failure: http://localhost:1800/ -> net::ERR_NAME_RESOLUTION_FAILED
2022-05-26 11:57:52 ERROR    Failure: http://localhost:1800/ -> Failed to load resource: net::ERR_NAME_RESOLUTION_FAILED
2022-05-26 11:57:52 ERROR    Failure: http://localhost:1800/ -> net::ERR_NAME_RESOLUTION_FAILED
2022-05-26 11:57:52 ERROR    Failure: http://localhost:1800/ -> Failed to load resource: net::ERR_NAME_RESOLUTION_FAILED
2022-05-26 11:57:52 ERROR    Failure: http://localhost:1800/ -> net::ERR_NAME_RESOLUTION_FAILED
2022-05-26 11:57:52 ERROR    Failure: http://localhost:1800/ -> Failed to load resource: net::ERR_NAME_RESOLUTION_FAILED
2022-05-26 11:57:53 ERROR    Failure: http://localhost:1800/ -> Failed to load resource: the server responded with a status of 401 (Unauthorized)
2022-05-26 11:57:53 ERROR    Failure: http://localhost:1800/ -> status code(401) -> Not logged in
2022-05-26 11:58:03 ERROR    Failure: http://localhost:1800/subscribe?product=unlimited -> net::ERR_NAME_RESOLUTION_FAILED
2022-05-26 11:58:03 ERROR    Failure: http://localhost:1800/subscribe?product=unlimited -> Failed to load resource: net::ERR_NAME_RESOLUTION_FAILED
2022-05-26 11:58:03 ERROR    Failure: http://localhost:1800/subscribe?product=unlimited -> net::ERR_NAME_RESOLUTION_FAILED
2022-05-26 11:58:03 ERROR    Failure: http://localhost:1800/subscribe?product=unlimited -> Failed to load resource: net::ERR_NAME_RESOLUTION_FAILED
2022-05-26 11:58:03 ERROR    Failure: http://localhost:1800/subscribe?product=unlimited -> net::ERR_NAME_RESOLUTION_FAILED
2022-05-26 11:58:03 ERROR    Failure: http://localhost:1800/subscribe?product=unlimited -> Failed to load resource: net::ERR_NAME_RESOLUTION_FAILED
2022-05-26 11:58:03 ERROR    Failure: http://localhost:1800/subscribe?product=unlimited -> net::ERR_NAME_RESOLUTION_FAILED
2022-05-26 11:58:03 ERROR    Failure: http://localhost:1800/subscribe?product=unlimited -> Failed to load resource: net::ERR_NAME_RESOLUTION_FAILED
2022-05-26 11:58:03 ERROR    Failure: http://localhost:1800/subscribe?product=unlimited -> net::ERR_NAME_RESOLUTION_FAILED
2022-05-26 11:58:03 ERROR    Failure: http://localhost:1800/subscribe?product=unlimited -> Failed to load resource: net::ERR_NAME_RESOLUTION_FAILED
2022-05-26 11:58:03 ERROR    Failure: http://localhost:1800/subscribe?product=unlimited -> net::ERR_NAME_RESOLUTION_FAILED
2022-05-26 11:58:03 ERROR    Failure: http://localhost:1800/subscribe?product=unlimited -> Failed to load resource: net::ERR_NAME_RESOLUTION_FAILED
2022-05-26 11:58:03 ERROR    Failure: http://localhost:1800/subscribe?product=unlimited -> Failed to load resource: the server responded with a status of 401 (Unauthorized)
2022-05-26 11:58:03 ERROR    Failure: http://localhost:1800/subscribe?product=unlimited -> status code(401) -> Not logged in
2022-05-26 11:58:03 ERROR    Failure: http://localhost:1800/subscribe?product=unlimited -> net::ERR_NAME_RESOLUTION_FAILED
2022-05-26 11:58:03 ERROR    Failure: http://localhost:1800/subscribe?product=unlimited -> Failed to load resource: net::ERR_NAME_RESOLUTION_FAILED
2022-05-26 11:58:04 ERROR    Failure: http://localhost:1800/ -> net::ERR_NAME_RESOLUTION_FAILED
2022-05-26 11:58:04 ERROR    Failure: http://localhost:1800/ -> Failed to load resource: net::ERR_NAME_RESOLUTION_FAILED
2022-05-26 11:58:04 ERROR    Failure: http://localhost:1800/ -> net::ERR_NAME_RESOLUTION_FAILED
2022-05-26 11:58:04 ERROR    Failure: http://localhost:1800/ -> Failed to load resource: net::ERR_NAME_RESOLUTION_FAILED
2022-05-26 11:58:04 ERROR    Failure: http://localhost:1800/ -> net::ERR_NAME_RESOLUTION_FAILED
2022-05-26 11:58:04 ERROR    Failure: http://localhost:1800/ -> Failed to load resource: net::ERR_NAME_RESOLUTION_FAILED
2022-05-26 11:58:04 ERROR    Failure: http://localhost:1800/ -> net::ERR_NAME_RESOLUTION_FAILED
2022-05-26 11:58:04 ERROR    Failure: http://localhost:1800/ -> Failed to load resource: net::ERR_NAME_RESOLUTION_FAILED
2022-05-26 11:58:04 ERROR    Failure: http://localhost:1800/ -> net::ERR_NAME_RESOLUTION_FAILED
2022-05-26 11:58:04 ERROR    Failure: http://localhost:1800/ -> Failed to load resource: net::ERR_NAME_RESOLUTION_FAILED
2022-05-26 11:58:04 ERROR    Failure: http://localhost:1800/ -> net::ERR_NAME_RESOLUTION_FAILED
2022-05-26 11:58:04 ERROR    Failure: http://localhost:1800/ -> Failed to load resource: net::ERR_NAME_RESOLUTION_FAILED
2022-05-26 11:58:05 ERROR    Failure: http://localhost:1800/ -> Failed to load resource: the server responded with a status of 401 (Unauthorized)
2022-05-26 11:58:05 ERROR    Failure: http://localhost:1800/ -> status code(401) -> Not logged in
2022-05-26 11:58:15 ERROR    Failure: http://localhost:1800/subscribe?product=unlimited -> net::ERR_NAME_RESOLUTION_FAILED
2022-05-26 11:58:15 ERROR    Failure: http://localhost:1800/subscribe?product=unlimited -> Failed to load resource: net::ERR_NAME_RESOLUTION_FAILED
2022-05-26 11:58:15 ERROR    Failure: http://localhost:1800/subscribe?product=unlimited -> net::ERR_NAME_RESOLUTION_FAILED
2022-05-26 11:58:15 ERROR    Failure: http://localhost:1800/subscribe?product=unlimited -> Failed to load resource: net::ERR_NAME_RESOLUTION_FAILED
2022-05-26 11:58:15 ERROR    Failure: http://localhost:1800/subscribe?product=unlimited -> net::ERR_NAME_RESOLUTION_FAILED
2022-05-26 11:58:15 ERROR    Failure: http://localhost:1800/subscribe?product=unlimited -> Failed to load resource: net::ERR_NAME_RESOLUTION_FAILED
2022-05-26 11:58:15 ERROR    Failure: http://localhost:1800/subscribe?product=unlimited -> net::ERR_NAME_RESOLUTION_FAILED
2022-05-26 11:58:15 ERROR    Failure: http://localhost:1800/subscribe?product=unlimited -> Failed to load resource: net::ERR_NAME_RESOLUTION_FAILED
2022-05-26 11:58:15 ERROR    Failure: http://localhost:1800/subscribe?product=unlimited -> net::ERR_NAME_RESOLUTION_FAILED
2022-05-26 11:58:15 ERROR    Failure: http://localhost:1800/subscribe?product=unlimited -> Failed to load resource: net::ERR_NAME_RESOLUTION_FAILED
2022-05-26 11:58:15 ERROR    Failure: http://localhost:1800/subscribe?product=unlimited -> net::ERR_NAME_RESOLUTION_FAILED
2022-05-26 11:58:15 ERROR    Failure: http://localhost:1800/subscribe?product=unlimited -> Failed to load resource: net::ERR_NAME_RESOLUTION_FAILED
2022-05-26 11:58:15 ERROR    Failure: http://localhost:1800/subscribe?product=unlimited -> Failed to load resource: the server responded with a status of 401 (Unauthorized)
2022-05-26 11:58:15 ERROR    Failure: http://localhost:1800/subscribe?product=unlimited -> net::ERR_NAME_RESOLUTION_FAILED
2022-05-26 11:58:15 ERROR    Failure: http://localhost:1800/subscribe?product=unlimited -> Failed to load resource: net::ERR_NAME_RESOLUTION_FAILED
2022-05-26 11:58:15 ERROR    Failure: http://localhost:1800/subscribe?product=unlimited -> status code(401) -> Not logged in
2022-05-26 11:58:21 ERROR    Failure: http://localhost:1800/ -> net::ERR_NAME_RESOLUTION_FAILED
2022-05-26 11:58:21 ERROR    Failure: http://localhost:1800/ -> Failed to load resource: net::ERR_NAME_RESOLUTION_FAILED
2022-05-26 11:58:21 ERROR    Failure: http://localhost:1800/ -> net::ERR_NAME_RESOLUTION_FAILED
2022-05-26 11:58:21 ERROR    Failure: http://localhost:1800/ -> Failed to load resource: net::ERR_NAME_RESOLUTION_FAILED
2022-05-26 11:58:21 ERROR    Failure: http://localhost:1800/ -> net::ERR_NAME_RESOLUTION_FAILED
2022-05-26 11:58:21 ERROR    Failure: http://localhost:1800/ -> Failed to load resource: net::ERR_NAME_RESOLUTION_FAILED
2022-05-26 11:58:21 ERROR    Failure: http://localhost:1800/ -> net::ERR_NAME_RESOLUTION_FAILED
2022-05-26 11:58:21 ERROR    Failure: http://localhost:1800/ -> Failed to load resource: net::ERR_NAME_RESOLUTION_FAILED
2022-05-26 11:58:21 ERROR    Failure: http://localhost:1800/ -> net::ERR_NAME_RESOLUTION_FAILED
2022-05-26 11:58:21 ERROR    Failure: http://localhost:1800/ -> Failed to load resource: net::ERR_NAME_RESOLUTION_FAILED
2022-05-26 11:58:21 ERROR    Failure: http://localhost:1800/ -> net::ERR_NAME_RESOLUTION_FAILED
2022-05-26 11:58:21 ERROR    Failure: http://localhost:1800/ -> Failed to load resource: net::ERR_NAME_RESOLUTION_FAILED
2022-05-26 11:58:21 ERROR    Failure: http://localhost:1800/ -> Failed to load resource: the server responded with a status of 401 (Unauthorized)
2022-05-26 11:58:21 ERROR    Failure: http://localhost:1800/ -> status code(401) -> Not logged in
2022-05-26 11:58:31 ERROR    Failure: http://localhost:1800/subscribe?product=unlimited -> net::ERR_NAME_RESOLUTION_FAILED
2022-05-26 11:58:31 ERROR    Failure: http://localhost:1800/subscribe?product=unlimited -> Failed to load resource: net::ERR_NAME_RESOLUTION_FAILED
2022-05-26 11:58:31 ERROR    Failure: http://localhost:1800/subscribe?product=unlimited -> net::ERR_NAME_RESOLUTION_FAILED
2022-05-26 11:58:31 ERROR    Failure: http://localhost:1800/subscribe?product=unlimited -> Failed to load resource: net::ERR_NAME_RESOLUTION_FAILED
2022-05-26 11:58:31 ERROR    Failure: http://localhost:1800/subscribe?product=unlimited -> net::ERR_NAME_RESOLUTION_FAILED
2022-05-26 11:58:31 ERROR    Failure: http://localhost:1800/subscribe?product=unlimited -> Failed to load resource: net::ERR_NAME_RESOLUTION_FAILED
2022-05-26 11:58:31 ERROR    Failure: http://localhost:1800/subscribe?product=unlimited -> net::ERR_NAME_RESOLUTION_FAILED
2022-05-26 11:58:31 ERROR    Failure: http://localhost:1800/subscribe?product=unlimited -> Failed to load resource: net::ERR_NAME_RESOLUTION_FAILED
2022-05-26 11:58:31 ERROR    Failure: http://localhost:1800/subscribe?product=unlimited -> net::ERR_NAME_RESOLUTION_FAILED
2022-05-26 11:58:31 ERROR    Failure: http://localhost:1800/subscribe?product=unlimited -> Failed to load resource: net::ERR_NAME_RESOLUTION_FAILED
2022-05-26 11:58:31 ERROR    Failure: http://localhost:1800/subscribe?product=unlimited -> net::ERR_NAME_RESOLUTION_FAILED
2022-05-26 11:58:31 ERROR    Failure: http://localhost:1800/subscribe?product=unlimited -> Failed to load resource: net::ERR_NAME_RESOLUTION_FAILED
2022-05-26 11:58:32 ERROR    Failure: http://localhost:1800/subscribe?product=unlimited -> Failed to load resource: the server responded with a status of 401 (Unauthorized)
2022-05-26 11:58:32 ERROR    Failure: http://localhost:1800/subscribe?product=unlimited -> net::ERR_NAME_RESOLUTION_FAILED
2022-05-26 11:58:32 ERROR    Failure: http://localhost:1800/subscribe?product=unlimited -> Failed to load resource: net::ERR_NAME_RESOLUTION_FAILED
2022-05-26 11:58:32 ERROR    Failure: http://localhost:1800/subscribe?product=unlimited -> status code(401) -> Not logged in
2022-05-26 11:58:37 ERROR    Failure: http://localhost:1800/ -> net::ERR_NAME_RESOLUTION_FAILED
2022-05-26 11:58:37 ERROR    Failure: http://localhost:1800/ -> Failed to load resource: net::ERR_NAME_RESOLUTION_FAILED
2022-05-26 11:58:37 ERROR    Failure: http://localhost:1800/ -> net::ERR_NAME_RESOLUTION_FAILED
2022-05-26 11:58:37 ERROR    Failure: http://localhost:1800/ -> Failed to load resource: net::ERR_NAME_RESOLUTION_FAILED
2022-05-26 11:58:37 ERROR    Failure: http://localhost:1800/ -> net::ERR_NAME_RESOLUTION_FAILED
2022-05-26 11:58:37 ERROR    Failure: http://localhost:1800/ -> Failed to load resource: net::ERR_NAME_RESOLUTION_FAILED
2022-05-26 11:58:37 ERROR    Failure: http://localhost:1800/ -> net::ERR_NAME_RESOLUTION_FAILED
2022-05-26 11:58:37 ERROR    Failure: http://localhost:1800/ -> Failed to load resource: net::ERR_NAME_RESOLUTION_FAILED
2022-05-26 11:58:37 ERROR    Failure: http://localhost:1800/ -> net::ERR_NAME_RESOLUTION_FAILED
2022-05-26 11:58:37 ERROR    Failure: http://localhost:1800/ -> Failed to load resource: net::ERR_NAME_RESOLUTION_FAILED
2022-05-26 11:58:37 ERROR    Failure: http://localhost:1800/ -> net::ERR_NAME_RESOLUTION_FAILED
2022-05-26 11:58:37 ERROR    Failure: http://localhost:1800/ -> Failed to load resource: net::ERR_NAME_RESOLUTION_FAILED
2022-05-26 11:58:38 ERROR    Failure: http://localhost:1800/ -> Failed to load resource: the server responded with a status of 401 (Unauthorized)
2022-05-26 11:58:38 ERROR    Failure: http://localhost:1800/ -> status code(401) -> Not logged in
2022-05-26 11:58:48 ERROR    Failure: http://localhost:1800/subscribe?product=unlimited -> net::ERR_NAME_RESOLUTION_FAILED
2022-05-26 11:58:48 ERROR    Failure: http://localhost:1800/subscribe?product=unlimited -> Failed to load resource: net::ERR_NAME_RESOLUTION_FAILED
2022-05-26 11:58:48 ERROR    Failure: http://localhost:1800/subscribe?product=unlimited -> net::ERR_NAME_RESOLUTION_FAILED
2022-05-26 11:58:48 ERROR    Failure: http://localhost:1800/subscribe?product=unlimited -> Failed to load resource: net::ERR_NAME_RESOLUTION_FAILED
2022-05-26 11:58:48 ERROR    Failure: http://localhost:1800/subscribe?product=unlimited -> net::ERR_NAME_RESOLUTION_FAILED
2022-05-26 11:58:48 ERROR    Failure: http://localhost:1800/subscribe?product=unlimited -> Failed to load resource: net::ERR_NAME_RESOLUTION_FAILED
2022-05-26 11:58:48 ERROR    Failure: http://localhost:1800/subscribe?product=unlimited -> net::ERR_NAME_RESOLUTION_FAILED
2022-05-26 11:58:48 ERROR    Failure: http://localhost:1800/subscribe?product=unlimited -> Failed to load resource: net::ERR_NAME_RESOLUTION_FAILED
2022-05-26 11:58:48 ERROR    Failure: http://localhost:1800/subscribe?product=unlimited -> net::ERR_NAME_RESOLUTION_FAILED
2022-05-26 11:58:48 ERROR    Failure: http://localhost:1800/subscribe?product=unlimited -> Failed to load resource: net::ERR_NAME_RESOLUTION_FAILED
2022-05-26 11:58:48 ERROR    Failure: http://localhost:1800/subscribe?product=unlimited -> net::ERR_NAME_RESOLUTION_FAILED
2022-05-26 11:58:48 ERROR    Failure: http://localhost:1800/subscribe?product=unlimited -> Failed to load resource: net::ERR_NAME_RESOLUTION_FAILED
2022-05-26 11:58:48 ERROR    Failure: http://localhost:1800/subscribe?product=unlimited -> Failed to load resource: the server responded with a status of 401 (Unauthorized)
2022-05-26 11:58:48 ERROR    Failure: http://localhost:1800/subscribe?product=unlimited -> net::ERR_NAME_RESOLUTION_FAILED
2022-05-26 11:58:48 ERROR    Failure: http://localhost:1800/subscribe?product=unlimited -> Failed to load resource: net::ERR_NAME_RESOLUTION_FAILED
2022-05-26 11:58:48 ERROR    Failure: http://localhost:1800/subscribe?product=unlimited -> status code(401) -> Not logged in
2022-05-26 11:58:54 ERROR    Failure: http://localhost:1800/ -> net::ERR_NAME_RESOLUTION_FAILED
2022-05-26 11:58:54 ERROR    Failure: http://localhost:1800/ -> Failed to load resource: net::ERR_NAME_RESOLUTION_FAILED
2022-05-26 11:58:54 ERROR    Failure: http://localhost:1800/ -> net::ERR_NAME_RESOLUTION_FAILED
2022-05-26 11:58:54 ERROR    Failure: http://localhost:1800/ -> Failed to load resource: net::ERR_NAME_RESOLUTION_FAILED
2022-05-26 11:58:54 ERROR    Failure: http://localhost:1800/ -> net::ERR_NAME_RESOLUTION_FAILED
2022-05-26 11:58:54 ERROR    Failure: http://localhost:1800/ -> Failed to load resource: net::ERR_NAME_RESOLUTION_FAILED
2022-05-26 11:58:54 ERROR    Failure: http://localhost:1800/ -> net::ERR_NAME_RESOLUTION_FAILED
2022-05-26 11:58:54 ERROR    Failure: http://localhost:1800/ -> Failed to load resource: net::ERR_NAME_RESOLUTION_FAILED
2022-05-26 11:58:54 ERROR    Failure: http://localhost:1800/ -> net::ERR_NAME_RESOLUTION_FAILED
2022-05-26 11:58:54 ERROR    Failure: http://localhost:1800/ -> Failed to load resource: net::ERR_NAME_RESOLUTION_FAILED
2022-05-26 11:58:54 ERROR    Failure: http://localhost:1800/ -> net::ERR_NAME_RESOLUTION_FAILED
2022-05-26 11:58:54 ERROR    Failure: http://localhost:1800/ -> Failed to load resource: net::ERR_NAME_RESOLUTION_FAILED
2022-05-26 11:58:55 ERROR    Failure: http://localhost:1800/ -> Failed to load resource: the server responded with a status of 401 (Unauthorized)
2022-05-26 11:58:55 ERROR    Failure: http://localhost:1800/ -> status code(401) -> Not logged in
2022-05-26 11:59:05 ERROR    Failure: http://localhost:1800/subscribe?product=unlimited -> net::ERR_NAME_RESOLUTION_FAILED
2022-05-26 11:59:05 ERROR    Failure: http://localhost:1800/subscribe?product=unlimited -> Failed to load resource: net::ERR_NAME_RESOLUTION_FAILED
2022-05-26 11:59:05 ERROR    Failure: http://localhost:1800/subscribe?product=unlimited -> net::ERR_NAME_RESOLUTION_FAILED
2022-05-26 11:59:05 ERROR    Failure: http://localhost:1800/subscribe?product=unlimited -> Failed to load resource: net::ERR_NAME_RESOLUTION_FAILED
2022-05-26 11:59:05 ERROR    Failure: http://localhost:1800/subscribe?product=unlimited -> net::ERR_NAME_RESOLUTION_FAILED
2022-05-26 11:59:05 ERROR    Failure: http://localhost:1800/subscribe?product=unlimited -> Failed to load resource: net::ERR_NAME_RESOLUTION_FAILED
2022-05-26 11:59:05 ERROR    Failure: http://localhost:1800/subscribe?product=unlimited -> net::ERR_NAME_RESOLUTION_FAILED
2022-05-26 11:59:05 ERROR    Failure: http://localhost:1800/subscribe?product=unlimited -> Failed to load resource: net::ERR_NAME_RESOLUTION_FAILED
2022-05-26 11:59:05 ERROR    Failure: http://localhost:1800/subscribe?product=unlimited -> net::ERR_NAME_RESOLUTION_FAILED
2022-05-26 11:59:05 ERROR    Failure: http://localhost:1800/subscribe?product=unlimited -> Failed to load resource: net::ERR_NAME_RESOLUTION_FAILED
2022-05-26 11:59:05 ERROR    Failure: http://localhost:1800/subscribe?product=unlimited -> net::ERR_NAME_RESOLUTION_FAILED
2022-05-26 11:59:05 ERROR    Failure: http://localhost:1800/subscribe?product=unlimited -> Failed to load resource: net::ERR_NAME_RESOLUTION_FAILED
2022-05-26 11:59:05 ERROR    Failure: http://localhost:1800/subscribe?product=unlimited -> Failed to load resource: the server responded with a status of 401 (Unauthorized)
2022-05-26 11:59:05 ERROR    Failure: http://localhost:1800/subscribe?product=unlimited -> status code(401) -> Not logged in
2022-05-26 11:59:05 ERROR    Failure: http://localhost:1800/subscribe?product=unlimited -> net::ERR_NAME_RESOLUTION_FAILED
2022-05-26 11:59:05 ERROR    Failure: http://localhost:1800/subscribe?product=unlimited -> Failed to load resource: net::ERR_NAME_RESOLUTION_FAILED
2022-05-26 11:59:13 ERROR    Failure: http://localhost:1800/ -> net::ERR_NAME_RESOLUTION_FAILED
2022-05-26 11:59:13 ERROR    Failure: http://localhost:1800/ -> Failed to load resource: net::ERR_NAME_RESOLUTION_FAILED
2022-05-26 11:59:13 ERROR    Failure: http://localhost:1800/ -> net::ERR_NAME_RESOLUTION_FAILED
2022-05-26 11:59:13 ERROR    Failure: http://localhost:1800/ -> Failed to load resource: net::ERR_NAME_RESOLUTION_FAILED
2022-05-26 11:59:13 ERROR    Failure: http://localhost:1800/ -> net::ERR_NAME_RESOLUTION_FAILED
2022-05-26 11:59:13 ERROR    Failure: http://localhost:1800/ -> Failed to load resource: net::ERR_NAME_RESOLUTION_FAILED
2022-05-26 11:59:13 ERROR    Failure: http://localhost:1800/ -> net::ERR_NAME_RESOLUTION_FAILED
2022-05-26 11:59:13 ERROR    Failure: http://localhost:1800/ -> Failed to load resource: net::ERR_NAME_RESOLUTION_FAILED
2022-05-26 11:59:13 ERROR    Failure: http://localhost:1800/ -> net::ERR_NAME_RESOLUTION_FAILED
2022-05-26 11:59:13 ERROR    Failure: http://localhost:1800/ -> Failed to load resource: net::ERR_NAME_RESOLUTION_FAILED
2022-05-26 11:59:13 ERROR    Failure: http://localhost:1800/ -> net::ERR_NAME_RESOLUTION_FAILED
2022-05-26 11:59:13 ERROR    Failure: http://localhost:1800/ -> Failed to load resource: net::ERR_NAME_RESOLUTION_FAILED
2022-05-26 11:59:13 ERROR    Failure: http://localhost:1800/ -> Failed to load resource: the server responded with a status of 401 (Unauthorized)
2022-05-26 11:59:13 ERROR    Failure: http://localhost:1800/ -> status code(401) -> Not logged in
2022-05-26 11:59:23 ERROR    Failure: http://localhost:1800/subscribe?product=unlimited -> net::ERR_NAME_RESOLUTION_FAILED
2022-05-26 11:59:23 ERROR    Failure: http://localhost:1800/subscribe?product=unlimited -> Failed to load resource: net::ERR_NAME_RESOLUTION_FAILED
2022-05-26 11:59:23 ERROR    Failure: http://localhost:1800/subscribe?product=unlimited -> net::ERR_NAME_RESOLUTION_FAILED
2022-05-26 11:59:23 ERROR    Failure: http://localhost:1800/subscribe?product=unlimited -> Failed to load resource: net::ERR_NAME_RESOLUTION_FAILED
2022-05-26 11:59:23 ERROR    Failure: http://localhost:1800/subscribe?product=unlimited -> net::ERR_NAME_RESOLUTION_FAILED
2022-05-26 11:59:23 ERROR    Failure: http://localhost:1800/subscribe?product=unlimited -> Failed to load resource: net::ERR_NAME_RESOLUTION_FAILED
2022-05-26 11:59:23 ERROR    Failure: http://localhost:1800/subscribe?product=unlimited -> net::ERR_NAME_RESOLUTION_FAILED
2022-05-26 11:59:23 ERROR    Failure: http://localhost:1800/subscribe?product=unlimited -> Failed to load resource: net::ERR_NAME_RESOLUTION_FAILED
2022-05-26 11:59:23 ERROR    Failure: http://localhost:1800/subscribe?product=unlimited -> net::ERR_NAME_RESOLUTION_FAILED
2022-05-26 11:59:23 ERROR    Failure: http://localhost:1800/subscribe?product=unlimited -> Failed to load resource: net::ERR_NAME_RESOLUTION_FAILED
2022-05-26 11:59:23 ERROR    Failure: http://localhost:1800/subscribe?product=unlimited -> net::ERR_NAME_RESOLUTION_FAILED
2022-05-26 11:59:23 ERROR    Failure: http://localhost:1800/subscribe?product=unlimited -> Failed to load resource: net::ERR_NAME_RESOLUTION_FAILED
2022-05-26 11:59:23 ERROR    Failure: http://localhost:1800/subscribe?product=unlimited -> Failed to load resource: the server responded with a status of 401 (Unauthorized)
2022-05-26 11:59:23 ERROR    Failure: http://localhost:1800/subscribe?product=unlimited -> net::ERR_NAME_RESOLUTION_FAILED
2022-05-26 11:59:23 ERROR    Failure: http://localhost:1800/subscribe?product=unlimited -> Failed to load resource: net::ERR_NAME_RESOLUTION_FAILED
2022-05-26 11:59:24 ERROR    Failure: http://localhost:1800/subscribe?product=unlimited -> status code(401) -> Not logged in
2022-05-26 11:59:33 ERROR    Failure: http://localhost:1800/ -> net::ERR_NAME_RESOLUTION_FAILED
2022-05-26 11:59:33 ERROR    Failure: http://localhost:1800/ -> Failed to load resource: net::ERR_NAME_RESOLUTION_FAILED
2022-05-26 11:59:33 ERROR    Failure: http://localhost:1800/ -> net::ERR_NAME_RESOLUTION_FAILED
2022-05-26 11:59:33 ERROR    Failure: http://localhost:1800/ -> Failed to load resource: net::ERR_NAME_RESOLUTION_FAILED
2022-05-26 11:59:33 ERROR    Failure: http://localhost:1800/ -> net::ERR_NAME_RESOLUTION_FAILED
2022-05-26 11:59:33 ERROR    Failure: http://localhost:1800/ -> Failed to load resource: net::ERR_NAME_RESOLUTION_FAILED
2022-05-26 11:59:33 ERROR    Failure: http://localhost:1800/ -> net::ERR_NAME_RESOLUTION_FAILED
2022-05-26 11:59:33 ERROR    Failure: http://localhost:1800/ -> Failed to load resource: net::ERR_NAME_RESOLUTION_FAILED
2022-05-26 11:59:33 ERROR    Failure: http://localhost:1800/ -> net::ERR_NAME_RESOLUTION_FAILED
2022-05-26 11:59:33 ERROR    Failure: http://localhost:1800/ -> Failed to load resource: net::ERR_NAME_RESOLUTION_FAILED
2022-05-26 11:59:33 ERROR    Failure: http://localhost:1800/ -> net::ERR_NAME_RESOLUTION_FAILED
2022-05-26 11:59:33 ERROR    Failure: http://localhost:1800/ -> Failed to load resource: net::ERR_NAME_RESOLUTION_FAILED
2022-05-26 11:59:33 ERROR    Failure: http://localhost:1800/ -> Failed to load resource: the server responded with a status of 401 (Unauthorized)
2022-05-26 11:59:33 ERROR    Failure: http://localhost:1800/ -> status code(401) -> Not logged in
2022-05-26 11:59:43 ERROR    Failure: http://localhost:1800/subscribe?product=unlimited -> net::ERR_NAME_RESOLUTION_FAILED
2022-05-26 11:59:43 ERROR    Failure: http://localhost:1800/subscribe?product=unlimited -> Failed to load resource: net::ERR_NAME_RESOLUTION_FAILED
2022-05-26 11:59:43 ERROR    Failure: http://localhost:1800/subscribe?product=unlimited -> net::ERR_NAME_RESOLUTION_FAILED
2022-05-26 11:59:43 ERROR    Failure: http://localhost:1800/subscribe?product=unlimited -> Failed to load resource: net::ERR_NAME_RESOLUTION_FAILED
2022-05-26 11:59:43 ERROR    Failure: http://localhost:1800/subscribe?product=unlimited -> net::ERR_NAME_RESOLUTION_FAILED
2022-05-26 11:59:43 ERROR    Failure: http://localhost:1800/subscribe?product=unlimited -> Failed to load resource: net::ERR_NAME_RESOLUTION_FAILED
2022-05-26 11:59:43 ERROR    Failure: http://localhost:1800/subscribe?product=unlimited -> net::ERR_NAME_RESOLUTION_FAILED
2022-05-26 11:59:43 ERROR    Failure: http://localhost:1800/subscribe?product=unlimited -> Failed to load resource: net::ERR_NAME_RESOLUTION_FAILED
2022-05-26 11:59:43 ERROR    Failure: http://localhost:1800/subscribe?product=unlimited -> net::ERR_NAME_RESOLUTION_FAILED
2022-05-26 11:59:43 ERROR    Failure: http://localhost:1800/subscribe?product=unlimited -> Failed to load resource: net::ERR_NAME_RESOLUTION_FAILED
2022-05-26 11:59:43 ERROR    Failure: http://localhost:1800/subscribe?product=unlimited -> net::ERR_NAME_RESOLUTION_FAILED
2022-05-26 11:59:43 ERROR    Failure: http://localhost:1800/subscribe?product=unlimited -> Failed to load resource: net::ERR_NAME_RESOLUTION_FAILED
2022-05-26 11:59:43 ERROR    Failure: http://localhost:1800/subscribe?product=unlimited -> Failed to load resource: the server responded with a status of 401 (Unauthorized)
2022-05-26 11:59:43 ERROR    Failure: http://localhost:1800/subscribe?product=unlimited -> net::ERR_NAME_RESOLUTION_FAILED
2022-05-26 11:59:43 ERROR    Failure: http://localhost:1800/subscribe?product=unlimited -> Failed to load resource: net::ERR_NAME_RESOLUTION_FAILED
2022-05-26 11:59:43 ERROR    Failure: http://localhost:1800/subscribe?product=unlimited -> status code(401) -> Not logged in
2022-05-26 11:59:53 ERROR    Failure: http://localhost:1800/ -> net::ERR_NAME_RESOLUTION_FAILED
2022-05-26 11:59:53 ERROR    Failure: http://localhost:1800/ -> Failed to load resource: net::ERR_NAME_RESOLUTION_FAILED
2022-05-26 11:59:53 ERROR    Failure: http://localhost:1800/ -> net::ERR_NAME_RESOLUTION_FAILED
2022-05-26 11:59:53 ERROR    Failure: http://localhost:1800/ -> Failed to load resource: net::ERR_NAME_RESOLUTION_FAILED
2022-05-26 11:59:53 ERROR    Failure: http://localhost:1800/ -> net::ERR_NAME_RESOLUTION_FAILED
2022-05-26 11:59:53 ERROR    Failure: http://localhost:1800/ -> Failed to load resource: net::ERR_NAME_RESOLUTION_FAILED
2022-05-26 11:59:53 ERROR    Failure: http://localhost:1800/ -> net::ERR_NAME_RESOLUTION_FAILED
2022-05-26 11:59:53 ERROR    Failure: http://localhost:1800/ -> Failed to load resource: net::ERR_NAME_RESOLUTION_FAILED
2022-05-26 11:59:53 ERROR    Failure: http://localhost:1800/ -> net::ERR_NAME_RESOLUTION_FAILED
2022-05-26 11:59:53 ERROR    Failure: http://localhost:1800/ -> Failed to load resource: net::ERR_NAME_RESOLUTION_FAILED
2022-05-26 11:59:53 ERROR    Failure: http://localhost:1800/ -> net::ERR_NAME_RESOLUTION_FAILED
2022-05-26 11:59:53 ERROR    Failure: http://localhost:1800/ -> Failed to load resource: net::ERR_NAME_RESOLUTION_FAILED
2022-05-26 11:59:53 ERROR    Failure: http://localhost:1800/ -> Failed to load resource: the server responded with a status of 401 (Unauthorized)
2022-05-26 11:59:53 ERROR    Failure: http://localhost:1800/ -> status code(401) -> Not logged in
2022-05-26 12:00:03 ERROR    Failure: http://localhost:1800/subscribe?product=unlimited -> net::ERR_NAME_RESOLUTION_FAILED
2022-05-26 12:00:03 ERROR    Failure: http://localhost:1800/subscribe?product=unlimited -> Failed to load resource: net::ERR_NAME_RESOLUTION_FAILED
2022-05-26 12:00:03 ERROR    Failure: http://localhost:1800/subscribe?product=unlimited -> net::ERR_NAME_RESOLUTION_FAILED
2022-05-26 12:00:03 ERROR    Failure: http://localhost:1800/subscribe?product=unlimited -> Failed to load resource: net::ERR_NAME_RESOLUTION_FAILED
2022-05-26 12:00:03 ERROR    Failure: http://localhost:1800/subscribe?product=unlimited -> net::ERR_NAME_RESOLUTION_FAILED
2022-05-26 12:00:03 ERROR    Failure: http://localhost:1800/subscribe?product=unlimited -> Failed to load resource: net::ERR_NAME_RESOLUTION_FAILED
2022-05-26 12:00:03 ERROR    Failure: http://localhost:1800/subscribe?product=unlimited -> net::ERR_NAME_RESOLUTION_FAILED
2022-05-26 12:00:03 ERROR    Failure: http://localhost:1800/subscribe?product=unlimited -> Failed to load resource: net::ERR_NAME_RESOLUTION_FAILED
2022-05-26 12:00:03 ERROR    Failure: http://localhost:1800/subscribe?product=unlimited -> net::ERR_NAME_RESOLUTION_FAILED
2022-05-26 12:00:03 ERROR    Failure: http://localhost:1800/subscribe?product=unlimited -> Failed to load resource: net::ERR_NAME_RESOLUTION_FAILED
2022-05-26 12:00:03 ERROR    Failure: http://localhost:1800/subscribe?product=unlimited -> net::ERR_NAME_RESOLUTION_FAILED
2022-05-26 12:00:03 ERROR    Failure: http://localhost:1800/subscribe?product=unlimited -> Failed to load resource: net::ERR_NAME_RESOLUTION_FAILED
2022-05-26 12:00:03 ERROR    Failure: http://localhost:1800/subscribe?product=unlimited -> Failed to load resource: the server responded with a status of 401 (Unauthorized)
2022-05-26 12:00:04 ERROR    Failure: http://localhost:1800/subscribe?product=unlimited -> status code(401) -> Not logged in
2022-05-26 12:00:04 ERROR    Failure: http://localhost:1800/subscribe?product=unlimited -> net::ERR_NAME_RESOLUTION_FAILED
2022-05-26 12:00:04 ERROR    Failure: http://localhost:1800/subscribe?product=unlimited -> Failed to load resource: net::ERR_NAME_RESOLUTION_FAILED
2022-05-26 12:00:12 ERROR    Failure: http://localhost:1800/ -> net::ERR_NAME_RESOLUTION_FAILED
2022-05-26 12:00:12 ERROR    Failure: http://localhost:1800/ -> Failed to load resource: net::ERR_NAME_RESOLUTION_FAILED
2022-05-26 12:00:12 ERROR    Failure: http://localhost:1800/ -> net::ERR_NAME_RESOLUTION_FAILED
2022-05-26 12:00:12 ERROR    Failure: http://localhost:1800/ -> Failed to load resource: net::ERR_NAME_RESOLUTION_FAILED
2022-05-26 12:00:12 ERROR    Failure: http://localhost:1800/ -> net::ERR_NAME_RESOLUTION_FAILED
2022-05-26 12:00:12 ERROR    Failure: http://localhost:1800/ -> Failed to load resource: net::ERR_NAME_RESOLUTION_FAILED
2022-05-26 12:00:12 ERROR    Failure: http://localhost:1800/ -> net::ERR_NAME_RESOLUTION_FAILED
2022-05-26 12:00:12 ERROR    Failure: http://localhost:1800/ -> Failed to load resource: net::ERR_NAME_RESOLUTION_FAILED
2022-05-26 12:00:12 ERROR    Failure: http://localhost:1800/ -> net::ERR_NAME_RESOLUTION_FAILED
2022-05-26 12:00:12 ERROR    Failure: http://localhost:1800/ -> Failed to load resource: net::ERR_NAME_RESOLUTION_FAILED
2022-05-26 12:00:12 ERROR    Failure: http://localhost:1800/ -> net::ERR_NAME_RESOLUTION_FAILED
2022-05-26 12:00:12 ERROR    Failure: http://localhost:1800/ -> Failed to load resource: net::ERR_NAME_RESOLUTION_FAILED
2022-05-26 12:00:13 ERROR    Failure: http://localhost:1800/ -> Failed to load resource: the server responded with a status of 401 (Unauthorized)
2022-05-26 12:00:13 ERROR    Failure: http://localhost:1800/ -> status code(401) -> Not logged in
2022-05-26 12:00:22 ERROR    Failure: http://localhost:1800/subscribe?product=unlimited -> net::ERR_NAME_RESOLUTION_FAILED
2022-05-26 12:00:22 ERROR    Failure: http://localhost:1800/subscribe?product=unlimited -> Failed to load resource: net::ERR_NAME_RESOLUTION_FAILED
2022-05-26 12:00:22 ERROR    Failure: http://localhost:1800/subscribe?product=unlimited -> net::ERR_NAME_RESOLUTION_FAILED
2022-05-26 12:00:22 ERROR    Failure: http://localhost:1800/subscribe?product=unlimited -> Failed to load resource: net::ERR_NAME_RESOLUTION_FAILED
2022-05-26 12:00:22 ERROR    Failure: http://localhost:1800/subscribe?product=unlimited -> net::ERR_NAME_RESOLUTION_FAILED
2022-05-26 12:00:22 ERROR    Failure: http://localhost:1800/subscribe?product=unlimited -> Failed to load resource: net::ERR_NAME_RESOLUTION_FAILED
2022-05-26 12:00:22 ERROR    Failure: http://localhost:1800/subscribe?product=unlimited -> net::ERR_NAME_RESOLUTION_FAILED
2022-05-26 12:00:22 ERROR    Failure: http://localhost:1800/subscribe?product=unlimited -> Failed to load resource: net::ERR_NAME_RESOLUTION_FAILED
2022-05-26 12:00:22 ERROR    Failure: http://localhost:1800/subscribe?product=unlimited -> net::ERR_NAME_RESOLUTION_FAILED
2022-05-26 12:00:22 ERROR    Failure: http://localhost:1800/subscribe?product=unlimited -> Failed to load resource: net::ERR_NAME_RESOLUTION_FAILED
2022-05-26 12:00:22 ERROR    Failure: http://localhost:1800/subscribe?product=unlimited -> net::ERR_NAME_RESOLUTION_FAILED
2022-05-26 12:00:22 ERROR    Failure: http://localhost:1800/subscribe?product=unlimited -> Failed to load resource: net::ERR_NAME_RESOLUTION_FAILED
2022-05-26 12:00:23 ERROR    Failure: http://localhost:1800/subscribe?product=unlimited -> Failed to load resource: the server responded with a status of 401 (Unauthorized)
2022-05-26 12:00:23 ERROR    Failure: http://localhost:1800/subscribe?product=unlimited -> net::ERR_NAME_RESOLUTION_FAILED
2022-05-26 12:00:23 ERROR    Failure: http://localhost:1800/subscribe?product=unlimited -> Failed to load resource: net::ERR_NAME_RESOLUTION_FAILED
2022-05-26 12:00:23 ERROR    Failure: http://localhost:1800/subscribe?product=unlimited -> status code(401) -> Not logged in
2022-05-26 12:00:33 ERROR    Failure: http://localhost:1800/ -> net::ERR_NAME_RESOLUTION_FAILED
2022-05-26 12:00:33 ERROR    Failure: http://localhost:1800/ -> Failed to load resource: net::ERR_NAME_RESOLUTION_FAILED
2022-05-26 12:00:33 ERROR    Failure: http://localhost:1800/ -> net::ERR_NAME_RESOLUTION_FAILED
2022-05-26 12:00:33 ERROR    Failure: http://localhost:1800/ -> Failed to load resource: net::ERR_NAME_RESOLUTION_FAILED
2022-05-26 12:00:33 ERROR    Failure: http://localhost:1800/ -> net::ERR_NAME_RESOLUTION_FAILED
2022-05-26 12:00:33 ERROR    Failure: http://localhost:1800/ -> Failed to load resource: net::ERR_NAME_RESOLUTION_FAILED
2022-05-26 12:00:33 ERROR    Failure: http://localhost:1800/ -> net::ERR_NAME_RESOLUTION_FAILED
2022-05-26 12:00:33 ERROR    Failure: http://localhost:1800/ -> Failed to load resource: net::ERR_NAME_RESOLUTION_FAILED
2022-05-26 12:00:33 ERROR    Failure: http://localhost:1800/ -> net::ERR_NAME_RESOLUTION_FAILED
2022-05-26 12:00:33 ERROR    Failure: http://localhost:1800/ -> Failed to load resource: net::ERR_NAME_RESOLUTION_FAILED
2022-05-26 12:00:33 ERROR    Failure: http://localhost:1800/ -> net::ERR_NAME_RESOLUTION_FAILED
2022-05-26 12:00:33 ERROR    Failure: http://localhost:1800/ -> Failed to load resource: net::ERR_NAME_RESOLUTION_FAILED
2022-05-26 12:00:34 ERROR    Failure: http://localhost:1800/ -> Failed to load resource: the server responded with a status of 401 (Unauthorized)
2022-05-26 12:00:34 ERROR    Failure: http://localhost:1800/ -> status code(401) -> Not logged in
2022-05-26 12:00:44 ERROR    Failure: http://localhost:1800/subscribe?product=unlimited -> net::ERR_NAME_RESOLUTION_FAILED
2022-05-26 12:00:44 ERROR    Failure: http://localhost:1800/subscribe?product=unlimited -> Failed to load resource: net::ERR_NAME_RESOLUTION_FAILED
2022-05-26 12:00:44 ERROR    Failure: http://localhost:1800/subscribe?product=unlimited -> net::ERR_NAME_RESOLUTION_FAILED
2022-05-26 12:00:44 ERROR    Failure: http://localhost:1800/subscribe?product=unlimited -> Failed to load resource: net::ERR_NAME_RESOLUTION_FAILED
2022-05-26 12:00:44 ERROR    Failure: http://localhost:1800/subscribe?product=unlimited -> net::ERR_NAME_RESOLUTION_FAILED
2022-05-26 12:00:44 ERROR    Failure: http://localhost:1800/subscribe?product=unlimited -> Failed to load resource: net::ERR_NAME_RESOLUTION_FAILED
2022-05-26 12:00:44 ERROR    Failure: http://localhost:1800/subscribe?product=unlimited -> net::ERR_NAME_RESOLUTION_FAILED
2022-05-26 12:00:44 ERROR    Failure: http://localhost:1800/subscribe?product=unlimited -> Failed to load resource: net::ERR_NAME_RESOLUTION_FAILED
2022-05-26 12:00:44 ERROR    Failure: http://localhost:1800/subscribe?product=unlimited -> net::ERR_NAME_RESOLUTION_FAILED
2022-05-26 12:00:44 ERROR    Failure: http://localhost:1800/subscribe?product=unlimited -> Failed to load resource: net::ERR_NAME_RESOLUTION_FAILED
2022-05-26 12:00:44 ERROR    Failure: http://localhost:1800/subscribe?product=unlimited -> net::ERR_NAME_RESOLUTION_FAILED
2022-05-26 12:00:44 ERROR    Failure: http://localhost:1800/subscribe?product=unlimited -> Failed to load resource: net::ERR_NAME_RESOLUTION_FAILED
2022-05-26 12:00:44 ERROR    Failure: http://localhost:1800/subscribe?product=unlimited -> Failed to load resource: the server responded with a status of 401 (Unauthorized)
2022-05-26 12:00:44 ERROR    Failure: http://localhost:1800/subscribe?product=unlimited -> net::ERR_NAME_RESOLUTION_FAILED
2022-05-26 12:00:44 ERROR    Failure: http://localhost:1800/subscribe?product=unlimited -> Failed to load resource: net::ERR_NAME_RESOLUTION_FAILED
2022-05-26 12:00:44 ERROR    Failure: http://localhost:1800/subscribe?product=unlimited -> status code(401) -> Not logged in
2022-05-26 12:00:54 ERROR    Failure: http://localhost:1800/ -> net::ERR_NAME_RESOLUTION_FAILED
2022-05-26 12:00:54 ERROR    Failure: http://localhost:1800/ -> Failed to load resource: net::ERR_NAME_RESOLUTION_FAILED
2022-05-26 12:00:54 ERROR    Failure: http://localhost:1800/ -> net::ERR_NAME_RESOLUTION_FAILED
2022-05-26 12:00:54 ERROR    Failure: http://localhost:1800/ -> Failed to load resource: net::ERR_NAME_RESOLUTION_FAILED
2022-05-26 12:00:54 ERROR    Failure: http://localhost:1800/ -> net::ERR_NAME_RESOLUTION_FAILED
2022-05-26 12:00:54 ERROR    Failure: http://localhost:1800/ -> Failed to load resource: net::ERR_NAME_RESOLUTION_FAILED
2022-05-26 12:00:54 ERROR    Failure: http://localhost:1800/ -> net::ERR_NAME_RESOLUTION_FAILED
2022-05-26 12:00:54 ERROR    Failure: http://localhost:1800/ -> Failed to load resource: net::ERR_NAME_RESOLUTION_FAILED
2022-05-26 12:00:54 ERROR    Failure: http://localhost:1800/ -> net::ERR_NAME_RESOLUTION_FAILED
2022-05-26 12:00:54 ERROR    Failure: http://localhost:1800/ -> Failed to load resource: net::ERR_NAME_RESOLUTION_FAILED
2022-05-26 12:00:54 ERROR    Failure: http://localhost:1800/ -> net::ERR_NAME_RESOLUTION_FAILED
2022-05-26 12:00:54 ERROR    Failure: http://localhost:1800/ -> Failed to load resource: net::ERR_NAME_RESOLUTION_FAILED
2022-05-26 12:00:55 ERROR    Failure: http://localhost:1800/ -> Failed to load resource: the server responded with a status of 401 (Unauthorized)
2022-05-26 12:00:55 ERROR    Failure: http://localhost:1800/ -> status code(401) -> Not logged in
2022-05-26 12:01:05 ERROR    Failure: http://localhost:1800/subscribe?product=unlimited -> net::ERR_NAME_RESOLUTION_FAILED
2022-05-26 12:01:05 ERROR    Failure: http://localhost:1800/subscribe?product=unlimited -> Failed to load resource: net::ERR_NAME_RESOLUTION_FAILED
2022-05-26 12:01:05 ERROR    Failure: http://localhost:1800/subscribe?product=unlimited -> net::ERR_NAME_RESOLUTION_FAILED
2022-05-26 12:01:05 ERROR    Failure: http://localhost:1800/subscribe?product=unlimited -> Failed to load resource: net::ERR_NAME_RESOLUTION_FAILED
2022-05-26 12:01:05 ERROR    Failure: http://localhost:1800/subscribe?product=unlimited -> net::ERR_NAME_RESOLUTION_FAILED
2022-05-26 12:01:05 ERROR    Failure: http://localhost:1800/subscribe?product=unlimited -> Failed to load resource: net::ERR_NAME_RESOLUTION_FAILED
2022-05-26 12:01:05 ERROR    Failure: http://localhost:1800/subscribe?product=unlimited -> net::ERR_NAME_RESOLUTION_FAILED
2022-05-26 12:01:05 ERROR    Failure: http://localhost:1800/subscribe?product=unlimited -> Failed to load resource: net::ERR_NAME_RESOLUTION_FAILED
2022-05-26 12:01:05 ERROR    Failure: http://localhost:1800/subscribe?product=unlimited -> net::ERR_NAME_RESOLUTION_FAILED
2022-05-26 12:01:05 ERROR    Failure: http://localhost:1800/subscribe?product=unlimited -> Failed to load resource: net::ERR_NAME_RESOLUTION_FAILED
2022-05-26 12:01:05 ERROR    Failure: http://localhost:1800/subscribe?product=unlimited -> net::ERR_NAME_RESOLUTION_FAILED
2022-05-26 12:01:05 ERROR    Failure: http://localhost:1800/subscribe?product=unlimited -> Failed to load resource: net::ERR_NAME_RESOLUTION_FAILED
2022-05-26 12:01:05 ERROR    Failure: http://localhost:1800/subscribe?product=unlimited -> Failed to load resource: the server responded with a status of 401 (Unauthorized)
2022-05-26 12:01:05 ERROR    Failure: http://localhost:1800/subscribe?product=unlimited -> net::ERR_NAME_RESOLUTION_FAILED
2022-05-26 12:01:05 ERROR    Failure: http://localhost:1800/subscribe?product=unlimited -> Failed to load resource: net::ERR_NAME_RESOLUTION_FAILED
2022-05-26 12:01:05 ERROR    Failure: http://localhost:1800/subscribe?product=unlimited -> status code(401) -> Not logged in
2022-05-26 12:01:17 ERROR    Failure: http://localhost:1800/ -> net::ERR_NAME_RESOLUTION_FAILED
2022-05-26 12:01:17 ERROR    Failure: http://localhost:1800/ -> Failed to load resource: net::ERR_NAME_RESOLUTION_FAILED
2022-05-26 12:01:17 ERROR    Failure: http://localhost:1800/ -> net::ERR_NAME_RESOLUTION_FAILED
2022-05-26 12:01:17 ERROR    Failure: http://localhost:1800/ -> Failed to load resource: net::ERR_NAME_RESOLUTION_FAILED
2022-05-26 12:01:17 ERROR    Failure: http://localhost:1800/ -> net::ERR_NAME_RESOLUTION_FAILED
2022-05-26 12:01:17 ERROR    Failure: http://localhost:1800/ -> Failed to load resource: net::ERR_NAME_RESOLUTION_FAILED
2022-05-26 12:01:17 ERROR    Failure: http://localhost:1800/ -> net::ERR_NAME_RESOLUTION_FAILED
2022-05-26 12:01:17 ERROR    Failure: http://localhost:1800/ -> Failed to load resource: net::ERR_NAME_RESOLUTION_FAILED
2022-05-26 12:01:17 ERROR    Failure: http://localhost:1800/ -> net::ERR_NAME_RESOLUTION_FAILED
2022-05-26 12:01:17 ERROR    Failure: http://localhost:1800/ -> Failed to load resource: net::ERR_NAME_RESOLUTION_FAILED
2022-05-26 12:01:17 ERROR    Failure: http://localhost:1800/ -> net::ERR_NAME_RESOLUTION_FAILED
2022-05-26 12:01:17 ERROR    Failure: http://localhost:1800/ -> Failed to load resource: net::ERR_NAME_RESOLUTION_FAILED
2022-05-26 12:01:17 ERROR    Failure: http://localhost:1800/ -> Failed to load resource: the server responded with a status of 401 (Unauthorized)
2022-05-26 12:01:17 ERROR    Failure: http://localhost:1800/ -> status code(401) -> Not logged in
2022-05-26 12:01:27 ERROR    Failure: http://localhost:1800/subscribe?product=unlimited -> net::ERR_NAME_RESOLUTION_FAILED
2022-05-26 12:01:27 ERROR    Failure: http://localhost:1800/subscribe?product=unlimited -> Failed to load resource: net::ERR_NAME_RESOLUTION_FAILED
2022-05-26 12:01:27 ERROR    Failure: http://localhost:1800/subscribe?product=unlimited -> net::ERR_NAME_RESOLUTION_FAILED
2022-05-26 12:01:27 ERROR    Failure: http://localhost:1800/subscribe?product=unlimited -> Failed to load resource: net::ERR_NAME_RESOLUTION_FAILED
2022-05-26 12:01:27 ERROR    Failure: http://localhost:1800/subscribe?product=unlimited -> net::ERR_NAME_RESOLUTION_FAILED
2022-05-26 12:01:27 ERROR    Failure: http://localhost:1800/subscribe?product=unlimited -> Failed to load resource: net::ERR_NAME_RESOLUTION_FAILED
2022-05-26 12:01:27 ERROR    Failure: http://localhost:1800/subscribe?product=unlimited -> net::ERR_NAME_RESOLUTION_FAILED
2022-05-26 12:01:27 ERROR    Failure: http://localhost:1800/subscribe?product=unlimited -> Failed to load resource: net::ERR_NAME_RESOLUTION_FAILED
2022-05-26 12:01:27 ERROR    Failure: http://localhost:1800/subscribe?product=unlimited -> net::ERR_NAME_RESOLUTION_FAILED
2022-05-26 12:01:27 ERROR    Failure: http://localhost:1800/subscribe?product=unlimited -> Failed to load resource: net::ERR_NAME_RESOLUTION_FAILED
2022-05-26 12:01:27 ERROR    Failure: http://localhost:1800/subscribe?product=unlimited -> net::ERR_NAME_RESOLUTION_FAILED
2022-05-26 12:01:27 ERROR    Failure: http://localhost:1800/subscribe?product=unlimited -> Failed to load resource: net::ERR_NAME_RESOLUTION_FAILED
2022-05-26 12:01:28 ERROR    Failure: http://localhost:1800/subscribe?product=unlimited -> Failed to load resource: the server responded with a status of 401 (Unauthorized)
2022-05-26 12:01:28 ERROR    Failure: http://localhost:1800/subscribe?product=unlimited -> net::ERR_NAME_RESOLUTION_FAILED
2022-05-26 12:01:28 ERROR    Failure: http://localhost:1800/subscribe?product=unlimited -> Failed to load resource: net::ERR_NAME_RESOLUTION_FAILED
2022-05-26 12:01:28 ERROR    Failure: http://localhost:1800/subscribe?product=unlimited -> status code(401) -> Not logged in
2022-05-26 12:01:41 ERROR    Failure: http://localhost:1800/ -> net::ERR_NAME_RESOLUTION_FAILED
2022-05-26 12:01:41 ERROR    Failure: http://localhost:1800/ -> Failed to load resource: net::ERR_NAME_RESOLUTION_FAILED
2022-05-26 12:01:41 ERROR    Failure: http://localhost:1800/ -> net::ERR_NAME_RESOLUTION_FAILED
2022-05-26 12:01:41 ERROR    Failure: http://localhost:1800/ -> Failed to load resource: net::ERR_NAME_RESOLUTION_FAILED
2022-05-26 12:01:41 ERROR    Failure: http://localhost:1800/ -> net::ERR_NAME_RESOLUTION_FAILED
2022-05-26 12:01:41 ERROR    Failure: http://localhost:1800/ -> Failed to load resource: net::ERR_NAME_RESOLUTION_FAILED
2022-05-26 12:01:41 ERROR    Failure: http://localhost:1800/ -> net::ERR_NAME_RESOLUTION_FAILED
2022-05-26 12:01:41 ERROR    Failure: http://localhost:1800/ -> Failed to load resource: net::ERR_NAME_RESOLUTION_FAILED
2022-05-26 12:01:41 ERROR    Failure: http://localhost:1800/ -> net::ERR_NAME_RESOLUTION_FAILED
2022-05-26 12:01:41 ERROR    Failure: http://localhost:1800/ -> Failed to load resource: net::ERR_NAME_RESOLUTION_FAILED
2022-05-26 12:01:41 ERROR    Failure: http://localhost:1800/ -> net::ERR_NAME_RESOLUTION_FAILED
2022-05-26 12:01:41 ERROR    Failure: http://localhost:1800/ -> Failed to load resource: net::ERR_NAME_RESOLUTION_FAILED
2022-05-26 12:01:42 ERROR    Failure: http://localhost:1800/ -> Failed to load resource: the server responded with a status of 401 (Unauthorized)
2022-05-26 12:01:42 ERROR    Failure: http://localhost:1800/ -> status code(401) -> Not logged in
2022-05-26 12:01:51 ERROR    Failure: http://localhost:1800/subscribe?product=unlimited -> net::ERR_NAME_RESOLUTION_FAILED
2022-05-26 12:01:51 ERROR    Failure: http://localhost:1800/subscribe?product=unlimited -> Failed to load resource: net::ERR_NAME_RESOLUTION_FAILED
2022-05-26 12:01:51 ERROR    Failure: http://localhost:1800/subscribe?product=unlimited -> net::ERR_NAME_RESOLUTION_FAILED
2022-05-26 12:01:51 ERROR    Failure: http://localhost:1800/subscribe?product=unlimited -> Failed to load resource: net::ERR_NAME_RESOLUTION_FAILED
2022-05-26 12:01:51 ERROR    Failure: http://localhost:1800/subscribe?product=unlimited -> net::ERR_NAME_RESOLUTION_FAILED
2022-05-26 12:01:51 ERROR    Failure: http://localhost:1800/subscribe?product=unlimited -> Failed to load resource: net::ERR_NAME_RESOLUTION_FAILED
2022-05-26 12:01:51 ERROR    Failure: http://localhost:1800/subscribe?product=unlimited -> net::ERR_NAME_RESOLUTION_FAILED
2022-05-26 12:01:51 ERROR    Failure: http://localhost:1800/subscribe?product=unlimited -> Failed to load resource: net::ERR_NAME_RESOLUTION_FAILED
2022-05-26 12:01:51 ERROR    Failure: http://localhost:1800/subscribe?product=unlimited -> net::ERR_NAME_RESOLUTION_FAILED
2022-05-26 12:01:51 ERROR    Failure: http://localhost:1800/subscribe?product=unlimited -> Failed to load resource: net::ERR_NAME_RESOLUTION_FAILED
2022-05-26 12:01:51 ERROR    Failure: http://localhost:1800/subscribe?product=unlimited -> net::ERR_NAME_RESOLUTION_FAILED
2022-05-26 12:01:51 ERROR    Failure: http://localhost:1800/subscribe?product=unlimited -> Failed to load resource: net::ERR_NAME_RESOLUTION_FAILED
2022-05-26 12:01:52 ERROR    Failure: http://localhost:1800/subscribe?product=unlimited -> Failed to load resource: the server responded with a status of 401 (Unauthorized)
2022-05-26 12:01:52 ERROR    Failure: http://localhost:1800/subscribe?product=unlimited -> net::ERR_NAME_RESOLUTION_FAILED
2022-05-26 12:01:52 ERROR    Failure: http://localhost:1800/subscribe?product=unlimited -> Failed to load resource: net::ERR_NAME_RESOLUTION_FAILED
2022-05-26 12:01:52 ERROR    Failure: http://localhost:1800/subscribe?product=unlimited -> status code(401) -> Not logged in
2022-05-26 12:02:07 ERROR    Failure: http://localhost:1800/ -> net::ERR_NAME_RESOLUTION_FAILED
2022-05-26 12:02:07 ERROR    Failure: http://localhost:1800/ -> Failed to load resource: net::ERR_NAME_RESOLUTION_FAILED
2022-05-26 12:02:07 ERROR    Failure: http://localhost:1800/ -> net::ERR_NAME_RESOLUTION_FAILED
2022-05-26 12:02:07 ERROR    Failure: http://localhost:1800/ -> Failed to load resource: net::ERR_NAME_RESOLUTION_FAILED
2022-05-26 12:02:07 ERROR    Failure: http://localhost:1800/ -> net::ERR_NAME_RESOLUTION_FAILED
2022-05-26 12:02:07 ERROR    Failure: http://localhost:1800/ -> Failed to load resource: net::ERR_NAME_RESOLUTION_FAILED
2022-05-26 12:02:07 ERROR    Failure: http://localhost:1800/ -> net::ERR_NAME_RESOLUTION_FAILED
2022-05-26 12:02:07 ERROR    Failure: http://localhost:1800/ -> Failed to load resource: net::ERR_NAME_RESOLUTION_FAILED
2022-05-26 12:02:07 ERROR    Failure: http://localhost:1800/ -> net::ERR_NAME_RESOLUTION_FAILED
2022-05-26 12:02:07 ERROR    Failure: http://localhost:1800/ -> Failed to load resource: net::ERR_NAME_RESOLUTION_FAILED
2022-05-26 12:02:07 ERROR    Failure: http://localhost:1800/ -> net::ERR_NAME_RESOLUTION_FAILED
2022-05-26 12:02:07 ERROR    Failure: http://localhost:1800/ -> Failed to load resource: net::ERR_NAME_RESOLUTION_FAILED
2022-05-26 12:02:07 ERROR    Failure: http://localhost:1800/ -> Failed to load resource: the server responded with a status of 401 (Unauthorized)
2022-05-26 12:02:07 ERROR    Failure: http://localhost:1800/ -> status code(401) -> Not logged in
2022-05-26 12:02:17 ERROR    Failure: http://localhost:1800/subscribe?product=unlimited -> net::ERR_NAME_RESOLUTION_FAILED
2022-05-26 12:02:17 ERROR    Failure: http://localhost:1800/subscribe?product=unlimited -> Failed to load resource: net::ERR_NAME_RESOLUTION_FAILED
2022-05-26 12:02:17 ERROR    Failure: http://localhost:1800/subscribe?product=unlimited -> net::ERR_NAME_RESOLUTION_FAILED
2022-05-26 12:02:17 ERROR    Failure: http://localhost:1800/subscribe?product=unlimited -> Failed to load resource: net::ERR_NAME_RESOLUTION_FAILED
2022-05-26 12:02:17 ERROR    Failure: http://localhost:1800/subscribe?product=unlimited -> net::ERR_NAME_RESOLUTION_FAILED
2022-05-26 12:02:17 ERROR    Failure: http://localhost:1800/subscribe?product=unlimited -> Failed to load resource: net::ERR_NAME_RESOLUTION_FAILED
2022-05-26 12:02:17 ERROR    Failure: http://localhost:1800/subscribe?product=unlimited -> net::ERR_NAME_RESOLUTION_FAILED
2022-05-26 12:02:17 ERROR    Failure: http://localhost:1800/subscribe?product=unlimited -> Failed to load resource: net::ERR_NAME_RESOLUTION_FAILED
2022-05-26 12:02:17 ERROR    Failure: http://localhost:1800/subscribe?product=unlimited -> net::ERR_NAME_RESOLUTION_FAILED
2022-05-26 12:02:17 ERROR    Failure: http://localhost:1800/subscribe?product=unlimited -> Failed to load resource: net::ERR_NAME_RESOLUTION_FAILED
2022-05-26 12:02:17 ERROR    Failure: http://localhost:1800/subscribe?product=unlimited -> net::ERR_NAME_RESOLUTION_FAILED
2022-05-26 12:02:17 ERROR    Failure: http://localhost:1800/subscribe?product=unlimited -> Failed to load resource: net::ERR_NAME_RESOLUTION_FAILED
2022-05-26 12:02:18 ERROR    Failure: http://localhost:1800/subscribe?product=unlimited -> Failed to load resource: the server responded with a status of 401 (Unauthorized)
2022-05-26 12:02:18 ERROR    Failure: http://localhost:1800/subscribe?product=unlimited -> net::ERR_NAME_RESOLUTION_FAILED
2022-05-26 12:02:18 ERROR    Failure: http://localhost:1800/subscribe?product=unlimited -> Failed to load resource: net::ERR_NAME_RESOLUTION_FAILED
2022-05-26 12:02:18 ERROR    Failure: http://localhost:1800/subscribe?product=unlimited -> status code(401) -> Not logged in
2022-05-26 12:02:33 ERROR    Failure: http://localhost:1800/ -> net::ERR_NAME_RESOLUTION_FAILED
2022-05-26 12:02:33 ERROR    Failure: http://localhost:1800/ -> Failed to load resource: net::ERR_NAME_RESOLUTION_FAILED
2022-05-26 12:02:33 ERROR    Failure: http://localhost:1800/ -> net::ERR_NAME_RESOLUTION_FAILED
2022-05-26 12:02:33 ERROR    Failure: http://localhost:1800/ -> Failed to load resource: net::ERR_NAME_RESOLUTION_FAILED
2022-05-26 12:02:33 ERROR    Failure: http://localhost:1800/ -> net::ERR_NAME_RESOLUTION_FAILED
2022-05-26 12:02:33 ERROR    Failure: http://localhost:1800/ -> Failed to load resource: net::ERR_NAME_RESOLUTION_FAILED
2022-05-26 12:02:33 ERROR    Failure: http://localhost:1800/ -> net::ERR_NAME_RESOLUTION_FAILED
2022-05-26 12:02:33 ERROR    Failure: http://localhost:1800/ -> Failed to load resource: net::ERR_NAME_RESOLUTION_FAILED
2022-05-26 12:02:33 ERROR    Failure: http://localhost:1800/ -> net::ERR_NAME_RESOLUTION_FAILED
2022-05-26 12:02:33 ERROR    Failure: http://localhost:1800/ -> Failed to load resource: net::ERR_NAME_RESOLUTION_FAILED
2022-05-26 12:02:33 ERROR    Failure: http://localhost:1800/ -> net::ERR_NAME_RESOLUTION_FAILED
2022-05-26 12:02:33 ERROR    Failure: http://localhost:1800/ -> Failed to load resource: net::ERR_NAME_RESOLUTION_FAILED
2022-05-26 12:02:33 ERROR    Failure: http://localhost:1800/ -> Failed to load resource: the server responded with a status of 401 (Unauthorized)
2022-05-26 12:02:33 ERROR    Failure: http://localhost:1800/ -> status code(401) -> Not logged in
2022-05-26 12:02:43 ERROR    Failure: http://localhost:1800/subscribe?product=unlimited -> net::ERR_NAME_RESOLUTION_FAILED
2022-05-26 12:02:43 ERROR    Failure: http://localhost:1800/subscribe?product=unlimited -> Failed to load resource: net::ERR_NAME_RESOLUTION_FAILED
2022-05-26 12:02:43 ERROR    Failure: http://localhost:1800/subscribe?product=unlimited -> net::ERR_NAME_RESOLUTION_FAILED
2022-05-26 12:02:43 ERROR    Failure: http://localhost:1800/subscribe?product=unlimited -> Failed to load resource: net::ERR_NAME_RESOLUTION_FAILED
2022-05-26 12:02:43 ERROR    Failure: http://localhost:1800/subscribe?product=unlimited -> net::ERR_NAME_RESOLUTION_FAILED
2022-05-26 12:02:43 ERROR    Failure: http://localhost:1800/subscribe?product=unlimited -> Failed to load resource: net::ERR_NAME_RESOLUTION_FAILED
2022-05-26 12:02:43 ERROR    Failure: http://localhost:1800/subscribe?product=unlimited -> net::ERR_NAME_RESOLUTION_FAILED
2022-05-26 12:02:43 ERROR    Failure: http://localhost:1800/subscribe?product=unlimited -> Failed to load resource: net::ERR_NAME_RESOLUTION_FAILED
2022-05-26 12:02:43 ERROR    Failure: http://localhost:1800/subscribe?product=unlimited -> net::ERR_NAME_RESOLUTION_FAILED
2022-05-26 12:02:43 ERROR    Failure: http://localhost:1800/subscribe?product=unlimited -> Failed to load resource: net::ERR_NAME_RESOLUTION_FAILED
2022-05-26 12:02:43 ERROR    Failure: http://localhost:1800/subscribe?product=unlimited -> net::ERR_NAME_RESOLUTION_FAILED
2022-05-26 12:02:43 ERROR    Failure: http://localhost:1800/subscribe?product=unlimited -> Failed to load resource: net::ERR_NAME_RESOLUTION_FAILED
2022-05-26 12:02:44 ERROR    Failure: http://localhost:1800/subscribe?product=unlimited -> Failed to load resource: the server responded with a status of 401 (Unauthorized)
2022-05-26 12:02:44 ERROR    Failure: http://localhost:1800/subscribe?product=unlimited -> net::ERR_NAME_RESOLUTION_FAILED
2022-05-26 12:02:44 ERROR    Failure: http://localhost:1800/subscribe?product=unlimited -> Failed to load resource: net::ERR_NAME_RESOLUTION_FAILED
2022-05-26 12:02:44 ERROR    Failure: http://localhost:1800/subscribe?product=unlimited -> status code(401) -> Not logged in
2022-05-26 12:03:00 ERROR    Failure: http://localhost:1800/ -> net::ERR_NAME_RESOLUTION_FAILED
2022-05-26 12:03:00 ERROR    Failure: http://localhost:1800/ -> Failed to load resource: net::ERR_NAME_RESOLUTION_FAILED
2022-05-26 12:03:00 ERROR    Failure: http://localhost:1800/ -> net::ERR_NAME_RESOLUTION_FAILED
2022-05-26 12:03:00 ERROR    Failure: http://localhost:1800/ -> Failed to load resource: net::ERR_NAME_RESOLUTION_FAILED
2022-05-26 12:03:00 ERROR    Failure: http://localhost:1800/ -> net::ERR_NAME_RESOLUTION_FAILED
2022-05-26 12:03:00 ERROR    Failure: http://localhost:1800/ -> Failed to load resource: net::ERR_NAME_RESOLUTION_FAILED
2022-05-26 12:03:00 ERROR    Failure: http://localhost:1800/ -> net::ERR_NAME_RESOLUTION_FAILED
2022-05-26 12:03:00 ERROR    Failure: http://localhost:1800/ -> Failed to load resource: net::ERR_NAME_RESOLUTION_FAILED
2022-05-26 12:03:00 ERROR    Failure: http://localhost:1800/ -> net::ERR_NAME_RESOLUTION_FAILED
2022-05-26 12:03:00 ERROR    Failure: http://localhost:1800/ -> Failed to load resource: net::ERR_NAME_RESOLUTION_FAILED
2022-05-26 12:03:00 ERROR    Failure: http://localhost:1800/ -> net::ERR_NAME_RESOLUTION_FAILED
2022-05-26 12:03:00 ERROR    Failure: http://localhost:1800/ -> Failed to load resource: net::ERR_NAME_RESOLUTION_FAILED
2022-05-26 12:03:00 ERROR    Failure: http://localhost:1800/ -> Failed to load resource: the server responded with a status of 401 (Unauthorized)
2022-05-26 12:03:00 ERROR    Failure: http://localhost:1800/ -> status code(401) -> Not logged in
2022-05-26 12:03:10 ERROR    Failure: http://localhost:1800/subscribe?product=unlimited -> net::ERR_NAME_RESOLUTION_FAILED
2022-05-26 12:03:10 ERROR    Failure: http://localhost:1800/subscribe?product=unlimited -> Failed to load resource: net::ERR_NAME_RESOLUTION_FAILED
2022-05-26 12:03:10 ERROR    Failure: http://localhost:1800/subscribe?product=unlimited -> net::ERR_NAME_RESOLUTION_FAILED
2022-05-26 12:03:10 ERROR    Failure: http://localhost:1800/subscribe?product=unlimited -> Failed to load resource: net::ERR_NAME_RESOLUTION_FAILED
2022-05-26 12:03:10 ERROR    Failure: http://localhost:1800/subscribe?product=unlimited -> net::ERR_NAME_RESOLUTION_FAILED
2022-05-26 12:03:10 ERROR    Failure: http://localhost:1800/subscribe?product=unlimited -> Failed to load resource: net::ERR_NAME_RESOLUTION_FAILED
2022-05-26 12:03:10 ERROR    Failure: http://localhost:1800/subscribe?product=unlimited -> net::ERR_NAME_RESOLUTION_FAILED
2022-05-26 12:03:10 ERROR    Failure: http://localhost:1800/subscribe?product=unlimited -> Failed to load resource: net::ERR_NAME_RESOLUTION_FAILED
2022-05-26 12:03:10 ERROR    Failure: http://localhost:1800/subscribe?product=unlimited -> net::ERR_NAME_RESOLUTION_FAILED
2022-05-26 12:03:10 ERROR    Failure: http://localhost:1800/subscribe?product=unlimited -> Failed to load resource: net::ERR_NAME_RESOLUTION_FAILED
2022-05-26 12:03:10 ERROR    Failure: http://localhost:1800/subscribe?product=unlimited -> net::ERR_NAME_RESOLUTION_FAILED
2022-05-26 12:03:10 ERROR    Failure: http://localhost:1800/subscribe?product=unlimited -> Failed to load resource: net::ERR_NAME_RESOLUTION_FAILED
2022-05-26 12:03:11 ERROR    Failure: http://localhost:1800/subscribe?product=unlimited -> Failed to load resource: the server responded with a status of 401 (Unauthorized)
2022-05-26 12:03:11 ERROR    Failure: http://localhost:1800/subscribe?product=unlimited -> net::ERR_NAME_RESOLUTION_FAILED
2022-05-26 12:03:11 ERROR    Failure: http://localhost:1800/subscribe?product=unlimited -> Failed to load resource: net::ERR_NAME_RESOLUTION_FAILED
2022-05-26 12:03:11 ERROR    Failure: http://localhost:1800/subscribe?product=unlimited -> status code(401) -> Not logged in
2022-05-26 12:03:27 ERROR    Failure: http://localhost:1800/ -> net::ERR_NAME_RESOLUTION_FAILED
2022-05-26 12:03:27 ERROR    Failure: http://localhost:1800/ -> Failed to load resource: net::ERR_NAME_RESOLUTION_FAILED
2022-05-26 12:03:27 ERROR    Failure: http://localhost:1800/ -> net::ERR_NAME_RESOLUTION_FAILED
2022-05-26 12:03:27 ERROR    Failure: http://localhost:1800/ -> Failed to load resource: net::ERR_NAME_RESOLUTION_FAILED
2022-05-26 12:03:27 ERROR    Failure: http://localhost:1800/ -> net::ERR_NAME_RESOLUTION_FAILED
2022-05-26 12:03:27 ERROR    Failure: http://localhost:1800/ -> Failed to load resource: net::ERR_NAME_RESOLUTION_FAILED
2022-05-26 12:03:27 ERROR    Failure: http://localhost:1800/ -> net::ERR_NAME_RESOLUTION_FAILED
2022-05-26 12:03:27 ERROR    Failure: http://localhost:1800/ -> Failed to load resource: net::ERR_NAME_RESOLUTION_FAILED
2022-05-26 12:03:27 ERROR    Failure: http://localhost:1800/ -> net::ERR_NAME_RESOLUTION_FAILED
2022-05-26 12:03:27 ERROR    Failure: http://localhost:1800/ -> Failed to load resource: net::ERR_NAME_RESOLUTION_FAILED
2022-05-26 12:03:27 ERROR    Failure: http://localhost:1800/ -> net::ERR_NAME_RESOLUTION_FAILED
2022-05-26 12:03:27 ERROR    Failure: http://localhost:1800/ -> Failed to load resource: net::ERR_NAME_RESOLUTION_FAILED
2022-05-26 12:03:27 ERROR    Failure: http://localhost:1800/ -> Failed to load resource: the server responded with a status of 401 (Unauthorized)
2022-05-26 12:03:27 ERROR    Failure: http://localhost:1800/ -> status code(401) -> Not logged in
2022-05-26 12:03:37 ERROR    Failure: http://localhost:1800/subscribe?product=unlimited -> net::ERR_NAME_RESOLUTION_FAILED
2022-05-26 12:03:37 ERROR    Failure: http://localhost:1800/subscribe?product=unlimited -> Failed to load resource: net::ERR_NAME_RESOLUTION_FAILED
2022-05-26 12:03:37 ERROR    Failure: http://localhost:1800/subscribe?product=unlimited -> net::ERR_NAME_RESOLUTION_FAILED
2022-05-26 12:03:37 ERROR    Failure: http://localhost:1800/subscribe?product=unlimited -> Failed to load resource: net::ERR_NAME_RESOLUTION_FAILED
2022-05-26 12:03:37 ERROR    Failure: http://localhost:1800/subscribe?product=unlimited -> net::ERR_NAME_RESOLUTION_FAILED
2022-05-26 12:03:37 ERROR    Failure: http://localhost:1800/subscribe?product=unlimited -> Failed to load resource: net::ERR_NAME_RESOLUTION_FAILED
2022-05-26 12:03:37 ERROR    Failure: http://localhost:1800/subscribe?product=unlimited -> net::ERR_NAME_RESOLUTION_FAILED
2022-05-26 12:03:37 ERROR    Failure: http://localhost:1800/subscribe?product=unlimited -> Failed to load resource: net::ERR_NAME_RESOLUTION_FAILED
2022-05-26 12:03:37 ERROR    Failure: http://localhost:1800/subscribe?product=unlimited -> net::ERR_NAME_RESOLUTION_FAILED
2022-05-26 12:03:37 ERROR    Failure: http://localhost:1800/subscribe?product=unlimited -> Failed to load resource: net::ERR_NAME_RESOLUTION_FAILED
2022-05-26 12:03:37 ERROR    Failure: http://localhost:1800/subscribe?product=unlimited -> net::ERR_NAME_RESOLUTION_FAILED
2022-05-26 12:03:37 ERROR    Failure: http://localhost:1800/subscribe?product=unlimited -> Failed to load resource: net::ERR_NAME_RESOLUTION_FAILED
2022-05-26 12:03:37 ERROR    Failure: http://localhost:1800/subscribe?product=unlimited -> Failed to load resource: the server responded with a status of 401 (Unauthorized)
2022-05-26 12:03:37 ERROR    Failure: http://localhost:1800/subscribe?product=unlimited -> net::ERR_NAME_RESOLUTION_FAILED
2022-05-26 12:03:37 ERROR    Failure: http://localhost:1800/subscribe?product=unlimited -> Failed to load resource: net::ERR_NAME_RESOLUTION_FAILED
2022-05-26 12:03:38 ERROR    Failure: http://localhost:1800/subscribe?product=unlimited -> status code(401) -> Not logged in
2022-05-26 12:03:55 WARNING  Finished
2022-05-26 12:03:56 WARNING  (Failure Count, Coverage Percentage) : (29, 54.03832989101301)
2022-05-26 12:03:56 ERROR    http://localhost:1800/ -> Refused to apply style from 'https://www.websitepolicies.com/?utm_medium=redirect&utm_campaign=redirect&utm_source=wpcc.io' because its MIME type ('text/html') is not a supported stylesheet MIME type, and strict MIME checking is enabled.
2022-05-26 12:03:56 ERROR    http://localhost:1800/ -> net::ERR_ABORTED
2022-05-26 12:03:56 ERROR    http://localhost:1800/ -> Refused to execute script from 'https://www.websitepolicies.com/?utm_medium=redirect&utm_campaign=redirect&utm_source=wpcc.io' because its MIME type ('text/html') is not executable, and strict MIME type checking is enabled.
2022-05-26 12:03:56 ERROR    http://localhost:1800/ -> Failed to load resource: the server responded with a status of 401 (Unauthorized)
2022-05-26 12:03:56 ERROR    http://localhost:1800/ -> status code(401) -> Not logged in
2022-05-26 12:03:56 ERROR    http://localhost:1800/subscribe?product=self-hosted -> Refused to apply style from 'https://www.websitepolicies.com/?utm_medium=redirect&utm_campaign=redirect&utm_source=wpcc.io' because its MIME type ('text/html') is not a supported stylesheet MIME type, and strict MIME checking is enabled.
2022-05-26 12:03:56 ERROR    http://localhost:1800/subscribe?product=self-hosted -> net::ERR_ABORTED
2022-05-26 12:03:56 ERROR    http://localhost:1800/login -> Refused to apply style from 'https://www.websitepolicies.com/?utm_medium=redirect&utm_campaign=redirect&utm_source=wpcc.io' because its MIME type ('text/html') is not a supported stylesheet MIME type, and strict MIME checking is enabled.
2022-05-26 12:03:56 ERROR    http://localhost:1800/login -> net::ERR_ABORTED
2022-05-26 12:03:56 ERROR    http://localhost:1800/subscribe?product=team -> Refused to apply style from 'https://www.websitepolicies.com/?utm_medium=redirect&utm_campaign=redirect&utm_source=wpcc.io' because its MIME type ('text/html') is not a supported stylesheet MIME type, and strict MIME checking is enabled.
2022-05-26 12:03:56 ERROR    http://localhost:1800/subscribe?product=team -> net::ERR_ABORTED
2022-05-26 12:03:56 ERROR    http://localhost:1800/subscribe?product=unlimited -> Refused to apply style from 'https://www.websitepolicies.com/?utm_medium=redirect&utm_campaign=redirect&utm_source=wpcc.io' because its MIME type ('text/html') is not a supported stylesheet MIME type, and strict MIME checking is enabled.
2022-05-26 12:03:56 ERROR    http://localhost:1800/subscribe?product=unlimited -> net::ERR_ABORTED
2022-05-26 12:03:56 ERROR    http://localhost:1800/admin -> Failed to load resource: the server responded with a status of 403 (Forbidden)
2022-05-26 12:03:56 ERROR    http://localhost:1800/admin -> status code(403) -> You are not allowed to do this
2022-05-26 12:03:56 ERROR    http://localhost:1800/ -> net::ERR_NAME_RESOLUTION_FAILED
2022-05-26 12:03:56 ERROR    http://localhost:1800/ -> Failed to load resource: net::ERR_NAME_RESOLUTION_FAILED
2022-05-26 12:03:56 ERROR    http://localhost:1800/subscribe?product=self-hosted -> net::ERR_NAME_RESOLUTION_FAILED
2022-05-26 12:03:56 ERROR    http://localhost:1800/subscribe?product=self-hosted -> Failed to load resource: net::ERR_NAME_RESOLUTION_FAILED
2022-05-26 12:03:56 ERROR    http://localhost:1800/subscribe?product=self-hosted -> Failed to load resource: the server responded with a status of 401 (Unauthorized)
2022-05-26 12:03:56 ERROR    http://localhost:1800/subscribe?product=self-hosted -> status code(401) -> Not logged in
2022-05-26 12:03:56 ERROR    http://localhost:1800/login -> net::ERR_NAME_RESOLUTION_FAILED
2022-05-26 12:03:56 ERROR    http://localhost:1800/login -> Failed to load resource: net::ERR_NAME_RESOLUTION_FAILED
2022-05-26 12:03:56 ERROR    http://localhost:1800/login -> Failed to load resource: the server responded with a status of 401 (Unauthorized)
2022-05-26 12:03:56 ERROR    http://localhost:1800/login -> status code(401) -> Not logged in
2022-05-26 12:03:56 ERROR    http://localhost:1800/subscribe?product=unlimited -> net::ERR_NAME_RESOLUTION_FAILED
2022-05-26 12:03:56 ERROR    http://localhost:1800/subscribe?product=unlimited -> Failed to load resource: net::ERR_NAME_RESOLUTION_FAILED
2022-05-26 12:03:56 ERROR    http://localhost:1800/subscribe?product=unlimited -> Failed to load resource: the server responded with a status of 401 (Unauthorized)
2022-05-26 12:03:56 ERROR    http://localhost:1800/subscribe?product=unlimited -> status code(401) -> Not logged in
