2022-05-25 11:04:58 WARNING  Starting
2022-05-25 11:05:07 ERROR    Failure: http://localhost:4200/ -> net::ERR_CONNECTION_REFUSED
2022-05-25 11:05:07 ERROR    Failure: http://localhost:4200/ -> Failed to load resource: net::ERR_CONNECTION_REFUSED
2022-05-25 11:05:14 ERROR    Failure: http://localhost:4200/ -> status code(400) -> 
2022-05-25 11:05:14 ERROR    Failure: http://localhost:4200/ -> Access to XMLHttpRequest at 'https://geoip.nekudo.com/api' from origin 'http://localhost:4200' has been blocked by CORS policy: No 'Access-Control-Allow-Origin' header is present on the requested resource.
2022-05-25 11:05:14 ERROR    Failure: http://localhost:4200/ -> JSHandle@object
2022-05-25 11:05:15 ERROR    Failure: http://localhost:4200/new -> net::ERR_ABORTED
2022-05-25 11:05:16 ERROR    Failure: http://localhost:4200/ -> net::ERR_CONNECTION_REFUSED
2022-05-25 11:05:16 ERROR    Failure: http://localhost:4200/ -> Failed to load resource: net::ERR_CONNECTION_REFUSED
2022-05-25 11:05:22 ERROR    Failure: http://localhost:4200/ -> net::ERR_CONNECTION_REFUSED
2022-05-25 11:05:22 ERROR    Failure: http://localhost:4200/ -> Failed to load resource: net::ERR_CONNECTION_REFUSED
2022-05-25 11:05:24 ERROR    Failure: http://localhost:4200/ -> status code(400) -> 
2022-05-25 11:05:25 ERROR    Failure: http://localhost:4200/ -> Access to XMLHttpRequest at 'https://geoip.nekudo.com/api' from origin 'http://localhost:4200' has been blocked by CORS policy: No 'Access-Control-Allow-Origin' header is present on the requested resource.
2022-05-25 11:05:25 ERROR    Failure: http://localhost:4200/ -> JSHandle@object
2022-05-25 11:05:25 ERROR    Failure: http://localhost:4200/new -> net::ERR_ABORTED
2022-05-25 11:05:30 ERROR    Failure: http://localhost:4200/ -> net::ERR_CONNECTION_REFUSED
2022-05-25 11:05:30 ERROR    Failure: http://localhost:4200/ -> Failed to load resource: net::ERR_CONNECTION_REFUSED
2022-05-25 11:05:32 ERROR    Failure: http://localhost:4200/ -> status code(400) -> 
2022-05-25 11:05:32 ERROR    Failure: http://localhost:4200/ -> Access to XMLHttpRequest at 'https://geoip.nekudo.com/api' from origin 'http://localhost:4200' has been blocked by CORS policy: No 'Access-Control-Allow-Origin' header is present on the requested resource.
2022-05-25 11:05:32 ERROR    Failure: http://localhost:4200/ -> JSHandle@object
2022-05-25 11:05:32 ERROR    Failure: http://localhost:4200/new -> net::ERR_ABORTED
2022-05-25 11:05:33 ERROR    Failure: http://localhost:4200/ -> net::ERR_CONNECTION_REFUSED
2022-05-25 11:05:33 ERROR    Failure: http://localhost:4200/ -> Failed to load resource: net::ERR_CONNECTION_REFUSED
2022-05-25 11:05:36 ERROR    Failure: http://localhost:4200/ -> status code(400) -> 
2022-05-25 11:05:36 ERROR    Failure: http://localhost:4200/ -> Access to XMLHttpRequest at 'https://geoip.nekudo.com/api' from origin 'http://localhost:4200' has been blocked by CORS policy: No 'Access-Control-Allow-Origin' header is present on the requested resource.
2022-05-25 11:05:36 ERROR    Failure: http://localhost:4200/ -> JSHandle@object
2022-05-25 11:05:36 ERROR    Failure: http://localhost:4200/new -> net::ERR_ABORTED
2022-05-25 11:05:39 ERROR    Failure: http://localhost:4200/ -> net::ERR_CONNECTION_REFUSED
2022-05-25 11:05:39 ERROR    Failure: http://localhost:4200/ -> Failed to load resource: net::ERR_CONNECTION_REFUSED
2022-05-25 11:05:41 ERROR    Failure: http://localhost:4200/ -> status code(400) -> 
2022-05-25 11:05:41 ERROR    Failure: http://localhost:4200/ -> Access to XMLHttpRequest at 'https://geoip.nekudo.com/api' from origin 'http://localhost:4200' has been blocked by CORS policy: No 'Access-Control-Allow-Origin' header is present on the requested resource.
2022-05-25 11:05:42 ERROR    Failure: http://localhost:4200/ -> JSHandle@object
2022-05-25 11:05:42 ERROR    Failure: http://localhost:4200/new -> net::ERR_ABORTED
2022-05-25 11:05:42 ERROR    Failure: http://localhost:4200/new -> JSHandle@error
2022-05-25 11:05:42 ERROR    Failure: http://localhost:4200/new -> Error: FIREBASE FATAL ERROR: Cannot parse Firebase url. Please use https://<YOUR FIREBASE>.firebaseio.com 	    at Vb (http://localhost:4200/assets/vendor.js:85597:278)	    at Wb (http://localhost:4200/assets/vendor.js:85599:21)	    at firebase.INTERNAL.registerService.Reference (http://localhost:4200/assets/vendor.js:85805:235)	    at Object.a.(anonymous function) [as database] (http://localhost:4200/assets/vendor.js:84825:4066)	    at e.value (http://localhost:4200/assets/vendor.js:84825:6484)	    at Object.create (http://localhost:4200/assets/vendor.js:124663:18)	    at instantiate (http://localhost:4200/assets/vendor.js:21220:23)	    at lookup (http://localhost:4200/assets/vendor.js:21045:17)	    at Container.lookup (http://localhost:4200/assets/vendor.js:20964:14)	    at Class.lookup (http://localhost:4200/assets/vendor.js:52226:33)
2022-05-25 11:05:42 ERROR    Failure: http://localhost:4200/new -> JSHandle@error
2022-05-25 11:05:42 ERROR    Failure: http://localhost:4200/new -> Error: FIREBASE FATAL ERROR: Cannot parse Firebase url. Please use https://<YOUR FIREBASE>.firebaseio.com 	    at Vb (http://localhost:4200/assets/vendor.js:85597:278)	    at Wb (http://localhost:4200/assets/vendor.js:85599:21)	    at firebase.INTERNAL.registerService.Reference (http://localhost:4200/assets/vendor.js:85805:235)	    at Object.a.(anonymous function) [as database] (http://localhost:4200/assets/vendor.js:84825:4066)	    at e.value (http://localhost:4200/assets/vendor.js:84825:6484)	    at Object.create (http://localhost:4200/assets/vendor.js:124663:18)	    at instantiate (http://localhost:4200/assets/vendor.js:21220:23)	    at lookup (http://localhost:4200/assets/vendor.js:21045:17)	    at Container.lookup (http://localhost:4200/assets/vendor.js:20964:14)	    at Class.lookup (http://localhost:4200/assets/vendor.js:52226:33)
2022-05-25 11:05:46 ERROR    Failure: http://localhost:4200/ -> net::ERR_CONNECTION_REFUSED
2022-05-25 11:05:46 ERROR    Failure: http://localhost:4200/ -> Failed to load resource: net::ERR_CONNECTION_REFUSED
2022-05-25 11:05:47 ERROR    Failure: http://localhost:4200/ -> JSHandle@error
2022-05-25 11:05:47 ERROR    Failure: http://localhost:4200/ -> Error: FIREBASE FATAL ERROR: Cannot parse Firebase url. Please use https://<YOUR FIREBASE>.firebaseio.com 	    at Vb (http://localhost:4200/assets/vendor.js:85597:278)	    at Wb (http://localhost:4200/assets/vendor.js:85599:21)	    at firebase.INTERNAL.registerService.Reference (http://localhost:4200/assets/vendor.js:85805:235)	    at Object.a.(anonymous function) [as database] (http://localhost:4200/assets/vendor.js:84825:4066)	    at e.value (http://localhost:4200/assets/vendor.js:84825:6484)	    at Object.create (http://localhost:4200/assets/vendor.js:124663:18)	    at instantiate (http://localhost:4200/assets/vendor.js:21220:23)	    at lookup (http://localhost:4200/assets/vendor.js:21045:17)	    at Container.lookup (http://localhost:4200/assets/vendor.js:20964:14)	    at Class.lookup (http://localhost:4200/assets/vendor.js:52226:33)
2022-05-25 11:05:50 ERROR    Failure: http://localhost:4200/ -> net::ERR_CONNECTION_REFUSED
2022-05-25 11:05:50 ERROR    Failure: http://localhost:4200/ -> Failed to load resource: net::ERR_CONNECTION_REFUSED
2022-05-25 11:05:51 ERROR    Failure: http://localhost:4200/ -> JSHandle@error
2022-05-25 11:05:51 ERROR    Failure: http://localhost:4200/ -> Error: FIREBASE FATAL ERROR: Cannot parse Firebase url. Please use https://<YOUR FIREBASE>.firebaseio.com 	    at Vb (http://localhost:4200/assets/vendor.js:85597:278)	    at Wb (http://localhost:4200/assets/vendor.js:85599:21)	    at firebase.INTERNAL.registerService.Reference (http://localhost:4200/assets/vendor.js:85805:235)	    at Object.a.(anonymous function) [as database] (http://localhost:4200/assets/vendor.js:84825:4066)	    at e.value (http://localhost:4200/assets/vendor.js:84825:6484)	    at Object.create (http://localhost:4200/assets/vendor.js:124663:18)	    at instantiate (http://localhost:4200/assets/vendor.js:21220:23)	    at lookup (http://localhost:4200/assets/vendor.js:21045:17)	    at Container.lookup (http://localhost:4200/assets/vendor.js:20964:14)	    at Class.lookup (http://localhost:4200/assets/vendor.js:52226:33)
2022-05-25 11:05:53 ERROR    Failure: http://localhost:4200/ -> net::ERR_CONNECTION_REFUSED
2022-05-25 11:05:53 ERROR    Failure: http://localhost:4200/ -> Failed to load resource: net::ERR_CONNECTION_REFUSED
2022-05-25 11:05:54 ERROR    Failure: http://localhost:4200/ -> JSHandle@error
2022-05-25 11:05:54 ERROR    Failure: http://localhost:4200/ -> Error: FIREBASE FATAL ERROR: Cannot parse Firebase url. Please use https://<YOUR FIREBASE>.firebaseio.com 	    at Vb (http://localhost:4200/assets/vendor.js:85597:278)	    at Wb (http://localhost:4200/assets/vendor.js:85599:21)	    at firebase.INTERNAL.registerService.Reference (http://localhost:4200/assets/vendor.js:85805:235)	    at Object.a.(anonymous function) [as database] (http://localhost:4200/assets/vendor.js:84825:4066)	    at e.value (http://localhost:4200/assets/vendor.js:84825:6484)	    at Object.create (http://localhost:4200/assets/vendor.js:124663:18)	    at instantiate (http://localhost:4200/assets/vendor.js:21220:23)	    at lookup (http://localhost:4200/assets/vendor.js:21045:17)	    at Container.lookup (http://localhost:4200/assets/vendor.js:20964:14)	    at Class.lookup (http://localhost:4200/assets/vendor.js:52226:33)
2022-05-25 11:06:01 ERROR    Failure: http://localhost:4200/ -> status code(400) -> 
2022-05-25 11:06:01 ERROR    Failure: http://localhost:4200/ -> Access to XMLHttpRequest at 'https://geoip.nekudo.com/api' from origin 'http://localhost:4200' has been blocked by CORS policy: No 'Access-Control-Allow-Origin' header is present on the requested resource.
2022-05-25 11:06:01 ERROR    Failure: http://localhost:4200/ -> JSHandle@object
2022-05-25 11:06:01 ERROR    Failure: http://localhost:4200/new -> net::ERR_ABORTED
2022-05-25 11:06:02 ERROR    Failure: http://localhost:4200/ -> net::ERR_CONNECTION_REFUSED
2022-05-25 11:06:02 ERROR    Failure: http://localhost:4200/ -> Failed to load resource: net::ERR_CONNECTION_REFUSED
2022-05-25 11:06:02 ERROR    Failure: http://localhost:4200/ -> JSHandle@error
2022-05-25 11:06:02 ERROR    Failure: http://localhost:4200/ -> Error: FIREBASE FATAL ERROR: Cannot parse Firebase url. Please use https://<YOUR FIREBASE>.firebaseio.com 	    at Vb (http://localhost:4200/assets/vendor.js:85597:278)	    at Wb (http://localhost:4200/assets/vendor.js:85599:21)	    at firebase.INTERNAL.registerService.Reference (http://localhost:4200/assets/vendor.js:85805:235)	    at Object.a.(anonymous function) [as database] (http://localhost:4200/assets/vendor.js:84825:4066)	    at e.value (http://localhost:4200/assets/vendor.js:84825:6484)	    at Object.create (http://localhost:4200/assets/vendor.js:124663:18)	    at instantiate (http://localhost:4200/assets/vendor.js:21220:23)	    at lookup (http://localhost:4200/assets/vendor.js:21045:17)	    at Container.lookup (http://localhost:4200/assets/vendor.js:20964:14)	    at Class.lookup (http://localhost:4200/assets/vendor.js:52226:33)
2022-05-25 11:06:03 ERROR    Failure: http://localhost:4200/ -> status code(400) -> 
2022-05-25 11:06:03 ERROR    Failure: http://localhost:4200/ -> Access to XMLHttpRequest at 'https://geoip.nekudo.com/api' from origin 'http://localhost:4200' has been blocked by CORS policy: No 'Access-Control-Allow-Origin' header is present on the requested resource.
2022-05-25 11:06:03 ERROR    Failure: http://localhost:4200/ -> JSHandle@object
2022-05-25 11:06:03 ERROR    Failure: http://localhost:4200/new -> net::ERR_ABORTED
2022-05-25 11:06:05 ERROR    Failure: http://localhost:4200/ -> net::ERR_CONNECTION_REFUSED
2022-05-25 11:06:05 ERROR    Failure: http://localhost:4200/ -> Failed to load resource: net::ERR_CONNECTION_REFUSED
2022-05-25 11:06:06 ERROR    Failure: http://localhost:4200/ -> JSHandle@error
2022-05-25 11:06:06 ERROR    Failure: http://localhost:4200/ -> Error: FIREBASE FATAL ERROR: Cannot parse Firebase url. Please use https://<YOUR FIREBASE>.firebaseio.com 	    at Vb (http://localhost:4200/assets/vendor.js:85597:278)	    at Wb (http://localhost:4200/assets/vendor.js:85599:21)	    at firebase.INTERNAL.registerService.Reference (http://localhost:4200/assets/vendor.js:85805:235)	    at Object.a.(anonymous function) [as database] (http://localhost:4200/assets/vendor.js:84825:4066)	    at e.value (http://localhost:4200/assets/vendor.js:84825:6484)	    at Object.create (http://localhost:4200/assets/vendor.js:124663:18)	    at instantiate (http://localhost:4200/assets/vendor.js:21220:23)	    at lookup (http://localhost:4200/assets/vendor.js:21045:17)	    at Container.lookup (http://localhost:4200/assets/vendor.js:20964:14)	    at Class.lookup (http://localhost:4200/assets/vendor.js:52226:33)
2022-05-25 11:06:07 ERROR    Failure: http://localhost:4200/ -> status code(400) -> 
2022-05-25 11:06:07 ERROR    Failure: http://localhost:4200/ -> Access to XMLHttpRequest at 'https://geoip.nekudo.com/api' from origin 'http://localhost:4200' has been blocked by CORS policy: No 'Access-Control-Allow-Origin' header is present on the requested resource.
2022-05-25 11:06:07 ERROR    Failure: http://localhost:4200/ -> JSHandle@object
2022-05-25 11:06:07 ERROR    Failure: http://localhost:4200/new -> net::ERR_ABORTED
2022-05-25 11:06:09 ERROR    Failure: http://localhost:4200/new -> JSHandle@error
2022-05-25 11:06:09 ERROR    Failure: http://localhost:4200/new -> Error: FIREBASE FATAL ERROR: Cannot parse Firebase url. Please use https://<YOUR FIREBASE>.firebaseio.com 	    at Vb (http://localhost:4200/assets/vendor.js:85597:278)	    at Wb (http://localhost:4200/assets/vendor.js:85599:21)	    at firebase.INTERNAL.registerService.Reference (http://localhost:4200/assets/vendor.js:85805:235)	    at Object.a.(anonymous function) [as database] (http://localhost:4200/assets/vendor.js:84825:4066)	    at e.value (http://localhost:4200/assets/vendor.js:84825:6484)	    at Object.create (http://localhost:4200/assets/vendor.js:124663:18)	    at instantiate (http://localhost:4200/assets/vendor.js:21220:23)	    at lookup (http://localhost:4200/assets/vendor.js:21045:17)	    at Container.lookup (http://localhost:4200/assets/vendor.js:20964:14)	    at Class.lookup (http://localhost:4200/assets/vendor.js:52226:33)
2022-05-25 11:06:09 ERROR    Failure: http://localhost:4200/new -> JSHandle@error
2022-05-25 11:06:09 ERROR    Failure: http://localhost:4200/new -> Error: FIREBASE FATAL ERROR: Cannot parse Firebase url. Please use https://<YOUR FIREBASE>.firebaseio.com 	    at Vb (http://localhost:4200/assets/vendor.js:85597:278)	    at Wb (http://localhost:4200/assets/vendor.js:85599:21)	    at firebase.INTERNAL.registerService.Reference (http://localhost:4200/assets/vendor.js:85805:235)	    at Object.a.(anonymous function) [as database] (http://localhost:4200/assets/vendor.js:84825:4066)	    at e.value (http://localhost:4200/assets/vendor.js:84825:6484)	    at Object.create (http://localhost:4200/assets/vendor.js:124663:18)	    at instantiate (http://localhost:4200/assets/vendor.js:21220:23)	    at lookup (http://localhost:4200/assets/vendor.js:21045:17)	    at Container.lookup (http://localhost:4200/assets/vendor.js:20964:14)	    at Class.lookup (http://localhost:4200/assets/vendor.js:52226:33)
2022-05-25 11:06:11 ERROR    Failure: http://localhost:4200/ -> net::ERR_CONNECTION_REFUSED
2022-05-25 11:06:11 ERROR    Failure: http://localhost:4200/ -> Failed to load resource: net::ERR_CONNECTION_REFUSED
2022-05-25 11:06:12 ERROR    Failure: http://localhost:4200/ -> JSHandle@error
2022-05-25 11:06:12 ERROR    Failure: http://localhost:4200/ -> Error: FIREBASE FATAL ERROR: Cannot parse Firebase url. Please use https://<YOUR FIREBASE>.firebaseio.com 	    at Vb (http://localhost:4200/assets/vendor.js:85597:278)	    at Wb (http://localhost:4200/assets/vendor.js:85599:21)	    at firebase.INTERNAL.registerService.Reference (http://localhost:4200/assets/vendor.js:85805:235)	    at Object.a.(anonymous function) [as database] (http://localhost:4200/assets/vendor.js:84825:4066)	    at e.value (http://localhost:4200/assets/vendor.js:84825:6484)	    at Object.create (http://localhost:4200/assets/vendor.js:124663:18)	    at instantiate (http://localhost:4200/assets/vendor.js:21220:23)	    at lookup (http://localhost:4200/assets/vendor.js:21045:17)	    at Container.lookup (http://localhost:4200/assets/vendor.js:20964:14)	    at Class.lookup (http://localhost:4200/assets/vendor.js:52226:33)
2022-05-25 11:06:18 ERROR    Failure: http://localhost:4200/ -> net::ERR_CONNECTION_REFUSED
2022-05-25 11:06:18 ERROR    Failure: http://localhost:4200/ -> Failed to load resource: net::ERR_CONNECTION_REFUSED
2022-05-25 11:06:19 ERROR    Failure: http://localhost:4200/ -> JSHandle@error
2022-05-25 11:06:19 ERROR    Failure: http://localhost:4200/ -> Error: FIREBASE FATAL ERROR: Cannot parse Firebase url. Please use https://<YOUR FIREBASE>.firebaseio.com 	    at Vb (http://localhost:4200/assets/vendor.js:85597:278)	    at Wb (http://localhost:4200/assets/vendor.js:85599:21)	    at firebase.INTERNAL.registerService.Reference (http://localhost:4200/assets/vendor.js:85805:235)	    at Object.a.(anonymous function) [as database] (http://localhost:4200/assets/vendor.js:84825:4066)	    at e.value (http://localhost:4200/assets/vendor.js:84825:6484)	    at Object.create (http://localhost:4200/assets/vendor.js:124663:18)	    at instantiate (http://localhost:4200/assets/vendor.js:21220:23)	    at lookup (http://localhost:4200/assets/vendor.js:21045:17)	    at Container.lookup (http://localhost:4200/assets/vendor.js:20964:14)	    at Class.lookup (http://localhost:4200/assets/vendor.js:52226:33)
2022-05-25 11:06:25 ERROR    Failure: http://localhost:4200/ -> net::ERR_ABORTED
2022-05-25 11:06:25 ERROR    Failure: http://localhost:4200/ -> net::ERR_ABORTED
2022-05-25 11:06:25 ERROR    Failure: http://localhost:4200/ -> net::ERR_ABORTED
2022-05-25 11:06:25 ERROR    Failure: http://localhost:4200/ -> net::ERR_ABORTED
2022-05-25 11:06:25 ERROR    Failure: http://localhost:4200/ -> net::ERR_ABORTED
2022-05-25 11:06:25 ERROR    Failure: http://localhost:4200/ -> net::ERR_ABORTED
2022-05-25 11:06:25 ERROR    Failure: http://localhost:4200/ -> net::ERR_ABORTED
2022-05-25 11:06:25 ERROR    Failure: http://localhost:4200/-N2tau_R-AuPGM1v4_n9 -> net::ERR_CONNECTION_REFUSED
2022-05-25 11:06:25 ERROR    Failure: http://localhost:4200/-N2tau_R-AuPGM1v4_n9 -> Failed to load resource: net::ERR_CONNECTION_REFUSED
2022-05-25 11:06:26 ERROR    Failure: http://localhost:4200/-N2tau_R-AuPGM1v4_n9 -> JSHandle@error
2022-05-25 11:06:26 ERROR    Failure: http://localhost:4200/-N2tau_R-AuPGM1v4_n9 -> Error: FIREBASE FATAL ERROR: Cannot parse Firebase url. Please use https://<YOUR FIREBASE>.firebaseio.com 	    at Vb (http://localhost:4200/assets/vendor.js:85597:278)	    at Wb (http://localhost:4200/assets/vendor.js:85599:21)	    at firebase.INTERNAL.registerService.Reference (http://localhost:4200/assets/vendor.js:85805:235)	    at Object.a.(anonymous function) [as database] (http://localhost:4200/assets/vendor.js:84825:4066)	    at e.value (http://localhost:4200/assets/vendor.js:84825:6484)	    at Object.create (http://localhost:4200/assets/vendor.js:124663:18)	    at instantiate (http://localhost:4200/assets/vendor.js:21220:23)	    at lookup (http://localhost:4200/assets/vendor.js:21045:17)	    at Container.lookup (http://localhost:4200/assets/vendor.js:20964:14)	    at Class.lookup (http://localhost:4200/assets/vendor.js:52226:33)
2022-05-25 11:06:29 ERROR    Failure: http://localhost:4200/ -> net::ERR_ABORTED
2022-05-25 11:06:29 ERROR    Failure: http://localhost:4200/ -> net::ERR_ABORTED
2022-05-25 11:06:29 ERROR    Failure: http://localhost:4200/ -> net::ERR_ABORTED
2022-05-25 11:06:29 ERROR    Failure: http://localhost:4200/ -> net::ERR_ABORTED
2022-05-25 11:06:29 ERROR    Failure: http://localhost:4200/ -> net::ERR_ABORTED
2022-05-25 11:06:29 ERROR    Failure: http://localhost:4200/ -> net::ERR_ABORTED
2022-05-25 11:06:29 ERROR    Failure: http://localhost:4200/ -> net::ERR_ABORTED
2022-05-25 11:06:30 ERROR    Failure: http://localhost:4200/-N2tau_R-AuPGM1v4_n9 -> net::ERR_CONNECTION_REFUSED
2022-05-25 11:06:30 ERROR    Failure: http://localhost:4200/-N2tau_R-AuPGM1v4_n9 -> Failed to load resource: net::ERR_CONNECTION_REFUSED
2022-05-25 11:06:30 ERROR    Failure: http://localhost:4200/-N2tau_R-AuPGM1v4_n9 -> JSHandle@error
2022-05-25 11:06:30 ERROR    Failure: http://localhost:4200/-N2tau_R-AuPGM1v4_n9 -> Error: FIREBASE FATAL ERROR: Cannot parse Firebase url. Please use https://<YOUR FIREBASE>.firebaseio.com 	    at Vb (http://localhost:4200/assets/vendor.js:85597:278)	    at Wb (http://localhost:4200/assets/vendor.js:85599:21)	    at firebase.INTERNAL.registerService.Reference (http://localhost:4200/assets/vendor.js:85805:235)	    at Object.a.(anonymous function) [as database] (http://localhost:4200/assets/vendor.js:84825:4066)	    at e.value (http://localhost:4200/assets/vendor.js:84825:6484)	    at Object.create (http://localhost:4200/assets/vendor.js:124663:18)	    at instantiate (http://localhost:4200/assets/vendor.js:21220:23)	    at lookup (http://localhost:4200/assets/vendor.js:21045:17)	    at Container.lookup (http://localhost:4200/assets/vendor.js:20964:14)	    at Class.lookup (http://localhost:4200/assets/vendor.js:52226:33)
2022-05-25 11:06:32 ERROR    Failure: http://localhost:4200/ -> net::ERR_ABORTED
2022-05-25 11:06:32 ERROR    Failure: http://localhost:4200/ -> net::ERR_ABORTED
2022-05-25 11:06:32 ERROR    Failure: http://localhost:4200/ -> net::ERR_ABORTED
2022-05-25 11:06:32 ERROR    Failure: http://localhost:4200/ -> net::ERR_ABORTED
2022-05-25 11:06:32 ERROR    Failure: http://localhost:4200/ -> net::ERR_ABORTED
2022-05-25 11:06:32 ERROR    Failure: http://localhost:4200/ -> net::ERR_ABORTED
2022-05-25 11:06:32 ERROR    Failure: http://localhost:4200/ -> net::ERR_ABORTED
2022-05-25 11:06:32 ERROR    Failure: http://localhost:4200/-N2tau_R-AuPGM1v4_n9 -> net::ERR_CONNECTION_REFUSED
2022-05-25 11:06:32 ERROR    Failure: http://localhost:4200/-N2tau_R-AuPGM1v4_n9 -> Failed to load resource: net::ERR_CONNECTION_REFUSED
2022-05-25 11:06:33 ERROR    Failure: http://localhost:4200/-N2tau_R-AuPGM1v4_n9 -> JSHandle@error
2022-05-25 11:06:33 ERROR    Failure: http://localhost:4200/-N2tau_R-AuPGM1v4_n9 -> Error: FIREBASE FATAL ERROR: Cannot parse Firebase url. Please use https://<YOUR FIREBASE>.firebaseio.com 	    at Vb (http://localhost:4200/assets/vendor.js:85597:278)	    at Wb (http://localhost:4200/assets/vendor.js:85599:21)	    at firebase.INTERNAL.registerService.Reference (http://localhost:4200/assets/vendor.js:85805:235)	    at Object.a.(anonymous function) [as database] (http://localhost:4200/assets/vendor.js:84825:4066)	    at e.value (http://localhost:4200/assets/vendor.js:84825:6484)	    at Object.create (http://localhost:4200/assets/vendor.js:124663:18)	    at instantiate (http://localhost:4200/assets/vendor.js:21220:23)	    at lookup (http://localhost:4200/assets/vendor.js:21045:17)	    at Container.lookup (http://localhost:4200/assets/vendor.js:20964:14)	    at Class.lookup (http://localhost:4200/assets/vendor.js:52226:33)
2022-05-25 11:06:37 ERROR    Failure: http://localhost:4200/ -> net::ERR_ABORTED
2022-05-25 11:06:37 ERROR    Failure: http://localhost:4200/ -> net::ERR_ABORTED
2022-05-25 11:06:37 ERROR    Failure: http://localhost:4200/ -> net::ERR_ABORTED
2022-05-25 11:06:37 ERROR    Failure: http://localhost:4200/ -> net::ERR_ABORTED
2022-05-25 11:06:37 ERROR    Failure: http://localhost:4200/ -> net::ERR_ABORTED
2022-05-25 11:06:37 ERROR    Failure: http://localhost:4200/ -> net::ERR_ABORTED
2022-05-25 11:06:37 ERROR    Failure: http://localhost:4200/ -> net::ERR_ABORTED
2022-05-25 11:06:37 ERROR    Failure: http://localhost:4200/-N2tau_R-AuPGM1v4_n9 -> net::ERR_CONNECTION_REFUSED
2022-05-25 11:06:37 ERROR    Failure: http://localhost:4200/-N2tau_R-AuPGM1v4_n9 -> Failed to load resource: net::ERR_CONNECTION_REFUSED
2022-05-25 11:06:38 ERROR    Failure: http://localhost:4200/-N2tau_R-AuPGM1v4_n9 -> JSHandle@error
2022-05-25 11:06:38 ERROR    Failure: http://localhost:4200/-N2tau_R-AuPGM1v4_n9 -> Error: FIREBASE FATAL ERROR: Cannot parse Firebase url. Please use https://<YOUR FIREBASE>.firebaseio.com 	    at Vb (http://localhost:4200/assets/vendor.js:85597:278)	    at Wb (http://localhost:4200/assets/vendor.js:85599:21)	    at firebase.INTERNAL.registerService.Reference (http://localhost:4200/assets/vendor.js:85805:235)	    at Object.a.(anonymous function) [as database] (http://localhost:4200/assets/vendor.js:84825:4066)	    at e.value (http://localhost:4200/assets/vendor.js:84825:6484)	    at Object.create (http://localhost:4200/assets/vendor.js:124663:18)	    at instantiate (http://localhost:4200/assets/vendor.js:21220:23)	    at lookup (http://localhost:4200/assets/vendor.js:21045:17)	    at Container.lookup (http://localhost:4200/assets/vendor.js:20964:14)	    at Class.lookup (http://localhost:4200/assets/vendor.js:52226:33)
2022-05-25 11:06:39 ERROR    Failure: http://localhost:4200/ -> net::ERR_ABORTED
2022-05-25 11:06:39 ERROR    Failure: http://localhost:4200/ -> net::ERR_ABORTED
2022-05-25 11:06:39 ERROR    Failure: http://localhost:4200/ -> net::ERR_ABORTED
2022-05-25 11:06:39 ERROR    Failure: http://localhost:4200/ -> net::ERR_ABORTED
2022-05-25 11:06:39 ERROR    Failure: http://localhost:4200/ -> net::ERR_ABORTED
2022-05-25 11:06:39 ERROR    Failure: http://localhost:4200/ -> net::ERR_ABORTED
2022-05-25 11:06:39 ERROR    Failure: http://localhost:4200/ -> net::ERR_ABORTED
2022-05-25 11:06:39 ERROR    Failure: http://localhost:4200/-N2tau_R-AuPGM1v4_n9 -> net::ERR_CONNECTION_REFUSED
2022-05-25 11:06:39 ERROR    Failure: http://localhost:4200/-N2tau_R-AuPGM1v4_n9 -> Failed to load resource: net::ERR_CONNECTION_REFUSED
2022-05-25 11:06:40 ERROR    Failure: http://localhost:4200/-N2tau_R-AuPGM1v4_n9 -> JSHandle@error
2022-05-25 11:06:40 ERROR    Failure: http://localhost:4200/-N2tau_R-AuPGM1v4_n9 -> Error: FIREBASE FATAL ERROR: Cannot parse Firebase url. Please use https://<YOUR FIREBASE>.firebaseio.com 	    at Vb (http://localhost:4200/assets/vendor.js:85597:278)	    at Wb (http://localhost:4200/assets/vendor.js:85599:21)	    at firebase.INTERNAL.registerService.Reference (http://localhost:4200/assets/vendor.js:85805:235)	    at Object.a.(anonymous function) [as database] (http://localhost:4200/assets/vendor.js:84825:4066)	    at e.value (http://localhost:4200/assets/vendor.js:84825:6484)	    at Object.create (http://localhost:4200/assets/vendor.js:124663:18)	    at instantiate (http://localhost:4200/assets/vendor.js:21220:23)	    at lookup (http://localhost:4200/assets/vendor.js:21045:17)	    at Container.lookup (http://localhost:4200/assets/vendor.js:20964:14)	    at Class.lookup (http://localhost:4200/assets/vendor.js:52226:33)
2022-05-25 11:06:44 ERROR    Failure: http://localhost:4200/ -> net::ERR_ABORTED
2022-05-25 11:06:44 ERROR    Failure: http://localhost:4200/ -> net::ERR_ABORTED
2022-05-25 11:06:44 ERROR    Failure: http://localhost:4200/ -> net::ERR_ABORTED
2022-05-25 11:06:44 ERROR    Failure: http://localhost:4200/ -> net::ERR_ABORTED
2022-05-25 11:06:44 ERROR    Failure: http://localhost:4200/ -> net::ERR_ABORTED
2022-05-25 11:06:44 ERROR    Failure: http://localhost:4200/ -> net::ERR_ABORTED
2022-05-25 11:06:44 ERROR    Failure: http://localhost:4200/ -> net::ERR_ABORTED
2022-05-25 11:06:44 ERROR    Failure: http://localhost:4200/-N2tau_R-AuPGM1v4_n9 -> net::ERR_CONNECTION_REFUSED
2022-05-25 11:06:44 ERROR    Failure: http://localhost:4200/-N2tau_R-AuPGM1v4_n9 -> Failed to load resource: net::ERR_CONNECTION_REFUSED
2022-05-25 11:06:45 ERROR    Failure: http://localhost:4200/-N2tau_R-AuPGM1v4_n9 -> JSHandle@error
2022-05-25 11:06:45 ERROR    Failure: http://localhost:4200/-N2tau_R-AuPGM1v4_n9 -> Error: FIREBASE FATAL ERROR: Cannot parse Firebase url. Please use https://<YOUR FIREBASE>.firebaseio.com 	    at Vb (http://localhost:4200/assets/vendor.js:85597:278)	    at Wb (http://localhost:4200/assets/vendor.js:85599:21)	    at firebase.INTERNAL.registerService.Reference (http://localhost:4200/assets/vendor.js:85805:235)	    at Object.a.(anonymous function) [as database] (http://localhost:4200/assets/vendor.js:84825:4066)	    at e.value (http://localhost:4200/assets/vendor.js:84825:6484)	    at Object.create (http://localhost:4200/assets/vendor.js:124663:18)	    at instantiate (http://localhost:4200/assets/vendor.js:21220:23)	    at lookup (http://localhost:4200/assets/vendor.js:21045:17)	    at Container.lookup (http://localhost:4200/assets/vendor.js:20964:14)	    at Class.lookup (http://localhost:4200/assets/vendor.js:52226:33)
2022-05-25 11:06:47 ERROR    Failure: http://localhost:4200/-N2tau_R-AuPGM1v4_n9 -> status code(400) -> 
2022-05-25 11:06:47 ERROR    Failure: http://localhost:4200/-N2tau_R-AuPGM1v4_n9 -> Access to XMLHttpRequest at 'https://geoip.nekudo.com/api' from origin 'http://localhost:4200' has been blocked by CORS policy: No 'Access-Control-Allow-Origin' header is present on the requested resource.
2022-05-25 11:06:47 ERROR    Failure: http://localhost:4200/-N2tau_R-AuPGM1v4_n9 -> JSHandle@object
2022-05-25 11:06:47 ERROR    Failure: http://localhost:4200/new -> net::ERR_ABORTED
2022-05-25 11:06:48 ERROR    Failure: http://localhost:4200/ -> net::ERR_ABORTED
2022-05-25 11:06:48 ERROR    Failure: http://localhost:4200/ -> net::ERR_ABORTED
2022-05-25 11:06:48 ERROR    Failure: http://localhost:4200/ -> net::ERR_ABORTED
2022-05-25 11:06:48 ERROR    Failure: http://localhost:4200/ -> net::ERR_ABORTED
2022-05-25 11:06:48 ERROR    Failure: http://localhost:4200/ -> net::ERR_ABORTED
2022-05-25 11:06:48 ERROR    Failure: http://localhost:4200/ -> net::ERR_ABORTED
2022-05-25 11:06:48 ERROR    Failure: http://localhost:4200/ -> net::ERR_ABORTED
2022-05-25 11:06:48 ERROR    Failure: http://localhost:4200/-N2tau_R-AuPGM1v4_n9 -> net::ERR_CONNECTION_REFUSED
2022-05-25 11:06:48 ERROR    Failure: http://localhost:4200/-N2tau_R-AuPGM1v4_n9 -> Failed to load resource: net::ERR_CONNECTION_REFUSED
2022-05-25 11:06:48 ERROR    Failure: http://localhost:4200/-N2tau_R-AuPGM1v4_n9 -> JSHandle@error
2022-05-25 11:06:48 ERROR    Failure: http://localhost:4200/-N2tau_R-AuPGM1v4_n9 -> Error: FIREBASE FATAL ERROR: Cannot parse Firebase url. Please use https://<YOUR FIREBASE>.firebaseio.com 	    at Vb (http://localhost:4200/assets/vendor.js:85597:278)	    at Wb (http://localhost:4200/assets/vendor.js:85599:21)	    at firebase.INTERNAL.registerService.Reference (http://localhost:4200/assets/vendor.js:85805:235)	    at Object.a.(anonymous function) [as database] (http://localhost:4200/assets/vendor.js:84825:4066)	    at e.value (http://localhost:4200/assets/vendor.js:84825:6484)	    at Object.create (http://localhost:4200/assets/vendor.js:124663:18)	    at instantiate (http://localhost:4200/assets/vendor.js:21220:23)	    at lookup (http://localhost:4200/assets/vendor.js:21045:17)	    at Container.lookup (http://localhost:4200/assets/vendor.js:20964:14)	    at Class.lookup (http://localhost:4200/assets/vendor.js:52226:33)
2022-05-25 11:06:49 ERROR    Failure: http://localhost:4200/-N2tau_R-AuPGM1v4_n9 -> status code(400) -> 
2022-05-25 11:06:49 ERROR    Failure: http://localhost:4200/-N2tau_R-AuPGM1v4_n9 -> Access to XMLHttpRequest at 'https://geoip.nekudo.com/api' from origin 'http://localhost:4200' has been blocked by CORS policy: No 'Access-Control-Allow-Origin' header is present on the requested resource.
2022-05-25 11:06:49 ERROR    Failure: http://localhost:4200/-N2tau_R-AuPGM1v4_n9 -> JSHandle@object
2022-05-25 11:06:50 ERROR    Failure: http://localhost:4200/new -> net::ERR_ABORTED
2022-05-25 11:06:54 ERROR    Failure: http://localhost:4200/ -> net::ERR_ABORTED
2022-05-25 11:06:54 ERROR    Failure: http://localhost:4200/ -> net::ERR_ABORTED
2022-05-25 11:06:54 ERROR    Failure: http://localhost:4200/ -> net::ERR_ABORTED
2022-05-25 11:06:54 ERROR    Failure: http://localhost:4200/ -> net::ERR_ABORTED
2022-05-25 11:06:54 ERROR    Failure: http://localhost:4200/ -> net::ERR_ABORTED
2022-05-25 11:06:54 ERROR    Failure: http://localhost:4200/ -> net::ERR_ABORTED
2022-05-25 11:06:54 ERROR    Failure: http://localhost:4200/ -> net::ERR_ABORTED
2022-05-25 11:06:54 ERROR    Failure: http://localhost:4200/-N2tau_R-AuPGM1v4_n9 -> net::ERR_CONNECTION_REFUSED
2022-05-25 11:06:54 ERROR    Failure: http://localhost:4200/-N2tau_R-AuPGM1v4_n9 -> Failed to load resource: net::ERR_CONNECTION_REFUSED
2022-05-25 11:06:55 ERROR    Failure: http://localhost:4200/-N2tau_R-AuPGM1v4_n9 -> JSHandle@error
2022-05-25 11:06:55 ERROR    Failure: http://localhost:4200/-N2tau_R-AuPGM1v4_n9 -> Error: FIREBASE FATAL ERROR: Cannot parse Firebase url. Please use https://<YOUR FIREBASE>.firebaseio.com 	    at Vb (http://localhost:4200/assets/vendor.js:85597:278)	    at Wb (http://localhost:4200/assets/vendor.js:85599:21)	    at firebase.INTERNAL.registerService.Reference (http://localhost:4200/assets/vendor.js:85805:235)	    at Object.a.(anonymous function) [as database] (http://localhost:4200/assets/vendor.js:84825:4066)	    at e.value (http://localhost:4200/assets/vendor.js:84825:6484)	    at Object.create (http://localhost:4200/assets/vendor.js:124663:18)	    at instantiate (http://localhost:4200/assets/vendor.js:21220:23)	    at lookup (http://localhost:4200/assets/vendor.js:21045:17)	    at Container.lookup (http://localhost:4200/assets/vendor.js:20964:14)	    at Class.lookup (http://localhost:4200/assets/vendor.js:52226:33)
2022-05-25 11:06:56 ERROR    Failure: http://localhost:4200/-N2tau_R-AuPGM1v4_n9 -> status code(400) -> 
2022-05-25 11:06:56 ERROR    Failure: http://localhost:4200/-N2tau_R-AuPGM1v4_n9 -> Access to XMLHttpRequest at 'https://geoip.nekudo.com/api' from origin 'http://localhost:4200' has been blocked by CORS policy: No 'Access-Control-Allow-Origin' header is present on the requested resource.
2022-05-25 11:06:56 ERROR    Failure: http://localhost:4200/-N2tau_R-AuPGM1v4_n9 -> JSHandle@object
2022-05-25 11:06:56 ERROR    Failure: http://localhost:4200/new -> net::ERR_ABORTED
2022-05-25 11:06:57 ERROR    Failure: http://localhost:4200/ -> net::ERR_ABORTED
2022-05-25 11:06:57 ERROR    Failure: http://localhost:4200/ -> net::ERR_ABORTED
2022-05-25 11:06:57 ERROR    Failure: http://localhost:4200/ -> net::ERR_ABORTED
2022-05-25 11:06:57 ERROR    Failure: http://localhost:4200/ -> net::ERR_ABORTED
2022-05-25 11:06:57 ERROR    Failure: http://localhost:4200/ -> net::ERR_ABORTED
2022-05-25 11:06:57 ERROR    Failure: http://localhost:4200/ -> net::ERR_ABORTED
2022-05-25 11:06:57 ERROR    Failure: http://localhost:4200/ -> net::ERR_ABORTED
2022-05-25 11:06:57 ERROR    Failure: http://localhost:4200/-N2tau_R-AuPGM1v4_n9 -> net::ERR_CONNECTION_REFUSED
2022-05-25 11:06:57 ERROR    Failure: http://localhost:4200/-N2tau_R-AuPGM1v4_n9 -> Failed to load resource: net::ERR_CONNECTION_REFUSED
2022-05-25 11:06:58 ERROR    Failure: http://localhost:4200/-N2tau_R-AuPGM1v4_n9 -> JSHandle@error
2022-05-25 11:06:58 ERROR    Failure: http://localhost:4200/-N2tau_R-AuPGM1v4_n9 -> Error: FIREBASE FATAL ERROR: Cannot parse Firebase url. Please use https://<YOUR FIREBASE>.firebaseio.com 	    at Vb (http://localhost:4200/assets/vendor.js:85597:278)	    at Wb (http://localhost:4200/assets/vendor.js:85599:21)	    at firebase.INTERNAL.registerService.Reference (http://localhost:4200/assets/vendor.js:85805:235)	    at Object.a.(anonymous function) [as database] (http://localhost:4200/assets/vendor.js:84825:4066)	    at e.value (http://localhost:4200/assets/vendor.js:84825:6484)	    at Object.create (http://localhost:4200/assets/vendor.js:124663:18)	    at instantiate (http://localhost:4200/assets/vendor.js:21220:23)	    at lookup (http://localhost:4200/assets/vendor.js:21045:17)	    at Container.lookup (http://localhost:4200/assets/vendor.js:20964:14)	    at Class.lookup (http://localhost:4200/assets/vendor.js:52226:33)
2022-05-25 11:06:59 ERROR    Failure: http://localhost:4200/-N2tau_R-AuPGM1v4_n9 -> status code(400) -> 
2022-05-25 11:06:59 ERROR    Failure: http://localhost:4200/-N2tau_R-AuPGM1v4_n9 -> Access to XMLHttpRequest at 'https://geoip.nekudo.com/api' from origin 'http://localhost:4200' has been blocked by CORS policy: No 'Access-Control-Allow-Origin' header is present on the requested resource.
2022-05-25 11:06:59 ERROR    Failure: http://localhost:4200/-N2tau_R-AuPGM1v4_n9 -> JSHandle@object
2022-05-25 11:06:59 ERROR    Failure: http://localhost:4200/new -> net::ERR_ABORTED
2022-05-25 11:07:01 ERROR    Failure: http://localhost:4200/ -> net::ERR_ABORTED
2022-05-25 11:07:01 ERROR    Failure: http://localhost:4200/ -> net::ERR_ABORTED
2022-05-25 11:07:01 ERROR    Failure: http://localhost:4200/ -> net::ERR_ABORTED
2022-05-25 11:07:01 ERROR    Failure: http://localhost:4200/ -> net::ERR_ABORTED
2022-05-25 11:07:01 ERROR    Failure: http://localhost:4200/ -> net::ERR_ABORTED
2022-05-25 11:07:01 ERROR    Failure: http://localhost:4200/ -> net::ERR_ABORTED
2022-05-25 11:07:01 ERROR    Failure: http://localhost:4200/ -> net::ERR_ABORTED
2022-05-25 11:07:01 ERROR    Failure: http://localhost:4200/-N2tau_R-AuPGM1v4_n9 -> net::ERR_CONNECTION_REFUSED
2022-05-25 11:07:01 ERROR    Failure: http://localhost:4200/-N2tau_R-AuPGM1v4_n9 -> Failed to load resource: net::ERR_CONNECTION_REFUSED
2022-05-25 11:07:01 ERROR    Failure: http://localhost:4200/-N2tau_R-AuPGM1v4_n9 -> JSHandle@error
2022-05-25 11:07:01 ERROR    Failure: http://localhost:4200/-N2tau_R-AuPGM1v4_n9 -> Error: FIREBASE FATAL ERROR: Cannot parse Firebase url. Please use https://<YOUR FIREBASE>.firebaseio.com 	    at Vb (http://localhost:4200/assets/vendor.js:85597:278)	    at Wb (http://localhost:4200/assets/vendor.js:85599:21)	    at firebase.INTERNAL.registerService.Reference (http://localhost:4200/assets/vendor.js:85805:235)	    at Object.a.(anonymous function) [as database] (http://localhost:4200/assets/vendor.js:84825:4066)	    at e.value (http://localhost:4200/assets/vendor.js:84825:6484)	    at Object.create (http://localhost:4200/assets/vendor.js:124663:18)	    at instantiate (http://localhost:4200/assets/vendor.js:21220:23)	    at lookup (http://localhost:4200/assets/vendor.js:21045:17)	    at Container.lookup (http://localhost:4200/assets/vendor.js:20964:14)	    at Class.lookup (http://localhost:4200/assets/vendor.js:52226:33)
2022-05-25 11:07:06 ERROR    Failure: http://localhost:4200/ -> net::ERR_ABORTED
2022-05-25 11:07:06 ERROR    Failure: http://localhost:4200/ -> net::ERR_ABORTED
2022-05-25 11:07:06 ERROR    Failure: http://localhost:4200/ -> net::ERR_ABORTED
2022-05-25 11:07:06 ERROR    Failure: http://localhost:4200/ -> net::ERR_ABORTED
2022-05-25 11:07:06 ERROR    Failure: http://localhost:4200/ -> net::ERR_ABORTED
2022-05-25 11:07:06 ERROR    Failure: http://localhost:4200/ -> net::ERR_ABORTED
2022-05-25 11:07:06 ERROR    Failure: http://localhost:4200/ -> net::ERR_ABORTED
2022-05-25 11:07:06 ERROR    Failure: http://localhost:4200/-N2tany8jv7w0c9Gf-ll -> net::ERR_CONNECTION_REFUSED
2022-05-25 11:07:06 ERROR    Failure: http://localhost:4200/-N2tany8jv7w0c9Gf-ll -> Failed to load resource: net::ERR_CONNECTION_REFUSED
2022-05-25 11:07:06 ERROR    Failure: http://localhost:4200/-N2tany8jv7w0c9Gf-ll -> JSHandle@error
2022-05-25 11:07:06 ERROR    Failure: http://localhost:4200/-N2tany8jv7w0c9Gf-ll -> Error: FIREBASE FATAL ERROR: Cannot parse Firebase url. Please use https://<YOUR FIREBASE>.firebaseio.com 	    at Vb (http://localhost:4200/assets/vendor.js:85597:278)	    at Wb (http://localhost:4200/assets/vendor.js:85599:21)	    at firebase.INTERNAL.registerService.Reference (http://localhost:4200/assets/vendor.js:85805:235)	    at Object.a.(anonymous function) [as database] (http://localhost:4200/assets/vendor.js:84825:4066)	    at e.value (http://localhost:4200/assets/vendor.js:84825:6484)	    at Object.create (http://localhost:4200/assets/vendor.js:124663:18)	    at instantiate (http://localhost:4200/assets/vendor.js:21220:23)	    at lookup (http://localhost:4200/assets/vendor.js:21045:17)	    at Container.lookup (http://localhost:4200/assets/vendor.js:20964:14)	    at Class.lookup (http://localhost:4200/assets/vendor.js:52226:33)
2022-05-25 11:07:09 ERROR    Failure: http://localhost:4200/ -> net::ERR_ABORTED
2022-05-25 11:07:09 ERROR    Failure: http://localhost:4200/ -> net::ERR_ABORTED
2022-05-25 11:07:09 ERROR    Failure: http://localhost:4200/ -> net::ERR_ABORTED
2022-05-25 11:07:09 ERROR    Failure: http://localhost:4200/ -> net::ERR_ABORTED
2022-05-25 11:07:09 ERROR    Failure: http://localhost:4200/ -> net::ERR_ABORTED
2022-05-25 11:07:09 ERROR    Failure: http://localhost:4200/ -> net::ERR_ABORTED
2022-05-25 11:07:09 ERROR    Failure: http://localhost:4200/ -> net::ERR_ABORTED
2022-05-25 11:07:09 ERROR    Failure: http://localhost:4200/-N2tany8jv7w0c9Gf-ll -> net::ERR_CONNECTION_REFUSED
2022-05-25 11:07:09 ERROR    Failure: http://localhost:4200/-N2tany8jv7w0c9Gf-ll -> Failed to load resource: net::ERR_CONNECTION_REFUSED
2022-05-25 11:07:10 ERROR    Failure: http://localhost:4200/-N2tany8jv7w0c9Gf-ll -> JSHandle@error
2022-05-25 11:07:10 ERROR    Failure: http://localhost:4200/-N2tany8jv7w0c9Gf-ll -> Error: FIREBASE FATAL ERROR: Cannot parse Firebase url. Please use https://<YOUR FIREBASE>.firebaseio.com 	    at Vb (http://localhost:4200/assets/vendor.js:85597:278)	    at Wb (http://localhost:4200/assets/vendor.js:85599:21)	    at firebase.INTERNAL.registerService.Reference (http://localhost:4200/assets/vendor.js:85805:235)	    at Object.a.(anonymous function) [as database] (http://localhost:4200/assets/vendor.js:84825:4066)	    at e.value (http://localhost:4200/assets/vendor.js:84825:6484)	    at Object.create (http://localhost:4200/assets/vendor.js:124663:18)	    at instantiate (http://localhost:4200/assets/vendor.js:21220:23)	    at lookup (http://localhost:4200/assets/vendor.js:21045:17)	    at Container.lookup (http://localhost:4200/assets/vendor.js:20964:14)	    at Class.lookup (http://localhost:4200/assets/vendor.js:52226:33)
2022-05-25 11:07:12 ERROR    Failure: http://localhost:4200/ -> net::ERR_ABORTED
2022-05-25 11:07:12 ERROR    Failure: http://localhost:4200/ -> net::ERR_ABORTED
2022-05-25 11:07:12 ERROR    Failure: http://localhost:4200/ -> net::ERR_ABORTED
2022-05-25 11:07:12 ERROR    Failure: http://localhost:4200/ -> net::ERR_ABORTED
2022-05-25 11:07:12 ERROR    Failure: http://localhost:4200/ -> net::ERR_ABORTED
2022-05-25 11:07:12 ERROR    Failure: http://localhost:4200/ -> net::ERR_ABORTED
2022-05-25 11:07:12 ERROR    Failure: http://localhost:4200/ -> net::ERR_ABORTED
2022-05-25 11:07:12 ERROR    Failure: http://localhost:4200/-N2tany8jv7w0c9Gf-ll -> net::ERR_CONNECTION_REFUSED
2022-05-25 11:07:12 ERROR    Failure: http://localhost:4200/-N2tany8jv7w0c9Gf-ll -> Failed to load resource: net::ERR_CONNECTION_REFUSED
2022-05-25 11:07:13 ERROR    Failure: http://localhost:4200/-N2tany8jv7w0c9Gf-ll -> JSHandle@error
2022-05-25 11:07:13 ERROR    Failure: http://localhost:4200/-N2tany8jv7w0c9Gf-ll -> Error: FIREBASE FATAL ERROR: Cannot parse Firebase url. Please use https://<YOUR FIREBASE>.firebaseio.com 	    at Vb (http://localhost:4200/assets/vendor.js:85597:278)	    at Wb (http://localhost:4200/assets/vendor.js:85599:21)	    at firebase.INTERNAL.registerService.Reference (http://localhost:4200/assets/vendor.js:85805:235)	    at Object.a.(anonymous function) [as database] (http://localhost:4200/assets/vendor.js:84825:4066)	    at e.value (http://localhost:4200/assets/vendor.js:84825:6484)	    at Object.create (http://localhost:4200/assets/vendor.js:124663:18)	    at instantiate (http://localhost:4200/assets/vendor.js:21220:23)	    at lookup (http://localhost:4200/assets/vendor.js:21045:17)	    at Container.lookup (http://localhost:4200/assets/vendor.js:20964:14)	    at Class.lookup (http://localhost:4200/assets/vendor.js:52226:33)
2022-05-25 11:07:21 ERROR    Failure: http://localhost:4200/ -> net::ERR_ABORTED
2022-05-25 11:07:21 ERROR    Failure: http://localhost:4200/ -> net::ERR_ABORTED
2022-05-25 11:07:21 ERROR    Failure: http://localhost:4200/ -> net::ERR_ABORTED
2022-05-25 11:07:21 ERROR    Failure: http://localhost:4200/ -> net::ERR_ABORTED
2022-05-25 11:07:21 ERROR    Failure: http://localhost:4200/ -> net::ERR_ABORTED
2022-05-25 11:07:21 ERROR    Failure: http://localhost:4200/ -> net::ERR_ABORTED
2022-05-25 11:07:21 ERROR    Failure: http://localhost:4200/-N2tany8jv7w0c9Gf-ll -> net::ERR_CONNECTION_REFUSED
2022-05-25 11:07:21 ERROR    Failure: http://localhost:4200/-N2tany8jv7w0c9Gf-ll -> Failed to load resource: net::ERR_CONNECTION_REFUSED
2022-05-25 11:07:22 ERROR    Failure: http://localhost:4200/-N2tany8jv7w0c9Gf-ll -> JSHandle@error
2022-05-25 11:07:22 ERROR    Failure: http://localhost:4200/-N2tany8jv7w0c9Gf-ll -> Error: FIREBASE FATAL ERROR: Cannot parse Firebase url. Please use https://<YOUR FIREBASE>.firebaseio.com 	    at Vb (http://localhost:4200/assets/vendor.js:85597:278)	    at Wb (http://localhost:4200/assets/vendor.js:85599:21)	    at firebase.INTERNAL.registerService.Reference (http://localhost:4200/assets/vendor.js:85805:235)	    at Object.a.(anonymous function) [as database] (http://localhost:4200/assets/vendor.js:84825:4066)	    at e.value (http://localhost:4200/assets/vendor.js:84825:6484)	    at Object.create (http://localhost:4200/assets/vendor.js:124663:18)	    at instantiate (http://localhost:4200/assets/vendor.js:21220:23)	    at lookup (http://localhost:4200/assets/vendor.js:21045:17)	    at Container.lookup (http://localhost:4200/assets/vendor.js:20964:14)	    at Class.lookup (http://localhost:4200/assets/vendor.js:52226:33)
2022-05-25 11:07:24 ERROR    Failure: http://localhost:4200/ -> status code(400) -> 
2022-05-25 11:07:24 ERROR    Failure: http://localhost:4200/ -> Access to XMLHttpRequest at 'https://geoip.nekudo.com/api' from origin 'http://localhost:4200' has been blocked by CORS policy: No 'Access-Control-Allow-Origin' header is present on the requested resource.
2022-05-25 11:07:24 ERROR    Failure: http://localhost:4200/ -> JSHandle@object
2022-05-25 11:07:24 ERROR    Failure: http://localhost:4200/new -> net::ERR_ABORTED
2022-05-25 11:07:28 ERROR    Failure: http://localhost:4200/ -> net::ERR_ABORTED
2022-05-25 11:07:28 ERROR    Failure: http://localhost:4200/ -> net::ERR_ABORTED
2022-05-25 11:07:28 ERROR    Failure: http://localhost:4200/ -> net::ERR_ABORTED
2022-05-25 11:07:28 ERROR    Failure: http://localhost:4200/ -> net::ERR_ABORTED
2022-05-25 11:07:28 ERROR    Failure: http://localhost:4200/ -> net::ERR_ABORTED
2022-05-25 11:07:28 ERROR    Failure: http://localhost:4200/ -> net::ERR_ABORTED
2022-05-25 11:07:28 ERROR    Failure: http://localhost:4200/ -> net::ERR_ABORTED
2022-05-25 11:07:28 ERROR    Failure: http://localhost:4200/-N2tany8jv7w0c9Gf-ll -> net::ERR_CONNECTION_REFUSED
2022-05-25 11:07:28 ERROR    Failure: http://localhost:4200/-N2tany8jv7w0c9Gf-ll -> Failed to load resource: net::ERR_CONNECTION_REFUSED
2022-05-25 11:07:29 ERROR    Failure: http://localhost:4200/-N2tany8jv7w0c9Gf-ll -> JSHandle@error
2022-05-25 11:07:29 ERROR    Failure: http://localhost:4200/-N2tany8jv7w0c9Gf-ll -> Error: FIREBASE FATAL ERROR: Cannot parse Firebase url. Please use https://<YOUR FIREBASE>.firebaseio.com 	    at Vb (http://localhost:4200/assets/vendor.js:85597:278)	    at Wb (http://localhost:4200/assets/vendor.js:85599:21)	    at firebase.INTERNAL.registerService.Reference (http://localhost:4200/assets/vendor.js:85805:235)	    at Object.a.(anonymous function) [as database] (http://localhost:4200/assets/vendor.js:84825:4066)	    at e.value (http://localhost:4200/assets/vendor.js:84825:6484)	    at Object.create (http://localhost:4200/assets/vendor.js:124663:18)	    at instantiate (http://localhost:4200/assets/vendor.js:21220:23)	    at lookup (http://localhost:4200/assets/vendor.js:21045:17)	    at Container.lookup (http://localhost:4200/assets/vendor.js:20964:14)	    at Class.lookup (http://localhost:4200/assets/vendor.js:52226:33)
2022-05-25 11:07:30 ERROR    Failure: http://localhost:4200/ -> net::ERR_ABORTED
2022-05-25 11:07:30 ERROR    Failure: http://localhost:4200/ -> net::ERR_ABORTED
2022-05-25 11:07:30 ERROR    Failure: http://localhost:4200/ -> net::ERR_ABORTED
2022-05-25 11:07:30 ERROR    Failure: http://localhost:4200/ -> net::ERR_ABORTED
2022-05-25 11:07:30 ERROR    Failure: http://localhost:4200/ -> net::ERR_ABORTED
2022-05-25 11:07:30 ERROR    Failure: http://localhost:4200/ -> net::ERR_ABORTED
2022-05-25 11:07:30 ERROR    Failure: http://localhost:4200/ -> net::ERR_ABORTED
2022-05-25 11:07:30 ERROR    Failure: http://localhost:4200/-N2tany8jv7w0c9Gf-ll -> net::ERR_CONNECTION_REFUSED
2022-05-25 11:07:30 ERROR    Failure: http://localhost:4200/-N2tany8jv7w0c9Gf-ll -> Failed to load resource: net::ERR_CONNECTION_REFUSED
2022-05-25 11:07:31 ERROR    Failure: http://localhost:4200/-N2tany8jv7w0c9Gf-ll -> JSHandle@error
2022-05-25 11:07:31 ERROR    Failure: http://localhost:4200/-N2tany8jv7w0c9Gf-ll -> Error: FIREBASE FATAL ERROR: Cannot parse Firebase url. Please use https://<YOUR FIREBASE>.firebaseio.com 	    at Vb (http://localhost:4200/assets/vendor.js:85597:278)	    at Wb (http://localhost:4200/assets/vendor.js:85599:21)	    at firebase.INTERNAL.registerService.Reference (http://localhost:4200/assets/vendor.js:85805:235)	    at Object.a.(anonymous function) [as database] (http://localhost:4200/assets/vendor.js:84825:4066)	    at e.value (http://localhost:4200/assets/vendor.js:84825:6484)	    at Object.create (http://localhost:4200/assets/vendor.js:124663:18)	    at instantiate (http://localhost:4200/assets/vendor.js:21220:23)	    at lookup (http://localhost:4200/assets/vendor.js:21045:17)	    at Container.lookup (http://localhost:4200/assets/vendor.js:20964:14)	    at Class.lookup (http://localhost:4200/assets/vendor.js:52226:33)
2022-05-25 11:07:37 ERROR    Failure: http://localhost:4200/ -> net::ERR_ABORTED
2022-05-25 11:07:37 ERROR    Failure: http://localhost:4200/ -> net::ERR_ABORTED
2022-05-25 11:07:37 ERROR    Failure: http://localhost:4200/ -> net::ERR_ABORTED
2022-05-25 11:07:37 ERROR    Failure: http://localhost:4200/ -> net::ERR_ABORTED
2022-05-25 11:07:37 ERROR    Failure: http://localhost:4200/ -> net::ERR_ABORTED
2022-05-25 11:07:37 ERROR    Failure: http://localhost:4200/ -> net::ERR_ABORTED
2022-05-25 11:07:37 ERROR    Failure: http://localhost:4200/ -> net::ERR_ABORTED
2022-05-25 11:07:37 ERROR    Failure: http://localhost:4200/-N2tau_R-AuPGM1v4_n9 -> net::ERR_CONNECTION_REFUSED
2022-05-25 11:07:37 ERROR    Failure: http://localhost:4200/-N2tau_R-AuPGM1v4_n9 -> Failed to load resource: net::ERR_CONNECTION_REFUSED
2022-05-25 11:07:38 ERROR    Failure: http://localhost:4200/-N2tau_R-AuPGM1v4_n9 -> JSHandle@error
2022-05-25 11:07:38 ERROR    Failure: http://localhost:4200/-N2tau_R-AuPGM1v4_n9 -> Error: FIREBASE FATAL ERROR: Cannot parse Firebase url. Please use https://<YOUR FIREBASE>.firebaseio.com 	    at Vb (http://localhost:4200/assets/vendor.js:85597:278)	    at Wb (http://localhost:4200/assets/vendor.js:85599:21)	    at firebase.INTERNAL.registerService.Reference (http://localhost:4200/assets/vendor.js:85805:235)	    at Object.a.(anonymous function) [as database] (http://localhost:4200/assets/vendor.js:84825:4066)	    at e.value (http://localhost:4200/assets/vendor.js:84825:6484)	    at Object.create (http://localhost:4200/assets/vendor.js:124663:18)	    at instantiate (http://localhost:4200/assets/vendor.js:21220:23)	    at lookup (http://localhost:4200/assets/vendor.js:21045:17)	    at Container.lookup (http://localhost:4200/assets/vendor.js:20964:14)	    at Class.lookup (http://localhost:4200/assets/vendor.js:52226:33)
2022-05-25 11:07:42 ERROR    Failure: http://localhost:4200/ -> net::ERR_ABORTED
2022-05-25 11:07:42 ERROR    Failure: http://localhost:4200/ -> net::ERR_ABORTED
2022-05-25 11:07:42 ERROR    Failure: http://localhost:4200/ -> net::ERR_ABORTED
2022-05-25 11:07:42 ERROR    Failure: http://localhost:4200/ -> net::ERR_ABORTED
2022-05-25 11:07:42 ERROR    Failure: http://localhost:4200/ -> net::ERR_ABORTED
2022-05-25 11:07:42 ERROR    Failure: http://localhost:4200/ -> net::ERR_ABORTED
2022-05-25 11:07:42 ERROR    Failure: http://localhost:4200/ -> net::ERR_ABORTED
2022-05-25 11:07:42 ERROR    Failure: http://localhost:4200/-N2tany8jv7w0c9Gf-ll -> net::ERR_CONNECTION_REFUSED
2022-05-25 11:07:42 ERROR    Failure: http://localhost:4200/-N2tany8jv7w0c9Gf-ll -> Failed to load resource: net::ERR_CONNECTION_REFUSED
2022-05-25 11:07:43 ERROR    Failure: http://localhost:4200/-N2tany8jv7w0c9Gf-ll -> JSHandle@error
2022-05-25 11:07:43 ERROR    Failure: http://localhost:4200/-N2tany8jv7w0c9Gf-ll -> Error: FIREBASE FATAL ERROR: Cannot parse Firebase url. Please use https://<YOUR FIREBASE>.firebaseio.com 	    at Vb (http://localhost:4200/assets/vendor.js:85597:278)	    at Wb (http://localhost:4200/assets/vendor.js:85599:21)	    at firebase.INTERNAL.registerService.Reference (http://localhost:4200/assets/vendor.js:85805:235)	    at Object.a.(anonymous function) [as database] (http://localhost:4200/assets/vendor.js:84825:4066)	    at e.value (http://localhost:4200/assets/vendor.js:84825:6484)	    at Object.create (http://localhost:4200/assets/vendor.js:124663:18)	    at instantiate (http://localhost:4200/assets/vendor.js:21220:23)	    at lookup (http://localhost:4200/assets/vendor.js:21045:17)	    at Container.lookup (http://localhost:4200/assets/vendor.js:20964:14)	    at Class.lookup (http://localhost:4200/assets/vendor.js:52226:33)
2022-05-25 11:07:45 ERROR    Failure: http://localhost:4200/ -> net::ERR_ABORTED
2022-05-25 11:07:45 ERROR    Failure: http://localhost:4200/ -> net::ERR_ABORTED
2022-05-25 11:07:45 ERROR    Failure: http://localhost:4200/ -> net::ERR_ABORTED
2022-05-25 11:07:45 ERROR    Failure: http://localhost:4200/ -> net::ERR_ABORTED
2022-05-25 11:07:45 ERROR    Failure: http://localhost:4200/ -> net::ERR_ABORTED
2022-05-25 11:07:45 ERROR    Failure: http://localhost:4200/ -> net::ERR_ABORTED
2022-05-25 11:07:45 ERROR    Failure: http://localhost:4200/ -> net::ERR_ABORTED
2022-05-25 11:07:45 ERROR    Failure: http://localhost:4200/-N2tany8jv7w0c9Gf-ll -> net::ERR_CONNECTION_REFUSED
2022-05-25 11:07:45 ERROR    Failure: http://localhost:4200/-N2tany8jv7w0c9Gf-ll -> Failed to load resource: net::ERR_CONNECTION_REFUSED
2022-05-25 11:07:46 ERROR    Failure: http://localhost:4200/-N2tany8jv7w0c9Gf-ll -> JSHandle@error
2022-05-25 11:07:46 ERROR    Failure: http://localhost:4200/-N2tany8jv7w0c9Gf-ll -> Error: FIREBASE FATAL ERROR: Cannot parse Firebase url. Please use https://<YOUR FIREBASE>.firebaseio.com 	    at Vb (http://localhost:4200/assets/vendor.js:85597:278)	    at Wb (http://localhost:4200/assets/vendor.js:85599:21)	    at firebase.INTERNAL.registerService.Reference (http://localhost:4200/assets/vendor.js:85805:235)	    at Object.a.(anonymous function) [as database] (http://localhost:4200/assets/vendor.js:84825:4066)	    at e.value (http://localhost:4200/assets/vendor.js:84825:6484)	    at Object.create (http://localhost:4200/assets/vendor.js:124663:18)	    at instantiate (http://localhost:4200/assets/vendor.js:21220:23)	    at lookup (http://localhost:4200/assets/vendor.js:21045:17)	    at Container.lookup (http://localhost:4200/assets/vendor.js:20964:14)	    at Class.lookup (http://localhost:4200/assets/vendor.js:52226:33)
2022-05-25 11:07:48 ERROR    Failure: http://localhost:4200/ -> net::ERR_ABORTED
2022-05-25 11:07:48 ERROR    Failure: http://localhost:4200/ -> net::ERR_ABORTED
2022-05-25 11:07:48 ERROR    Failure: http://localhost:4200/ -> net::ERR_ABORTED
2022-05-25 11:07:48 ERROR    Failure: http://localhost:4200/ -> net::ERR_ABORTED
2022-05-25 11:07:48 ERROR    Failure: http://localhost:4200/ -> net::ERR_ABORTED
2022-05-25 11:07:48 ERROR    Failure: http://localhost:4200/ -> net::ERR_ABORTED
2022-05-25 11:07:48 ERROR    Failure: http://localhost:4200/ -> net::ERR_ABORTED
2022-05-25 11:07:48 ERROR    Failure: http://localhost:4200/-N2tau_R-AuPGM1v4_n9 -> net::ERR_CONNECTION_REFUSED
2022-05-25 11:07:48 ERROR    Failure: http://localhost:4200/-N2tau_R-AuPGM1v4_n9 -> Failed to load resource: net::ERR_CONNECTION_REFUSED
2022-05-25 11:07:49 ERROR    Failure: http://localhost:4200/-N2tau_R-AuPGM1v4_n9 -> JSHandle@error
2022-05-25 11:07:49 ERROR    Failure: http://localhost:4200/-N2tau_R-AuPGM1v4_n9 -> Error: FIREBASE FATAL ERROR: Cannot parse Firebase url. Please use https://<YOUR FIREBASE>.firebaseio.com 	    at Vb (http://localhost:4200/assets/vendor.js:85597:278)	    at Wb (http://localhost:4200/assets/vendor.js:85599:21)	    at firebase.INTERNAL.registerService.Reference (http://localhost:4200/assets/vendor.js:85805:235)	    at Object.a.(anonymous function) [as database] (http://localhost:4200/assets/vendor.js:84825:4066)	    at e.value (http://localhost:4200/assets/vendor.js:84825:6484)	    at Object.create (http://localhost:4200/assets/vendor.js:124663:18)	    at instantiate (http://localhost:4200/assets/vendor.js:21220:23)	    at lookup (http://localhost:4200/assets/vendor.js:21045:17)	    at Container.lookup (http://localhost:4200/assets/vendor.js:20964:14)	    at Class.lookup (http://localhost:4200/assets/vendor.js:52226:33)
2022-05-25 11:07:53 ERROR    Failure: http://localhost:4200/ -> net::ERR_ABORTED
2022-05-25 11:07:53 ERROR    Failure: http://localhost:4200/ -> net::ERR_ABORTED
2022-05-25 11:07:53 ERROR    Failure: http://localhost:4200/ -> net::ERR_ABORTED
2022-05-25 11:07:53 ERROR    Failure: http://localhost:4200/ -> net::ERR_ABORTED
2022-05-25 11:07:53 ERROR    Failure: http://localhost:4200/ -> net::ERR_ABORTED
2022-05-25 11:07:53 ERROR    Failure: http://localhost:4200/ -> net::ERR_ABORTED
2022-05-25 11:07:53 ERROR    Failure: http://localhost:4200/ -> net::ERR_ABORTED
2022-05-25 11:07:53 ERROR    Failure: http://localhost:4200/-N2tany8jv7w0c9Gf-ll -> net::ERR_CONNECTION_REFUSED
2022-05-25 11:07:53 ERROR    Failure: http://localhost:4200/-N2tany8jv7w0c9Gf-ll -> Failed to load resource: net::ERR_CONNECTION_REFUSED
2022-05-25 11:07:54 ERROR    Failure: http://localhost:4200/-N2tany8jv7w0c9Gf-ll -> JSHandle@error
2022-05-25 11:07:54 ERROR    Failure: http://localhost:4200/-N2tany8jv7w0c9Gf-ll -> Error: FIREBASE FATAL ERROR: Cannot parse Firebase url. Please use https://<YOUR FIREBASE>.firebaseio.com 	    at Vb (http://localhost:4200/assets/vendor.js:85597:278)	    at Wb (http://localhost:4200/assets/vendor.js:85599:21)	    at firebase.INTERNAL.registerService.Reference (http://localhost:4200/assets/vendor.js:85805:235)	    at Object.a.(anonymous function) [as database] (http://localhost:4200/assets/vendor.js:84825:4066)	    at e.value (http://localhost:4200/assets/vendor.js:84825:6484)	    at Object.create (http://localhost:4200/assets/vendor.js:124663:18)	    at instantiate (http://localhost:4200/assets/vendor.js:21220:23)	    at lookup (http://localhost:4200/assets/vendor.js:21045:17)	    at Container.lookup (http://localhost:4200/assets/vendor.js:20964:14)	    at Class.lookup (http://localhost:4200/assets/vendor.js:52226:33)
2022-05-25 11:07:57 ERROR    Failure: http://localhost:4200/ -> net::ERR_ABORTED
2022-05-25 11:07:57 ERROR    Failure: http://localhost:4200/ -> net::ERR_ABORTED
2022-05-25 11:07:57 ERROR    Failure: http://localhost:4200/ -> net::ERR_ABORTED
2022-05-25 11:07:57 ERROR    Failure: http://localhost:4200/ -> net::ERR_ABORTED
2022-05-25 11:07:57 ERROR    Failure: http://localhost:4200/ -> net::ERR_ABORTED
2022-05-25 11:07:57 ERROR    Failure: http://localhost:4200/ -> net::ERR_ABORTED
2022-05-25 11:07:57 ERROR    Failure: http://localhost:4200/ -> net::ERR_ABORTED
2022-05-25 11:07:57 ERROR    Failure: http://localhost:4200/-N2tau_R-AuPGM1v4_n9 -> net::ERR_CONNECTION_REFUSED
2022-05-25 11:07:57 ERROR    Failure: http://localhost:4200/-N2tau_R-AuPGM1v4_n9 -> Failed to load resource: net::ERR_CONNECTION_REFUSED
2022-05-25 11:07:58 ERROR    Failure: http://localhost:4200/-N2tau_R-AuPGM1v4_n9 -> JSHandle@error
2022-05-25 11:07:58 ERROR    Failure: http://localhost:4200/-N2tau_R-AuPGM1v4_n9 -> Error: FIREBASE FATAL ERROR: Cannot parse Firebase url. Please use https://<YOUR FIREBASE>.firebaseio.com 	    at Vb (http://localhost:4200/assets/vendor.js:85597:278)	    at Wb (http://localhost:4200/assets/vendor.js:85599:21)	    at firebase.INTERNAL.registerService.Reference (http://localhost:4200/assets/vendor.js:85805:235)	    at Object.a.(anonymous function) [as database] (http://localhost:4200/assets/vendor.js:84825:4066)	    at e.value (http://localhost:4200/assets/vendor.js:84825:6484)	    at Object.create (http://localhost:4200/assets/vendor.js:124663:18)	    at instantiate (http://localhost:4200/assets/vendor.js:21220:23)	    at lookup (http://localhost:4200/assets/vendor.js:21045:17)	    at Container.lookup (http://localhost:4200/assets/vendor.js:20964:14)	    at Class.lookup (http://localhost:4200/assets/vendor.js:52226:33)
2022-05-25 11:08:02 ERROR    Failure: http://localhost:4200/ -> net::ERR_ABORTED
2022-05-25 11:08:02 ERROR    Failure: http://localhost:4200/ -> net::ERR_ABORTED
2022-05-25 11:08:02 ERROR    Failure: http://localhost:4200/ -> net::ERR_ABORTED
2022-05-25 11:08:02 ERROR    Failure: http://localhost:4200/ -> net::ERR_ABORTED
2022-05-25 11:08:02 ERROR    Failure: http://localhost:4200/ -> net::ERR_ABORTED
2022-05-25 11:08:02 ERROR    Failure: http://localhost:4200/ -> net::ERR_ABORTED
2022-05-25 11:08:02 ERROR    Failure: http://localhost:4200/ -> net::ERR_ABORTED
2022-05-25 11:08:02 ERROR    Failure: http://localhost:4200/-N2tany8jv7w0c9Gf-ll -> net::ERR_CONNECTION_REFUSED
2022-05-25 11:08:02 ERROR    Failure: http://localhost:4200/-N2tany8jv7w0c9Gf-ll -> Failed to load resource: net::ERR_CONNECTION_REFUSED
2022-05-25 11:08:03 ERROR    Failure: http://localhost:4200/-N2tany8jv7w0c9Gf-ll -> JSHandle@error
2022-05-25 11:08:03 ERROR    Failure: http://localhost:4200/-N2tany8jv7w0c9Gf-ll -> Error: FIREBASE FATAL ERROR: Cannot parse Firebase url. Please use https://<YOUR FIREBASE>.firebaseio.com 	    at Vb (http://localhost:4200/assets/vendor.js:85597:278)	    at Wb (http://localhost:4200/assets/vendor.js:85599:21)	    at firebase.INTERNAL.registerService.Reference (http://localhost:4200/assets/vendor.js:85805:235)	    at Object.a.(anonymous function) [as database] (http://localhost:4200/assets/vendor.js:84825:4066)	    at e.value (http://localhost:4200/assets/vendor.js:84825:6484)	    at Object.create (http://localhost:4200/assets/vendor.js:124663:18)	    at instantiate (http://localhost:4200/assets/vendor.js:21220:23)	    at lookup (http://localhost:4200/assets/vendor.js:21045:17)	    at Container.lookup (http://localhost:4200/assets/vendor.js:20964:14)	    at Class.lookup (http://localhost:4200/assets/vendor.js:52226:33)
2022-05-25 11:08:04 ERROR    Failure: http://localhost:4200/ -> net::ERR_ABORTED
2022-05-25 11:08:04 ERROR    Failure: http://localhost:4200/ -> net::ERR_ABORTED
2022-05-25 11:08:04 ERROR    Failure: http://localhost:4200/ -> net::ERR_ABORTED
2022-05-25 11:08:04 ERROR    Failure: http://localhost:4200/ -> net::ERR_ABORTED
2022-05-25 11:08:04 ERROR    Failure: http://localhost:4200/ -> net::ERR_ABORTED
2022-05-25 11:08:04 ERROR    Failure: http://localhost:4200/ -> net::ERR_ABORTED
2022-05-25 11:08:04 ERROR    Failure: http://localhost:4200/ -> net::ERR_ABORTED
2022-05-25 11:08:04 ERROR    Failure: http://localhost:4200/-N2tau_R-AuPGM1v4_n9 -> net::ERR_CONNECTION_REFUSED
2022-05-25 11:08:04 ERROR    Failure: http://localhost:4200/-N2tau_R-AuPGM1v4_n9 -> Failed to load resource: net::ERR_CONNECTION_REFUSED
2022-05-25 11:08:05 ERROR    Failure: http://localhost:4200/-N2tau_R-AuPGM1v4_n9 -> JSHandle@error
2022-05-25 11:08:05 ERROR    Failure: http://localhost:4200/-N2tau_R-AuPGM1v4_n9 -> Error: FIREBASE FATAL ERROR: Cannot parse Firebase url. Please use https://<YOUR FIREBASE>.firebaseio.com 	    at Vb (http://localhost:4200/assets/vendor.js:85597:278)	    at Wb (http://localhost:4200/assets/vendor.js:85599:21)	    at firebase.INTERNAL.registerService.Reference (http://localhost:4200/assets/vendor.js:85805:235)	    at Object.a.(anonymous function) [as database] (http://localhost:4200/assets/vendor.js:84825:4066)	    at e.value (http://localhost:4200/assets/vendor.js:84825:6484)	    at Object.create (http://localhost:4200/assets/vendor.js:124663:18)	    at instantiate (http://localhost:4200/assets/vendor.js:21220:23)	    at lookup (http://localhost:4200/assets/vendor.js:21045:17)	    at Container.lookup (http://localhost:4200/assets/vendor.js:20964:14)	    at Class.lookup (http://localhost:4200/assets/vendor.js:52226:33)
2022-05-25 11:08:09 ERROR    Failure: http://localhost:4200/ -> net::ERR_ABORTED
2022-05-25 11:08:09 ERROR    Failure: http://localhost:4200/ -> net::ERR_ABORTED
2022-05-25 11:08:09 ERROR    Failure: http://localhost:4200/ -> net::ERR_ABORTED
2022-05-25 11:08:09 ERROR    Failure: http://localhost:4200/ -> net::ERR_ABORTED
2022-05-25 11:08:09 ERROR    Failure: http://localhost:4200/ -> net::ERR_ABORTED
2022-05-25 11:08:09 ERROR    Failure: http://localhost:4200/ -> net::ERR_ABORTED
2022-05-25 11:08:09 ERROR    Failure: http://localhost:4200/ -> net::ERR_ABORTED
2022-05-25 11:08:09 ERROR    Failure: http://localhost:4200/-N2tany8jv7w0c9Gf-ll -> net::ERR_CONNECTION_REFUSED
2022-05-25 11:08:09 ERROR    Failure: http://localhost:4200/-N2tany8jv7w0c9Gf-ll -> Failed to load resource: net::ERR_CONNECTION_REFUSED
2022-05-25 11:08:10 ERROR    Failure: http://localhost:4200/-N2tany8jv7w0c9Gf-ll -> JSHandle@error
2022-05-25 11:08:10 ERROR    Failure: http://localhost:4200/-N2tany8jv7w0c9Gf-ll -> Error: FIREBASE FATAL ERROR: Cannot parse Firebase url. Please use https://<YOUR FIREBASE>.firebaseio.com 	    at Vb (http://localhost:4200/assets/vendor.js:85597:278)	    at Wb (http://localhost:4200/assets/vendor.js:85599:21)	    at firebase.INTERNAL.registerService.Reference (http://localhost:4200/assets/vendor.js:85805:235)	    at Object.a.(anonymous function) [as database] (http://localhost:4200/assets/vendor.js:84825:4066)	    at e.value (http://localhost:4200/assets/vendor.js:84825:6484)	    at Object.create (http://localhost:4200/assets/vendor.js:124663:18)	    at instantiate (http://localhost:4200/assets/vendor.js:21220:23)	    at lookup (http://localhost:4200/assets/vendor.js:21045:17)	    at Container.lookup (http://localhost:4200/assets/vendor.js:20964:14)	    at Class.lookup (http://localhost:4200/assets/vendor.js:52226:33)
2022-05-25 11:08:13 ERROR    Failure: http://localhost:4200/ -> net::ERR_ABORTED
2022-05-25 11:08:13 ERROR    Failure: http://localhost:4200/ -> net::ERR_ABORTED
2022-05-25 11:08:13 ERROR    Failure: http://localhost:4200/ -> net::ERR_ABORTED
2022-05-25 11:08:13 ERROR    Failure: http://localhost:4200/ -> net::ERR_ABORTED
2022-05-25 11:08:13 ERROR    Failure: http://localhost:4200/ -> net::ERR_ABORTED
2022-05-25 11:08:13 ERROR    Failure: http://localhost:4200/ -> net::ERR_ABORTED
2022-05-25 11:08:13 ERROR    Failure: http://localhost:4200/ -> net::ERR_ABORTED
2022-05-25 11:08:13 ERROR    Failure: http://localhost:4200/-N2tau_R-AuPGM1v4_n9 -> net::ERR_CONNECTION_REFUSED
2022-05-25 11:08:13 ERROR    Failure: http://localhost:4200/-N2tau_R-AuPGM1v4_n9 -> Failed to load resource: net::ERR_CONNECTION_REFUSED
2022-05-25 11:08:14 ERROR    Failure: http://localhost:4200/-N2tau_R-AuPGM1v4_n9 -> JSHandle@error
2022-05-25 11:08:14 ERROR    Failure: http://localhost:4200/-N2tau_R-AuPGM1v4_n9 -> Error: FIREBASE FATAL ERROR: Cannot parse Firebase url. Please use https://<YOUR FIREBASE>.firebaseio.com 	    at Vb (http://localhost:4200/assets/vendor.js:85597:278)	    at Wb (http://localhost:4200/assets/vendor.js:85599:21)	    at firebase.INTERNAL.registerService.Reference (http://localhost:4200/assets/vendor.js:85805:235)	    at Object.a.(anonymous function) [as database] (http://localhost:4200/assets/vendor.js:84825:4066)	    at e.value (http://localhost:4200/assets/vendor.js:84825:6484)	    at Object.create (http://localhost:4200/assets/vendor.js:124663:18)	    at instantiate (http://localhost:4200/assets/vendor.js:21220:23)	    at lookup (http://localhost:4200/assets/vendor.js:21045:17)	    at Container.lookup (http://localhost:4200/assets/vendor.js:20964:14)	    at Class.lookup (http://localhost:4200/assets/vendor.js:52226:33)
2022-05-25 11:08:19 ERROR    Failure: http://localhost:4200/ -> net::ERR_ABORTED
2022-05-25 11:08:19 ERROR    Failure: http://localhost:4200/ -> net::ERR_ABORTED
2022-05-25 11:08:19 ERROR    Failure: http://localhost:4200/ -> net::ERR_ABORTED
2022-05-25 11:08:19 ERROR    Failure: http://localhost:4200/ -> net::ERR_ABORTED
2022-05-25 11:08:19 ERROR    Failure: http://localhost:4200/ -> net::ERR_ABORTED
2022-05-25 11:08:19 ERROR    Failure: http://localhost:4200/ -> net::ERR_ABORTED
2022-05-25 11:08:19 ERROR    Failure: http://localhost:4200/ -> net::ERR_ABORTED
2022-05-25 11:08:19 ERROR    Failure: http://localhost:4200/-N2tany8jv7w0c9Gf-ll -> net::ERR_CONNECTION_REFUSED
2022-05-25 11:08:19 ERROR    Failure: http://localhost:4200/-N2tany8jv7w0c9Gf-ll -> Failed to load resource: net::ERR_CONNECTION_REFUSED
2022-05-25 11:08:20 ERROR    Failure: http://localhost:4200/-N2tany8jv7w0c9Gf-ll -> JSHandle@error
2022-05-25 11:08:20 ERROR    Failure: http://localhost:4200/-N2tany8jv7w0c9Gf-ll -> Error: FIREBASE FATAL ERROR: Cannot parse Firebase url. Please use https://<YOUR FIREBASE>.firebaseio.com 	    at Vb (http://localhost:4200/assets/vendor.js:85597:278)	    at Wb (http://localhost:4200/assets/vendor.js:85599:21)	    at firebase.INTERNAL.registerService.Reference (http://localhost:4200/assets/vendor.js:85805:235)	    at Object.a.(anonymous function) [as database] (http://localhost:4200/assets/vendor.js:84825:4066)	    at e.value (http://localhost:4200/assets/vendor.js:84825:6484)	    at Object.create (http://localhost:4200/assets/vendor.js:124663:18)	    at instantiate (http://localhost:4200/assets/vendor.js:21220:23)	    at lookup (http://localhost:4200/assets/vendor.js:21045:17)	    at Container.lookup (http://localhost:4200/assets/vendor.js:20964:14)	    at Class.lookup (http://localhost:4200/assets/vendor.js:52226:33)
2022-05-25 11:08:24 ERROR    Failure: http://localhost:4200/ -> net::ERR_ABORTED
2022-05-25 11:08:24 ERROR    Failure: http://localhost:4200/ -> net::ERR_ABORTED
2022-05-25 11:08:24 ERROR    Failure: http://localhost:4200/ -> net::ERR_ABORTED
2022-05-25 11:08:24 ERROR    Failure: http://localhost:4200/ -> net::ERR_ABORTED
2022-05-25 11:08:24 ERROR    Failure: http://localhost:4200/ -> net::ERR_ABORTED
2022-05-25 11:08:24 ERROR    Failure: http://localhost:4200/ -> net::ERR_ABORTED
2022-05-25 11:08:24 ERROR    Failure: http://localhost:4200/ -> net::ERR_ABORTED
2022-05-25 11:08:24 ERROR    Failure: http://localhost:4200/-N2tau_R-AuPGM1v4_n9 -> net::ERR_CONNECTION_REFUSED
2022-05-25 11:08:24 ERROR    Failure: http://localhost:4200/-N2tau_R-AuPGM1v4_n9 -> Failed to load resource: net::ERR_CONNECTION_REFUSED
2022-05-25 11:08:24 ERROR    Failure: http://localhost:4200/-N2tau_R-AuPGM1v4_n9 -> JSHandle@error
2022-05-25 11:08:24 ERROR    Failure: http://localhost:4200/-N2tau_R-AuPGM1v4_n9 -> Error: FIREBASE FATAL ERROR: Cannot parse Firebase url. Please use https://<YOUR FIREBASE>.firebaseio.com 	    at Vb (http://localhost:4200/assets/vendor.js:85597:278)	    at Wb (http://localhost:4200/assets/vendor.js:85599:21)	    at firebase.INTERNAL.registerService.Reference (http://localhost:4200/assets/vendor.js:85805:235)	    at Object.a.(anonymous function) [as database] (http://localhost:4200/assets/vendor.js:84825:4066)	    at e.value (http://localhost:4200/assets/vendor.js:84825:6484)	    at Object.create (http://localhost:4200/assets/vendor.js:124663:18)	    at instantiate (http://localhost:4200/assets/vendor.js:21220:23)	    at lookup (http://localhost:4200/assets/vendor.js:21045:17)	    at Container.lookup (http://localhost:4200/assets/vendor.js:20964:14)	    at Class.lookup (http://localhost:4200/assets/vendor.js:52226:33)
2022-05-25 11:08:27 ERROR    Failure: http://localhost:4200/ -> net::ERR_ABORTED
2022-05-25 11:08:27 ERROR    Failure: http://localhost:4200/ -> net::ERR_ABORTED
2022-05-25 11:08:27 ERROR    Failure: http://localhost:4200/ -> net::ERR_ABORTED
2022-05-25 11:08:27 ERROR    Failure: http://localhost:4200/ -> net::ERR_ABORTED
2022-05-25 11:08:27 ERROR    Failure: http://localhost:4200/ -> net::ERR_ABORTED
2022-05-25 11:08:27 ERROR    Failure: http://localhost:4200/ -> net::ERR_ABORTED
2022-05-25 11:08:27 ERROR    Failure: http://localhost:4200/-N2tau_R-AuPGM1v4_n9 -> net::ERR_CONNECTION_REFUSED
2022-05-25 11:08:27 ERROR    Failure: http://localhost:4200/-N2tau_R-AuPGM1v4_n9 -> Failed to load resource: net::ERR_CONNECTION_REFUSED
2022-05-25 11:08:27 ERROR    Failure: http://localhost:4200/-N2tau_R-AuPGM1v4_n9 -> JSHandle@error
2022-05-25 11:08:27 ERROR    Failure: http://localhost:4200/-N2tau_R-AuPGM1v4_n9 -> Error: FIREBASE FATAL ERROR: Cannot parse Firebase url. Please use https://<YOUR FIREBASE>.firebaseio.com 	    at Vb (http://localhost:4200/assets/vendor.js:85597:278)	    at Wb (http://localhost:4200/assets/vendor.js:85599:21)	    at firebase.INTERNAL.registerService.Reference (http://localhost:4200/assets/vendor.js:85805:235)	    at Object.a.(anonymous function) [as database] (http://localhost:4200/assets/vendor.js:84825:4066)	    at e.value (http://localhost:4200/assets/vendor.js:84825:6484)	    at Object.create (http://localhost:4200/assets/vendor.js:124663:18)	    at instantiate (http://localhost:4200/assets/vendor.js:21220:23)	    at lookup (http://localhost:4200/assets/vendor.js:21045:17)	    at Container.lookup (http://localhost:4200/assets/vendor.js:20964:14)	    at Class.lookup (http://localhost:4200/assets/vendor.js:52226:33)
2022-05-25 11:08:29 ERROR    Failure: http://localhost:4200/ -> net::ERR_ABORTED
2022-05-25 11:08:29 ERROR    Failure: http://localhost:4200/ -> net::ERR_ABORTED
2022-05-25 11:08:29 ERROR    Failure: http://localhost:4200/ -> net::ERR_ABORTED
2022-05-25 11:08:29 ERROR    Failure: http://localhost:4200/ -> net::ERR_ABORTED
2022-05-25 11:08:29 ERROR    Failure: http://localhost:4200/ -> net::ERR_ABORTED
2022-05-25 11:08:29 ERROR    Failure: http://localhost:4200/ -> net::ERR_ABORTED
2022-05-25 11:08:29 ERROR    Failure: http://localhost:4200/ -> net::ERR_ABORTED
2022-05-25 11:08:29 ERROR    Failure: http://localhost:4200/-N2tau_R-AuPGM1v4_n9 -> net::ERR_CONNECTION_REFUSED
2022-05-25 11:08:29 ERROR    Failure: http://localhost:4200/-N2tau_R-AuPGM1v4_n9 -> Failed to load resource: net::ERR_CONNECTION_REFUSED
2022-05-25 11:08:29 ERROR    Failure: http://localhost:4200/-N2tau_R-AuPGM1v4_n9 -> JSHandle@error
2022-05-25 11:08:29 ERROR    Failure: http://localhost:4200/-N2tau_R-AuPGM1v4_n9 -> Error: FIREBASE FATAL ERROR: Cannot parse Firebase url. Please use https://<YOUR FIREBASE>.firebaseio.com 	    at Vb (http://localhost:4200/assets/vendor.js:85597:278)	    at Wb (http://localhost:4200/assets/vendor.js:85599:21)	    at firebase.INTERNAL.registerService.Reference (http://localhost:4200/assets/vendor.js:85805:235)	    at Object.a.(anonymous function) [as database] (http://localhost:4200/assets/vendor.js:84825:4066)	    at e.value (http://localhost:4200/assets/vendor.js:84825:6484)	    at Object.create (http://localhost:4200/assets/vendor.js:124663:18)	    at instantiate (http://localhost:4200/assets/vendor.js:21220:23)	    at lookup (http://localhost:4200/assets/vendor.js:21045:17)	    at Container.lookup (http://localhost:4200/assets/vendor.js:20964:14)	    at Class.lookup (http://localhost:4200/assets/vendor.js:52226:33)
2022-05-25 11:08:31 ERROR    Failure: http://localhost:4200/ -> net::ERR_ABORTED
2022-05-25 11:08:31 ERROR    Failure: http://localhost:4200/ -> net::ERR_ABORTED
2022-05-25 11:08:31 ERROR    Failure: http://localhost:4200/ -> net::ERR_ABORTED
2022-05-25 11:08:31 ERROR    Failure: http://localhost:4200/ -> net::ERR_ABORTED
2022-05-25 11:08:31 ERROR    Failure: http://localhost:4200/ -> net::ERR_ABORTED
2022-05-25 11:08:31 ERROR    Failure: http://localhost:4200/ -> net::ERR_ABORTED
2022-05-25 11:08:31 ERROR    Failure: http://localhost:4200/-N2tau_R-AuPGM1v4_n9 -> net::ERR_CONNECTION_REFUSED
2022-05-25 11:08:31 ERROR    Failure: http://localhost:4200/-N2tau_R-AuPGM1v4_n9 -> Failed to load resource: net::ERR_CONNECTION_REFUSED
2022-05-25 11:08:32 ERROR    Failure: http://localhost:4200/-N2tau_R-AuPGM1v4_n9 -> JSHandle@error
2022-05-25 11:08:32 ERROR    Failure: http://localhost:4200/-N2tau_R-AuPGM1v4_n9 -> Error: FIREBASE FATAL ERROR: Cannot parse Firebase url. Please use https://<YOUR FIREBASE>.firebaseio.com 	    at Vb (http://localhost:4200/assets/vendor.js:85597:278)	    at Wb (http://localhost:4200/assets/vendor.js:85599:21)	    at firebase.INTERNAL.registerService.Reference (http://localhost:4200/assets/vendor.js:85805:235)	    at Object.a.(anonymous function) [as database] (http://localhost:4200/assets/vendor.js:84825:4066)	    at e.value (http://localhost:4200/assets/vendor.js:84825:6484)	    at Object.create (http://localhost:4200/assets/vendor.js:124663:18)	    at instantiate (http://localhost:4200/assets/vendor.js:21220:23)	    at lookup (http://localhost:4200/assets/vendor.js:21045:17)	    at Container.lookup (http://localhost:4200/assets/vendor.js:20964:14)	    at Class.lookup (http://localhost:4200/assets/vendor.js:52226:33)
2022-05-25 11:08:34 ERROR    Failure: http://localhost:4200/ -> net::ERR_ABORTED
2022-05-25 11:08:34 ERROR    Failure: http://localhost:4200/ -> net::ERR_ABORTED
2022-05-25 11:08:34 ERROR    Failure: http://localhost:4200/ -> net::ERR_ABORTED
2022-05-25 11:08:34 ERROR    Failure: http://localhost:4200/ -> net::ERR_ABORTED
2022-05-25 11:08:34 ERROR    Failure: http://localhost:4200/ -> net::ERR_ABORTED
2022-05-25 11:08:34 ERROR    Failure: http://localhost:4200/ -> net::ERR_ABORTED
2022-05-25 11:08:34 ERROR    Failure: http://localhost:4200/ -> net::ERR_ABORTED
2022-05-25 11:08:34 ERROR    Failure: http://localhost:4200/-N2tau_R-AuPGM1v4_n9 -> net::ERR_CONNECTION_REFUSED
2022-05-25 11:08:34 ERROR    Failure: http://localhost:4200/-N2tau_R-AuPGM1v4_n9 -> Failed to load resource: net::ERR_CONNECTION_REFUSED
2022-05-25 11:08:35 ERROR    Failure: http://localhost:4200/-N2tau_R-AuPGM1v4_n9 -> JSHandle@error
2022-05-25 11:08:35 ERROR    Failure: http://localhost:4200/-N2tau_R-AuPGM1v4_n9 -> Error: FIREBASE FATAL ERROR: Cannot parse Firebase url. Please use https://<YOUR FIREBASE>.firebaseio.com 	    at Vb (http://localhost:4200/assets/vendor.js:85597:278)	    at Wb (http://localhost:4200/assets/vendor.js:85599:21)	    at firebase.INTERNAL.registerService.Reference (http://localhost:4200/assets/vendor.js:85805:235)	    at Object.a.(anonymous function) [as database] (http://localhost:4200/assets/vendor.js:84825:4066)	    at e.value (http://localhost:4200/assets/vendor.js:84825:6484)	    at Object.create (http://localhost:4200/assets/vendor.js:124663:18)	    at instantiate (http://localhost:4200/assets/vendor.js:21220:23)	    at lookup (http://localhost:4200/assets/vendor.js:21045:17)	    at Container.lookup (http://localhost:4200/assets/vendor.js:20964:14)	    at Class.lookup (http://localhost:4200/assets/vendor.js:52226:33)
2022-05-25 11:08:38 ERROR    Failure: http://localhost:4200/ -> net::ERR_ABORTED
2022-05-25 11:08:38 ERROR    Failure: http://localhost:4200/ -> net::ERR_ABORTED
2022-05-25 11:08:38 ERROR    Failure: http://localhost:4200/ -> net::ERR_ABORTED
2022-05-25 11:08:38 ERROR    Failure: http://localhost:4200/ -> net::ERR_ABORTED
2022-05-25 11:08:38 ERROR    Failure: http://localhost:4200/ -> net::ERR_ABORTED
2022-05-25 11:08:38 ERROR    Failure: http://localhost:4200/ -> net::ERR_ABORTED
2022-05-25 11:08:38 ERROR    Failure: http://localhost:4200/ -> net::ERR_ABORTED
2022-05-25 11:08:38 ERROR    Failure: http://localhost:4200/-N2tany8jv7w0c9Gf-ll -> net::ERR_CONNECTION_REFUSED
2022-05-25 11:08:38 ERROR    Failure: http://localhost:4200/-N2tany8jv7w0c9Gf-ll -> Failed to load resource: net::ERR_CONNECTION_REFUSED
2022-05-25 11:08:39 ERROR    Failure: http://localhost:4200/-N2tany8jv7w0c9Gf-ll -> JSHandle@error
2022-05-25 11:08:39 ERROR    Failure: http://localhost:4200/-N2tany8jv7w0c9Gf-ll -> Error: FIREBASE FATAL ERROR: Cannot parse Firebase url. Please use https://<YOUR FIREBASE>.firebaseio.com 	    at Vb (http://localhost:4200/assets/vendor.js:85597:278)	    at Wb (http://localhost:4200/assets/vendor.js:85599:21)	    at firebase.INTERNAL.registerService.Reference (http://localhost:4200/assets/vendor.js:85805:235)	    at Object.a.(anonymous function) [as database] (http://localhost:4200/assets/vendor.js:84825:4066)	    at e.value (http://localhost:4200/assets/vendor.js:84825:6484)	    at Object.create (http://localhost:4200/assets/vendor.js:124663:18)	    at instantiate (http://localhost:4200/assets/vendor.js:21220:23)	    at lookup (http://localhost:4200/assets/vendor.js:21045:17)	    at Container.lookup (http://localhost:4200/assets/vendor.js:20964:14)	    at Class.lookup (http://localhost:4200/assets/vendor.js:52226:33)
2022-05-25 11:08:41 ERROR    Failure: http://localhost:4200/ -> net::ERR_ABORTED
2022-05-25 11:08:41 ERROR    Failure: http://localhost:4200/ -> net::ERR_ABORTED
2022-05-25 11:08:41 ERROR    Failure: http://localhost:4200/ -> net::ERR_ABORTED
2022-05-25 11:08:41 ERROR    Failure: http://localhost:4200/ -> net::ERR_ABORTED
2022-05-25 11:08:41 ERROR    Failure: http://localhost:4200/ -> net::ERR_ABORTED
2022-05-25 11:08:41 ERROR    Failure: http://localhost:4200/ -> net::ERR_ABORTED
2022-05-25 11:08:41 ERROR    Failure: http://localhost:4200/ -> net::ERR_ABORTED
2022-05-25 11:08:41 ERROR    Failure: http://localhost:4200/-N2tany8jv7w0c9Gf-ll -> net::ERR_CONNECTION_REFUSED
2022-05-25 11:08:41 ERROR    Failure: http://localhost:4200/-N2tany8jv7w0c9Gf-ll -> Failed to load resource: net::ERR_CONNECTION_REFUSED
2022-05-25 11:08:42 ERROR    Failure: http://localhost:4200/-N2tany8jv7w0c9Gf-ll -> JSHandle@error
2022-05-25 11:08:42 ERROR    Failure: http://localhost:4200/-N2tany8jv7w0c9Gf-ll -> Error: FIREBASE FATAL ERROR: Cannot parse Firebase url. Please use https://<YOUR FIREBASE>.firebaseio.com 	    at Vb (http://localhost:4200/assets/vendor.js:85597:278)	    at Wb (http://localhost:4200/assets/vendor.js:85599:21)	    at firebase.INTERNAL.registerService.Reference (http://localhost:4200/assets/vendor.js:85805:235)	    at Object.a.(anonymous function) [as database] (http://localhost:4200/assets/vendor.js:84825:4066)	    at e.value (http://localhost:4200/assets/vendor.js:84825:6484)	    at Object.create (http://localhost:4200/assets/vendor.js:124663:18)	    at instantiate (http://localhost:4200/assets/vendor.js:21220:23)	    at lookup (http://localhost:4200/assets/vendor.js:21045:17)	    at Container.lookup (http://localhost:4200/assets/vendor.js:20964:14)	    at Class.lookup (http://localhost:4200/assets/vendor.js:52226:33)
2022-05-25 11:08:43 ERROR    Failure: http://localhost:4200/ -> net::ERR_ABORTED
2022-05-25 11:08:43 ERROR    Failure: http://localhost:4200/ -> net::ERR_ABORTED
2022-05-25 11:08:43 ERROR    Failure: http://localhost:4200/ -> net::ERR_ABORTED
2022-05-25 11:08:43 ERROR    Failure: http://localhost:4200/ -> net::ERR_ABORTED
2022-05-25 11:08:43 ERROR    Failure: http://localhost:4200/ -> net::ERR_ABORTED
2022-05-25 11:08:43 ERROR    Failure: http://localhost:4200/ -> net::ERR_ABORTED
2022-05-25 11:08:43 ERROR    Failure: http://localhost:4200/ -> net::ERR_ABORTED
2022-05-25 11:08:43 ERROR    Failure: http://localhost:4200/-N2tany8jv7w0c9Gf-ll -> net::ERR_CONNECTION_REFUSED
2022-05-25 11:08:43 ERROR    Failure: http://localhost:4200/-N2tany8jv7w0c9Gf-ll -> Failed to load resource: net::ERR_CONNECTION_REFUSED
2022-05-25 11:08:44 ERROR    Failure: http://localhost:4200/-N2tany8jv7w0c9Gf-ll -> JSHandle@error
2022-05-25 11:08:44 ERROR    Failure: http://localhost:4200/-N2tany8jv7w0c9Gf-ll -> Error: FIREBASE FATAL ERROR: Cannot parse Firebase url. Please use https://<YOUR FIREBASE>.firebaseio.com 	    at Vb (http://localhost:4200/assets/vendor.js:85597:278)	    at Wb (http://localhost:4200/assets/vendor.js:85599:21)	    at firebase.INTERNAL.registerService.Reference (http://localhost:4200/assets/vendor.js:85805:235)	    at Object.a.(anonymous function) [as database] (http://localhost:4200/assets/vendor.js:84825:4066)	    at e.value (http://localhost:4200/assets/vendor.js:84825:6484)	    at Object.create (http://localhost:4200/assets/vendor.js:124663:18)	    at instantiate (http://localhost:4200/assets/vendor.js:21220:23)	    at lookup (http://localhost:4200/assets/vendor.js:21045:17)	    at Container.lookup (http://localhost:4200/assets/vendor.js:20964:14)	    at Class.lookup (http://localhost:4200/assets/vendor.js:52226:33)
2022-05-25 11:08:48 ERROR    Failure: http://localhost:4200/ -> net::ERR_ABORTED
2022-05-25 11:08:48 ERROR    Failure: http://localhost:4200/ -> net::ERR_ABORTED
2022-05-25 11:08:48 ERROR    Failure: http://localhost:4200/ -> net::ERR_ABORTED
2022-05-25 11:08:48 ERROR    Failure: http://localhost:4200/ -> net::ERR_ABORTED
2022-05-25 11:08:48 ERROR    Failure: http://localhost:4200/ -> net::ERR_ABORTED
2022-05-25 11:08:48 ERROR    Failure: http://localhost:4200/ -> net::ERR_ABORTED
2022-05-25 11:08:48 ERROR    Failure: http://localhost:4200/ -> net::ERR_ABORTED
2022-05-25 11:08:48 ERROR    Failure: http://localhost:4200/-N2tau_R-AuPGM1v4_n9 -> net::ERR_CONNECTION_REFUSED
2022-05-25 11:08:48 ERROR    Failure: http://localhost:4200/-N2tau_R-AuPGM1v4_n9 -> Failed to load resource: net::ERR_CONNECTION_REFUSED
2022-05-25 11:08:49 ERROR    Failure: http://localhost:4200/-N2tau_R-AuPGM1v4_n9 -> JSHandle@error
2022-05-25 11:08:49 ERROR    Failure: http://localhost:4200/-N2tau_R-AuPGM1v4_n9 -> Error: FIREBASE FATAL ERROR: Cannot parse Firebase url. Please use https://<YOUR FIREBASE>.firebaseio.com 	    at Vb (http://localhost:4200/assets/vendor.js:85597:278)	    at Wb (http://localhost:4200/assets/vendor.js:85599:21)	    at firebase.INTERNAL.registerService.Reference (http://localhost:4200/assets/vendor.js:85805:235)	    at Object.a.(anonymous function) [as database] (http://localhost:4200/assets/vendor.js:84825:4066)	    at e.value (http://localhost:4200/assets/vendor.js:84825:6484)	    at Object.create (http://localhost:4200/assets/vendor.js:124663:18)	    at instantiate (http://localhost:4200/assets/vendor.js:21220:23)	    at lookup (http://localhost:4200/assets/vendor.js:21045:17)	    at Container.lookup (http://localhost:4200/assets/vendor.js:20964:14)	    at Class.lookup (http://localhost:4200/assets/vendor.js:52226:33)
2022-05-25 11:08:51 ERROR    Failure: http://localhost:4200/ -> net::ERR_ABORTED
2022-05-25 11:08:51 ERROR    Failure: http://localhost:4200/ -> net::ERR_ABORTED
2022-05-25 11:08:51 ERROR    Failure: http://localhost:4200/ -> net::ERR_ABORTED
2022-05-25 11:08:51 ERROR    Failure: http://localhost:4200/ -> net::ERR_ABORTED
2022-05-25 11:08:51 ERROR    Failure: http://localhost:4200/ -> net::ERR_ABORTED
2022-05-25 11:08:51 ERROR    Failure: http://localhost:4200/ -> net::ERR_ABORTED
2022-05-25 11:08:51 ERROR    Failure: http://localhost:4200/ -> net::ERR_ABORTED
2022-05-25 11:08:51 ERROR    Failure: http://localhost:4200/-N2tany8jv7w0c9Gf-ll -> net::ERR_CONNECTION_REFUSED
2022-05-25 11:08:51 ERROR    Failure: http://localhost:4200/-N2tany8jv7w0c9Gf-ll -> Failed to load resource: net::ERR_CONNECTION_REFUSED
2022-05-25 11:08:52 ERROR    Failure: http://localhost:4200/-N2tany8jv7w0c9Gf-ll -> JSHandle@error
2022-05-25 11:08:52 ERROR    Failure: http://localhost:4200/-N2tany8jv7w0c9Gf-ll -> Error: FIREBASE FATAL ERROR: Cannot parse Firebase url. Please use https://<YOUR FIREBASE>.firebaseio.com 	    at Vb (http://localhost:4200/assets/vendor.js:85597:278)	    at Wb (http://localhost:4200/assets/vendor.js:85599:21)	    at firebase.INTERNAL.registerService.Reference (http://localhost:4200/assets/vendor.js:85805:235)	    at Object.a.(anonymous function) [as database] (http://localhost:4200/assets/vendor.js:84825:4066)	    at e.value (http://localhost:4200/assets/vendor.js:84825:6484)	    at Object.create (http://localhost:4200/assets/vendor.js:124663:18)	    at instantiate (http://localhost:4200/assets/vendor.js:21220:23)	    at lookup (http://localhost:4200/assets/vendor.js:21045:17)	    at Container.lookup (http://localhost:4200/assets/vendor.js:20964:14)	    at Class.lookup (http://localhost:4200/assets/vendor.js:52226:33)
2022-05-25 11:08:56 ERROR    Failure: http://localhost:4200/ -> net::ERR_ABORTED
2022-05-25 11:08:56 ERROR    Failure: http://localhost:4200/ -> net::ERR_ABORTED
2022-05-25 11:08:56 ERROR    Failure: http://localhost:4200/ -> net::ERR_ABORTED
2022-05-25 11:08:56 ERROR    Failure: http://localhost:4200/ -> net::ERR_ABORTED
2022-05-25 11:08:56 ERROR    Failure: http://localhost:4200/ -> net::ERR_ABORTED
2022-05-25 11:08:56 ERROR    Failure: http://localhost:4200/ -> net::ERR_ABORTED
2022-05-25 11:08:56 ERROR    Failure: http://localhost:4200/ -> net::ERR_ABORTED
2022-05-25 11:08:56 ERROR    Failure: http://localhost:4200/-N2tau_R-AuPGM1v4_n9 -> net::ERR_CONNECTION_REFUSED
2022-05-25 11:08:56 ERROR    Failure: http://localhost:4200/-N2tau_R-AuPGM1v4_n9 -> Failed to load resource: net::ERR_CONNECTION_REFUSED
2022-05-25 11:08:57 ERROR    Failure: http://localhost:4200/-N2tau_R-AuPGM1v4_n9 -> JSHandle@error
2022-05-25 11:08:57 ERROR    Failure: http://localhost:4200/-N2tau_R-AuPGM1v4_n9 -> Error: FIREBASE FATAL ERROR: Cannot parse Firebase url. Please use https://<YOUR FIREBASE>.firebaseio.com 	    at Vb (http://localhost:4200/assets/vendor.js:85597:278)	    at Wb (http://localhost:4200/assets/vendor.js:85599:21)	    at firebase.INTERNAL.registerService.Reference (http://localhost:4200/assets/vendor.js:85805:235)	    at Object.a.(anonymous function) [as database] (http://localhost:4200/assets/vendor.js:84825:4066)	    at e.value (http://localhost:4200/assets/vendor.js:84825:6484)	    at Object.create (http://localhost:4200/assets/vendor.js:124663:18)	    at instantiate (http://localhost:4200/assets/vendor.js:21220:23)	    at lookup (http://localhost:4200/assets/vendor.js:21045:17)	    at Container.lookup (http://localhost:4200/assets/vendor.js:20964:14)	    at Class.lookup (http://localhost:4200/assets/vendor.js:52226:33)
2022-05-25 11:08:59 ERROR    Failure: http://localhost:4200/ -> net::ERR_ABORTED
2022-05-25 11:08:59 ERROR    Failure: http://localhost:4200/ -> net::ERR_ABORTED
2022-05-25 11:08:59 ERROR    Failure: http://localhost:4200/ -> net::ERR_ABORTED
2022-05-25 11:08:59 ERROR    Failure: http://localhost:4200/ -> net::ERR_ABORTED
2022-05-25 11:08:59 ERROR    Failure: http://localhost:4200/ -> net::ERR_ABORTED
2022-05-25 11:08:59 ERROR    Failure: http://localhost:4200/ -> net::ERR_ABORTED
2022-05-25 11:08:59 ERROR    Failure: http://localhost:4200/ -> net::ERR_ABORTED
2022-05-25 11:08:59 ERROR    Failure: http://localhost:4200/-N2tany8jv7w0c9Gf-ll -> net::ERR_CONNECTION_REFUSED
2022-05-25 11:08:59 ERROR    Failure: http://localhost:4200/-N2tany8jv7w0c9Gf-ll -> Failed to load resource: net::ERR_CONNECTION_REFUSED
2022-05-25 11:08:59 ERROR    Failure: http://localhost:4200/-N2tany8jv7w0c9Gf-ll -> JSHandle@error
2022-05-25 11:08:59 ERROR    Failure: http://localhost:4200/-N2tany8jv7w0c9Gf-ll -> Error: FIREBASE FATAL ERROR: Cannot parse Firebase url. Please use https://<YOUR FIREBASE>.firebaseio.com 	    at Vb (http://localhost:4200/assets/vendor.js:85597:278)	    at Wb (http://localhost:4200/assets/vendor.js:85599:21)	    at firebase.INTERNAL.registerService.Reference (http://localhost:4200/assets/vendor.js:85805:235)	    at Object.a.(anonymous function) [as database] (http://localhost:4200/assets/vendor.js:84825:4066)	    at e.value (http://localhost:4200/assets/vendor.js:84825:6484)	    at Object.create (http://localhost:4200/assets/vendor.js:124663:18)	    at instantiate (http://localhost:4200/assets/vendor.js:21220:23)	    at lookup (http://localhost:4200/assets/vendor.js:21045:17)	    at Container.lookup (http://localhost:4200/assets/vendor.js:20964:14)	    at Class.lookup (http://localhost:4200/assets/vendor.js:52226:33)
2022-05-25 11:09:04 ERROR    Failure: http://localhost:4200/ -> net::ERR_ABORTED
2022-05-25 11:09:04 ERROR    Failure: http://localhost:4200/ -> net::ERR_ABORTED
2022-05-25 11:09:04 ERROR    Failure: http://localhost:4200/ -> net::ERR_ABORTED
2022-05-25 11:09:04 ERROR    Failure: http://localhost:4200/ -> net::ERR_ABORTED
2022-05-25 11:09:04 ERROR    Failure: http://localhost:4200/ -> net::ERR_ABORTED
2022-05-25 11:09:04 ERROR    Failure: http://localhost:4200/ -> net::ERR_ABORTED
2022-05-25 11:09:04 ERROR    Failure: http://localhost:4200/ -> net::ERR_ABORTED
2022-05-25 11:09:04 ERROR    Failure: http://localhost:4200/-N2tau_R-AuPGM1v4_n9 -> net::ERR_CONNECTION_REFUSED
2022-05-25 11:09:04 ERROR    Failure: http://localhost:4200/-N2tau_R-AuPGM1v4_n9 -> Failed to load resource: net::ERR_CONNECTION_REFUSED
2022-05-25 11:09:04 ERROR    Failure: http://localhost:4200/-N2tau_R-AuPGM1v4_n9 -> JSHandle@error
2022-05-25 11:09:04 ERROR    Failure: http://localhost:4200/-N2tau_R-AuPGM1v4_n9 -> Error: FIREBASE FATAL ERROR: Cannot parse Firebase url. Please use https://<YOUR FIREBASE>.firebaseio.com 	    at Vb (http://localhost:4200/assets/vendor.js:85597:278)	    at Wb (http://localhost:4200/assets/vendor.js:85599:21)	    at firebase.INTERNAL.registerService.Reference (http://localhost:4200/assets/vendor.js:85805:235)	    at Object.a.(anonymous function) [as database] (http://localhost:4200/assets/vendor.js:84825:4066)	    at e.value (http://localhost:4200/assets/vendor.js:84825:6484)	    at Object.create (http://localhost:4200/assets/vendor.js:124663:18)	    at instantiate (http://localhost:4200/assets/vendor.js:21220:23)	    at lookup (http://localhost:4200/assets/vendor.js:21045:17)	    at Container.lookup (http://localhost:4200/assets/vendor.js:20964:14)	    at Class.lookup (http://localhost:4200/assets/vendor.js:52226:33)
2022-05-25 11:09:07 ERROR    Failure: http://localhost:4200/ -> net::ERR_ABORTED
2022-05-25 11:09:07 ERROR    Failure: http://localhost:4200/ -> net::ERR_ABORTED
2022-05-25 11:09:07 ERROR    Failure: http://localhost:4200/ -> net::ERR_ABORTED
2022-05-25 11:09:07 ERROR    Failure: http://localhost:4200/ -> net::ERR_ABORTED
2022-05-25 11:09:07 ERROR    Failure: http://localhost:4200/ -> net::ERR_ABORTED
2022-05-25 11:09:07 ERROR    Failure: http://localhost:4200/ -> net::ERR_ABORTED
2022-05-25 11:09:07 ERROR    Failure: http://localhost:4200/ -> net::ERR_ABORTED
2022-05-25 11:09:07 ERROR    Failure: http://localhost:4200/-N2tau_R-AuPGM1v4_n9 -> net::ERR_CONNECTION_REFUSED
2022-05-25 11:09:07 ERROR    Failure: http://localhost:4200/-N2tau_R-AuPGM1v4_n9 -> Failed to load resource: net::ERR_CONNECTION_REFUSED
2022-05-25 11:09:08 ERROR    Failure: http://localhost:4200/-N2tau_R-AuPGM1v4_n9 -> JSHandle@error
2022-05-25 11:09:08 ERROR    Failure: http://localhost:4200/-N2tau_R-AuPGM1v4_n9 -> Error: FIREBASE FATAL ERROR: Cannot parse Firebase url. Please use https://<YOUR FIREBASE>.firebaseio.com 	    at Vb (http://localhost:4200/assets/vendor.js:85597:278)	    at Wb (http://localhost:4200/assets/vendor.js:85599:21)	    at firebase.INTERNAL.registerService.Reference (http://localhost:4200/assets/vendor.js:85805:235)	    at Object.a.(anonymous function) [as database] (http://localhost:4200/assets/vendor.js:84825:4066)	    at e.value (http://localhost:4200/assets/vendor.js:84825:6484)	    at Object.create (http://localhost:4200/assets/vendor.js:124663:18)	    at instantiate (http://localhost:4200/assets/vendor.js:21220:23)	    at lookup (http://localhost:4200/assets/vendor.js:21045:17)	    at Container.lookup (http://localhost:4200/assets/vendor.js:20964:14)	    at Class.lookup (http://localhost:4200/assets/vendor.js:52226:33)
2022-05-25 11:09:10 ERROR    Failure: http://localhost:4200/ -> net::ERR_ABORTED
2022-05-25 11:09:10 ERROR    Failure: http://localhost:4200/ -> net::ERR_ABORTED
2022-05-25 11:09:10 ERROR    Failure: http://localhost:4200/ -> net::ERR_ABORTED
2022-05-25 11:09:10 ERROR    Failure: http://localhost:4200/ -> net::ERR_ABORTED
2022-05-25 11:09:10 ERROR    Failure: http://localhost:4200/ -> net::ERR_ABORTED
2022-05-25 11:09:10 ERROR    Failure: http://localhost:4200/ -> net::ERR_ABORTED
2022-05-25 11:09:10 ERROR    Failure: http://localhost:4200/ -> net::ERR_ABORTED
2022-05-25 11:09:10 ERROR    Failure: http://localhost:4200/-N2tau_R-AuPGM1v4_n9 -> net::ERR_CONNECTION_REFUSED
2022-05-25 11:09:10 ERROR    Failure: http://localhost:4200/-N2tau_R-AuPGM1v4_n9 -> Failed to load resource: net::ERR_CONNECTION_REFUSED
2022-05-25 11:09:10 ERROR    Failure: http://localhost:4200/-N2tau_R-AuPGM1v4_n9 -> JSHandle@error
2022-05-25 11:09:10 ERROR    Failure: http://localhost:4200/-N2tau_R-AuPGM1v4_n9 -> Error: FIREBASE FATAL ERROR: Cannot parse Firebase url. Please use https://<YOUR FIREBASE>.firebaseio.com 	    at Vb (http://localhost:4200/assets/vendor.js:85597:278)	    at Wb (http://localhost:4200/assets/vendor.js:85599:21)	    at firebase.INTERNAL.registerService.Reference (http://localhost:4200/assets/vendor.js:85805:235)	    at Object.a.(anonymous function) [as database] (http://localhost:4200/assets/vendor.js:84825:4066)	    at e.value (http://localhost:4200/assets/vendor.js:84825:6484)	    at Object.create (http://localhost:4200/assets/vendor.js:124663:18)	    at instantiate (http://localhost:4200/assets/vendor.js:21220:23)	    at lookup (http://localhost:4200/assets/vendor.js:21045:17)	    at Container.lookup (http://localhost:4200/assets/vendor.js:20964:14)	    at Class.lookup (http://localhost:4200/assets/vendor.js:52226:33)
2022-05-25 11:09:15 ERROR    Failure: http://localhost:4200/ -> net::ERR_ABORTED
2022-05-25 11:09:15 ERROR    Failure: http://localhost:4200/ -> net::ERR_ABORTED
2022-05-25 11:09:15 ERROR    Failure: http://localhost:4200/ -> net::ERR_ABORTED
2022-05-25 11:09:15 ERROR    Failure: http://localhost:4200/ -> net::ERR_ABORTED
2022-05-25 11:09:15 ERROR    Failure: http://localhost:4200/ -> net::ERR_ABORTED
2022-05-25 11:09:15 ERROR    Failure: http://localhost:4200/ -> net::ERR_ABORTED
2022-05-25 11:09:15 ERROR    Failure: http://localhost:4200/ -> net::ERR_ABORTED
2022-05-25 11:09:15 ERROR    Failure: http://localhost:4200/-N2tany8jv7w0c9Gf-ll -> net::ERR_CONNECTION_REFUSED
2022-05-25 11:09:15 ERROR    Failure: http://localhost:4200/-N2tany8jv7w0c9Gf-ll -> Failed to load resource: net::ERR_CONNECTION_REFUSED
2022-05-25 11:09:15 ERROR    Failure: http://localhost:4200/-N2tany8jv7w0c9Gf-ll -> JSHandle@error
2022-05-25 11:09:15 ERROR    Failure: http://localhost:4200/-N2tany8jv7w0c9Gf-ll -> Error: FIREBASE FATAL ERROR: Cannot parse Firebase url. Please use https://<YOUR FIREBASE>.firebaseio.com 	    at Vb (http://localhost:4200/assets/vendor.js:85597:278)	    at Wb (http://localhost:4200/assets/vendor.js:85599:21)	    at firebase.INTERNAL.registerService.Reference (http://localhost:4200/assets/vendor.js:85805:235)	    at Object.a.(anonymous function) [as database] (http://localhost:4200/assets/vendor.js:84825:4066)	    at e.value (http://localhost:4200/assets/vendor.js:84825:6484)	    at Object.create (http://localhost:4200/assets/vendor.js:124663:18)	    at instantiate (http://localhost:4200/assets/vendor.js:21220:23)	    at lookup (http://localhost:4200/assets/vendor.js:21045:17)	    at Container.lookup (http://localhost:4200/assets/vendor.js:20964:14)	    at Class.lookup (http://localhost:4200/assets/vendor.js:52226:33)
2022-05-25 11:09:20 ERROR    Failure: http://localhost:4200/ -> net::ERR_ABORTED
2022-05-25 11:09:20 ERROR    Failure: http://localhost:4200/ -> net::ERR_ABORTED
2022-05-25 11:09:20 ERROR    Failure: http://localhost:4200/ -> net::ERR_ABORTED
2022-05-25 11:09:20 ERROR    Failure: http://localhost:4200/ -> net::ERR_ABORTED
2022-05-25 11:09:20 ERROR    Failure: http://localhost:4200/ -> net::ERR_ABORTED
2022-05-25 11:09:20 ERROR    Failure: http://localhost:4200/ -> net::ERR_ABORTED
2022-05-25 11:09:20 ERROR    Failure: http://localhost:4200/ -> net::ERR_ABORTED
2022-05-25 11:09:20 ERROR    Failure: http://localhost:4200/-N2tau_R-AuPGM1v4_n9 -> net::ERR_CONNECTION_REFUSED
2022-05-25 11:09:20 ERROR    Failure: http://localhost:4200/-N2tau_R-AuPGM1v4_n9 -> Failed to load resource: net::ERR_CONNECTION_REFUSED
2022-05-25 11:09:20 ERROR    Failure: http://localhost:4200/-N2tau_R-AuPGM1v4_n9 -> JSHandle@error
2022-05-25 11:09:20 ERROR    Failure: http://localhost:4200/-N2tau_R-AuPGM1v4_n9 -> Error: FIREBASE FATAL ERROR: Cannot parse Firebase url. Please use https://<YOUR FIREBASE>.firebaseio.com 	    at Vb (http://localhost:4200/assets/vendor.js:85597:278)	    at Wb (http://localhost:4200/assets/vendor.js:85599:21)	    at firebase.INTERNAL.registerService.Reference (http://localhost:4200/assets/vendor.js:85805:235)	    at Object.a.(anonymous function) [as database] (http://localhost:4200/assets/vendor.js:84825:4066)	    at e.value (http://localhost:4200/assets/vendor.js:84825:6484)	    at Object.create (http://localhost:4200/assets/vendor.js:124663:18)	    at instantiate (http://localhost:4200/assets/vendor.js:21220:23)	    at lookup (http://localhost:4200/assets/vendor.js:21045:17)	    at Container.lookup (http://localhost:4200/assets/vendor.js:20964:14)	    at Class.lookup (http://localhost:4200/assets/vendor.js:52226:33)
2022-05-25 11:09:26 ERROR    Failure: http://localhost:4200/ -> net::ERR_ABORTED
2022-05-25 11:09:26 ERROR    Failure: http://localhost:4200/ -> net::ERR_ABORTED
2022-05-25 11:09:26 ERROR    Failure: http://localhost:4200/ -> net::ERR_ABORTED
2022-05-25 11:09:26 ERROR    Failure: http://localhost:4200/ -> net::ERR_ABORTED
2022-05-25 11:09:26 ERROR    Failure: http://localhost:4200/ -> net::ERR_ABORTED
2022-05-25 11:09:26 ERROR    Failure: http://localhost:4200/ -> net::ERR_ABORTED
2022-05-25 11:09:26 ERROR    Failure: http://localhost:4200/ -> net::ERR_ABORTED
2022-05-25 11:09:26 ERROR    Failure: http://localhost:4200/-N2tany8jv7w0c9Gf-ll -> net::ERR_CONNECTION_REFUSED
2022-05-25 11:09:26 ERROR    Failure: http://localhost:4200/-N2tany8jv7w0c9Gf-ll -> Failed to load resource: net::ERR_CONNECTION_REFUSED
2022-05-25 11:09:26 ERROR    Failure: http://localhost:4200/-N2tany8jv7w0c9Gf-ll -> JSHandle@error
2022-05-25 11:09:26 ERROR    Failure: http://localhost:4200/-N2tany8jv7w0c9Gf-ll -> Error: FIREBASE FATAL ERROR: Cannot parse Firebase url. Please use https://<YOUR FIREBASE>.firebaseio.com 	    at Vb (http://localhost:4200/assets/vendor.js:85597:278)	    at Wb (http://localhost:4200/assets/vendor.js:85599:21)	    at firebase.INTERNAL.registerService.Reference (http://localhost:4200/assets/vendor.js:85805:235)	    at Object.a.(anonymous function) [as database] (http://localhost:4200/assets/vendor.js:84825:4066)	    at e.value (http://localhost:4200/assets/vendor.js:84825:6484)	    at Object.create (http://localhost:4200/assets/vendor.js:124663:18)	    at instantiate (http://localhost:4200/assets/vendor.js:21220:23)	    at lookup (http://localhost:4200/assets/vendor.js:21045:17)	    at Container.lookup (http://localhost:4200/assets/vendor.js:20964:14)	    at Class.lookup (http://localhost:4200/assets/vendor.js:52226:33)
2022-05-25 11:09:31 ERROR    Failure: http://localhost:4200/ -> net::ERR_ABORTED
2022-05-25 11:09:31 ERROR    Failure: http://localhost:4200/ -> net::ERR_ABORTED
2022-05-25 11:09:31 ERROR    Failure: http://localhost:4200/ -> net::ERR_ABORTED
2022-05-25 11:09:31 ERROR    Failure: http://localhost:4200/ -> net::ERR_ABORTED
2022-05-25 11:09:31 ERROR    Failure: http://localhost:4200/ -> net::ERR_ABORTED
2022-05-25 11:09:31 ERROR    Failure: http://localhost:4200/ -> net::ERR_ABORTED
2022-05-25 11:09:31 ERROR    Failure: http://localhost:4200/-N2tau_R-AuPGM1v4_n9 -> net::ERR_CONNECTION_REFUSED
2022-05-25 11:09:31 ERROR    Failure: http://localhost:4200/-N2tau_R-AuPGM1v4_n9 -> Failed to load resource: net::ERR_CONNECTION_REFUSED
2022-05-25 11:09:31 ERROR    Failure: http://localhost:4200/-N2tau_R-AuPGM1v4_n9 -> JSHandle@error
2022-05-25 11:09:31 ERROR    Failure: http://localhost:4200/-N2tau_R-AuPGM1v4_n9 -> Error: FIREBASE FATAL ERROR: Cannot parse Firebase url. Please use https://<YOUR FIREBASE>.firebaseio.com 	    at Vb (http://localhost:4200/assets/vendor.js:85597:278)	    at Wb (http://localhost:4200/assets/vendor.js:85599:21)	    at firebase.INTERNAL.registerService.Reference (http://localhost:4200/assets/vendor.js:85805:235)	    at Object.a.(anonymous function) [as database] (http://localhost:4200/assets/vendor.js:84825:4066)	    at e.value (http://localhost:4200/assets/vendor.js:84825:6484)	    at Object.create (http://localhost:4200/assets/vendor.js:124663:18)	    at instantiate (http://localhost:4200/assets/vendor.js:21220:23)	    at lookup (http://localhost:4200/assets/vendor.js:21045:17)	    at Container.lookup (http://localhost:4200/assets/vendor.js:20964:14)	    at Class.lookup (http://localhost:4200/assets/vendor.js:52226:33)
2022-05-25 11:09:40 ERROR    Failure: http://localhost:4200/ -> net::ERR_ABORTED
2022-05-25 11:09:40 ERROR    Failure: http://localhost:4200/ -> net::ERR_ABORTED
2022-05-25 11:09:40 ERROR    Failure: http://localhost:4200/ -> net::ERR_ABORTED
2022-05-25 11:09:40 ERROR    Failure: http://localhost:4200/ -> net::ERR_ABORTED
2022-05-25 11:09:40 ERROR    Failure: http://localhost:4200/ -> net::ERR_ABORTED
2022-05-25 11:09:40 ERROR    Failure: http://localhost:4200/ -> net::ERR_ABORTED
2022-05-25 11:09:40 ERROR    Failure: http://localhost:4200/ -> net::ERR_ABORTED
2022-05-25 11:09:40 ERROR    Failure: http://localhost:4200/-N2tau_R-AuPGM1v4_n9 -> net::ERR_CONNECTION_REFUSED
2022-05-25 11:09:40 ERROR    Failure: http://localhost:4200/-N2tau_R-AuPGM1v4_n9 -> Failed to load resource: net::ERR_CONNECTION_REFUSED
2022-05-25 11:09:40 ERROR    Failure: http://localhost:4200/-N2tau_R-AuPGM1v4_n9 -> JSHandle@error
2022-05-25 11:09:40 ERROR    Failure: http://localhost:4200/-N2tau_R-AuPGM1v4_n9 -> Error: FIREBASE FATAL ERROR: Cannot parse Firebase url. Please use https://<YOUR FIREBASE>.firebaseio.com 	    at Vb (http://localhost:4200/assets/vendor.js:85597:278)	    at Wb (http://localhost:4200/assets/vendor.js:85599:21)	    at firebase.INTERNAL.registerService.Reference (http://localhost:4200/assets/vendor.js:85805:235)	    at Object.a.(anonymous function) [as database] (http://localhost:4200/assets/vendor.js:84825:4066)	    at e.value (http://localhost:4200/assets/vendor.js:84825:6484)	    at Object.create (http://localhost:4200/assets/vendor.js:124663:18)	    at instantiate (http://localhost:4200/assets/vendor.js:21220:23)	    at lookup (http://localhost:4200/assets/vendor.js:21045:17)	    at Container.lookup (http://localhost:4200/assets/vendor.js:20964:14)	    at Class.lookup (http://localhost:4200/assets/vendor.js:52226:33)
2022-05-25 11:09:46 ERROR    Failure: http://localhost:4200/ -> net::ERR_ABORTED
2022-05-25 11:09:46 ERROR    Failure: http://localhost:4200/ -> net::ERR_ABORTED
2022-05-25 11:09:46 ERROR    Failure: http://localhost:4200/ -> net::ERR_ABORTED
2022-05-25 11:09:46 ERROR    Failure: http://localhost:4200/ -> net::ERR_ABORTED
2022-05-25 11:09:46 ERROR    Failure: http://localhost:4200/ -> net::ERR_ABORTED
2022-05-25 11:09:46 ERROR    Failure: http://localhost:4200/ -> net::ERR_ABORTED
2022-05-25 11:09:46 ERROR    Failure: http://localhost:4200/ -> net::ERR_ABORTED
2022-05-25 11:09:46 ERROR    Failure: http://localhost:4200/-N2tau_R-AuPGM1v4_n9 -> net::ERR_CONNECTION_REFUSED
2022-05-25 11:09:46 ERROR    Failure: http://localhost:4200/-N2tau_R-AuPGM1v4_n9 -> Failed to load resource: net::ERR_CONNECTION_REFUSED
2022-05-25 11:09:47 ERROR    Failure: http://localhost:4200/-N2tau_R-AuPGM1v4_n9 -> JSHandle@error
2022-05-25 11:09:47 ERROR    Failure: http://localhost:4200/-N2tau_R-AuPGM1v4_n9 -> Error: FIREBASE FATAL ERROR: Cannot parse Firebase url. Please use https://<YOUR FIREBASE>.firebaseio.com 	    at Vb (http://localhost:4200/assets/vendor.js:85597:278)	    at Wb (http://localhost:4200/assets/vendor.js:85599:21)	    at firebase.INTERNAL.registerService.Reference (http://localhost:4200/assets/vendor.js:85805:235)	    at Object.a.(anonymous function) [as database] (http://localhost:4200/assets/vendor.js:84825:4066)	    at e.value (http://localhost:4200/assets/vendor.js:84825:6484)	    at Object.create (http://localhost:4200/assets/vendor.js:124663:18)	    at instantiate (http://localhost:4200/assets/vendor.js:21220:23)	    at lookup (http://localhost:4200/assets/vendor.js:21045:17)	    at Container.lookup (http://localhost:4200/assets/vendor.js:20964:14)	    at Class.lookup (http://localhost:4200/assets/vendor.js:52226:33)
2022-05-25 11:09:49 ERROR    Failure: http://localhost:4200/ -> net::ERR_ABORTED
2022-05-25 11:09:49 ERROR    Failure: http://localhost:4200/ -> net::ERR_ABORTED
2022-05-25 11:09:49 ERROR    Failure: http://localhost:4200/ -> net::ERR_ABORTED
2022-05-25 11:09:49 ERROR    Failure: http://localhost:4200/ -> net::ERR_ABORTED
2022-05-25 11:09:49 ERROR    Failure: http://localhost:4200/ -> net::ERR_ABORTED
2022-05-25 11:09:49 ERROR    Failure: http://localhost:4200/ -> net::ERR_ABORTED
2022-05-25 11:09:49 ERROR    Failure: http://localhost:4200/ -> net::ERR_ABORTED
2022-05-25 11:09:49 ERROR    Failure: http://localhost:4200/-N2tau_R-AuPGM1v4_n9 -> net::ERR_CONNECTION_REFUSED
2022-05-25 11:09:49 ERROR    Failure: http://localhost:4200/-N2tau_R-AuPGM1v4_n9 -> Failed to load resource: net::ERR_CONNECTION_REFUSED
2022-05-25 11:09:50 ERROR    Failure: http://localhost:4200/-N2tau_R-AuPGM1v4_n9 -> JSHandle@error
2022-05-25 11:09:50 ERROR    Failure: http://localhost:4200/-N2tau_R-AuPGM1v4_n9 -> Error: FIREBASE FATAL ERROR: Cannot parse Firebase url. Please use https://<YOUR FIREBASE>.firebaseio.com 	    at Vb (http://localhost:4200/assets/vendor.js:85597:278)	    at Wb (http://localhost:4200/assets/vendor.js:85599:21)	    at firebase.INTERNAL.registerService.Reference (http://localhost:4200/assets/vendor.js:85805:235)	    at Object.a.(anonymous function) [as database] (http://localhost:4200/assets/vendor.js:84825:4066)	    at e.value (http://localhost:4200/assets/vendor.js:84825:6484)	    at Object.create (http://localhost:4200/assets/vendor.js:124663:18)	    at instantiate (http://localhost:4200/assets/vendor.js:21220:23)	    at lookup (http://localhost:4200/assets/vendor.js:21045:17)	    at Container.lookup (http://localhost:4200/assets/vendor.js:20964:14)	    at Class.lookup (http://localhost:4200/assets/vendor.js:52226:33)
2022-05-25 11:09:50 WARNING  redoing process
2022-05-25 11:09:52 ERROR    Failure: http://localhost:4200/-N2tau_R-AuPGM1v4_n9 -> status code(400) -> 
2022-05-25 11:09:52 ERROR    Failure: http://localhost:4200/-N2tau_R-AuPGM1v4_n9 -> Access to XMLHttpRequest at 'https://geoip.nekudo.com/api' from origin 'http://localhost:4200' has been blocked by CORS policy: No 'Access-Control-Allow-Origin' header is present on the requested resource.
2022-05-25 11:09:52 ERROR    Failure: http://localhost:4200/-N2tau_R-AuPGM1v4_n9 -> JSHandle@object
2022-05-25 11:09:52 ERROR    Failure: http://localhost:4200/new -> net::ERR_ABORTED
2022-05-25 11:09:54 ERROR    Failure: http://localhost:4200/ -> net::ERR_ABORTED
2022-05-25 11:09:54 ERROR    Failure: http://localhost:4200/ -> net::ERR_ABORTED
2022-05-25 11:09:54 ERROR    Failure: http://localhost:4200/ -> net::ERR_ABORTED
2022-05-25 11:09:54 ERROR    Failure: http://localhost:4200/ -> net::ERR_ABORTED
2022-05-25 11:09:54 ERROR    Failure: http://localhost:4200/ -> net::ERR_ABORTED
2022-05-25 11:09:54 ERROR    Failure: http://localhost:4200/ -> net::ERR_ABORTED
2022-05-25 11:09:54 ERROR    Failure: http://localhost:4200/ -> net::ERR_ABORTED
2022-05-25 11:09:54 ERROR    Failure: http://localhost:4200/-N2tau_R-AuPGM1v4_n9 -> net::ERR_CONNECTION_REFUSED
2022-05-25 11:09:54 ERROR    Failure: http://localhost:4200/-N2tau_R-AuPGM1v4_n9 -> Failed to load resource: net::ERR_CONNECTION_REFUSED
2022-05-25 11:09:55 ERROR    Failure: http://localhost:4200/-N2tau_R-AuPGM1v4_n9 -> JSHandle@error
2022-05-25 11:09:55 ERROR    Failure: http://localhost:4200/-N2tau_R-AuPGM1v4_n9 -> Error: FIREBASE FATAL ERROR: Cannot parse Firebase url. Please use https://<YOUR FIREBASE>.firebaseio.com 	    at Vb (http://localhost:4200/assets/vendor.js:85597:278)	    at Wb (http://localhost:4200/assets/vendor.js:85599:21)	    at firebase.INTERNAL.registerService.Reference (http://localhost:4200/assets/vendor.js:85805:235)	    at Object.a.(anonymous function) [as database] (http://localhost:4200/assets/vendor.js:84825:4066)	    at e.value (http://localhost:4200/assets/vendor.js:84825:6484)	    at Object.create (http://localhost:4200/assets/vendor.js:124663:18)	    at instantiate (http://localhost:4200/assets/vendor.js:21220:23)	    at lookup (http://localhost:4200/assets/vendor.js:21045:17)	    at Container.lookup (http://localhost:4200/assets/vendor.js:20964:14)	    at Class.lookup (http://localhost:4200/assets/vendor.js:52226:33)
2022-05-25 11:09:56 ERROR    Failure: http://localhost:4200/-N2tau_R-AuPGM1v4_n9 -> status code(400) -> 
2022-05-25 11:09:56 ERROR    Failure: http://localhost:4200/-N2tau_R-AuPGM1v4_n9 -> Access to XMLHttpRequest at 'https://geoip.nekudo.com/api' from origin 'http://localhost:4200' has been blocked by CORS policy: No 'Access-Control-Allow-Origin' header is present on the requested resource.
2022-05-25 11:09:56 ERROR    Failure: http://localhost:4200/-N2tau_R-AuPGM1v4_n9 -> JSHandle@object
2022-05-25 11:09:56 ERROR    Failure: http://localhost:4200/new -> net::ERR_ABORTED
2022-05-25 11:09:57 ERROR    Failure: http://localhost:4200/ -> net::ERR_ABORTED
2022-05-25 11:09:57 ERROR    Failure: http://localhost:4200/ -> net::ERR_ABORTED
2022-05-25 11:09:57 ERROR    Failure: http://localhost:4200/ -> net::ERR_ABORTED
2022-05-25 11:09:57 ERROR    Failure: http://localhost:4200/ -> net::ERR_ABORTED
2022-05-25 11:09:57 ERROR    Failure: http://localhost:4200/ -> net::ERR_ABORTED
2022-05-25 11:09:57 ERROR    Failure: http://localhost:4200/ -> net::ERR_ABORTED
2022-05-25 11:09:57 ERROR    Failure: http://localhost:4200/ -> net::ERR_ABORTED
2022-05-25 11:09:57 ERROR    Failure: http://localhost:4200/-N2tau_R-AuPGM1v4_n9 -> net::ERR_CONNECTION_REFUSED
2022-05-25 11:09:57 ERROR    Failure: http://localhost:4200/-N2tau_R-AuPGM1v4_n9 -> Failed to load resource: net::ERR_CONNECTION_REFUSED
2022-05-25 11:09:57 ERROR    Failure: http://localhost:4200/-N2tau_R-AuPGM1v4_n9 -> JSHandle@error
2022-05-25 11:09:57 ERROR    Failure: http://localhost:4200/-N2tau_R-AuPGM1v4_n9 -> Error: FIREBASE FATAL ERROR: Cannot parse Firebase url. Please use https://<YOUR FIREBASE>.firebaseio.com 	    at Vb (http://localhost:4200/assets/vendor.js:85597:278)	    at Wb (http://localhost:4200/assets/vendor.js:85599:21)	    at firebase.INTERNAL.registerService.Reference (http://localhost:4200/assets/vendor.js:85805:235)	    at Object.a.(anonymous function) [as database] (http://localhost:4200/assets/vendor.js:84825:4066)	    at e.value (http://localhost:4200/assets/vendor.js:84825:6484)	    at Object.create (http://localhost:4200/assets/vendor.js:124663:18)	    at instantiate (http://localhost:4200/assets/vendor.js:21220:23)	    at lookup (http://localhost:4200/assets/vendor.js:21045:17)	    at Container.lookup (http://localhost:4200/assets/vendor.js:20964:14)	    at Class.lookup (http://localhost:4200/assets/vendor.js:52226:33)
2022-05-25 11:10:00 ERROR    Failure: http://localhost:4200/ -> net::ERR_ABORTED
2022-05-25 11:10:00 ERROR    Failure: http://localhost:4200/ -> net::ERR_ABORTED
2022-05-25 11:10:00 ERROR    Failure: http://localhost:4200/ -> net::ERR_ABORTED
2022-05-25 11:10:00 ERROR    Failure: http://localhost:4200/ -> net::ERR_ABORTED
2022-05-25 11:10:00 ERROR    Failure: http://localhost:4200/ -> net::ERR_ABORTED
2022-05-25 11:10:00 ERROR    Failure: http://localhost:4200/ -> net::ERR_ABORTED
2022-05-25 11:10:00 ERROR    Failure: http://localhost:4200/ -> net::ERR_ABORTED
2022-05-25 11:10:00 ERROR    Failure: http://localhost:4200/-N2tau_R-AuPGM1v4_n9 -> net::ERR_CONNECTION_REFUSED
2022-05-25 11:10:00 ERROR    Failure: http://localhost:4200/-N2tau_R-AuPGM1v4_n9 -> Failed to load resource: net::ERR_CONNECTION_REFUSED
2022-05-25 11:10:00 ERROR    Failure: http://localhost:4200/-N2tau_R-AuPGM1v4_n9 -> JSHandle@error
2022-05-25 11:10:00 ERROR    Failure: http://localhost:4200/-N2tau_R-AuPGM1v4_n9 -> Error: FIREBASE FATAL ERROR: Cannot parse Firebase url. Please use https://<YOUR FIREBASE>.firebaseio.com 	    at Vb (http://localhost:4200/assets/vendor.js:85597:278)	    at Wb (http://localhost:4200/assets/vendor.js:85599:21)	    at firebase.INTERNAL.registerService.Reference (http://localhost:4200/assets/vendor.js:85805:235)	    at Object.a.(anonymous function) [as database] (http://localhost:4200/assets/vendor.js:84825:4066)	    at e.value (http://localhost:4200/assets/vendor.js:84825:6484)	    at Object.create (http://localhost:4200/assets/vendor.js:124663:18)	    at instantiate (http://localhost:4200/assets/vendor.js:21220:23)	    at lookup (http://localhost:4200/assets/vendor.js:21045:17)	    at Container.lookup (http://localhost:4200/assets/vendor.js:20964:14)	    at Class.lookup (http://localhost:4200/assets/vendor.js:52226:33)
2022-05-25 11:10:05 ERROR    Failure: http://localhost:4200/ -> net::ERR_ABORTED
2022-05-25 11:10:05 ERROR    Failure: http://localhost:4200/ -> net::ERR_ABORTED
2022-05-25 11:10:05 ERROR    Failure: http://localhost:4200/ -> net::ERR_ABORTED
2022-05-25 11:10:05 ERROR    Failure: http://localhost:4200/ -> net::ERR_ABORTED
2022-05-25 11:10:05 ERROR    Failure: http://localhost:4200/ -> net::ERR_ABORTED
2022-05-25 11:10:05 ERROR    Failure: http://localhost:4200/ -> net::ERR_ABORTED
2022-05-25 11:10:05 ERROR    Failure: http://localhost:4200/ -> net::ERR_ABORTED
2022-05-25 11:10:05 ERROR    Failure: http://localhost:4200/-N2tany8jv7w0c9Gf-ll -> net::ERR_CONNECTION_REFUSED
2022-05-25 11:10:05 ERROR    Failure: http://localhost:4200/-N2tany8jv7w0c9Gf-ll -> Failed to load resource: net::ERR_CONNECTION_REFUSED
2022-05-25 11:10:06 ERROR    Failure: http://localhost:4200/-N2tany8jv7w0c9Gf-ll -> JSHandle@error
2022-05-25 11:10:06 ERROR    Failure: http://localhost:4200/-N2tany8jv7w0c9Gf-ll -> Error: FIREBASE FATAL ERROR: Cannot parse Firebase url. Please use https://<YOUR FIREBASE>.firebaseio.com 	    at Vb (http://localhost:4200/assets/vendor.js:85597:278)	    at Wb (http://localhost:4200/assets/vendor.js:85599:21)	    at firebase.INTERNAL.registerService.Reference (http://localhost:4200/assets/vendor.js:85805:235)	    at Object.a.(anonymous function) [as database] (http://localhost:4200/assets/vendor.js:84825:4066)	    at e.value (http://localhost:4200/assets/vendor.js:84825:6484)	    at Object.create (http://localhost:4200/assets/vendor.js:124663:18)	    at instantiate (http://localhost:4200/assets/vendor.js:21220:23)	    at lookup (http://localhost:4200/assets/vendor.js:21045:17)	    at Container.lookup (http://localhost:4200/assets/vendor.js:20964:14)	    at Class.lookup (http://localhost:4200/assets/vendor.js:52226:33)
2022-05-25 11:10:11 ERROR    Failure: http://localhost:4200/ -> net::ERR_ABORTED
2022-05-25 11:10:11 ERROR    Failure: http://localhost:4200/ -> net::ERR_ABORTED
2022-05-25 11:10:11 ERROR    Failure: http://localhost:4200/ -> net::ERR_ABORTED
2022-05-25 11:10:11 ERROR    Failure: http://localhost:4200/ -> net::ERR_ABORTED
2022-05-25 11:10:11 ERROR    Failure: http://localhost:4200/ -> net::ERR_ABORTED
2022-05-25 11:10:11 ERROR    Failure: http://localhost:4200/ -> net::ERR_ABORTED
2022-05-25 11:10:11 ERROR    Failure: http://localhost:4200/ -> net::ERR_ABORTED
2022-05-25 11:10:11 ERROR    Failure: http://localhost:4200/-N2tau_R-AuPGM1v4_n9 -> net::ERR_CONNECTION_REFUSED
2022-05-25 11:10:11 ERROR    Failure: http://localhost:4200/-N2tau_R-AuPGM1v4_n9 -> Failed to load resource: net::ERR_CONNECTION_REFUSED
2022-05-25 11:10:12 ERROR    Failure: http://localhost:4200/-N2tau_R-AuPGM1v4_n9 -> JSHandle@error
2022-05-25 11:10:12 ERROR    Failure: http://localhost:4200/-N2tau_R-AuPGM1v4_n9 -> Error: FIREBASE FATAL ERROR: Cannot parse Firebase url. Please use https://<YOUR FIREBASE>.firebaseio.com 	    at Vb (http://localhost:4200/assets/vendor.js:85597:278)	    at Wb (http://localhost:4200/assets/vendor.js:85599:21)	    at firebase.INTERNAL.registerService.Reference (http://localhost:4200/assets/vendor.js:85805:235)	    at Object.a.(anonymous function) [as database] (http://localhost:4200/assets/vendor.js:84825:4066)	    at e.value (http://localhost:4200/assets/vendor.js:84825:6484)	    at Object.create (http://localhost:4200/assets/vendor.js:124663:18)	    at instantiate (http://localhost:4200/assets/vendor.js:21220:23)	    at lookup (http://localhost:4200/assets/vendor.js:21045:17)	    at Container.lookup (http://localhost:4200/assets/vendor.js:20964:14)	    at Class.lookup (http://localhost:4200/assets/vendor.js:52226:33)
2022-05-25 11:10:15 ERROR    Failure: http://localhost:4200/ -> net::ERR_ABORTED
2022-05-25 11:10:15 ERROR    Failure: http://localhost:4200/ -> net::ERR_ABORTED
2022-05-25 11:10:15 ERROR    Failure: http://localhost:4200/ -> net::ERR_ABORTED
2022-05-25 11:10:15 ERROR    Failure: http://localhost:4200/ -> net::ERR_ABORTED
2022-05-25 11:10:15 ERROR    Failure: http://localhost:4200/ -> net::ERR_ABORTED
2022-05-25 11:10:15 ERROR    Failure: http://localhost:4200/ -> net::ERR_ABORTED
2022-05-25 11:10:15 ERROR    Failure: http://localhost:4200/ -> net::ERR_ABORTED
2022-05-25 11:10:15 ERROR    Failure: http://localhost:4200/-N2tau_R-AuPGM1v4_n9 -> net::ERR_CONNECTION_REFUSED
2022-05-25 11:10:15 ERROR    Failure: http://localhost:4200/-N2tau_R-AuPGM1v4_n9 -> Failed to load resource: net::ERR_CONNECTION_REFUSED
2022-05-25 11:10:16 ERROR    Failure: http://localhost:4200/-N2tau_R-AuPGM1v4_n9 -> JSHandle@error
2022-05-25 11:10:16 ERROR    Failure: http://localhost:4200/-N2tau_R-AuPGM1v4_n9 -> Error: FIREBASE FATAL ERROR: Cannot parse Firebase url. Please use https://<YOUR FIREBASE>.firebaseio.com 	    at Vb (http://localhost:4200/assets/vendor.js:85597:278)	    at Wb (http://localhost:4200/assets/vendor.js:85599:21)	    at firebase.INTERNAL.registerService.Reference (http://localhost:4200/assets/vendor.js:85805:235)	    at Object.a.(anonymous function) [as database] (http://localhost:4200/assets/vendor.js:84825:4066)	    at e.value (http://localhost:4200/assets/vendor.js:84825:6484)	    at Object.create (http://localhost:4200/assets/vendor.js:124663:18)	    at instantiate (http://localhost:4200/assets/vendor.js:21220:23)	    at lookup (http://localhost:4200/assets/vendor.js:21045:17)	    at Container.lookup (http://localhost:4200/assets/vendor.js:20964:14)	    at Class.lookup (http://localhost:4200/assets/vendor.js:52226:33)
2022-05-25 11:10:19 ERROR    Failure: http://localhost:4200/ -> net::ERR_ABORTED
2022-05-25 11:10:19 ERROR    Failure: http://localhost:4200/ -> net::ERR_ABORTED
2022-05-25 11:10:19 ERROR    Failure: http://localhost:4200/ -> net::ERR_ABORTED
2022-05-25 11:10:19 ERROR    Failure: http://localhost:4200/ -> net::ERR_ABORTED
2022-05-25 11:10:19 ERROR    Failure: http://localhost:4200/ -> net::ERR_ABORTED
2022-05-25 11:10:19 ERROR    Failure: http://localhost:4200/ -> net::ERR_ABORTED
2022-05-25 11:10:19 ERROR    Failure: http://localhost:4200/ -> net::ERR_ABORTED
2022-05-25 11:10:19 ERROR    Failure: http://localhost:4200/-N2tany8jv7w0c9Gf-ll -> net::ERR_CONNECTION_REFUSED
2022-05-25 11:10:19 ERROR    Failure: http://localhost:4200/-N2tany8jv7w0c9Gf-ll -> Failed to load resource: net::ERR_CONNECTION_REFUSED
2022-05-25 11:10:20 ERROR    Failure: http://localhost:4200/-N2tany8jv7w0c9Gf-ll -> JSHandle@error
2022-05-25 11:10:20 ERROR    Failure: http://localhost:4200/-N2tany8jv7w0c9Gf-ll -> Error: FIREBASE FATAL ERROR: Cannot parse Firebase url. Please use https://<YOUR FIREBASE>.firebaseio.com 	    at Vb (http://localhost:4200/assets/vendor.js:85597:278)	    at Wb (http://localhost:4200/assets/vendor.js:85599:21)	    at firebase.INTERNAL.registerService.Reference (http://localhost:4200/assets/vendor.js:85805:235)	    at Object.a.(anonymous function) [as database] (http://localhost:4200/assets/vendor.js:84825:4066)	    at e.value (http://localhost:4200/assets/vendor.js:84825:6484)	    at Object.create (http://localhost:4200/assets/vendor.js:124663:18)	    at instantiate (http://localhost:4200/assets/vendor.js:21220:23)	    at lookup (http://localhost:4200/assets/vendor.js:21045:17)	    at Container.lookup (http://localhost:4200/assets/vendor.js:20964:14)	    at Class.lookup (http://localhost:4200/assets/vendor.js:52226:33)
2022-05-25 11:10:22 ERROR    Failure: http://localhost:4200/ -> net::ERR_ABORTED
2022-05-25 11:10:22 ERROR    Failure: http://localhost:4200/ -> net::ERR_ABORTED
2022-05-25 11:10:22 ERROR    Failure: http://localhost:4200/ -> net::ERR_ABORTED
2022-05-25 11:10:22 ERROR    Failure: http://localhost:4200/ -> net::ERR_ABORTED
2022-05-25 11:10:22 ERROR    Failure: http://localhost:4200/ -> net::ERR_ABORTED
2022-05-25 11:10:22 ERROR    Failure: http://localhost:4200/ -> net::ERR_ABORTED
2022-05-25 11:10:22 ERROR    Failure: http://localhost:4200/ -> net::ERR_ABORTED
2022-05-25 11:10:22 ERROR    Failure: http://localhost:4200/-N2tau_R-AuPGM1v4_n9 -> net::ERR_CONNECTION_REFUSED
2022-05-25 11:10:22 ERROR    Failure: http://localhost:4200/-N2tau_R-AuPGM1v4_n9 -> Failed to load resource: net::ERR_CONNECTION_REFUSED
2022-05-25 11:10:23 ERROR    Failure: http://localhost:4200/-N2tau_R-AuPGM1v4_n9 -> JSHandle@error
2022-05-25 11:10:23 ERROR    Failure: http://localhost:4200/-N2tau_R-AuPGM1v4_n9 -> Error: FIREBASE FATAL ERROR: Cannot parse Firebase url. Please use https://<YOUR FIREBASE>.firebaseio.com 	    at Vb (http://localhost:4200/assets/vendor.js:85597:278)	    at Wb (http://localhost:4200/assets/vendor.js:85599:21)	    at firebase.INTERNAL.registerService.Reference (http://localhost:4200/assets/vendor.js:85805:235)	    at Object.a.(anonymous function) [as database] (http://localhost:4200/assets/vendor.js:84825:4066)	    at e.value (http://localhost:4200/assets/vendor.js:84825:6484)	    at Object.create (http://localhost:4200/assets/vendor.js:124663:18)	    at instantiate (http://localhost:4200/assets/vendor.js:21220:23)	    at lookup (http://localhost:4200/assets/vendor.js:21045:17)	    at Container.lookup (http://localhost:4200/assets/vendor.js:20964:14)	    at Class.lookup (http://localhost:4200/assets/vendor.js:52226:33)
2022-05-25 11:10:25 ERROR    Failure: http://localhost:4200/ -> net::ERR_ABORTED
2022-05-25 11:10:25 ERROR    Failure: http://localhost:4200/ -> net::ERR_ABORTED
2022-05-25 11:10:25 ERROR    Failure: http://localhost:4200/ -> net::ERR_ABORTED
2022-05-25 11:10:25 ERROR    Failure: http://localhost:4200/ -> net::ERR_ABORTED
2022-05-25 11:10:25 ERROR    Failure: http://localhost:4200/ -> net::ERR_ABORTED
2022-05-25 11:10:25 ERROR    Failure: http://localhost:4200/ -> net::ERR_ABORTED
2022-05-25 11:10:25 ERROR    Failure: http://localhost:4200/ -> net::ERR_ABORTED
2022-05-25 11:10:25 ERROR    Failure: http://localhost:4200/-N2tany8jv7w0c9Gf-ll -> net::ERR_CONNECTION_REFUSED
2022-05-25 11:10:25 ERROR    Failure: http://localhost:4200/-N2tany8jv7w0c9Gf-ll -> Failed to load resource: net::ERR_CONNECTION_REFUSED
2022-05-25 11:10:25 ERROR    Failure: http://localhost:4200/-N2tany8jv7w0c9Gf-ll -> JSHandle@error
2022-05-25 11:10:25 ERROR    Failure: http://localhost:4200/-N2tany8jv7w0c9Gf-ll -> Error: FIREBASE FATAL ERROR: Cannot parse Firebase url. Please use https://<YOUR FIREBASE>.firebaseio.com 	    at Vb (http://localhost:4200/assets/vendor.js:85597:278)	    at Wb (http://localhost:4200/assets/vendor.js:85599:21)	    at firebase.INTERNAL.registerService.Reference (http://localhost:4200/assets/vendor.js:85805:235)	    at Object.a.(anonymous function) [as database] (http://localhost:4200/assets/vendor.js:84825:4066)	    at e.value (http://localhost:4200/assets/vendor.js:84825:6484)	    at Object.create (http://localhost:4200/assets/vendor.js:124663:18)	    at instantiate (http://localhost:4200/assets/vendor.js:21220:23)	    at lookup (http://localhost:4200/assets/vendor.js:21045:17)	    at Container.lookup (http://localhost:4200/assets/vendor.js:20964:14)	    at Class.lookup (http://localhost:4200/assets/vendor.js:52226:33)
2022-05-25 11:10:28 ERROR    Failure: http://localhost:4200/ -> net::ERR_ABORTED
2022-05-25 11:10:28 ERROR    Failure: http://localhost:4200/ -> net::ERR_ABORTED
2022-05-25 11:10:28 ERROR    Failure: http://localhost:4200/ -> net::ERR_ABORTED
2022-05-25 11:10:28 ERROR    Failure: http://localhost:4200/ -> net::ERR_ABORTED
2022-05-25 11:10:28 ERROR    Failure: http://localhost:4200/ -> net::ERR_ABORTED
2022-05-25 11:10:28 ERROR    Failure: http://localhost:4200/ -> net::ERR_ABORTED
2022-05-25 11:10:28 ERROR    Failure: http://localhost:4200/-N2tau_R-AuPGM1v4_n9 -> net::ERR_CONNECTION_REFUSED
2022-05-25 11:10:28 ERROR    Failure: http://localhost:4200/-N2tau_R-AuPGM1v4_n9 -> Failed to load resource: net::ERR_CONNECTION_REFUSED
2022-05-25 11:10:28 ERROR    Failure: http://localhost:4200/-N2tau_R-AuPGM1v4_n9 -> JSHandle@error
2022-05-25 11:10:28 ERROR    Failure: http://localhost:4200/-N2tau_R-AuPGM1v4_n9 -> Error: FIREBASE FATAL ERROR: Cannot parse Firebase url. Please use https://<YOUR FIREBASE>.firebaseio.com 	    at Vb (http://localhost:4200/assets/vendor.js:85597:278)	    at Wb (http://localhost:4200/assets/vendor.js:85599:21)	    at firebase.INTERNAL.registerService.Reference (http://localhost:4200/assets/vendor.js:85805:235)	    at Object.a.(anonymous function) [as database] (http://localhost:4200/assets/vendor.js:84825:4066)	    at e.value (http://localhost:4200/assets/vendor.js:84825:6484)	    at Object.create (http://localhost:4200/assets/vendor.js:124663:18)	    at instantiate (http://localhost:4200/assets/vendor.js:21220:23)	    at lookup (http://localhost:4200/assets/vendor.js:21045:17)	    at Container.lookup (http://localhost:4200/assets/vendor.js:20964:14)	    at Class.lookup (http://localhost:4200/assets/vendor.js:52226:33)
2022-05-25 11:10:32 ERROR    Failure: http://localhost:4200/ -> net::ERR_ABORTED
2022-05-25 11:10:32 ERROR    Failure: http://localhost:4200/ -> net::ERR_ABORTED
2022-05-25 11:10:32 ERROR    Failure: http://localhost:4200/ -> net::ERR_ABORTED
2022-05-25 11:10:32 ERROR    Failure: http://localhost:4200/ -> net::ERR_ABORTED
2022-05-25 11:10:32 ERROR    Failure: http://localhost:4200/ -> net::ERR_ABORTED
2022-05-25 11:10:32 ERROR    Failure: http://localhost:4200/ -> net::ERR_ABORTED
2022-05-25 11:10:32 ERROR    Failure: http://localhost:4200/ -> net::ERR_ABORTED
2022-05-25 11:10:32 ERROR    Failure: http://localhost:4200/-N2tau_R-AuPGM1v4_n9 -> net::ERR_CONNECTION_REFUSED
2022-05-25 11:10:32 ERROR    Failure: http://localhost:4200/-N2tau_R-AuPGM1v4_n9 -> Failed to load resource: net::ERR_CONNECTION_REFUSED
2022-05-25 11:10:33 ERROR    Failure: http://localhost:4200/-N2tau_R-AuPGM1v4_n9 -> JSHandle@error
2022-05-25 11:10:33 ERROR    Failure: http://localhost:4200/-N2tau_R-AuPGM1v4_n9 -> Error: FIREBASE FATAL ERROR: Cannot parse Firebase url. Please use https://<YOUR FIREBASE>.firebaseio.com 	    at Vb (http://localhost:4200/assets/vendor.js:85597:278)	    at Wb (http://localhost:4200/assets/vendor.js:85599:21)	    at firebase.INTERNAL.registerService.Reference (http://localhost:4200/assets/vendor.js:85805:235)	    at Object.a.(anonymous function) [as database] (http://localhost:4200/assets/vendor.js:84825:4066)	    at e.value (http://localhost:4200/assets/vendor.js:84825:6484)	    at Object.create (http://localhost:4200/assets/vendor.js:124663:18)	    at instantiate (http://localhost:4200/assets/vendor.js:21220:23)	    at lookup (http://localhost:4200/assets/vendor.js:21045:17)	    at Container.lookup (http://localhost:4200/assets/vendor.js:20964:14)	    at Class.lookup (http://localhost:4200/assets/vendor.js:52226:33)
2022-05-25 11:10:35 ERROR    Failure: http://localhost:4200/ -> net::ERR_ABORTED
2022-05-25 11:10:35 ERROR    Failure: http://localhost:4200/ -> net::ERR_ABORTED
2022-05-25 11:10:35 ERROR    Failure: http://localhost:4200/ -> net::ERR_ABORTED
2022-05-25 11:10:35 ERROR    Failure: http://localhost:4200/ -> net::ERR_ABORTED
2022-05-25 11:10:35 ERROR    Failure: http://localhost:4200/ -> net::ERR_ABORTED
2022-05-25 11:10:35 ERROR    Failure: http://localhost:4200/ -> net::ERR_ABORTED
2022-05-25 11:10:35 ERROR    Failure: http://localhost:4200/ -> net::ERR_ABORTED
2022-05-25 11:10:35 ERROR    Failure: http://localhost:4200/-N2tau_R-AuPGM1v4_n9 -> net::ERR_CONNECTION_REFUSED
2022-05-25 11:10:35 ERROR    Failure: http://localhost:4200/-N2tau_R-AuPGM1v4_n9 -> Failed to load resource: net::ERR_CONNECTION_REFUSED
2022-05-25 11:10:36 ERROR    Failure: http://localhost:4200/-N2tau_R-AuPGM1v4_n9 -> JSHandle@error
2022-05-25 11:10:36 ERROR    Failure: http://localhost:4200/-N2tau_R-AuPGM1v4_n9 -> Error: FIREBASE FATAL ERROR: Cannot parse Firebase url. Please use https://<YOUR FIREBASE>.firebaseio.com 	    at Vb (http://localhost:4200/assets/vendor.js:85597:278)	    at Wb (http://localhost:4200/assets/vendor.js:85599:21)	    at firebase.INTERNAL.registerService.Reference (http://localhost:4200/assets/vendor.js:85805:235)	    at Object.a.(anonymous function) [as database] (http://localhost:4200/assets/vendor.js:84825:4066)	    at e.value (http://localhost:4200/assets/vendor.js:84825:6484)	    at Object.create (http://localhost:4200/assets/vendor.js:124663:18)	    at instantiate (http://localhost:4200/assets/vendor.js:21220:23)	    at lookup (http://localhost:4200/assets/vendor.js:21045:17)	    at Container.lookup (http://localhost:4200/assets/vendor.js:20964:14)	    at Class.lookup (http://localhost:4200/assets/vendor.js:52226:33)
2022-05-25 11:10:39 ERROR    Failure: http://localhost:4200/ -> net::ERR_ABORTED
2022-05-25 11:10:39 ERROR    Failure: http://localhost:4200/ -> net::ERR_ABORTED
2022-05-25 11:10:39 ERROR    Failure: http://localhost:4200/ -> net::ERR_ABORTED
2022-05-25 11:10:39 ERROR    Failure: http://localhost:4200/ -> net::ERR_ABORTED
2022-05-25 11:10:39 ERROR    Failure: http://localhost:4200/ -> net::ERR_ABORTED
2022-05-25 11:10:39 ERROR    Failure: http://localhost:4200/ -> net::ERR_ABORTED
2022-05-25 11:10:39 ERROR    Failure: http://localhost:4200/ -> net::ERR_ABORTED
2022-05-25 11:10:39 ERROR    Failure: http://localhost:4200/-N2tau_R-AuPGM1v4_n9 -> net::ERR_CONNECTION_REFUSED
2022-05-25 11:10:39 ERROR    Failure: http://localhost:4200/-N2tau_R-AuPGM1v4_n9 -> Failed to load resource: net::ERR_CONNECTION_REFUSED
2022-05-25 11:10:40 ERROR    Failure: http://localhost:4200/-N2tau_R-AuPGM1v4_n9 -> JSHandle@error
2022-05-25 11:10:40 ERROR    Failure: http://localhost:4200/-N2tau_R-AuPGM1v4_n9 -> Error: FIREBASE FATAL ERROR: Cannot parse Firebase url. Please use https://<YOUR FIREBASE>.firebaseio.com 	    at Vb (http://localhost:4200/assets/vendor.js:85597:278)	    at Wb (http://localhost:4200/assets/vendor.js:85599:21)	    at firebase.INTERNAL.registerService.Reference (http://localhost:4200/assets/vendor.js:85805:235)	    at Object.a.(anonymous function) [as database] (http://localhost:4200/assets/vendor.js:84825:4066)	    at e.value (http://localhost:4200/assets/vendor.js:84825:6484)	    at Object.create (http://localhost:4200/assets/vendor.js:124663:18)	    at instantiate (http://localhost:4200/assets/vendor.js:21220:23)	    at lookup (http://localhost:4200/assets/vendor.js:21045:17)	    at Container.lookup (http://localhost:4200/assets/vendor.js:20964:14)	    at Class.lookup (http://localhost:4200/assets/vendor.js:52226:33)
2022-05-25 11:10:42 ERROR    Failure: http://localhost:4200/ -> net::ERR_ABORTED
2022-05-25 11:10:42 ERROR    Failure: http://localhost:4200/ -> net::ERR_ABORTED
2022-05-25 11:10:42 ERROR    Failure: http://localhost:4200/ -> net::ERR_ABORTED
2022-05-25 11:10:42 ERROR    Failure: http://localhost:4200/ -> net::ERR_ABORTED
2022-05-25 11:10:42 ERROR    Failure: http://localhost:4200/ -> net::ERR_ABORTED
2022-05-25 11:10:42 ERROR    Failure: http://localhost:4200/ -> net::ERR_ABORTED
2022-05-25 11:10:42 ERROR    Failure: http://localhost:4200/ -> net::ERR_ABORTED
2022-05-25 11:10:42 ERROR    Failure: http://localhost:4200/-N2tau_R-AuPGM1v4_n9 -> net::ERR_CONNECTION_REFUSED
2022-05-25 11:10:42 ERROR    Failure: http://localhost:4200/-N2tau_R-AuPGM1v4_n9 -> Failed to load resource: net::ERR_CONNECTION_REFUSED
2022-05-25 11:10:42 ERROR    Failure: http://localhost:4200/-N2tau_R-AuPGM1v4_n9 -> JSHandle@error
2022-05-25 11:10:42 ERROR    Failure: http://localhost:4200/-N2tau_R-AuPGM1v4_n9 -> Error: FIREBASE FATAL ERROR: Cannot parse Firebase url. Please use https://<YOUR FIREBASE>.firebaseio.com 	    at Vb (http://localhost:4200/assets/vendor.js:85597:278)	    at Wb (http://localhost:4200/assets/vendor.js:85599:21)	    at firebase.INTERNAL.registerService.Reference (http://localhost:4200/assets/vendor.js:85805:235)	    at Object.a.(anonymous function) [as database] (http://localhost:4200/assets/vendor.js:84825:4066)	    at e.value (http://localhost:4200/assets/vendor.js:84825:6484)	    at Object.create (http://localhost:4200/assets/vendor.js:124663:18)	    at instantiate (http://localhost:4200/assets/vendor.js:21220:23)	    at lookup (http://localhost:4200/assets/vendor.js:21045:17)	    at Container.lookup (http://localhost:4200/assets/vendor.js:20964:14)	    at Class.lookup (http://localhost:4200/assets/vendor.js:52226:33)
2022-05-25 11:10:45 ERROR    Failure: http://localhost:4200/ -> net::ERR_ABORTED
2022-05-25 11:10:45 ERROR    Failure: http://localhost:4200/ -> net::ERR_ABORTED
2022-05-25 11:10:45 ERROR    Failure: http://localhost:4200/ -> net::ERR_ABORTED
2022-05-25 11:10:45 ERROR    Failure: http://localhost:4200/ -> net::ERR_ABORTED
2022-05-25 11:10:45 ERROR    Failure: http://localhost:4200/ -> net::ERR_ABORTED
2022-05-25 11:10:45 ERROR    Failure: http://localhost:4200/ -> net::ERR_ABORTED
2022-05-25 11:10:45 ERROR    Failure: http://localhost:4200/ -> net::ERR_ABORTED
2022-05-25 11:10:45 ERROR    Failure: http://localhost:4200/-N2tau_R-AuPGM1v4_n9 -> net::ERR_CONNECTION_REFUSED
2022-05-25 11:10:45 ERROR    Failure: http://localhost:4200/-N2tau_R-AuPGM1v4_n9 -> Failed to load resource: net::ERR_CONNECTION_REFUSED
2022-05-25 11:10:45 ERROR    Failure: http://localhost:4200/-N2tau_R-AuPGM1v4_n9 -> JSHandle@error
2022-05-25 11:10:45 ERROR    Failure: http://localhost:4200/-N2tau_R-AuPGM1v4_n9 -> Error: FIREBASE FATAL ERROR: Cannot parse Firebase url. Please use https://<YOUR FIREBASE>.firebaseio.com 	    at Vb (http://localhost:4200/assets/vendor.js:85597:278)	    at Wb (http://localhost:4200/assets/vendor.js:85599:21)	    at firebase.INTERNAL.registerService.Reference (http://localhost:4200/assets/vendor.js:85805:235)	    at Object.a.(anonymous function) [as database] (http://localhost:4200/assets/vendor.js:84825:4066)	    at e.value (http://localhost:4200/assets/vendor.js:84825:6484)	    at Object.create (http://localhost:4200/assets/vendor.js:124663:18)	    at instantiate (http://localhost:4200/assets/vendor.js:21220:23)	    at lookup (http://localhost:4200/assets/vendor.js:21045:17)	    at Container.lookup (http://localhost:4200/assets/vendor.js:20964:14)	    at Class.lookup (http://localhost:4200/assets/vendor.js:52226:33)
2022-05-25 11:10:50 ERROR    Failure: http://localhost:4200/ -> net::ERR_ABORTED
2022-05-25 11:10:50 ERROR    Failure: http://localhost:4200/ -> net::ERR_ABORTED
2022-05-25 11:10:50 ERROR    Failure: http://localhost:4200/ -> net::ERR_ABORTED
2022-05-25 11:10:50 ERROR    Failure: http://localhost:4200/ -> net::ERR_ABORTED
2022-05-25 11:10:50 ERROR    Failure: http://localhost:4200/ -> net::ERR_ABORTED
2022-05-25 11:10:50 ERROR    Failure: http://localhost:4200/ -> net::ERR_ABORTED
2022-05-25 11:10:50 ERROR    Failure: http://localhost:4200/ -> net::ERR_ABORTED
2022-05-25 11:10:50 ERROR    Failure: http://localhost:4200/-N2tany8jv7w0c9Gf-ll -> net::ERR_CONNECTION_REFUSED
2022-05-25 11:10:50 ERROR    Failure: http://localhost:4200/-N2tany8jv7w0c9Gf-ll -> Failed to load resource: net::ERR_CONNECTION_REFUSED
2022-05-25 11:10:50 ERROR    Failure: http://localhost:4200/-N2tany8jv7w0c9Gf-ll -> JSHandle@error
2022-05-25 11:10:50 ERROR    Failure: http://localhost:4200/-N2tany8jv7w0c9Gf-ll -> Error: FIREBASE FATAL ERROR: Cannot parse Firebase url. Please use https://<YOUR FIREBASE>.firebaseio.com 	    at Vb (http://localhost:4200/assets/vendor.js:85597:278)	    at Wb (http://localhost:4200/assets/vendor.js:85599:21)	    at firebase.INTERNAL.registerService.Reference (http://localhost:4200/assets/vendor.js:85805:235)	    at Object.a.(anonymous function) [as database] (http://localhost:4200/assets/vendor.js:84825:4066)	    at e.value (http://localhost:4200/assets/vendor.js:84825:6484)	    at Object.create (http://localhost:4200/assets/vendor.js:124663:18)	    at instantiate (http://localhost:4200/assets/vendor.js:21220:23)	    at lookup (http://localhost:4200/assets/vendor.js:21045:17)	    at Container.lookup (http://localhost:4200/assets/vendor.js:20964:14)	    at Class.lookup (http://localhost:4200/assets/vendor.js:52226:33)
2022-05-25 11:10:54 ERROR    Failure: http://localhost:4200/ -> net::ERR_ABORTED
2022-05-25 11:10:54 ERROR    Failure: http://localhost:4200/ -> net::ERR_ABORTED
2022-05-25 11:10:54 ERROR    Failure: http://localhost:4200/ -> net::ERR_ABORTED
2022-05-25 11:10:54 ERROR    Failure: http://localhost:4200/ -> net::ERR_ABORTED
2022-05-25 11:10:54 ERROR    Failure: http://localhost:4200/ -> net::ERR_ABORTED
2022-05-25 11:10:54 ERROR    Failure: http://localhost:4200/ -> net::ERR_ABORTED
2022-05-25 11:10:54 ERROR    Failure: http://localhost:4200/ -> net::ERR_ABORTED
2022-05-25 11:10:54 ERROR    Failure: http://localhost:4200/-N2tau_R-AuPGM1v4_n9 -> net::ERR_CONNECTION_REFUSED
2022-05-25 11:10:54 ERROR    Failure: http://localhost:4200/-N2tau_R-AuPGM1v4_n9 -> Failed to load resource: net::ERR_CONNECTION_REFUSED
2022-05-25 11:10:54 ERROR    Failure: http://localhost:4200/-N2tau_R-AuPGM1v4_n9 -> JSHandle@error
2022-05-25 11:10:54 ERROR    Failure: http://localhost:4200/-N2tau_R-AuPGM1v4_n9 -> Error: FIREBASE FATAL ERROR: Cannot parse Firebase url. Please use https://<YOUR FIREBASE>.firebaseio.com 	    at Vb (http://localhost:4200/assets/vendor.js:85597:278)	    at Wb (http://localhost:4200/assets/vendor.js:85599:21)	    at firebase.INTERNAL.registerService.Reference (http://localhost:4200/assets/vendor.js:85805:235)	    at Object.a.(anonymous function) [as database] (http://localhost:4200/assets/vendor.js:84825:4066)	    at e.value (http://localhost:4200/assets/vendor.js:84825:6484)	    at Object.create (http://localhost:4200/assets/vendor.js:124663:18)	    at instantiate (http://localhost:4200/assets/vendor.js:21220:23)	    at lookup (http://localhost:4200/assets/vendor.js:21045:17)	    at Container.lookup (http://localhost:4200/assets/vendor.js:20964:14)	    at Class.lookup (http://localhost:4200/assets/vendor.js:52226:33)
2022-05-25 11:10:59 ERROR    Failure: http://localhost:4200/ -> net::ERR_ABORTED
2022-05-25 11:10:59 ERROR    Failure: http://localhost:4200/ -> net::ERR_ABORTED
2022-05-25 11:10:59 ERROR    Failure: http://localhost:4200/ -> net::ERR_ABORTED
2022-05-25 11:10:59 ERROR    Failure: http://localhost:4200/ -> net::ERR_ABORTED
2022-05-25 11:10:59 ERROR    Failure: http://localhost:4200/ -> net::ERR_ABORTED
2022-05-25 11:10:59 ERROR    Failure: http://localhost:4200/ -> net::ERR_ABORTED
2022-05-25 11:10:59 ERROR    Failure: http://localhost:4200/ -> net::ERR_ABORTED
2022-05-25 11:10:59 ERROR    Failure: http://localhost:4200/-N2tany8jv7w0c9Gf-ll -> net::ERR_CONNECTION_REFUSED
2022-05-25 11:10:59 ERROR    Failure: http://localhost:4200/-N2tany8jv7w0c9Gf-ll -> Failed to load resource: net::ERR_CONNECTION_REFUSED
2022-05-25 11:10:59 ERROR    Failure: http://localhost:4200/-N2tany8jv7w0c9Gf-ll -> JSHandle@error
2022-05-25 11:10:59 ERROR    Failure: http://localhost:4200/-N2tany8jv7w0c9Gf-ll -> Error: FIREBASE FATAL ERROR: Cannot parse Firebase url. Please use https://<YOUR FIREBASE>.firebaseio.com 	    at Vb (http://localhost:4200/assets/vendor.js:85597:278)	    at Wb (http://localhost:4200/assets/vendor.js:85599:21)	    at firebase.INTERNAL.registerService.Reference (http://localhost:4200/assets/vendor.js:85805:235)	    at Object.a.(anonymous function) [as database] (http://localhost:4200/assets/vendor.js:84825:4066)	    at e.value (http://localhost:4200/assets/vendor.js:84825:6484)	    at Object.create (http://localhost:4200/assets/vendor.js:124663:18)	    at instantiate (http://localhost:4200/assets/vendor.js:21220:23)	    at lookup (http://localhost:4200/assets/vendor.js:21045:17)	    at Container.lookup (http://localhost:4200/assets/vendor.js:20964:14)	    at Class.lookup (http://localhost:4200/assets/vendor.js:52226:33)
2022-05-25 11:11:03 ERROR    Failure: http://localhost:4200/ -> net::ERR_ABORTED
2022-05-25 11:11:03 ERROR    Failure: http://localhost:4200/ -> net::ERR_ABORTED
2022-05-25 11:11:03 ERROR    Failure: http://localhost:4200/ -> net::ERR_ABORTED
2022-05-25 11:11:03 ERROR    Failure: http://localhost:4200/ -> net::ERR_ABORTED
2022-05-25 11:11:03 ERROR    Failure: http://localhost:4200/ -> net::ERR_ABORTED
2022-05-25 11:11:03 ERROR    Failure: http://localhost:4200/ -> net::ERR_ABORTED
2022-05-25 11:11:03 ERROR    Failure: http://localhost:4200/ -> net::ERR_ABORTED
2022-05-25 11:11:03 ERROR    Failure: http://localhost:4200/-N2tau_R-AuPGM1v4_n9 -> net::ERR_CONNECTION_REFUSED
2022-05-25 11:11:03 ERROR    Failure: http://localhost:4200/-N2tau_R-AuPGM1v4_n9 -> Failed to load resource: net::ERR_CONNECTION_REFUSED
2022-05-25 11:11:03 ERROR    Failure: http://localhost:4200/-N2tau_R-AuPGM1v4_n9 -> JSHandle@error
2022-05-25 11:11:03 ERROR    Failure: http://localhost:4200/-N2tau_R-AuPGM1v4_n9 -> Error: FIREBASE FATAL ERROR: Cannot parse Firebase url. Please use https://<YOUR FIREBASE>.firebaseio.com 	    at Vb (http://localhost:4200/assets/vendor.js:85597:278)	    at Wb (http://localhost:4200/assets/vendor.js:85599:21)	    at firebase.INTERNAL.registerService.Reference (http://localhost:4200/assets/vendor.js:85805:235)	    at Object.a.(anonymous function) [as database] (http://localhost:4200/assets/vendor.js:84825:4066)	    at e.value (http://localhost:4200/assets/vendor.js:84825:6484)	    at Object.create (http://localhost:4200/assets/vendor.js:124663:18)	    at instantiate (http://localhost:4200/assets/vendor.js:21220:23)	    at lookup (http://localhost:4200/assets/vendor.js:21045:17)	    at Container.lookup (http://localhost:4200/assets/vendor.js:20964:14)	    at Class.lookup (http://localhost:4200/assets/vendor.js:52226:33)
2022-05-25 11:11:07 ERROR    Failure: http://localhost:4200/ -> net::ERR_ABORTED
2022-05-25 11:11:07 ERROR    Failure: http://localhost:4200/ -> net::ERR_ABORTED
2022-05-25 11:11:07 ERROR    Failure: http://localhost:4200/ -> net::ERR_ABORTED
2022-05-25 11:11:07 ERROR    Failure: http://localhost:4200/ -> net::ERR_ABORTED
2022-05-25 11:11:07 ERROR    Failure: http://localhost:4200/ -> net::ERR_ABORTED
2022-05-25 11:11:07 ERROR    Failure: http://localhost:4200/ -> net::ERR_ABORTED
2022-05-25 11:11:07 ERROR    Failure: http://localhost:4200/ -> net::ERR_ABORTED
2022-05-25 11:11:07 ERROR    Failure: http://localhost:4200/-N2tany8jv7w0c9Gf-ll -> net::ERR_CONNECTION_REFUSED
2022-05-25 11:11:07 ERROR    Failure: http://localhost:4200/-N2tany8jv7w0c9Gf-ll -> Failed to load resource: net::ERR_CONNECTION_REFUSED
2022-05-25 11:11:07 ERROR    Failure: http://localhost:4200/-N2tany8jv7w0c9Gf-ll -> JSHandle@error
2022-05-25 11:11:07 ERROR    Failure: http://localhost:4200/-N2tany8jv7w0c9Gf-ll -> Error: FIREBASE FATAL ERROR: Cannot parse Firebase url. Please use https://<YOUR FIREBASE>.firebaseio.com 	    at Vb (http://localhost:4200/assets/vendor.js:85597:278)	    at Wb (http://localhost:4200/assets/vendor.js:85599:21)	    at firebase.INTERNAL.registerService.Reference (http://localhost:4200/assets/vendor.js:85805:235)	    at Object.a.(anonymous function) [as database] (http://localhost:4200/assets/vendor.js:84825:4066)	    at e.value (http://localhost:4200/assets/vendor.js:84825:6484)	    at Object.create (http://localhost:4200/assets/vendor.js:124663:18)	    at instantiate (http://localhost:4200/assets/vendor.js:21220:23)	    at lookup (http://localhost:4200/assets/vendor.js:21045:17)	    at Container.lookup (http://localhost:4200/assets/vendor.js:20964:14)	    at Class.lookup (http://localhost:4200/assets/vendor.js:52226:33)
2022-05-25 11:11:09 ERROR    Failure: http://localhost:4200/-N2tau_R-AuPGM1v4_n9 -> status code(400) -> 
2022-05-25 11:11:09 ERROR    Failure: http://localhost:4200/-N2tau_R-AuPGM1v4_n9 -> Access to XMLHttpRequest at 'https://geoip.nekudo.com/api' from origin 'http://localhost:4200' has been blocked by CORS policy: No 'Access-Control-Allow-Origin' header is present on the requested resource.
2022-05-25 11:11:09 ERROR    Failure: http://localhost:4200/-N2tau_R-AuPGM1v4_n9 -> JSHandle@object
2022-05-25 11:11:09 ERROR    Failure: http://localhost:4200/new -> net::ERR_ABORTED
2022-05-25 11:11:10 ERROR    Failure: http://localhost:4200/ -> net::ERR_ABORTED
2022-05-25 11:11:10 ERROR    Failure: http://localhost:4200/ -> net::ERR_ABORTED
2022-05-25 11:11:10 ERROR    Failure: http://localhost:4200/ -> net::ERR_ABORTED
2022-05-25 11:11:10 ERROR    Failure: http://localhost:4200/ -> net::ERR_ABORTED
2022-05-25 11:11:10 ERROR    Failure: http://localhost:4200/ -> net::ERR_ABORTED
2022-05-25 11:11:10 ERROR    Failure: http://localhost:4200/ -> net::ERR_ABORTED
2022-05-25 11:11:10 ERROR    Failure: http://localhost:4200/ -> net::ERR_ABORTED
2022-05-25 11:11:10 ERROR    Failure: http://localhost:4200/-N2tau_R-AuPGM1v4_n9 -> net::ERR_CONNECTION_REFUSED
2022-05-25 11:11:10 ERROR    Failure: http://localhost:4200/-N2tau_R-AuPGM1v4_n9 -> Failed to load resource: net::ERR_CONNECTION_REFUSED
2022-05-25 11:11:10 ERROR    Failure: http://localhost:4200/-N2tau_R-AuPGM1v4_n9 -> JSHandle@error
2022-05-25 11:11:10 ERROR    Failure: http://localhost:4200/-N2tau_R-AuPGM1v4_n9 -> Error: FIREBASE FATAL ERROR: Cannot parse Firebase url. Please use https://<YOUR FIREBASE>.firebaseio.com 	    at Vb (http://localhost:4200/assets/vendor.js:85597:278)	    at Wb (http://localhost:4200/assets/vendor.js:85599:21)	    at firebase.INTERNAL.registerService.Reference (http://localhost:4200/assets/vendor.js:85805:235)	    at Object.a.(anonymous function) [as database] (http://localhost:4200/assets/vendor.js:84825:4066)	    at e.value (http://localhost:4200/assets/vendor.js:84825:6484)	    at Object.create (http://localhost:4200/assets/vendor.js:124663:18)	    at instantiate (http://localhost:4200/assets/vendor.js:21220:23)	    at lookup (http://localhost:4200/assets/vendor.js:21045:17)	    at Container.lookup (http://localhost:4200/assets/vendor.js:20964:14)	    at Class.lookup (http://localhost:4200/assets/vendor.js:52226:33)
2022-05-25 11:11:16 ERROR    Failure: http://localhost:4200/ -> net::ERR_ABORTED
2022-05-25 11:11:16 ERROR    Failure: http://localhost:4200/ -> net::ERR_ABORTED
2022-05-25 11:11:16 ERROR    Failure: http://localhost:4200/ -> net::ERR_ABORTED
2022-05-25 11:11:16 ERROR    Failure: http://localhost:4200/ -> net::ERR_ABORTED
2022-05-25 11:11:16 ERROR    Failure: http://localhost:4200/ -> net::ERR_ABORTED
2022-05-25 11:11:16 ERROR    Failure: http://localhost:4200/ -> net::ERR_ABORTED
2022-05-25 11:11:16 ERROR    Failure: http://localhost:4200/ -> net::ERR_ABORTED
2022-05-25 11:11:16 ERROR    Failure: http://localhost:4200/-N2tany8jv7w0c9Gf-ll -> net::ERR_CONNECTION_REFUSED
2022-05-25 11:11:16 ERROR    Failure: http://localhost:4200/-N2tany8jv7w0c9Gf-ll -> Failed to load resource: net::ERR_CONNECTION_REFUSED
2022-05-25 11:11:17 ERROR    Failure: http://localhost:4200/-N2tany8jv7w0c9Gf-ll -> JSHandle@error
2022-05-25 11:11:17 ERROR    Failure: http://localhost:4200/-N2tany8jv7w0c9Gf-ll -> Error: FIREBASE FATAL ERROR: Cannot parse Firebase url. Please use https://<YOUR FIREBASE>.firebaseio.com 	    at Vb (http://localhost:4200/assets/vendor.js:85597:278)	    at Wb (http://localhost:4200/assets/vendor.js:85599:21)	    at firebase.INTERNAL.registerService.Reference (http://localhost:4200/assets/vendor.js:85805:235)	    at Object.a.(anonymous function) [as database] (http://localhost:4200/assets/vendor.js:84825:4066)	    at e.value (http://localhost:4200/assets/vendor.js:84825:6484)	    at Object.create (http://localhost:4200/assets/vendor.js:124663:18)	    at instantiate (http://localhost:4200/assets/vendor.js:21220:23)	    at lookup (http://localhost:4200/assets/vendor.js:21045:17)	    at Container.lookup (http://localhost:4200/assets/vendor.js:20964:14)	    at Class.lookup (http://localhost:4200/assets/vendor.js:52226:33)
2022-05-25 11:11:19 ERROR    Failure: http://localhost:4200/-N2tau_R-AuPGM1v4_n9 -> status code(400) -> 
2022-05-25 11:11:19 ERROR    Failure: http://localhost:4200/-N2tau_R-AuPGM1v4_n9 -> Access to XMLHttpRequest at 'https://geoip.nekudo.com/api' from origin 'http://localhost:4200' has been blocked by CORS policy: No 'Access-Control-Allow-Origin' header is present on the requested resource.
2022-05-25 11:11:19 ERROR    Failure: http://localhost:4200/-N2tau_R-AuPGM1v4_n9 -> JSHandle@object
2022-05-25 11:11:19 ERROR    Failure: http://localhost:4200/new -> net::ERR_ABORTED
2022-05-25 11:11:22 ERROR    Failure: http://localhost:4200/ -> net::ERR_ABORTED
2022-05-25 11:11:22 ERROR    Failure: http://localhost:4200/ -> net::ERR_ABORTED
2022-05-25 11:11:22 ERROR    Failure: http://localhost:4200/ -> net::ERR_ABORTED
2022-05-25 11:11:22 ERROR    Failure: http://localhost:4200/ -> net::ERR_ABORTED
2022-05-25 11:11:22 ERROR    Failure: http://localhost:4200/ -> net::ERR_ABORTED
2022-05-25 11:11:22 ERROR    Failure: http://localhost:4200/ -> net::ERR_ABORTED
2022-05-25 11:11:22 ERROR    Failure: http://localhost:4200/ -> net::ERR_ABORTED
2022-05-25 11:11:22 ERROR    Failure: http://localhost:4200/-N2tau_R-AuPGM1v4_n9 -> net::ERR_CONNECTION_REFUSED
2022-05-25 11:11:22 ERROR    Failure: http://localhost:4200/-N2tau_R-AuPGM1v4_n9 -> Failed to load resource: net::ERR_CONNECTION_REFUSED
2022-05-25 11:11:23 ERROR    Failure: http://localhost:4200/-N2tau_R-AuPGM1v4_n9 -> JSHandle@error
2022-05-25 11:11:23 ERROR    Failure: http://localhost:4200/-N2tau_R-AuPGM1v4_n9 -> Error: FIREBASE FATAL ERROR: Cannot parse Firebase url. Please use https://<YOUR FIREBASE>.firebaseio.com 	    at Vb (http://localhost:4200/assets/vendor.js:85597:278)	    at Wb (http://localhost:4200/assets/vendor.js:85599:21)	    at firebase.INTERNAL.registerService.Reference (http://localhost:4200/assets/vendor.js:85805:235)	    at Object.a.(anonymous function) [as database] (http://localhost:4200/assets/vendor.js:84825:4066)	    at e.value (http://localhost:4200/assets/vendor.js:84825:6484)	    at Object.create (http://localhost:4200/assets/vendor.js:124663:18)	    at instantiate (http://localhost:4200/assets/vendor.js:21220:23)	    at lookup (http://localhost:4200/assets/vendor.js:21045:17)	    at Container.lookup (http://localhost:4200/assets/vendor.js:20964:14)	    at Class.lookup (http://localhost:4200/assets/vendor.js:52226:33)
2022-05-25 11:11:27 ERROR    Failure: http://localhost:4200/ -> net::ERR_ABORTED
2022-05-25 11:11:27 ERROR    Failure: http://localhost:4200/ -> net::ERR_ABORTED
2022-05-25 11:11:27 ERROR    Failure: http://localhost:4200/ -> net::ERR_ABORTED
2022-05-25 11:11:27 ERROR    Failure: http://localhost:4200/ -> net::ERR_ABORTED
2022-05-25 11:11:27 ERROR    Failure: http://localhost:4200/ -> net::ERR_ABORTED
2022-05-25 11:11:27 ERROR    Failure: http://localhost:4200/ -> net::ERR_ABORTED
2022-05-25 11:11:27 ERROR    Failure: http://localhost:4200/ -> net::ERR_ABORTED
2022-05-25 11:11:27 ERROR    Failure: http://localhost:4200/-N2tany8jv7w0c9Gf-ll -> net::ERR_CONNECTION_REFUSED
2022-05-25 11:11:27 ERROR    Failure: http://localhost:4200/-N2tany8jv7w0c9Gf-ll -> Failed to load resource: net::ERR_CONNECTION_REFUSED
2022-05-25 11:11:28 ERROR    Failure: http://localhost:4200/-N2tany8jv7w0c9Gf-ll -> JSHandle@error
2022-05-25 11:11:28 ERROR    Failure: http://localhost:4200/-N2tany8jv7w0c9Gf-ll -> Error: FIREBASE FATAL ERROR: Cannot parse Firebase url. Please use https://<YOUR FIREBASE>.firebaseio.com 	    at Vb (http://localhost:4200/assets/vendor.js:85597:278)	    at Wb (http://localhost:4200/assets/vendor.js:85599:21)	    at firebase.INTERNAL.registerService.Reference (http://localhost:4200/assets/vendor.js:85805:235)	    at Object.a.(anonymous function) [as database] (http://localhost:4200/assets/vendor.js:84825:4066)	    at e.value (http://localhost:4200/assets/vendor.js:84825:6484)	    at Object.create (http://localhost:4200/assets/vendor.js:124663:18)	    at instantiate (http://localhost:4200/assets/vendor.js:21220:23)	    at lookup (http://localhost:4200/assets/vendor.js:21045:17)	    at Container.lookup (http://localhost:4200/assets/vendor.js:20964:14)	    at Class.lookup (http://localhost:4200/assets/vendor.js:52226:33)
2022-05-25 11:11:29 ERROR    Failure: http://localhost:4200/-N2tau_R-AuPGM1v4_n9 -> status code(400) -> 
2022-05-25 11:11:29 ERROR    Failure: http://localhost:4200/-N2tau_R-AuPGM1v4_n9 -> Access to XMLHttpRequest at 'https://geoip.nekudo.com/api' from origin 'http://localhost:4200' has been blocked by CORS policy: No 'Access-Control-Allow-Origin' header is present on the requested resource.
2022-05-25 11:11:29 ERROR    Failure: http://localhost:4200/-N2tau_R-AuPGM1v4_n9 -> JSHandle@object
2022-05-25 11:11:29 ERROR    Failure: http://localhost:4200/new -> net::ERR_ABORTED
2022-05-25 11:11:32 ERROR    Failure: http://localhost:4200/ -> net::ERR_ABORTED
2022-05-25 11:11:32 ERROR    Failure: http://localhost:4200/ -> net::ERR_ABORTED
2022-05-25 11:11:32 ERROR    Failure: http://localhost:4200/ -> net::ERR_ABORTED
2022-05-25 11:11:32 ERROR    Failure: http://localhost:4200/ -> net::ERR_ABORTED
2022-05-25 11:11:32 ERROR    Failure: http://localhost:4200/ -> net::ERR_ABORTED
2022-05-25 11:11:32 ERROR    Failure: http://localhost:4200/ -> net::ERR_ABORTED
2022-05-25 11:11:32 ERROR    Failure: http://localhost:4200/ -> net::ERR_ABORTED
2022-05-25 11:11:32 ERROR    Failure: http://localhost:4200/-N2tau_R-AuPGM1v4_n9 -> net::ERR_CONNECTION_REFUSED
2022-05-25 11:11:32 ERROR    Failure: http://localhost:4200/-N2tau_R-AuPGM1v4_n9 -> Failed to load resource: net::ERR_CONNECTION_REFUSED
2022-05-25 11:11:33 ERROR    Failure: http://localhost:4200/-N2tau_R-AuPGM1v4_n9 -> JSHandle@error
2022-05-25 11:11:33 ERROR    Failure: http://localhost:4200/-N2tau_R-AuPGM1v4_n9 -> Error: FIREBASE FATAL ERROR: Cannot parse Firebase url. Please use https://<YOUR FIREBASE>.firebaseio.com 	    at Vb (http://localhost:4200/assets/vendor.js:85597:278)	    at Wb (http://localhost:4200/assets/vendor.js:85599:21)	    at firebase.INTERNAL.registerService.Reference (http://localhost:4200/assets/vendor.js:85805:235)	    at Object.a.(anonymous function) [as database] (http://localhost:4200/assets/vendor.js:84825:4066)	    at e.value (http://localhost:4200/assets/vendor.js:84825:6484)	    at Object.create (http://localhost:4200/assets/vendor.js:124663:18)	    at instantiate (http://localhost:4200/assets/vendor.js:21220:23)	    at lookup (http://localhost:4200/assets/vendor.js:21045:17)	    at Container.lookup (http://localhost:4200/assets/vendor.js:20964:14)	    at Class.lookup (http://localhost:4200/assets/vendor.js:52226:33)
2022-05-25 11:11:39 ERROR    Failure: http://localhost:4200/ -> net::ERR_ABORTED
2022-05-25 11:11:39 ERROR    Failure: http://localhost:4200/ -> net::ERR_ABORTED
2022-05-25 11:11:39 ERROR    Failure: http://localhost:4200/ -> net::ERR_ABORTED
2022-05-25 11:11:39 ERROR    Failure: http://localhost:4200/ -> net::ERR_ABORTED
2022-05-25 11:11:39 ERROR    Failure: http://localhost:4200/ -> net::ERR_ABORTED
2022-05-25 11:11:39 ERROR    Failure: http://localhost:4200/ -> net::ERR_ABORTED
2022-05-25 11:11:39 ERROR    Failure: http://localhost:4200/ -> net::ERR_ABORTED
2022-05-25 11:11:39 ERROR    Failure: http://localhost:4200/-N2tany8jv7w0c9Gf-ll -> net::ERR_CONNECTION_REFUSED
2022-05-25 11:11:39 ERROR    Failure: http://localhost:4200/-N2tany8jv7w0c9Gf-ll -> Failed to load resource: net::ERR_CONNECTION_REFUSED
2022-05-25 11:11:39 ERROR    Failure: http://localhost:4200/-N2tany8jv7w0c9Gf-ll -> JSHandle@error
2022-05-25 11:11:39 ERROR    Failure: http://localhost:4200/-N2tany8jv7w0c9Gf-ll -> Error: FIREBASE FATAL ERROR: Cannot parse Firebase url. Please use https://<YOUR FIREBASE>.firebaseio.com 	    at Vb (http://localhost:4200/assets/vendor.js:85597:278)	    at Wb (http://localhost:4200/assets/vendor.js:85599:21)	    at firebase.INTERNAL.registerService.Reference (http://localhost:4200/assets/vendor.js:85805:235)	    at Object.a.(anonymous function) [as database] (http://localhost:4200/assets/vendor.js:84825:4066)	    at e.value (http://localhost:4200/assets/vendor.js:84825:6484)	    at Object.create (http://localhost:4200/assets/vendor.js:124663:18)	    at instantiate (http://localhost:4200/assets/vendor.js:21220:23)	    at lookup (http://localhost:4200/assets/vendor.js:21045:17)	    at Container.lookup (http://localhost:4200/assets/vendor.js:20964:14)	    at Class.lookup (http://localhost:4200/assets/vendor.js:52226:33)
2022-05-25 11:11:41 ERROR    Failure: http://localhost:4200/-N2tau_R-AuPGM1v4_n9 -> status code(400) -> 
2022-05-25 11:11:42 ERROR    Failure: http://localhost:4200/-N2tau_R-AuPGM1v4_n9 -> Access to XMLHttpRequest at 'https://geoip.nekudo.com/api' from origin 'http://localhost:4200' has been blocked by CORS policy: No 'Access-Control-Allow-Origin' header is present on the requested resource.
2022-05-25 11:11:42 ERROR    Failure: http://localhost:4200/-N2tau_R-AuPGM1v4_n9 -> JSHandle@object
2022-05-25 11:11:42 ERROR    Failure: http://localhost:4200/new -> net::ERR_ABORTED
2022-05-25 11:11:43 ERROR    Failure: http://localhost:4200/ -> net::ERR_ABORTED
2022-05-25 11:11:43 ERROR    Failure: http://localhost:4200/ -> net::ERR_ABORTED
2022-05-25 11:11:43 ERROR    Failure: http://localhost:4200/ -> net::ERR_ABORTED
2022-05-25 11:11:43 ERROR    Failure: http://localhost:4200/ -> net::ERR_ABORTED
2022-05-25 11:11:43 ERROR    Failure: http://localhost:4200/ -> net::ERR_ABORTED
2022-05-25 11:11:43 ERROR    Failure: http://localhost:4200/ -> net::ERR_ABORTED
2022-05-25 11:11:43 ERROR    Failure: http://localhost:4200/ -> net::ERR_ABORTED
2022-05-25 11:11:43 ERROR    Failure: http://localhost:4200/-N2tau_R-AuPGM1v4_n9 -> net::ERR_CONNECTION_REFUSED
2022-05-25 11:11:43 ERROR    Failure: http://localhost:4200/-N2tau_R-AuPGM1v4_n9 -> Failed to load resource: net::ERR_CONNECTION_REFUSED
2022-05-25 11:11:44 ERROR    Failure: http://localhost:4200/-N2tau_R-AuPGM1v4_n9 -> JSHandle@error
2022-05-25 11:11:44 ERROR    Failure: http://localhost:4200/-N2tau_R-AuPGM1v4_n9 -> Error: FIREBASE FATAL ERROR: Cannot parse Firebase url. Please use https://<YOUR FIREBASE>.firebaseio.com 	    at Vb (http://localhost:4200/assets/vendor.js:85597:278)	    at Wb (http://localhost:4200/assets/vendor.js:85599:21)	    at firebase.INTERNAL.registerService.Reference (http://localhost:4200/assets/vendor.js:85805:235)	    at Object.a.(anonymous function) [as database] (http://localhost:4200/assets/vendor.js:84825:4066)	    at e.value (http://localhost:4200/assets/vendor.js:84825:6484)	    at Object.create (http://localhost:4200/assets/vendor.js:124663:18)	    at instantiate (http://localhost:4200/assets/vendor.js:21220:23)	    at lookup (http://localhost:4200/assets/vendor.js:21045:17)	    at Container.lookup (http://localhost:4200/assets/vendor.js:20964:14)	    at Class.lookup (http://localhost:4200/assets/vendor.js:52226:33)
2022-05-25 11:11:48 ERROR    Failure: http://localhost:4200/ -> net::ERR_ABORTED
2022-05-25 11:11:48 ERROR    Failure: http://localhost:4200/ -> net::ERR_ABORTED
2022-05-25 11:11:48 ERROR    Failure: http://localhost:4200/ -> net::ERR_ABORTED
2022-05-25 11:11:48 ERROR    Failure: http://localhost:4200/ -> net::ERR_ABORTED
2022-05-25 11:11:48 ERROR    Failure: http://localhost:4200/ -> net::ERR_ABORTED
2022-05-25 11:11:48 ERROR    Failure: http://localhost:4200/ -> net::ERR_ABORTED
2022-05-25 11:11:48 ERROR    Failure: http://localhost:4200/ -> net::ERR_ABORTED
2022-05-25 11:11:48 ERROR    Failure: http://localhost:4200/-N2tany8jv7w0c9Gf-ll -> net::ERR_CONNECTION_REFUSED
2022-05-25 11:11:48 ERROR    Failure: http://localhost:4200/-N2tany8jv7w0c9Gf-ll -> Failed to load resource: net::ERR_CONNECTION_REFUSED
2022-05-25 11:11:49 ERROR    Failure: http://localhost:4200/-N2tany8jv7w0c9Gf-ll -> JSHandle@error
2022-05-25 11:11:49 ERROR    Failure: http://localhost:4200/-N2tany8jv7w0c9Gf-ll -> Error: FIREBASE FATAL ERROR: Cannot parse Firebase url. Please use https://<YOUR FIREBASE>.firebaseio.com 	    at Vb (http://localhost:4200/assets/vendor.js:85597:278)	    at Wb (http://localhost:4200/assets/vendor.js:85599:21)	    at firebase.INTERNAL.registerService.Reference (http://localhost:4200/assets/vendor.js:85805:235)	    at Object.a.(anonymous function) [as database] (http://localhost:4200/assets/vendor.js:84825:4066)	    at e.value (http://localhost:4200/assets/vendor.js:84825:6484)	    at Object.create (http://localhost:4200/assets/vendor.js:124663:18)	    at instantiate (http://localhost:4200/assets/vendor.js:21220:23)	    at lookup (http://localhost:4200/assets/vendor.js:21045:17)	    at Container.lookup (http://localhost:4200/assets/vendor.js:20964:14)	    at Class.lookup (http://localhost:4200/assets/vendor.js:52226:33)
2022-05-25 11:11:50 ERROR    Failure: http://localhost:4200/-N2tau_R-AuPGM1v4_n9 -> status code(400) -> 
2022-05-25 11:11:50 ERROR    Failure: http://localhost:4200/-N2tau_R-AuPGM1v4_n9 -> Access to XMLHttpRequest at 'https://geoip.nekudo.com/api' from origin 'http://localhost:4200' has been blocked by CORS policy: No 'Access-Control-Allow-Origin' header is present on the requested resource.
2022-05-25 11:11:50 ERROR    Failure: http://localhost:4200/-N2tau_R-AuPGM1v4_n9 -> JSHandle@object
2022-05-25 11:11:50 ERROR    Failure: http://localhost:4200/new -> net::ERR_ABORTED
2022-05-25 11:11:52 ERROR    Failure: http://localhost:4200/ -> net::ERR_ABORTED
2022-05-25 11:11:52 ERROR    Failure: http://localhost:4200/ -> net::ERR_ABORTED
2022-05-25 11:11:52 ERROR    Failure: http://localhost:4200/ -> net::ERR_ABORTED
2022-05-25 11:11:52 ERROR    Failure: http://localhost:4200/ -> net::ERR_ABORTED
2022-05-25 11:11:52 ERROR    Failure: http://localhost:4200/ -> net::ERR_ABORTED
2022-05-25 11:11:52 ERROR    Failure: http://localhost:4200/ -> net::ERR_ABORTED
2022-05-25 11:11:52 ERROR    Failure: http://localhost:4200/-N2tau_R-AuPGM1v4_n9 -> net::ERR_CONNECTION_REFUSED
2022-05-25 11:11:52 ERROR    Failure: http://localhost:4200/-N2tau_R-AuPGM1v4_n9 -> Failed to load resource: net::ERR_CONNECTION_REFUSED
2022-05-25 11:11:52 ERROR    Failure: http://localhost:4200/-N2tau_R-AuPGM1v4_n9 -> JSHandle@error
2022-05-25 11:11:52 ERROR    Failure: http://localhost:4200/-N2tau_R-AuPGM1v4_n9 -> Error: FIREBASE FATAL ERROR: Cannot parse Firebase url. Please use https://<YOUR FIREBASE>.firebaseio.com 	    at Vb (http://localhost:4200/assets/vendor.js:85597:278)	    at Wb (http://localhost:4200/assets/vendor.js:85599:21)	    at firebase.INTERNAL.registerService.Reference (http://localhost:4200/assets/vendor.js:85805:235)	    at Object.a.(anonymous function) [as database] (http://localhost:4200/assets/vendor.js:84825:4066)	    at e.value (http://localhost:4200/assets/vendor.js:84825:6484)	    at Object.create (http://localhost:4200/assets/vendor.js:124663:18)	    at instantiate (http://localhost:4200/assets/vendor.js:21220:23)	    at lookup (http://localhost:4200/assets/vendor.js:21045:17)	    at Container.lookup (http://localhost:4200/assets/vendor.js:20964:14)	    at Class.lookup (http://localhost:4200/assets/vendor.js:52226:33)
2022-05-25 11:11:58 ERROR    Failure: http://localhost:4200/ -> net::ERR_ABORTED
2022-05-25 11:11:58 ERROR    Failure: http://localhost:4200/ -> net::ERR_ABORTED
2022-05-25 11:11:58 ERROR    Failure: http://localhost:4200/ -> net::ERR_ABORTED
2022-05-25 11:11:58 ERROR    Failure: http://localhost:4200/ -> net::ERR_ABORTED
2022-05-25 11:11:58 ERROR    Failure: http://localhost:4200/ -> net::ERR_ABORTED
2022-05-25 11:11:58 ERROR    Failure: http://localhost:4200/ -> net::ERR_ABORTED
2022-05-25 11:11:58 ERROR    Failure: http://localhost:4200/ -> net::ERR_ABORTED
2022-05-25 11:11:58 ERROR    Failure: http://localhost:4200/-N2tany8jv7w0c9Gf-ll -> net::ERR_CONNECTION_REFUSED
2022-05-25 11:11:58 ERROR    Failure: http://localhost:4200/-N2tany8jv7w0c9Gf-ll -> Failed to load resource: net::ERR_CONNECTION_REFUSED
2022-05-25 11:11:58 ERROR    Failure: http://localhost:4200/-N2tany8jv7w0c9Gf-ll -> JSHandle@error
2022-05-25 11:11:58 ERROR    Failure: http://localhost:4200/-N2tany8jv7w0c9Gf-ll -> Error: FIREBASE FATAL ERROR: Cannot parse Firebase url. Please use https://<YOUR FIREBASE>.firebaseio.com 	    at Vb (http://localhost:4200/assets/vendor.js:85597:278)	    at Wb (http://localhost:4200/assets/vendor.js:85599:21)	    at firebase.INTERNAL.registerService.Reference (http://localhost:4200/assets/vendor.js:85805:235)	    at Object.a.(anonymous function) [as database] (http://localhost:4200/assets/vendor.js:84825:4066)	    at e.value (http://localhost:4200/assets/vendor.js:84825:6484)	    at Object.create (http://localhost:4200/assets/vendor.js:124663:18)	    at instantiate (http://localhost:4200/assets/vendor.js:21220:23)	    at lookup (http://localhost:4200/assets/vendor.js:21045:17)	    at Container.lookup (http://localhost:4200/assets/vendor.js:20964:14)	    at Class.lookup (http://localhost:4200/assets/vendor.js:52226:33)
2022-05-25 11:12:01 ERROR    Failure: http://localhost:4200/-N2tau_R-AuPGM1v4_n9 -> status code(400) -> 
2022-05-25 11:12:01 ERROR    Failure: http://localhost:4200/-N2tau_R-AuPGM1v4_n9 -> Access to XMLHttpRequest at 'https://geoip.nekudo.com/api' from origin 'http://localhost:4200' has been blocked by CORS policy: No 'Access-Control-Allow-Origin' header is present on the requested resource.
2022-05-25 11:12:01 ERROR    Failure: http://localhost:4200/-N2tau_R-AuPGM1v4_n9 -> JSHandle@object
2022-05-25 11:12:01 ERROR    Failure: http://localhost:4200/new -> net::ERR_ABORTED
2022-05-25 11:12:02 ERROR    Failure: http://localhost:4200/ -> net::ERR_ABORTED
2022-05-25 11:12:02 ERROR    Failure: http://localhost:4200/ -> net::ERR_ABORTED
2022-05-25 11:12:02 ERROR    Failure: http://localhost:4200/ -> net::ERR_ABORTED
2022-05-25 11:12:02 ERROR    Failure: http://localhost:4200/ -> net::ERR_ABORTED
2022-05-25 11:12:02 ERROR    Failure: http://localhost:4200/ -> net::ERR_ABORTED
2022-05-25 11:12:02 ERROR    Failure: http://localhost:4200/ -> net::ERR_ABORTED
2022-05-25 11:12:02 ERROR    Failure: http://localhost:4200/ -> net::ERR_ABORTED
2022-05-25 11:12:02 ERROR    Failure: http://localhost:4200/-N2tau_R-AuPGM1v4_n9 -> net::ERR_CONNECTION_REFUSED
2022-05-25 11:12:02 ERROR    Failure: http://localhost:4200/-N2tau_R-AuPGM1v4_n9 -> Failed to load resource: net::ERR_CONNECTION_REFUSED
2022-05-25 11:12:03 ERROR    Failure: http://localhost:4200/-N2tau_R-AuPGM1v4_n9 -> JSHandle@error
2022-05-25 11:12:03 ERROR    Failure: http://localhost:4200/-N2tau_R-AuPGM1v4_n9 -> Error: FIREBASE FATAL ERROR: Cannot parse Firebase url. Please use https://<YOUR FIREBASE>.firebaseio.com 	    at Vb (http://localhost:4200/assets/vendor.js:85597:278)	    at Wb (http://localhost:4200/assets/vendor.js:85599:21)	    at firebase.INTERNAL.registerService.Reference (http://localhost:4200/assets/vendor.js:85805:235)	    at Object.a.(anonymous function) [as database] (http://localhost:4200/assets/vendor.js:84825:4066)	    at e.value (http://localhost:4200/assets/vendor.js:84825:6484)	    at Object.create (http://localhost:4200/assets/vendor.js:124663:18)	    at instantiate (http://localhost:4200/assets/vendor.js:21220:23)	    at lookup (http://localhost:4200/assets/vendor.js:21045:17)	    at Container.lookup (http://localhost:4200/assets/vendor.js:20964:14)	    at Class.lookup (http://localhost:4200/assets/vendor.js:52226:33)
2022-05-25 11:12:07 ERROR    Failure: http://localhost:4200/ -> net::ERR_ABORTED
2022-05-25 11:12:07 ERROR    Failure: http://localhost:4200/ -> net::ERR_ABORTED
2022-05-25 11:12:07 ERROR    Failure: http://localhost:4200/ -> net::ERR_ABORTED
2022-05-25 11:12:07 ERROR    Failure: http://localhost:4200/ -> net::ERR_ABORTED
2022-05-25 11:12:07 ERROR    Failure: http://localhost:4200/ -> net::ERR_ABORTED
2022-05-25 11:12:07 ERROR    Failure: http://localhost:4200/ -> net::ERR_ABORTED
2022-05-25 11:12:07 ERROR    Failure: http://localhost:4200/ -> net::ERR_ABORTED
2022-05-25 11:12:07 ERROR    Failure: http://localhost:4200/-N2tany8jv7w0c9Gf-ll -> net::ERR_CONNECTION_REFUSED
2022-05-25 11:12:07 ERROR    Failure: http://localhost:4200/-N2tany8jv7w0c9Gf-ll -> Failed to load resource: net::ERR_CONNECTION_REFUSED
2022-05-25 11:12:08 ERROR    Failure: http://localhost:4200/-N2tany8jv7w0c9Gf-ll -> JSHandle@error
2022-05-25 11:12:08 ERROR    Failure: http://localhost:4200/-N2tany8jv7w0c9Gf-ll -> Error: FIREBASE FATAL ERROR: Cannot parse Firebase url. Please use https://<YOUR FIREBASE>.firebaseio.com 	    at Vb (http://localhost:4200/assets/vendor.js:85597:278)	    at Wb (http://localhost:4200/assets/vendor.js:85599:21)	    at firebase.INTERNAL.registerService.Reference (http://localhost:4200/assets/vendor.js:85805:235)	    at Object.a.(anonymous function) [as database] (http://localhost:4200/assets/vendor.js:84825:4066)	    at e.value (http://localhost:4200/assets/vendor.js:84825:6484)	    at Object.create (http://localhost:4200/assets/vendor.js:124663:18)	    at instantiate (http://localhost:4200/assets/vendor.js:21220:23)	    at lookup (http://localhost:4200/assets/vendor.js:21045:17)	    at Container.lookup (http://localhost:4200/assets/vendor.js:20964:14)	    at Class.lookup (http://localhost:4200/assets/vendor.js:52226:33)
2022-05-25 11:12:09 ERROR    Failure: http://localhost:4200/-N2tau_R-AuPGM1v4_n9 -> status code(400) -> 
2022-05-25 11:12:09 ERROR    Failure: http://localhost:4200/-N2tau_R-AuPGM1v4_n9 -> Access to XMLHttpRequest at 'https://geoip.nekudo.com/api' from origin 'http://localhost:4200' has been blocked by CORS policy: No 'Access-Control-Allow-Origin' header is present on the requested resource.
2022-05-25 11:12:09 ERROR    Failure: http://localhost:4200/-N2tau_R-AuPGM1v4_n9 -> JSHandle@object
2022-05-25 11:12:09 ERROR    Failure: http://localhost:4200/new -> net::ERR_ABORTED
2022-05-25 11:12:10 ERROR    Future exception was never retrieved
future: <Future finished exception=NetworkError('Protocol error Target.detachFromTarget: Target closed.')>
pyppeteer.errors.NetworkError: Protocol error Target.detachFromTarget: Target closed.
2022-05-25 11:12:10 ERROR    Future exception was never retrieved
future: <Future finished exception=NetworkError('Protocol error Target.sendMessageToTarget: Target closed.')>
pyppeteer.errors.NetworkError: Protocol error Target.sendMessageToTarget: Target closed.
2022-05-25 11:12:10 ERROR    Failure: http://localhost:4200/ -> net::ERR_ABORTED
2022-05-25 11:12:10 ERROR    Failure: http://localhost:4200/ -> net::ERR_ABORTED
2022-05-25 11:12:10 ERROR    Failure: http://localhost:4200/ -> net::ERR_ABORTED
2022-05-25 11:12:10 ERROR    Failure: http://localhost:4200/ -> net::ERR_ABORTED
2022-05-25 11:12:10 ERROR    Failure: http://localhost:4200/ -> net::ERR_ABORTED
2022-05-25 11:12:10 ERROR    Failure: http://localhost:4200/ -> net::ERR_ABORTED
2022-05-25 11:12:10 ERROR    Failure: http://localhost:4200/ -> net::ERR_ABORTED
2022-05-25 11:12:10 ERROR    Failure: http://localhost:4200/-N2tau_R-AuPGM1v4_n9 -> net::ERR_CONNECTION_REFUSED
2022-05-25 11:12:10 ERROR    Failure: http://localhost:4200/-N2tau_R-AuPGM1v4_n9 -> Failed to load resource: net::ERR_CONNECTION_REFUSED
2022-05-25 11:12:11 ERROR    Failure: http://localhost:4200/-N2tau_R-AuPGM1v4_n9 -> JSHandle@error
2022-05-25 11:12:11 ERROR    Failure: http://localhost:4200/-N2tau_R-AuPGM1v4_n9 -> Error: FIREBASE FATAL ERROR: Cannot parse Firebase url. Please use https://<YOUR FIREBASE>.firebaseio.com 	    at Vb (http://localhost:4200/assets/vendor.js:85597:278)	    at Wb (http://localhost:4200/assets/vendor.js:85599:21)	    at firebase.INTERNAL.registerService.Reference (http://localhost:4200/assets/vendor.js:85805:235)	    at Object.a.(anonymous function) [as database] (http://localhost:4200/assets/vendor.js:84825:4066)	    at e.value (http://localhost:4200/assets/vendor.js:84825:6484)	    at Object.create (http://localhost:4200/assets/vendor.js:124663:18)	    at instantiate (http://localhost:4200/assets/vendor.js:21220:23)	    at lookup (http://localhost:4200/assets/vendor.js:21045:17)	    at Container.lookup (http://localhost:4200/assets/vendor.js:20964:14)	    at Class.lookup (http://localhost:4200/assets/vendor.js:52226:33)
2022-05-25 11:12:16 ERROR    Failure: http://localhost:4200/ -> net::ERR_ABORTED
2022-05-25 11:12:16 ERROR    Failure: http://localhost:4200/ -> net::ERR_ABORTED
2022-05-25 11:12:16 ERROR    Failure: http://localhost:4200/ -> net::ERR_ABORTED
2022-05-25 11:12:16 ERROR    Failure: http://localhost:4200/ -> net::ERR_ABORTED
2022-05-25 11:12:16 ERROR    Failure: http://localhost:4200/ -> net::ERR_ABORTED
2022-05-25 11:12:16 ERROR    Failure: http://localhost:4200/ -> net::ERR_ABORTED
2022-05-25 11:12:16 ERROR    Failure: http://localhost:4200/ -> net::ERR_ABORTED
2022-05-25 11:12:16 ERROR    Failure: http://localhost:4200/-N2tany8jv7w0c9Gf-ll -> net::ERR_CONNECTION_REFUSED
2022-05-25 11:12:16 ERROR    Failure: http://localhost:4200/-N2tany8jv7w0c9Gf-ll -> Failed to load resource: net::ERR_CONNECTION_REFUSED
2022-05-25 11:12:16 ERROR    Failure: http://localhost:4200/-N2tany8jv7w0c9Gf-ll -> JSHandle@error
2022-05-25 11:12:16 ERROR    Failure: http://localhost:4200/-N2tany8jv7w0c9Gf-ll -> Error: FIREBASE FATAL ERROR: Cannot parse Firebase url. Please use https://<YOUR FIREBASE>.firebaseio.com 	    at Vb (http://localhost:4200/assets/vendor.js:85597:278)	    at Wb (http://localhost:4200/assets/vendor.js:85599:21)	    at firebase.INTERNAL.registerService.Reference (http://localhost:4200/assets/vendor.js:85805:235)	    at Object.a.(anonymous function) [as database] (http://localhost:4200/assets/vendor.js:84825:4066)	    at e.value (http://localhost:4200/assets/vendor.js:84825:6484)	    at Object.create (http://localhost:4200/assets/vendor.js:124663:18)	    at instantiate (http://localhost:4200/assets/vendor.js:21220:23)	    at lookup (http://localhost:4200/assets/vendor.js:21045:17)	    at Container.lookup (http://localhost:4200/assets/vendor.js:20964:14)	    at Class.lookup (http://localhost:4200/assets/vendor.js:52226:33)
2022-05-25 11:12:19 ERROR    Failure: http://localhost:4200/ -> net::ERR_ABORTED
2022-05-25 11:12:19 ERROR    Failure: http://localhost:4200/ -> net::ERR_ABORTED
2022-05-25 11:12:19 ERROR    Failure: http://localhost:4200/ -> net::ERR_ABORTED
2022-05-25 11:12:19 ERROR    Failure: http://localhost:4200/ -> net::ERR_ABORTED
2022-05-25 11:12:19 ERROR    Failure: http://localhost:4200/ -> net::ERR_ABORTED
2022-05-25 11:12:19 ERROR    Failure: http://localhost:4200/ -> net::ERR_ABORTED
2022-05-25 11:12:19 ERROR    Failure: http://localhost:4200/ -> net::ERR_ABORTED
2022-05-25 11:12:19 ERROR    Failure: http://localhost:4200/-N2tau_R-AuPGM1v4_n9 -> net::ERR_CONNECTION_REFUSED
2022-05-25 11:12:19 ERROR    Failure: http://localhost:4200/-N2tau_R-AuPGM1v4_n9 -> Failed to load resource: net::ERR_CONNECTION_REFUSED
2022-05-25 11:12:20 ERROR    Failure: http://localhost:4200/-N2tau_R-AuPGM1v4_n9 -> JSHandle@error
2022-05-25 11:12:20 ERROR    Failure: http://localhost:4200/-N2tau_R-AuPGM1v4_n9 -> Error: FIREBASE FATAL ERROR: Cannot parse Firebase url. Please use https://<YOUR FIREBASE>.firebaseio.com 	    at Vb (http://localhost:4200/assets/vendor.js:85597:278)	    at Wb (http://localhost:4200/assets/vendor.js:85599:21)	    at firebase.INTERNAL.registerService.Reference (http://localhost:4200/assets/vendor.js:85805:235)	    at Object.a.(anonymous function) [as database] (http://localhost:4200/assets/vendor.js:84825:4066)	    at e.value (http://localhost:4200/assets/vendor.js:84825:6484)	    at Object.create (http://localhost:4200/assets/vendor.js:124663:18)	    at instantiate (http://localhost:4200/assets/vendor.js:21220:23)	    at lookup (http://localhost:4200/assets/vendor.js:21045:17)	    at Container.lookup (http://localhost:4200/assets/vendor.js:20964:14)	    at Class.lookup (http://localhost:4200/assets/vendor.js:52226:33)
2022-05-25 11:12:21 ERROR    Failure: http://localhost:4200/-N2tau_R-AuPGM1v4_n9 -> status code(400) -> 
2022-05-25 11:12:21 ERROR    Failure: http://localhost:4200/-N2tau_R-AuPGM1v4_n9 -> Access to XMLHttpRequest at 'https://geoip.nekudo.com/api' from origin 'http://localhost:4200' has been blocked by CORS policy: No 'Access-Control-Allow-Origin' header is present on the requested resource.
2022-05-25 11:12:21 ERROR    Failure: http://localhost:4200/-N2tau_R-AuPGM1v4_n9 -> JSHandle@object
2022-05-25 11:12:21 ERROR    Failure: http://localhost:4200/new -> net::ERR_ABORTED
2022-05-25 11:12:22 ERROR    Failure: http://localhost:4200/new -> JSHandle@error
2022-05-25 11:12:22 ERROR    Failure: http://localhost:4200/new -> Error: FIREBASE FATAL ERROR: Cannot parse Firebase url. Please use https://<YOUR FIREBASE>.firebaseio.com 	    at Vb (http://localhost:4200/assets/vendor.js:85597:278)	    at Wb (http://localhost:4200/assets/vendor.js:85599:21)	    at firebase.INTERNAL.registerService.Reference (http://localhost:4200/assets/vendor.js:85805:235)	    at Object.a.(anonymous function) [as database] (http://localhost:4200/assets/vendor.js:84825:4066)	    at e.value (http://localhost:4200/assets/vendor.js:84825:6484)	    at Object.create (http://localhost:4200/assets/vendor.js:124663:18)	    at instantiate (http://localhost:4200/assets/vendor.js:21220:23)	    at lookup (http://localhost:4200/assets/vendor.js:21045:17)	    at Container.lookup (http://localhost:4200/assets/vendor.js:20964:14)	    at Class.lookup (http://localhost:4200/assets/vendor.js:52226:33)
2022-05-25 11:12:22 ERROR    Failure: http://localhost:4200/new -> JSHandle@error
2022-05-25 11:12:22 ERROR    Failure: http://localhost:4200/new -> Error: FIREBASE FATAL ERROR: Cannot parse Firebase url. Please use https://<YOUR FIREBASE>.firebaseio.com 	    at Vb (http://localhost:4200/assets/vendor.js:85597:278)	    at Wb (http://localhost:4200/assets/vendor.js:85599:21)	    at firebase.INTERNAL.registerService.Reference (http://localhost:4200/assets/vendor.js:85805:235)	    at Object.a.(anonymous function) [as database] (http://localhost:4200/assets/vendor.js:84825:4066)	    at e.value (http://localhost:4200/assets/vendor.js:84825:6484)	    at Object.create (http://localhost:4200/assets/vendor.js:124663:18)	    at instantiate (http://localhost:4200/assets/vendor.js:21220:23)	    at lookup (http://localhost:4200/assets/vendor.js:21045:17)	    at Container.lookup (http://localhost:4200/assets/vendor.js:20964:14)	    at Class.lookup (http://localhost:4200/assets/vendor.js:52226:33)
2022-05-25 11:12:25 ERROR    Failure: http://localhost:4200/ -> net::ERR_ABORTED
2022-05-25 11:12:25 ERROR    Failure: http://localhost:4200/ -> net::ERR_ABORTED
2022-05-25 11:12:25 ERROR    Failure: http://localhost:4200/ -> net::ERR_ABORTED
2022-05-25 11:12:25 ERROR    Failure: http://localhost:4200/ -> net::ERR_ABORTED
2022-05-25 11:12:25 ERROR    Failure: http://localhost:4200/ -> net::ERR_ABORTED
2022-05-25 11:12:25 ERROR    Failure: http://localhost:4200/ -> net::ERR_ABORTED
2022-05-25 11:12:25 ERROR    Failure: http://localhost:4200/ -> net::ERR_ABORTED
2022-05-25 11:12:25 ERROR    Failure: http://localhost:4200/-N2tau_R-AuPGM1v4_n9 -> net::ERR_CONNECTION_REFUSED
2022-05-25 11:12:25 ERROR    Failure: http://localhost:4200/-N2tau_R-AuPGM1v4_n9 -> Failed to load resource: net::ERR_CONNECTION_REFUSED
2022-05-25 11:12:26 ERROR    Failure: http://localhost:4200/-N2tau_R-AuPGM1v4_n9 -> JSHandle@error
2022-05-25 11:12:26 ERROR    Failure: http://localhost:4200/-N2tau_R-AuPGM1v4_n9 -> Error: FIREBASE FATAL ERROR: Cannot parse Firebase url. Please use https://<YOUR FIREBASE>.firebaseio.com 	    at Vb (http://localhost:4200/assets/vendor.js:85597:278)	    at Wb (http://localhost:4200/assets/vendor.js:85599:21)	    at firebase.INTERNAL.registerService.Reference (http://localhost:4200/assets/vendor.js:85805:235)	    at Object.a.(anonymous function) [as database] (http://localhost:4200/assets/vendor.js:84825:4066)	    at e.value (http://localhost:4200/assets/vendor.js:84825:6484)	    at Object.create (http://localhost:4200/assets/vendor.js:124663:18)	    at instantiate (http://localhost:4200/assets/vendor.js:21220:23)	    at lookup (http://localhost:4200/assets/vendor.js:21045:17)	    at Container.lookup (http://localhost:4200/assets/vendor.js:20964:14)	    at Class.lookup (http://localhost:4200/assets/vendor.js:52226:33)
2022-05-25 11:12:32 ERROR    Failure: http://localhost:4200/ -> net::ERR_ABORTED
2022-05-25 11:12:32 ERROR    Failure: http://localhost:4200/ -> net::ERR_ABORTED
2022-05-25 11:12:32 ERROR    Failure: http://localhost:4200/ -> net::ERR_ABORTED
2022-05-25 11:12:32 ERROR    Failure: http://localhost:4200/ -> net::ERR_ABORTED
2022-05-25 11:12:32 ERROR    Failure: http://localhost:4200/ -> net::ERR_ABORTED
2022-05-25 11:12:32 ERROR    Failure: http://localhost:4200/ -> net::ERR_ABORTED
2022-05-25 11:12:32 ERROR    Failure: http://localhost:4200/ -> net::ERR_ABORTED
2022-05-25 11:12:32 ERROR    Failure: http://localhost:4200/-N2tany8jv7w0c9Gf-ll -> net::ERR_CONNECTION_REFUSED
2022-05-25 11:12:32 ERROR    Failure: http://localhost:4200/-N2tany8jv7w0c9Gf-ll -> Failed to load resource: net::ERR_CONNECTION_REFUSED
2022-05-25 11:12:33 ERROR    Failure: http://localhost:4200/-N2tany8jv7w0c9Gf-ll -> JSHandle@error
2022-05-25 11:12:33 ERROR    Failure: http://localhost:4200/-N2tany8jv7w0c9Gf-ll -> Error: FIREBASE FATAL ERROR: Cannot parse Firebase url. Please use https://<YOUR FIREBASE>.firebaseio.com 	    at Vb (http://localhost:4200/assets/vendor.js:85597:278)	    at Wb (http://localhost:4200/assets/vendor.js:85599:21)	    at firebase.INTERNAL.registerService.Reference (http://localhost:4200/assets/vendor.js:85805:235)	    at Object.a.(anonymous function) [as database] (http://localhost:4200/assets/vendor.js:84825:4066)	    at e.value (http://localhost:4200/assets/vendor.js:84825:6484)	    at Object.create (http://localhost:4200/assets/vendor.js:124663:18)	    at instantiate (http://localhost:4200/assets/vendor.js:21220:23)	    at lookup (http://localhost:4200/assets/vendor.js:21045:17)	    at Container.lookup (http://localhost:4200/assets/vendor.js:20964:14)	    at Class.lookup (http://localhost:4200/assets/vendor.js:52226:33)
2022-05-25 11:12:34 ERROR    Failure: http://localhost:4200/ -> net::ERR_ABORTED
2022-05-25 11:12:34 ERROR    Failure: http://localhost:4200/ -> net::ERR_ABORTED
2022-05-25 11:12:34 ERROR    Failure: http://localhost:4200/ -> net::ERR_ABORTED
2022-05-25 11:12:34 ERROR    Failure: http://localhost:4200/ -> net::ERR_ABORTED
2022-05-25 11:12:34 ERROR    Failure: http://localhost:4200/ -> net::ERR_ABORTED
2022-05-25 11:12:34 ERROR    Failure: http://localhost:4200/ -> net::ERR_ABORTED
2022-05-25 11:12:34 ERROR    Failure: http://localhost:4200/ -> net::ERR_ABORTED
2022-05-25 11:12:34 ERROR    Failure: http://localhost:4200/-N2tany8jv7w0c9Gf-ll -> net::ERR_CONNECTION_REFUSED
2022-05-25 11:12:34 ERROR    Failure: http://localhost:4200/-N2tany8jv7w0c9Gf-ll -> Failed to load resource: net::ERR_CONNECTION_REFUSED
2022-05-25 11:12:35 ERROR    Failure: http://localhost:4200/-N2tany8jv7w0c9Gf-ll -> JSHandle@error
2022-05-25 11:12:35 ERROR    Failure: http://localhost:4200/-N2tany8jv7w0c9Gf-ll -> Error: FIREBASE FATAL ERROR: Cannot parse Firebase url. Please use https://<YOUR FIREBASE>.firebaseio.com 	    at Vb (http://localhost:4200/assets/vendor.js:85597:278)	    at Wb (http://localhost:4200/assets/vendor.js:85599:21)	    at firebase.INTERNAL.registerService.Reference (http://localhost:4200/assets/vendor.js:85805:235)	    at Object.a.(anonymous function) [as database] (http://localhost:4200/assets/vendor.js:84825:4066)	    at e.value (http://localhost:4200/assets/vendor.js:84825:6484)	    at Object.create (http://localhost:4200/assets/vendor.js:124663:18)	    at instantiate (http://localhost:4200/assets/vendor.js:21220:23)	    at lookup (http://localhost:4200/assets/vendor.js:21045:17)	    at Container.lookup (http://localhost:4200/assets/vendor.js:20964:14)	    at Class.lookup (http://localhost:4200/assets/vendor.js:52226:33)
2022-05-25 11:12:41 ERROR    Failure: http://localhost:4200/ -> net::ERR_ABORTED
2022-05-25 11:12:41 ERROR    Failure: http://localhost:4200/ -> net::ERR_ABORTED
2022-05-25 11:12:41 ERROR    Failure: http://localhost:4200/ -> net::ERR_ABORTED
2022-05-25 11:12:41 ERROR    Failure: http://localhost:4200/ -> net::ERR_ABORTED
2022-05-25 11:12:41 ERROR    Failure: http://localhost:4200/ -> net::ERR_ABORTED
2022-05-25 11:12:41 ERROR    Failure: http://localhost:4200/ -> net::ERR_ABORTED
2022-05-25 11:12:41 ERROR    Failure: http://localhost:4200/ -> net::ERR_ABORTED
2022-05-25 11:12:41 ERROR    Failure: http://localhost:4200/-N2tany8jv7w0c9Gf-ll -> net::ERR_CONNECTION_REFUSED
2022-05-25 11:12:41 ERROR    Failure: http://localhost:4200/-N2tany8jv7w0c9Gf-ll -> Failed to load resource: net::ERR_CONNECTION_REFUSED
2022-05-25 11:12:42 ERROR    Failure: http://localhost:4200/-N2tany8jv7w0c9Gf-ll -> JSHandle@error
2022-05-25 11:12:42 ERROR    Failure: http://localhost:4200/-N2tany8jv7w0c9Gf-ll -> Error: FIREBASE FATAL ERROR: Cannot parse Firebase url. Please use https://<YOUR FIREBASE>.firebaseio.com 	    at Vb (http://localhost:4200/assets/vendor.js:85597:278)	    at Wb (http://localhost:4200/assets/vendor.js:85599:21)	    at firebase.INTERNAL.registerService.Reference (http://localhost:4200/assets/vendor.js:85805:235)	    at Object.a.(anonymous function) [as database] (http://localhost:4200/assets/vendor.js:84825:4066)	    at e.value (http://localhost:4200/assets/vendor.js:84825:6484)	    at Object.create (http://localhost:4200/assets/vendor.js:124663:18)	    at instantiate (http://localhost:4200/assets/vendor.js:21220:23)	    at lookup (http://localhost:4200/assets/vendor.js:21045:17)	    at Container.lookup (http://localhost:4200/assets/vendor.js:20964:14)	    at Class.lookup (http://localhost:4200/assets/vendor.js:52226:33)
2022-05-25 11:12:47 ERROR    Failure: http://localhost:4200/ -> net::ERR_ABORTED
2022-05-25 11:12:47 ERROR    Failure: http://localhost:4200/ -> net::ERR_ABORTED
2022-05-25 11:12:47 ERROR    Failure: http://localhost:4200/ -> net::ERR_ABORTED
2022-05-25 11:12:47 ERROR    Failure: http://localhost:4200/ -> net::ERR_ABORTED
2022-05-25 11:12:47 ERROR    Failure: http://localhost:4200/ -> net::ERR_ABORTED
2022-05-25 11:12:47 ERROR    Failure: http://localhost:4200/ -> net::ERR_ABORTED
2022-05-25 11:12:47 ERROR    Failure: http://localhost:4200/ -> net::ERR_ABORTED
2022-05-25 11:12:47 ERROR    Failure: http://localhost:4200/-N2tau_R-AuPGM1v4_n9 -> net::ERR_CONNECTION_REFUSED
2022-05-25 11:12:47 ERROR    Failure: http://localhost:4200/-N2tau_R-AuPGM1v4_n9 -> Failed to load resource: net::ERR_CONNECTION_REFUSED
2022-05-25 11:12:47 ERROR    Failure: http://localhost:4200/-N2tau_R-AuPGM1v4_n9 -> JSHandle@error
2022-05-25 11:12:47 ERROR    Failure: http://localhost:4200/-N2tau_R-AuPGM1v4_n9 -> Error: FIREBASE FATAL ERROR: Cannot parse Firebase url. Please use https://<YOUR FIREBASE>.firebaseio.com 	    at Vb (http://localhost:4200/assets/vendor.js:85597:278)	    at Wb (http://localhost:4200/assets/vendor.js:85599:21)	    at firebase.INTERNAL.registerService.Reference (http://localhost:4200/assets/vendor.js:85805:235)	    at Object.a.(anonymous function) [as database] (http://localhost:4200/assets/vendor.js:84825:4066)	    at e.value (http://localhost:4200/assets/vendor.js:84825:6484)	    at Object.create (http://localhost:4200/assets/vendor.js:124663:18)	    at instantiate (http://localhost:4200/assets/vendor.js:21220:23)	    at lookup (http://localhost:4200/assets/vendor.js:21045:17)	    at Container.lookup (http://localhost:4200/assets/vendor.js:20964:14)	    at Class.lookup (http://localhost:4200/assets/vendor.js:52226:33)
2022-05-25 11:12:50 ERROR    Failure: http://localhost:4200/ -> net::ERR_ABORTED
2022-05-25 11:12:50 ERROR    Failure: http://localhost:4200/ -> net::ERR_ABORTED
2022-05-25 11:12:50 ERROR    Failure: http://localhost:4200/ -> net::ERR_ABORTED
2022-05-25 11:12:50 ERROR    Failure: http://localhost:4200/ -> net::ERR_ABORTED
2022-05-25 11:12:50 ERROR    Failure: http://localhost:4200/ -> net::ERR_ABORTED
2022-05-25 11:12:50 ERROR    Failure: http://localhost:4200/ -> net::ERR_ABORTED
2022-05-25 11:12:50 ERROR    Failure: http://localhost:4200/ -> net::ERR_ABORTED
2022-05-25 11:12:50 ERROR    Failure: http://localhost:4200/-N2tau_R-AuPGM1v4_n9 -> net::ERR_CONNECTION_REFUSED
2022-05-25 11:12:50 ERROR    Failure: http://localhost:4200/-N2tau_R-AuPGM1v4_n9 -> Failed to load resource: net::ERR_CONNECTION_REFUSED
2022-05-25 11:12:51 ERROR    Failure: http://localhost:4200/-N2tau_R-AuPGM1v4_n9 -> JSHandle@error
2022-05-25 11:12:51 ERROR    Failure: http://localhost:4200/-N2tau_R-AuPGM1v4_n9 -> Error: FIREBASE FATAL ERROR: Cannot parse Firebase url. Please use https://<YOUR FIREBASE>.firebaseio.com 	    at Vb (http://localhost:4200/assets/vendor.js:85597:278)	    at Wb (http://localhost:4200/assets/vendor.js:85599:21)	    at firebase.INTERNAL.registerService.Reference (http://localhost:4200/assets/vendor.js:85805:235)	    at Object.a.(anonymous function) [as database] (http://localhost:4200/assets/vendor.js:84825:4066)	    at e.value (http://localhost:4200/assets/vendor.js:84825:6484)	    at Object.create (http://localhost:4200/assets/vendor.js:124663:18)	    at instantiate (http://localhost:4200/assets/vendor.js:21220:23)	    at lookup (http://localhost:4200/assets/vendor.js:21045:17)	    at Container.lookup (http://localhost:4200/assets/vendor.js:20964:14)	    at Class.lookup (http://localhost:4200/assets/vendor.js:52226:33)
2022-05-25 11:12:53 ERROR    Failure: http://localhost:4200/ -> net::ERR_ABORTED
2022-05-25 11:12:53 ERROR    Failure: http://localhost:4200/ -> net::ERR_ABORTED
2022-05-25 11:12:53 ERROR    Failure: http://localhost:4200/ -> net::ERR_ABORTED
2022-05-25 11:12:53 ERROR    Failure: http://localhost:4200/ -> net::ERR_ABORTED
2022-05-25 11:12:53 ERROR    Failure: http://localhost:4200/ -> net::ERR_ABORTED
2022-05-25 11:12:53 ERROR    Failure: http://localhost:4200/ -> net::ERR_ABORTED
2022-05-25 11:12:53 ERROR    Failure: http://localhost:4200/ -> net::ERR_ABORTED
2022-05-25 11:12:53 ERROR    Failure: http://localhost:4200/-N2tau_R-AuPGM1v4_n9 -> net::ERR_CONNECTION_REFUSED
2022-05-25 11:12:53 ERROR    Failure: http://localhost:4200/-N2tau_R-AuPGM1v4_n9 -> Failed to load resource: net::ERR_CONNECTION_REFUSED
2022-05-25 11:12:54 ERROR    Failure: http://localhost:4200/-N2tau_R-AuPGM1v4_n9 -> JSHandle@error
2022-05-25 11:12:54 ERROR    Failure: http://localhost:4200/-N2tau_R-AuPGM1v4_n9 -> Error: FIREBASE FATAL ERROR: Cannot parse Firebase url. Please use https://<YOUR FIREBASE>.firebaseio.com 	    at Vb (http://localhost:4200/assets/vendor.js:85597:278)	    at Wb (http://localhost:4200/assets/vendor.js:85599:21)	    at firebase.INTERNAL.registerService.Reference (http://localhost:4200/assets/vendor.js:85805:235)	    at Object.a.(anonymous function) [as database] (http://localhost:4200/assets/vendor.js:84825:4066)	    at e.value (http://localhost:4200/assets/vendor.js:84825:6484)	    at Object.create (http://localhost:4200/assets/vendor.js:124663:18)	    at instantiate (http://localhost:4200/assets/vendor.js:21220:23)	    at lookup (http://localhost:4200/assets/vendor.js:21045:17)	    at Container.lookup (http://localhost:4200/assets/vendor.js:20964:14)	    at Class.lookup (http://localhost:4200/assets/vendor.js:52226:33)
2022-05-25 11:12:58 ERROR    Failure: http://localhost:4200/ -> net::ERR_ABORTED
2022-05-25 11:12:58 ERROR    Failure: http://localhost:4200/ -> net::ERR_ABORTED
2022-05-25 11:12:58 ERROR    Failure: http://localhost:4200/ -> net::ERR_ABORTED
2022-05-25 11:12:58 ERROR    Failure: http://localhost:4200/ -> net::ERR_ABORTED
2022-05-25 11:12:58 ERROR    Failure: http://localhost:4200/ -> net::ERR_ABORTED
2022-05-25 11:12:58 ERROR    Failure: http://localhost:4200/ -> net::ERR_ABORTED
2022-05-25 11:12:58 ERROR    Failure: http://localhost:4200/ -> net::ERR_ABORTED
2022-05-25 11:12:58 ERROR    Failure: http://localhost:4200/-N2tany8jv7w0c9Gf-ll -> net::ERR_CONNECTION_REFUSED
2022-05-25 11:12:58 ERROR    Failure: http://localhost:4200/-N2tany8jv7w0c9Gf-ll -> Failed to load resource: net::ERR_CONNECTION_REFUSED
2022-05-25 11:12:59 ERROR    Failure: http://localhost:4200/-N2tany8jv7w0c9Gf-ll -> JSHandle@error
2022-05-25 11:12:59 ERROR    Failure: http://localhost:4200/-N2tany8jv7w0c9Gf-ll -> Error: FIREBASE FATAL ERROR: Cannot parse Firebase url. Please use https://<YOUR FIREBASE>.firebaseio.com 	    at Vb (http://localhost:4200/assets/vendor.js:85597:278)	    at Wb (http://localhost:4200/assets/vendor.js:85599:21)	    at firebase.INTERNAL.registerService.Reference (http://localhost:4200/assets/vendor.js:85805:235)	    at Object.a.(anonymous function) [as database] (http://localhost:4200/assets/vendor.js:84825:4066)	    at e.value (http://localhost:4200/assets/vendor.js:84825:6484)	    at Object.create (http://localhost:4200/assets/vendor.js:124663:18)	    at instantiate (http://localhost:4200/assets/vendor.js:21220:23)	    at lookup (http://localhost:4200/assets/vendor.js:21045:17)	    at Container.lookup (http://localhost:4200/assets/vendor.js:20964:14)	    at Class.lookup (http://localhost:4200/assets/vendor.js:52226:33)
2022-05-25 11:13:01 ERROR    Failure: http://localhost:4200/ -> net::ERR_ABORTED
2022-05-25 11:13:01 ERROR    Failure: http://localhost:4200/ -> net::ERR_ABORTED
2022-05-25 11:13:01 ERROR    Failure: http://localhost:4200/ -> net::ERR_ABORTED
2022-05-25 11:13:01 ERROR    Failure: http://localhost:4200/ -> net::ERR_ABORTED
2022-05-25 11:13:01 ERROR    Failure: http://localhost:4200/ -> net::ERR_ABORTED
2022-05-25 11:13:01 ERROR    Failure: http://localhost:4200/ -> net::ERR_ABORTED
2022-05-25 11:13:01 ERROR    Failure: http://localhost:4200/-N2tany8jv7w0c9Gf-ll -> net::ERR_CONNECTION_REFUSED
2022-05-25 11:13:01 ERROR    Failure: http://localhost:4200/-N2tany8jv7w0c9Gf-ll -> Failed to load resource: net::ERR_CONNECTION_REFUSED
2022-05-25 11:13:02 ERROR    Failure: http://localhost:4200/-N2tany8jv7w0c9Gf-ll -> JSHandle@error
2022-05-25 11:13:02 ERROR    Failure: http://localhost:4200/-N2tany8jv7w0c9Gf-ll -> Error: FIREBASE FATAL ERROR: Cannot parse Firebase url. Please use https://<YOUR FIREBASE>.firebaseio.com 	    at Vb (http://localhost:4200/assets/vendor.js:85597:278)	    at Wb (http://localhost:4200/assets/vendor.js:85599:21)	    at firebase.INTERNAL.registerService.Reference (http://localhost:4200/assets/vendor.js:85805:235)	    at Object.a.(anonymous function) [as database] (http://localhost:4200/assets/vendor.js:84825:4066)	    at e.value (http://localhost:4200/assets/vendor.js:84825:6484)	    at Object.create (http://localhost:4200/assets/vendor.js:124663:18)	    at instantiate (http://localhost:4200/assets/vendor.js:21220:23)	    at lookup (http://localhost:4200/assets/vendor.js:21045:17)	    at Container.lookup (http://localhost:4200/assets/vendor.js:20964:14)	    at Class.lookup (http://localhost:4200/assets/vendor.js:52226:33)
2022-05-25 11:13:04 ERROR    Failure: http://localhost:4200/ -> net::ERR_ABORTED
2022-05-25 11:13:04 ERROR    Failure: http://localhost:4200/ -> net::ERR_ABORTED
2022-05-25 11:13:04 ERROR    Failure: http://localhost:4200/ -> net::ERR_ABORTED
2022-05-25 11:13:04 ERROR    Failure: http://localhost:4200/ -> net::ERR_ABORTED
2022-05-25 11:13:04 ERROR    Failure: http://localhost:4200/ -> net::ERR_ABORTED
2022-05-25 11:13:04 ERROR    Failure: http://localhost:4200/ -> net::ERR_ABORTED
2022-05-25 11:13:04 ERROR    Failure: http://localhost:4200/ -> net::ERR_ABORTED
2022-05-25 11:13:04 ERROR    Failure: http://localhost:4200/-N2tany8jv7w0c9Gf-ll -> net::ERR_CONNECTION_REFUSED
2022-05-25 11:13:04 ERROR    Failure: http://localhost:4200/-N2tany8jv7w0c9Gf-ll -> Failed to load resource: net::ERR_CONNECTION_REFUSED
2022-05-25 11:13:04 ERROR    Failure: http://localhost:4200/-N2tany8jv7w0c9Gf-ll -> JSHandle@error
2022-05-25 11:13:04 ERROR    Failure: http://localhost:4200/-N2tany8jv7w0c9Gf-ll -> Error: FIREBASE FATAL ERROR: Cannot parse Firebase url. Please use https://<YOUR FIREBASE>.firebaseio.com 	    at Vb (http://localhost:4200/assets/vendor.js:85597:278)	    at Wb (http://localhost:4200/assets/vendor.js:85599:21)	    at firebase.INTERNAL.registerService.Reference (http://localhost:4200/assets/vendor.js:85805:235)	    at Object.a.(anonymous function) [as database] (http://localhost:4200/assets/vendor.js:84825:4066)	    at e.value (http://localhost:4200/assets/vendor.js:84825:6484)	    at Object.create (http://localhost:4200/assets/vendor.js:124663:18)	    at instantiate (http://localhost:4200/assets/vendor.js:21220:23)	    at lookup (http://localhost:4200/assets/vendor.js:21045:17)	    at Container.lookup (http://localhost:4200/assets/vendor.js:20964:14)	    at Class.lookup (http://localhost:4200/assets/vendor.js:52226:33)
2022-05-25 11:13:06 ERROR    Failure: http://localhost:4200/ -> net::ERR_ABORTED
2022-05-25 11:13:06 ERROR    Failure: http://localhost:4200/ -> net::ERR_ABORTED
2022-05-25 11:13:06 ERROR    Failure: http://localhost:4200/ -> net::ERR_ABORTED
2022-05-25 11:13:06 ERROR    Failure: http://localhost:4200/ -> net::ERR_ABORTED
2022-05-25 11:13:06 ERROR    Failure: http://localhost:4200/ -> net::ERR_ABORTED
2022-05-25 11:13:06 ERROR    Failure: http://localhost:4200/ -> net::ERR_ABORTED
2022-05-25 11:13:06 ERROR    Failure: http://localhost:4200/ -> net::ERR_ABORTED
2022-05-25 11:13:06 ERROR    Failure: http://localhost:4200/-N2tany8jv7w0c9Gf-ll -> net::ERR_CONNECTION_REFUSED
2022-05-25 11:13:06 ERROR    Failure: http://localhost:4200/-N2tany8jv7w0c9Gf-ll -> Failed to load resource: net::ERR_CONNECTION_REFUSED
2022-05-25 11:13:07 ERROR    Failure: http://localhost:4200/-N2tany8jv7w0c9Gf-ll -> JSHandle@error
2022-05-25 11:13:07 ERROR    Failure: http://localhost:4200/-N2tany8jv7w0c9Gf-ll -> Error: FIREBASE FATAL ERROR: Cannot parse Firebase url. Please use https://<YOUR FIREBASE>.firebaseio.com 	    at Vb (http://localhost:4200/assets/vendor.js:85597:278)	    at Wb (http://localhost:4200/assets/vendor.js:85599:21)	    at firebase.INTERNAL.registerService.Reference (http://localhost:4200/assets/vendor.js:85805:235)	    at Object.a.(anonymous function) [as database] (http://localhost:4200/assets/vendor.js:84825:4066)	    at e.value (http://localhost:4200/assets/vendor.js:84825:6484)	    at Object.create (http://localhost:4200/assets/vendor.js:124663:18)	    at instantiate (http://localhost:4200/assets/vendor.js:21220:23)	    at lookup (http://localhost:4200/assets/vendor.js:21045:17)	    at Container.lookup (http://localhost:4200/assets/vendor.js:20964:14)	    at Class.lookup (http://localhost:4200/assets/vendor.js:52226:33)
2022-05-25 11:13:14 ERROR    Failure: http://localhost:4200/ -> net::ERR_ABORTED
2022-05-25 11:13:14 ERROR    Failure: http://localhost:4200/ -> net::ERR_ABORTED
2022-05-25 11:13:14 ERROR    Failure: http://localhost:4200/ -> net::ERR_ABORTED
2022-05-25 11:13:14 ERROR    Failure: http://localhost:4200/ -> net::ERR_ABORTED
2022-05-25 11:13:14 ERROR    Failure: http://localhost:4200/ -> net::ERR_ABORTED
2022-05-25 11:13:14 ERROR    Failure: http://localhost:4200/ -> net::ERR_ABORTED
2022-05-25 11:13:14 ERROR    Failure: http://localhost:4200/ -> net::ERR_ABORTED
2022-05-25 11:13:14 ERROR    Failure: http://localhost:4200/-N2tau_R-AuPGM1v4_n9 -> net::ERR_CONNECTION_REFUSED
2022-05-25 11:13:14 ERROR    Failure: http://localhost:4200/-N2tau_R-AuPGM1v4_n9 -> Failed to load resource: net::ERR_CONNECTION_REFUSED
2022-05-25 11:13:14 ERROR    Failure: http://localhost:4200/-N2tau_R-AuPGM1v4_n9 -> JSHandle@error
2022-05-25 11:13:14 ERROR    Failure: http://localhost:4200/-N2tau_R-AuPGM1v4_n9 -> Error: FIREBASE FATAL ERROR: Cannot parse Firebase url. Please use https://<YOUR FIREBASE>.firebaseio.com 	    at Vb (http://localhost:4200/assets/vendor.js:85597:278)	    at Wb (http://localhost:4200/assets/vendor.js:85599:21)	    at firebase.INTERNAL.registerService.Reference (http://localhost:4200/assets/vendor.js:85805:235)	    at Object.a.(anonymous function) [as database] (http://localhost:4200/assets/vendor.js:84825:4066)	    at e.value (http://localhost:4200/assets/vendor.js:84825:6484)	    at Object.create (http://localhost:4200/assets/vendor.js:124663:18)	    at instantiate (http://localhost:4200/assets/vendor.js:21220:23)	    at lookup (http://localhost:4200/assets/vendor.js:21045:17)	    at Container.lookup (http://localhost:4200/assets/vendor.js:20964:14)	    at Class.lookup (http://localhost:4200/assets/vendor.js:52226:33)
2022-05-25 11:13:17 ERROR    Failure: http://localhost:4200/ -> net::ERR_ABORTED
2022-05-25 11:13:17 ERROR    Failure: http://localhost:4200/ -> net::ERR_ABORTED
2022-05-25 11:13:17 ERROR    Failure: http://localhost:4200/ -> net::ERR_ABORTED
2022-05-25 11:13:17 ERROR    Failure: http://localhost:4200/ -> net::ERR_ABORTED
2022-05-25 11:13:17 ERROR    Failure: http://localhost:4200/ -> net::ERR_ABORTED
2022-05-25 11:13:17 ERROR    Failure: http://localhost:4200/ -> net::ERR_ABORTED
2022-05-25 11:13:17 ERROR    Failure: http://localhost:4200/ -> net::ERR_ABORTED
2022-05-25 11:13:17 ERROR    Failure: http://localhost:4200/-N2tau_R-AuPGM1v4_n9 -> net::ERR_CONNECTION_REFUSED
2022-05-25 11:13:17 ERROR    Failure: http://localhost:4200/-N2tau_R-AuPGM1v4_n9 -> Failed to load resource: net::ERR_CONNECTION_REFUSED
2022-05-25 11:13:17 ERROR    Failure: http://localhost:4200/-N2tau_R-AuPGM1v4_n9 -> JSHandle@error
2022-05-25 11:13:17 ERROR    Failure: http://localhost:4200/-N2tau_R-AuPGM1v4_n9 -> Error: FIREBASE FATAL ERROR: Cannot parse Firebase url. Please use https://<YOUR FIREBASE>.firebaseio.com 	    at Vb (http://localhost:4200/assets/vendor.js:85597:278)	    at Wb (http://localhost:4200/assets/vendor.js:85599:21)	    at firebase.INTERNAL.registerService.Reference (http://localhost:4200/assets/vendor.js:85805:235)	    at Object.a.(anonymous function) [as database] (http://localhost:4200/assets/vendor.js:84825:4066)	    at e.value (http://localhost:4200/assets/vendor.js:84825:6484)	    at Object.create (http://localhost:4200/assets/vendor.js:124663:18)	    at instantiate (http://localhost:4200/assets/vendor.js:21220:23)	    at lookup (http://localhost:4200/assets/vendor.js:21045:17)	    at Container.lookup (http://localhost:4200/assets/vendor.js:20964:14)	    at Class.lookup (http://localhost:4200/assets/vendor.js:52226:33)
2022-05-25 11:13:20 ERROR    Failure: http://localhost:4200/ -> net::ERR_ABORTED
2022-05-25 11:13:20 ERROR    Failure: http://localhost:4200/ -> net::ERR_ABORTED
2022-05-25 11:13:20 ERROR    Failure: http://localhost:4200/ -> net::ERR_ABORTED
2022-05-25 11:13:20 ERROR    Failure: http://localhost:4200/ -> net::ERR_ABORTED
2022-05-25 11:13:20 ERROR    Failure: http://localhost:4200/ -> net::ERR_ABORTED
2022-05-25 11:13:20 ERROR    Failure: http://localhost:4200/ -> net::ERR_ABORTED
2022-05-25 11:13:20 ERROR    Failure: http://localhost:4200/ -> net::ERR_ABORTED
2022-05-25 11:13:20 ERROR    Failure: http://localhost:4200/-N2tau_R-AuPGM1v4_n9 -> net::ERR_CONNECTION_REFUSED
2022-05-25 11:13:20 ERROR    Failure: http://localhost:4200/-N2tau_R-AuPGM1v4_n9 -> Failed to load resource: net::ERR_CONNECTION_REFUSED
2022-05-25 11:13:20 ERROR    Failure: http://localhost:4200/-N2tau_R-AuPGM1v4_n9 -> JSHandle@error
2022-05-25 11:13:20 ERROR    Failure: http://localhost:4200/-N2tau_R-AuPGM1v4_n9 -> Error: FIREBASE FATAL ERROR: Cannot parse Firebase url. Please use https://<YOUR FIREBASE>.firebaseio.com 	    at Vb (http://localhost:4200/assets/vendor.js:85597:278)	    at Wb (http://localhost:4200/assets/vendor.js:85599:21)	    at firebase.INTERNAL.registerService.Reference (http://localhost:4200/assets/vendor.js:85805:235)	    at Object.a.(anonymous function) [as database] (http://localhost:4200/assets/vendor.js:84825:4066)	    at e.value (http://localhost:4200/assets/vendor.js:84825:6484)	    at Object.create (http://localhost:4200/assets/vendor.js:124663:18)	    at instantiate (http://localhost:4200/assets/vendor.js:21220:23)	    at lookup (http://localhost:4200/assets/vendor.js:21045:17)	    at Container.lookup (http://localhost:4200/assets/vendor.js:20964:14)	    at Class.lookup (http://localhost:4200/assets/vendor.js:52226:33)
2022-05-25 11:13:22 ERROR    Failure: http://localhost:4200/ -> net::ERR_ABORTED
2022-05-25 11:13:22 ERROR    Failure: http://localhost:4200/ -> net::ERR_ABORTED
2022-05-25 11:13:22 ERROR    Failure: http://localhost:4200/ -> net::ERR_ABORTED
2022-05-25 11:13:22 ERROR    Failure: http://localhost:4200/ -> net::ERR_ABORTED
2022-05-25 11:13:22 ERROR    Failure: http://localhost:4200/ -> net::ERR_ABORTED
2022-05-25 11:13:22 ERROR    Failure: http://localhost:4200/ -> net::ERR_ABORTED
2022-05-25 11:13:22 ERROR    Failure: http://localhost:4200/ -> net::ERR_ABORTED
2022-05-25 11:13:22 ERROR    Failure: http://localhost:4200/-N2tau_R-AuPGM1v4_n9 -> net::ERR_CONNECTION_REFUSED
2022-05-25 11:13:22 ERROR    Failure: http://localhost:4200/-N2tau_R-AuPGM1v4_n9 -> Failed to load resource: net::ERR_CONNECTION_REFUSED
2022-05-25 11:13:23 ERROR    Failure: http://localhost:4200/-N2tau_R-AuPGM1v4_n9 -> JSHandle@error
2022-05-25 11:13:23 ERROR    Failure: http://localhost:4200/-N2tau_R-AuPGM1v4_n9 -> Error: FIREBASE FATAL ERROR: Cannot parse Firebase url. Please use https://<YOUR FIREBASE>.firebaseio.com 	    at Vb (http://localhost:4200/assets/vendor.js:85597:278)	    at Wb (http://localhost:4200/assets/vendor.js:85599:21)	    at firebase.INTERNAL.registerService.Reference (http://localhost:4200/assets/vendor.js:85805:235)	    at Object.a.(anonymous function) [as database] (http://localhost:4200/assets/vendor.js:84825:4066)	    at e.value (http://localhost:4200/assets/vendor.js:84825:6484)	    at Object.create (http://localhost:4200/assets/vendor.js:124663:18)	    at instantiate (http://localhost:4200/assets/vendor.js:21220:23)	    at lookup (http://localhost:4200/assets/vendor.js:21045:17)	    at Container.lookup (http://localhost:4200/assets/vendor.js:20964:14)	    at Class.lookup (http://localhost:4200/assets/vendor.js:52226:33)
2022-05-25 11:13:27 ERROR    Failure: http://localhost:4200/ -> net::ERR_ABORTED
2022-05-25 11:13:27 ERROR    Failure: http://localhost:4200/ -> net::ERR_ABORTED
2022-05-25 11:13:27 ERROR    Failure: http://localhost:4200/ -> net::ERR_ABORTED
2022-05-25 11:13:27 ERROR    Failure: http://localhost:4200/ -> net::ERR_ABORTED
2022-05-25 11:13:27 ERROR    Failure: http://localhost:4200/ -> net::ERR_ABORTED
2022-05-25 11:13:27 ERROR    Failure: http://localhost:4200/ -> net::ERR_ABORTED
2022-05-25 11:13:27 ERROR    Failure: http://localhost:4200/ -> net::ERR_ABORTED
2022-05-25 11:13:27 ERROR    Failure: http://localhost:4200/-N2tany8jv7w0c9Gf-ll -> net::ERR_CONNECTION_REFUSED
2022-05-25 11:13:27 ERROR    Failure: http://localhost:4200/-N2tany8jv7w0c9Gf-ll -> Failed to load resource: net::ERR_CONNECTION_REFUSED
2022-05-25 11:13:27 ERROR    Failure: http://localhost:4200/-N2tany8jv7w0c9Gf-ll -> JSHandle@error
2022-05-25 11:13:27 ERROR    Failure: http://localhost:4200/-N2tany8jv7w0c9Gf-ll -> Error: FIREBASE FATAL ERROR: Cannot parse Firebase url. Please use https://<YOUR FIREBASE>.firebaseio.com 	    at Vb (http://localhost:4200/assets/vendor.js:85597:278)	    at Wb (http://localhost:4200/assets/vendor.js:85599:21)	    at firebase.INTERNAL.registerService.Reference (http://localhost:4200/assets/vendor.js:85805:235)	    at Object.a.(anonymous function) [as database] (http://localhost:4200/assets/vendor.js:84825:4066)	    at e.value (http://localhost:4200/assets/vendor.js:84825:6484)	    at Object.create (http://localhost:4200/assets/vendor.js:124663:18)	    at instantiate (http://localhost:4200/assets/vendor.js:21220:23)	    at lookup (http://localhost:4200/assets/vendor.js:21045:17)	    at Container.lookup (http://localhost:4200/assets/vendor.js:20964:14)	    at Class.lookup (http://localhost:4200/assets/vendor.js:52226:33)
2022-05-25 11:13:33 ERROR    Failure: http://localhost:4200/ -> net::ERR_ABORTED
2022-05-25 11:13:33 ERROR    Failure: http://localhost:4200/ -> net::ERR_ABORTED
2022-05-25 11:13:33 ERROR    Failure: http://localhost:4200/ -> net::ERR_ABORTED
2022-05-25 11:13:33 ERROR    Failure: http://localhost:4200/ -> net::ERR_ABORTED
2022-05-25 11:13:33 ERROR    Failure: http://localhost:4200/ -> net::ERR_ABORTED
2022-05-25 11:13:33 ERROR    Failure: http://localhost:4200/ -> net::ERR_ABORTED
2022-05-25 11:13:33 ERROR    Failure: http://localhost:4200/ -> net::ERR_ABORTED
2022-05-25 11:13:33 ERROR    Failure: http://localhost:4200/-N2tany8jv7w0c9Gf-ll -> net::ERR_CONNECTION_REFUSED
2022-05-25 11:13:33 ERROR    Failure: http://localhost:4200/-N2tany8jv7w0c9Gf-ll -> Failed to load resource: net::ERR_CONNECTION_REFUSED
2022-05-25 11:13:33 ERROR    Failure: http://localhost:4200/-N2tany8jv7w0c9Gf-ll -> JSHandle@error
2022-05-25 11:13:33 ERROR    Failure: http://localhost:4200/-N2tany8jv7w0c9Gf-ll -> Error: FIREBASE FATAL ERROR: Cannot parse Firebase url. Please use https://<YOUR FIREBASE>.firebaseio.com 	    at Vb (http://localhost:4200/assets/vendor.js:85597:278)	    at Wb (http://localhost:4200/assets/vendor.js:85599:21)	    at firebase.INTERNAL.registerService.Reference (http://localhost:4200/assets/vendor.js:85805:235)	    at Object.a.(anonymous function) [as database] (http://localhost:4200/assets/vendor.js:84825:4066)	    at e.value (http://localhost:4200/assets/vendor.js:84825:6484)	    at Object.create (http://localhost:4200/assets/vendor.js:124663:18)	    at instantiate (http://localhost:4200/assets/vendor.js:21220:23)	    at lookup (http://localhost:4200/assets/vendor.js:21045:17)	    at Container.lookup (http://localhost:4200/assets/vendor.js:20964:14)	    at Class.lookup (http://localhost:4200/assets/vendor.js:52226:33)
2022-05-25 11:13:38 ERROR    Failure: http://localhost:4200/ -> net::ERR_ABORTED
2022-05-25 11:13:38 ERROR    Failure: http://localhost:4200/ -> net::ERR_ABORTED
2022-05-25 11:13:38 ERROR    Failure: http://localhost:4200/ -> net::ERR_ABORTED
2022-05-25 11:13:38 ERROR    Failure: http://localhost:4200/ -> net::ERR_ABORTED
2022-05-25 11:13:38 ERROR    Failure: http://localhost:4200/ -> net::ERR_ABORTED
2022-05-25 11:13:38 ERROR    Failure: http://localhost:4200/ -> net::ERR_ABORTED
2022-05-25 11:13:38 ERROR    Failure: http://localhost:4200/ -> net::ERR_ABORTED
2022-05-25 11:13:38 ERROR    Failure: http://localhost:4200/-N2tau_R-AuPGM1v4_n9 -> net::ERR_CONNECTION_REFUSED
2022-05-25 11:13:38 ERROR    Failure: http://localhost:4200/-N2tau_R-AuPGM1v4_n9 -> Failed to load resource: net::ERR_CONNECTION_REFUSED
2022-05-25 11:13:39 ERROR    Failure: http://localhost:4200/-N2tau_R-AuPGM1v4_n9 -> JSHandle@error
2022-05-25 11:13:39 ERROR    Failure: http://localhost:4200/-N2tau_R-AuPGM1v4_n9 -> Error: FIREBASE FATAL ERROR: Cannot parse Firebase url. Please use https://<YOUR FIREBASE>.firebaseio.com 	    at Vb (http://localhost:4200/assets/vendor.js:85597:278)	    at Wb (http://localhost:4200/assets/vendor.js:85599:21)	    at firebase.INTERNAL.registerService.Reference (http://localhost:4200/assets/vendor.js:85805:235)	    at Object.a.(anonymous function) [as database] (http://localhost:4200/assets/vendor.js:84825:4066)	    at e.value (http://localhost:4200/assets/vendor.js:84825:6484)	    at Object.create (http://localhost:4200/assets/vendor.js:124663:18)	    at instantiate (http://localhost:4200/assets/vendor.js:21220:23)	    at lookup (http://localhost:4200/assets/vendor.js:21045:17)	    at Container.lookup (http://localhost:4200/assets/vendor.js:20964:14)	    at Class.lookup (http://localhost:4200/assets/vendor.js:52226:33)
2022-05-25 11:13:44 ERROR    Failure: http://localhost:4200/ -> net::ERR_ABORTED
2022-05-25 11:13:44 ERROR    Failure: http://localhost:4200/ -> net::ERR_ABORTED
2022-05-25 11:13:44 ERROR    Failure: http://localhost:4200/ -> net::ERR_ABORTED
2022-05-25 11:13:44 ERROR    Failure: http://localhost:4200/ -> net::ERR_ABORTED
2022-05-25 11:13:44 ERROR    Failure: http://localhost:4200/ -> net::ERR_ABORTED
2022-05-25 11:13:44 ERROR    Failure: http://localhost:4200/ -> net::ERR_ABORTED
2022-05-25 11:13:44 ERROR    Failure: http://localhost:4200/ -> net::ERR_ABORTED
2022-05-25 11:13:44 ERROR    Failure: http://localhost:4200/-N2tany8jv7w0c9Gf-ll -> net::ERR_CONNECTION_REFUSED
2022-05-25 11:13:44 ERROR    Failure: http://localhost:4200/-N2tany8jv7w0c9Gf-ll -> Failed to load resource: net::ERR_CONNECTION_REFUSED
2022-05-25 11:13:45 ERROR    Failure: http://localhost:4200/-N2tany8jv7w0c9Gf-ll -> JSHandle@error
2022-05-25 11:13:45 ERROR    Failure: http://localhost:4200/-N2tany8jv7w0c9Gf-ll -> Error: FIREBASE FATAL ERROR: Cannot parse Firebase url. Please use https://<YOUR FIREBASE>.firebaseio.com 	    at Vb (http://localhost:4200/assets/vendor.js:85597:278)	    at Wb (http://localhost:4200/assets/vendor.js:85599:21)	    at firebase.INTERNAL.registerService.Reference (http://localhost:4200/assets/vendor.js:85805:235)	    at Object.a.(anonymous function) [as database] (http://localhost:4200/assets/vendor.js:84825:4066)	    at e.value (http://localhost:4200/assets/vendor.js:84825:6484)	    at Object.create (http://localhost:4200/assets/vendor.js:124663:18)	    at instantiate (http://localhost:4200/assets/vendor.js:21220:23)	    at lookup (http://localhost:4200/assets/vendor.js:21045:17)	    at Container.lookup (http://localhost:4200/assets/vendor.js:20964:14)	    at Class.lookup (http://localhost:4200/assets/vendor.js:52226:33)
2022-05-25 11:13:50 ERROR    Failure: http://localhost:4200/ -> net::ERR_ABORTED
2022-05-25 11:13:50 ERROR    Failure: http://localhost:4200/ -> net::ERR_ABORTED
2022-05-25 11:13:50 ERROR    Failure: http://localhost:4200/ -> net::ERR_ABORTED
2022-05-25 11:13:50 ERROR    Failure: http://localhost:4200/ -> net::ERR_ABORTED
2022-05-25 11:13:50 ERROR    Failure: http://localhost:4200/ -> net::ERR_ABORTED
2022-05-25 11:13:50 ERROR    Failure: http://localhost:4200/ -> net::ERR_ABORTED
2022-05-25 11:13:50 ERROR    Failure: http://localhost:4200/ -> net::ERR_ABORTED
2022-05-25 11:13:50 ERROR    Failure: http://localhost:4200/-N2tau_R-AuPGM1v4_n9 -> net::ERR_CONNECTION_REFUSED
2022-05-25 11:13:50 ERROR    Failure: http://localhost:4200/-N2tau_R-AuPGM1v4_n9 -> Failed to load resource: net::ERR_CONNECTION_REFUSED
2022-05-25 11:13:50 ERROR    Failure: http://localhost:4200/-N2tau_R-AuPGM1v4_n9 -> JSHandle@error
2022-05-25 11:13:50 ERROR    Failure: http://localhost:4200/-N2tau_R-AuPGM1v4_n9 -> Error: FIREBASE FATAL ERROR: Cannot parse Firebase url. Please use https://<YOUR FIREBASE>.firebaseio.com 	    at Vb (http://localhost:4200/assets/vendor.js:85597:278)	    at Wb (http://localhost:4200/assets/vendor.js:85599:21)	    at firebase.INTERNAL.registerService.Reference (http://localhost:4200/assets/vendor.js:85805:235)	    at Object.a.(anonymous function) [as database] (http://localhost:4200/assets/vendor.js:84825:4066)	    at e.value (http://localhost:4200/assets/vendor.js:84825:6484)	    at Object.create (http://localhost:4200/assets/vendor.js:124663:18)	    at instantiate (http://localhost:4200/assets/vendor.js:21220:23)	    at lookup (http://localhost:4200/assets/vendor.js:21045:17)	    at Container.lookup (http://localhost:4200/assets/vendor.js:20964:14)	    at Class.lookup (http://localhost:4200/assets/vendor.js:52226:33)
2022-05-25 11:13:54 ERROR    Failure: http://localhost:4200/ -> net::ERR_ABORTED
2022-05-25 11:13:54 ERROR    Failure: http://localhost:4200/ -> net::ERR_ABORTED
2022-05-25 11:13:54 ERROR    Failure: http://localhost:4200/ -> net::ERR_ABORTED
2022-05-25 11:13:54 ERROR    Failure: http://localhost:4200/ -> net::ERR_ABORTED
2022-05-25 11:13:54 ERROR    Failure: http://localhost:4200/ -> net::ERR_ABORTED
2022-05-25 11:13:54 ERROR    Failure: http://localhost:4200/ -> net::ERR_ABORTED
2022-05-25 11:13:54 ERROR    Failure: http://localhost:4200/ -> net::ERR_ABORTED
2022-05-25 11:13:54 ERROR    Failure: http://localhost:4200/-N2tany8jv7w0c9Gf-ll -> net::ERR_CONNECTION_REFUSED
2022-05-25 11:13:54 ERROR    Failure: http://localhost:4200/-N2tany8jv7w0c9Gf-ll -> Failed to load resource: net::ERR_CONNECTION_REFUSED
2022-05-25 11:13:54 ERROR    Failure: http://localhost:4200/-N2tany8jv7w0c9Gf-ll -> JSHandle@error
2022-05-25 11:13:54 ERROR    Failure: http://localhost:4200/-N2tany8jv7w0c9Gf-ll -> Error: FIREBASE FATAL ERROR: Cannot parse Firebase url. Please use https://<YOUR FIREBASE>.firebaseio.com 	    at Vb (http://localhost:4200/assets/vendor.js:85597:278)	    at Wb (http://localhost:4200/assets/vendor.js:85599:21)	    at firebase.INTERNAL.registerService.Reference (http://localhost:4200/assets/vendor.js:85805:235)	    at Object.a.(anonymous function) [as database] (http://localhost:4200/assets/vendor.js:84825:4066)	    at e.value (http://localhost:4200/assets/vendor.js:84825:6484)	    at Object.create (http://localhost:4200/assets/vendor.js:124663:18)	    at instantiate (http://localhost:4200/assets/vendor.js:21220:23)	    at lookup (http://localhost:4200/assets/vendor.js:21045:17)	    at Container.lookup (http://localhost:4200/assets/vendor.js:20964:14)	    at Class.lookup (http://localhost:4200/assets/vendor.js:52226:33)
2022-05-25 11:13:59 ERROR    Failure: http://localhost:4200/ -> net::ERR_ABORTED
2022-05-25 11:13:59 ERROR    Failure: http://localhost:4200/ -> net::ERR_ABORTED
2022-05-25 11:13:59 ERROR    Failure: http://localhost:4200/ -> net::ERR_ABORTED
2022-05-25 11:13:59 ERROR    Failure: http://localhost:4200/ -> net::ERR_ABORTED
2022-05-25 11:13:59 ERROR    Failure: http://localhost:4200/ -> net::ERR_ABORTED
2022-05-25 11:13:59 ERROR    Failure: http://localhost:4200/ -> net::ERR_ABORTED
2022-05-25 11:13:59 ERROR    Failure: http://localhost:4200/ -> net::ERR_ABORTED
2022-05-25 11:13:59 ERROR    Failure: http://localhost:4200/-N2tany8jv7w0c9Gf-ll -> net::ERR_CONNECTION_REFUSED
2022-05-25 11:13:59 ERROR    Failure: http://localhost:4200/-N2tany8jv7w0c9Gf-ll -> Failed to load resource: net::ERR_CONNECTION_REFUSED
2022-05-25 11:13:59 ERROR    Failure: http://localhost:4200/-N2tany8jv7w0c9Gf-ll -> JSHandle@error
2022-05-25 11:13:59 ERROR    Failure: http://localhost:4200/-N2tany8jv7w0c9Gf-ll -> Error: FIREBASE FATAL ERROR: Cannot parse Firebase url. Please use https://<YOUR FIREBASE>.firebaseio.com 	    at Vb (http://localhost:4200/assets/vendor.js:85597:278)	    at Wb (http://localhost:4200/assets/vendor.js:85599:21)	    at firebase.INTERNAL.registerService.Reference (http://localhost:4200/assets/vendor.js:85805:235)	    at Object.a.(anonymous function) [as database] (http://localhost:4200/assets/vendor.js:84825:4066)	    at e.value (http://localhost:4200/assets/vendor.js:84825:6484)	    at Object.create (http://localhost:4200/assets/vendor.js:124663:18)	    at instantiate (http://localhost:4200/assets/vendor.js:21220:23)	    at lookup (http://localhost:4200/assets/vendor.js:21045:17)	    at Container.lookup (http://localhost:4200/assets/vendor.js:20964:14)	    at Class.lookup (http://localhost:4200/assets/vendor.js:52226:33)
2022-05-25 11:14:04 ERROR    Failure: http://localhost:4200/ -> net::ERR_ABORTED
2022-05-25 11:14:04 ERROR    Failure: http://localhost:4200/ -> net::ERR_ABORTED
2022-05-25 11:14:04 ERROR    Failure: http://localhost:4200/ -> net::ERR_ABORTED
2022-05-25 11:14:04 ERROR    Failure: http://localhost:4200/ -> net::ERR_ABORTED
2022-05-25 11:14:04 ERROR    Failure: http://localhost:4200/ -> net::ERR_ABORTED
2022-05-25 11:14:04 ERROR    Failure: http://localhost:4200/ -> net::ERR_ABORTED
2022-05-25 11:14:04 ERROR    Failure: http://localhost:4200/ -> net::ERR_ABORTED
2022-05-25 11:14:04 ERROR    Failure: http://localhost:4200/-N2tau_R-AuPGM1v4_n9 -> net::ERR_CONNECTION_REFUSED
2022-05-25 11:14:04 ERROR    Failure: http://localhost:4200/-N2tau_R-AuPGM1v4_n9 -> Failed to load resource: net::ERR_CONNECTION_REFUSED
2022-05-25 11:14:05 ERROR    Failure: http://localhost:4200/-N2tau_R-AuPGM1v4_n9 -> JSHandle@error
2022-05-25 11:14:05 ERROR    Failure: http://localhost:4200/-N2tau_R-AuPGM1v4_n9 -> Error: FIREBASE FATAL ERROR: Cannot parse Firebase url. Please use https://<YOUR FIREBASE>.firebaseio.com 	    at Vb (http://localhost:4200/assets/vendor.js:85597:278)	    at Wb (http://localhost:4200/assets/vendor.js:85599:21)	    at firebase.INTERNAL.registerService.Reference (http://localhost:4200/assets/vendor.js:85805:235)	    at Object.a.(anonymous function) [as database] (http://localhost:4200/assets/vendor.js:84825:4066)	    at e.value (http://localhost:4200/assets/vendor.js:84825:6484)	    at Object.create (http://localhost:4200/assets/vendor.js:124663:18)	    at instantiate (http://localhost:4200/assets/vendor.js:21220:23)	    at lookup (http://localhost:4200/assets/vendor.js:21045:17)	    at Container.lookup (http://localhost:4200/assets/vendor.js:20964:14)	    at Class.lookup (http://localhost:4200/assets/vendor.js:52226:33)
2022-05-25 11:14:09 ERROR    Failure: http://localhost:4200/ -> net::ERR_ABORTED
2022-05-25 11:14:09 ERROR    Failure: http://localhost:4200/ -> net::ERR_ABORTED
2022-05-25 11:14:09 ERROR    Failure: http://localhost:4200/ -> net::ERR_ABORTED
2022-05-25 11:14:09 ERROR    Failure: http://localhost:4200/ -> net::ERR_ABORTED
2022-05-25 11:14:09 ERROR    Failure: http://localhost:4200/ -> net::ERR_ABORTED
2022-05-25 11:14:09 ERROR    Failure: http://localhost:4200/ -> net::ERR_ABORTED
2022-05-25 11:14:09 ERROR    Failure: http://localhost:4200/ -> net::ERR_ABORTED
2022-05-25 11:14:09 ERROR    Failure: http://localhost:4200/-N2tany8jv7w0c9Gf-ll -> net::ERR_CONNECTION_REFUSED
2022-05-25 11:14:09 ERROR    Failure: http://localhost:4200/-N2tany8jv7w0c9Gf-ll -> Failed to load resource: net::ERR_CONNECTION_REFUSED
2022-05-25 11:14:10 ERROR    Failure: http://localhost:4200/-N2tany8jv7w0c9Gf-ll -> JSHandle@error
2022-05-25 11:14:10 ERROR    Failure: http://localhost:4200/-N2tany8jv7w0c9Gf-ll -> Error: FIREBASE FATAL ERROR: Cannot parse Firebase url. Please use https://<YOUR FIREBASE>.firebaseio.com 	    at Vb (http://localhost:4200/assets/vendor.js:85597:278)	    at Wb (http://localhost:4200/assets/vendor.js:85599:21)	    at firebase.INTERNAL.registerService.Reference (http://localhost:4200/assets/vendor.js:85805:235)	    at Object.a.(anonymous function) [as database] (http://localhost:4200/assets/vendor.js:84825:4066)	    at e.value (http://localhost:4200/assets/vendor.js:84825:6484)	    at Object.create (http://localhost:4200/assets/vendor.js:124663:18)	    at instantiate (http://localhost:4200/assets/vendor.js:21220:23)	    at lookup (http://localhost:4200/assets/vendor.js:21045:17)	    at Container.lookup (http://localhost:4200/assets/vendor.js:20964:14)	    at Class.lookup (http://localhost:4200/assets/vendor.js:52226:33)
2022-05-25 11:14:14 ERROR    Failure: http://localhost:4200/-N2tany8jv7w0c9Gf-ll -> net::ERR_CONNECTION_REFUSED
2022-05-25 11:14:14 ERROR    Failure: http://localhost:4200/-N2tany8jv7w0c9Gf-ll -> Failed to load resource: net::ERR_CONNECTION_REFUSED
2022-05-25 11:14:15 ERROR    Failure: http://localhost:4200/-N2tany8jv7w0c9Gf-ll -> JSHandle@error
2022-05-25 11:14:15 ERROR    Failure: http://localhost:4200/-N2tany8jv7w0c9Gf-ll -> Error: FIREBASE FATAL ERROR: Cannot parse Firebase url. Please use https://<YOUR FIREBASE>.firebaseio.com 	    at Vb (http://localhost:4200/assets/vendor.js:85597:278)	    at Wb (http://localhost:4200/assets/vendor.js:85599:21)	    at firebase.INTERNAL.registerService.Reference (http://localhost:4200/assets/vendor.js:85805:235)	    at Object.a.(anonymous function) [as database] (http://localhost:4200/assets/vendor.js:84825:4066)	    at e.value (http://localhost:4200/assets/vendor.js:84825:6484)	    at Object.create (http://localhost:4200/assets/vendor.js:124663:18)	    at instantiate (http://localhost:4200/assets/vendor.js:21220:23)	    at lookup (http://localhost:4200/assets/vendor.js:21045:17)	    at Container.lookup (http://localhost:4200/assets/vendor.js:20964:14)	    at Class.lookup (http://localhost:4200/assets/vendor.js:52226:33)
2022-05-25 11:14:19 ERROR    Failure: http://localhost:4200/ -> net::ERR_ABORTED
2022-05-25 11:14:19 ERROR    Failure: http://localhost:4200/ -> net::ERR_ABORTED
2022-05-25 11:14:19 ERROR    Failure: http://localhost:4200/ -> net::ERR_ABORTED
2022-05-25 11:14:19 ERROR    Failure: http://localhost:4200/ -> net::ERR_ABORTED
2022-05-25 11:14:19 ERROR    Failure: http://localhost:4200/ -> net::ERR_ABORTED
2022-05-25 11:14:19 ERROR    Failure: http://localhost:4200/ -> net::ERR_ABORTED
2022-05-25 11:14:19 ERROR    Failure: http://localhost:4200/ -> net::ERR_ABORTED
2022-05-25 11:14:19 ERROR    Failure: http://localhost:4200/-N2tau_R-AuPGM1v4_n9 -> net::ERR_CONNECTION_REFUSED
2022-05-25 11:14:19 ERROR    Failure: http://localhost:4200/-N2tau_R-AuPGM1v4_n9 -> Failed to load resource: net::ERR_CONNECTION_REFUSED
2022-05-25 11:14:20 ERROR    Failure: http://localhost:4200/-N2tau_R-AuPGM1v4_n9 -> JSHandle@error
2022-05-25 11:14:20 ERROR    Failure: http://localhost:4200/-N2tau_R-AuPGM1v4_n9 -> Error: FIREBASE FATAL ERROR: Cannot parse Firebase url. Please use https://<YOUR FIREBASE>.firebaseio.com 	    at Vb (http://localhost:4200/assets/vendor.js:85597:278)	    at Wb (http://localhost:4200/assets/vendor.js:85599:21)	    at firebase.INTERNAL.registerService.Reference (http://localhost:4200/assets/vendor.js:85805:235)	    at Object.a.(anonymous function) [as database] (http://localhost:4200/assets/vendor.js:84825:4066)	    at e.value (http://localhost:4200/assets/vendor.js:84825:6484)	    at Object.create (http://localhost:4200/assets/vendor.js:124663:18)	    at instantiate (http://localhost:4200/assets/vendor.js:21220:23)	    at lookup (http://localhost:4200/assets/vendor.js:21045:17)	    at Container.lookup (http://localhost:4200/assets/vendor.js:20964:14)	    at Class.lookup (http://localhost:4200/assets/vendor.js:52226:33)
2022-05-25 11:14:25 ERROR    Failure: http://localhost:4200/ -> net::ERR_ABORTED
2022-05-25 11:14:25 ERROR    Failure: http://localhost:4200/ -> net::ERR_ABORTED
2022-05-25 11:14:25 ERROR    Failure: http://localhost:4200/ -> net::ERR_ABORTED
2022-05-25 11:14:25 ERROR    Failure: http://localhost:4200/ -> net::ERR_ABORTED
2022-05-25 11:14:25 ERROR    Failure: http://localhost:4200/ -> net::ERR_ABORTED
2022-05-25 11:14:25 ERROR    Failure: http://localhost:4200/ -> net::ERR_ABORTED
2022-05-25 11:14:25 ERROR    Failure: http://localhost:4200/ -> net::ERR_ABORTED
2022-05-25 11:14:25 ERROR    Failure: http://localhost:4200/-N2tany8jv7w0c9Gf-ll -> net::ERR_CONNECTION_REFUSED
2022-05-25 11:14:25 ERROR    Failure: http://localhost:4200/-N2tany8jv7w0c9Gf-ll -> Failed to load resource: net::ERR_CONNECTION_REFUSED
2022-05-25 11:14:25 ERROR    Failure: http://localhost:4200/-N2tany8jv7w0c9Gf-ll -> JSHandle@error
2022-05-25 11:14:25 ERROR    Failure: http://localhost:4200/-N2tany8jv7w0c9Gf-ll -> Error: FIREBASE FATAL ERROR: Cannot parse Firebase url. Please use https://<YOUR FIREBASE>.firebaseio.com 	    at Vb (http://localhost:4200/assets/vendor.js:85597:278)	    at Wb (http://localhost:4200/assets/vendor.js:85599:21)	    at firebase.INTERNAL.registerService.Reference (http://localhost:4200/assets/vendor.js:85805:235)	    at Object.a.(anonymous function) [as database] (http://localhost:4200/assets/vendor.js:84825:4066)	    at e.value (http://localhost:4200/assets/vendor.js:84825:6484)	    at Object.create (http://localhost:4200/assets/vendor.js:124663:18)	    at instantiate (http://localhost:4200/assets/vendor.js:21220:23)	    at lookup (http://localhost:4200/assets/vendor.js:21045:17)	    at Container.lookup (http://localhost:4200/assets/vendor.js:20964:14)	    at Class.lookup (http://localhost:4200/assets/vendor.js:52226:33)
2022-05-25 11:14:31 ERROR    Failure: http://localhost:4200/ -> net::ERR_ABORTED
2022-05-25 11:14:31 ERROR    Failure: http://localhost:4200/ -> net::ERR_ABORTED
2022-05-25 11:14:31 ERROR    Failure: http://localhost:4200/ -> net::ERR_ABORTED
2022-05-25 11:14:31 ERROR    Failure: http://localhost:4200/ -> net::ERR_ABORTED
2022-05-25 11:14:31 ERROR    Failure: http://localhost:4200/ -> net::ERR_ABORTED
2022-05-25 11:14:31 ERROR    Failure: http://localhost:4200/ -> net::ERR_ABORTED
2022-05-25 11:14:31 ERROR    Failure: http://localhost:4200/ -> net::ERR_ABORTED
2022-05-25 11:14:31 ERROR    Failure: http://localhost:4200/-N2tau_R-AuPGM1v4_n9 -> net::ERR_CONNECTION_REFUSED
2022-05-25 11:14:31 ERROR    Failure: http://localhost:4200/-N2tau_R-AuPGM1v4_n9 -> Failed to load resource: net::ERR_CONNECTION_REFUSED
2022-05-25 11:14:31 ERROR    Failure: http://localhost:4200/-N2tau_R-AuPGM1v4_n9 -> JSHandle@error
2022-05-25 11:14:31 ERROR    Failure: http://localhost:4200/-N2tau_R-AuPGM1v4_n9 -> Error: FIREBASE FATAL ERROR: Cannot parse Firebase url. Please use https://<YOUR FIREBASE>.firebaseio.com 	    at Vb (http://localhost:4200/assets/vendor.js:85597:278)	    at Wb (http://localhost:4200/assets/vendor.js:85599:21)	    at firebase.INTERNAL.registerService.Reference (http://localhost:4200/assets/vendor.js:85805:235)	    at Object.a.(anonymous function) [as database] (http://localhost:4200/assets/vendor.js:84825:4066)	    at e.value (http://localhost:4200/assets/vendor.js:84825:6484)	    at Object.create (http://localhost:4200/assets/vendor.js:124663:18)	    at instantiate (http://localhost:4200/assets/vendor.js:21220:23)	    at lookup (http://localhost:4200/assets/vendor.js:21045:17)	    at Container.lookup (http://localhost:4200/assets/vendor.js:20964:14)	    at Class.lookup (http://localhost:4200/assets/vendor.js:52226:33)
2022-05-25 11:14:36 ERROR    Failure: http://localhost:4200/ -> net::ERR_ABORTED
2022-05-25 11:14:36 ERROR    Failure: http://localhost:4200/ -> net::ERR_ABORTED
2022-05-25 11:14:36 ERROR    Failure: http://localhost:4200/ -> net::ERR_ABORTED
2022-05-25 11:14:36 ERROR    Failure: http://localhost:4200/ -> net::ERR_ABORTED
2022-05-25 11:14:36 ERROR    Failure: http://localhost:4200/ -> net::ERR_ABORTED
2022-05-25 11:14:36 ERROR    Failure: http://localhost:4200/ -> net::ERR_ABORTED
2022-05-25 11:14:36 ERROR    Failure: http://localhost:4200/ -> net::ERR_ABORTED
2022-05-25 11:14:36 ERROR    Failure: http://localhost:4200/-N2tany8jv7w0c9Gf-ll -> net::ERR_CONNECTION_REFUSED
2022-05-25 11:14:36 ERROR    Failure: http://localhost:4200/-N2tany8jv7w0c9Gf-ll -> Failed to load resource: net::ERR_CONNECTION_REFUSED
2022-05-25 11:14:36 ERROR    Failure: http://localhost:4200/-N2tany8jv7w0c9Gf-ll -> JSHandle@error
2022-05-25 11:14:36 ERROR    Failure: http://localhost:4200/-N2tany8jv7w0c9Gf-ll -> Error: FIREBASE FATAL ERROR: Cannot parse Firebase url. Please use https://<YOUR FIREBASE>.firebaseio.com 	    at Vb (http://localhost:4200/assets/vendor.js:85597:278)	    at Wb (http://localhost:4200/assets/vendor.js:85599:21)	    at firebase.INTERNAL.registerService.Reference (http://localhost:4200/assets/vendor.js:85805:235)	    at Object.a.(anonymous function) [as database] (http://localhost:4200/assets/vendor.js:84825:4066)	    at e.value (http://localhost:4200/assets/vendor.js:84825:6484)	    at Object.create (http://localhost:4200/assets/vendor.js:124663:18)	    at instantiate (http://localhost:4200/assets/vendor.js:21220:23)	    at lookup (http://localhost:4200/assets/vendor.js:21045:17)	    at Container.lookup (http://localhost:4200/assets/vendor.js:20964:14)	    at Class.lookup (http://localhost:4200/assets/vendor.js:52226:33)
2022-05-25 11:14:41 ERROR    Failure: http://localhost:4200/ -> net::ERR_ABORTED
2022-05-25 11:14:41 ERROR    Failure: http://localhost:4200/ -> net::ERR_ABORTED
2022-05-25 11:14:41 ERROR    Failure: http://localhost:4200/ -> net::ERR_ABORTED
2022-05-25 11:14:41 ERROR    Failure: http://localhost:4200/ -> net::ERR_ABORTED
2022-05-25 11:14:41 ERROR    Failure: http://localhost:4200/ -> net::ERR_ABORTED
2022-05-25 11:14:41 ERROR    Failure: http://localhost:4200/ -> net::ERR_ABORTED
2022-05-25 11:14:41 ERROR    Failure: http://localhost:4200/ -> net::ERR_ABORTED
2022-05-25 11:14:41 ERROR    Failure: http://localhost:4200/-N2tau_R-AuPGM1v4_n9 -> net::ERR_CONNECTION_REFUSED
2022-05-25 11:14:41 ERROR    Failure: http://localhost:4200/-N2tau_R-AuPGM1v4_n9 -> Failed to load resource: net::ERR_CONNECTION_REFUSED
2022-05-25 11:14:42 ERROR    Failure: http://localhost:4200/-N2tau_R-AuPGM1v4_n9 -> JSHandle@error
2022-05-25 11:14:42 ERROR    Failure: http://localhost:4200/-N2tau_R-AuPGM1v4_n9 -> Error: FIREBASE FATAL ERROR: Cannot parse Firebase url. Please use https://<YOUR FIREBASE>.firebaseio.com 	    at Vb (http://localhost:4200/assets/vendor.js:85597:278)	    at Wb (http://localhost:4200/assets/vendor.js:85599:21)	    at firebase.INTERNAL.registerService.Reference (http://localhost:4200/assets/vendor.js:85805:235)	    at Object.a.(anonymous function) [as database] (http://localhost:4200/assets/vendor.js:84825:4066)	    at e.value (http://localhost:4200/assets/vendor.js:84825:6484)	    at Object.create (http://localhost:4200/assets/vendor.js:124663:18)	    at instantiate (http://localhost:4200/assets/vendor.js:21220:23)	    at lookup (http://localhost:4200/assets/vendor.js:21045:17)	    at Container.lookup (http://localhost:4200/assets/vendor.js:20964:14)	    at Class.lookup (http://localhost:4200/assets/vendor.js:52226:33)
2022-05-25 11:14:44 ERROR    Failure: http://localhost:4200/ -> net::ERR_ABORTED
2022-05-25 11:14:44 ERROR    Failure: http://localhost:4200/ -> net::ERR_ABORTED
2022-05-25 11:14:44 ERROR    Failure: http://localhost:4200/ -> net::ERR_ABORTED
2022-05-25 11:14:44 ERROR    Failure: http://localhost:4200/ -> net::ERR_ABORTED
2022-05-25 11:14:44 ERROR    Failure: http://localhost:4200/ -> net::ERR_ABORTED
2022-05-25 11:14:44 ERROR    Failure: http://localhost:4200/ -> net::ERR_ABORTED
2022-05-25 11:14:44 ERROR    Failure: http://localhost:4200/ -> net::ERR_ABORTED
2022-05-25 11:14:44 ERROR    Failure: http://localhost:4200/-N2tau_R-AuPGM1v4_n9 -> net::ERR_CONNECTION_REFUSED
2022-05-25 11:14:44 ERROR    Failure: http://localhost:4200/-N2tau_R-AuPGM1v4_n9 -> Failed to load resource: net::ERR_CONNECTION_REFUSED
2022-05-25 11:14:44 ERROR    Failure: http://localhost:4200/-N2tau_R-AuPGM1v4_n9 -> JSHandle@error
2022-05-25 11:14:44 ERROR    Failure: http://localhost:4200/-N2tau_R-AuPGM1v4_n9 -> Error: FIREBASE FATAL ERROR: Cannot parse Firebase url. Please use https://<YOUR FIREBASE>.firebaseio.com 	    at Vb (http://localhost:4200/assets/vendor.js:85597:278)	    at Wb (http://localhost:4200/assets/vendor.js:85599:21)	    at firebase.INTERNAL.registerService.Reference (http://localhost:4200/assets/vendor.js:85805:235)	    at Object.a.(anonymous function) [as database] (http://localhost:4200/assets/vendor.js:84825:4066)	    at e.value (http://localhost:4200/assets/vendor.js:84825:6484)	    at Object.create (http://localhost:4200/assets/vendor.js:124663:18)	    at instantiate (http://localhost:4200/assets/vendor.js:21220:23)	    at lookup (http://localhost:4200/assets/vendor.js:21045:17)	    at Container.lookup (http://localhost:4200/assets/vendor.js:20964:14)	    at Class.lookup (http://localhost:4200/assets/vendor.js:52226:33)
2022-05-25 11:14:45 ERROR    Failure: http://localhost:4200/-N2tau_R-AuPGM1v4_n9 -> status code(400) -> 
2022-05-25 11:14:46 ERROR    Failure: http://localhost:4200/-N2tau_R-AuPGM1v4_n9 -> Access to XMLHttpRequest at 'https://geoip.nekudo.com/api' from origin 'http://localhost:4200' has been blocked by CORS policy: No 'Access-Control-Allow-Origin' header is present on the requested resource.
2022-05-25 11:14:46 ERROR    Failure: http://localhost:4200/-N2tau_R-AuPGM1v4_n9 -> JSHandle@object
2022-05-25 11:14:46 ERROR    Failure: http://localhost:4200/new -> net::ERR_ABORTED
2022-05-25 11:14:47 ERROR    Failure: http://localhost:4200/new -> JSHandle@error
2022-05-25 11:14:47 ERROR    Failure: http://localhost:4200/new -> Error: FIREBASE FATAL ERROR: Cannot parse Firebase url. Please use https://<YOUR FIREBASE>.firebaseio.com 	    at Vb (http://localhost:4200/assets/vendor.js:85597:278)	    at Wb (http://localhost:4200/assets/vendor.js:85599:21)	    at firebase.INTERNAL.registerService.Reference (http://localhost:4200/assets/vendor.js:85805:235)	    at Object.a.(anonymous function) [as database] (http://localhost:4200/assets/vendor.js:84825:4066)	    at e.value (http://localhost:4200/assets/vendor.js:84825:6484)	    at Object.create (http://localhost:4200/assets/vendor.js:124663:18)	    at instantiate (http://localhost:4200/assets/vendor.js:21220:23)	    at lookup (http://localhost:4200/assets/vendor.js:21045:17)	    at Container.lookup (http://localhost:4200/assets/vendor.js:20964:14)	    at Class.lookup (http://localhost:4200/assets/vendor.js:52226:33)
2022-05-25 11:14:47 ERROR    Failure: http://localhost:4200/new -> JSHandle@error
2022-05-25 11:14:47 ERROR    Failure: http://localhost:4200/new -> Error: FIREBASE FATAL ERROR: Cannot parse Firebase url. Please use https://<YOUR FIREBASE>.firebaseio.com 	    at Vb (http://localhost:4200/assets/vendor.js:85597:278)	    at Wb (http://localhost:4200/assets/vendor.js:85599:21)	    at firebase.INTERNAL.registerService.Reference (http://localhost:4200/assets/vendor.js:85805:235)	    at Object.a.(anonymous function) [as database] (http://localhost:4200/assets/vendor.js:84825:4066)	    at e.value (http://localhost:4200/assets/vendor.js:84825:6484)	    at Object.create (http://localhost:4200/assets/vendor.js:124663:18)	    at instantiate (http://localhost:4200/assets/vendor.js:21220:23)	    at lookup (http://localhost:4200/assets/vendor.js:21045:17)	    at Container.lookup (http://localhost:4200/assets/vendor.js:20964:14)	    at Class.lookup (http://localhost:4200/assets/vendor.js:52226:33)
2022-05-25 11:14:50 ERROR    Failure: http://localhost:4200/ -> net::ERR_ABORTED
2022-05-25 11:14:50 ERROR    Failure: http://localhost:4200/ -> net::ERR_ABORTED
2022-05-25 11:14:50 ERROR    Failure: http://localhost:4200/ -> net::ERR_ABORTED
2022-05-25 11:14:50 ERROR    Failure: http://localhost:4200/ -> net::ERR_ABORTED
2022-05-25 11:14:50 ERROR    Failure: http://localhost:4200/ -> net::ERR_ABORTED
2022-05-25 11:14:50 ERROR    Failure: http://localhost:4200/ -> net::ERR_ABORTED
2022-05-25 11:14:50 ERROR    Failure: http://localhost:4200/ -> net::ERR_ABORTED
2022-05-25 11:14:50 ERROR    Failure: http://localhost:4200/-N2tau_R-AuPGM1v4_n9 -> net::ERR_CONNECTION_REFUSED
2022-05-25 11:14:50 ERROR    Failure: http://localhost:4200/-N2tau_R-AuPGM1v4_n9 -> Failed to load resource: net::ERR_CONNECTION_REFUSED
2022-05-25 11:14:50 ERROR    Failure: http://localhost:4200/-N2tau_R-AuPGM1v4_n9 -> JSHandle@error
2022-05-25 11:14:50 ERROR    Failure: http://localhost:4200/-N2tau_R-AuPGM1v4_n9 -> Error: FIREBASE FATAL ERROR: Cannot parse Firebase url. Please use https://<YOUR FIREBASE>.firebaseio.com 	    at Vb (http://localhost:4200/assets/vendor.js:85597:278)	    at Wb (http://localhost:4200/assets/vendor.js:85599:21)	    at firebase.INTERNAL.registerService.Reference (http://localhost:4200/assets/vendor.js:85805:235)	    at Object.a.(anonymous function) [as database] (http://localhost:4200/assets/vendor.js:84825:4066)	    at e.value (http://localhost:4200/assets/vendor.js:84825:6484)	    at Object.create (http://localhost:4200/assets/vendor.js:124663:18)	    at instantiate (http://localhost:4200/assets/vendor.js:21220:23)	    at lookup (http://localhost:4200/assets/vendor.js:21045:17)	    at Container.lookup (http://localhost:4200/assets/vendor.js:20964:14)	    at Class.lookup (http://localhost:4200/assets/vendor.js:52226:33)
2022-05-25 11:14:55 ERROR    Failure: http://localhost:4200/ -> net::ERR_ABORTED
2022-05-25 11:14:55 ERROR    Failure: http://localhost:4200/ -> net::ERR_ABORTED
2022-05-25 11:14:55 ERROR    Failure: http://localhost:4200/ -> net::ERR_ABORTED
2022-05-25 11:14:55 ERROR    Failure: http://localhost:4200/ -> net::ERR_ABORTED
2022-05-25 11:14:55 ERROR    Failure: http://localhost:4200/ -> net::ERR_ABORTED
2022-05-25 11:14:55 ERROR    Failure: http://localhost:4200/ -> net::ERR_ABORTED
2022-05-25 11:14:55 ERROR    Failure: http://localhost:4200/ -> net::ERR_ABORTED
2022-05-25 11:14:55 ERROR    Failure: http://localhost:4200/-N2tau_R-AuPGM1v4_n9 -> net::ERR_CONNECTION_REFUSED
2022-05-25 11:14:55 ERROR    Failure: http://localhost:4200/-N2tau_R-AuPGM1v4_n9 -> Failed to load resource: net::ERR_CONNECTION_REFUSED
2022-05-25 11:14:56 ERROR    Failure: http://localhost:4200/-N2tau_R-AuPGM1v4_n9 -> JSHandle@error
2022-05-25 11:14:56 ERROR    Failure: http://localhost:4200/-N2tau_R-AuPGM1v4_n9 -> Error: FIREBASE FATAL ERROR: Cannot parse Firebase url. Please use https://<YOUR FIREBASE>.firebaseio.com 	    at Vb (http://localhost:4200/assets/vendor.js:85597:278)	    at Wb (http://localhost:4200/assets/vendor.js:85599:21)	    at firebase.INTERNAL.registerService.Reference (http://localhost:4200/assets/vendor.js:85805:235)	    at Object.a.(anonymous function) [as database] (http://localhost:4200/assets/vendor.js:84825:4066)	    at e.value (http://localhost:4200/assets/vendor.js:84825:6484)	    at Object.create (http://localhost:4200/assets/vendor.js:124663:18)	    at instantiate (http://localhost:4200/assets/vendor.js:21220:23)	    at lookup (http://localhost:4200/assets/vendor.js:21045:17)	    at Container.lookup (http://localhost:4200/assets/vendor.js:20964:14)	    at Class.lookup (http://localhost:4200/assets/vendor.js:52226:33)
2022-05-25 11:14:58 ERROR    Failure: http://localhost:4200/ -> net::ERR_ABORTED
2022-05-25 11:14:58 ERROR    Failure: http://localhost:4200/ -> net::ERR_ABORTED
2022-05-25 11:14:58 ERROR    Failure: http://localhost:4200/ -> net::ERR_ABORTED
2022-05-25 11:14:58 ERROR    Failure: http://localhost:4200/ -> net::ERR_ABORTED
2022-05-25 11:14:58 ERROR    Failure: http://localhost:4200/ -> net::ERR_ABORTED
2022-05-25 11:14:58 ERROR    Failure: http://localhost:4200/ -> net::ERR_ABORTED
2022-05-25 11:14:58 ERROR    Failure: http://localhost:4200/ -> net::ERR_ABORTED
2022-05-25 11:14:58 ERROR    Failure: http://localhost:4200/-N2tau_R-AuPGM1v4_n9 -> net::ERR_CONNECTION_REFUSED
2022-05-25 11:14:58 ERROR    Failure: http://localhost:4200/-N2tau_R-AuPGM1v4_n9 -> Failed to load resource: net::ERR_CONNECTION_REFUSED
2022-05-25 11:14:59 ERROR    Failure: http://localhost:4200/-N2tau_R-AuPGM1v4_n9 -> JSHandle@error
2022-05-25 11:14:59 ERROR    Failure: http://localhost:4200/-N2tau_R-AuPGM1v4_n9 -> Error: FIREBASE FATAL ERROR: Cannot parse Firebase url. Please use https://<YOUR FIREBASE>.firebaseio.com 	    at Vb (http://localhost:4200/assets/vendor.js:85597:278)	    at Wb (http://localhost:4200/assets/vendor.js:85599:21)	    at firebase.INTERNAL.registerService.Reference (http://localhost:4200/assets/vendor.js:85805:235)	    at Object.a.(anonymous function) [as database] (http://localhost:4200/assets/vendor.js:84825:4066)	    at e.value (http://localhost:4200/assets/vendor.js:84825:6484)	    at Object.create (http://localhost:4200/assets/vendor.js:124663:18)	    at instantiate (http://localhost:4200/assets/vendor.js:21220:23)	    at lookup (http://localhost:4200/assets/vendor.js:21045:17)	    at Container.lookup (http://localhost:4200/assets/vendor.js:20964:14)	    at Class.lookup (http://localhost:4200/assets/vendor.js:52226:33)
2022-05-25 11:15:02 ERROR    Failure: http://localhost:4200/ -> net::ERR_ABORTED
2022-05-25 11:15:02 ERROR    Failure: http://localhost:4200/ -> net::ERR_ABORTED
2022-05-25 11:15:02 ERROR    Failure: http://localhost:4200/ -> net::ERR_ABORTED
2022-05-25 11:15:02 ERROR    Failure: http://localhost:4200/ -> net::ERR_ABORTED
2022-05-25 11:15:02 ERROR    Failure: http://localhost:4200/ -> net::ERR_ABORTED
2022-05-25 11:15:02 ERROR    Failure: http://localhost:4200/ -> net::ERR_ABORTED
2022-05-25 11:15:02 ERROR    Failure: http://localhost:4200/ -> net::ERR_ABORTED
2022-05-25 11:15:02 ERROR    Failure: http://localhost:4200/-N2tau_R-AuPGM1v4_n9 -> net::ERR_CONNECTION_REFUSED
2022-05-25 11:15:02 ERROR    Failure: http://localhost:4200/-N2tau_R-AuPGM1v4_n9 -> Failed to load resource: net::ERR_CONNECTION_REFUSED
2022-05-25 11:15:03 ERROR    Failure: http://localhost:4200/-N2tau_R-AuPGM1v4_n9 -> JSHandle@error
2022-05-25 11:15:03 ERROR    Failure: http://localhost:4200/-N2tau_R-AuPGM1v4_n9 -> Error: FIREBASE FATAL ERROR: Cannot parse Firebase url. Please use https://<YOUR FIREBASE>.firebaseio.com 	    at Vb (http://localhost:4200/assets/vendor.js:85597:278)	    at Wb (http://localhost:4200/assets/vendor.js:85599:21)	    at firebase.INTERNAL.registerService.Reference (http://localhost:4200/assets/vendor.js:85805:235)	    at Object.a.(anonymous function) [as database] (http://localhost:4200/assets/vendor.js:84825:4066)	    at e.value (http://localhost:4200/assets/vendor.js:84825:6484)	    at Object.create (http://localhost:4200/assets/vendor.js:124663:18)	    at instantiate (http://localhost:4200/assets/vendor.js:21220:23)	    at lookup (http://localhost:4200/assets/vendor.js:21045:17)	    at Container.lookup (http://localhost:4200/assets/vendor.js:20964:14)	    at Class.lookup (http://localhost:4200/assets/vendor.js:52226:33)
2022-05-25 11:15:07 ERROR    Failure: http://localhost:4200/ -> net::ERR_ABORTED
2022-05-25 11:15:07 ERROR    Failure: http://localhost:4200/ -> net::ERR_ABORTED
2022-05-25 11:15:07 ERROR    Failure: http://localhost:4200/ -> net::ERR_ABORTED
2022-05-25 11:15:07 ERROR    Failure: http://localhost:4200/ -> net::ERR_ABORTED
2022-05-25 11:15:07 ERROR    Failure: http://localhost:4200/ -> net::ERR_ABORTED
2022-05-25 11:15:07 ERROR    Failure: http://localhost:4200/ -> net::ERR_ABORTED
2022-05-25 11:15:07 ERROR    Failure: http://localhost:4200/ -> net::ERR_ABORTED
2022-05-25 11:15:07 ERROR    Failure: http://localhost:4200/-N2tany8jv7w0c9Gf-ll -> net::ERR_CONNECTION_REFUSED
2022-05-25 11:15:07 ERROR    Failure: http://localhost:4200/-N2tany8jv7w0c9Gf-ll -> Failed to load resource: net::ERR_CONNECTION_REFUSED
2022-05-25 11:15:08 ERROR    Failure: http://localhost:4200/-N2tany8jv7w0c9Gf-ll -> JSHandle@error
2022-05-25 11:15:08 ERROR    Failure: http://localhost:4200/-N2tany8jv7w0c9Gf-ll -> Error: FIREBASE FATAL ERROR: Cannot parse Firebase url. Please use https://<YOUR FIREBASE>.firebaseio.com 	    at Vb (http://localhost:4200/assets/vendor.js:85597:278)	    at Wb (http://localhost:4200/assets/vendor.js:85599:21)	    at firebase.INTERNAL.registerService.Reference (http://localhost:4200/assets/vendor.js:85805:235)	    at Object.a.(anonymous function) [as database] (http://localhost:4200/assets/vendor.js:84825:4066)	    at e.value (http://localhost:4200/assets/vendor.js:84825:6484)	    at Object.create (http://localhost:4200/assets/vendor.js:124663:18)	    at instantiate (http://localhost:4200/assets/vendor.js:21220:23)	    at lookup (http://localhost:4200/assets/vendor.js:21045:17)	    at Container.lookup (http://localhost:4200/assets/vendor.js:20964:14)	    at Class.lookup (http://localhost:4200/assets/vendor.js:52226:33)
2022-05-25 11:15:17 ERROR    Failure: http://localhost:4200/ -> net::ERR_ABORTED
2022-05-25 11:15:17 ERROR    Failure: http://localhost:4200/ -> net::ERR_ABORTED
2022-05-25 11:15:17 ERROR    Failure: http://localhost:4200/ -> net::ERR_ABORTED
2022-05-25 11:15:17 ERROR    Failure: http://localhost:4200/ -> net::ERR_ABORTED
2022-05-25 11:15:17 ERROR    Failure: http://localhost:4200/ -> net::ERR_ABORTED
2022-05-25 11:15:17 ERROR    Failure: http://localhost:4200/ -> net::ERR_ABORTED
2022-05-25 11:15:17 ERROR    Failure: http://localhost:4200/ -> net::ERR_ABORTED
2022-05-25 11:15:17 ERROR    Failure: http://localhost:4200/-N2tany8jv7w0c9Gf-ll -> net::ERR_CONNECTION_REFUSED
2022-05-25 11:15:17 ERROR    Failure: http://localhost:4200/-N2tany8jv7w0c9Gf-ll -> Failed to load resource: net::ERR_CONNECTION_REFUSED
2022-05-25 11:15:18 ERROR    Failure: http://localhost:4200/-N2tany8jv7w0c9Gf-ll -> JSHandle@error
2022-05-25 11:15:18 ERROR    Failure: http://localhost:4200/-N2tany8jv7w0c9Gf-ll -> Error: FIREBASE FATAL ERROR: Cannot parse Firebase url. Please use https://<YOUR FIREBASE>.firebaseio.com 	    at Vb (http://localhost:4200/assets/vendor.js:85597:278)	    at Wb (http://localhost:4200/assets/vendor.js:85599:21)	    at firebase.INTERNAL.registerService.Reference (http://localhost:4200/assets/vendor.js:85805:235)	    at Object.a.(anonymous function) [as database] (http://localhost:4200/assets/vendor.js:84825:4066)	    at e.value (http://localhost:4200/assets/vendor.js:84825:6484)	    at Object.create (http://localhost:4200/assets/vendor.js:124663:18)	    at instantiate (http://localhost:4200/assets/vendor.js:21220:23)	    at lookup (http://localhost:4200/assets/vendor.js:21045:17)	    at Container.lookup (http://localhost:4200/assets/vendor.js:20964:14)	    at Class.lookup (http://localhost:4200/assets/vendor.js:52226:33)
2022-05-25 11:15:20 ERROR    Failure: http://localhost:4200/ -> net::ERR_ABORTED
2022-05-25 11:15:20 ERROR    Failure: http://localhost:4200/ -> net::ERR_ABORTED
2022-05-25 11:15:20 ERROR    Failure: http://localhost:4200/ -> net::ERR_ABORTED
2022-05-25 11:15:20 ERROR    Failure: http://localhost:4200/ -> net::ERR_ABORTED
2022-05-25 11:15:20 ERROR    Failure: http://localhost:4200/ -> net::ERR_ABORTED
2022-05-25 11:15:20 ERROR    Failure: http://localhost:4200/ -> net::ERR_ABORTED
2022-05-25 11:15:20 ERROR    Failure: http://localhost:4200/ -> net::ERR_ABORTED
2022-05-25 11:15:20 ERROR    Failure: http://localhost:4200/-N2tany8jv7w0c9Gf-ll -> net::ERR_CONNECTION_REFUSED
2022-05-25 11:15:20 ERROR    Failure: http://localhost:4200/-N2tany8jv7w0c9Gf-ll -> Failed to load resource: net::ERR_CONNECTION_REFUSED
2022-05-25 11:15:21 ERROR    Failure: http://localhost:4200/-N2tany8jv7w0c9Gf-ll -> JSHandle@error
2022-05-25 11:15:21 ERROR    Failure: http://localhost:4200/-N2tany8jv7w0c9Gf-ll -> Error: FIREBASE FATAL ERROR: Cannot parse Firebase url. Please use https://<YOUR FIREBASE>.firebaseio.com 	    at Vb (http://localhost:4200/assets/vendor.js:85597:278)	    at Wb (http://localhost:4200/assets/vendor.js:85599:21)	    at firebase.INTERNAL.registerService.Reference (http://localhost:4200/assets/vendor.js:85805:235)	    at Object.a.(anonymous function) [as database] (http://localhost:4200/assets/vendor.js:84825:4066)	    at e.value (http://localhost:4200/assets/vendor.js:84825:6484)	    at Object.create (http://localhost:4200/assets/vendor.js:124663:18)	    at instantiate (http://localhost:4200/assets/vendor.js:21220:23)	    at lookup (http://localhost:4200/assets/vendor.js:21045:17)	    at Container.lookup (http://localhost:4200/assets/vendor.js:20964:14)	    at Class.lookup (http://localhost:4200/assets/vendor.js:52226:33)
2022-05-25 11:15:23 ERROR    Failure: http://localhost:4200/ -> net::ERR_ABORTED
2022-05-25 11:15:23 ERROR    Failure: http://localhost:4200/ -> net::ERR_ABORTED
2022-05-25 11:15:23 ERROR    Failure: http://localhost:4200/ -> net::ERR_ABORTED
2022-05-25 11:15:23 ERROR    Failure: http://localhost:4200/ -> net::ERR_ABORTED
2022-05-25 11:15:23 ERROR    Failure: http://localhost:4200/ -> net::ERR_ABORTED
2022-05-25 11:15:23 ERROR    Failure: http://localhost:4200/ -> net::ERR_ABORTED
2022-05-25 11:15:23 ERROR    Failure: http://localhost:4200/ -> net::ERR_ABORTED
2022-05-25 11:15:23 ERROR    Failure: http://localhost:4200/-N2tany8jv7w0c9Gf-ll -> net::ERR_CONNECTION_REFUSED
2022-05-25 11:15:23 ERROR    Failure: http://localhost:4200/-N2tany8jv7w0c9Gf-ll -> Failed to load resource: net::ERR_CONNECTION_REFUSED
2022-05-25 11:15:24 ERROR    Failure: http://localhost:4200/-N2tany8jv7w0c9Gf-ll -> JSHandle@error
2022-05-25 11:15:24 ERROR    Failure: http://localhost:4200/-N2tany8jv7w0c9Gf-ll -> Error: FIREBASE FATAL ERROR: Cannot parse Firebase url. Please use https://<YOUR FIREBASE>.firebaseio.com 	    at Vb (http://localhost:4200/assets/vendor.js:85597:278)	    at Wb (http://localhost:4200/assets/vendor.js:85599:21)	    at firebase.INTERNAL.registerService.Reference (http://localhost:4200/assets/vendor.js:85805:235)	    at Object.a.(anonymous function) [as database] (http://localhost:4200/assets/vendor.js:84825:4066)	    at e.value (http://localhost:4200/assets/vendor.js:84825:6484)	    at Object.create (http://localhost:4200/assets/vendor.js:124663:18)	    at instantiate (http://localhost:4200/assets/vendor.js:21220:23)	    at lookup (http://localhost:4200/assets/vendor.js:21045:17)	    at Container.lookup (http://localhost:4200/assets/vendor.js:20964:14)	    at Class.lookup (http://localhost:4200/assets/vendor.js:52226:33)
2022-05-25 11:15:27 ERROR    Failure: http://localhost:4200/ -> net::ERR_ABORTED
2022-05-25 11:15:27 ERROR    Failure: http://localhost:4200/ -> net::ERR_ABORTED
2022-05-25 11:15:27 ERROR    Failure: http://localhost:4200/ -> net::ERR_ABORTED
2022-05-25 11:15:27 ERROR    Failure: http://localhost:4200/ -> net::ERR_ABORTED
2022-05-25 11:15:27 ERROR    Failure: http://localhost:4200/ -> net::ERR_ABORTED
2022-05-25 11:15:27 ERROR    Failure: http://localhost:4200/ -> net::ERR_ABORTED
2022-05-25 11:15:27 ERROR    Failure: http://localhost:4200/ -> net::ERR_ABORTED
2022-05-25 11:15:27 ERROR    Failure: http://localhost:4200/-N2tany8jv7w0c9Gf-ll -> net::ERR_CONNECTION_REFUSED
2022-05-25 11:15:27 ERROR    Failure: http://localhost:4200/-N2tany8jv7w0c9Gf-ll -> Failed to load resource: net::ERR_CONNECTION_REFUSED
2022-05-25 11:15:27 ERROR    Failure: http://localhost:4200/-N2tany8jv7w0c9Gf-ll -> JSHandle@error
2022-05-25 11:15:27 ERROR    Failure: http://localhost:4200/-N2tany8jv7w0c9Gf-ll -> Error: FIREBASE FATAL ERROR: Cannot parse Firebase url. Please use https://<YOUR FIREBASE>.firebaseio.com 	    at Vb (http://localhost:4200/assets/vendor.js:85597:278)	    at Wb (http://localhost:4200/assets/vendor.js:85599:21)	    at firebase.INTERNAL.registerService.Reference (http://localhost:4200/assets/vendor.js:85805:235)	    at Object.a.(anonymous function) [as database] (http://localhost:4200/assets/vendor.js:84825:4066)	    at e.value (http://localhost:4200/assets/vendor.js:84825:6484)	    at Object.create (http://localhost:4200/assets/vendor.js:124663:18)	    at instantiate (http://localhost:4200/assets/vendor.js:21220:23)	    at lookup (http://localhost:4200/assets/vendor.js:21045:17)	    at Container.lookup (http://localhost:4200/assets/vendor.js:20964:14)	    at Class.lookup (http://localhost:4200/assets/vendor.js:52226:33)
2022-05-25 11:15:30 ERROR    Failure: http://localhost:4200/ -> net::ERR_ABORTED
2022-05-25 11:15:30 ERROR    Failure: http://localhost:4200/ -> net::ERR_ABORTED
2022-05-25 11:15:30 ERROR    Failure: http://localhost:4200/ -> net::ERR_ABORTED
2022-05-25 11:15:30 ERROR    Failure: http://localhost:4200/ -> net::ERR_ABORTED
2022-05-25 11:15:30 ERROR    Failure: http://localhost:4200/ -> net::ERR_ABORTED
2022-05-25 11:15:30 ERROR    Failure: http://localhost:4200/ -> net::ERR_ABORTED
2022-05-25 11:15:30 ERROR    Failure: http://localhost:4200/ -> net::ERR_ABORTED
2022-05-25 11:15:30 ERROR    Failure: http://localhost:4200/-N2tany8jv7w0c9Gf-ll -> net::ERR_CONNECTION_REFUSED
2022-05-25 11:15:30 ERROR    Failure: http://localhost:4200/-N2tany8jv7w0c9Gf-ll -> Failed to load resource: net::ERR_CONNECTION_REFUSED
2022-05-25 11:15:30 ERROR    Failure: http://localhost:4200/-N2tany8jv7w0c9Gf-ll -> JSHandle@error
2022-05-25 11:15:30 ERROR    Failure: http://localhost:4200/-N2tany8jv7w0c9Gf-ll -> Error: FIREBASE FATAL ERROR: Cannot parse Firebase url. Please use https://<YOUR FIREBASE>.firebaseio.com 	    at Vb (http://localhost:4200/assets/vendor.js:85597:278)	    at Wb (http://localhost:4200/assets/vendor.js:85599:21)	    at firebase.INTERNAL.registerService.Reference (http://localhost:4200/assets/vendor.js:85805:235)	    at Object.a.(anonymous function) [as database] (http://localhost:4200/assets/vendor.js:84825:4066)	    at e.value (http://localhost:4200/assets/vendor.js:84825:6484)	    at Object.create (http://localhost:4200/assets/vendor.js:124663:18)	    at instantiate (http://localhost:4200/assets/vendor.js:21220:23)	    at lookup (http://localhost:4200/assets/vendor.js:21045:17)	    at Container.lookup (http://localhost:4200/assets/vendor.js:20964:14)	    at Class.lookup (http://localhost:4200/assets/vendor.js:52226:33)
2022-05-25 11:15:36 ERROR    Failure: http://localhost:4200/ -> net::ERR_ABORTED
2022-05-25 11:15:36 ERROR    Failure: http://localhost:4200/ -> net::ERR_ABORTED
2022-05-25 11:15:36 ERROR    Failure: http://localhost:4200/ -> net::ERR_ABORTED
2022-05-25 11:15:36 ERROR    Failure: http://localhost:4200/ -> net::ERR_ABORTED
2022-05-25 11:15:36 ERROR    Failure: http://localhost:4200/ -> net::ERR_ABORTED
2022-05-25 11:15:36 ERROR    Failure: http://localhost:4200/ -> net::ERR_ABORTED
2022-05-25 11:15:36 ERROR    Failure: http://localhost:4200/ -> net::ERR_ABORTED
2022-05-25 11:15:36 ERROR    Failure: http://localhost:4200/-N2tcKYNCqQgbXsVobHt -> net::ERR_CONNECTION_REFUSED
2022-05-25 11:15:36 ERROR    Failure: http://localhost:4200/-N2tcKYNCqQgbXsVobHt -> Failed to load resource: net::ERR_CONNECTION_REFUSED
2022-05-25 11:15:37 ERROR    Failure: http://localhost:4200/-N2tcKYNCqQgbXsVobHt -> JSHandle@error
2022-05-25 11:15:37 ERROR    Failure: http://localhost:4200/-N2tcKYNCqQgbXsVobHt -> Error: FIREBASE FATAL ERROR: Cannot parse Firebase url. Please use https://<YOUR FIREBASE>.firebaseio.com 	    at Vb (http://localhost:4200/assets/vendor.js:85597:278)	    at Wb (http://localhost:4200/assets/vendor.js:85599:21)	    at firebase.INTERNAL.registerService.Reference (http://localhost:4200/assets/vendor.js:85805:235)	    at Object.a.(anonymous function) [as database] (http://localhost:4200/assets/vendor.js:84825:4066)	    at e.value (http://localhost:4200/assets/vendor.js:84825:6484)	    at Object.create (http://localhost:4200/assets/vendor.js:124663:18)	    at instantiate (http://localhost:4200/assets/vendor.js:21220:23)	    at lookup (http://localhost:4200/assets/vendor.js:21045:17)	    at Container.lookup (http://localhost:4200/assets/vendor.js:20964:14)	    at Class.lookup (http://localhost:4200/assets/vendor.js:52226:33)
2022-05-25 11:15:44 ERROR    Failure: http://localhost:4200/ -> net::ERR_ABORTED
2022-05-25 11:15:44 ERROR    Failure: http://localhost:4200/ -> net::ERR_ABORTED
2022-05-25 11:15:44 ERROR    Failure: http://localhost:4200/ -> net::ERR_ABORTED
2022-05-25 11:15:44 ERROR    Failure: http://localhost:4200/ -> net::ERR_ABORTED
2022-05-25 11:15:44 ERROR    Failure: http://localhost:4200/ -> net::ERR_ABORTED
2022-05-25 11:15:44 ERROR    Failure: http://localhost:4200/ -> net::ERR_ABORTED
2022-05-25 11:15:44 ERROR    Failure: http://localhost:4200/ -> net::ERR_ABORTED
2022-05-25 11:15:44 ERROR    Failure: http://localhost:4200/-N2tany8jv7w0c9Gf-ll -> net::ERR_CONNECTION_REFUSED
2022-05-25 11:15:44 ERROR    Failure: http://localhost:4200/-N2tany8jv7w0c9Gf-ll -> Failed to load resource: net::ERR_CONNECTION_REFUSED
2022-05-25 11:15:44 ERROR    Failure: http://localhost:4200/-N2tany8jv7w0c9Gf-ll -> JSHandle@error
2022-05-25 11:15:44 ERROR    Failure: http://localhost:4200/-N2tany8jv7w0c9Gf-ll -> Error: FIREBASE FATAL ERROR: Cannot parse Firebase url. Please use https://<YOUR FIREBASE>.firebaseio.com 	    at Vb (http://localhost:4200/assets/vendor.js:85597:278)	    at Wb (http://localhost:4200/assets/vendor.js:85599:21)	    at firebase.INTERNAL.registerService.Reference (http://localhost:4200/assets/vendor.js:85805:235)	    at Object.a.(anonymous function) [as database] (http://localhost:4200/assets/vendor.js:84825:4066)	    at e.value (http://localhost:4200/assets/vendor.js:84825:6484)	    at Object.create (http://localhost:4200/assets/vendor.js:124663:18)	    at instantiate (http://localhost:4200/assets/vendor.js:21220:23)	    at lookup (http://localhost:4200/assets/vendor.js:21045:17)	    at Container.lookup (http://localhost:4200/assets/vendor.js:20964:14)	    at Class.lookup (http://localhost:4200/assets/vendor.js:52226:33)
2022-05-25 11:15:48 ERROR    Failure: http://localhost:4200/ -> net::ERR_ABORTED
2022-05-25 11:15:48 ERROR    Failure: http://localhost:4200/ -> net::ERR_ABORTED
2022-05-25 11:15:48 ERROR    Failure: http://localhost:4200/ -> net::ERR_ABORTED
2022-05-25 11:15:48 ERROR    Failure: http://localhost:4200/ -> net::ERR_ABORTED
2022-05-25 11:15:48 ERROR    Failure: http://localhost:4200/ -> net::ERR_ABORTED
2022-05-25 11:15:48 ERROR    Failure: http://localhost:4200/ -> net::ERR_ABORTED
2022-05-25 11:15:48 ERROR    Failure: http://localhost:4200/ -> net::ERR_ABORTED
2022-05-25 11:15:48 ERROR    Failure: http://localhost:4200/-N2tcKYNCqQgbXsVobHt -> net::ERR_CONNECTION_REFUSED
2022-05-25 11:15:48 ERROR    Failure: http://localhost:4200/-N2tcKYNCqQgbXsVobHt -> Failed to load resource: net::ERR_CONNECTION_REFUSED
2022-05-25 11:15:48 ERROR    Failure: http://localhost:4200/-N2tcKYNCqQgbXsVobHt -> JSHandle@error
2022-05-25 11:15:48 ERROR    Failure: http://localhost:4200/-N2tcKYNCqQgbXsVobHt -> Error: FIREBASE FATAL ERROR: Cannot parse Firebase url. Please use https://<YOUR FIREBASE>.firebaseio.com 	    at Vb (http://localhost:4200/assets/vendor.js:85597:278)	    at Wb (http://localhost:4200/assets/vendor.js:85599:21)	    at firebase.INTERNAL.registerService.Reference (http://localhost:4200/assets/vendor.js:85805:235)	    at Object.a.(anonymous function) [as database] (http://localhost:4200/assets/vendor.js:84825:4066)	    at e.value (http://localhost:4200/assets/vendor.js:84825:6484)	    at Object.create (http://localhost:4200/assets/vendor.js:124663:18)	    at instantiate (http://localhost:4200/assets/vendor.js:21220:23)	    at lookup (http://localhost:4200/assets/vendor.js:21045:17)	    at Container.lookup (http://localhost:4200/assets/vendor.js:20964:14)	    at Class.lookup (http://localhost:4200/assets/vendor.js:52226:33)
2022-05-25 11:15:51 ERROR    Failure: http://localhost:4200/ -> net::ERR_ABORTED
2022-05-25 11:15:51 ERROR    Failure: http://localhost:4200/ -> net::ERR_ABORTED
2022-05-25 11:15:51 ERROR    Failure: http://localhost:4200/ -> net::ERR_ABORTED
2022-05-25 11:15:51 ERROR    Failure: http://localhost:4200/ -> net::ERR_ABORTED
2022-05-25 11:15:51 ERROR    Failure: http://localhost:4200/ -> net::ERR_ABORTED
2022-05-25 11:15:51 ERROR    Failure: http://localhost:4200/ -> net::ERR_ABORTED
2022-05-25 11:15:51 ERROR    Failure: http://localhost:4200/ -> net::ERR_ABORTED
2022-05-25 11:15:51 ERROR    Failure: http://localhost:4200/-N2tcKYNCqQgbXsVobHt -> net::ERR_CONNECTION_REFUSED
2022-05-25 11:15:51 ERROR    Failure: http://localhost:4200/-N2tcKYNCqQgbXsVobHt -> Failed to load resource: net::ERR_CONNECTION_REFUSED
2022-05-25 11:15:51 ERROR    Failure: http://localhost:4200/-N2tcKYNCqQgbXsVobHt -> JSHandle@error
2022-05-25 11:15:51 ERROR    Failure: http://localhost:4200/-N2tcKYNCqQgbXsVobHt -> Error: FIREBASE FATAL ERROR: Cannot parse Firebase url. Please use https://<YOUR FIREBASE>.firebaseio.com 	    at Vb (http://localhost:4200/assets/vendor.js:85597:278)	    at Wb (http://localhost:4200/assets/vendor.js:85599:21)	    at firebase.INTERNAL.registerService.Reference (http://localhost:4200/assets/vendor.js:85805:235)	    at Object.a.(anonymous function) [as database] (http://localhost:4200/assets/vendor.js:84825:4066)	    at e.value (http://localhost:4200/assets/vendor.js:84825:6484)	    at Object.create (http://localhost:4200/assets/vendor.js:124663:18)	    at instantiate (http://localhost:4200/assets/vendor.js:21220:23)	    at lookup (http://localhost:4200/assets/vendor.js:21045:17)	    at Container.lookup (http://localhost:4200/assets/vendor.js:20964:14)	    at Class.lookup (http://localhost:4200/assets/vendor.js:52226:33)
2022-05-25 11:15:53 ERROR    Failure: http://localhost:4200/ -> net::ERR_ABORTED
2022-05-25 11:15:53 ERROR    Failure: http://localhost:4200/ -> net::ERR_ABORTED
2022-05-25 11:15:53 ERROR    Failure: http://localhost:4200/ -> net::ERR_ABORTED
2022-05-25 11:15:53 ERROR    Failure: http://localhost:4200/ -> net::ERR_ABORTED
2022-05-25 11:15:53 ERROR    Failure: http://localhost:4200/ -> net::ERR_ABORTED
2022-05-25 11:15:53 ERROR    Failure: http://localhost:4200/ -> net::ERR_ABORTED
2022-05-25 11:15:53 ERROR    Failure: http://localhost:4200/ -> net::ERR_ABORTED
2022-05-25 11:15:53 ERROR    Failure: http://localhost:4200/-N2tcKYNCqQgbXsVobHt -> net::ERR_CONNECTION_REFUSED
2022-05-25 11:15:53 ERROR    Failure: http://localhost:4200/-N2tcKYNCqQgbXsVobHt -> Failed to load resource: net::ERR_CONNECTION_REFUSED
2022-05-25 11:15:54 ERROR    Failure: http://localhost:4200/-N2tcKYNCqQgbXsVobHt -> JSHandle@error
2022-05-25 11:15:54 ERROR    Failure: http://localhost:4200/-N2tcKYNCqQgbXsVobHt -> Error: FIREBASE FATAL ERROR: Cannot parse Firebase url. Please use https://<YOUR FIREBASE>.firebaseio.com 	    at Vb (http://localhost:4200/assets/vendor.js:85597:278)	    at Wb (http://localhost:4200/assets/vendor.js:85599:21)	    at firebase.INTERNAL.registerService.Reference (http://localhost:4200/assets/vendor.js:85805:235)	    at Object.a.(anonymous function) [as database] (http://localhost:4200/assets/vendor.js:84825:4066)	    at e.value (http://localhost:4200/assets/vendor.js:84825:6484)	    at Object.create (http://localhost:4200/assets/vendor.js:124663:18)	    at instantiate (http://localhost:4200/assets/vendor.js:21220:23)	    at lookup (http://localhost:4200/assets/vendor.js:21045:17)	    at Container.lookup (http://localhost:4200/assets/vendor.js:20964:14)	    at Class.lookup (http://localhost:4200/assets/vendor.js:52226:33)
2022-05-25 11:15:56 ERROR    Failure: http://localhost:4200/ -> net::ERR_ABORTED
2022-05-25 11:15:56 ERROR    Failure: http://localhost:4200/ -> net::ERR_ABORTED
2022-05-25 11:15:56 ERROR    Failure: http://localhost:4200/ -> net::ERR_ABORTED
2022-05-25 11:15:56 ERROR    Failure: http://localhost:4200/ -> net::ERR_ABORTED
2022-05-25 11:15:56 ERROR    Failure: http://localhost:4200/ -> net::ERR_ABORTED
2022-05-25 11:15:56 ERROR    Failure: http://localhost:4200/ -> net::ERR_ABORTED
2022-05-25 11:15:56 ERROR    Failure: http://localhost:4200/ -> net::ERR_ABORTED
2022-05-25 11:15:56 ERROR    Failure: http://localhost:4200/-N2tcKYNCqQgbXsVobHt -> net::ERR_CONNECTION_REFUSED
2022-05-25 11:15:56 ERROR    Failure: http://localhost:4200/-N2tcKYNCqQgbXsVobHt -> Failed to load resource: net::ERR_CONNECTION_REFUSED
2022-05-25 11:15:57 ERROR    Failure: http://localhost:4200/-N2tcKYNCqQgbXsVobHt -> JSHandle@error
2022-05-25 11:15:57 ERROR    Failure: http://localhost:4200/-N2tcKYNCqQgbXsVobHt -> Error: FIREBASE FATAL ERROR: Cannot parse Firebase url. Please use https://<YOUR FIREBASE>.firebaseio.com 	    at Vb (http://localhost:4200/assets/vendor.js:85597:278)	    at Wb (http://localhost:4200/assets/vendor.js:85599:21)	    at firebase.INTERNAL.registerService.Reference (http://localhost:4200/assets/vendor.js:85805:235)	    at Object.a.(anonymous function) [as database] (http://localhost:4200/assets/vendor.js:84825:4066)	    at e.value (http://localhost:4200/assets/vendor.js:84825:6484)	    at Object.create (http://localhost:4200/assets/vendor.js:124663:18)	    at instantiate (http://localhost:4200/assets/vendor.js:21220:23)	    at lookup (http://localhost:4200/assets/vendor.js:21045:17)	    at Container.lookup (http://localhost:4200/assets/vendor.js:20964:14)	    at Class.lookup (http://localhost:4200/assets/vendor.js:52226:33)
2022-05-25 11:16:01 ERROR    Failure: http://localhost:4200/ -> net::ERR_ABORTED
2022-05-25 11:16:01 ERROR    Failure: http://localhost:4200/ -> net::ERR_ABORTED
2022-05-25 11:16:01 ERROR    Failure: http://localhost:4200/ -> net::ERR_ABORTED
2022-05-25 11:16:01 ERROR    Failure: http://localhost:4200/ -> net::ERR_ABORTED
2022-05-25 11:16:01 ERROR    Failure: http://localhost:4200/ -> net::ERR_ABORTED
2022-05-25 11:16:01 ERROR    Failure: http://localhost:4200/ -> net::ERR_ABORTED
2022-05-25 11:16:01 ERROR    Failure: http://localhost:4200/ -> net::ERR_ABORTED
2022-05-25 11:16:01 ERROR    Failure: http://localhost:4200/-N2tany8jv7w0c9Gf-ll -> net::ERR_CONNECTION_REFUSED
2022-05-25 11:16:01 ERROR    Failure: http://localhost:4200/-N2tany8jv7w0c9Gf-ll -> Failed to load resource: net::ERR_CONNECTION_REFUSED
2022-05-25 11:16:02 ERROR    Failure: http://localhost:4200/-N2tany8jv7w0c9Gf-ll -> JSHandle@error
2022-05-25 11:16:02 ERROR    Failure: http://localhost:4200/-N2tany8jv7w0c9Gf-ll -> Error: FIREBASE FATAL ERROR: Cannot parse Firebase url. Please use https://<YOUR FIREBASE>.firebaseio.com 	    at Vb (http://localhost:4200/assets/vendor.js:85597:278)	    at Wb (http://localhost:4200/assets/vendor.js:85599:21)	    at firebase.INTERNAL.registerService.Reference (http://localhost:4200/assets/vendor.js:85805:235)	    at Object.a.(anonymous function) [as database] (http://localhost:4200/assets/vendor.js:84825:4066)	    at e.value (http://localhost:4200/assets/vendor.js:84825:6484)	    at Object.create (http://localhost:4200/assets/vendor.js:124663:18)	    at instantiate (http://localhost:4200/assets/vendor.js:21220:23)	    at lookup (http://localhost:4200/assets/vendor.js:21045:17)	    at Container.lookup (http://localhost:4200/assets/vendor.js:20964:14)	    at Class.lookup (http://localhost:4200/assets/vendor.js:52226:33)
2022-05-25 11:16:04 ERROR    Failure: http://localhost:4200/ -> net::ERR_ABORTED
2022-05-25 11:16:04 ERROR    Failure: http://localhost:4200/ -> net::ERR_ABORTED
2022-05-25 11:16:04 ERROR    Failure: http://localhost:4200/ -> net::ERR_ABORTED
2022-05-25 11:16:04 ERROR    Failure: http://localhost:4200/ -> net::ERR_ABORTED
2022-05-25 11:16:04 ERROR    Failure: http://localhost:4200/ -> net::ERR_ABORTED
2022-05-25 11:16:04 ERROR    Failure: http://localhost:4200/ -> net::ERR_ABORTED
2022-05-25 11:16:04 ERROR    Failure: http://localhost:4200/ -> net::ERR_ABORTED
2022-05-25 11:16:04 ERROR    Failure: http://localhost:4200/-N2tany8jv7w0c9Gf-ll -> net::ERR_CONNECTION_REFUSED
2022-05-25 11:16:04 ERROR    Failure: http://localhost:4200/-N2tany8jv7w0c9Gf-ll -> Failed to load resource: net::ERR_CONNECTION_REFUSED
2022-05-25 11:16:05 ERROR    Failure: http://localhost:4200/-N2tany8jv7w0c9Gf-ll -> JSHandle@error
2022-05-25 11:16:05 ERROR    Failure: http://localhost:4200/-N2tany8jv7w0c9Gf-ll -> Error: FIREBASE FATAL ERROR: Cannot parse Firebase url. Please use https://<YOUR FIREBASE>.firebaseio.com 	    at Vb (http://localhost:4200/assets/vendor.js:85597:278)	    at Wb (http://localhost:4200/assets/vendor.js:85599:21)	    at firebase.INTERNAL.registerService.Reference (http://localhost:4200/assets/vendor.js:85805:235)	    at Object.a.(anonymous function) [as database] (http://localhost:4200/assets/vendor.js:84825:4066)	    at e.value (http://localhost:4200/assets/vendor.js:84825:6484)	    at Object.create (http://localhost:4200/assets/vendor.js:124663:18)	    at instantiate (http://localhost:4200/assets/vendor.js:21220:23)	    at lookup (http://localhost:4200/assets/vendor.js:21045:17)	    at Container.lookup (http://localhost:4200/assets/vendor.js:20964:14)	    at Class.lookup (http://localhost:4200/assets/vendor.js:52226:33)
2022-05-25 11:16:09 ERROR    Failure: http://localhost:4200/ -> net::ERR_ABORTED
2022-05-25 11:16:09 ERROR    Failure: http://localhost:4200/ -> net::ERR_ABORTED
2022-05-25 11:16:09 ERROR    Failure: http://localhost:4200/ -> net::ERR_ABORTED
2022-05-25 11:16:09 ERROR    Failure: http://localhost:4200/ -> net::ERR_ABORTED
2022-05-25 11:16:09 ERROR    Failure: http://localhost:4200/ -> net::ERR_ABORTED
2022-05-25 11:16:09 ERROR    Failure: http://localhost:4200/ -> net::ERR_ABORTED
2022-05-25 11:16:09 ERROR    Failure: http://localhost:4200/ -> net::ERR_ABORTED
2022-05-25 11:16:09 ERROR    Failure: http://localhost:4200/-N2tany8jv7w0c9Gf-ll -> net::ERR_CONNECTION_REFUSED
2022-05-25 11:16:09 ERROR    Failure: http://localhost:4200/-N2tany8jv7w0c9Gf-ll -> Failed to load resource: net::ERR_CONNECTION_REFUSED
2022-05-25 11:16:09 ERROR    Failure: http://localhost:4200/-N2tany8jv7w0c9Gf-ll -> JSHandle@error
2022-05-25 11:16:09 ERROR    Failure: http://localhost:4200/-N2tany8jv7w0c9Gf-ll -> Error: FIREBASE FATAL ERROR: Cannot parse Firebase url. Please use https://<YOUR FIREBASE>.firebaseio.com 	    at Vb (http://localhost:4200/assets/vendor.js:85597:278)	    at Wb (http://localhost:4200/assets/vendor.js:85599:21)	    at firebase.INTERNAL.registerService.Reference (http://localhost:4200/assets/vendor.js:85805:235)	    at Object.a.(anonymous function) [as database] (http://localhost:4200/assets/vendor.js:84825:4066)	    at e.value (http://localhost:4200/assets/vendor.js:84825:6484)	    at Object.create (http://localhost:4200/assets/vendor.js:124663:18)	    at instantiate (http://localhost:4200/assets/vendor.js:21220:23)	    at lookup (http://localhost:4200/assets/vendor.js:21045:17)	    at Container.lookup (http://localhost:4200/assets/vendor.js:20964:14)	    at Class.lookup (http://localhost:4200/assets/vendor.js:52226:33)
2022-05-25 11:16:13 ERROR    Failure: http://localhost:4200/ -> net::ERR_ABORTED
2022-05-25 11:16:13 ERROR    Failure: http://localhost:4200/ -> net::ERR_ABORTED
2022-05-25 11:16:13 ERROR    Failure: http://localhost:4200/ -> net::ERR_ABORTED
2022-05-25 11:16:13 ERROR    Failure: http://localhost:4200/ -> net::ERR_ABORTED
2022-05-25 11:16:13 ERROR    Failure: http://localhost:4200/ -> net::ERR_ABORTED
2022-05-25 11:16:13 ERROR    Failure: http://localhost:4200/ -> net::ERR_ABORTED
2022-05-25 11:16:13 ERROR    Failure: http://localhost:4200/ -> net::ERR_ABORTED
2022-05-25 11:16:13 ERROR    Failure: http://localhost:4200/-N2tcKYNCqQgbXsVobHt -> net::ERR_CONNECTION_REFUSED
2022-05-25 11:16:13 ERROR    Failure: http://localhost:4200/-N2tcKYNCqQgbXsVobHt -> Failed to load resource: net::ERR_CONNECTION_REFUSED
2022-05-25 11:16:14 ERROR    Failure: http://localhost:4200/-N2tcKYNCqQgbXsVobHt -> JSHandle@error
2022-05-25 11:16:14 ERROR    Failure: http://localhost:4200/-N2tcKYNCqQgbXsVobHt -> Error: FIREBASE FATAL ERROR: Cannot parse Firebase url. Please use https://<YOUR FIREBASE>.firebaseio.com 	    at Vb (http://localhost:4200/assets/vendor.js:85597:278)	    at Wb (http://localhost:4200/assets/vendor.js:85599:21)	    at firebase.INTERNAL.registerService.Reference (http://localhost:4200/assets/vendor.js:85805:235)	    at Object.a.(anonymous function) [as database] (http://localhost:4200/assets/vendor.js:84825:4066)	    at e.value (http://localhost:4200/assets/vendor.js:84825:6484)	    at Object.create (http://localhost:4200/assets/vendor.js:124663:18)	    at instantiate (http://localhost:4200/assets/vendor.js:21220:23)	    at lookup (http://localhost:4200/assets/vendor.js:21045:17)	    at Container.lookup (http://localhost:4200/assets/vendor.js:20964:14)	    at Class.lookup (http://localhost:4200/assets/vendor.js:52226:33)
2022-05-25 11:16:20 ERROR    Failure: http://localhost:4200/ -> net::ERR_ABORTED
2022-05-25 11:16:20 ERROR    Failure: http://localhost:4200/ -> net::ERR_ABORTED
2022-05-25 11:16:20 ERROR    Failure: http://localhost:4200/ -> net::ERR_ABORTED
2022-05-25 11:16:20 ERROR    Failure: http://localhost:4200/ -> net::ERR_ABORTED
2022-05-25 11:16:20 ERROR    Failure: http://localhost:4200/ -> net::ERR_ABORTED
2022-05-25 11:16:20 ERROR    Failure: http://localhost:4200/ -> net::ERR_ABORTED
2022-05-25 11:16:20 ERROR    Failure: http://localhost:4200/ -> net::ERR_ABORTED
2022-05-25 11:16:20 ERROR    Failure: http://localhost:4200/-N2tcKYNCqQgbXsVobHt -> net::ERR_CONNECTION_REFUSED
2022-05-25 11:16:20 ERROR    Failure: http://localhost:4200/-N2tcKYNCqQgbXsVobHt -> Failed to load resource: net::ERR_CONNECTION_REFUSED
2022-05-25 11:16:20 ERROR    Failure: http://localhost:4200/-N2tcKYNCqQgbXsVobHt -> JSHandle@error
2022-05-25 11:16:20 ERROR    Failure: http://localhost:4200/-N2tcKYNCqQgbXsVobHt -> Error: FIREBASE FATAL ERROR: Cannot parse Firebase url. Please use https://<YOUR FIREBASE>.firebaseio.com 	    at Vb (http://localhost:4200/assets/vendor.js:85597:278)	    at Wb (http://localhost:4200/assets/vendor.js:85599:21)	    at firebase.INTERNAL.registerService.Reference (http://localhost:4200/assets/vendor.js:85805:235)	    at Object.a.(anonymous function) [as database] (http://localhost:4200/assets/vendor.js:84825:4066)	    at e.value (http://localhost:4200/assets/vendor.js:84825:6484)	    at Object.create (http://localhost:4200/assets/vendor.js:124663:18)	    at instantiate (http://localhost:4200/assets/vendor.js:21220:23)	    at lookup (http://localhost:4200/assets/vendor.js:21045:17)	    at Container.lookup (http://localhost:4200/assets/vendor.js:20964:14)	    at Class.lookup (http://localhost:4200/assets/vendor.js:52226:33)
2022-05-25 11:16:24 ERROR    Failure: http://localhost:4200/ -> net::ERR_ABORTED
2022-05-25 11:16:24 ERROR    Failure: http://localhost:4200/ -> net::ERR_ABORTED
2022-05-25 11:16:24 ERROR    Failure: http://localhost:4200/ -> net::ERR_ABORTED
2022-05-25 11:16:24 ERROR    Failure: http://localhost:4200/ -> net::ERR_ABORTED
2022-05-25 11:16:24 ERROR    Failure: http://localhost:4200/ -> net::ERR_ABORTED
2022-05-25 11:16:24 ERROR    Failure: http://localhost:4200/ -> net::ERR_ABORTED
2022-05-25 11:16:24 ERROR    Failure: http://localhost:4200/ -> net::ERR_ABORTED
2022-05-25 11:16:24 ERROR    Failure: http://localhost:4200/-N2tcsy7wdBNCULOnCV- -> net::ERR_CONNECTION_REFUSED
2022-05-25 11:16:24 ERROR    Failure: http://localhost:4200/-N2tcsy7wdBNCULOnCV- -> Failed to load resource: net::ERR_CONNECTION_REFUSED
2022-05-25 11:16:25 ERROR    Failure: http://localhost:4200/-N2tcsy7wdBNCULOnCV- -> JSHandle@error
2022-05-25 11:16:25 ERROR    Failure: http://localhost:4200/-N2tcsy7wdBNCULOnCV- -> Error: FIREBASE FATAL ERROR: Cannot parse Firebase url. Please use https://<YOUR FIREBASE>.firebaseio.com 	    at Vb (http://localhost:4200/assets/vendor.js:85597:278)	    at Wb (http://localhost:4200/assets/vendor.js:85599:21)	    at firebase.INTERNAL.registerService.Reference (http://localhost:4200/assets/vendor.js:85805:235)	    at Object.a.(anonymous function) [as database] (http://localhost:4200/assets/vendor.js:84825:4066)	    at e.value (http://localhost:4200/assets/vendor.js:84825:6484)	    at Object.create (http://localhost:4200/assets/vendor.js:124663:18)	    at instantiate (http://localhost:4200/assets/vendor.js:21220:23)	    at lookup (http://localhost:4200/assets/vendor.js:21045:17)	    at Container.lookup (http://localhost:4200/assets/vendor.js:20964:14)	    at Class.lookup (http://localhost:4200/assets/vendor.js:52226:33)
2022-05-25 11:16:29 ERROR    Failure: http://localhost:4200/ -> net::ERR_ABORTED
2022-05-25 11:16:29 ERROR    Failure: http://localhost:4200/ -> net::ERR_ABORTED
2022-05-25 11:16:29 ERROR    Failure: http://localhost:4200/ -> net::ERR_ABORTED
2022-05-25 11:16:29 ERROR    Failure: http://localhost:4200/ -> net::ERR_ABORTED
2022-05-25 11:16:29 ERROR    Failure: http://localhost:4200/ -> net::ERR_ABORTED
2022-05-25 11:16:29 ERROR    Failure: http://localhost:4200/ -> net::ERR_ABORTED
2022-05-25 11:16:29 ERROR    Failure: http://localhost:4200/ -> net::ERR_ABORTED
2022-05-25 11:16:29 ERROR    Failure: http://localhost:4200/-N2tau_R-AuPGM1v4_n9 -> net::ERR_CONNECTION_REFUSED
2022-05-25 11:16:29 ERROR    Failure: http://localhost:4200/-N2tau_R-AuPGM1v4_n9 -> Failed to load resource: net::ERR_CONNECTION_REFUSED
2022-05-25 11:16:30 ERROR    Failure: http://localhost:4200/-N2tau_R-AuPGM1v4_n9 -> JSHandle@error
2022-05-25 11:16:30 ERROR    Failure: http://localhost:4200/-N2tau_R-AuPGM1v4_n9 -> Error: FIREBASE FATAL ERROR: Cannot parse Firebase url. Please use https://<YOUR FIREBASE>.firebaseio.com 	    at Vb (http://localhost:4200/assets/vendor.js:85597:278)	    at Wb (http://localhost:4200/assets/vendor.js:85599:21)	    at firebase.INTERNAL.registerService.Reference (http://localhost:4200/assets/vendor.js:85805:235)	    at Object.a.(anonymous function) [as database] (http://localhost:4200/assets/vendor.js:84825:4066)	    at e.value (http://localhost:4200/assets/vendor.js:84825:6484)	    at Object.create (http://localhost:4200/assets/vendor.js:124663:18)	    at instantiate (http://localhost:4200/assets/vendor.js:21220:23)	    at lookup (http://localhost:4200/assets/vendor.js:21045:17)	    at Container.lookup (http://localhost:4200/assets/vendor.js:20964:14)	    at Class.lookup (http://localhost:4200/assets/vendor.js:52226:33)
2022-05-25 11:16:33 ERROR    Failure: http://localhost:4200/ -> net::ERR_ABORTED
2022-05-25 11:16:33 ERROR    Failure: http://localhost:4200/ -> net::ERR_ABORTED
2022-05-25 11:16:33 ERROR    Failure: http://localhost:4200/ -> net::ERR_ABORTED
2022-05-25 11:16:33 ERROR    Failure: http://localhost:4200/ -> net::ERR_ABORTED
2022-05-25 11:16:33 ERROR    Failure: http://localhost:4200/ -> net::ERR_ABORTED
2022-05-25 11:16:33 ERROR    Failure: http://localhost:4200/ -> net::ERR_ABORTED
2022-05-25 11:16:33 ERROR    Failure: http://localhost:4200/ -> net::ERR_ABORTED
2022-05-25 11:16:33 ERROR    Failure: http://localhost:4200/-N2tany8jv7w0c9Gf-ll -> net::ERR_CONNECTION_REFUSED
2022-05-25 11:16:33 ERROR    Failure: http://localhost:4200/-N2tany8jv7w0c9Gf-ll -> Failed to load resource: net::ERR_CONNECTION_REFUSED
2022-05-25 11:16:33 ERROR    Failure: http://localhost:4200/-N2tany8jv7w0c9Gf-ll -> JSHandle@error
2022-05-25 11:16:33 ERROR    Failure: http://localhost:4200/-N2tany8jv7w0c9Gf-ll -> Error: FIREBASE FATAL ERROR: Cannot parse Firebase url. Please use https://<YOUR FIREBASE>.firebaseio.com 	    at Vb (http://localhost:4200/assets/vendor.js:85597:278)	    at Wb (http://localhost:4200/assets/vendor.js:85599:21)	    at firebase.INTERNAL.registerService.Reference (http://localhost:4200/assets/vendor.js:85805:235)	    at Object.a.(anonymous function) [as database] (http://localhost:4200/assets/vendor.js:84825:4066)	    at e.value (http://localhost:4200/assets/vendor.js:84825:6484)	    at Object.create (http://localhost:4200/assets/vendor.js:124663:18)	    at instantiate (http://localhost:4200/assets/vendor.js:21220:23)	    at lookup (http://localhost:4200/assets/vendor.js:21045:17)	    at Container.lookup (http://localhost:4200/assets/vendor.js:20964:14)	    at Class.lookup (http://localhost:4200/assets/vendor.js:52226:33)
2022-05-25 11:16:37 ERROR    Failure: http://localhost:4200/ -> net::ERR_ABORTED
2022-05-25 11:16:37 ERROR    Failure: http://localhost:4200/ -> net::ERR_ABORTED
2022-05-25 11:16:37 ERROR    Failure: http://localhost:4200/ -> net::ERR_ABORTED
2022-05-25 11:16:37 ERROR    Failure: http://localhost:4200/ -> net::ERR_ABORTED
2022-05-25 11:16:37 ERROR    Failure: http://localhost:4200/ -> net::ERR_ABORTED
2022-05-25 11:16:37 ERROR    Failure: http://localhost:4200/ -> net::ERR_ABORTED
2022-05-25 11:16:37 ERROR    Failure: http://localhost:4200/ -> net::ERR_ABORTED
2022-05-25 11:16:37 ERROR    Failure: http://localhost:4200/-N2tany8jv7w0c9Gf-ll -> net::ERR_CONNECTION_REFUSED
2022-05-25 11:16:37 ERROR    Failure: http://localhost:4200/-N2tany8jv7w0c9Gf-ll -> Failed to load resource: net::ERR_CONNECTION_REFUSED
2022-05-25 11:16:38 ERROR    Failure: http://localhost:4200/-N2tany8jv7w0c9Gf-ll -> JSHandle@error
2022-05-25 11:16:38 ERROR    Failure: http://localhost:4200/-N2tany8jv7w0c9Gf-ll -> Error: FIREBASE FATAL ERROR: Cannot parse Firebase url. Please use https://<YOUR FIREBASE>.firebaseio.com 	    at Vb (http://localhost:4200/assets/vendor.js:85597:278)	    at Wb (http://localhost:4200/assets/vendor.js:85599:21)	    at firebase.INTERNAL.registerService.Reference (http://localhost:4200/assets/vendor.js:85805:235)	    at Object.a.(anonymous function) [as database] (http://localhost:4200/assets/vendor.js:84825:4066)	    at e.value (http://localhost:4200/assets/vendor.js:84825:6484)	    at Object.create (http://localhost:4200/assets/vendor.js:124663:18)	    at instantiate (http://localhost:4200/assets/vendor.js:21220:23)	    at lookup (http://localhost:4200/assets/vendor.js:21045:17)	    at Container.lookup (http://localhost:4200/assets/vendor.js:20964:14)	    at Class.lookup (http://localhost:4200/assets/vendor.js:52226:33)
2022-05-25 11:16:41 ERROR    Failure: http://localhost:4200/ -> net::ERR_ABORTED
2022-05-25 11:16:41 ERROR    Failure: http://localhost:4200/ -> net::ERR_ABORTED
2022-05-25 11:16:41 ERROR    Failure: http://localhost:4200/ -> net::ERR_ABORTED
2022-05-25 11:16:41 ERROR    Failure: http://localhost:4200/ -> net::ERR_ABORTED
2022-05-25 11:16:41 ERROR    Failure: http://localhost:4200/ -> net::ERR_ABORTED
2022-05-25 11:16:41 ERROR    Failure: http://localhost:4200/ -> net::ERR_ABORTED
2022-05-25 11:16:41 ERROR    Failure: http://localhost:4200/ -> net::ERR_ABORTED
2022-05-25 11:16:41 ERROR    Failure: http://localhost:4200/-N2tcKYNCqQgbXsVobHt -> net::ERR_CONNECTION_REFUSED
2022-05-25 11:16:41 ERROR    Failure: http://localhost:4200/-N2tcKYNCqQgbXsVobHt -> Failed to load resource: net::ERR_CONNECTION_REFUSED
2022-05-25 11:16:42 ERROR    Failure: http://localhost:4200/-N2tcKYNCqQgbXsVobHt -> JSHandle@error
2022-05-25 11:16:42 ERROR    Failure: http://localhost:4200/-N2tcKYNCqQgbXsVobHt -> Error: FIREBASE FATAL ERROR: Cannot parse Firebase url. Please use https://<YOUR FIREBASE>.firebaseio.com 	    at Vb (http://localhost:4200/assets/vendor.js:85597:278)	    at Wb (http://localhost:4200/assets/vendor.js:85599:21)	    at firebase.INTERNAL.registerService.Reference (http://localhost:4200/assets/vendor.js:85805:235)	    at Object.a.(anonymous function) [as database] (http://localhost:4200/assets/vendor.js:84825:4066)	    at e.value (http://localhost:4200/assets/vendor.js:84825:6484)	    at Object.create (http://localhost:4200/assets/vendor.js:124663:18)	    at instantiate (http://localhost:4200/assets/vendor.js:21220:23)	    at lookup (http://localhost:4200/assets/vendor.js:21045:17)	    at Container.lookup (http://localhost:4200/assets/vendor.js:20964:14)	    at Class.lookup (http://localhost:4200/assets/vendor.js:52226:33)
2022-05-25 11:16:44 ERROR    Failure: http://localhost:4200/ -> net::ERR_ABORTED
2022-05-25 11:16:44 ERROR    Failure: http://localhost:4200/ -> net::ERR_ABORTED
2022-05-25 11:16:44 ERROR    Failure: http://localhost:4200/ -> net::ERR_ABORTED
2022-05-25 11:16:44 ERROR    Failure: http://localhost:4200/ -> net::ERR_ABORTED
2022-05-25 11:16:44 ERROR    Failure: http://localhost:4200/ -> net::ERR_ABORTED
2022-05-25 11:16:44 ERROR    Failure: http://localhost:4200/ -> net::ERR_ABORTED
2022-05-25 11:16:44 ERROR    Failure: http://localhost:4200/-N2tcsy7wdBNCULOnCV- -> net::ERR_CONNECTION_REFUSED
2022-05-25 11:16:44 ERROR    Failure: http://localhost:4200/-N2tcsy7wdBNCULOnCV- -> Failed to load resource: net::ERR_CONNECTION_REFUSED
2022-05-25 11:16:45 ERROR    Failure: http://localhost:4200/-N2tcsy7wdBNCULOnCV- -> JSHandle@error
2022-05-25 11:16:45 ERROR    Failure: http://localhost:4200/-N2tcsy7wdBNCULOnCV- -> Error: FIREBASE FATAL ERROR: Cannot parse Firebase url. Please use https://<YOUR FIREBASE>.firebaseio.com 	    at Vb (http://localhost:4200/assets/vendor.js:85597:278)	    at Wb (http://localhost:4200/assets/vendor.js:85599:21)	    at firebase.INTERNAL.registerService.Reference (http://localhost:4200/assets/vendor.js:85805:235)	    at Object.a.(anonymous function) [as database] (http://localhost:4200/assets/vendor.js:84825:4066)	    at e.value (http://localhost:4200/assets/vendor.js:84825:6484)	    at Object.create (http://localhost:4200/assets/vendor.js:124663:18)	    at instantiate (http://localhost:4200/assets/vendor.js:21220:23)	    at lookup (http://localhost:4200/assets/vendor.js:21045:17)	    at Container.lookup (http://localhost:4200/assets/vendor.js:20964:14)	    at Class.lookup (http://localhost:4200/assets/vendor.js:52226:33)
2022-05-25 11:16:47 ERROR    Failure: http://localhost:4200/ -> net::ERR_ABORTED
2022-05-25 11:16:47 ERROR    Failure: http://localhost:4200/ -> net::ERR_ABORTED
2022-05-25 11:16:47 ERROR    Failure: http://localhost:4200/ -> net::ERR_ABORTED
2022-05-25 11:16:47 ERROR    Failure: http://localhost:4200/ -> net::ERR_ABORTED
2022-05-25 11:16:47 ERROR    Failure: http://localhost:4200/ -> net::ERR_ABORTED
2022-05-25 11:16:47 ERROR    Failure: http://localhost:4200/ -> net::ERR_ABORTED
2022-05-25 11:16:47 ERROR    Failure: http://localhost:4200/ -> net::ERR_ABORTED
2022-05-25 11:16:47 ERROR    Failure: http://localhost:4200/-N2tau_R-AuPGM1v4_n9 -> net::ERR_CONNECTION_REFUSED
2022-05-25 11:16:47 ERROR    Failure: http://localhost:4200/-N2tau_R-AuPGM1v4_n9 -> Failed to load resource: net::ERR_CONNECTION_REFUSED
2022-05-25 11:16:48 ERROR    Failure: http://localhost:4200/-N2tau_R-AuPGM1v4_n9 -> JSHandle@error
2022-05-25 11:16:48 ERROR    Failure: http://localhost:4200/-N2tau_R-AuPGM1v4_n9 -> Error: FIREBASE FATAL ERROR: Cannot parse Firebase url. Please use https://<YOUR FIREBASE>.firebaseio.com 	    at Vb (http://localhost:4200/assets/vendor.js:85597:278)	    at Wb (http://localhost:4200/assets/vendor.js:85599:21)	    at firebase.INTERNAL.registerService.Reference (http://localhost:4200/assets/vendor.js:85805:235)	    at Object.a.(anonymous function) [as database] (http://localhost:4200/assets/vendor.js:84825:4066)	    at e.value (http://localhost:4200/assets/vendor.js:84825:6484)	    at Object.create (http://localhost:4200/assets/vendor.js:124663:18)	    at instantiate (http://localhost:4200/assets/vendor.js:21220:23)	    at lookup (http://localhost:4200/assets/vendor.js:21045:17)	    at Container.lookup (http://localhost:4200/assets/vendor.js:20964:14)	    at Class.lookup (http://localhost:4200/assets/vendor.js:52226:33)
2022-05-25 11:16:50 ERROR    Failure: http://localhost:4200/ -> net::ERR_ABORTED
2022-05-25 11:16:50 ERROR    Failure: http://localhost:4200/ -> net::ERR_ABORTED
2022-05-25 11:16:50 ERROR    Failure: http://localhost:4200/ -> net::ERR_ABORTED
2022-05-25 11:16:50 ERROR    Failure: http://localhost:4200/ -> net::ERR_ABORTED
2022-05-25 11:16:50 ERROR    Failure: http://localhost:4200/ -> net::ERR_ABORTED
2022-05-25 11:16:50 ERROR    Failure: http://localhost:4200/ -> net::ERR_ABORTED
2022-05-25 11:16:50 ERROR    Failure: http://localhost:4200/ -> net::ERR_ABORTED
2022-05-25 11:16:50 ERROR    Failure: http://localhost:4200/-N2tany8jv7w0c9Gf-ll -> net::ERR_CONNECTION_REFUSED
2022-05-25 11:16:50 ERROR    Failure: http://localhost:4200/-N2tany8jv7w0c9Gf-ll -> Failed to load resource: net::ERR_CONNECTION_REFUSED
2022-05-25 11:16:51 ERROR    Failure: http://localhost:4200/-N2tany8jv7w0c9Gf-ll -> JSHandle@error
2022-05-25 11:16:51 ERROR    Failure: http://localhost:4200/-N2tany8jv7w0c9Gf-ll -> Error: FIREBASE FATAL ERROR: Cannot parse Firebase url. Please use https://<YOUR FIREBASE>.firebaseio.com 	    at Vb (http://localhost:4200/assets/vendor.js:85597:278)	    at Wb (http://localhost:4200/assets/vendor.js:85599:21)	    at firebase.INTERNAL.registerService.Reference (http://localhost:4200/assets/vendor.js:85805:235)	    at Object.a.(anonymous function) [as database] (http://localhost:4200/assets/vendor.js:84825:4066)	    at e.value (http://localhost:4200/assets/vendor.js:84825:6484)	    at Object.create (http://localhost:4200/assets/vendor.js:124663:18)	    at instantiate (http://localhost:4200/assets/vendor.js:21220:23)	    at lookup (http://localhost:4200/assets/vendor.js:21045:17)	    at Container.lookup (http://localhost:4200/assets/vendor.js:20964:14)	    at Class.lookup (http://localhost:4200/assets/vendor.js:52226:33)
2022-05-25 11:16:54 ERROR    Failure: http://localhost:4200/ -> net::ERR_ABORTED
2022-05-25 11:16:54 ERROR    Failure: http://localhost:4200/ -> net::ERR_ABORTED
2022-05-25 11:16:54 ERROR    Failure: http://localhost:4200/ -> net::ERR_ABORTED
2022-05-25 11:16:54 ERROR    Failure: http://localhost:4200/ -> net::ERR_ABORTED
2022-05-25 11:16:54 ERROR    Failure: http://localhost:4200/ -> net::ERR_ABORTED
2022-05-25 11:16:54 ERROR    Failure: http://localhost:4200/ -> net::ERR_ABORTED
2022-05-25 11:16:54 ERROR    Failure: http://localhost:4200/ -> net::ERR_ABORTED
2022-05-25 11:16:54 ERROR    Failure: http://localhost:4200/-N2tcKYNCqQgbXsVobHt -> net::ERR_CONNECTION_REFUSED
2022-05-25 11:16:54 ERROR    Failure: http://localhost:4200/-N2tcKYNCqQgbXsVobHt -> Failed to load resource: net::ERR_CONNECTION_REFUSED
2022-05-25 11:16:55 ERROR    Failure: http://localhost:4200/-N2tcKYNCqQgbXsVobHt -> JSHandle@error
2022-05-25 11:16:55 ERROR    Failure: http://localhost:4200/-N2tcKYNCqQgbXsVobHt -> Error: FIREBASE FATAL ERROR: Cannot parse Firebase url. Please use https://<YOUR FIREBASE>.firebaseio.com 	    at Vb (http://localhost:4200/assets/vendor.js:85597:278)	    at Wb (http://localhost:4200/assets/vendor.js:85599:21)	    at firebase.INTERNAL.registerService.Reference (http://localhost:4200/assets/vendor.js:85805:235)	    at Object.a.(anonymous function) [as database] (http://localhost:4200/assets/vendor.js:84825:4066)	    at e.value (http://localhost:4200/assets/vendor.js:84825:6484)	    at Object.create (http://localhost:4200/assets/vendor.js:124663:18)	    at instantiate (http://localhost:4200/assets/vendor.js:21220:23)	    at lookup (http://localhost:4200/assets/vendor.js:21045:17)	    at Container.lookup (http://localhost:4200/assets/vendor.js:20964:14)	    at Class.lookup (http://localhost:4200/assets/vendor.js:52226:33)
2022-05-25 11:16:58 ERROR    Failure: http://localhost:4200/ -> net::ERR_ABORTED
2022-05-25 11:16:58 ERROR    Failure: http://localhost:4200/ -> net::ERR_ABORTED
2022-05-25 11:16:58 ERROR    Failure: http://localhost:4200/ -> net::ERR_ABORTED
2022-05-25 11:16:58 ERROR    Failure: http://localhost:4200/ -> net::ERR_ABORTED
2022-05-25 11:16:58 ERROR    Failure: http://localhost:4200/ -> net::ERR_ABORTED
2022-05-25 11:16:58 ERROR    Failure: http://localhost:4200/ -> net::ERR_ABORTED
2022-05-25 11:16:58 ERROR    Failure: http://localhost:4200/ -> net::ERR_ABORTED
2022-05-25 11:16:58 ERROR    Failure: http://localhost:4200/-N2tcsy7wdBNCULOnCV- -> net::ERR_CONNECTION_REFUSED
2022-05-25 11:16:58 ERROR    Failure: http://localhost:4200/-N2tcsy7wdBNCULOnCV- -> Failed to load resource: net::ERR_CONNECTION_REFUSED
2022-05-25 11:16:59 ERROR    Failure: http://localhost:4200/-N2tcsy7wdBNCULOnCV- -> JSHandle@error
2022-05-25 11:16:59 ERROR    Failure: http://localhost:4200/-N2tcsy7wdBNCULOnCV- -> Error: FIREBASE FATAL ERROR: Cannot parse Firebase url. Please use https://<YOUR FIREBASE>.firebaseio.com 	    at Vb (http://localhost:4200/assets/vendor.js:85597:278)	    at Wb (http://localhost:4200/assets/vendor.js:85599:21)	    at firebase.INTERNAL.registerService.Reference (http://localhost:4200/assets/vendor.js:85805:235)	    at Object.a.(anonymous function) [as database] (http://localhost:4200/assets/vendor.js:84825:4066)	    at e.value (http://localhost:4200/assets/vendor.js:84825:6484)	    at Object.create (http://localhost:4200/assets/vendor.js:124663:18)	    at instantiate (http://localhost:4200/assets/vendor.js:21220:23)	    at lookup (http://localhost:4200/assets/vendor.js:21045:17)	    at Container.lookup (http://localhost:4200/assets/vendor.js:20964:14)	    at Class.lookup (http://localhost:4200/assets/vendor.js:52226:33)
2022-05-25 11:17:02 ERROR    Failure: http://localhost:4200/ -> net::ERR_ABORTED
2022-05-25 11:17:02 ERROR    Failure: http://localhost:4200/ -> net::ERR_ABORTED
2022-05-25 11:17:02 ERROR    Failure: http://localhost:4200/ -> net::ERR_ABORTED
2022-05-25 11:17:02 ERROR    Failure: http://localhost:4200/ -> net::ERR_ABORTED
2022-05-25 11:17:02 ERROR    Failure: http://localhost:4200/ -> net::ERR_ABORTED
2022-05-25 11:17:02 ERROR    Failure: http://localhost:4200/ -> net::ERR_ABORTED
2022-05-25 11:17:02 ERROR    Failure: http://localhost:4200/ -> net::ERR_ABORTED
2022-05-25 11:17:02 ERROR    Failure: http://localhost:4200/-N2tau_R-AuPGM1v4_n9 -> net::ERR_CONNECTION_REFUSED
2022-05-25 11:17:02 ERROR    Failure: http://localhost:4200/-N2tau_R-AuPGM1v4_n9 -> Failed to load resource: net::ERR_CONNECTION_REFUSED
2022-05-25 11:17:03 ERROR    Failure: http://localhost:4200/-N2tau_R-AuPGM1v4_n9 -> JSHandle@error
2022-05-25 11:17:03 ERROR    Failure: http://localhost:4200/-N2tau_R-AuPGM1v4_n9 -> Error: FIREBASE FATAL ERROR: Cannot parse Firebase url. Please use https://<YOUR FIREBASE>.firebaseio.com 	    at Vb (http://localhost:4200/assets/vendor.js:85597:278)	    at Wb (http://localhost:4200/assets/vendor.js:85599:21)	    at firebase.INTERNAL.registerService.Reference (http://localhost:4200/assets/vendor.js:85805:235)	    at Object.a.(anonymous function) [as database] (http://localhost:4200/assets/vendor.js:84825:4066)	    at e.value (http://localhost:4200/assets/vendor.js:84825:6484)	    at Object.create (http://localhost:4200/assets/vendor.js:124663:18)	    at instantiate (http://localhost:4200/assets/vendor.js:21220:23)	    at lookup (http://localhost:4200/assets/vendor.js:21045:17)	    at Container.lookup (http://localhost:4200/assets/vendor.js:20964:14)	    at Class.lookup (http://localhost:4200/assets/vendor.js:52226:33)
2022-05-25 11:17:07 ERROR    Failure: http://localhost:4200/ -> net::ERR_ABORTED
2022-05-25 11:17:07 ERROR    Failure: http://localhost:4200/ -> net::ERR_ABORTED
2022-05-25 11:17:07 ERROR    Failure: http://localhost:4200/ -> net::ERR_ABORTED
2022-05-25 11:17:07 ERROR    Failure: http://localhost:4200/ -> net::ERR_ABORTED
2022-05-25 11:17:07 ERROR    Failure: http://localhost:4200/ -> net::ERR_ABORTED
2022-05-25 11:17:07 ERROR    Failure: http://localhost:4200/ -> net::ERR_ABORTED
2022-05-25 11:17:07 ERROR    Failure: http://localhost:4200/ -> net::ERR_ABORTED
2022-05-25 11:17:07 ERROR    Failure: http://localhost:4200/-N2tau_R-AuPGM1v4_n9 -> net::ERR_CONNECTION_REFUSED
2022-05-25 11:17:07 ERROR    Failure: http://localhost:4200/-N2tau_R-AuPGM1v4_n9 -> Failed to load resource: net::ERR_CONNECTION_REFUSED
2022-05-25 11:17:08 ERROR    Failure: http://localhost:4200/-N2tau_R-AuPGM1v4_n9 -> JSHandle@error
2022-05-25 11:17:08 ERROR    Failure: http://localhost:4200/-N2tau_R-AuPGM1v4_n9 -> Error: FIREBASE FATAL ERROR: Cannot parse Firebase url. Please use https://<YOUR FIREBASE>.firebaseio.com 	    at Vb (http://localhost:4200/assets/vendor.js:85597:278)	    at Wb (http://localhost:4200/assets/vendor.js:85599:21)	    at firebase.INTERNAL.registerService.Reference (http://localhost:4200/assets/vendor.js:85805:235)	    at Object.a.(anonymous function) [as database] (http://localhost:4200/assets/vendor.js:84825:4066)	    at e.value (http://localhost:4200/assets/vendor.js:84825:6484)	    at Object.create (http://localhost:4200/assets/vendor.js:124663:18)	    at instantiate (http://localhost:4200/assets/vendor.js:21220:23)	    at lookup (http://localhost:4200/assets/vendor.js:21045:17)	    at Container.lookup (http://localhost:4200/assets/vendor.js:20964:14)	    at Class.lookup (http://localhost:4200/assets/vendor.js:52226:33)
2022-05-25 11:17:11 ERROR    Failure: http://localhost:4200/ -> net::ERR_ABORTED
2022-05-25 11:17:11 ERROR    Failure: http://localhost:4200/ -> net::ERR_ABORTED
2022-05-25 11:17:11 ERROR    Failure: http://localhost:4200/ -> net::ERR_ABORTED
2022-05-25 11:17:11 ERROR    Failure: http://localhost:4200/ -> net::ERR_ABORTED
2022-05-25 11:17:11 ERROR    Failure: http://localhost:4200/ -> net::ERR_ABORTED
2022-05-25 11:17:11 ERROR    Failure: http://localhost:4200/ -> net::ERR_ABORTED
2022-05-25 11:17:11 ERROR    Failure: http://localhost:4200/ -> net::ERR_ABORTED
2022-05-25 11:17:11 ERROR    Failure: http://localhost:4200/-N2tau_R-AuPGM1v4_n9 -> net::ERR_CONNECTION_REFUSED
2022-05-25 11:17:11 ERROR    Failure: http://localhost:4200/-N2tau_R-AuPGM1v4_n9 -> Failed to load resource: net::ERR_CONNECTION_REFUSED
2022-05-25 11:17:11 ERROR    Failure: http://localhost:4200/-N2tau_R-AuPGM1v4_n9 -> JSHandle@error
2022-05-25 11:17:11 ERROR    Failure: http://localhost:4200/-N2tau_R-AuPGM1v4_n9 -> Error: FIREBASE FATAL ERROR: Cannot parse Firebase url. Please use https://<YOUR FIREBASE>.firebaseio.com 	    at Vb (http://localhost:4200/assets/vendor.js:85597:278)	    at Wb (http://localhost:4200/assets/vendor.js:85599:21)	    at firebase.INTERNAL.registerService.Reference (http://localhost:4200/assets/vendor.js:85805:235)	    at Object.a.(anonymous function) [as database] (http://localhost:4200/assets/vendor.js:84825:4066)	    at e.value (http://localhost:4200/assets/vendor.js:84825:6484)	    at Object.create (http://localhost:4200/assets/vendor.js:124663:18)	    at instantiate (http://localhost:4200/assets/vendor.js:21220:23)	    at lookup (http://localhost:4200/assets/vendor.js:21045:17)	    at Container.lookup (http://localhost:4200/assets/vendor.js:20964:14)	    at Class.lookup (http://localhost:4200/assets/vendor.js:52226:33)
2022-05-25 11:17:15 ERROR    Failure: http://localhost:4200/ -> net::ERR_ABORTED
2022-05-25 11:17:15 ERROR    Failure: http://localhost:4200/ -> net::ERR_ABORTED
2022-05-25 11:17:15 ERROR    Failure: http://localhost:4200/ -> net::ERR_ABORTED
2022-05-25 11:17:15 ERROR    Failure: http://localhost:4200/ -> net::ERR_ABORTED
2022-05-25 11:17:15 ERROR    Failure: http://localhost:4200/ -> net::ERR_ABORTED
2022-05-25 11:17:15 ERROR    Failure: http://localhost:4200/ -> net::ERR_ABORTED
2022-05-25 11:17:15 ERROR    Failure: http://localhost:4200/ -> net::ERR_ABORTED
2022-05-25 11:17:15 ERROR    Failure: http://localhost:4200/-N2tau_R-AuPGM1v4_n9 -> net::ERR_CONNECTION_REFUSED
2022-05-25 11:17:15 ERROR    Failure: http://localhost:4200/-N2tau_R-AuPGM1v4_n9 -> Failed to load resource: net::ERR_CONNECTION_REFUSED
2022-05-25 11:17:16 ERROR    Failure: http://localhost:4200/-N2tau_R-AuPGM1v4_n9 -> JSHandle@error
2022-05-25 11:17:16 ERROR    Failure: http://localhost:4200/-N2tau_R-AuPGM1v4_n9 -> Error: FIREBASE FATAL ERROR: Cannot parse Firebase url. Please use https://<YOUR FIREBASE>.firebaseio.com 	    at Vb (http://localhost:4200/assets/vendor.js:85597:278)	    at Wb (http://localhost:4200/assets/vendor.js:85599:21)	    at firebase.INTERNAL.registerService.Reference (http://localhost:4200/assets/vendor.js:85805:235)	    at Object.a.(anonymous function) [as database] (http://localhost:4200/assets/vendor.js:84825:4066)	    at e.value (http://localhost:4200/assets/vendor.js:84825:6484)	    at Object.create (http://localhost:4200/assets/vendor.js:124663:18)	    at instantiate (http://localhost:4200/assets/vendor.js:21220:23)	    at lookup (http://localhost:4200/assets/vendor.js:21045:17)	    at Container.lookup (http://localhost:4200/assets/vendor.js:20964:14)	    at Class.lookup (http://localhost:4200/assets/vendor.js:52226:33)
2022-05-25 11:17:21 ERROR    Failure: http://localhost:4200/ -> net::ERR_ABORTED
2022-05-25 11:17:22 ERROR    Failure: http://localhost:4200/ -> net::ERR_ABORTED
2022-05-25 11:17:22 ERROR    Failure: http://localhost:4200/ -> net::ERR_ABORTED
2022-05-25 11:17:22 ERROR    Failure: http://localhost:4200/ -> net::ERR_ABORTED
2022-05-25 11:17:22 ERROR    Failure: http://localhost:4200/ -> net::ERR_ABORTED
2022-05-25 11:17:22 ERROR    Failure: http://localhost:4200/ -> net::ERR_ABORTED
2022-05-25 11:17:22 ERROR    Failure: http://localhost:4200/ -> net::ERR_ABORTED
2022-05-25 11:17:22 ERROR    Failure: http://localhost:4200/-N2tany8jv7w0c9Gf-ll -> net::ERR_CONNECTION_REFUSED
2022-05-25 11:17:22 ERROR    Failure: http://localhost:4200/-N2tany8jv7w0c9Gf-ll -> Failed to load resource: net::ERR_CONNECTION_REFUSED
2022-05-25 11:17:22 ERROR    Failure: http://localhost:4200/-N2tany8jv7w0c9Gf-ll -> JSHandle@error
2022-05-25 11:17:22 ERROR    Failure: http://localhost:4200/-N2tany8jv7w0c9Gf-ll -> Error: FIREBASE FATAL ERROR: Cannot parse Firebase url. Please use https://<YOUR FIREBASE>.firebaseio.com 	    at Vb (http://localhost:4200/assets/vendor.js:85597:278)	    at Wb (http://localhost:4200/assets/vendor.js:85599:21)	    at firebase.INTERNAL.registerService.Reference (http://localhost:4200/assets/vendor.js:85805:235)	    at Object.a.(anonymous function) [as database] (http://localhost:4200/assets/vendor.js:84825:4066)	    at e.value (http://localhost:4200/assets/vendor.js:84825:6484)	    at Object.create (http://localhost:4200/assets/vendor.js:124663:18)	    at instantiate (http://localhost:4200/assets/vendor.js:21220:23)	    at lookup (http://localhost:4200/assets/vendor.js:21045:17)	    at Container.lookup (http://localhost:4200/assets/vendor.js:20964:14)	    at Class.lookup (http://localhost:4200/assets/vendor.js:52226:33)
2022-05-25 11:17:25 ERROR    Failure: http://localhost:4200/ -> net::ERR_ABORTED
2022-05-25 11:17:25 ERROR    Failure: http://localhost:4200/ -> net::ERR_ABORTED
2022-05-25 11:17:25 ERROR    Failure: http://localhost:4200/ -> net::ERR_ABORTED
2022-05-25 11:17:25 ERROR    Failure: http://localhost:4200/ -> net::ERR_ABORTED
2022-05-25 11:17:25 ERROR    Failure: http://localhost:4200/ -> net::ERR_ABORTED
2022-05-25 11:17:25 ERROR    Failure: http://localhost:4200/ -> net::ERR_ABORTED
2022-05-25 11:17:25 ERROR    Failure: http://localhost:4200/ -> net::ERR_ABORTED
2022-05-25 11:17:25 ERROR    Failure: http://localhost:4200/-N2tany8jv7w0c9Gf-ll -> net::ERR_CONNECTION_REFUSED
2022-05-25 11:17:25 ERROR    Failure: http://localhost:4200/-N2tany8jv7w0c9Gf-ll -> Failed to load resource: net::ERR_CONNECTION_REFUSED
2022-05-25 11:17:26 ERROR    Failure: http://localhost:4200/-N2tany8jv7w0c9Gf-ll -> JSHandle@error
2022-05-25 11:17:26 ERROR    Failure: http://localhost:4200/-N2tany8jv7w0c9Gf-ll -> Error: FIREBASE FATAL ERROR: Cannot parse Firebase url. Please use https://<YOUR FIREBASE>.firebaseio.com 	    at Vb (http://localhost:4200/assets/vendor.js:85597:278)	    at Wb (http://localhost:4200/assets/vendor.js:85599:21)	    at firebase.INTERNAL.registerService.Reference (http://localhost:4200/assets/vendor.js:85805:235)	    at Object.a.(anonymous function) [as database] (http://localhost:4200/assets/vendor.js:84825:4066)	    at e.value (http://localhost:4200/assets/vendor.js:84825:6484)	    at Object.create (http://localhost:4200/assets/vendor.js:124663:18)	    at instantiate (http://localhost:4200/assets/vendor.js:21220:23)	    at lookup (http://localhost:4200/assets/vendor.js:21045:17)	    at Container.lookup (http://localhost:4200/assets/vendor.js:20964:14)	    at Class.lookup (http://localhost:4200/assets/vendor.js:52226:33)
2022-05-25 11:17:29 ERROR    Failure: http://localhost:4200/ -> net::ERR_ABORTED
2022-05-25 11:17:29 ERROR    Failure: http://localhost:4200/ -> net::ERR_ABORTED
2022-05-25 11:17:29 ERROR    Failure: http://localhost:4200/ -> net::ERR_ABORTED
2022-05-25 11:17:29 ERROR    Failure: http://localhost:4200/ -> net::ERR_ABORTED
2022-05-25 11:17:29 ERROR    Failure: http://localhost:4200/ -> net::ERR_ABORTED
2022-05-25 11:17:29 ERROR    Failure: http://localhost:4200/ -> net::ERR_ABORTED
2022-05-25 11:17:29 ERROR    Failure: http://localhost:4200/ -> net::ERR_ABORTED
2022-05-25 11:17:29 ERROR    Failure: http://localhost:4200/-N2tcKYNCqQgbXsVobHt -> net::ERR_CONNECTION_REFUSED
2022-05-25 11:17:29 ERROR    Failure: http://localhost:4200/-N2tcKYNCqQgbXsVobHt -> Failed to load resource: net::ERR_CONNECTION_REFUSED
2022-05-25 11:17:30 ERROR    Failure: http://localhost:4200/-N2tcKYNCqQgbXsVobHt -> JSHandle@error
2022-05-25 11:17:30 ERROR    Failure: http://localhost:4200/-N2tcKYNCqQgbXsVobHt -> Error: FIREBASE FATAL ERROR: Cannot parse Firebase url. Please use https://<YOUR FIREBASE>.firebaseio.com 	    at Vb (http://localhost:4200/assets/vendor.js:85597:278)	    at Wb (http://localhost:4200/assets/vendor.js:85599:21)	    at firebase.INTERNAL.registerService.Reference (http://localhost:4200/assets/vendor.js:85805:235)	    at Object.a.(anonymous function) [as database] (http://localhost:4200/assets/vendor.js:84825:4066)	    at e.value (http://localhost:4200/assets/vendor.js:84825:6484)	    at Object.create (http://localhost:4200/assets/vendor.js:124663:18)	    at instantiate (http://localhost:4200/assets/vendor.js:21220:23)	    at lookup (http://localhost:4200/assets/vendor.js:21045:17)	    at Container.lookup (http://localhost:4200/assets/vendor.js:20964:14)	    at Class.lookup (http://localhost:4200/assets/vendor.js:52226:33)
2022-05-25 11:17:33 ERROR    Failure: http://localhost:4200/ -> net::ERR_ABORTED
2022-05-25 11:17:33 ERROR    Failure: http://localhost:4200/ -> net::ERR_ABORTED
2022-05-25 11:17:33 ERROR    Failure: http://localhost:4200/ -> net::ERR_ABORTED
2022-05-25 11:17:33 ERROR    Failure: http://localhost:4200/ -> net::ERR_ABORTED
2022-05-25 11:17:33 ERROR    Failure: http://localhost:4200/ -> net::ERR_ABORTED
2022-05-25 11:17:33 ERROR    Failure: http://localhost:4200/ -> net::ERR_ABORTED
2022-05-25 11:17:33 ERROR    Failure: http://localhost:4200/ -> net::ERR_ABORTED
2022-05-25 11:17:33 ERROR    Failure: http://localhost:4200/-N2tcsy7wdBNCULOnCV- -> net::ERR_CONNECTION_REFUSED
2022-05-25 11:17:33 ERROR    Failure: http://localhost:4200/-N2tcsy7wdBNCULOnCV- -> Failed to load resource: net::ERR_CONNECTION_REFUSED
2022-05-25 11:17:34 ERROR    Failure: http://localhost:4200/-N2tcsy7wdBNCULOnCV- -> JSHandle@error
2022-05-25 11:17:34 ERROR    Failure: http://localhost:4200/-N2tcsy7wdBNCULOnCV- -> Error: FIREBASE FATAL ERROR: Cannot parse Firebase url. Please use https://<YOUR FIREBASE>.firebaseio.com 	    at Vb (http://localhost:4200/assets/vendor.js:85597:278)	    at Wb (http://localhost:4200/assets/vendor.js:85599:21)	    at firebase.INTERNAL.registerService.Reference (http://localhost:4200/assets/vendor.js:85805:235)	    at Object.a.(anonymous function) [as database] (http://localhost:4200/assets/vendor.js:84825:4066)	    at e.value (http://localhost:4200/assets/vendor.js:84825:6484)	    at Object.create (http://localhost:4200/assets/vendor.js:124663:18)	    at instantiate (http://localhost:4200/assets/vendor.js:21220:23)	    at lookup (http://localhost:4200/assets/vendor.js:21045:17)	    at Container.lookup (http://localhost:4200/assets/vendor.js:20964:14)	    at Class.lookup (http://localhost:4200/assets/vendor.js:52226:33)
2022-05-25 11:17:40 ERROR    Failure: http://localhost:4200/ -> net::ERR_ABORTED
2022-05-25 11:17:40 ERROR    Failure: http://localhost:4200/ -> net::ERR_ABORTED
2022-05-25 11:17:40 ERROR    Failure: http://localhost:4200/ -> net::ERR_ABORTED
2022-05-25 11:17:40 ERROR    Failure: http://localhost:4200/ -> net::ERR_ABORTED
2022-05-25 11:17:40 ERROR    Failure: http://localhost:4200/ -> net::ERR_ABORTED
2022-05-25 11:17:40 ERROR    Failure: http://localhost:4200/ -> net::ERR_ABORTED
2022-05-25 11:17:40 ERROR    Failure: http://localhost:4200/ -> net::ERR_ABORTED
2022-05-25 11:17:40 ERROR    Failure: http://localhost:4200/-N2tau_R-AuPGM1v4_n9 -> net::ERR_CONNECTION_REFUSED
2022-05-25 11:17:40 ERROR    Failure: http://localhost:4200/-N2tau_R-AuPGM1v4_n9 -> Failed to load resource: net::ERR_CONNECTION_REFUSED
2022-05-25 11:17:41 ERROR    Failure: http://localhost:4200/-N2tau_R-AuPGM1v4_n9 -> JSHandle@error
2022-05-25 11:17:41 ERROR    Failure: http://localhost:4200/-N2tau_R-AuPGM1v4_n9 -> Error: FIREBASE FATAL ERROR: Cannot parse Firebase url. Please use https://<YOUR FIREBASE>.firebaseio.com 	    at Vb (http://localhost:4200/assets/vendor.js:85597:278)	    at Wb (http://localhost:4200/assets/vendor.js:85599:21)	    at firebase.INTERNAL.registerService.Reference (http://localhost:4200/assets/vendor.js:85805:235)	    at Object.a.(anonymous function) [as database] (http://localhost:4200/assets/vendor.js:84825:4066)	    at e.value (http://localhost:4200/assets/vendor.js:84825:6484)	    at Object.create (http://localhost:4200/assets/vendor.js:124663:18)	    at instantiate (http://localhost:4200/assets/vendor.js:21220:23)	    at lookup (http://localhost:4200/assets/vendor.js:21045:17)	    at Container.lookup (http://localhost:4200/assets/vendor.js:20964:14)	    at Class.lookup (http://localhost:4200/assets/vendor.js:52226:33)
2022-05-25 11:17:45 ERROR    Failure: http://localhost:4200/ -> net::ERR_ABORTED
2022-05-25 11:17:45 ERROR    Failure: http://localhost:4200/ -> net::ERR_ABORTED
2022-05-25 11:17:45 ERROR    Failure: http://localhost:4200/ -> net::ERR_ABORTED
2022-05-25 11:17:45 ERROR    Failure: http://localhost:4200/ -> net::ERR_ABORTED
2022-05-25 11:17:45 ERROR    Failure: http://localhost:4200/ -> net::ERR_ABORTED
2022-05-25 11:17:45 ERROR    Failure: http://localhost:4200/ -> net::ERR_ABORTED
2022-05-25 11:17:45 ERROR    Failure: http://localhost:4200/ -> net::ERR_ABORTED
2022-05-25 11:17:45 ERROR    Failure: http://localhost:4200/-N2tany8jv7w0c9Gf-ll -> net::ERR_CONNECTION_REFUSED
2022-05-25 11:17:45 ERROR    Failure: http://localhost:4200/-N2tany8jv7w0c9Gf-ll -> Failed to load resource: net::ERR_CONNECTION_REFUSED
2022-05-25 11:17:46 ERROR    Failure: http://localhost:4200/-N2tany8jv7w0c9Gf-ll -> JSHandle@error
2022-05-25 11:17:46 ERROR    Failure: http://localhost:4200/-N2tany8jv7w0c9Gf-ll -> Error: FIREBASE FATAL ERROR: Cannot parse Firebase url. Please use https://<YOUR FIREBASE>.firebaseio.com 	    at Vb (http://localhost:4200/assets/vendor.js:85597:278)	    at Wb (http://localhost:4200/assets/vendor.js:85599:21)	    at firebase.INTERNAL.registerService.Reference (http://localhost:4200/assets/vendor.js:85805:235)	    at Object.a.(anonymous function) [as database] (http://localhost:4200/assets/vendor.js:84825:4066)	    at e.value (http://localhost:4200/assets/vendor.js:84825:6484)	    at Object.create (http://localhost:4200/assets/vendor.js:124663:18)	    at instantiate (http://localhost:4200/assets/vendor.js:21220:23)	    at lookup (http://localhost:4200/assets/vendor.js:21045:17)	    at Container.lookup (http://localhost:4200/assets/vendor.js:20964:14)	    at Class.lookup (http://localhost:4200/assets/vendor.js:52226:33)
2022-05-25 11:17:50 ERROR    Failure: http://localhost:4200/ -> net::ERR_ABORTED
2022-05-25 11:17:50 ERROR    Failure: http://localhost:4200/ -> net::ERR_ABORTED
2022-05-25 11:17:50 ERROR    Failure: http://localhost:4200/ -> net::ERR_ABORTED
2022-05-25 11:17:50 ERROR    Failure: http://localhost:4200/ -> net::ERR_ABORTED
2022-05-25 11:17:50 ERROR    Failure: http://localhost:4200/ -> net::ERR_ABORTED
2022-05-25 11:17:50 ERROR    Failure: http://localhost:4200/ -> net::ERR_ABORTED
2022-05-25 11:17:50 ERROR    Failure: http://localhost:4200/ -> net::ERR_ABORTED
2022-05-25 11:17:50 ERROR    Failure: http://localhost:4200/-N2tcKYNCqQgbXsVobHt -> net::ERR_CONNECTION_REFUSED
2022-05-25 11:17:50 ERROR    Failure: http://localhost:4200/-N2tcKYNCqQgbXsVobHt -> Failed to load resource: net::ERR_CONNECTION_REFUSED
2022-05-25 11:17:51 ERROR    Failure: http://localhost:4200/-N2tcKYNCqQgbXsVobHt -> JSHandle@error
2022-05-25 11:17:51 ERROR    Failure: http://localhost:4200/-N2tcKYNCqQgbXsVobHt -> Error: FIREBASE FATAL ERROR: Cannot parse Firebase url. Please use https://<YOUR FIREBASE>.firebaseio.com 	    at Vb (http://localhost:4200/assets/vendor.js:85597:278)	    at Wb (http://localhost:4200/assets/vendor.js:85599:21)	    at firebase.INTERNAL.registerService.Reference (http://localhost:4200/assets/vendor.js:85805:235)	    at Object.a.(anonymous function) [as database] (http://localhost:4200/assets/vendor.js:84825:4066)	    at e.value (http://localhost:4200/assets/vendor.js:84825:6484)	    at Object.create (http://localhost:4200/assets/vendor.js:124663:18)	    at instantiate (http://localhost:4200/assets/vendor.js:21220:23)	    at lookup (http://localhost:4200/assets/vendor.js:21045:17)	    at Container.lookup (http://localhost:4200/assets/vendor.js:20964:14)	    at Class.lookup (http://localhost:4200/assets/vendor.js:52226:33)
2022-05-25 11:17:55 ERROR    Failure: http://localhost:4200/ -> net::ERR_ABORTED
2022-05-25 11:17:55 ERROR    Failure: http://localhost:4200/ -> net::ERR_ABORTED
2022-05-25 11:17:55 ERROR    Failure: http://localhost:4200/ -> net::ERR_ABORTED
2022-05-25 11:17:55 ERROR    Failure: http://localhost:4200/ -> net::ERR_ABORTED
2022-05-25 11:17:55 ERROR    Failure: http://localhost:4200/ -> net::ERR_ABORTED
2022-05-25 11:17:55 ERROR    Failure: http://localhost:4200/ -> net::ERR_ABORTED
2022-05-25 11:17:55 ERROR    Failure: http://localhost:4200/ -> net::ERR_ABORTED
2022-05-25 11:17:55 ERROR    Failure: http://localhost:4200/-N2tcsy7wdBNCULOnCV- -> net::ERR_CONNECTION_REFUSED
2022-05-25 11:17:55 ERROR    Failure: http://localhost:4200/-N2tcsy7wdBNCULOnCV- -> Failed to load resource: net::ERR_CONNECTION_REFUSED
2022-05-25 11:17:55 ERROR    Failure: http://localhost:4200/-N2tcsy7wdBNCULOnCV- -> JSHandle@error
2022-05-25 11:17:55 ERROR    Failure: http://localhost:4200/-N2tcsy7wdBNCULOnCV- -> Error: FIREBASE FATAL ERROR: Cannot parse Firebase url. Please use https://<YOUR FIREBASE>.firebaseio.com 	    at Vb (http://localhost:4200/assets/vendor.js:85597:278)	    at Wb (http://localhost:4200/assets/vendor.js:85599:21)	    at firebase.INTERNAL.registerService.Reference (http://localhost:4200/assets/vendor.js:85805:235)	    at Object.a.(anonymous function) [as database] (http://localhost:4200/assets/vendor.js:84825:4066)	    at e.value (http://localhost:4200/assets/vendor.js:84825:6484)	    at Object.create (http://localhost:4200/assets/vendor.js:124663:18)	    at instantiate (http://localhost:4200/assets/vendor.js:21220:23)	    at lookup (http://localhost:4200/assets/vendor.js:21045:17)	    at Container.lookup (http://localhost:4200/assets/vendor.js:20964:14)	    at Class.lookup (http://localhost:4200/assets/vendor.js:52226:33)
2022-05-25 11:18:02 ERROR    Failure: http://localhost:4200/ -> net::ERR_ABORTED
2022-05-25 11:18:02 ERROR    Failure: http://localhost:4200/ -> net::ERR_ABORTED
2022-05-25 11:18:02 ERROR    Failure: http://localhost:4200/ -> net::ERR_ABORTED
2022-05-25 11:18:02 ERROR    Failure: http://localhost:4200/ -> net::ERR_ABORTED
2022-05-25 11:18:02 ERROR    Failure: http://localhost:4200/ -> net::ERR_ABORTED
2022-05-25 11:18:02 ERROR    Failure: http://localhost:4200/ -> net::ERR_ABORTED
2022-05-25 11:18:02 ERROR    Failure: http://localhost:4200/ -> net::ERR_ABORTED
2022-05-25 11:18:02 ERROR    Failure: http://localhost:4200/-N2tau_R-AuPGM1v4_n9 -> net::ERR_CONNECTION_REFUSED
2022-05-25 11:18:02 ERROR    Failure: http://localhost:4200/-N2tau_R-AuPGM1v4_n9 -> Failed to load resource: net::ERR_CONNECTION_REFUSED
2022-05-25 11:18:02 ERROR    Failure: http://localhost:4200/-N2tau_R-AuPGM1v4_n9 -> JSHandle@error
2022-05-25 11:18:02 ERROR    Failure: http://localhost:4200/-N2tau_R-AuPGM1v4_n9 -> Error: FIREBASE FATAL ERROR: Cannot parse Firebase url. Please use https://<YOUR FIREBASE>.firebaseio.com 	    at Vb (http://localhost:4200/assets/vendor.js:85597:278)	    at Wb (http://localhost:4200/assets/vendor.js:85599:21)	    at firebase.INTERNAL.registerService.Reference (http://localhost:4200/assets/vendor.js:85805:235)	    at Object.a.(anonymous function) [as database] (http://localhost:4200/assets/vendor.js:84825:4066)	    at e.value (http://localhost:4200/assets/vendor.js:84825:6484)	    at Object.create (http://localhost:4200/assets/vendor.js:124663:18)	    at instantiate (http://localhost:4200/assets/vendor.js:21220:23)	    at lookup (http://localhost:4200/assets/vendor.js:21045:17)	    at Container.lookup (http://localhost:4200/assets/vendor.js:20964:14)	    at Class.lookup (http://localhost:4200/assets/vendor.js:52226:33)
2022-05-25 11:18:07 ERROR    Failure: http://localhost:4200/ -> net::ERR_ABORTED
2022-05-25 11:18:07 ERROR    Failure: http://localhost:4200/ -> net::ERR_ABORTED
2022-05-25 11:18:07 ERROR    Failure: http://localhost:4200/ -> net::ERR_ABORTED
2022-05-25 11:18:07 ERROR    Failure: http://localhost:4200/ -> net::ERR_ABORTED
2022-05-25 11:18:07 ERROR    Failure: http://localhost:4200/ -> net::ERR_ABORTED
2022-05-25 11:18:07 ERROR    Failure: http://localhost:4200/ -> net::ERR_ABORTED
2022-05-25 11:18:07 ERROR    Failure: http://localhost:4200/ -> net::ERR_ABORTED
2022-05-25 11:18:07 ERROR    Failure: http://localhost:4200/-N2tany8jv7w0c9Gf-ll -> net::ERR_CONNECTION_REFUSED
2022-05-25 11:18:07 ERROR    Failure: http://localhost:4200/-N2tany8jv7w0c9Gf-ll -> Failed to load resource: net::ERR_CONNECTION_REFUSED
2022-05-25 11:18:07 ERROR    Failure: http://localhost:4200/-N2tany8jv7w0c9Gf-ll -> JSHandle@error
2022-05-25 11:18:07 ERROR    Failure: http://localhost:4200/-N2tany8jv7w0c9Gf-ll -> Error: FIREBASE FATAL ERROR: Cannot parse Firebase url. Please use https://<YOUR FIREBASE>.firebaseio.com 	    at Vb (http://localhost:4200/assets/vendor.js:85597:278)	    at Wb (http://localhost:4200/assets/vendor.js:85599:21)	    at firebase.INTERNAL.registerService.Reference (http://localhost:4200/assets/vendor.js:85805:235)	    at Object.a.(anonymous function) [as database] (http://localhost:4200/assets/vendor.js:84825:4066)	    at e.value (http://localhost:4200/assets/vendor.js:84825:6484)	    at Object.create (http://localhost:4200/assets/vendor.js:124663:18)	    at instantiate (http://localhost:4200/assets/vendor.js:21220:23)	    at lookup (http://localhost:4200/assets/vendor.js:21045:17)	    at Container.lookup (http://localhost:4200/assets/vendor.js:20964:14)	    at Class.lookup (http://localhost:4200/assets/vendor.js:52226:33)
2022-05-25 11:18:12 ERROR    Failure: http://localhost:4200/ -> net::ERR_ABORTED
2022-05-25 11:18:12 ERROR    Failure: http://localhost:4200/ -> net::ERR_ABORTED
2022-05-25 11:18:12 ERROR    Failure: http://localhost:4200/ -> net::ERR_ABORTED
2022-05-25 11:18:12 ERROR    Failure: http://localhost:4200/ -> net::ERR_ABORTED
2022-05-25 11:18:12 ERROR    Failure: http://localhost:4200/ -> net::ERR_ABORTED
2022-05-25 11:18:12 ERROR    Failure: http://localhost:4200/ -> net::ERR_ABORTED
2022-05-25 11:18:12 ERROR    Failure: http://localhost:4200/ -> net::ERR_ABORTED
2022-05-25 11:18:12 ERROR    Failure: http://localhost:4200/-N2tcKYNCqQgbXsVobHt -> net::ERR_CONNECTION_REFUSED
2022-05-25 11:18:12 ERROR    Failure: http://localhost:4200/-N2tcKYNCqQgbXsVobHt -> Failed to load resource: net::ERR_CONNECTION_REFUSED
2022-05-25 11:18:13 ERROR    Failure: http://localhost:4200/-N2tcKYNCqQgbXsVobHt -> JSHandle@error
2022-05-25 11:18:13 ERROR    Failure: http://localhost:4200/-N2tcKYNCqQgbXsVobHt -> Error: FIREBASE FATAL ERROR: Cannot parse Firebase url. Please use https://<YOUR FIREBASE>.firebaseio.com 	    at Vb (http://localhost:4200/assets/vendor.js:85597:278)	    at Wb (http://localhost:4200/assets/vendor.js:85599:21)	    at firebase.INTERNAL.registerService.Reference (http://localhost:4200/assets/vendor.js:85805:235)	    at Object.a.(anonymous function) [as database] (http://localhost:4200/assets/vendor.js:84825:4066)	    at e.value (http://localhost:4200/assets/vendor.js:84825:6484)	    at Object.create (http://localhost:4200/assets/vendor.js:124663:18)	    at instantiate (http://localhost:4200/assets/vendor.js:21220:23)	    at lookup (http://localhost:4200/assets/vendor.js:21045:17)	    at Container.lookup (http://localhost:4200/assets/vendor.js:20964:14)	    at Class.lookup (http://localhost:4200/assets/vendor.js:52226:33)
2022-05-25 11:18:16 ERROR    Failure: http://localhost:4200/ -> net::ERR_ABORTED
2022-05-25 11:18:16 ERROR    Failure: http://localhost:4200/ -> net::ERR_ABORTED
2022-05-25 11:18:16 ERROR    Failure: http://localhost:4200/ -> net::ERR_ABORTED
2022-05-25 11:18:16 ERROR    Failure: http://localhost:4200/ -> net::ERR_ABORTED
2022-05-25 11:18:16 ERROR    Failure: http://localhost:4200/ -> net::ERR_ABORTED
2022-05-25 11:18:16 ERROR    Failure: http://localhost:4200/ -> net::ERR_ABORTED
2022-05-25 11:18:16 ERROR    Failure: http://localhost:4200/ -> net::ERR_ABORTED
2022-05-25 11:18:16 ERROR    Failure: http://localhost:4200/-N2tau_R-AuPGM1v4_n9 -> net::ERR_CONNECTION_REFUSED
2022-05-25 11:18:16 ERROR    Failure: http://localhost:4200/-N2tau_R-AuPGM1v4_n9 -> Failed to load resource: net::ERR_CONNECTION_REFUSED
2022-05-25 11:18:16 ERROR    Failure: http://localhost:4200/-N2tau_R-AuPGM1v4_n9 -> JSHandle@error
2022-05-25 11:18:16 ERROR    Failure: http://localhost:4200/-N2tau_R-AuPGM1v4_n9 -> Error: FIREBASE FATAL ERROR: Cannot parse Firebase url. Please use https://<YOUR FIREBASE>.firebaseio.com 	    at Vb (http://localhost:4200/assets/vendor.js:85597:278)	    at Wb (http://localhost:4200/assets/vendor.js:85599:21)	    at firebase.INTERNAL.registerService.Reference (http://localhost:4200/assets/vendor.js:85805:235)	    at Object.a.(anonymous function) [as database] (http://localhost:4200/assets/vendor.js:84825:4066)	    at e.value (http://localhost:4200/assets/vendor.js:84825:6484)	    at Object.create (http://localhost:4200/assets/vendor.js:124663:18)	    at instantiate (http://localhost:4200/assets/vendor.js:21220:23)	    at lookup (http://localhost:4200/assets/vendor.js:21045:17)	    at Container.lookup (http://localhost:4200/assets/vendor.js:20964:14)	    at Class.lookup (http://localhost:4200/assets/vendor.js:52226:33)
2022-05-25 11:18:21 ERROR    Failure: http://localhost:4200/ -> net::ERR_ABORTED
2022-05-25 11:18:21 ERROR    Failure: http://localhost:4200/ -> net::ERR_ABORTED
2022-05-25 11:18:21 ERROR    Failure: http://localhost:4200/ -> net::ERR_ABORTED
2022-05-25 11:18:21 ERROR    Failure: http://localhost:4200/ -> net::ERR_ABORTED
2022-05-25 11:18:21 ERROR    Failure: http://localhost:4200/ -> net::ERR_ABORTED
2022-05-25 11:18:21 ERROR    Failure: http://localhost:4200/ -> net::ERR_ABORTED
2022-05-25 11:18:21 ERROR    Failure: http://localhost:4200/-N2tany8jv7w0c9Gf-ll -> net::ERR_CONNECTION_REFUSED
2022-05-25 11:18:21 ERROR    Failure: http://localhost:4200/-N2tany8jv7w0c9Gf-ll -> Failed to load resource: net::ERR_CONNECTION_REFUSED
2022-05-25 11:18:22 ERROR    Failure: http://localhost:4200/-N2tany8jv7w0c9Gf-ll -> JSHandle@error
2022-05-25 11:18:22 ERROR    Failure: http://localhost:4200/-N2tany8jv7w0c9Gf-ll -> Error: FIREBASE FATAL ERROR: Cannot parse Firebase url. Please use https://<YOUR FIREBASE>.firebaseio.com 	    at Vb (http://localhost:4200/assets/vendor.js:85597:278)	    at Wb (http://localhost:4200/assets/vendor.js:85599:21)	    at firebase.INTERNAL.registerService.Reference (http://localhost:4200/assets/vendor.js:85805:235)	    at Object.a.(anonymous function) [as database] (http://localhost:4200/assets/vendor.js:84825:4066)	    at e.value (http://localhost:4200/assets/vendor.js:84825:6484)	    at Object.create (http://localhost:4200/assets/vendor.js:124663:18)	    at instantiate (http://localhost:4200/assets/vendor.js:21220:23)	    at lookup (http://localhost:4200/assets/vendor.js:21045:17)	    at Container.lookup (http://localhost:4200/assets/vendor.js:20964:14)	    at Class.lookup (http://localhost:4200/assets/vendor.js:52226:33)
2022-05-25 11:18:26 ERROR    Failure: http://localhost:4200/ -> net::ERR_ABORTED
2022-05-25 11:18:26 ERROR    Failure: http://localhost:4200/ -> net::ERR_ABORTED
2022-05-25 11:18:26 ERROR    Failure: http://localhost:4200/ -> net::ERR_ABORTED
2022-05-25 11:18:26 ERROR    Failure: http://localhost:4200/ -> net::ERR_ABORTED
2022-05-25 11:18:26 ERROR    Failure: http://localhost:4200/ -> net::ERR_ABORTED
2022-05-25 11:18:26 ERROR    Failure: http://localhost:4200/ -> net::ERR_ABORTED
2022-05-25 11:18:26 ERROR    Failure: http://localhost:4200/ -> net::ERR_ABORTED
2022-05-25 11:18:26 ERROR    Failure: http://localhost:4200/-N2tcKYNCqQgbXsVobHt -> net::ERR_CONNECTION_REFUSED
2022-05-25 11:18:26 ERROR    Failure: http://localhost:4200/-N2tcKYNCqQgbXsVobHt -> Failed to load resource: net::ERR_CONNECTION_REFUSED
2022-05-25 11:18:27 ERROR    Failure: http://localhost:4200/-N2tcKYNCqQgbXsVobHt -> JSHandle@error
2022-05-25 11:18:27 ERROR    Failure: http://localhost:4200/-N2tcKYNCqQgbXsVobHt -> Error: FIREBASE FATAL ERROR: Cannot parse Firebase url. Please use https://<YOUR FIREBASE>.firebaseio.com 	    at Vb (http://localhost:4200/assets/vendor.js:85597:278)	    at Wb (http://localhost:4200/assets/vendor.js:85599:21)	    at firebase.INTERNAL.registerService.Reference (http://localhost:4200/assets/vendor.js:85805:235)	    at Object.a.(anonymous function) [as database] (http://localhost:4200/assets/vendor.js:84825:4066)	    at e.value (http://localhost:4200/assets/vendor.js:84825:6484)	    at Object.create (http://localhost:4200/assets/vendor.js:124663:18)	    at instantiate (http://localhost:4200/assets/vendor.js:21220:23)	    at lookup (http://localhost:4200/assets/vendor.js:21045:17)	    at Container.lookup (http://localhost:4200/assets/vendor.js:20964:14)	    at Class.lookup (http://localhost:4200/assets/vendor.js:52226:33)
2022-05-25 11:18:30 ERROR    Failure: http://localhost:4200/ -> net::ERR_ABORTED
2022-05-25 11:18:30 ERROR    Failure: http://localhost:4200/ -> net::ERR_ABORTED
2022-05-25 11:18:30 ERROR    Failure: http://localhost:4200/ -> net::ERR_ABORTED
2022-05-25 11:18:30 ERROR    Failure: http://localhost:4200/ -> net::ERR_ABORTED
2022-05-25 11:18:30 ERROR    Failure: http://localhost:4200/ -> net::ERR_ABORTED
2022-05-25 11:18:30 ERROR    Failure: http://localhost:4200/ -> net::ERR_ABORTED
2022-05-25 11:18:30 ERROR    Failure: http://localhost:4200/ -> net::ERR_ABORTED
2022-05-25 11:18:30 ERROR    Failure: http://localhost:4200/-N2tau_R-AuPGM1v4_n9 -> net::ERR_CONNECTION_REFUSED
2022-05-25 11:18:30 ERROR    Failure: http://localhost:4200/-N2tau_R-AuPGM1v4_n9 -> Failed to load resource: net::ERR_CONNECTION_REFUSED
2022-05-25 11:18:31 ERROR    Failure: http://localhost:4200/-N2tau_R-AuPGM1v4_n9 -> JSHandle@error
2022-05-25 11:18:31 ERROR    Failure: http://localhost:4200/-N2tau_R-AuPGM1v4_n9 -> Error: FIREBASE FATAL ERROR: Cannot parse Firebase url. Please use https://<YOUR FIREBASE>.firebaseio.com 	    at Vb (http://localhost:4200/assets/vendor.js:85597:278)	    at Wb (http://localhost:4200/assets/vendor.js:85599:21)	    at firebase.INTERNAL.registerService.Reference (http://localhost:4200/assets/vendor.js:85805:235)	    at Object.a.(anonymous function) [as database] (http://localhost:4200/assets/vendor.js:84825:4066)	    at e.value (http://localhost:4200/assets/vendor.js:84825:6484)	    at Object.create (http://localhost:4200/assets/vendor.js:124663:18)	    at instantiate (http://localhost:4200/assets/vendor.js:21220:23)	    at lookup (http://localhost:4200/assets/vendor.js:21045:17)	    at Container.lookup (http://localhost:4200/assets/vendor.js:20964:14)	    at Class.lookup (http://localhost:4200/assets/vendor.js:52226:33)
2022-05-25 11:18:36 ERROR    Failure: http://localhost:4200/ -> net::ERR_ABORTED
2022-05-25 11:18:36 ERROR    Failure: http://localhost:4200/ -> net::ERR_ABORTED
2022-05-25 11:18:36 ERROR    Failure: http://localhost:4200/ -> net::ERR_ABORTED
2022-05-25 11:18:36 ERROR    Failure: http://localhost:4200/ -> net::ERR_ABORTED
2022-05-25 11:18:36 ERROR    Failure: http://localhost:4200/ -> net::ERR_ABORTED
2022-05-25 11:18:36 ERROR    Failure: http://localhost:4200/ -> net::ERR_ABORTED
2022-05-25 11:18:36 ERROR    Failure: http://localhost:4200/ -> net::ERR_ABORTED
2022-05-25 11:18:36 ERROR    Failure: http://localhost:4200/-N2tany8jv7w0c9Gf-ll -> net::ERR_CONNECTION_REFUSED
2022-05-25 11:18:36 ERROR    Failure: http://localhost:4200/-N2tany8jv7w0c9Gf-ll -> Failed to load resource: net::ERR_CONNECTION_REFUSED
2022-05-25 11:18:36 ERROR    Failure: http://localhost:4200/-N2tany8jv7w0c9Gf-ll -> JSHandle@error
2022-05-25 11:18:36 ERROR    Failure: http://localhost:4200/-N2tany8jv7w0c9Gf-ll -> Error: FIREBASE FATAL ERROR: Cannot parse Firebase url. Please use https://<YOUR FIREBASE>.firebaseio.com 	    at Vb (http://localhost:4200/assets/vendor.js:85597:278)	    at Wb (http://localhost:4200/assets/vendor.js:85599:21)	    at firebase.INTERNAL.registerService.Reference (http://localhost:4200/assets/vendor.js:85805:235)	    at Object.a.(anonymous function) [as database] (http://localhost:4200/assets/vendor.js:84825:4066)	    at e.value (http://localhost:4200/assets/vendor.js:84825:6484)	    at Object.create (http://localhost:4200/assets/vendor.js:124663:18)	    at instantiate (http://localhost:4200/assets/vendor.js:21220:23)	    at lookup (http://localhost:4200/assets/vendor.js:21045:17)	    at Container.lookup (http://localhost:4200/assets/vendor.js:20964:14)	    at Class.lookup (http://localhost:4200/assets/vendor.js:52226:33)
2022-05-25 11:18:40 ERROR    Failure: http://localhost:4200/ -> net::ERR_ABORTED
2022-05-25 11:18:40 ERROR    Failure: http://localhost:4200/ -> net::ERR_ABORTED
2022-05-25 11:18:40 ERROR    Failure: http://localhost:4200/ -> net::ERR_ABORTED
2022-05-25 11:18:40 ERROR    Failure: http://localhost:4200/ -> net::ERR_ABORTED
2022-05-25 11:18:40 ERROR    Failure: http://localhost:4200/ -> net::ERR_ABORTED
2022-05-25 11:18:40 ERROR    Failure: http://localhost:4200/ -> net::ERR_ABORTED
2022-05-25 11:18:40 ERROR    Failure: http://localhost:4200/ -> net::ERR_ABORTED
2022-05-25 11:18:40 ERROR    Failure: http://localhost:4200/-N2tcKYNCqQgbXsVobHt -> net::ERR_CONNECTION_REFUSED
2022-05-25 11:18:40 ERROR    Failure: http://localhost:4200/-N2tcKYNCqQgbXsVobHt -> Failed to load resource: net::ERR_CONNECTION_REFUSED
2022-05-25 11:18:41 ERROR    Failure: http://localhost:4200/-N2tcKYNCqQgbXsVobHt -> JSHandle@error
2022-05-25 11:18:41 ERROR    Failure: http://localhost:4200/-N2tcKYNCqQgbXsVobHt -> Error: FIREBASE FATAL ERROR: Cannot parse Firebase url. Please use https://<YOUR FIREBASE>.firebaseio.com 	    at Vb (http://localhost:4200/assets/vendor.js:85597:278)	    at Wb (http://localhost:4200/assets/vendor.js:85599:21)	    at firebase.INTERNAL.registerService.Reference (http://localhost:4200/assets/vendor.js:85805:235)	    at Object.a.(anonymous function) [as database] (http://localhost:4200/assets/vendor.js:84825:4066)	    at e.value (http://localhost:4200/assets/vendor.js:84825:6484)	    at Object.create (http://localhost:4200/assets/vendor.js:124663:18)	    at instantiate (http://localhost:4200/assets/vendor.js:21220:23)	    at lookup (http://localhost:4200/assets/vendor.js:21045:17)	    at Container.lookup (http://localhost:4200/assets/vendor.js:20964:14)	    at Class.lookup (http://localhost:4200/assets/vendor.js:52226:33)
2022-05-25 11:18:43 ERROR    Failure: http://localhost:4200/ -> net::ERR_ABORTED
2022-05-25 11:18:43 ERROR    Failure: http://localhost:4200/ -> net::ERR_ABORTED
2022-05-25 11:18:43 ERROR    Failure: http://localhost:4200/ -> net::ERR_ABORTED
2022-05-25 11:18:43 ERROR    Failure: http://localhost:4200/ -> net::ERR_ABORTED
2022-05-25 11:18:43 ERROR    Failure: http://localhost:4200/ -> net::ERR_ABORTED
2022-05-25 11:18:43 ERROR    Failure: http://localhost:4200/ -> net::ERR_ABORTED
2022-05-25 11:18:43 ERROR    Failure: http://localhost:4200/ -> net::ERR_ABORTED
2022-05-25 11:18:43 ERROR    Failure: http://localhost:4200/-N2tau_R-AuPGM1v4_n9 -> net::ERR_CONNECTION_REFUSED
2022-05-25 11:18:43 ERROR    Failure: http://localhost:4200/-N2tau_R-AuPGM1v4_n9 -> Failed to load resource: net::ERR_CONNECTION_REFUSED
2022-05-25 11:18:44 ERROR    Failure: http://localhost:4200/-N2tau_R-AuPGM1v4_n9 -> JSHandle@error
2022-05-25 11:18:44 ERROR    Failure: http://localhost:4200/-N2tau_R-AuPGM1v4_n9 -> Error: FIREBASE FATAL ERROR: Cannot parse Firebase url. Please use https://<YOUR FIREBASE>.firebaseio.com 	    at Vb (http://localhost:4200/assets/vendor.js:85597:278)	    at Wb (http://localhost:4200/assets/vendor.js:85599:21)	    at firebase.INTERNAL.registerService.Reference (http://localhost:4200/assets/vendor.js:85805:235)	    at Object.a.(anonymous function) [as database] (http://localhost:4200/assets/vendor.js:84825:4066)	    at e.value (http://localhost:4200/assets/vendor.js:84825:6484)	    at Object.create (http://localhost:4200/assets/vendor.js:124663:18)	    at instantiate (http://localhost:4200/assets/vendor.js:21220:23)	    at lookup (http://localhost:4200/assets/vendor.js:21045:17)	    at Container.lookup (http://localhost:4200/assets/vendor.js:20964:14)	    at Class.lookup (http://localhost:4200/assets/vendor.js:52226:33)
2022-05-25 11:18:50 ERROR    Failure: http://localhost:4200/ -> net::ERR_ABORTED
2022-05-25 11:18:50 ERROR    Failure: http://localhost:4200/ -> net::ERR_ABORTED
2022-05-25 11:18:50 ERROR    Failure: http://localhost:4200/ -> net::ERR_ABORTED
2022-05-25 11:18:50 ERROR    Failure: http://localhost:4200/ -> net::ERR_ABORTED
2022-05-25 11:18:50 ERROR    Failure: http://localhost:4200/ -> net::ERR_ABORTED
2022-05-25 11:18:50 ERROR    Failure: http://localhost:4200/ -> net::ERR_ABORTED
2022-05-25 11:18:50 ERROR    Failure: http://localhost:4200/ -> net::ERR_ABORTED
2022-05-25 11:18:50 ERROR    Failure: http://localhost:4200/-N2tany8jv7w0c9Gf-ll -> net::ERR_CONNECTION_REFUSED
2022-05-25 11:18:50 ERROR    Failure: http://localhost:4200/-N2tany8jv7w0c9Gf-ll -> Failed to load resource: net::ERR_CONNECTION_REFUSED
2022-05-25 11:18:50 ERROR    Failure: http://localhost:4200/-N2tany8jv7w0c9Gf-ll -> JSHandle@error
2022-05-25 11:18:50 ERROR    Failure: http://localhost:4200/-N2tany8jv7w0c9Gf-ll -> Error: FIREBASE FATAL ERROR: Cannot parse Firebase url. Please use https://<YOUR FIREBASE>.firebaseio.com 	    at Vb (http://localhost:4200/assets/vendor.js:85597:278)	    at Wb (http://localhost:4200/assets/vendor.js:85599:21)	    at firebase.INTERNAL.registerService.Reference (http://localhost:4200/assets/vendor.js:85805:235)	    at Object.a.(anonymous function) [as database] (http://localhost:4200/assets/vendor.js:84825:4066)	    at e.value (http://localhost:4200/assets/vendor.js:84825:6484)	    at Object.create (http://localhost:4200/assets/vendor.js:124663:18)	    at instantiate (http://localhost:4200/assets/vendor.js:21220:23)	    at lookup (http://localhost:4200/assets/vendor.js:21045:17)	    at Container.lookup (http://localhost:4200/assets/vendor.js:20964:14)	    at Class.lookup (http://localhost:4200/assets/vendor.js:52226:33)
2022-05-25 11:18:55 ERROR    Failure: http://localhost:4200/ -> net::ERR_ABORTED
2022-05-25 11:18:55 ERROR    Failure: http://localhost:4200/ -> net::ERR_ABORTED
2022-05-25 11:18:55 ERROR    Failure: http://localhost:4200/ -> net::ERR_ABORTED
2022-05-25 11:18:55 ERROR    Failure: http://localhost:4200/ -> net::ERR_ABORTED
2022-05-25 11:18:55 ERROR    Failure: http://localhost:4200/ -> net::ERR_ABORTED
2022-05-25 11:18:55 ERROR    Failure: http://localhost:4200/ -> net::ERR_ABORTED
2022-05-25 11:18:55 ERROR    Failure: http://localhost:4200/ -> net::ERR_ABORTED
2022-05-25 11:18:55 ERROR    Failure: http://localhost:4200/-N2tcKYNCqQgbXsVobHt -> net::ERR_CONNECTION_REFUSED
2022-05-25 11:18:55 ERROR    Failure: http://localhost:4200/-N2tcKYNCqQgbXsVobHt -> Failed to load resource: net::ERR_CONNECTION_REFUSED
2022-05-25 11:18:56 ERROR    Failure: http://localhost:4200/-N2tcKYNCqQgbXsVobHt -> JSHandle@error
2022-05-25 11:18:56 ERROR    Failure: http://localhost:4200/-N2tcKYNCqQgbXsVobHt -> Error: FIREBASE FATAL ERROR: Cannot parse Firebase url. Please use https://<YOUR FIREBASE>.firebaseio.com 	    at Vb (http://localhost:4200/assets/vendor.js:85597:278)	    at Wb (http://localhost:4200/assets/vendor.js:85599:21)	    at firebase.INTERNAL.registerService.Reference (http://localhost:4200/assets/vendor.js:85805:235)	    at Object.a.(anonymous function) [as database] (http://localhost:4200/assets/vendor.js:84825:4066)	    at e.value (http://localhost:4200/assets/vendor.js:84825:6484)	    at Object.create (http://localhost:4200/assets/vendor.js:124663:18)	    at instantiate (http://localhost:4200/assets/vendor.js:21220:23)	    at lookup (http://localhost:4200/assets/vendor.js:21045:17)	    at Container.lookup (http://localhost:4200/assets/vendor.js:20964:14)	    at Class.lookup (http://localhost:4200/assets/vendor.js:52226:33)
2022-05-25 11:18:59 ERROR    Failure: http://localhost:4200/ -> net::ERR_ABORTED
2022-05-25 11:18:59 ERROR    Failure: http://localhost:4200/ -> net::ERR_ABORTED
2022-05-25 11:18:59 ERROR    Failure: http://localhost:4200/ -> net::ERR_ABORTED
2022-05-25 11:18:59 ERROR    Failure: http://localhost:4200/ -> net::ERR_ABORTED
2022-05-25 11:18:59 ERROR    Failure: http://localhost:4200/ -> net::ERR_ABORTED
2022-05-25 11:18:59 ERROR    Failure: http://localhost:4200/ -> net::ERR_ABORTED
2022-05-25 11:18:59 ERROR    Failure: http://localhost:4200/ -> net::ERR_ABORTED
2022-05-25 11:18:59 ERROR    Failure: http://localhost:4200/-N2tau_R-AuPGM1v4_n9 -> net::ERR_CONNECTION_REFUSED
2022-05-25 11:18:59 ERROR    Failure: http://localhost:4200/-N2tau_R-AuPGM1v4_n9 -> Failed to load resource: net::ERR_CONNECTION_REFUSED
2022-05-25 11:18:59 ERROR    Failure: http://localhost:4200/-N2tau_R-AuPGM1v4_n9 -> JSHandle@error
2022-05-25 11:18:59 ERROR    Failure: http://localhost:4200/-N2tau_R-AuPGM1v4_n9 -> Error: FIREBASE FATAL ERROR: Cannot parse Firebase url. Please use https://<YOUR FIREBASE>.firebaseio.com 	    at Vb (http://localhost:4200/assets/vendor.js:85597:278)	    at Wb (http://localhost:4200/assets/vendor.js:85599:21)	    at firebase.INTERNAL.registerService.Reference (http://localhost:4200/assets/vendor.js:85805:235)	    at Object.a.(anonymous function) [as database] (http://localhost:4200/assets/vendor.js:84825:4066)	    at e.value (http://localhost:4200/assets/vendor.js:84825:6484)	    at Object.create (http://localhost:4200/assets/vendor.js:124663:18)	    at instantiate (http://localhost:4200/assets/vendor.js:21220:23)	    at lookup (http://localhost:4200/assets/vendor.js:21045:17)	    at Container.lookup (http://localhost:4200/assets/vendor.js:20964:14)	    at Class.lookup (http://localhost:4200/assets/vendor.js:52226:33)
2022-05-25 11:19:02 ERROR    Failure: http://localhost:4200/ -> net::ERR_ABORTED
2022-05-25 11:19:02 ERROR    Failure: http://localhost:4200/ -> net::ERR_ABORTED
2022-05-25 11:19:02 ERROR    Failure: http://localhost:4200/ -> net::ERR_ABORTED
2022-05-25 11:19:02 ERROR    Failure: http://localhost:4200/ -> net::ERR_ABORTED
2022-05-25 11:19:02 ERROR    Failure: http://localhost:4200/ -> net::ERR_ABORTED
2022-05-25 11:19:02 ERROR    Failure: http://localhost:4200/ -> net::ERR_ABORTED
2022-05-25 11:19:02 ERROR    Failure: http://localhost:4200/ -> net::ERR_ABORTED
2022-05-25 11:19:02 ERROR    Failure: http://localhost:4200/-N2tau_R-AuPGM1v4_n9 -> net::ERR_CONNECTION_REFUSED
2022-05-25 11:19:02 ERROR    Failure: http://localhost:4200/-N2tau_R-AuPGM1v4_n9 -> Failed to load resource: net::ERR_CONNECTION_REFUSED
2022-05-25 11:19:03 ERROR    Failure: http://localhost:4200/-N2tau_R-AuPGM1v4_n9 -> JSHandle@error
2022-05-25 11:19:03 ERROR    Failure: http://localhost:4200/-N2tau_R-AuPGM1v4_n9 -> Error: FIREBASE FATAL ERROR: Cannot parse Firebase url. Please use https://<YOUR FIREBASE>.firebaseio.com 	    at Vb (http://localhost:4200/assets/vendor.js:85597:278)	    at Wb (http://localhost:4200/assets/vendor.js:85599:21)	    at firebase.INTERNAL.registerService.Reference (http://localhost:4200/assets/vendor.js:85805:235)	    at Object.a.(anonymous function) [as database] (http://localhost:4200/assets/vendor.js:84825:4066)	    at e.value (http://localhost:4200/assets/vendor.js:84825:6484)	    at Object.create (http://localhost:4200/assets/vendor.js:124663:18)	    at instantiate (http://localhost:4200/assets/vendor.js:21220:23)	    at lookup (http://localhost:4200/assets/vendor.js:21045:17)	    at Container.lookup (http://localhost:4200/assets/vendor.js:20964:14)	    at Class.lookup (http://localhost:4200/assets/vendor.js:52226:33)
2022-05-25 11:19:09 ERROR    Failure: http://localhost:4200/ -> net::ERR_ABORTED
2022-05-25 11:19:09 ERROR    Failure: http://localhost:4200/ -> net::ERR_ABORTED
2022-05-25 11:19:09 ERROR    Failure: http://localhost:4200/ -> net::ERR_ABORTED
2022-05-25 11:19:09 ERROR    Failure: http://localhost:4200/ -> net::ERR_ABORTED
2022-05-25 11:19:09 ERROR    Failure: http://localhost:4200/ -> net::ERR_ABORTED
2022-05-25 11:19:09 ERROR    Failure: http://localhost:4200/ -> net::ERR_ABORTED
2022-05-25 11:19:09 ERROR    Failure: http://localhost:4200/ -> net::ERR_ABORTED
2022-05-25 11:19:09 ERROR    Failure: http://localhost:4200/-N2tcsy7wdBNCULOnCV- -> net::ERR_CONNECTION_REFUSED
2022-05-25 11:19:09 ERROR    Failure: http://localhost:4200/-N2tcsy7wdBNCULOnCV- -> Failed to load resource: net::ERR_CONNECTION_REFUSED
2022-05-25 11:19:09 ERROR    Failure: http://localhost:4200/-N2tcsy7wdBNCULOnCV- -> JSHandle@error
2022-05-25 11:19:09 ERROR    Failure: http://localhost:4200/-N2tcsy7wdBNCULOnCV- -> Error: FIREBASE FATAL ERROR: Cannot parse Firebase url. Please use https://<YOUR FIREBASE>.firebaseio.com 	    at Vb (http://localhost:4200/assets/vendor.js:85597:278)	    at Wb (http://localhost:4200/assets/vendor.js:85599:21)	    at firebase.INTERNAL.registerService.Reference (http://localhost:4200/assets/vendor.js:85805:235)	    at Object.a.(anonymous function) [as database] (http://localhost:4200/assets/vendor.js:84825:4066)	    at e.value (http://localhost:4200/assets/vendor.js:84825:6484)	    at Object.create (http://localhost:4200/assets/vendor.js:124663:18)	    at instantiate (http://localhost:4200/assets/vendor.js:21220:23)	    at lookup (http://localhost:4200/assets/vendor.js:21045:17)	    at Container.lookup (http://localhost:4200/assets/vendor.js:20964:14)	    at Class.lookup (http://localhost:4200/assets/vendor.js:52226:33)
2022-05-25 11:19:14 ERROR    Failure: http://localhost:4200/ -> net::ERR_ABORTED
2022-05-25 11:19:14 ERROR    Failure: http://localhost:4200/ -> net::ERR_ABORTED
2022-05-25 11:19:14 ERROR    Failure: http://localhost:4200/ -> net::ERR_ABORTED
2022-05-25 11:19:14 ERROR    Failure: http://localhost:4200/ -> net::ERR_ABORTED
2022-05-25 11:19:14 ERROR    Failure: http://localhost:4200/ -> net::ERR_ABORTED
2022-05-25 11:19:14 ERROR    Failure: http://localhost:4200/ -> net::ERR_ABORTED
2022-05-25 11:19:14 ERROR    Failure: http://localhost:4200/ -> net::ERR_ABORTED
2022-05-25 11:19:14 ERROR    Failure: http://localhost:4200/-N2tau_R-AuPGM1v4_n9 -> net::ERR_CONNECTION_REFUSED
2022-05-25 11:19:14 ERROR    Failure: http://localhost:4200/-N2tau_R-AuPGM1v4_n9 -> Failed to load resource: net::ERR_CONNECTION_REFUSED
2022-05-25 11:19:15 ERROR    Failure: http://localhost:4200/-N2tau_R-AuPGM1v4_n9 -> JSHandle@error
2022-05-25 11:19:15 ERROR    Failure: http://localhost:4200/-N2tau_R-AuPGM1v4_n9 -> Error: FIREBASE FATAL ERROR: Cannot parse Firebase url. Please use https://<YOUR FIREBASE>.firebaseio.com 	    at Vb (http://localhost:4200/assets/vendor.js:85597:278)	    at Wb (http://localhost:4200/assets/vendor.js:85599:21)	    at firebase.INTERNAL.registerService.Reference (http://localhost:4200/assets/vendor.js:85805:235)	    at Object.a.(anonymous function) [as database] (http://localhost:4200/assets/vendor.js:84825:4066)	    at e.value (http://localhost:4200/assets/vendor.js:84825:6484)	    at Object.create (http://localhost:4200/assets/vendor.js:124663:18)	    at instantiate (http://localhost:4200/assets/vendor.js:21220:23)	    at lookup (http://localhost:4200/assets/vendor.js:21045:17)	    at Container.lookup (http://localhost:4200/assets/vendor.js:20964:14)	    at Class.lookup (http://localhost:4200/assets/vendor.js:52226:33)
2022-05-25 11:19:22 ERROR    Failure: http://localhost:4200/ -> net::ERR_ABORTED
2022-05-25 11:19:22 ERROR    Failure: http://localhost:4200/ -> net::ERR_ABORTED
2022-05-25 11:19:22 ERROR    Failure: http://localhost:4200/ -> net::ERR_ABORTED
2022-05-25 11:19:22 ERROR    Failure: http://localhost:4200/ -> net::ERR_ABORTED
2022-05-25 11:19:22 ERROR    Failure: http://localhost:4200/ -> net::ERR_ABORTED
2022-05-25 11:19:22 ERROR    Failure: http://localhost:4200/ -> net::ERR_ABORTED
2022-05-25 11:19:22 ERROR    Failure: http://localhost:4200/ -> net::ERR_ABORTED
2022-05-25 11:19:22 ERROR    Failure: http://localhost:4200/-N2tcsy7wdBNCULOnCV- -> net::ERR_CONNECTION_REFUSED
2022-05-25 11:19:22 ERROR    Failure: http://localhost:4200/-N2tcsy7wdBNCULOnCV- -> Failed to load resource: net::ERR_CONNECTION_REFUSED
2022-05-25 11:19:22 ERROR    Failure: http://localhost:4200/-N2tcsy7wdBNCULOnCV- -> JSHandle@error
2022-05-25 11:19:22 ERROR    Failure: http://localhost:4200/-N2tcsy7wdBNCULOnCV- -> Error: FIREBASE FATAL ERROR: Cannot parse Firebase url. Please use https://<YOUR FIREBASE>.firebaseio.com 	    at Vb (http://localhost:4200/assets/vendor.js:85597:278)	    at Wb (http://localhost:4200/assets/vendor.js:85599:21)	    at firebase.INTERNAL.registerService.Reference (http://localhost:4200/assets/vendor.js:85805:235)	    at Object.a.(anonymous function) [as database] (http://localhost:4200/assets/vendor.js:84825:4066)	    at e.value (http://localhost:4200/assets/vendor.js:84825:6484)	    at Object.create (http://localhost:4200/assets/vendor.js:124663:18)	    at instantiate (http://localhost:4200/assets/vendor.js:21220:23)	    at lookup (http://localhost:4200/assets/vendor.js:21045:17)	    at Container.lookup (http://localhost:4200/assets/vendor.js:20964:14)	    at Class.lookup (http://localhost:4200/assets/vendor.js:52226:33)
2022-05-25 11:19:28 ERROR    Failure: http://localhost:4200/ -> net::ERR_ABORTED
2022-05-25 11:19:28 ERROR    Failure: http://localhost:4200/ -> net::ERR_ABORTED
2022-05-25 11:19:28 ERROR    Failure: http://localhost:4200/ -> net::ERR_ABORTED
2022-05-25 11:19:28 ERROR    Failure: http://localhost:4200/ -> net::ERR_ABORTED
2022-05-25 11:19:28 ERROR    Failure: http://localhost:4200/ -> net::ERR_ABORTED
2022-05-25 11:19:28 ERROR    Failure: http://localhost:4200/ -> net::ERR_ABORTED
2022-05-25 11:19:28 ERROR    Failure: http://localhost:4200/ -> net::ERR_ABORTED
2022-05-25 11:19:28 ERROR    Failure: http://localhost:4200/-N2tau_R-AuPGM1v4_n9 -> net::ERR_CONNECTION_REFUSED
2022-05-25 11:19:28 ERROR    Failure: http://localhost:4200/-N2tau_R-AuPGM1v4_n9 -> Failed to load resource: net::ERR_CONNECTION_REFUSED
2022-05-25 11:19:29 ERROR    Failure: http://localhost:4200/-N2tau_R-AuPGM1v4_n9 -> JSHandle@error
2022-05-25 11:19:29 ERROR    Failure: http://localhost:4200/-N2tau_R-AuPGM1v4_n9 -> Error: FIREBASE FATAL ERROR: Cannot parse Firebase url. Please use https://<YOUR FIREBASE>.firebaseio.com 	    at Vb (http://localhost:4200/assets/vendor.js:85597:278)	    at Wb (http://localhost:4200/assets/vendor.js:85599:21)	    at firebase.INTERNAL.registerService.Reference (http://localhost:4200/assets/vendor.js:85805:235)	    at Object.a.(anonymous function) [as database] (http://localhost:4200/assets/vendor.js:84825:4066)	    at e.value (http://localhost:4200/assets/vendor.js:84825:6484)	    at Object.create (http://localhost:4200/assets/vendor.js:124663:18)	    at instantiate (http://localhost:4200/assets/vendor.js:21220:23)	    at lookup (http://localhost:4200/assets/vendor.js:21045:17)	    at Container.lookup (http://localhost:4200/assets/vendor.js:20964:14)	    at Class.lookup (http://localhost:4200/assets/vendor.js:52226:33)
2022-05-25 11:19:32 ERROR    Failure: http://localhost:4200/ -> net::ERR_ABORTED
2022-05-25 11:19:32 ERROR    Failure: http://localhost:4200/ -> net::ERR_ABORTED
2022-05-25 11:19:32 ERROR    Failure: http://localhost:4200/ -> net::ERR_ABORTED
2022-05-25 11:19:32 ERROR    Failure: http://localhost:4200/ -> net::ERR_ABORTED
2022-05-25 11:19:32 ERROR    Failure: http://localhost:4200/ -> net::ERR_ABORTED
2022-05-25 11:19:32 ERROR    Failure: http://localhost:4200/ -> net::ERR_ABORTED
2022-05-25 11:19:32 ERROR    Failure: http://localhost:4200/ -> net::ERR_ABORTED
2022-05-25 11:19:32 ERROR    Failure: http://localhost:4200/-N2tcsy7wdBNCULOnCV- -> net::ERR_CONNECTION_REFUSED
2022-05-25 11:19:32 ERROR    Failure: http://localhost:4200/-N2tcsy7wdBNCULOnCV- -> Failed to load resource: net::ERR_CONNECTION_REFUSED
2022-05-25 11:19:33 ERROR    Failure: http://localhost:4200/-N2tcsy7wdBNCULOnCV- -> JSHandle@error
2022-05-25 11:19:33 ERROR    Failure: http://localhost:4200/-N2tcsy7wdBNCULOnCV- -> Error: FIREBASE FATAL ERROR: Cannot parse Firebase url. Please use https://<YOUR FIREBASE>.firebaseio.com 	    at Vb (http://localhost:4200/assets/vendor.js:85597:278)	    at Wb (http://localhost:4200/assets/vendor.js:85599:21)	    at firebase.INTERNAL.registerService.Reference (http://localhost:4200/assets/vendor.js:85805:235)	    at Object.a.(anonymous function) [as database] (http://localhost:4200/assets/vendor.js:84825:4066)	    at e.value (http://localhost:4200/assets/vendor.js:84825:6484)	    at Object.create (http://localhost:4200/assets/vendor.js:124663:18)	    at instantiate (http://localhost:4200/assets/vendor.js:21220:23)	    at lookup (http://localhost:4200/assets/vendor.js:21045:17)	    at Container.lookup (http://localhost:4200/assets/vendor.js:20964:14)	    at Class.lookup (http://localhost:4200/assets/vendor.js:52226:33)
2022-05-25 11:19:37 ERROR    Failure: http://localhost:4200/ -> net::ERR_ABORTED
2022-05-25 11:19:37 ERROR    Failure: http://localhost:4200/ -> net::ERR_ABORTED
2022-05-25 11:19:37 ERROR    Failure: http://localhost:4200/ -> net::ERR_ABORTED
2022-05-25 11:19:37 ERROR    Failure: http://localhost:4200/ -> net::ERR_ABORTED
2022-05-25 11:19:37 ERROR    Failure: http://localhost:4200/ -> net::ERR_ABORTED
2022-05-25 11:19:37 ERROR    Failure: http://localhost:4200/ -> net::ERR_ABORTED
2022-05-25 11:19:37 ERROR    Failure: http://localhost:4200/ -> net::ERR_ABORTED
2022-05-25 11:19:37 ERROR    Failure: http://localhost:4200/-N2tau_R-AuPGM1v4_n9 -> net::ERR_CONNECTION_REFUSED
2022-05-25 11:19:37 ERROR    Failure: http://localhost:4200/-N2tau_R-AuPGM1v4_n9 -> Failed to load resource: net::ERR_CONNECTION_REFUSED
2022-05-25 11:19:38 ERROR    Failure: http://localhost:4200/-N2tau_R-AuPGM1v4_n9 -> JSHandle@error
2022-05-25 11:19:38 ERROR    Failure: http://localhost:4200/-N2tau_R-AuPGM1v4_n9 -> Error: FIREBASE FATAL ERROR: Cannot parse Firebase url. Please use https://<YOUR FIREBASE>.firebaseio.com 	    at Vb (http://localhost:4200/assets/vendor.js:85597:278)	    at Wb (http://localhost:4200/assets/vendor.js:85599:21)	    at firebase.INTERNAL.registerService.Reference (http://localhost:4200/assets/vendor.js:85805:235)	    at Object.a.(anonymous function) [as database] (http://localhost:4200/assets/vendor.js:84825:4066)	    at e.value (http://localhost:4200/assets/vendor.js:84825:6484)	    at Object.create (http://localhost:4200/assets/vendor.js:124663:18)	    at instantiate (http://localhost:4200/assets/vendor.js:21220:23)	    at lookup (http://localhost:4200/assets/vendor.js:21045:17)	    at Container.lookup (http://localhost:4200/assets/vendor.js:20964:14)	    at Class.lookup (http://localhost:4200/assets/vendor.js:52226:33)
2022-05-25 11:19:40 ERROR    Failure: http://localhost:4200/ -> net::ERR_ABORTED
2022-05-25 11:19:40 ERROR    Failure: http://localhost:4200/ -> net::ERR_ABORTED
2022-05-25 11:19:40 ERROR    Failure: http://localhost:4200/ -> net::ERR_ABORTED
2022-05-25 11:19:40 ERROR    Failure: http://localhost:4200/ -> net::ERR_ABORTED
2022-05-25 11:19:40 ERROR    Failure: http://localhost:4200/ -> net::ERR_ABORTED
2022-05-25 11:19:40 ERROR    Failure: http://localhost:4200/ -> net::ERR_ABORTED
2022-05-25 11:19:40 ERROR    Failure: http://localhost:4200/ -> net::ERR_ABORTED
2022-05-25 11:19:40 ERROR    Failure: http://localhost:4200/-N2tau_R-AuPGM1v4_n9 -> net::ERR_CONNECTION_REFUSED
2022-05-25 11:19:40 ERROR    Failure: http://localhost:4200/-N2tau_R-AuPGM1v4_n9 -> Failed to load resource: net::ERR_CONNECTION_REFUSED
2022-05-25 11:19:41 ERROR    Failure: http://localhost:4200/-N2tau_R-AuPGM1v4_n9 -> JSHandle@error
2022-05-25 11:19:41 ERROR    Failure: http://localhost:4200/-N2tau_R-AuPGM1v4_n9 -> Error: FIREBASE FATAL ERROR: Cannot parse Firebase url. Please use https://<YOUR FIREBASE>.firebaseio.com 	    at Vb (http://localhost:4200/assets/vendor.js:85597:278)	    at Wb (http://localhost:4200/assets/vendor.js:85599:21)	    at firebase.INTERNAL.registerService.Reference (http://localhost:4200/assets/vendor.js:85805:235)	    at Object.a.(anonymous function) [as database] (http://localhost:4200/assets/vendor.js:84825:4066)	    at e.value (http://localhost:4200/assets/vendor.js:84825:6484)	    at Object.create (http://localhost:4200/assets/vendor.js:124663:18)	    at instantiate (http://localhost:4200/assets/vendor.js:21220:23)	    at lookup (http://localhost:4200/assets/vendor.js:21045:17)	    at Container.lookup (http://localhost:4200/assets/vendor.js:20964:14)	    at Class.lookup (http://localhost:4200/assets/vendor.js:52226:33)
2022-05-25 11:19:44 ERROR    Failure: http://localhost:4200/ -> net::ERR_ABORTED
2022-05-25 11:19:44 ERROR    Failure: http://localhost:4200/ -> net::ERR_ABORTED
2022-05-25 11:19:44 ERROR    Failure: http://localhost:4200/ -> net::ERR_ABORTED
2022-05-25 11:19:44 ERROR    Failure: http://localhost:4200/ -> net::ERR_ABORTED
2022-05-25 11:19:44 ERROR    Failure: http://localhost:4200/ -> net::ERR_ABORTED
2022-05-25 11:19:44 ERROR    Failure: http://localhost:4200/ -> net::ERR_ABORTED
2022-05-25 11:19:44 ERROR    Failure: http://localhost:4200/ -> net::ERR_ABORTED
2022-05-25 11:19:44 ERROR    Failure: http://localhost:4200/-N2tau_R-AuPGM1v4_n9 -> net::ERR_CONNECTION_REFUSED
2022-05-25 11:19:44 ERROR    Failure: http://localhost:4200/-N2tau_R-AuPGM1v4_n9 -> Failed to load resource: net::ERR_CONNECTION_REFUSED
2022-05-25 11:19:45 ERROR    Failure: http://localhost:4200/-N2tau_R-AuPGM1v4_n9 -> JSHandle@error
2022-05-25 11:19:45 ERROR    Failure: http://localhost:4200/-N2tau_R-AuPGM1v4_n9 -> Error: FIREBASE FATAL ERROR: Cannot parse Firebase url. Please use https://<YOUR FIREBASE>.firebaseio.com 	    at Vb (http://localhost:4200/assets/vendor.js:85597:278)	    at Wb (http://localhost:4200/assets/vendor.js:85599:21)	    at firebase.INTERNAL.registerService.Reference (http://localhost:4200/assets/vendor.js:85805:235)	    at Object.a.(anonymous function) [as database] (http://localhost:4200/assets/vendor.js:84825:4066)	    at e.value (http://localhost:4200/assets/vendor.js:84825:6484)	    at Object.create (http://localhost:4200/assets/vendor.js:124663:18)	    at instantiate (http://localhost:4200/assets/vendor.js:21220:23)	    at lookup (http://localhost:4200/assets/vendor.js:21045:17)	    at Container.lookup (http://localhost:4200/assets/vendor.js:20964:14)	    at Class.lookup (http://localhost:4200/assets/vendor.js:52226:33)
2022-05-25 11:19:47 ERROR    Failure: http://localhost:4200/ -> net::ERR_ABORTED
2022-05-25 11:19:47 ERROR    Failure: http://localhost:4200/ -> net::ERR_ABORTED
2022-05-25 11:19:47 ERROR    Failure: http://localhost:4200/ -> net::ERR_ABORTED
2022-05-25 11:19:47 ERROR    Failure: http://localhost:4200/ -> net::ERR_ABORTED
2022-05-25 11:19:47 ERROR    Failure: http://localhost:4200/ -> net::ERR_ABORTED
2022-05-25 11:19:47 ERROR    Failure: http://localhost:4200/ -> net::ERR_ABORTED
2022-05-25 11:19:47 ERROR    Failure: http://localhost:4200/ -> net::ERR_ABORTED
2022-05-25 11:19:47 ERROR    Failure: http://localhost:4200/-N2tcsy7wdBNCULOnCV- -> net::ERR_CONNECTION_REFUSED
2022-05-25 11:19:47 ERROR    Failure: http://localhost:4200/-N2tcsy7wdBNCULOnCV- -> Failed to load resource: net::ERR_CONNECTION_REFUSED
2022-05-25 11:19:48 ERROR    Failure: http://localhost:4200/-N2tcsy7wdBNCULOnCV- -> JSHandle@error
2022-05-25 11:19:48 ERROR    Failure: http://localhost:4200/-N2tcsy7wdBNCULOnCV- -> Error: FIREBASE FATAL ERROR: Cannot parse Firebase url. Please use https://<YOUR FIREBASE>.firebaseio.com 	    at Vb (http://localhost:4200/assets/vendor.js:85597:278)	    at Wb (http://localhost:4200/assets/vendor.js:85599:21)	    at firebase.INTERNAL.registerService.Reference (http://localhost:4200/assets/vendor.js:85805:235)	    at Object.a.(anonymous function) [as database] (http://localhost:4200/assets/vendor.js:84825:4066)	    at e.value (http://localhost:4200/assets/vendor.js:84825:6484)	    at Object.create (http://localhost:4200/assets/vendor.js:124663:18)	    at instantiate (http://localhost:4200/assets/vendor.js:21220:23)	    at lookup (http://localhost:4200/assets/vendor.js:21045:17)	    at Container.lookup (http://localhost:4200/assets/vendor.js:20964:14)	    at Class.lookup (http://localhost:4200/assets/vendor.js:52226:33)
2022-05-25 11:19:53 ERROR    Failure: http://localhost:4200/ -> net::ERR_ABORTED
2022-05-25 11:19:53 ERROR    Failure: http://localhost:4200/ -> net::ERR_ABORTED
2022-05-25 11:19:53 ERROR    Failure: http://localhost:4200/ -> net::ERR_ABORTED
2022-05-25 11:19:53 ERROR    Failure: http://localhost:4200/ -> net::ERR_ABORTED
2022-05-25 11:19:53 ERROR    Failure: http://localhost:4200/ -> net::ERR_ABORTED
2022-05-25 11:19:53 ERROR    Failure: http://localhost:4200/ -> net::ERR_ABORTED
2022-05-25 11:19:53 ERROR    Failure: http://localhost:4200/ -> net::ERR_ABORTED
2022-05-25 11:19:53 ERROR    Failure: http://localhost:4200/-N2tau_R-AuPGM1v4_n9 -> net::ERR_CONNECTION_REFUSED
2022-05-25 11:19:53 ERROR    Failure: http://localhost:4200/-N2tau_R-AuPGM1v4_n9 -> Failed to load resource: net::ERR_CONNECTION_REFUSED
2022-05-25 11:19:53 ERROR    Failure: http://localhost:4200/-N2tau_R-AuPGM1v4_n9 -> JSHandle@error
2022-05-25 11:19:53 ERROR    Failure: http://localhost:4200/-N2tau_R-AuPGM1v4_n9 -> Error: FIREBASE FATAL ERROR: Cannot parse Firebase url. Please use https://<YOUR FIREBASE>.firebaseio.com 	    at Vb (http://localhost:4200/assets/vendor.js:85597:278)	    at Wb (http://localhost:4200/assets/vendor.js:85599:21)	    at firebase.INTERNAL.registerService.Reference (http://localhost:4200/assets/vendor.js:85805:235)	    at Object.a.(anonymous function) [as database] (http://localhost:4200/assets/vendor.js:84825:4066)	    at e.value (http://localhost:4200/assets/vendor.js:84825:6484)	    at Object.create (http://localhost:4200/assets/vendor.js:124663:18)	    at instantiate (http://localhost:4200/assets/vendor.js:21220:23)	    at lookup (http://localhost:4200/assets/vendor.js:21045:17)	    at Container.lookup (http://localhost:4200/assets/vendor.js:20964:14)	    at Class.lookup (http://localhost:4200/assets/vendor.js:52226:33)
2022-05-25 11:19:56 ERROR    Failure: http://localhost:4200/ -> net::ERR_ABORTED
2022-05-25 11:19:56 ERROR    Failure: http://localhost:4200/ -> net::ERR_ABORTED
2022-05-25 11:19:56 ERROR    Failure: http://localhost:4200/ -> net::ERR_ABORTED
2022-05-25 11:19:56 ERROR    Failure: http://localhost:4200/ -> net::ERR_ABORTED
2022-05-25 11:19:56 ERROR    Failure: http://localhost:4200/ -> net::ERR_ABORTED
2022-05-25 11:19:56 ERROR    Failure: http://localhost:4200/ -> net::ERR_ABORTED
2022-05-25 11:19:56 ERROR    Failure: http://localhost:4200/ -> net::ERR_ABORTED
2022-05-25 11:19:56 ERROR    Failure: http://localhost:4200/-N2tau_R-AuPGM1v4_n9 -> net::ERR_CONNECTION_REFUSED
2022-05-25 11:19:56 ERROR    Failure: http://localhost:4200/-N2tau_R-AuPGM1v4_n9 -> Failed to load resource: net::ERR_CONNECTION_REFUSED
2022-05-25 11:19:57 ERROR    Failure: http://localhost:4200/-N2tau_R-AuPGM1v4_n9 -> JSHandle@error
2022-05-25 11:19:57 ERROR    Failure: http://localhost:4200/-N2tau_R-AuPGM1v4_n9 -> Error: FIREBASE FATAL ERROR: Cannot parse Firebase url. Please use https://<YOUR FIREBASE>.firebaseio.com 	    at Vb (http://localhost:4200/assets/vendor.js:85597:278)	    at Wb (http://localhost:4200/assets/vendor.js:85599:21)	    at firebase.INTERNAL.registerService.Reference (http://localhost:4200/assets/vendor.js:85805:235)	    at Object.a.(anonymous function) [as database] (http://localhost:4200/assets/vendor.js:84825:4066)	    at e.value (http://localhost:4200/assets/vendor.js:84825:6484)	    at Object.create (http://localhost:4200/assets/vendor.js:124663:18)	    at instantiate (http://localhost:4200/assets/vendor.js:21220:23)	    at lookup (http://localhost:4200/assets/vendor.js:21045:17)	    at Container.lookup (http://localhost:4200/assets/vendor.js:20964:14)	    at Class.lookup (http://localhost:4200/assets/vendor.js:52226:33)
2022-05-25 11:20:00 ERROR    Failure: http://localhost:4200/ -> net::ERR_ABORTED
2022-05-25 11:20:00 ERROR    Failure: http://localhost:4200/ -> net::ERR_ABORTED
2022-05-25 11:20:00 ERROR    Failure: http://localhost:4200/ -> net::ERR_ABORTED
2022-05-25 11:20:00 ERROR    Failure: http://localhost:4200/ -> net::ERR_ABORTED
2022-05-25 11:20:00 ERROR    Failure: http://localhost:4200/ -> net::ERR_ABORTED
2022-05-25 11:20:00 ERROR    Failure: http://localhost:4200/ -> net::ERR_ABORTED
2022-05-25 11:20:00 ERROR    Failure: http://localhost:4200/ -> net::ERR_ABORTED
2022-05-25 11:20:00 ERROR    Failure: http://localhost:4200/-N2tcsy7wdBNCULOnCV- -> net::ERR_CONNECTION_REFUSED
2022-05-25 11:20:00 ERROR    Failure: http://localhost:4200/-N2tcsy7wdBNCULOnCV- -> Failed to load resource: net::ERR_CONNECTION_REFUSED
2022-05-25 11:20:01 ERROR    Failure: http://localhost:4200/-N2tcsy7wdBNCULOnCV- -> JSHandle@error
2022-05-25 11:20:01 ERROR    Failure: http://localhost:4200/-N2tcsy7wdBNCULOnCV- -> Error: FIREBASE FATAL ERROR: Cannot parse Firebase url. Please use https://<YOUR FIREBASE>.firebaseio.com 	    at Vb (http://localhost:4200/assets/vendor.js:85597:278)	    at Wb (http://localhost:4200/assets/vendor.js:85599:21)	    at firebase.INTERNAL.registerService.Reference (http://localhost:4200/assets/vendor.js:85805:235)	    at Object.a.(anonymous function) [as database] (http://localhost:4200/assets/vendor.js:84825:4066)	    at e.value (http://localhost:4200/assets/vendor.js:84825:6484)	    at Object.create (http://localhost:4200/assets/vendor.js:124663:18)	    at instantiate (http://localhost:4200/assets/vendor.js:21220:23)	    at lookup (http://localhost:4200/assets/vendor.js:21045:17)	    at Container.lookup (http://localhost:4200/assets/vendor.js:20964:14)	    at Class.lookup (http://localhost:4200/assets/vendor.js:52226:33)
2022-05-25 11:20:06 ERROR    Failure: http://localhost:4200/ -> net::ERR_ABORTED
2022-05-25 11:20:06 ERROR    Failure: http://localhost:4200/ -> net::ERR_ABORTED
2022-05-25 11:20:06 ERROR    Failure: http://localhost:4200/ -> net::ERR_ABORTED
2022-05-25 11:20:06 ERROR    Failure: http://localhost:4200/ -> net::ERR_ABORTED
2022-05-25 11:20:06 ERROR    Failure: http://localhost:4200/ -> net::ERR_ABORTED
2022-05-25 11:20:06 ERROR    Failure: http://localhost:4200/ -> net::ERR_ABORTED
2022-05-25 11:20:06 ERROR    Failure: http://localhost:4200/ -> net::ERR_ABORTED
2022-05-25 11:20:06 ERROR    Failure: http://localhost:4200/-N2tau_R-AuPGM1v4_n9 -> net::ERR_CONNECTION_REFUSED
2022-05-25 11:20:06 ERROR    Failure: http://localhost:4200/-N2tau_R-AuPGM1v4_n9 -> Failed to load resource: net::ERR_CONNECTION_REFUSED
2022-05-25 11:20:07 ERROR    Failure: http://localhost:4200/-N2tau_R-AuPGM1v4_n9 -> JSHandle@error
2022-05-25 11:20:07 ERROR    Failure: http://localhost:4200/-N2tau_R-AuPGM1v4_n9 -> Error: FIREBASE FATAL ERROR: Cannot parse Firebase url. Please use https://<YOUR FIREBASE>.firebaseio.com 	    at Vb (http://localhost:4200/assets/vendor.js:85597:278)	    at Wb (http://localhost:4200/assets/vendor.js:85599:21)	    at firebase.INTERNAL.registerService.Reference (http://localhost:4200/assets/vendor.js:85805:235)	    at Object.a.(anonymous function) [as database] (http://localhost:4200/assets/vendor.js:84825:4066)	    at e.value (http://localhost:4200/assets/vendor.js:84825:6484)	    at Object.create (http://localhost:4200/assets/vendor.js:124663:18)	    at instantiate (http://localhost:4200/assets/vendor.js:21220:23)	    at lookup (http://localhost:4200/assets/vendor.js:21045:17)	    at Container.lookup (http://localhost:4200/assets/vendor.js:20964:14)	    at Class.lookup (http://localhost:4200/assets/vendor.js:52226:33)
2022-05-25 11:20:10 ERROR    Failure: http://localhost:4200/ -> net::ERR_ABORTED
2022-05-25 11:20:10 ERROR    Failure: http://localhost:4200/ -> net::ERR_ABORTED
2022-05-25 11:20:10 ERROR    Failure: http://localhost:4200/ -> net::ERR_ABORTED
2022-05-25 11:20:10 ERROR    Failure: http://localhost:4200/ -> net::ERR_ABORTED
2022-05-25 11:20:10 ERROR    Failure: http://localhost:4200/ -> net::ERR_ABORTED
2022-05-25 11:20:10 ERROR    Failure: http://localhost:4200/ -> net::ERR_ABORTED
2022-05-25 11:20:10 ERROR    Failure: http://localhost:4200/ -> net::ERR_ABORTED
2022-05-25 11:20:10 ERROR    Failure: http://localhost:4200/-N2tcsy7wdBNCULOnCV- -> net::ERR_CONNECTION_REFUSED
2022-05-25 11:20:10 ERROR    Failure: http://localhost:4200/-N2tcsy7wdBNCULOnCV- -> Failed to load resource: net::ERR_CONNECTION_REFUSED
2022-05-25 11:20:11 ERROR    Failure: http://localhost:4200/-N2tcsy7wdBNCULOnCV- -> JSHandle@error
2022-05-25 11:20:11 ERROR    Failure: http://localhost:4200/-N2tcsy7wdBNCULOnCV- -> Error: FIREBASE FATAL ERROR: Cannot parse Firebase url. Please use https://<YOUR FIREBASE>.firebaseio.com 	    at Vb (http://localhost:4200/assets/vendor.js:85597:278)	    at Wb (http://localhost:4200/assets/vendor.js:85599:21)	    at firebase.INTERNAL.registerService.Reference (http://localhost:4200/assets/vendor.js:85805:235)	    at Object.a.(anonymous function) [as database] (http://localhost:4200/assets/vendor.js:84825:4066)	    at e.value (http://localhost:4200/assets/vendor.js:84825:6484)	    at Object.create (http://localhost:4200/assets/vendor.js:124663:18)	    at instantiate (http://localhost:4200/assets/vendor.js:21220:23)	    at lookup (http://localhost:4200/assets/vendor.js:21045:17)	    at Container.lookup (http://localhost:4200/assets/vendor.js:20964:14)	    at Class.lookup (http://localhost:4200/assets/vendor.js:52226:33)
2022-05-25 11:20:16 ERROR    Failure: http://localhost:4200/ -> net::ERR_ABORTED
2022-05-25 11:20:16 ERROR    Failure: http://localhost:4200/ -> net::ERR_ABORTED
2022-05-25 11:20:16 ERROR    Failure: http://localhost:4200/ -> net::ERR_ABORTED
2022-05-25 11:20:16 ERROR    Failure: http://localhost:4200/ -> net::ERR_ABORTED
2022-05-25 11:20:16 ERROR    Failure: http://localhost:4200/ -> net::ERR_ABORTED
2022-05-25 11:20:16 ERROR    Failure: http://localhost:4200/ -> net::ERR_ABORTED
2022-05-25 11:20:16 ERROR    Failure: http://localhost:4200/ -> net::ERR_ABORTED
2022-05-25 11:20:16 ERROR    Failure: http://localhost:4200/-N2tau_R-AuPGM1v4_n9 -> net::ERR_CONNECTION_REFUSED
2022-05-25 11:20:16 ERROR    Failure: http://localhost:4200/-N2tau_R-AuPGM1v4_n9 -> Failed to load resource: net::ERR_CONNECTION_REFUSED
2022-05-25 11:20:16 ERROR    Failure: http://localhost:4200/-N2tau_R-AuPGM1v4_n9 -> JSHandle@error
2022-05-25 11:20:16 ERROR    Failure: http://localhost:4200/-N2tau_R-AuPGM1v4_n9 -> Error: FIREBASE FATAL ERROR: Cannot parse Firebase url. Please use https://<YOUR FIREBASE>.firebaseio.com 	    at Vb (http://localhost:4200/assets/vendor.js:85597:278)	    at Wb (http://localhost:4200/assets/vendor.js:85599:21)	    at firebase.INTERNAL.registerService.Reference (http://localhost:4200/assets/vendor.js:85805:235)	    at Object.a.(anonymous function) [as database] (http://localhost:4200/assets/vendor.js:84825:4066)	    at e.value (http://localhost:4200/assets/vendor.js:84825:6484)	    at Object.create (http://localhost:4200/assets/vendor.js:124663:18)	    at instantiate (http://localhost:4200/assets/vendor.js:21220:23)	    at lookup (http://localhost:4200/assets/vendor.js:21045:17)	    at Container.lookup (http://localhost:4200/assets/vendor.js:20964:14)	    at Class.lookup (http://localhost:4200/assets/vendor.js:52226:33)
2022-05-25 11:20:19 ERROR    Failure: http://localhost:4200/ -> net::ERR_ABORTED
2022-05-25 11:20:19 ERROR    Failure: http://localhost:4200/ -> net::ERR_ABORTED
2022-05-25 11:20:19 ERROR    Failure: http://localhost:4200/ -> net::ERR_ABORTED
2022-05-25 11:20:19 ERROR    Failure: http://localhost:4200/ -> net::ERR_ABORTED
2022-05-25 11:20:19 ERROR    Failure: http://localhost:4200/ -> net::ERR_ABORTED
2022-05-25 11:20:19 ERROR    Failure: http://localhost:4200/ -> net::ERR_ABORTED
2022-05-25 11:20:19 ERROR    Failure: http://localhost:4200/ -> net::ERR_ABORTED
2022-05-25 11:20:19 ERROR    Failure: http://localhost:4200/-N2tau_R-AuPGM1v4_n9 -> net::ERR_CONNECTION_REFUSED
2022-05-25 11:20:19 ERROR    Failure: http://localhost:4200/-N2tau_R-AuPGM1v4_n9 -> Failed to load resource: net::ERR_CONNECTION_REFUSED
2022-05-25 11:20:20 ERROR    Failure: http://localhost:4200/-N2tau_R-AuPGM1v4_n9 -> JSHandle@error
2022-05-25 11:20:20 ERROR    Failure: http://localhost:4200/-N2tau_R-AuPGM1v4_n9 -> Error: FIREBASE FATAL ERROR: Cannot parse Firebase url. Please use https://<YOUR FIREBASE>.firebaseio.com 	    at Vb (http://localhost:4200/assets/vendor.js:85597:278)	    at Wb (http://localhost:4200/assets/vendor.js:85599:21)	    at firebase.INTERNAL.registerService.Reference (http://localhost:4200/assets/vendor.js:85805:235)	    at Object.a.(anonymous function) [as database] (http://localhost:4200/assets/vendor.js:84825:4066)	    at e.value (http://localhost:4200/assets/vendor.js:84825:6484)	    at Object.create (http://localhost:4200/assets/vendor.js:124663:18)	    at instantiate (http://localhost:4200/assets/vendor.js:21220:23)	    at lookup (http://localhost:4200/assets/vendor.js:21045:17)	    at Container.lookup (http://localhost:4200/assets/vendor.js:20964:14)	    at Class.lookup (http://localhost:4200/assets/vendor.js:52226:33)
2022-05-25 11:20:23 ERROR    Failure: http://localhost:4200/ -> net::ERR_ABORTED
2022-05-25 11:20:23 ERROR    Failure: http://localhost:4200/ -> net::ERR_ABORTED
2022-05-25 11:20:23 ERROR    Failure: http://localhost:4200/ -> net::ERR_ABORTED
2022-05-25 11:20:23 ERROR    Failure: http://localhost:4200/ -> net::ERR_ABORTED
2022-05-25 11:20:23 ERROR    Failure: http://localhost:4200/ -> net::ERR_ABORTED
2022-05-25 11:20:23 ERROR    Failure: http://localhost:4200/ -> net::ERR_ABORTED
2022-05-25 11:20:23 ERROR    Failure: http://localhost:4200/ -> net::ERR_ABORTED
2022-05-25 11:20:23 ERROR    Failure: http://localhost:4200/-N2tcsy7wdBNCULOnCV- -> net::ERR_CONNECTION_REFUSED
2022-05-25 11:20:23 ERROR    Failure: http://localhost:4200/-N2tcsy7wdBNCULOnCV- -> Failed to load resource: net::ERR_CONNECTION_REFUSED
2022-05-25 11:20:24 ERROR    Failure: http://localhost:4200/-N2tcsy7wdBNCULOnCV- -> JSHandle@error
2022-05-25 11:20:24 ERROR    Failure: http://localhost:4200/-N2tcsy7wdBNCULOnCV- -> Error: FIREBASE FATAL ERROR: Cannot parse Firebase url. Please use https://<YOUR FIREBASE>.firebaseio.com 	    at Vb (http://localhost:4200/assets/vendor.js:85597:278)	    at Wb (http://localhost:4200/assets/vendor.js:85599:21)	    at firebase.INTERNAL.registerService.Reference (http://localhost:4200/assets/vendor.js:85805:235)	    at Object.a.(anonymous function) [as database] (http://localhost:4200/assets/vendor.js:84825:4066)	    at e.value (http://localhost:4200/assets/vendor.js:84825:6484)	    at Object.create (http://localhost:4200/assets/vendor.js:124663:18)	    at instantiate (http://localhost:4200/assets/vendor.js:21220:23)	    at lookup (http://localhost:4200/assets/vendor.js:21045:17)	    at Container.lookup (http://localhost:4200/assets/vendor.js:20964:14)	    at Class.lookup (http://localhost:4200/assets/vendor.js:52226:33)
2022-05-25 11:20:29 ERROR    Failure: http://localhost:4200/ -> net::ERR_ABORTED
2022-05-25 11:20:29 ERROR    Failure: http://localhost:4200/ -> net::ERR_ABORTED
2022-05-25 11:20:29 ERROR    Failure: http://localhost:4200/ -> net::ERR_ABORTED
2022-05-25 11:20:29 ERROR    Failure: http://localhost:4200/ -> net::ERR_ABORTED
2022-05-25 11:20:29 ERROR    Failure: http://localhost:4200/ -> net::ERR_ABORTED
2022-05-25 11:20:29 ERROR    Failure: http://localhost:4200/ -> net::ERR_ABORTED
2022-05-25 11:20:29 ERROR    Failure: http://localhost:4200/ -> net::ERR_ABORTED
2022-05-25 11:20:29 ERROR    Failure: http://localhost:4200/-N2tau_R-AuPGM1v4_n9 -> net::ERR_CONNECTION_REFUSED
2022-05-25 11:20:29 ERROR    Failure: http://localhost:4200/-N2tau_R-AuPGM1v4_n9 -> Failed to load resource: net::ERR_CONNECTION_REFUSED
2022-05-25 11:20:30 ERROR    Failure: http://localhost:4200/-N2tau_R-AuPGM1v4_n9 -> JSHandle@error
2022-05-25 11:20:30 ERROR    Failure: http://localhost:4200/-N2tau_R-AuPGM1v4_n9 -> Error: FIREBASE FATAL ERROR: Cannot parse Firebase url. Please use https://<YOUR FIREBASE>.firebaseio.com 	    at Vb (http://localhost:4200/assets/vendor.js:85597:278)	    at Wb (http://localhost:4200/assets/vendor.js:85599:21)	    at firebase.INTERNAL.registerService.Reference (http://localhost:4200/assets/vendor.js:85805:235)	    at Object.a.(anonymous function) [as database] (http://localhost:4200/assets/vendor.js:84825:4066)	    at e.value (http://localhost:4200/assets/vendor.js:84825:6484)	    at Object.create (http://localhost:4200/assets/vendor.js:124663:18)	    at instantiate (http://localhost:4200/assets/vendor.js:21220:23)	    at lookup (http://localhost:4200/assets/vendor.js:21045:17)	    at Container.lookup (http://localhost:4200/assets/vendor.js:20964:14)	    at Class.lookup (http://localhost:4200/assets/vendor.js:52226:33)
2022-05-25 11:20:35 ERROR    Failure: http://localhost:4200/ -> net::ERR_ABORTED
2022-05-25 11:20:35 ERROR    Failure: http://localhost:4200/ -> net::ERR_ABORTED
2022-05-25 11:20:35 ERROR    Failure: http://localhost:4200/ -> net::ERR_ABORTED
2022-05-25 11:20:35 ERROR    Failure: http://localhost:4200/ -> net::ERR_ABORTED
2022-05-25 11:20:35 ERROR    Failure: http://localhost:4200/ -> net::ERR_ABORTED
2022-05-25 11:20:35 ERROR    Failure: http://localhost:4200/ -> net::ERR_ABORTED
2022-05-25 11:20:35 ERROR    Failure: http://localhost:4200/ -> net::ERR_ABORTED
2022-05-25 11:20:35 ERROR    Failure: http://localhost:4200/-N2tcsy7wdBNCULOnCV- -> net::ERR_CONNECTION_REFUSED
2022-05-25 11:20:35 ERROR    Failure: http://localhost:4200/-N2tcsy7wdBNCULOnCV- -> Failed to load resource: net::ERR_CONNECTION_REFUSED
2022-05-25 11:20:36 ERROR    Failure: http://localhost:4200/-N2tcsy7wdBNCULOnCV- -> JSHandle@error
2022-05-25 11:20:36 ERROR    Failure: http://localhost:4200/-N2tcsy7wdBNCULOnCV- -> Error: FIREBASE FATAL ERROR: Cannot parse Firebase url. Please use https://<YOUR FIREBASE>.firebaseio.com 	    at Vb (http://localhost:4200/assets/vendor.js:85597:278)	    at Wb (http://localhost:4200/assets/vendor.js:85599:21)	    at firebase.INTERNAL.registerService.Reference (http://localhost:4200/assets/vendor.js:85805:235)	    at Object.a.(anonymous function) [as database] (http://localhost:4200/assets/vendor.js:84825:4066)	    at e.value (http://localhost:4200/assets/vendor.js:84825:6484)	    at Object.create (http://localhost:4200/assets/vendor.js:124663:18)	    at instantiate (http://localhost:4200/assets/vendor.js:21220:23)	    at lookup (http://localhost:4200/assets/vendor.js:21045:17)	    at Container.lookup (http://localhost:4200/assets/vendor.js:20964:14)	    at Class.lookup (http://localhost:4200/assets/vendor.js:52226:33)
2022-05-25 11:20:39 ERROR    Failure: http://localhost:4200/ -> net::ERR_ABORTED
2022-05-25 11:20:39 ERROR    Failure: http://localhost:4200/ -> net::ERR_ABORTED
2022-05-25 11:20:39 ERROR    Failure: http://localhost:4200/ -> net::ERR_ABORTED
2022-05-25 11:20:39 ERROR    Failure: http://localhost:4200/ -> net::ERR_ABORTED
2022-05-25 11:20:39 ERROR    Failure: http://localhost:4200/ -> net::ERR_ABORTED
2022-05-25 11:20:39 ERROR    Failure: http://localhost:4200/ -> net::ERR_ABORTED
2022-05-25 11:20:39 ERROR    Failure: http://localhost:4200/ -> net::ERR_ABORTED
2022-05-25 11:20:39 ERROR    Failure: http://localhost:4200/-N2tau_R-AuPGM1v4_n9 -> net::ERR_CONNECTION_REFUSED
2022-05-25 11:20:39 ERROR    Failure: http://localhost:4200/-N2tau_R-AuPGM1v4_n9 -> Failed to load resource: net::ERR_CONNECTION_REFUSED
2022-05-25 11:20:39 ERROR    Failure: http://localhost:4200/-N2tau_R-AuPGM1v4_n9 -> JSHandle@error
2022-05-25 11:20:39 ERROR    Failure: http://localhost:4200/-N2tau_R-AuPGM1v4_n9 -> Error: FIREBASE FATAL ERROR: Cannot parse Firebase url. Please use https://<YOUR FIREBASE>.firebaseio.com 	    at Vb (http://localhost:4200/assets/vendor.js:85597:278)	    at Wb (http://localhost:4200/assets/vendor.js:85599:21)	    at firebase.INTERNAL.registerService.Reference (http://localhost:4200/assets/vendor.js:85805:235)	    at Object.a.(anonymous function) [as database] (http://localhost:4200/assets/vendor.js:84825:4066)	    at e.value (http://localhost:4200/assets/vendor.js:84825:6484)	    at Object.create (http://localhost:4200/assets/vendor.js:124663:18)	    at instantiate (http://localhost:4200/assets/vendor.js:21220:23)	    at lookup (http://localhost:4200/assets/vendor.js:21045:17)	    at Container.lookup (http://localhost:4200/assets/vendor.js:20964:14)	    at Class.lookup (http://localhost:4200/assets/vendor.js:52226:33)
2022-05-25 11:20:43 ERROR    Failure: http://localhost:4200/ -> net::ERR_ABORTED
2022-05-25 11:20:43 ERROR    Failure: http://localhost:4200/ -> net::ERR_ABORTED
2022-05-25 11:20:43 ERROR    Failure: http://localhost:4200/ -> net::ERR_ABORTED
2022-05-25 11:20:43 ERROR    Failure: http://localhost:4200/ -> net::ERR_ABORTED
2022-05-25 11:20:43 ERROR    Failure: http://localhost:4200/ -> net::ERR_ABORTED
2022-05-25 11:20:43 ERROR    Failure: http://localhost:4200/ -> net::ERR_ABORTED
2022-05-25 11:20:43 ERROR    Failure: http://localhost:4200/ -> net::ERR_ABORTED
2022-05-25 11:20:43 ERROR    Failure: http://localhost:4200/-N2tcsy7wdBNCULOnCV- -> net::ERR_CONNECTION_REFUSED
2022-05-25 11:20:43 ERROR    Failure: http://localhost:4200/-N2tcsy7wdBNCULOnCV- -> Failed to load resource: net::ERR_CONNECTION_REFUSED
2022-05-25 11:20:44 ERROR    Failure: http://localhost:4200/-N2tcsy7wdBNCULOnCV- -> JSHandle@error
2022-05-25 11:20:44 ERROR    Failure: http://localhost:4200/-N2tcsy7wdBNCULOnCV- -> Error: FIREBASE FATAL ERROR: Cannot parse Firebase url. Please use https://<YOUR FIREBASE>.firebaseio.com 	    at Vb (http://localhost:4200/assets/vendor.js:85597:278)	    at Wb (http://localhost:4200/assets/vendor.js:85599:21)	    at firebase.INTERNAL.registerService.Reference (http://localhost:4200/assets/vendor.js:85805:235)	    at Object.a.(anonymous function) [as database] (http://localhost:4200/assets/vendor.js:84825:4066)	    at e.value (http://localhost:4200/assets/vendor.js:84825:6484)	    at Object.create (http://localhost:4200/assets/vendor.js:124663:18)	    at instantiate (http://localhost:4200/assets/vendor.js:21220:23)	    at lookup (http://localhost:4200/assets/vendor.js:21045:17)	    at Container.lookup (http://localhost:4200/assets/vendor.js:20964:14)	    at Class.lookup (http://localhost:4200/assets/vendor.js:52226:33)
2022-05-25 11:20:47 ERROR    Failure: http://localhost:4200/ -> net::ERR_ABORTED
2022-05-25 11:20:47 ERROR    Failure: http://localhost:4200/ -> net::ERR_ABORTED
2022-05-25 11:20:47 ERROR    Failure: http://localhost:4200/ -> net::ERR_ABORTED
2022-05-25 11:20:47 ERROR    Failure: http://localhost:4200/ -> net::ERR_ABORTED
2022-05-25 11:20:47 ERROR    Failure: http://localhost:4200/ -> net::ERR_ABORTED
2022-05-25 11:20:47 ERROR    Failure: http://localhost:4200/ -> net::ERR_ABORTED
2022-05-25 11:20:47 ERROR    Failure: http://localhost:4200/ -> net::ERR_ABORTED
2022-05-25 11:20:47 ERROR    Failure: http://localhost:4200/-N2tau_R-AuPGM1v4_n9 -> net::ERR_CONNECTION_REFUSED
2022-05-25 11:20:47 ERROR    Failure: http://localhost:4200/-N2tau_R-AuPGM1v4_n9 -> Failed to load resource: net::ERR_CONNECTION_REFUSED
2022-05-25 11:20:48 ERROR    Failure: http://localhost:4200/-N2tau_R-AuPGM1v4_n9 -> JSHandle@error
2022-05-25 11:20:48 ERROR    Failure: http://localhost:4200/-N2tau_R-AuPGM1v4_n9 -> Error: FIREBASE FATAL ERROR: Cannot parse Firebase url. Please use https://<YOUR FIREBASE>.firebaseio.com 	    at Vb (http://localhost:4200/assets/vendor.js:85597:278)	    at Wb (http://localhost:4200/assets/vendor.js:85599:21)	    at firebase.INTERNAL.registerService.Reference (http://localhost:4200/assets/vendor.js:85805:235)	    at Object.a.(anonymous function) [as database] (http://localhost:4200/assets/vendor.js:84825:4066)	    at e.value (http://localhost:4200/assets/vendor.js:84825:6484)	    at Object.create (http://localhost:4200/assets/vendor.js:124663:18)	    at instantiate (http://localhost:4200/assets/vendor.js:21220:23)	    at lookup (http://localhost:4200/assets/vendor.js:21045:17)	    at Container.lookup (http://localhost:4200/assets/vendor.js:20964:14)	    at Class.lookup (http://localhost:4200/assets/vendor.js:52226:33)
2022-05-25 11:20:52 ERROR    Failure: http://localhost:4200/ -> net::ERR_ABORTED
2022-05-25 11:20:52 ERROR    Failure: http://localhost:4200/ -> net::ERR_ABORTED
2022-05-25 11:20:52 ERROR    Failure: http://localhost:4200/ -> net::ERR_ABORTED
2022-05-25 11:20:52 ERROR    Failure: http://localhost:4200/ -> net::ERR_ABORTED
2022-05-25 11:20:52 ERROR    Failure: http://localhost:4200/ -> net::ERR_ABORTED
2022-05-25 11:20:52 ERROR    Failure: http://localhost:4200/ -> net::ERR_ABORTED
2022-05-25 11:20:52 ERROR    Failure: http://localhost:4200/ -> net::ERR_ABORTED
2022-05-25 11:20:52 ERROR    Failure: http://localhost:4200/-N2tcsy7wdBNCULOnCV- -> net::ERR_CONNECTION_REFUSED
2022-05-25 11:20:52 ERROR    Failure: http://localhost:4200/-N2tcsy7wdBNCULOnCV- -> Failed to load resource: net::ERR_CONNECTION_REFUSED
2022-05-25 11:20:52 ERROR    Failure: http://localhost:4200/-N2tcsy7wdBNCULOnCV- -> JSHandle@error
2022-05-25 11:20:52 ERROR    Failure: http://localhost:4200/-N2tcsy7wdBNCULOnCV- -> Error: FIREBASE FATAL ERROR: Cannot parse Firebase url. Please use https://<YOUR FIREBASE>.firebaseio.com 	    at Vb (http://localhost:4200/assets/vendor.js:85597:278)	    at Wb (http://localhost:4200/assets/vendor.js:85599:21)	    at firebase.INTERNAL.registerService.Reference (http://localhost:4200/assets/vendor.js:85805:235)	    at Object.a.(anonymous function) [as database] (http://localhost:4200/assets/vendor.js:84825:4066)	    at e.value (http://localhost:4200/assets/vendor.js:84825:6484)	    at Object.create (http://localhost:4200/assets/vendor.js:124663:18)	    at instantiate (http://localhost:4200/assets/vendor.js:21220:23)	    at lookup (http://localhost:4200/assets/vendor.js:21045:17)	    at Container.lookup (http://localhost:4200/assets/vendor.js:20964:14)	    at Class.lookup (http://localhost:4200/assets/vendor.js:52226:33)
2022-05-25 11:20:55 ERROR    Failure: http://localhost:4200/ -> net::ERR_ABORTED
2022-05-25 11:20:55 ERROR    Failure: http://localhost:4200/ -> net::ERR_ABORTED
2022-05-25 11:20:55 ERROR    Failure: http://localhost:4200/ -> net::ERR_ABORTED
2022-05-25 11:20:55 ERROR    Failure: http://localhost:4200/ -> net::ERR_ABORTED
2022-05-25 11:20:55 ERROR    Failure: http://localhost:4200/ -> net::ERR_ABORTED
2022-05-25 11:20:55 ERROR    Failure: http://localhost:4200/ -> net::ERR_ABORTED
2022-05-25 11:20:55 ERROR    Failure: http://localhost:4200/ -> net::ERR_ABORTED
2022-05-25 11:20:55 ERROR    Failure: http://localhost:4200/-N2tau_R-AuPGM1v4_n9 -> net::ERR_CONNECTION_REFUSED
2022-05-25 11:20:55 ERROR    Failure: http://localhost:4200/-N2tau_R-AuPGM1v4_n9 -> Failed to load resource: net::ERR_CONNECTION_REFUSED
2022-05-25 11:20:56 ERROR    Failure: http://localhost:4200/-N2tau_R-AuPGM1v4_n9 -> JSHandle@error
2022-05-25 11:20:56 ERROR    Failure: http://localhost:4200/-N2tau_R-AuPGM1v4_n9 -> Error: FIREBASE FATAL ERROR: Cannot parse Firebase url. Please use https://<YOUR FIREBASE>.firebaseio.com 	    at Vb (http://localhost:4200/assets/vendor.js:85597:278)	    at Wb (http://localhost:4200/assets/vendor.js:85599:21)	    at firebase.INTERNAL.registerService.Reference (http://localhost:4200/assets/vendor.js:85805:235)	    at Object.a.(anonymous function) [as database] (http://localhost:4200/assets/vendor.js:84825:4066)	    at e.value (http://localhost:4200/assets/vendor.js:84825:6484)	    at Object.create (http://localhost:4200/assets/vendor.js:124663:18)	    at instantiate (http://localhost:4200/assets/vendor.js:21220:23)	    at lookup (http://localhost:4200/assets/vendor.js:21045:17)	    at Container.lookup (http://localhost:4200/assets/vendor.js:20964:14)	    at Class.lookup (http://localhost:4200/assets/vendor.js:52226:33)
2022-05-25 11:21:01 ERROR    Failure: http://localhost:4200/ -> net::ERR_ABORTED
2022-05-25 11:21:01 ERROR    Failure: http://localhost:4200/ -> net::ERR_ABORTED
2022-05-25 11:21:01 ERROR    Failure: http://localhost:4200/ -> net::ERR_ABORTED
2022-05-25 11:21:01 ERROR    Failure: http://localhost:4200/ -> net::ERR_ABORTED
2022-05-25 11:21:01 ERROR    Failure: http://localhost:4200/ -> net::ERR_ABORTED
2022-05-25 11:21:01 ERROR    Failure: http://localhost:4200/ -> net::ERR_ABORTED
2022-05-25 11:21:01 ERROR    Failure: http://localhost:4200/ -> net::ERR_ABORTED
2022-05-25 11:21:01 ERROR    Failure: http://localhost:4200/-N2tcsy7wdBNCULOnCV- -> net::ERR_CONNECTION_REFUSED
2022-05-25 11:21:01 ERROR    Failure: http://localhost:4200/-N2tcsy7wdBNCULOnCV- -> Failed to load resource: net::ERR_CONNECTION_REFUSED
2022-05-25 11:21:01 ERROR    Failure: http://localhost:4200/-N2tcsy7wdBNCULOnCV- -> JSHandle@error
2022-05-25 11:21:01 ERROR    Failure: http://localhost:4200/-N2tcsy7wdBNCULOnCV- -> Error: FIREBASE FATAL ERROR: Cannot parse Firebase url. Please use https://<YOUR FIREBASE>.firebaseio.com 	    at Vb (http://localhost:4200/assets/vendor.js:85597:278)	    at Wb (http://localhost:4200/assets/vendor.js:85599:21)	    at firebase.INTERNAL.registerService.Reference (http://localhost:4200/assets/vendor.js:85805:235)	    at Object.a.(anonymous function) [as database] (http://localhost:4200/assets/vendor.js:84825:4066)	    at e.value (http://localhost:4200/assets/vendor.js:84825:6484)	    at Object.create (http://localhost:4200/assets/vendor.js:124663:18)	    at instantiate (http://localhost:4200/assets/vendor.js:21220:23)	    at lookup (http://localhost:4200/assets/vendor.js:21045:17)	    at Container.lookup (http://localhost:4200/assets/vendor.js:20964:14)	    at Class.lookup (http://localhost:4200/assets/vendor.js:52226:33)
2022-05-25 11:21:05 ERROR    Failure: http://localhost:4200/ -> net::ERR_ABORTED
2022-05-25 11:21:05 ERROR    Failure: http://localhost:4200/ -> net::ERR_ABORTED
2022-05-25 11:21:05 ERROR    Failure: http://localhost:4200/ -> net::ERR_ABORTED
2022-05-25 11:21:05 ERROR    Failure: http://localhost:4200/ -> net::ERR_ABORTED
2022-05-25 11:21:05 ERROR    Failure: http://localhost:4200/ -> net::ERR_ABORTED
2022-05-25 11:21:05 ERROR    Failure: http://localhost:4200/ -> net::ERR_ABORTED
2022-05-25 11:21:05 ERROR    Failure: http://localhost:4200/ -> net::ERR_ABORTED
2022-05-25 11:21:05 ERROR    Failure: http://localhost:4200/-N2tau_R-AuPGM1v4_n9 -> net::ERR_CONNECTION_REFUSED
2022-05-25 11:21:05 ERROR    Failure: http://localhost:4200/-N2tau_R-AuPGM1v4_n9 -> Failed to load resource: net::ERR_CONNECTION_REFUSED
2022-05-25 11:21:06 ERROR    Failure: http://localhost:4200/-N2tau_R-AuPGM1v4_n9 -> JSHandle@error
2022-05-25 11:21:06 ERROR    Failure: http://localhost:4200/-N2tau_R-AuPGM1v4_n9 -> Error: FIREBASE FATAL ERROR: Cannot parse Firebase url. Please use https://<YOUR FIREBASE>.firebaseio.com 	    at Vb (http://localhost:4200/assets/vendor.js:85597:278)	    at Wb (http://localhost:4200/assets/vendor.js:85599:21)	    at firebase.INTERNAL.registerService.Reference (http://localhost:4200/assets/vendor.js:85805:235)	    at Object.a.(anonymous function) [as database] (http://localhost:4200/assets/vendor.js:84825:4066)	    at e.value (http://localhost:4200/assets/vendor.js:84825:6484)	    at Object.create (http://localhost:4200/assets/vendor.js:124663:18)	    at instantiate (http://localhost:4200/assets/vendor.js:21220:23)	    at lookup (http://localhost:4200/assets/vendor.js:21045:17)	    at Container.lookup (http://localhost:4200/assets/vendor.js:20964:14)	    at Class.lookup (http://localhost:4200/assets/vendor.js:52226:33)
2022-05-25 11:21:10 ERROR    Failure: http://localhost:4200/ -> net::ERR_ABORTED
2022-05-25 11:21:10 ERROR    Failure: http://localhost:4200/ -> net::ERR_ABORTED
2022-05-25 11:21:10 ERROR    Failure: http://localhost:4200/ -> net::ERR_ABORTED
2022-05-25 11:21:10 ERROR    Failure: http://localhost:4200/ -> net::ERR_ABORTED
2022-05-25 11:21:10 ERROR    Failure: http://localhost:4200/ -> net::ERR_ABORTED
2022-05-25 11:21:10 ERROR    Failure: http://localhost:4200/ -> net::ERR_ABORTED
2022-05-25 11:21:10 ERROR    Failure: http://localhost:4200/ -> net::ERR_ABORTED
2022-05-25 11:21:10 ERROR    Failure: http://localhost:4200/-N2tcsy7wdBNCULOnCV- -> net::ERR_CONNECTION_REFUSED
2022-05-25 11:21:10 ERROR    Failure: http://localhost:4200/-N2tcsy7wdBNCULOnCV- -> Failed to load resource: net::ERR_CONNECTION_REFUSED
2022-05-25 11:21:11 ERROR    Failure: http://localhost:4200/-N2tcsy7wdBNCULOnCV- -> JSHandle@error
2022-05-25 11:21:11 ERROR    Failure: http://localhost:4200/-N2tcsy7wdBNCULOnCV- -> Error: FIREBASE FATAL ERROR: Cannot parse Firebase url. Please use https://<YOUR FIREBASE>.firebaseio.com 	    at Vb (http://localhost:4200/assets/vendor.js:85597:278)	    at Wb (http://localhost:4200/assets/vendor.js:85599:21)	    at firebase.INTERNAL.registerService.Reference (http://localhost:4200/assets/vendor.js:85805:235)	    at Object.a.(anonymous function) [as database] (http://localhost:4200/assets/vendor.js:84825:4066)	    at e.value (http://localhost:4200/assets/vendor.js:84825:6484)	    at Object.create (http://localhost:4200/assets/vendor.js:124663:18)	    at instantiate (http://localhost:4200/assets/vendor.js:21220:23)	    at lookup (http://localhost:4200/assets/vendor.js:21045:17)	    at Container.lookup (http://localhost:4200/assets/vendor.js:20964:14)	    at Class.lookup (http://localhost:4200/assets/vendor.js:52226:33)
2022-05-25 11:21:14 ERROR    Failure: http://localhost:4200/-N2tau_R-AuPGM1v4_n9 -> status code(400) -> 
2022-05-25 11:21:14 ERROR    Failure: http://localhost:4200/-N2tau_R-AuPGM1v4_n9 -> Access to XMLHttpRequest at 'https://geoip.nekudo.com/api' from origin 'http://localhost:4200' has been blocked by CORS policy: No 'Access-Control-Allow-Origin' header is present on the requested resource.
2022-05-25 11:21:14 ERROR    Failure: http://localhost:4200/-N2tau_R-AuPGM1v4_n9 -> JSHandle@object
2022-05-25 11:21:14 ERROR    Failure: http://localhost:4200/new -> net::ERR_ABORTED
2022-05-25 11:21:15 ERROR    Failure: http://localhost:4200/ -> net::ERR_ABORTED
2022-05-25 11:21:15 ERROR    Failure: http://localhost:4200/ -> net::ERR_ABORTED
2022-05-25 11:21:15 ERROR    Failure: http://localhost:4200/ -> net::ERR_ABORTED
2022-05-25 11:21:15 ERROR    Failure: http://localhost:4200/ -> net::ERR_ABORTED
2022-05-25 11:21:15 ERROR    Failure: http://localhost:4200/ -> net::ERR_ABORTED
2022-05-25 11:21:15 ERROR    Failure: http://localhost:4200/ -> net::ERR_ABORTED
2022-05-25 11:21:15 ERROR    Failure: http://localhost:4200/ -> net::ERR_ABORTED
2022-05-25 11:21:15 ERROR    Failure: http://localhost:4200/-N2tau_R-AuPGM1v4_n9 -> net::ERR_CONNECTION_REFUSED
2022-05-25 11:21:15 ERROR    Failure: http://localhost:4200/-N2tau_R-AuPGM1v4_n9 -> Failed to load resource: net::ERR_CONNECTION_REFUSED
2022-05-25 11:21:16 ERROR    Failure: http://localhost:4200/-N2tau_R-AuPGM1v4_n9 -> JSHandle@error
2022-05-25 11:21:16 ERROR    Failure: http://localhost:4200/-N2tau_R-AuPGM1v4_n9 -> Error: FIREBASE FATAL ERROR: Cannot parse Firebase url. Please use https://<YOUR FIREBASE>.firebaseio.com 	    at Vb (http://localhost:4200/assets/vendor.js:85597:278)	    at Wb (http://localhost:4200/assets/vendor.js:85599:21)	    at firebase.INTERNAL.registerService.Reference (http://localhost:4200/assets/vendor.js:85805:235)	    at Object.a.(anonymous function) [as database] (http://localhost:4200/assets/vendor.js:84825:4066)	    at e.value (http://localhost:4200/assets/vendor.js:84825:6484)	    at Object.create (http://localhost:4200/assets/vendor.js:124663:18)	    at instantiate (http://localhost:4200/assets/vendor.js:21220:23)	    at lookup (http://localhost:4200/assets/vendor.js:21045:17)	    at Container.lookup (http://localhost:4200/assets/vendor.js:20964:14)	    at Class.lookup (http://localhost:4200/assets/vendor.js:52226:33)
2022-05-25 11:21:17 ERROR    Failure: http://localhost:4200/-N2tau_R-AuPGM1v4_n9 -> status code(400) -> 
2022-05-25 11:21:17 ERROR    Failure: http://localhost:4200/-N2tau_R-AuPGM1v4_n9 -> Access to XMLHttpRequest at 'https://geoip.nekudo.com/api' from origin 'http://localhost:4200' has been blocked by CORS policy: No 'Access-Control-Allow-Origin' header is present on the requested resource.
2022-05-25 11:21:17 ERROR    Failure: http://localhost:4200/-N2tau_R-AuPGM1v4_n9 -> JSHandle@object
2022-05-25 11:21:17 ERROR    Failure: http://localhost:4200/new -> net::ERR_ABORTED
2022-05-25 11:21:21 ERROR    Failure: http://localhost:4200/ -> net::ERR_ABORTED
2022-05-25 11:21:21 ERROR    Failure: http://localhost:4200/ -> net::ERR_ABORTED
2022-05-25 11:21:21 ERROR    Failure: http://localhost:4200/ -> net::ERR_ABORTED
2022-05-25 11:21:21 ERROR    Failure: http://localhost:4200/ -> net::ERR_ABORTED
2022-05-25 11:21:21 ERROR    Failure: http://localhost:4200/ -> net::ERR_ABORTED
2022-05-25 11:21:21 ERROR    Failure: http://localhost:4200/ -> net::ERR_ABORTED
2022-05-25 11:21:21 ERROR    Failure: http://localhost:4200/ -> net::ERR_ABORTED
2022-05-25 11:21:21 ERROR    Failure: http://localhost:4200/-N2tau_R-AuPGM1v4_n9 -> net::ERR_CONNECTION_REFUSED
2022-05-25 11:21:21 ERROR    Failure: http://localhost:4200/-N2tau_R-AuPGM1v4_n9 -> Failed to load resource: net::ERR_CONNECTION_REFUSED
2022-05-25 11:21:21 ERROR    Failure: http://localhost:4200/-N2tau_R-AuPGM1v4_n9 -> JSHandle@error
2022-05-25 11:21:21 ERROR    Failure: http://localhost:4200/-N2tau_R-AuPGM1v4_n9 -> Error: FIREBASE FATAL ERROR: Cannot parse Firebase url. Please use https://<YOUR FIREBASE>.firebaseio.com 	    at Vb (http://localhost:4200/assets/vendor.js:85597:278)	    at Wb (http://localhost:4200/assets/vendor.js:85599:21)	    at firebase.INTERNAL.registerService.Reference (http://localhost:4200/assets/vendor.js:85805:235)	    at Object.a.(anonymous function) [as database] (http://localhost:4200/assets/vendor.js:84825:4066)	    at e.value (http://localhost:4200/assets/vendor.js:84825:6484)	    at Object.create (http://localhost:4200/assets/vendor.js:124663:18)	    at instantiate (http://localhost:4200/assets/vendor.js:21220:23)	    at lookup (http://localhost:4200/assets/vendor.js:21045:17)	    at Container.lookup (http://localhost:4200/assets/vendor.js:20964:14)	    at Class.lookup (http://localhost:4200/assets/vendor.js:52226:33)
2022-05-25 11:21:22 ERROR    Failure: http://localhost:4200/-N2tau_R-AuPGM1v4_n9 -> status code(400) -> 
2022-05-25 11:21:23 ERROR    Failure: http://localhost:4200/-N2tau_R-AuPGM1v4_n9 -> Access to XMLHttpRequest at 'https://geoip.nekudo.com/api' from origin 'http://localhost:4200' has been blocked by CORS policy: No 'Access-Control-Allow-Origin' header is present on the requested resource.
2022-05-25 11:21:23 ERROR    Failure: http://localhost:4200/-N2tau_R-AuPGM1v4_n9 -> JSHandle@object
2022-05-25 11:21:23 ERROR    Failure: http://localhost:4200/new -> net::ERR_ABORTED
2022-05-25 11:21:25 ERROR    Failure: http://localhost:4200/ -> net::ERR_ABORTED
2022-05-25 11:21:25 ERROR    Failure: http://localhost:4200/ -> net::ERR_ABORTED
2022-05-25 11:21:25 ERROR    Failure: http://localhost:4200/ -> net::ERR_ABORTED
2022-05-25 11:21:25 ERROR    Failure: http://localhost:4200/ -> net::ERR_ABORTED
2022-05-25 11:21:25 ERROR    Failure: http://localhost:4200/ -> net::ERR_ABORTED
2022-05-25 11:21:25 ERROR    Failure: http://localhost:4200/ -> net::ERR_ABORTED
2022-05-25 11:21:25 ERROR    Failure: http://localhost:4200/ -> net::ERR_ABORTED
2022-05-25 11:21:25 ERROR    Failure: http://localhost:4200/-N2tau_R-AuPGM1v4_n9 -> net::ERR_CONNECTION_REFUSED
2022-05-25 11:21:25 ERROR    Failure: http://localhost:4200/-N2tau_R-AuPGM1v4_n9 -> Failed to load resource: net::ERR_CONNECTION_REFUSED
2022-05-25 11:21:25 ERROR    Failure: http://localhost:4200/-N2tau_R-AuPGM1v4_n9 -> JSHandle@error
2022-05-25 11:21:25 ERROR    Failure: http://localhost:4200/-N2tau_R-AuPGM1v4_n9 -> Error: FIREBASE FATAL ERROR: Cannot parse Firebase url. Please use https://<YOUR FIREBASE>.firebaseio.com 	    at Vb (http://localhost:4200/assets/vendor.js:85597:278)	    at Wb (http://localhost:4200/assets/vendor.js:85599:21)	    at firebase.INTERNAL.registerService.Reference (http://localhost:4200/assets/vendor.js:85805:235)	    at Object.a.(anonymous function) [as database] (http://localhost:4200/assets/vendor.js:84825:4066)	    at e.value (http://localhost:4200/assets/vendor.js:84825:6484)	    at Object.create (http://localhost:4200/assets/vendor.js:124663:18)	    at instantiate (http://localhost:4200/assets/vendor.js:21220:23)	    at lookup (http://localhost:4200/assets/vendor.js:21045:17)	    at Container.lookup (http://localhost:4200/assets/vendor.js:20964:14)	    at Class.lookup (http://localhost:4200/assets/vendor.js:52226:33)
2022-05-25 11:21:27 ERROR    Failure: http://localhost:4200/-N2tau_R-AuPGM1v4_n9 -> status code(400) -> 
2022-05-25 11:21:27 ERROR    Failure: http://localhost:4200/-N2tau_R-AuPGM1v4_n9 -> Access to XMLHttpRequest at 'https://geoip.nekudo.com/api' from origin 'http://localhost:4200' has been blocked by CORS policy: No 'Access-Control-Allow-Origin' header is present on the requested resource.
2022-05-25 11:21:27 ERROR    Failure: http://localhost:4200/-N2tau_R-AuPGM1v4_n9 -> JSHandle@object
2022-05-25 11:21:27 ERROR    Failure: http://localhost:4200/new -> net::ERR_ABORTED
2022-05-25 11:21:28 ERROR    Failure: http://localhost:4200/new -> JSHandle@error
2022-05-25 11:21:28 ERROR    Failure: http://localhost:4200/new -> Error: FIREBASE FATAL ERROR: Cannot parse Firebase url. Please use https://<YOUR FIREBASE>.firebaseio.com 	    at Vb (http://localhost:4200/assets/vendor.js:85597:278)	    at Wb (http://localhost:4200/assets/vendor.js:85599:21)	    at firebase.INTERNAL.registerService.Reference (http://localhost:4200/assets/vendor.js:85805:235)	    at Object.a.(anonymous function) [as database] (http://localhost:4200/assets/vendor.js:84825:4066)	    at e.value (http://localhost:4200/assets/vendor.js:84825:6484)	    at Object.create (http://localhost:4200/assets/vendor.js:124663:18)	    at instantiate (http://localhost:4200/assets/vendor.js:21220:23)	    at lookup (http://localhost:4200/assets/vendor.js:21045:17)	    at Container.lookup (http://localhost:4200/assets/vendor.js:20964:14)	    at Class.lookup (http://localhost:4200/assets/vendor.js:52226:33)
2022-05-25 11:21:28 ERROR    Failure: http://localhost:4200/new -> JSHandle@error
2022-05-25 11:21:28 ERROR    Failure: http://localhost:4200/new -> Error: FIREBASE FATAL ERROR: Cannot parse Firebase url. Please use https://<YOUR FIREBASE>.firebaseio.com 	    at Vb (http://localhost:4200/assets/vendor.js:85597:278)	    at Wb (http://localhost:4200/assets/vendor.js:85599:21)	    at firebase.INTERNAL.registerService.Reference (http://localhost:4200/assets/vendor.js:85805:235)	    at Object.a.(anonymous function) [as database] (http://localhost:4200/assets/vendor.js:84825:4066)	    at e.value (http://localhost:4200/assets/vendor.js:84825:6484)	    at Object.create (http://localhost:4200/assets/vendor.js:124663:18)	    at instantiate (http://localhost:4200/assets/vendor.js:21220:23)	    at lookup (http://localhost:4200/assets/vendor.js:21045:17)	    at Container.lookup (http://localhost:4200/assets/vendor.js:20964:14)	    at Class.lookup (http://localhost:4200/assets/vendor.js:52226:33)
2022-05-25 11:21:30 ERROR    Failure: http://localhost:4200/ -> net::ERR_ABORTED
2022-05-25 11:21:30 ERROR    Failure: http://localhost:4200/ -> net::ERR_ABORTED
2022-05-25 11:21:30 ERROR    Failure: http://localhost:4200/ -> net::ERR_ABORTED
2022-05-25 11:21:30 ERROR    Failure: http://localhost:4200/ -> net::ERR_ABORTED
2022-05-25 11:21:30 ERROR    Failure: http://localhost:4200/ -> net::ERR_ABORTED
2022-05-25 11:21:30 ERROR    Failure: http://localhost:4200/ -> net::ERR_ABORTED
2022-05-25 11:21:30 ERROR    Failure: http://localhost:4200/ -> net::ERR_ABORTED
2022-05-25 11:21:30 ERROR    Failure: http://localhost:4200/-N2tau_R-AuPGM1v4_n9 -> net::ERR_CONNECTION_REFUSED
2022-05-25 11:21:30 ERROR    Failure: http://localhost:4200/-N2tau_R-AuPGM1v4_n9 -> Failed to load resource: net::ERR_CONNECTION_REFUSED
2022-05-25 11:21:30 ERROR    Failure: http://localhost:4200/-N2tau_R-AuPGM1v4_n9 -> JSHandle@error
2022-05-25 11:21:30 ERROR    Failure: http://localhost:4200/-N2tau_R-AuPGM1v4_n9 -> Error: FIREBASE FATAL ERROR: Cannot parse Firebase url. Please use https://<YOUR FIREBASE>.firebaseio.com 	    at Vb (http://localhost:4200/assets/vendor.js:85597:278)	    at Wb (http://localhost:4200/assets/vendor.js:85599:21)	    at firebase.INTERNAL.registerService.Reference (http://localhost:4200/assets/vendor.js:85805:235)	    at Object.a.(anonymous function) [as database] (http://localhost:4200/assets/vendor.js:84825:4066)	    at e.value (http://localhost:4200/assets/vendor.js:84825:6484)	    at Object.create (http://localhost:4200/assets/vendor.js:124663:18)	    at instantiate (http://localhost:4200/assets/vendor.js:21220:23)	    at lookup (http://localhost:4200/assets/vendor.js:21045:17)	    at Container.lookup (http://localhost:4200/assets/vendor.js:20964:14)	    at Class.lookup (http://localhost:4200/assets/vendor.js:52226:33)
2022-05-25 11:21:40 ERROR    Failure: http://localhost:4200/ -> net::ERR_ABORTED
2022-05-25 11:21:40 ERROR    Failure: http://localhost:4200/ -> net::ERR_ABORTED
2022-05-25 11:21:40 ERROR    Failure: http://localhost:4200/ -> net::ERR_ABORTED
2022-05-25 11:21:40 ERROR    Failure: http://localhost:4200/ -> net::ERR_ABORTED
2022-05-25 11:21:40 ERROR    Failure: http://localhost:4200/ -> net::ERR_ABORTED
2022-05-25 11:21:40 ERROR    Failure: http://localhost:4200/ -> net::ERR_ABORTED
2022-05-25 11:21:40 ERROR    Failure: http://localhost:4200/ -> net::ERR_ABORTED
2022-05-25 11:21:40 ERROR    Failure: http://localhost:4200/-N2tau_R-AuPGM1v4_n9 -> net::ERR_CONNECTION_REFUSED
2022-05-25 11:21:40 ERROR    Failure: http://localhost:4200/-N2tau_R-AuPGM1v4_n9 -> Failed to load resource: net::ERR_CONNECTION_REFUSED
2022-05-25 11:21:41 ERROR    Failure: http://localhost:4200/-N2tau_R-AuPGM1v4_n9 -> JSHandle@error
2022-05-25 11:21:41 ERROR    Failure: http://localhost:4200/-N2tau_R-AuPGM1v4_n9 -> Error: FIREBASE FATAL ERROR: Cannot parse Firebase url. Please use https://<YOUR FIREBASE>.firebaseio.com 	    at Vb (http://localhost:4200/assets/vendor.js:85597:278)	    at Wb (http://localhost:4200/assets/vendor.js:85599:21)	    at firebase.INTERNAL.registerService.Reference (http://localhost:4200/assets/vendor.js:85805:235)	    at Object.a.(anonymous function) [as database] (http://localhost:4200/assets/vendor.js:84825:4066)	    at e.value (http://localhost:4200/assets/vendor.js:84825:6484)	    at Object.create (http://localhost:4200/assets/vendor.js:124663:18)	    at instantiate (http://localhost:4200/assets/vendor.js:21220:23)	    at lookup (http://localhost:4200/assets/vendor.js:21045:17)	    at Container.lookup (http://localhost:4200/assets/vendor.js:20964:14)	    at Class.lookup (http://localhost:4200/assets/vendor.js:52226:33)
2022-05-25 11:21:44 ERROR    Failure: http://localhost:4200/ -> net::ERR_ABORTED
2022-05-25 11:21:44 ERROR    Failure: http://localhost:4200/ -> net::ERR_ABORTED
2022-05-25 11:21:44 ERROR    Failure: http://localhost:4200/ -> net::ERR_ABORTED
2022-05-25 11:21:44 ERROR    Failure: http://localhost:4200/ -> net::ERR_ABORTED
2022-05-25 11:21:44 ERROR    Failure: http://localhost:4200/ -> net::ERR_ABORTED
2022-05-25 11:21:44 ERROR    Failure: http://localhost:4200/ -> net::ERR_ABORTED
2022-05-25 11:21:44 ERROR    Failure: http://localhost:4200/ -> net::ERR_ABORTED
2022-05-25 11:21:44 ERROR    Failure: http://localhost:4200/-N2tcsy7wdBNCULOnCV- -> net::ERR_CONNECTION_REFUSED
2022-05-25 11:21:44 ERROR    Failure: http://localhost:4200/-N2tcsy7wdBNCULOnCV- -> Failed to load resource: net::ERR_CONNECTION_REFUSED
2022-05-25 11:21:44 ERROR    Failure: http://localhost:4200/-N2tcsy7wdBNCULOnCV- -> JSHandle@error
2022-05-25 11:21:44 ERROR    Failure: http://localhost:4200/-N2tcsy7wdBNCULOnCV- -> Error: FIREBASE FATAL ERROR: Cannot parse Firebase url. Please use https://<YOUR FIREBASE>.firebaseio.com 	    at Vb (http://localhost:4200/assets/vendor.js:85597:278)	    at Wb (http://localhost:4200/assets/vendor.js:85599:21)	    at firebase.INTERNAL.registerService.Reference (http://localhost:4200/assets/vendor.js:85805:235)	    at Object.a.(anonymous function) [as database] (http://localhost:4200/assets/vendor.js:84825:4066)	    at e.value (http://localhost:4200/assets/vendor.js:84825:6484)	    at Object.create (http://localhost:4200/assets/vendor.js:124663:18)	    at instantiate (http://localhost:4200/assets/vendor.js:21220:23)	    at lookup (http://localhost:4200/assets/vendor.js:21045:17)	    at Container.lookup (http://localhost:4200/assets/vendor.js:20964:14)	    at Class.lookup (http://localhost:4200/assets/vendor.js:52226:33)
2022-05-25 11:21:50 ERROR    Failure: http://localhost:4200/ -> net::ERR_ABORTED
2022-05-25 11:21:50 ERROR    Failure: http://localhost:4200/ -> net::ERR_ABORTED
2022-05-25 11:21:50 ERROR    Failure: http://localhost:4200/ -> net::ERR_ABORTED
2022-05-25 11:21:50 ERROR    Failure: http://localhost:4200/ -> net::ERR_ABORTED
2022-05-25 11:21:50 ERROR    Failure: http://localhost:4200/ -> net::ERR_ABORTED
2022-05-25 11:21:50 ERROR    Failure: http://localhost:4200/ -> net::ERR_ABORTED
2022-05-25 11:21:50 ERROR    Failure: http://localhost:4200/ -> net::ERR_ABORTED
2022-05-25 11:21:50 ERROR    Failure: http://localhost:4200/-N2tcsy7wdBNCULOnCV- -> net::ERR_CONNECTION_REFUSED
2022-05-25 11:21:50 ERROR    Failure: http://localhost:4200/-N2tcsy7wdBNCULOnCV- -> Failed to load resource: net::ERR_CONNECTION_REFUSED
2022-05-25 11:21:51 ERROR    Failure: http://localhost:4200/-N2tcsy7wdBNCULOnCV- -> JSHandle@error
2022-05-25 11:21:51 ERROR    Failure: http://localhost:4200/-N2tcsy7wdBNCULOnCV- -> Error: FIREBASE FATAL ERROR: Cannot parse Firebase url. Please use https://<YOUR FIREBASE>.firebaseio.com 	    at Vb (http://localhost:4200/assets/vendor.js:85597:278)	    at Wb (http://localhost:4200/assets/vendor.js:85599:21)	    at firebase.INTERNAL.registerService.Reference (http://localhost:4200/assets/vendor.js:85805:235)	    at Object.a.(anonymous function) [as database] (http://localhost:4200/assets/vendor.js:84825:4066)	    at e.value (http://localhost:4200/assets/vendor.js:84825:6484)	    at Object.create (http://localhost:4200/assets/vendor.js:124663:18)	    at instantiate (http://localhost:4200/assets/vendor.js:21220:23)	    at lookup (http://localhost:4200/assets/vendor.js:21045:17)	    at Container.lookup (http://localhost:4200/assets/vendor.js:20964:14)	    at Class.lookup (http://localhost:4200/assets/vendor.js:52226:33)
2022-05-25 11:21:57 ERROR    Failure: http://localhost:4200/ -> net::ERR_ABORTED
2022-05-25 11:21:57 ERROR    Failure: http://localhost:4200/ -> net::ERR_ABORTED
2022-05-25 11:21:57 ERROR    Failure: http://localhost:4200/ -> net::ERR_ABORTED
2022-05-25 11:21:57 ERROR    Failure: http://localhost:4200/ -> net::ERR_ABORTED
2022-05-25 11:21:57 ERROR    Failure: http://localhost:4200/ -> net::ERR_ABORTED
2022-05-25 11:21:57 ERROR    Failure: http://localhost:4200/ -> net::ERR_ABORTED
2022-05-25 11:21:57 ERROR    Failure: http://localhost:4200/ -> net::ERR_ABORTED
2022-05-25 11:21:57 ERROR    Failure: http://localhost:4200/-N2tcsy7wdBNCULOnCV- -> net::ERR_CONNECTION_REFUSED
2022-05-25 11:21:57 ERROR    Failure: http://localhost:4200/-N2tcsy7wdBNCULOnCV- -> Failed to load resource: net::ERR_CONNECTION_REFUSED
2022-05-25 11:21:58 ERROR    Failure: http://localhost:4200/-N2tcsy7wdBNCULOnCV- -> JSHandle@error
2022-05-25 11:21:58 ERROR    Failure: http://localhost:4200/-N2tcsy7wdBNCULOnCV- -> Error: FIREBASE FATAL ERROR: Cannot parse Firebase url. Please use https://<YOUR FIREBASE>.firebaseio.com 	    at Vb (http://localhost:4200/assets/vendor.js:85597:278)	    at Wb (http://localhost:4200/assets/vendor.js:85599:21)	    at firebase.INTERNAL.registerService.Reference (http://localhost:4200/assets/vendor.js:85805:235)	    at Object.a.(anonymous function) [as database] (http://localhost:4200/assets/vendor.js:84825:4066)	    at e.value (http://localhost:4200/assets/vendor.js:84825:6484)	    at Object.create (http://localhost:4200/assets/vendor.js:124663:18)	    at instantiate (http://localhost:4200/assets/vendor.js:21220:23)	    at lookup (http://localhost:4200/assets/vendor.js:21045:17)	    at Container.lookup (http://localhost:4200/assets/vendor.js:20964:14)	    at Class.lookup (http://localhost:4200/assets/vendor.js:52226:33)
2022-05-25 11:22:02 ERROR    Failure: http://localhost:4200/ -> net::ERR_ABORTED
2022-05-25 11:22:02 ERROR    Failure: http://localhost:4200/ -> net::ERR_ABORTED
2022-05-25 11:22:02 ERROR    Failure: http://localhost:4200/ -> net::ERR_ABORTED
2022-05-25 11:22:02 ERROR    Failure: http://localhost:4200/ -> net::ERR_ABORTED
2022-05-25 11:22:02 ERROR    Failure: http://localhost:4200/ -> net::ERR_ABORTED
2022-05-25 11:22:02 ERROR    Failure: http://localhost:4200/ -> net::ERR_ABORTED
2022-05-25 11:22:02 ERROR    Failure: http://localhost:4200/ -> net::ERR_ABORTED
2022-05-25 11:22:02 ERROR    Failure: http://localhost:4200/-N2tcsy7wdBNCULOnCV- -> net::ERR_CONNECTION_REFUSED
2022-05-25 11:22:02 ERROR    Failure: http://localhost:4200/-N2tcsy7wdBNCULOnCV- -> Failed to load resource: net::ERR_CONNECTION_REFUSED
2022-05-25 11:22:03 ERROR    Failure: http://localhost:4200/-N2tcsy7wdBNCULOnCV- -> JSHandle@error
2022-05-25 11:22:03 ERROR    Failure: http://localhost:4200/-N2tcsy7wdBNCULOnCV- -> Error: FIREBASE FATAL ERROR: Cannot parse Firebase url. Please use https://<YOUR FIREBASE>.firebaseio.com 	    at Vb (http://localhost:4200/assets/vendor.js:85597:278)	    at Wb (http://localhost:4200/assets/vendor.js:85599:21)	    at firebase.INTERNAL.registerService.Reference (http://localhost:4200/assets/vendor.js:85805:235)	    at Object.a.(anonymous function) [as database] (http://localhost:4200/assets/vendor.js:84825:4066)	    at e.value (http://localhost:4200/assets/vendor.js:84825:6484)	    at Object.create (http://localhost:4200/assets/vendor.js:124663:18)	    at instantiate (http://localhost:4200/assets/vendor.js:21220:23)	    at lookup (http://localhost:4200/assets/vendor.js:21045:17)	    at Container.lookup (http://localhost:4200/assets/vendor.js:20964:14)	    at Class.lookup (http://localhost:4200/assets/vendor.js:52226:33)
2022-05-25 11:22:06 ERROR    Failure: http://localhost:4200/ -> net::ERR_ABORTED
2022-05-25 11:22:06 ERROR    Failure: http://localhost:4200/ -> net::ERR_ABORTED
2022-05-25 11:22:06 ERROR    Failure: http://localhost:4200/ -> net::ERR_ABORTED
2022-05-25 11:22:06 ERROR    Failure: http://localhost:4200/ -> net::ERR_ABORTED
2022-05-25 11:22:06 ERROR    Failure: http://localhost:4200/ -> net::ERR_ABORTED
2022-05-25 11:22:06 ERROR    Failure: http://localhost:4200/ -> net::ERR_ABORTED
2022-05-25 11:22:06 ERROR    Failure: http://localhost:4200/ -> net::ERR_ABORTED
2022-05-25 11:22:06 ERROR    Failure: http://localhost:4200/-N2tcsy7wdBNCULOnCV- -> net::ERR_CONNECTION_REFUSED
2022-05-25 11:22:06 ERROR    Failure: http://localhost:4200/-N2tcsy7wdBNCULOnCV- -> Failed to load resource: net::ERR_CONNECTION_REFUSED
2022-05-25 11:22:07 ERROR    Failure: http://localhost:4200/-N2tcsy7wdBNCULOnCV- -> JSHandle@error
2022-05-25 11:22:07 ERROR    Failure: http://localhost:4200/-N2tcsy7wdBNCULOnCV- -> Error: FIREBASE FATAL ERROR: Cannot parse Firebase url. Please use https://<YOUR FIREBASE>.firebaseio.com 	    at Vb (http://localhost:4200/assets/vendor.js:85597:278)	    at Wb (http://localhost:4200/assets/vendor.js:85599:21)	    at firebase.INTERNAL.registerService.Reference (http://localhost:4200/assets/vendor.js:85805:235)	    at Object.a.(anonymous function) [as database] (http://localhost:4200/assets/vendor.js:84825:4066)	    at e.value (http://localhost:4200/assets/vendor.js:84825:6484)	    at Object.create (http://localhost:4200/assets/vendor.js:124663:18)	    at instantiate (http://localhost:4200/assets/vendor.js:21220:23)	    at lookup (http://localhost:4200/assets/vendor.js:21045:17)	    at Container.lookup (http://localhost:4200/assets/vendor.js:20964:14)	    at Class.lookup (http://localhost:4200/assets/vendor.js:52226:33)
2022-05-25 11:22:09 ERROR    Failure: http://localhost:4200/ -> net::ERR_ABORTED
2022-05-25 11:22:09 ERROR    Failure: http://localhost:4200/ -> net::ERR_ABORTED
2022-05-25 11:22:09 ERROR    Failure: http://localhost:4200/ -> net::ERR_ABORTED
2022-05-25 11:22:09 ERROR    Failure: http://localhost:4200/ -> net::ERR_ABORTED
2022-05-25 11:22:09 ERROR    Failure: http://localhost:4200/ -> net::ERR_ABORTED
2022-05-25 11:22:09 ERROR    Failure: http://localhost:4200/ -> net::ERR_ABORTED
2022-05-25 11:22:09 ERROR    Failure: http://localhost:4200/ -> net::ERR_ABORTED
2022-05-25 11:22:09 ERROR    Failure: http://localhost:4200/-N2tcsy7wdBNCULOnCV- -> net::ERR_CONNECTION_REFUSED
2022-05-25 11:22:09 ERROR    Failure: http://localhost:4200/-N2tcsy7wdBNCULOnCV- -> Failed to load resource: net::ERR_CONNECTION_REFUSED
2022-05-25 11:22:10 ERROR    Failure: http://localhost:4200/-N2tcsy7wdBNCULOnCV- -> JSHandle@error
2022-05-25 11:22:10 ERROR    Failure: http://localhost:4200/-N2tcsy7wdBNCULOnCV- -> Error: FIREBASE FATAL ERROR: Cannot parse Firebase url. Please use https://<YOUR FIREBASE>.firebaseio.com 	    at Vb (http://localhost:4200/assets/vendor.js:85597:278)	    at Wb (http://localhost:4200/assets/vendor.js:85599:21)	    at firebase.INTERNAL.registerService.Reference (http://localhost:4200/assets/vendor.js:85805:235)	    at Object.a.(anonymous function) [as database] (http://localhost:4200/assets/vendor.js:84825:4066)	    at e.value (http://localhost:4200/assets/vendor.js:84825:6484)	    at Object.create (http://localhost:4200/assets/vendor.js:124663:18)	    at instantiate (http://localhost:4200/assets/vendor.js:21220:23)	    at lookup (http://localhost:4200/assets/vendor.js:21045:17)	    at Container.lookup (http://localhost:4200/assets/vendor.js:20964:14)	    at Class.lookup (http://localhost:4200/assets/vendor.js:52226:33)
2022-05-25 11:22:11 ERROR    Failure: http://localhost:4200/ -> net::ERR_ABORTED
2022-05-25 11:22:11 ERROR    Failure: http://localhost:4200/ -> net::ERR_ABORTED
2022-05-25 11:22:11 ERROR    Failure: http://localhost:4200/ -> net::ERR_ABORTED
2022-05-25 11:22:11 ERROR    Failure: http://localhost:4200/ -> net::ERR_ABORTED
2022-05-25 11:22:11 ERROR    Failure: http://localhost:4200/ -> net::ERR_ABORTED
2022-05-25 11:22:11 ERROR    Failure: http://localhost:4200/ -> net::ERR_ABORTED
2022-05-25 11:22:11 ERROR    Failure: http://localhost:4200/ -> net::ERR_ABORTED
2022-05-25 11:22:11 ERROR    Failure: http://localhost:4200/-N2tcsy7wdBNCULOnCV- -> net::ERR_CONNECTION_REFUSED
2022-05-25 11:22:11 ERROR    Failure: http://localhost:4200/-N2tcsy7wdBNCULOnCV- -> Failed to load resource: net::ERR_CONNECTION_REFUSED
2022-05-25 11:22:12 ERROR    Failure: http://localhost:4200/-N2tcsy7wdBNCULOnCV- -> JSHandle@error
2022-05-25 11:22:12 ERROR    Failure: http://localhost:4200/-N2tcsy7wdBNCULOnCV- -> Error: FIREBASE FATAL ERROR: Cannot parse Firebase url. Please use https://<YOUR FIREBASE>.firebaseio.com 	    at Vb (http://localhost:4200/assets/vendor.js:85597:278)	    at Wb (http://localhost:4200/assets/vendor.js:85599:21)	    at firebase.INTERNAL.registerService.Reference (http://localhost:4200/assets/vendor.js:85805:235)	    at Object.a.(anonymous function) [as database] (http://localhost:4200/assets/vendor.js:84825:4066)	    at e.value (http://localhost:4200/assets/vendor.js:84825:6484)	    at Object.create (http://localhost:4200/assets/vendor.js:124663:18)	    at instantiate (http://localhost:4200/assets/vendor.js:21220:23)	    at lookup (http://localhost:4200/assets/vendor.js:21045:17)	    at Container.lookup (http://localhost:4200/assets/vendor.js:20964:14)	    at Class.lookup (http://localhost:4200/assets/vendor.js:52226:33)
2022-05-25 11:22:18 ERROR    Failure: http://localhost:4200/ -> net::ERR_ABORTED
2022-05-25 11:22:18 ERROR    Failure: http://localhost:4200/ -> net::ERR_ABORTED
2022-05-25 11:22:18 ERROR    Failure: http://localhost:4200/ -> net::ERR_ABORTED
2022-05-25 11:22:18 ERROR    Failure: http://localhost:4200/ -> net::ERR_ABORTED
2022-05-25 11:22:18 ERROR    Failure: http://localhost:4200/ -> net::ERR_ABORTED
2022-05-25 11:22:18 ERROR    Failure: http://localhost:4200/ -> net::ERR_ABORTED
2022-05-25 11:22:18 ERROR    Failure: http://localhost:4200/ -> net::ERR_ABORTED
2022-05-25 11:22:18 ERROR    Failure: http://localhost:4200/-N2tcKYNCqQgbXsVobHt -> net::ERR_CONNECTION_REFUSED
2022-05-25 11:22:18 ERROR    Failure: http://localhost:4200/-N2tcKYNCqQgbXsVobHt -> Failed to load resource: net::ERR_CONNECTION_REFUSED
2022-05-25 11:22:18 ERROR    Failure: http://localhost:4200/-N2tcKYNCqQgbXsVobHt -> JSHandle@error
2022-05-25 11:22:18 ERROR    Failure: http://localhost:4200/-N2tcKYNCqQgbXsVobHt -> Error: FIREBASE FATAL ERROR: Cannot parse Firebase url. Please use https://<YOUR FIREBASE>.firebaseio.com 	    at Vb (http://localhost:4200/assets/vendor.js:85597:278)	    at Wb (http://localhost:4200/assets/vendor.js:85599:21)	    at firebase.INTERNAL.registerService.Reference (http://localhost:4200/assets/vendor.js:85805:235)	    at Object.a.(anonymous function) [as database] (http://localhost:4200/assets/vendor.js:84825:4066)	    at e.value (http://localhost:4200/assets/vendor.js:84825:6484)	    at Object.create (http://localhost:4200/assets/vendor.js:124663:18)	    at instantiate (http://localhost:4200/assets/vendor.js:21220:23)	    at lookup (http://localhost:4200/assets/vendor.js:21045:17)	    at Container.lookup (http://localhost:4200/assets/vendor.js:20964:14)	    at Class.lookup (http://localhost:4200/assets/vendor.js:52226:33)
2022-05-25 11:22:25 ERROR    Failure: http://localhost:4200/ -> net::ERR_ABORTED
2022-05-25 11:22:25 ERROR    Failure: http://localhost:4200/ -> net::ERR_ABORTED
2022-05-25 11:22:25 ERROR    Failure: http://localhost:4200/ -> net::ERR_ABORTED
2022-05-25 11:22:25 ERROR    Failure: http://localhost:4200/ -> net::ERR_ABORTED
2022-05-25 11:22:25 ERROR    Failure: http://localhost:4200/ -> net::ERR_ABORTED
2022-05-25 11:22:25 ERROR    Failure: http://localhost:4200/ -> net::ERR_ABORTED
2022-05-25 11:22:25 ERROR    Failure: http://localhost:4200/ -> net::ERR_ABORTED
2022-05-25 11:22:25 ERROR    Failure: http://localhost:4200/-N2tany8jv7w0c9Gf-ll -> net::ERR_CONNECTION_REFUSED
2022-05-25 11:22:25 ERROR    Failure: http://localhost:4200/-N2tany8jv7w0c9Gf-ll -> Failed to load resource: net::ERR_CONNECTION_REFUSED
2022-05-25 11:22:25 ERROR    Failure: http://localhost:4200/-N2tany8jv7w0c9Gf-ll -> JSHandle@error
2022-05-25 11:22:25 ERROR    Failure: http://localhost:4200/-N2tany8jv7w0c9Gf-ll -> Error: FIREBASE FATAL ERROR: Cannot parse Firebase url. Please use https://<YOUR FIREBASE>.firebaseio.com 	    at Vb (http://localhost:4200/assets/vendor.js:85597:278)	    at Wb (http://localhost:4200/assets/vendor.js:85599:21)	    at firebase.INTERNAL.registerService.Reference (http://localhost:4200/assets/vendor.js:85805:235)	    at Object.a.(anonymous function) [as database] (http://localhost:4200/assets/vendor.js:84825:4066)	    at e.value (http://localhost:4200/assets/vendor.js:84825:6484)	    at Object.create (http://localhost:4200/assets/vendor.js:124663:18)	    at instantiate (http://localhost:4200/assets/vendor.js:21220:23)	    at lookup (http://localhost:4200/assets/vendor.js:21045:17)	    at Container.lookup (http://localhost:4200/assets/vendor.js:20964:14)	    at Class.lookup (http://localhost:4200/assets/vendor.js:52226:33)
2022-05-25 11:22:35 ERROR    Failure: http://localhost:4200/ -> net::ERR_ABORTED
2022-05-25 11:22:35 ERROR    Failure: http://localhost:4200/ -> net::ERR_ABORTED
2022-05-25 11:22:35 ERROR    Failure: http://localhost:4200/ -> net::ERR_ABORTED
2022-05-25 11:22:35 ERROR    Failure: http://localhost:4200/ -> net::ERR_ABORTED
2022-05-25 11:22:35 ERROR    Failure: http://localhost:4200/ -> net::ERR_ABORTED
2022-05-25 11:22:35 ERROR    Failure: http://localhost:4200/ -> net::ERR_ABORTED
2022-05-25 11:22:35 ERROR    Failure: http://localhost:4200/ -> net::ERR_ABORTED
2022-05-25 11:22:35 ERROR    Failure: http://localhost:4200/-N2tany8jv7w0c9Gf-ll -> net::ERR_CONNECTION_REFUSED
2022-05-25 11:22:35 ERROR    Failure: http://localhost:4200/-N2tany8jv7w0c9Gf-ll -> Failed to load resource: net::ERR_CONNECTION_REFUSED
2022-05-25 11:22:36 ERROR    Failure: http://localhost:4200/-N2tany8jv7w0c9Gf-ll -> JSHandle@error
2022-05-25 11:22:36 ERROR    Failure: http://localhost:4200/-N2tany8jv7w0c9Gf-ll -> Error: FIREBASE FATAL ERROR: Cannot parse Firebase url. Please use https://<YOUR FIREBASE>.firebaseio.com 	    at Vb (http://localhost:4200/assets/vendor.js:85597:278)	    at Wb (http://localhost:4200/assets/vendor.js:85599:21)	    at firebase.INTERNAL.registerService.Reference (http://localhost:4200/assets/vendor.js:85805:235)	    at Object.a.(anonymous function) [as database] (http://localhost:4200/assets/vendor.js:84825:4066)	    at e.value (http://localhost:4200/assets/vendor.js:84825:6484)	    at Object.create (http://localhost:4200/assets/vendor.js:124663:18)	    at instantiate (http://localhost:4200/assets/vendor.js:21220:23)	    at lookup (http://localhost:4200/assets/vendor.js:21045:17)	    at Container.lookup (http://localhost:4200/assets/vendor.js:20964:14)	    at Class.lookup (http://localhost:4200/assets/vendor.js:52226:33)
2022-05-25 11:22:41 ERROR    Failure: http://localhost:4200/ -> net::ERR_ABORTED
2022-05-25 11:22:41 ERROR    Failure: http://localhost:4200/ -> net::ERR_ABORTED
2022-05-25 11:22:41 ERROR    Failure: http://localhost:4200/ -> net::ERR_ABORTED
2022-05-25 11:22:41 ERROR    Failure: http://localhost:4200/ -> net::ERR_ABORTED
2022-05-25 11:22:41 ERROR    Failure: http://localhost:4200/ -> net::ERR_ABORTED
2022-05-25 11:22:41 ERROR    Failure: http://localhost:4200/ -> net::ERR_ABORTED
2022-05-25 11:22:41 ERROR    Failure: http://localhost:4200/ -> net::ERR_ABORTED
2022-05-25 11:22:41 ERROR    Failure: http://localhost:4200/-N2tany8jv7w0c9Gf-ll -> net::ERR_CONNECTION_REFUSED
2022-05-25 11:22:41 ERROR    Failure: http://localhost:4200/-N2tany8jv7w0c9Gf-ll -> Failed to load resource: net::ERR_CONNECTION_REFUSED
2022-05-25 11:22:41 ERROR    Failure: http://localhost:4200/-N2tany8jv7w0c9Gf-ll -> JSHandle@error
2022-05-25 11:22:41 ERROR    Failure: http://localhost:4200/-N2tany8jv7w0c9Gf-ll -> Error: FIREBASE FATAL ERROR: Cannot parse Firebase url. Please use https://<YOUR FIREBASE>.firebaseio.com 	    at Vb (http://localhost:4200/assets/vendor.js:85597:278)	    at Wb (http://localhost:4200/assets/vendor.js:85599:21)	    at firebase.INTERNAL.registerService.Reference (http://localhost:4200/assets/vendor.js:85805:235)	    at Object.a.(anonymous function) [as database] (http://localhost:4200/assets/vendor.js:84825:4066)	    at e.value (http://localhost:4200/assets/vendor.js:84825:6484)	    at Object.create (http://localhost:4200/assets/vendor.js:124663:18)	    at instantiate (http://localhost:4200/assets/vendor.js:21220:23)	    at lookup (http://localhost:4200/assets/vendor.js:21045:17)	    at Container.lookup (http://localhost:4200/assets/vendor.js:20964:14)	    at Class.lookup (http://localhost:4200/assets/vendor.js:52226:33)
2022-05-25 11:22:50 ERROR    Failure: http://localhost:4200/ -> net::ERR_ABORTED
2022-05-25 11:22:50 ERROR    Failure: http://localhost:4200/ -> net::ERR_ABORTED
2022-05-25 11:22:50 ERROR    Failure: http://localhost:4200/ -> net::ERR_ABORTED
2022-05-25 11:22:50 ERROR    Failure: http://localhost:4200/ -> net::ERR_ABORTED
2022-05-25 11:22:50 ERROR    Failure: http://localhost:4200/ -> net::ERR_ABORTED
2022-05-25 11:22:50 ERROR    Failure: http://localhost:4200/ -> net::ERR_ABORTED
2022-05-25 11:22:50 ERROR    Failure: http://localhost:4200/ -> net::ERR_ABORTED
2022-05-25 11:22:50 ERROR    Failure: http://localhost:4200/-N2tany8jv7w0c9Gf-ll -> net::ERR_CONNECTION_REFUSED
2022-05-25 11:22:50 ERROR    Failure: http://localhost:4200/-N2tany8jv7w0c9Gf-ll -> Failed to load resource: net::ERR_CONNECTION_REFUSED
2022-05-25 11:22:50 ERROR    Failure: http://localhost:4200/-N2tany8jv7w0c9Gf-ll -> JSHandle@error
2022-05-25 11:22:50 ERROR    Failure: http://localhost:4200/-N2tany8jv7w0c9Gf-ll -> Error: FIREBASE FATAL ERROR: Cannot parse Firebase url. Please use https://<YOUR FIREBASE>.firebaseio.com 	    at Vb (http://localhost:4200/assets/vendor.js:85597:278)	    at Wb (http://localhost:4200/assets/vendor.js:85599:21)	    at firebase.INTERNAL.registerService.Reference (http://localhost:4200/assets/vendor.js:85805:235)	    at Object.a.(anonymous function) [as database] (http://localhost:4200/assets/vendor.js:84825:4066)	    at e.value (http://localhost:4200/assets/vendor.js:84825:6484)	    at Object.create (http://localhost:4200/assets/vendor.js:124663:18)	    at instantiate (http://localhost:4200/assets/vendor.js:21220:23)	    at lookup (http://localhost:4200/assets/vendor.js:21045:17)	    at Container.lookup (http://localhost:4200/assets/vendor.js:20964:14)	    at Class.lookup (http://localhost:4200/assets/vendor.js:52226:33)
2022-05-25 11:22:54 ERROR    Failure: http://localhost:4200/ -> net::ERR_ABORTED
2022-05-25 11:22:54 ERROR    Failure: http://localhost:4200/ -> net::ERR_ABORTED
2022-05-25 11:22:54 ERROR    Failure: http://localhost:4200/ -> net::ERR_ABORTED
2022-05-25 11:22:54 ERROR    Failure: http://localhost:4200/ -> net::ERR_ABORTED
2022-05-25 11:22:54 ERROR    Failure: http://localhost:4200/ -> net::ERR_ABORTED
2022-05-25 11:22:54 ERROR    Failure: http://localhost:4200/ -> net::ERR_ABORTED
2022-05-25 11:22:54 ERROR    Failure: http://localhost:4200/ -> net::ERR_ABORTED
2022-05-25 11:22:54 ERROR    Failure: http://localhost:4200/-N2tany8jv7w0c9Gf-ll -> net::ERR_CONNECTION_REFUSED
2022-05-25 11:22:54 ERROR    Failure: http://localhost:4200/-N2tany8jv7w0c9Gf-ll -> Failed to load resource: net::ERR_CONNECTION_REFUSED
2022-05-25 11:22:54 ERROR    Failure: http://localhost:4200/-N2tany8jv7w0c9Gf-ll -> JSHandle@error
2022-05-25 11:22:54 ERROR    Failure: http://localhost:4200/-N2tany8jv7w0c9Gf-ll -> Error: FIREBASE FATAL ERROR: Cannot parse Firebase url. Please use https://<YOUR FIREBASE>.firebaseio.com 	    at Vb (http://localhost:4200/assets/vendor.js:85597:278)	    at Wb (http://localhost:4200/assets/vendor.js:85599:21)	    at firebase.INTERNAL.registerService.Reference (http://localhost:4200/assets/vendor.js:85805:235)	    at Object.a.(anonymous function) [as database] (http://localhost:4200/assets/vendor.js:84825:4066)	    at e.value (http://localhost:4200/assets/vendor.js:84825:6484)	    at Object.create (http://localhost:4200/assets/vendor.js:124663:18)	    at instantiate (http://localhost:4200/assets/vendor.js:21220:23)	    at lookup (http://localhost:4200/assets/vendor.js:21045:17)	    at Container.lookup (http://localhost:4200/assets/vendor.js:20964:14)	    at Class.lookup (http://localhost:4200/assets/vendor.js:52226:33)
2022-05-25 11:22:58 ERROR    Failure: http://localhost:4200/ -> net::ERR_ABORTED
2022-05-25 11:22:58 ERROR    Failure: http://localhost:4200/ -> net::ERR_ABORTED
2022-05-25 11:22:58 ERROR    Failure: http://localhost:4200/ -> net::ERR_ABORTED
2022-05-25 11:22:58 ERROR    Failure: http://localhost:4200/ -> net::ERR_ABORTED
2022-05-25 11:22:58 ERROR    Failure: http://localhost:4200/ -> net::ERR_ABORTED
2022-05-25 11:22:58 ERROR    Failure: http://localhost:4200/ -> net::ERR_ABORTED
2022-05-25 11:22:58 ERROR    Failure: http://localhost:4200/ -> net::ERR_ABORTED
2022-05-25 11:22:58 ERROR    Failure: http://localhost:4200/-N2tany8jv7w0c9Gf-ll -> net::ERR_CONNECTION_REFUSED
2022-05-25 11:22:58 ERROR    Failure: http://localhost:4200/-N2tany8jv7w0c9Gf-ll -> Failed to load resource: net::ERR_CONNECTION_REFUSED
2022-05-25 11:22:59 ERROR    Failure: http://localhost:4200/-N2tany8jv7w0c9Gf-ll -> JSHandle@error
2022-05-25 11:22:59 ERROR    Failure: http://localhost:4200/-N2tany8jv7w0c9Gf-ll -> Error: FIREBASE FATAL ERROR: Cannot parse Firebase url. Please use https://<YOUR FIREBASE>.firebaseio.com 	    at Vb (http://localhost:4200/assets/vendor.js:85597:278)	    at Wb (http://localhost:4200/assets/vendor.js:85599:21)	    at firebase.INTERNAL.registerService.Reference (http://localhost:4200/assets/vendor.js:85805:235)	    at Object.a.(anonymous function) [as database] (http://localhost:4200/assets/vendor.js:84825:4066)	    at e.value (http://localhost:4200/assets/vendor.js:84825:6484)	    at Object.create (http://localhost:4200/assets/vendor.js:124663:18)	    at instantiate (http://localhost:4200/assets/vendor.js:21220:23)	    at lookup (http://localhost:4200/assets/vendor.js:21045:17)	    at Container.lookup (http://localhost:4200/assets/vendor.js:20964:14)	    at Class.lookup (http://localhost:4200/assets/vendor.js:52226:33)
2022-05-25 11:23:09 ERROR    Failure: http://localhost:4200/ -> net::ERR_ABORTED
2022-05-25 11:23:09 ERROR    Failure: http://localhost:4200/ -> net::ERR_ABORTED
2022-05-25 11:23:09 ERROR    Failure: http://localhost:4200/ -> net::ERR_ABORTED
2022-05-25 11:23:09 ERROR    Failure: http://localhost:4200/ -> net::ERR_ABORTED
2022-05-25 11:23:09 ERROR    Failure: http://localhost:4200/ -> net::ERR_ABORTED
2022-05-25 11:23:09 ERROR    Failure: http://localhost:4200/ -> net::ERR_ABORTED
2022-05-25 11:23:09 ERROR    Failure: http://localhost:4200/-N2tany8jv7w0c9Gf-ll -> net::ERR_CONNECTION_REFUSED
2022-05-25 11:23:09 ERROR    Failure: http://localhost:4200/-N2tany8jv7w0c9Gf-ll -> Failed to load resource: net::ERR_CONNECTION_REFUSED
2022-05-25 11:23:09 ERROR    Failure: http://localhost:4200/-N2tany8jv7w0c9Gf-ll -> JSHandle@error
2022-05-25 11:23:09 ERROR    Failure: http://localhost:4200/-N2tany8jv7w0c9Gf-ll -> Error: FIREBASE FATAL ERROR: Cannot parse Firebase url. Please use https://<YOUR FIREBASE>.firebaseio.com 	    at Vb (http://localhost:4200/assets/vendor.js:85597:278)	    at Wb (http://localhost:4200/assets/vendor.js:85599:21)	    at firebase.INTERNAL.registerService.Reference (http://localhost:4200/assets/vendor.js:85805:235)	    at Object.a.(anonymous function) [as database] (http://localhost:4200/assets/vendor.js:84825:4066)	    at e.value (http://localhost:4200/assets/vendor.js:84825:6484)	    at Object.create (http://localhost:4200/assets/vendor.js:124663:18)	    at instantiate (http://localhost:4200/assets/vendor.js:21220:23)	    at lookup (http://localhost:4200/assets/vendor.js:21045:17)	    at Container.lookup (http://localhost:4200/assets/vendor.js:20964:14)	    at Class.lookup (http://localhost:4200/assets/vendor.js:52226:33)
2022-05-25 11:23:13 ERROR    Failure: http://localhost:4200/ -> net::ERR_ABORTED
2022-05-25 11:23:13 ERROR    Failure: http://localhost:4200/ -> net::ERR_ABORTED
2022-05-25 11:23:13 ERROR    Failure: http://localhost:4200/ -> net::ERR_ABORTED
2022-05-25 11:23:13 ERROR    Failure: http://localhost:4200/ -> net::ERR_ABORTED
2022-05-25 11:23:13 ERROR    Failure: http://localhost:4200/ -> net::ERR_ABORTED
2022-05-25 11:23:13 ERROR    Failure: http://localhost:4200/ -> net::ERR_ABORTED
2022-05-25 11:23:13 ERROR    Failure: http://localhost:4200/ -> net::ERR_ABORTED
2022-05-25 11:23:13 ERROR    Failure: http://localhost:4200/-N2tany8jv7w0c9Gf-ll -> net::ERR_CONNECTION_REFUSED
2022-05-25 11:23:13 ERROR    Failure: http://localhost:4200/-N2tany8jv7w0c9Gf-ll -> Failed to load resource: net::ERR_CONNECTION_REFUSED
2022-05-25 11:23:13 ERROR    Failure: http://localhost:4200/-N2tany8jv7w0c9Gf-ll -> JSHandle@error
2022-05-25 11:23:13 ERROR    Failure: http://localhost:4200/-N2tany8jv7w0c9Gf-ll -> Error: FIREBASE FATAL ERROR: Cannot parse Firebase url. Please use https://<YOUR FIREBASE>.firebaseio.com 	    at Vb (http://localhost:4200/assets/vendor.js:85597:278)	    at Wb (http://localhost:4200/assets/vendor.js:85599:21)	    at firebase.INTERNAL.registerService.Reference (http://localhost:4200/assets/vendor.js:85805:235)	    at Object.a.(anonymous function) [as database] (http://localhost:4200/assets/vendor.js:84825:4066)	    at e.value (http://localhost:4200/assets/vendor.js:84825:6484)	    at Object.create (http://localhost:4200/assets/vendor.js:124663:18)	    at instantiate (http://localhost:4200/assets/vendor.js:21220:23)	    at lookup (http://localhost:4200/assets/vendor.js:21045:17)	    at Container.lookup (http://localhost:4200/assets/vendor.js:20964:14)	    at Class.lookup (http://localhost:4200/assets/vendor.js:52226:33)
2022-05-25 11:23:17 ERROR    Failure: http://localhost:4200/ -> net::ERR_ABORTED
2022-05-25 11:23:17 ERROR    Failure: http://localhost:4200/ -> net::ERR_ABORTED
2022-05-25 11:23:17 ERROR    Failure: http://localhost:4200/ -> net::ERR_ABORTED
2022-05-25 11:23:17 ERROR    Failure: http://localhost:4200/ -> net::ERR_ABORTED
2022-05-25 11:23:17 ERROR    Failure: http://localhost:4200/ -> net::ERR_ABORTED
2022-05-25 11:23:17 ERROR    Failure: http://localhost:4200/ -> net::ERR_ABORTED
2022-05-25 11:23:17 ERROR    Failure: http://localhost:4200/ -> net::ERR_ABORTED
2022-05-25 11:23:17 ERROR    Failure: http://localhost:4200/-N2tany8jv7w0c9Gf-ll -> net::ERR_CONNECTION_REFUSED
2022-05-25 11:23:17 ERROR    Failure: http://localhost:4200/-N2tany8jv7w0c9Gf-ll -> Failed to load resource: net::ERR_CONNECTION_REFUSED
2022-05-25 11:23:18 ERROR    Failure: http://localhost:4200/-N2tany8jv7w0c9Gf-ll -> JSHandle@error
2022-05-25 11:23:18 ERROR    Failure: http://localhost:4200/-N2tany8jv7w0c9Gf-ll -> Error: FIREBASE FATAL ERROR: Cannot parse Firebase url. Please use https://<YOUR FIREBASE>.firebaseio.com 	    at Vb (http://localhost:4200/assets/vendor.js:85597:278)	    at Wb (http://localhost:4200/assets/vendor.js:85599:21)	    at firebase.INTERNAL.registerService.Reference (http://localhost:4200/assets/vendor.js:85805:235)	    at Object.a.(anonymous function) [as database] (http://localhost:4200/assets/vendor.js:84825:4066)	    at e.value (http://localhost:4200/assets/vendor.js:84825:6484)	    at Object.create (http://localhost:4200/assets/vendor.js:124663:18)	    at instantiate (http://localhost:4200/assets/vendor.js:21220:23)	    at lookup (http://localhost:4200/assets/vendor.js:21045:17)	    at Container.lookup (http://localhost:4200/assets/vendor.js:20964:14)	    at Class.lookup (http://localhost:4200/assets/vendor.js:52226:33)
2022-05-25 11:23:19 WARNING  redoing process
2022-05-25 11:23:22 ERROR    Failure: http://localhost:4200/ -> net::ERR_ABORTED
2022-05-25 11:23:22 ERROR    Failure: http://localhost:4200/ -> net::ERR_ABORTED
2022-05-25 11:23:22 ERROR    Failure: http://localhost:4200/ -> net::ERR_ABORTED
2022-05-25 11:23:22 ERROR    Failure: http://localhost:4200/ -> net::ERR_ABORTED
2022-05-25 11:23:22 ERROR    Failure: http://localhost:4200/ -> net::ERR_ABORTED
2022-05-25 11:23:22 ERROR    Failure: http://localhost:4200/ -> net::ERR_ABORTED
2022-05-25 11:23:22 ERROR    Failure: http://localhost:4200/ -> net::ERR_ABORTED
2022-05-25 11:23:22 ERROR    Failure: http://localhost:4200/-N2tany8jv7w0c9Gf-ll -> net::ERR_CONNECTION_REFUSED
2022-05-25 11:23:22 ERROR    Failure: http://localhost:4200/-N2tany8jv7w0c9Gf-ll -> Failed to load resource: net::ERR_CONNECTION_REFUSED
2022-05-25 11:23:23 ERROR    Failure: http://localhost:4200/-N2tany8jv7w0c9Gf-ll -> JSHandle@error
2022-05-25 11:23:23 ERROR    Failure: http://localhost:4200/-N2tany8jv7w0c9Gf-ll -> Error: FIREBASE FATAL ERROR: Cannot parse Firebase url. Please use https://<YOUR FIREBASE>.firebaseio.com 	    at Vb (http://localhost:4200/assets/vendor.js:85597:278)	    at Wb (http://localhost:4200/assets/vendor.js:85599:21)	    at firebase.INTERNAL.registerService.Reference (http://localhost:4200/assets/vendor.js:85805:235)	    at Object.a.(anonymous function) [as database] (http://localhost:4200/assets/vendor.js:84825:4066)	    at e.value (http://localhost:4200/assets/vendor.js:84825:6484)	    at Object.create (http://localhost:4200/assets/vendor.js:124663:18)	    at instantiate (http://localhost:4200/assets/vendor.js:21220:23)	    at lookup (http://localhost:4200/assets/vendor.js:21045:17)	    at Container.lookup (http://localhost:4200/assets/vendor.js:20964:14)	    at Class.lookup (http://localhost:4200/assets/vendor.js:52226:33)
2022-05-25 11:23:26 ERROR    Failure: http://localhost:4200/ -> net::ERR_ABORTED
2022-05-25 11:23:26 ERROR    Failure: http://localhost:4200/ -> net::ERR_ABORTED
2022-05-25 11:23:26 ERROR    Failure: http://localhost:4200/ -> net::ERR_ABORTED
2022-05-25 11:23:26 ERROR    Failure: http://localhost:4200/ -> net::ERR_ABORTED
2022-05-25 11:23:26 ERROR    Failure: http://localhost:4200/ -> net::ERR_ABORTED
2022-05-25 11:23:26 ERROR    Failure: http://localhost:4200/ -> net::ERR_ABORTED
2022-05-25 11:23:26 ERROR    Failure: http://localhost:4200/ -> net::ERR_ABORTED
2022-05-25 11:23:26 ERROR    Failure: http://localhost:4200/-N2tany8jv7w0c9Gf-ll -> net::ERR_CONNECTION_REFUSED
2022-05-25 11:23:26 ERROR    Failure: http://localhost:4200/-N2tany8jv7w0c9Gf-ll -> Failed to load resource: net::ERR_CONNECTION_REFUSED
2022-05-25 11:23:27 ERROR    Failure: http://localhost:4200/-N2tany8jv7w0c9Gf-ll -> JSHandle@error
2022-05-25 11:23:27 ERROR    Failure: http://localhost:4200/-N2tany8jv7w0c9Gf-ll -> Error: FIREBASE FATAL ERROR: Cannot parse Firebase url. Please use https://<YOUR FIREBASE>.firebaseio.com 	    at Vb (http://localhost:4200/assets/vendor.js:85597:278)	    at Wb (http://localhost:4200/assets/vendor.js:85599:21)	    at firebase.INTERNAL.registerService.Reference (http://localhost:4200/assets/vendor.js:85805:235)	    at Object.a.(anonymous function) [as database] (http://localhost:4200/assets/vendor.js:84825:4066)	    at e.value (http://localhost:4200/assets/vendor.js:84825:6484)	    at Object.create (http://localhost:4200/assets/vendor.js:124663:18)	    at instantiate (http://localhost:4200/assets/vendor.js:21220:23)	    at lookup (http://localhost:4200/assets/vendor.js:21045:17)	    at Container.lookup (http://localhost:4200/assets/vendor.js:20964:14)	    at Class.lookup (http://localhost:4200/assets/vendor.js:52226:33)
2022-05-25 11:23:29 ERROR    Failure: http://localhost:4200/ -> net::ERR_ABORTED
2022-05-25 11:23:29 ERROR    Failure: http://localhost:4200/ -> net::ERR_ABORTED
2022-05-25 11:23:29 ERROR    Failure: http://localhost:4200/ -> net::ERR_ABORTED
2022-05-25 11:23:29 ERROR    Failure: http://localhost:4200/ -> net::ERR_ABORTED
2022-05-25 11:23:29 ERROR    Failure: http://localhost:4200/ -> net::ERR_ABORTED
2022-05-25 11:23:29 ERROR    Failure: http://localhost:4200/ -> net::ERR_ABORTED
2022-05-25 11:23:29 ERROR    Failure: http://localhost:4200/ -> net::ERR_ABORTED
2022-05-25 11:23:29 ERROR    Failure: http://localhost:4200/-N2tany8jv7w0c9Gf-ll -> net::ERR_CONNECTION_REFUSED
2022-05-25 11:23:29 ERROR    Failure: http://localhost:4200/-N2tany8jv7w0c9Gf-ll -> Failed to load resource: net::ERR_CONNECTION_REFUSED
2022-05-25 11:23:30 ERROR    Failure: http://localhost:4200/-N2tany8jv7w0c9Gf-ll -> JSHandle@error
2022-05-25 11:23:30 ERROR    Failure: http://localhost:4200/-N2tany8jv7w0c9Gf-ll -> Error: FIREBASE FATAL ERROR: Cannot parse Firebase url. Please use https://<YOUR FIREBASE>.firebaseio.com 	    at Vb (http://localhost:4200/assets/vendor.js:85597:278)	    at Wb (http://localhost:4200/assets/vendor.js:85599:21)	    at firebase.INTERNAL.registerService.Reference (http://localhost:4200/assets/vendor.js:85805:235)	    at Object.a.(anonymous function) [as database] (http://localhost:4200/assets/vendor.js:84825:4066)	    at e.value (http://localhost:4200/assets/vendor.js:84825:6484)	    at Object.create (http://localhost:4200/assets/vendor.js:124663:18)	    at instantiate (http://localhost:4200/assets/vendor.js:21220:23)	    at lookup (http://localhost:4200/assets/vendor.js:21045:17)	    at Container.lookup (http://localhost:4200/assets/vendor.js:20964:14)	    at Class.lookup (http://localhost:4200/assets/vendor.js:52226:33)
2022-05-25 11:23:33 ERROR    Failure: http://localhost:4200/ -> net::ERR_ABORTED
2022-05-25 11:23:33 ERROR    Failure: http://localhost:4200/ -> net::ERR_ABORTED
2022-05-25 11:23:33 ERROR    Failure: http://localhost:4200/ -> net::ERR_ABORTED
2022-05-25 11:23:33 ERROR    Failure: http://localhost:4200/ -> net::ERR_ABORTED
2022-05-25 11:23:33 ERROR    Failure: http://localhost:4200/ -> net::ERR_ABORTED
2022-05-25 11:23:33 ERROR    Failure: http://localhost:4200/ -> net::ERR_ABORTED
2022-05-25 11:23:33 ERROR    Failure: http://localhost:4200/ -> net::ERR_ABORTED
2022-05-25 11:23:33 ERROR    Failure: http://localhost:4200/-N2tcsy7wdBNCULOnCV- -> net::ERR_CONNECTION_REFUSED
2022-05-25 11:23:33 ERROR    Failure: http://localhost:4200/-N2tcsy7wdBNCULOnCV- -> Failed to load resource: net::ERR_CONNECTION_REFUSED
2022-05-25 11:23:34 ERROR    Failure: http://localhost:4200/-N2tcsy7wdBNCULOnCV- -> JSHandle@error
2022-05-25 11:23:34 ERROR    Failure: http://localhost:4200/-N2tcsy7wdBNCULOnCV- -> Error: FIREBASE FATAL ERROR: Cannot parse Firebase url. Please use https://<YOUR FIREBASE>.firebaseio.com 	    at Vb (http://localhost:4200/assets/vendor.js:85597:278)	    at Wb (http://localhost:4200/assets/vendor.js:85599:21)	    at firebase.INTERNAL.registerService.Reference (http://localhost:4200/assets/vendor.js:85805:235)	    at Object.a.(anonymous function) [as database] (http://localhost:4200/assets/vendor.js:84825:4066)	    at e.value (http://localhost:4200/assets/vendor.js:84825:6484)	    at Object.create (http://localhost:4200/assets/vendor.js:124663:18)	    at instantiate (http://localhost:4200/assets/vendor.js:21220:23)	    at lookup (http://localhost:4200/assets/vendor.js:21045:17)	    at Container.lookup (http://localhost:4200/assets/vendor.js:20964:14)	    at Class.lookup (http://localhost:4200/assets/vendor.js:52226:33)
2022-05-25 11:23:41 ERROR    Failure: http://localhost:4200/ -> net::ERR_ABORTED
2022-05-25 11:23:41 ERROR    Failure: http://localhost:4200/ -> net::ERR_ABORTED
2022-05-25 11:23:41 ERROR    Failure: http://localhost:4200/ -> net::ERR_ABORTED
2022-05-25 11:23:41 ERROR    Failure: http://localhost:4200/ -> net::ERR_ABORTED
2022-05-25 11:23:41 ERROR    Failure: http://localhost:4200/ -> net::ERR_ABORTED
2022-05-25 11:23:41 ERROR    Failure: http://localhost:4200/ -> net::ERR_ABORTED
2022-05-25 11:23:41 ERROR    Failure: http://localhost:4200/ -> net::ERR_ABORTED
2022-05-25 11:23:41 ERROR    Failure: http://localhost:4200/-N2tcsy7wdBNCULOnCV- -> net::ERR_CONNECTION_REFUSED
2022-05-25 11:23:41 ERROR    Failure: http://localhost:4200/-N2tcsy7wdBNCULOnCV- -> Failed to load resource: net::ERR_CONNECTION_REFUSED
2022-05-25 11:23:42 ERROR    Failure: http://localhost:4200/-N2tcsy7wdBNCULOnCV- -> JSHandle@error
2022-05-25 11:23:42 ERROR    Failure: http://localhost:4200/-N2tcsy7wdBNCULOnCV- -> Error: FIREBASE FATAL ERROR: Cannot parse Firebase url. Please use https://<YOUR FIREBASE>.firebaseio.com 	    at Vb (http://localhost:4200/assets/vendor.js:85597:278)	    at Wb (http://localhost:4200/assets/vendor.js:85599:21)	    at firebase.INTERNAL.registerService.Reference (http://localhost:4200/assets/vendor.js:85805:235)	    at Object.a.(anonymous function) [as database] (http://localhost:4200/assets/vendor.js:84825:4066)	    at e.value (http://localhost:4200/assets/vendor.js:84825:6484)	    at Object.create (http://localhost:4200/assets/vendor.js:124663:18)	    at instantiate (http://localhost:4200/assets/vendor.js:21220:23)	    at lookup (http://localhost:4200/assets/vendor.js:21045:17)	    at Container.lookup (http://localhost:4200/assets/vendor.js:20964:14)	    at Class.lookup (http://localhost:4200/assets/vendor.js:52226:33)
2022-05-25 11:23:47 ERROR    Failure: http://localhost:4200/ -> net::ERR_ABORTED
2022-05-25 11:23:47 ERROR    Failure: http://localhost:4200/ -> net::ERR_ABORTED
2022-05-25 11:23:47 ERROR    Failure: http://localhost:4200/ -> net::ERR_ABORTED
2022-05-25 11:23:47 ERROR    Failure: http://localhost:4200/ -> net::ERR_ABORTED
2022-05-25 11:23:47 ERROR    Failure: http://localhost:4200/ -> net::ERR_ABORTED
2022-05-25 11:23:47 ERROR    Failure: http://localhost:4200/ -> net::ERR_ABORTED
2022-05-25 11:23:47 ERROR    Failure: http://localhost:4200/ -> net::ERR_ABORTED
2022-05-25 11:23:47 ERROR    Failure: http://localhost:4200/-N2tcsy7wdBNCULOnCV- -> net::ERR_CONNECTION_REFUSED
2022-05-25 11:23:47 ERROR    Failure: http://localhost:4200/-N2tcsy7wdBNCULOnCV- -> Failed to load resource: net::ERR_CONNECTION_REFUSED
2022-05-25 11:23:48 ERROR    Failure: http://localhost:4200/-N2tcsy7wdBNCULOnCV- -> JSHandle@error
2022-05-25 11:23:48 ERROR    Failure: http://localhost:4200/-N2tcsy7wdBNCULOnCV- -> Error: FIREBASE FATAL ERROR: Cannot parse Firebase url. Please use https://<YOUR FIREBASE>.firebaseio.com 	    at Vb (http://localhost:4200/assets/vendor.js:85597:278)	    at Wb (http://localhost:4200/assets/vendor.js:85599:21)	    at firebase.INTERNAL.registerService.Reference (http://localhost:4200/assets/vendor.js:85805:235)	    at Object.a.(anonymous function) [as database] (http://localhost:4200/assets/vendor.js:84825:4066)	    at e.value (http://localhost:4200/assets/vendor.js:84825:6484)	    at Object.create (http://localhost:4200/assets/vendor.js:124663:18)	    at instantiate (http://localhost:4200/assets/vendor.js:21220:23)	    at lookup (http://localhost:4200/assets/vendor.js:21045:17)	    at Container.lookup (http://localhost:4200/assets/vendor.js:20964:14)	    at Class.lookup (http://localhost:4200/assets/vendor.js:52226:33)
2022-05-25 11:23:52 ERROR    Failure: http://localhost:4200/ -> net::ERR_ABORTED
2022-05-25 11:23:52 ERROR    Failure: http://localhost:4200/ -> net::ERR_ABORTED
2022-05-25 11:23:52 ERROR    Failure: http://localhost:4200/ -> net::ERR_ABORTED
2022-05-25 11:23:52 ERROR    Failure: http://localhost:4200/ -> net::ERR_ABORTED
2022-05-25 11:23:52 ERROR    Failure: http://localhost:4200/ -> net::ERR_ABORTED
2022-05-25 11:23:52 ERROR    Failure: http://localhost:4200/ -> net::ERR_ABORTED
2022-05-25 11:23:52 ERROR    Failure: http://localhost:4200/ -> net::ERR_ABORTED
2022-05-25 11:23:52 ERROR    Failure: http://localhost:4200/-N2tcsy7wdBNCULOnCV- -> net::ERR_CONNECTION_REFUSED
2022-05-25 11:23:52 ERROR    Failure: http://localhost:4200/-N2tcsy7wdBNCULOnCV- -> Failed to load resource: net::ERR_CONNECTION_REFUSED
2022-05-25 11:23:53 ERROR    Failure: http://localhost:4200/-N2tcsy7wdBNCULOnCV- -> JSHandle@error
2022-05-25 11:23:53 ERROR    Failure: http://localhost:4200/-N2tcsy7wdBNCULOnCV- -> Error: FIREBASE FATAL ERROR: Cannot parse Firebase url. Please use https://<YOUR FIREBASE>.firebaseio.com 	    at Vb (http://localhost:4200/assets/vendor.js:85597:278)	    at Wb (http://localhost:4200/assets/vendor.js:85599:21)	    at firebase.INTERNAL.registerService.Reference (http://localhost:4200/assets/vendor.js:85805:235)	    at Object.a.(anonymous function) [as database] (http://localhost:4200/assets/vendor.js:84825:4066)	    at e.value (http://localhost:4200/assets/vendor.js:84825:6484)	    at Object.create (http://localhost:4200/assets/vendor.js:124663:18)	    at instantiate (http://localhost:4200/assets/vendor.js:21220:23)	    at lookup (http://localhost:4200/assets/vendor.js:21045:17)	    at Container.lookup (http://localhost:4200/assets/vendor.js:20964:14)	    at Class.lookup (http://localhost:4200/assets/vendor.js:52226:33)
2022-05-25 11:24:01 ERROR    Failure: http://localhost:4200/ -> net::ERR_ABORTED
2022-05-25 11:24:01 ERROR    Failure: http://localhost:4200/ -> net::ERR_ABORTED
2022-05-25 11:24:01 ERROR    Failure: http://localhost:4200/ -> net::ERR_ABORTED
2022-05-25 11:24:01 ERROR    Failure: http://localhost:4200/ -> net::ERR_ABORTED
2022-05-25 11:24:01 ERROR    Failure: http://localhost:4200/ -> net::ERR_ABORTED
2022-05-25 11:24:01 ERROR    Failure: http://localhost:4200/ -> net::ERR_ABORTED
2022-05-25 11:24:01 ERROR    Failure: http://localhost:4200/ -> net::ERR_ABORTED
2022-05-25 11:24:01 ERROR    Failure: http://localhost:4200/-N2tcsy7wdBNCULOnCV- -> net::ERR_CONNECTION_REFUSED
2022-05-25 11:24:01 ERROR    Failure: http://localhost:4200/-N2tcsy7wdBNCULOnCV- -> Failed to load resource: net::ERR_CONNECTION_REFUSED
2022-05-25 11:24:02 ERROR    Failure: http://localhost:4200/-N2tcsy7wdBNCULOnCV- -> JSHandle@error
2022-05-25 11:24:02 ERROR    Failure: http://localhost:4200/-N2tcsy7wdBNCULOnCV- -> Error: FIREBASE FATAL ERROR: Cannot parse Firebase url. Please use https://<YOUR FIREBASE>.firebaseio.com 	    at Vb (http://localhost:4200/assets/vendor.js:85597:278)	    at Wb (http://localhost:4200/assets/vendor.js:85599:21)	    at firebase.INTERNAL.registerService.Reference (http://localhost:4200/assets/vendor.js:85805:235)	    at Object.a.(anonymous function) [as database] (http://localhost:4200/assets/vendor.js:84825:4066)	    at e.value (http://localhost:4200/assets/vendor.js:84825:6484)	    at Object.create (http://localhost:4200/assets/vendor.js:124663:18)	    at instantiate (http://localhost:4200/assets/vendor.js:21220:23)	    at lookup (http://localhost:4200/assets/vendor.js:21045:17)	    at Container.lookup (http://localhost:4200/assets/vendor.js:20964:14)	    at Class.lookup (http://localhost:4200/assets/vendor.js:52226:33)
2022-05-25 11:24:06 ERROR    Failure: http://localhost:4200/ -> net::ERR_ABORTED
2022-05-25 11:24:06 ERROR    Failure: http://localhost:4200/ -> net::ERR_ABORTED
2022-05-25 11:24:06 ERROR    Failure: http://localhost:4200/ -> net::ERR_ABORTED
2022-05-25 11:24:06 ERROR    Failure: http://localhost:4200/ -> net::ERR_ABORTED
2022-05-25 11:24:06 ERROR    Failure: http://localhost:4200/ -> net::ERR_ABORTED
2022-05-25 11:24:06 ERROR    Failure: http://localhost:4200/ -> net::ERR_ABORTED
2022-05-25 11:24:06 ERROR    Failure: http://localhost:4200/ -> net::ERR_ABORTED
2022-05-25 11:24:06 ERROR    Failure: http://localhost:4200/-N2tcsy7wdBNCULOnCV- -> net::ERR_CONNECTION_REFUSED
2022-05-25 11:24:06 ERROR    Failure: http://localhost:4200/-N2tcsy7wdBNCULOnCV- -> Failed to load resource: net::ERR_CONNECTION_REFUSED
2022-05-25 11:24:07 ERROR    Failure: http://localhost:4200/-N2tcsy7wdBNCULOnCV- -> JSHandle@error
2022-05-25 11:24:07 ERROR    Failure: http://localhost:4200/-N2tcsy7wdBNCULOnCV- -> Error: FIREBASE FATAL ERROR: Cannot parse Firebase url. Please use https://<YOUR FIREBASE>.firebaseio.com 	    at Vb (http://localhost:4200/assets/vendor.js:85597:278)	    at Wb (http://localhost:4200/assets/vendor.js:85599:21)	    at firebase.INTERNAL.registerService.Reference (http://localhost:4200/assets/vendor.js:85805:235)	    at Object.a.(anonymous function) [as database] (http://localhost:4200/assets/vendor.js:84825:4066)	    at e.value (http://localhost:4200/assets/vendor.js:84825:6484)	    at Object.create (http://localhost:4200/assets/vendor.js:124663:18)	    at instantiate (http://localhost:4200/assets/vendor.js:21220:23)	    at lookup (http://localhost:4200/assets/vendor.js:21045:17)	    at Container.lookup (http://localhost:4200/assets/vendor.js:20964:14)	    at Class.lookup (http://localhost:4200/assets/vendor.js:52226:33)
2022-05-25 11:24:11 ERROR    Failure: http://localhost:4200/ -> net::ERR_ABORTED
2022-05-25 11:24:11 ERROR    Failure: http://localhost:4200/ -> net::ERR_ABORTED
2022-05-25 11:24:11 ERROR    Failure: http://localhost:4200/ -> net::ERR_ABORTED
2022-05-25 11:24:11 ERROR    Failure: http://localhost:4200/ -> net::ERR_ABORTED
2022-05-25 11:24:11 ERROR    Failure: http://localhost:4200/ -> net::ERR_ABORTED
2022-05-25 11:24:11 ERROR    Failure: http://localhost:4200/ -> net::ERR_ABORTED
2022-05-25 11:24:11 ERROR    Failure: http://localhost:4200/ -> net::ERR_ABORTED
2022-05-25 11:24:11 ERROR    Failure: http://localhost:4200/-N2tcsy7wdBNCULOnCV- -> net::ERR_CONNECTION_REFUSED
2022-05-25 11:24:11 ERROR    Failure: http://localhost:4200/-N2tcsy7wdBNCULOnCV- -> Failed to load resource: net::ERR_CONNECTION_REFUSED
2022-05-25 11:24:12 ERROR    Failure: http://localhost:4200/-N2tcsy7wdBNCULOnCV- -> JSHandle@error
2022-05-25 11:24:12 ERROR    Failure: http://localhost:4200/-N2tcsy7wdBNCULOnCV- -> Error: FIREBASE FATAL ERROR: Cannot parse Firebase url. Please use https://<YOUR FIREBASE>.firebaseio.com 	    at Vb (http://localhost:4200/assets/vendor.js:85597:278)	    at Wb (http://localhost:4200/assets/vendor.js:85599:21)	    at firebase.INTERNAL.registerService.Reference (http://localhost:4200/assets/vendor.js:85805:235)	    at Object.a.(anonymous function) [as database] (http://localhost:4200/assets/vendor.js:84825:4066)	    at e.value (http://localhost:4200/assets/vendor.js:84825:6484)	    at Object.create (http://localhost:4200/assets/vendor.js:124663:18)	    at instantiate (http://localhost:4200/assets/vendor.js:21220:23)	    at lookup (http://localhost:4200/assets/vendor.js:21045:17)	    at Container.lookup (http://localhost:4200/assets/vendor.js:20964:14)	    at Class.lookup (http://localhost:4200/assets/vendor.js:52226:33)
2022-05-25 11:24:16 ERROR    Failure: http://localhost:4200/ -> net::ERR_ABORTED
2022-05-25 11:24:16 ERROR    Failure: http://localhost:4200/ -> net::ERR_ABORTED
2022-05-25 11:24:16 ERROR    Failure: http://localhost:4200/ -> net::ERR_ABORTED
2022-05-25 11:24:16 ERROR    Failure: http://localhost:4200/ -> net::ERR_ABORTED
2022-05-25 11:24:16 ERROR    Failure: http://localhost:4200/ -> net::ERR_ABORTED
2022-05-25 11:24:16 ERROR    Failure: http://localhost:4200/ -> net::ERR_ABORTED
2022-05-25 11:24:16 ERROR    Failure: http://localhost:4200/ -> net::ERR_ABORTED
2022-05-25 11:24:16 ERROR    Failure: http://localhost:4200/-N2tcsy7wdBNCULOnCV- -> net::ERR_CONNECTION_REFUSED
2022-05-25 11:24:16 ERROR    Failure: http://localhost:4200/-N2tcsy7wdBNCULOnCV- -> Failed to load resource: net::ERR_CONNECTION_REFUSED
2022-05-25 11:24:16 ERROR    Failure: http://localhost:4200/-N2tcsy7wdBNCULOnCV- -> JSHandle@error
2022-05-25 11:24:16 ERROR    Failure: http://localhost:4200/-N2tcsy7wdBNCULOnCV- -> Error: FIREBASE FATAL ERROR: Cannot parse Firebase url. Please use https://<YOUR FIREBASE>.firebaseio.com 	    at Vb (http://localhost:4200/assets/vendor.js:85597:278)	    at Wb (http://localhost:4200/assets/vendor.js:85599:21)	    at firebase.INTERNAL.registerService.Reference (http://localhost:4200/assets/vendor.js:85805:235)	    at Object.a.(anonymous function) [as database] (http://localhost:4200/assets/vendor.js:84825:4066)	    at e.value (http://localhost:4200/assets/vendor.js:84825:6484)	    at Object.create (http://localhost:4200/assets/vendor.js:124663:18)	    at instantiate (http://localhost:4200/assets/vendor.js:21220:23)	    at lookup (http://localhost:4200/assets/vendor.js:21045:17)	    at Container.lookup (http://localhost:4200/assets/vendor.js:20964:14)	    at Class.lookup (http://localhost:4200/assets/vendor.js:52226:33)
2022-05-25 11:24:19 ERROR    Failure: http://localhost:4200/ -> net::ERR_ABORTED
2022-05-25 11:24:19 ERROR    Failure: http://localhost:4200/ -> net::ERR_ABORTED
2022-05-25 11:24:19 ERROR    Failure: http://localhost:4200/ -> net::ERR_ABORTED
2022-05-25 11:24:19 ERROR    Failure: http://localhost:4200/ -> net::ERR_ABORTED
2022-05-25 11:24:19 ERROR    Failure: http://localhost:4200/ -> net::ERR_ABORTED
2022-05-25 11:24:19 ERROR    Failure: http://localhost:4200/ -> net::ERR_ABORTED
2022-05-25 11:24:19 ERROR    Failure: http://localhost:4200/ -> net::ERR_ABORTED
2022-05-25 11:24:19 ERROR    Failure: http://localhost:4200/-N2tcsy7wdBNCULOnCV- -> net::ERR_CONNECTION_REFUSED
2022-05-25 11:24:19 ERROR    Failure: http://localhost:4200/-N2tcsy7wdBNCULOnCV- -> Failed to load resource: net::ERR_CONNECTION_REFUSED
2022-05-25 11:24:20 ERROR    Failure: http://localhost:4200/-N2tcsy7wdBNCULOnCV- -> JSHandle@error
2022-05-25 11:24:20 ERROR    Failure: http://localhost:4200/-N2tcsy7wdBNCULOnCV- -> Error: FIREBASE FATAL ERROR: Cannot parse Firebase url. Please use https://<YOUR FIREBASE>.firebaseio.com 	    at Vb (http://localhost:4200/assets/vendor.js:85597:278)	    at Wb (http://localhost:4200/assets/vendor.js:85599:21)	    at firebase.INTERNAL.registerService.Reference (http://localhost:4200/assets/vendor.js:85805:235)	    at Object.a.(anonymous function) [as database] (http://localhost:4200/assets/vendor.js:84825:4066)	    at e.value (http://localhost:4200/assets/vendor.js:84825:6484)	    at Object.create (http://localhost:4200/assets/vendor.js:124663:18)	    at instantiate (http://localhost:4200/assets/vendor.js:21220:23)	    at lookup (http://localhost:4200/assets/vendor.js:21045:17)	    at Container.lookup (http://localhost:4200/assets/vendor.js:20964:14)	    at Class.lookup (http://localhost:4200/assets/vendor.js:52226:33)
2022-05-25 11:24:28 ERROR    Failure: http://localhost:4200/ -> net::ERR_ABORTED
2022-05-25 11:24:28 ERROR    Failure: http://localhost:4200/ -> net::ERR_ABORTED
2022-05-25 11:24:28 ERROR    Failure: http://localhost:4200/ -> net::ERR_ABORTED
2022-05-25 11:24:28 ERROR    Failure: http://localhost:4200/ -> net::ERR_ABORTED
2022-05-25 11:24:28 ERROR    Failure: http://localhost:4200/ -> net::ERR_ABORTED
2022-05-25 11:24:28 ERROR    Failure: http://localhost:4200/ -> net::ERR_ABORTED
2022-05-25 11:24:28 ERROR    Failure: http://localhost:4200/ -> net::ERR_ABORTED
2022-05-25 11:24:28 ERROR    Failure: http://localhost:4200/-N2tcsy7wdBNCULOnCV- -> net::ERR_CONNECTION_REFUSED
2022-05-25 11:24:28 ERROR    Failure: http://localhost:4200/-N2tcsy7wdBNCULOnCV- -> Failed to load resource: net::ERR_CONNECTION_REFUSED
2022-05-25 11:24:28 ERROR    Failure: http://localhost:4200/-N2tcsy7wdBNCULOnCV- -> JSHandle@error
2022-05-25 11:24:28 ERROR    Failure: http://localhost:4200/-N2tcsy7wdBNCULOnCV- -> Error: FIREBASE FATAL ERROR: Cannot parse Firebase url. Please use https://<YOUR FIREBASE>.firebaseio.com 	    at Vb (http://localhost:4200/assets/vendor.js:85597:278)	    at Wb (http://localhost:4200/assets/vendor.js:85599:21)	    at firebase.INTERNAL.registerService.Reference (http://localhost:4200/assets/vendor.js:85805:235)	    at Object.a.(anonymous function) [as database] (http://localhost:4200/assets/vendor.js:84825:4066)	    at e.value (http://localhost:4200/assets/vendor.js:84825:6484)	    at Object.create (http://localhost:4200/assets/vendor.js:124663:18)	    at instantiate (http://localhost:4200/assets/vendor.js:21220:23)	    at lookup (http://localhost:4200/assets/vendor.js:21045:17)	    at Container.lookup (http://localhost:4200/assets/vendor.js:20964:14)	    at Class.lookup (http://localhost:4200/assets/vendor.js:52226:33)
2022-05-25 11:24:29 WARNING  redoing process
2022-05-25 11:24:34 ERROR    Failure: http://localhost:4200/ -> net::ERR_ABORTED
2022-05-25 11:24:34 ERROR    Failure: http://localhost:4200/ -> net::ERR_ABORTED
2022-05-25 11:24:34 ERROR    Failure: http://localhost:4200/ -> net::ERR_ABORTED
2022-05-25 11:24:34 ERROR    Failure: http://localhost:4200/ -> net::ERR_ABORTED
2022-05-25 11:24:34 ERROR    Failure: http://localhost:4200/ -> net::ERR_ABORTED
2022-05-25 11:24:34 ERROR    Failure: http://localhost:4200/ -> net::ERR_ABORTED
2022-05-25 11:24:34 ERROR    Failure: http://localhost:4200/ -> net::ERR_ABORTED
2022-05-25 11:24:34 ERROR    Failure: http://localhost:4200/-N2tePkqUxaFE11qaoVB -> net::ERR_CONNECTION_REFUSED
2022-05-25 11:24:34 ERROR    Failure: http://localhost:4200/-N2tePkqUxaFE11qaoVB -> Failed to load resource: net::ERR_CONNECTION_REFUSED
2022-05-25 11:24:34 ERROR    Failure: http://localhost:4200/-N2tePkqUxaFE11qaoVB -> JSHandle@error
2022-05-25 11:24:34 ERROR    Failure: http://localhost:4200/-N2tePkqUxaFE11qaoVB -> Error: FIREBASE FATAL ERROR: Cannot parse Firebase url. Please use https://<YOUR FIREBASE>.firebaseio.com 	    at Vb (http://localhost:4200/assets/vendor.js:85597:278)	    at Wb (http://localhost:4200/assets/vendor.js:85599:21)	    at firebase.INTERNAL.registerService.Reference (http://localhost:4200/assets/vendor.js:85805:235)	    at Object.a.(anonymous function) [as database] (http://localhost:4200/assets/vendor.js:84825:4066)	    at e.value (http://localhost:4200/assets/vendor.js:84825:6484)	    at Object.create (http://localhost:4200/assets/vendor.js:124663:18)	    at instantiate (http://localhost:4200/assets/vendor.js:21220:23)	    at lookup (http://localhost:4200/assets/vendor.js:21045:17)	    at Container.lookup (http://localhost:4200/assets/vendor.js:20964:14)	    at Class.lookup (http://localhost:4200/assets/vendor.js:52226:33)
2022-05-25 11:24:41 ERROR    Failure: http://localhost:4200/ -> net::ERR_ABORTED
2022-05-25 11:24:41 ERROR    Failure: http://localhost:4200/ -> net::ERR_ABORTED
2022-05-25 11:24:41 ERROR    Failure: http://localhost:4200/ -> net::ERR_ABORTED
2022-05-25 11:24:41 ERROR    Failure: http://localhost:4200/ -> net::ERR_ABORTED
2022-05-25 11:24:41 ERROR    Failure: http://localhost:4200/ -> net::ERR_ABORTED
2022-05-25 11:24:41 ERROR    Failure: http://localhost:4200/ -> net::ERR_ABORTED
2022-05-25 11:24:41 ERROR    Failure: http://localhost:4200/ -> net::ERR_ABORTED
2022-05-25 11:24:41 ERROR    Failure: http://localhost:4200/-N2tePkqUxaFE11qaoVB -> net::ERR_CONNECTION_REFUSED
2022-05-25 11:24:41 ERROR    Failure: http://localhost:4200/-N2tePkqUxaFE11qaoVB -> Failed to load resource: net::ERR_CONNECTION_REFUSED
2022-05-25 11:24:42 ERROR    Failure: http://localhost:4200/-N2tePkqUxaFE11qaoVB -> JSHandle@error
2022-05-25 11:24:42 ERROR    Failure: http://localhost:4200/-N2tePkqUxaFE11qaoVB -> Error: FIREBASE FATAL ERROR: Cannot parse Firebase url. Please use https://<YOUR FIREBASE>.firebaseio.com 	    at Vb (http://localhost:4200/assets/vendor.js:85597:278)	    at Wb (http://localhost:4200/assets/vendor.js:85599:21)	    at firebase.INTERNAL.registerService.Reference (http://localhost:4200/assets/vendor.js:85805:235)	    at Object.a.(anonymous function) [as database] (http://localhost:4200/assets/vendor.js:84825:4066)	    at e.value (http://localhost:4200/assets/vendor.js:84825:6484)	    at Object.create (http://localhost:4200/assets/vendor.js:124663:18)	    at instantiate (http://localhost:4200/assets/vendor.js:21220:23)	    at lookup (http://localhost:4200/assets/vendor.js:21045:17)	    at Container.lookup (http://localhost:4200/assets/vendor.js:20964:14)	    at Class.lookup (http://localhost:4200/assets/vendor.js:52226:33)
2022-05-25 11:24:48 ERROR    Failure: http://localhost:4200/ -> net::ERR_ABORTED
2022-05-25 11:24:48 ERROR    Failure: http://localhost:4200/ -> net::ERR_ABORTED
2022-05-25 11:24:48 ERROR    Failure: http://localhost:4200/ -> net::ERR_ABORTED
2022-05-25 11:24:48 ERROR    Failure: http://localhost:4200/ -> net::ERR_ABORTED
2022-05-25 11:24:48 ERROR    Failure: http://localhost:4200/ -> net::ERR_ABORTED
2022-05-25 11:24:48 ERROR    Failure: http://localhost:4200/ -> net::ERR_ABORTED
2022-05-25 11:24:48 ERROR    Failure: http://localhost:4200/ -> net::ERR_ABORTED
2022-05-25 11:24:48 ERROR    Failure: http://localhost:4200/-N2tePkqUxaFE11qaoVB -> net::ERR_CONNECTION_REFUSED
2022-05-25 11:24:48 ERROR    Failure: http://localhost:4200/-N2tePkqUxaFE11qaoVB -> Failed to load resource: net::ERR_CONNECTION_REFUSED
2022-05-25 11:24:48 ERROR    Failure: http://localhost:4200/-N2tePkqUxaFE11qaoVB -> JSHandle@error
2022-05-25 11:24:48 ERROR    Failure: http://localhost:4200/-N2tePkqUxaFE11qaoVB -> Error: FIREBASE FATAL ERROR: Cannot parse Firebase url. Please use https://<YOUR FIREBASE>.firebaseio.com 	    at Vb (http://localhost:4200/assets/vendor.js:85597:278)	    at Wb (http://localhost:4200/assets/vendor.js:85599:21)	    at firebase.INTERNAL.registerService.Reference (http://localhost:4200/assets/vendor.js:85805:235)	    at Object.a.(anonymous function) [as database] (http://localhost:4200/assets/vendor.js:84825:4066)	    at e.value (http://localhost:4200/assets/vendor.js:84825:6484)	    at Object.create (http://localhost:4200/assets/vendor.js:124663:18)	    at instantiate (http://localhost:4200/assets/vendor.js:21220:23)	    at lookup (http://localhost:4200/assets/vendor.js:21045:17)	    at Container.lookup (http://localhost:4200/assets/vendor.js:20964:14)	    at Class.lookup (http://localhost:4200/assets/vendor.js:52226:33)
2022-05-25 11:24:54 ERROR    Failure: http://localhost:4200/ -> net::ERR_ABORTED
2022-05-25 11:24:54 ERROR    Failure: http://localhost:4200/ -> net::ERR_ABORTED
2022-05-25 11:24:54 ERROR    Failure: http://localhost:4200/ -> net::ERR_ABORTED
2022-05-25 11:24:54 ERROR    Failure: http://localhost:4200/ -> net::ERR_ABORTED
2022-05-25 11:24:54 ERROR    Failure: http://localhost:4200/ -> net::ERR_ABORTED
2022-05-25 11:24:54 ERROR    Failure: http://localhost:4200/ -> net::ERR_ABORTED
2022-05-25 11:24:54 ERROR    Failure: http://localhost:4200/ -> net::ERR_ABORTED
2022-05-25 11:24:54 ERROR    Failure: http://localhost:4200/-N2tePkqUxaFE11qaoVB -> net::ERR_CONNECTION_REFUSED
2022-05-25 11:24:54 ERROR    Failure: http://localhost:4200/-N2tePkqUxaFE11qaoVB -> Failed to load resource: net::ERR_CONNECTION_REFUSED
2022-05-25 11:24:54 ERROR    Failure: http://localhost:4200/-N2tePkqUxaFE11qaoVB -> JSHandle@error
2022-05-25 11:24:54 ERROR    Failure: http://localhost:4200/-N2tePkqUxaFE11qaoVB -> Error: FIREBASE FATAL ERROR: Cannot parse Firebase url. Please use https://<YOUR FIREBASE>.firebaseio.com 	    at Vb (http://localhost:4200/assets/vendor.js:85597:278)	    at Wb (http://localhost:4200/assets/vendor.js:85599:21)	    at firebase.INTERNAL.registerService.Reference (http://localhost:4200/assets/vendor.js:85805:235)	    at Object.a.(anonymous function) [as database] (http://localhost:4200/assets/vendor.js:84825:4066)	    at e.value (http://localhost:4200/assets/vendor.js:84825:6484)	    at Object.create (http://localhost:4200/assets/vendor.js:124663:18)	    at instantiate (http://localhost:4200/assets/vendor.js:21220:23)	    at lookup (http://localhost:4200/assets/vendor.js:21045:17)	    at Container.lookup (http://localhost:4200/assets/vendor.js:20964:14)	    at Class.lookup (http://localhost:4200/assets/vendor.js:52226:33)
2022-05-25 11:24:59 ERROR    Failure: http://localhost:4200/ -> net::ERR_ABORTED
2022-05-25 11:24:59 ERROR    Failure: http://localhost:4200/ -> net::ERR_ABORTED
2022-05-25 11:24:59 ERROR    Failure: http://localhost:4200/ -> net::ERR_ABORTED
2022-05-25 11:24:59 ERROR    Failure: http://localhost:4200/ -> net::ERR_ABORTED
2022-05-25 11:24:59 ERROR    Failure: http://localhost:4200/ -> net::ERR_ABORTED
2022-05-25 11:24:59 ERROR    Failure: http://localhost:4200/ -> net::ERR_ABORTED
2022-05-25 11:24:59 ERROR    Failure: http://localhost:4200/ -> net::ERR_ABORTED
2022-05-25 11:24:59 ERROR    Failure: http://localhost:4200/-N2tePkqUxaFE11qaoVB -> net::ERR_CONNECTION_REFUSED
2022-05-25 11:24:59 ERROR    Failure: http://localhost:4200/-N2tePkqUxaFE11qaoVB -> Failed to load resource: net::ERR_CONNECTION_REFUSED
2022-05-25 11:25:00 ERROR    Failure: http://localhost:4200/-N2tePkqUxaFE11qaoVB -> JSHandle@error
2022-05-25 11:25:00 ERROR    Failure: http://localhost:4200/-N2tePkqUxaFE11qaoVB -> Error: FIREBASE FATAL ERROR: Cannot parse Firebase url. Please use https://<YOUR FIREBASE>.firebaseio.com 	    at Vb (http://localhost:4200/assets/vendor.js:85597:278)	    at Wb (http://localhost:4200/assets/vendor.js:85599:21)	    at firebase.INTERNAL.registerService.Reference (http://localhost:4200/assets/vendor.js:85805:235)	    at Object.a.(anonymous function) [as database] (http://localhost:4200/assets/vendor.js:84825:4066)	    at e.value (http://localhost:4200/assets/vendor.js:84825:6484)	    at Object.create (http://localhost:4200/assets/vendor.js:124663:18)	    at instantiate (http://localhost:4200/assets/vendor.js:21220:23)	    at lookup (http://localhost:4200/assets/vendor.js:21045:17)	    at Container.lookup (http://localhost:4200/assets/vendor.js:20964:14)	    at Class.lookup (http://localhost:4200/assets/vendor.js:52226:33)
2022-05-25 11:25:08 ERROR    Failure: http://localhost:4200/ -> net::ERR_ABORTED
2022-05-25 11:25:08 ERROR    Failure: http://localhost:4200/ -> net::ERR_ABORTED
2022-05-25 11:25:08 ERROR    Failure: http://localhost:4200/ -> net::ERR_ABORTED
2022-05-25 11:25:08 ERROR    Failure: http://localhost:4200/ -> net::ERR_ABORTED
2022-05-25 11:25:08 ERROR    Failure: http://localhost:4200/ -> net::ERR_ABORTED
2022-05-25 11:25:08 ERROR    Failure: http://localhost:4200/ -> net::ERR_ABORTED
2022-05-25 11:25:08 ERROR    Failure: http://localhost:4200/-N2tePkqUxaFE11qaoVB -> net::ERR_CONNECTION_REFUSED
2022-05-25 11:25:08 ERROR    Failure: http://localhost:4200/-N2tePkqUxaFE11qaoVB -> Failed to load resource: net::ERR_CONNECTION_REFUSED
2022-05-25 11:25:09 ERROR    Failure: http://localhost:4200/-N2tePkqUxaFE11qaoVB -> JSHandle@error
2022-05-25 11:25:09 ERROR    Failure: http://localhost:4200/-N2tePkqUxaFE11qaoVB -> Error: FIREBASE FATAL ERROR: Cannot parse Firebase url. Please use https://<YOUR FIREBASE>.firebaseio.com 	    at Vb (http://localhost:4200/assets/vendor.js:85597:278)	    at Wb (http://localhost:4200/assets/vendor.js:85599:21)	    at firebase.INTERNAL.registerService.Reference (http://localhost:4200/assets/vendor.js:85805:235)	    at Object.a.(anonymous function) [as database] (http://localhost:4200/assets/vendor.js:84825:4066)	    at e.value (http://localhost:4200/assets/vendor.js:84825:6484)	    at Object.create (http://localhost:4200/assets/vendor.js:124663:18)	    at instantiate (http://localhost:4200/assets/vendor.js:21220:23)	    at lookup (http://localhost:4200/assets/vendor.js:21045:17)	    at Container.lookup (http://localhost:4200/assets/vendor.js:20964:14)	    at Class.lookup (http://localhost:4200/assets/vendor.js:52226:33)
2022-05-25 11:25:14 ERROR    Failure: http://localhost:4200/ -> net::ERR_ABORTED
2022-05-25 11:25:14 ERROR    Failure: http://localhost:4200/ -> net::ERR_ABORTED
2022-05-25 11:25:14 ERROR    Failure: http://localhost:4200/ -> net::ERR_ABORTED
2022-05-25 11:25:14 ERROR    Failure: http://localhost:4200/ -> net::ERR_ABORTED
2022-05-25 11:25:14 ERROR    Failure: http://localhost:4200/ -> net::ERR_ABORTED
2022-05-25 11:25:14 ERROR    Failure: http://localhost:4200/ -> net::ERR_ABORTED
2022-05-25 11:25:14 ERROR    Failure: http://localhost:4200/ -> net::ERR_ABORTED
2022-05-25 11:25:14 ERROR    Failure: http://localhost:4200/-N2tePkqUxaFE11qaoVB -> net::ERR_CONNECTION_REFUSED
2022-05-25 11:25:14 ERROR    Failure: http://localhost:4200/-N2tePkqUxaFE11qaoVB -> Failed to load resource: net::ERR_CONNECTION_REFUSED
2022-05-25 11:25:15 ERROR    Failure: http://localhost:4200/-N2tePkqUxaFE11qaoVB -> JSHandle@error
2022-05-25 11:25:15 ERROR    Failure: http://localhost:4200/-N2tePkqUxaFE11qaoVB -> Error: FIREBASE FATAL ERROR: Cannot parse Firebase url. Please use https://<YOUR FIREBASE>.firebaseio.com 	    at Vb (http://localhost:4200/assets/vendor.js:85597:278)	    at Wb (http://localhost:4200/assets/vendor.js:85599:21)	    at firebase.INTERNAL.registerService.Reference (http://localhost:4200/assets/vendor.js:85805:235)	    at Object.a.(anonymous function) [as database] (http://localhost:4200/assets/vendor.js:84825:4066)	    at e.value (http://localhost:4200/assets/vendor.js:84825:6484)	    at Object.create (http://localhost:4200/assets/vendor.js:124663:18)	    at instantiate (http://localhost:4200/assets/vendor.js:21220:23)	    at lookup (http://localhost:4200/assets/vendor.js:21045:17)	    at Container.lookup (http://localhost:4200/assets/vendor.js:20964:14)	    at Class.lookup (http://localhost:4200/assets/vendor.js:52226:33)
2022-05-25 11:25:20 ERROR    Failure: http://localhost:4200/ -> net::ERR_ABORTED
2022-05-25 11:25:20 ERROR    Failure: http://localhost:4200/ -> net::ERR_ABORTED
2022-05-25 11:25:20 ERROR    Failure: http://localhost:4200/ -> net::ERR_ABORTED
2022-05-25 11:25:20 ERROR    Failure: http://localhost:4200/ -> net::ERR_ABORTED
2022-05-25 11:25:20 ERROR    Failure: http://localhost:4200/ -> net::ERR_ABORTED
2022-05-25 11:25:20 ERROR    Failure: http://localhost:4200/ -> net::ERR_ABORTED
2022-05-25 11:25:20 ERROR    Failure: http://localhost:4200/ -> net::ERR_ABORTED
2022-05-25 11:25:20 ERROR    Failure: http://localhost:4200/-N2tePkqUxaFE11qaoVB -> net::ERR_CONNECTION_REFUSED
2022-05-25 11:25:20 ERROR    Failure: http://localhost:4200/-N2tePkqUxaFE11qaoVB -> Failed to load resource: net::ERR_CONNECTION_REFUSED
2022-05-25 11:25:20 ERROR    Failure: http://localhost:4200/-N2tePkqUxaFE11qaoVB -> JSHandle@error
2022-05-25 11:25:20 ERROR    Failure: http://localhost:4200/-N2tePkqUxaFE11qaoVB -> Error: FIREBASE FATAL ERROR: Cannot parse Firebase url. Please use https://<YOUR FIREBASE>.firebaseio.com 	    at Vb (http://localhost:4200/assets/vendor.js:85597:278)	    at Wb (http://localhost:4200/assets/vendor.js:85599:21)	    at firebase.INTERNAL.registerService.Reference (http://localhost:4200/assets/vendor.js:85805:235)	    at Object.a.(anonymous function) [as database] (http://localhost:4200/assets/vendor.js:84825:4066)	    at e.value (http://localhost:4200/assets/vendor.js:84825:6484)	    at Object.create (http://localhost:4200/assets/vendor.js:124663:18)	    at instantiate (http://localhost:4200/assets/vendor.js:21220:23)	    at lookup (http://localhost:4200/assets/vendor.js:21045:17)	    at Container.lookup (http://localhost:4200/assets/vendor.js:20964:14)	    at Class.lookup (http://localhost:4200/assets/vendor.js:52226:33)
2022-05-25 11:25:26 ERROR    Failure: http://localhost:4200/ -> net::ERR_ABORTED
2022-05-25 11:25:26 ERROR    Failure: http://localhost:4200/ -> net::ERR_ABORTED
2022-05-25 11:25:26 ERROR    Failure: http://localhost:4200/ -> net::ERR_ABORTED
2022-05-25 11:25:26 ERROR    Failure: http://localhost:4200/ -> net::ERR_ABORTED
2022-05-25 11:25:26 ERROR    Failure: http://localhost:4200/ -> net::ERR_ABORTED
2022-05-25 11:25:26 ERROR    Failure: http://localhost:4200/ -> net::ERR_ABORTED
2022-05-25 11:25:26 ERROR    Failure: http://localhost:4200/ -> net::ERR_ABORTED
2022-05-25 11:25:26 ERROR    Failure: http://localhost:4200/-N2tePkqUxaFE11qaoVB -> net::ERR_CONNECTION_REFUSED
2022-05-25 11:25:26 ERROR    Failure: http://localhost:4200/-N2tePkqUxaFE11qaoVB -> Failed to load resource: net::ERR_CONNECTION_REFUSED
2022-05-25 11:25:27 ERROR    Failure: http://localhost:4200/-N2tePkqUxaFE11qaoVB -> JSHandle@error
2022-05-25 11:25:27 ERROR    Failure: http://localhost:4200/-N2tePkqUxaFE11qaoVB -> Error: FIREBASE FATAL ERROR: Cannot parse Firebase url. Please use https://<YOUR FIREBASE>.firebaseio.com 	    at Vb (http://localhost:4200/assets/vendor.js:85597:278)	    at Wb (http://localhost:4200/assets/vendor.js:85599:21)	    at firebase.INTERNAL.registerService.Reference (http://localhost:4200/assets/vendor.js:85805:235)	    at Object.a.(anonymous function) [as database] (http://localhost:4200/assets/vendor.js:84825:4066)	    at e.value (http://localhost:4200/assets/vendor.js:84825:6484)	    at Object.create (http://localhost:4200/assets/vendor.js:124663:18)	    at instantiate (http://localhost:4200/assets/vendor.js:21220:23)	    at lookup (http://localhost:4200/assets/vendor.js:21045:17)	    at Container.lookup (http://localhost:4200/assets/vendor.js:20964:14)	    at Class.lookup (http://localhost:4200/assets/vendor.js:52226:33)
2022-05-25 11:25:31 ERROR    Failure: http://localhost:4200/ -> net::ERR_ABORTED
2022-05-25 11:25:31 ERROR    Failure: http://localhost:4200/ -> net::ERR_ABORTED
2022-05-25 11:25:31 ERROR    Failure: http://localhost:4200/ -> net::ERR_ABORTED
2022-05-25 11:25:31 ERROR    Failure: http://localhost:4200/ -> net::ERR_ABORTED
2022-05-25 11:25:31 ERROR    Failure: http://localhost:4200/ -> net::ERR_ABORTED
2022-05-25 11:25:31 ERROR    Failure: http://localhost:4200/ -> net::ERR_ABORTED
2022-05-25 11:25:31 ERROR    Failure: http://localhost:4200/ -> net::ERR_ABORTED
2022-05-25 11:25:31 ERROR    Failure: http://localhost:4200/-N2tePkqUxaFE11qaoVB -> net::ERR_CONNECTION_REFUSED
2022-05-25 11:25:31 ERROR    Failure: http://localhost:4200/-N2tePkqUxaFE11qaoVB -> Failed to load resource: net::ERR_CONNECTION_REFUSED
2022-05-25 11:25:32 ERROR    Failure: http://localhost:4200/-N2tePkqUxaFE11qaoVB -> JSHandle@error
2022-05-25 11:25:32 ERROR    Failure: http://localhost:4200/-N2tePkqUxaFE11qaoVB -> Error: FIREBASE FATAL ERROR: Cannot parse Firebase url. Please use https://<YOUR FIREBASE>.firebaseio.com 	    at Vb (http://localhost:4200/assets/vendor.js:85597:278)	    at Wb (http://localhost:4200/assets/vendor.js:85599:21)	    at firebase.INTERNAL.registerService.Reference (http://localhost:4200/assets/vendor.js:85805:235)	    at Object.a.(anonymous function) [as database] (http://localhost:4200/assets/vendor.js:84825:4066)	    at e.value (http://localhost:4200/assets/vendor.js:84825:6484)	    at Object.create (http://localhost:4200/assets/vendor.js:124663:18)	    at instantiate (http://localhost:4200/assets/vendor.js:21220:23)	    at lookup (http://localhost:4200/assets/vendor.js:21045:17)	    at Container.lookup (http://localhost:4200/assets/vendor.js:20964:14)	    at Class.lookup (http://localhost:4200/assets/vendor.js:52226:33)
2022-05-25 11:25:37 ERROR    Failure: http://localhost:4200/ -> net::ERR_ABORTED
2022-05-25 11:25:37 ERROR    Failure: http://localhost:4200/ -> net::ERR_ABORTED
2022-05-25 11:25:37 ERROR    Failure: http://localhost:4200/ -> net::ERR_ABORTED
2022-05-25 11:25:37 ERROR    Failure: http://localhost:4200/ -> net::ERR_ABORTED
2022-05-25 11:25:37 ERROR    Failure: http://localhost:4200/ -> net::ERR_ABORTED
2022-05-25 11:25:37 ERROR    Failure: http://localhost:4200/ -> net::ERR_ABORTED
2022-05-25 11:25:37 ERROR    Failure: http://localhost:4200/ -> net::ERR_ABORTED
2022-05-25 11:25:37 ERROR    Failure: http://localhost:4200/-N2tePkqUxaFE11qaoVB -> net::ERR_CONNECTION_REFUSED
2022-05-25 11:25:37 ERROR    Failure: http://localhost:4200/-N2tePkqUxaFE11qaoVB -> Failed to load resource: net::ERR_CONNECTION_REFUSED
2022-05-25 11:25:38 ERROR    Failure: http://localhost:4200/-N2tePkqUxaFE11qaoVB -> JSHandle@error
2022-05-25 11:25:38 ERROR    Failure: http://localhost:4200/-N2tePkqUxaFE11qaoVB -> Error: FIREBASE FATAL ERROR: Cannot parse Firebase url. Please use https://<YOUR FIREBASE>.firebaseio.com 	    at Vb (http://localhost:4200/assets/vendor.js:85597:278)	    at Wb (http://localhost:4200/assets/vendor.js:85599:21)	    at firebase.INTERNAL.registerService.Reference (http://localhost:4200/assets/vendor.js:85805:235)	    at Object.a.(anonymous function) [as database] (http://localhost:4200/assets/vendor.js:84825:4066)	    at e.value (http://localhost:4200/assets/vendor.js:84825:6484)	    at Object.create (http://localhost:4200/assets/vendor.js:124663:18)	    at instantiate (http://localhost:4200/assets/vendor.js:21220:23)	    at lookup (http://localhost:4200/assets/vendor.js:21045:17)	    at Container.lookup (http://localhost:4200/assets/vendor.js:20964:14)	    at Class.lookup (http://localhost:4200/assets/vendor.js:52226:33)
2022-05-25 11:25:44 ERROR    Failure: http://localhost:4200/ -> net::ERR_ABORTED
2022-05-25 11:25:44 ERROR    Failure: http://localhost:4200/ -> net::ERR_ABORTED
2022-05-25 11:25:44 ERROR    Failure: http://localhost:4200/ -> net::ERR_ABORTED
2022-05-25 11:25:44 ERROR    Failure: http://localhost:4200/ -> net::ERR_ABORTED
2022-05-25 11:25:44 ERROR    Failure: http://localhost:4200/ -> net::ERR_ABORTED
2022-05-25 11:25:44 ERROR    Failure: http://localhost:4200/ -> net::ERR_ABORTED
2022-05-25 11:25:44 ERROR    Failure: http://localhost:4200/ -> net::ERR_ABORTED
2022-05-25 11:25:44 ERROR    Failure: http://localhost:4200/-N2tePkqUxaFE11qaoVB -> net::ERR_CONNECTION_REFUSED
2022-05-25 11:25:44 ERROR    Failure: http://localhost:4200/-N2tePkqUxaFE11qaoVB -> Failed to load resource: net::ERR_CONNECTION_REFUSED
2022-05-25 11:25:44 ERROR    Failure: http://localhost:4200/-N2tePkqUxaFE11qaoVB -> JSHandle@error
2022-05-25 11:25:44 ERROR    Failure: http://localhost:4200/-N2tePkqUxaFE11qaoVB -> Error: FIREBASE FATAL ERROR: Cannot parse Firebase url. Please use https://<YOUR FIREBASE>.firebaseio.com 	    at Vb (http://localhost:4200/assets/vendor.js:85597:278)	    at Wb (http://localhost:4200/assets/vendor.js:85599:21)	    at firebase.INTERNAL.registerService.Reference (http://localhost:4200/assets/vendor.js:85805:235)	    at Object.a.(anonymous function) [as database] (http://localhost:4200/assets/vendor.js:84825:4066)	    at e.value (http://localhost:4200/assets/vendor.js:84825:6484)	    at Object.create (http://localhost:4200/assets/vendor.js:124663:18)	    at instantiate (http://localhost:4200/assets/vendor.js:21220:23)	    at lookup (http://localhost:4200/assets/vendor.js:21045:17)	    at Container.lookup (http://localhost:4200/assets/vendor.js:20964:14)	    at Class.lookup (http://localhost:4200/assets/vendor.js:52226:33)
2022-05-25 11:25:49 ERROR    Failure: http://localhost:4200/ -> net::ERR_ABORTED
2022-05-25 11:25:49 ERROR    Failure: http://localhost:4200/ -> net::ERR_ABORTED
2022-05-25 11:25:49 ERROR    Failure: http://localhost:4200/ -> net::ERR_ABORTED
2022-05-25 11:25:49 ERROR    Failure: http://localhost:4200/ -> net::ERR_ABORTED
2022-05-25 11:25:49 ERROR    Failure: http://localhost:4200/ -> net::ERR_ABORTED
2022-05-25 11:25:49 ERROR    Failure: http://localhost:4200/ -> net::ERR_ABORTED
2022-05-25 11:25:49 ERROR    Failure: http://localhost:4200/ -> net::ERR_ABORTED
2022-05-25 11:25:49 ERROR    Failure: http://localhost:4200/-N2tePkqUxaFE11qaoVB -> net::ERR_CONNECTION_REFUSED
2022-05-25 11:25:49 ERROR    Failure: http://localhost:4200/-N2tePkqUxaFE11qaoVB -> Failed to load resource: net::ERR_CONNECTION_REFUSED
2022-05-25 11:25:50 ERROR    Failure: http://localhost:4200/-N2tePkqUxaFE11qaoVB -> JSHandle@error
2022-05-25 11:25:50 ERROR    Failure: http://localhost:4200/-N2tePkqUxaFE11qaoVB -> Error: FIREBASE FATAL ERROR: Cannot parse Firebase url. Please use https://<YOUR FIREBASE>.firebaseio.com 	    at Vb (http://localhost:4200/assets/vendor.js:85597:278)	    at Wb (http://localhost:4200/assets/vendor.js:85599:21)	    at firebase.INTERNAL.registerService.Reference (http://localhost:4200/assets/vendor.js:85805:235)	    at Object.a.(anonymous function) [as database] (http://localhost:4200/assets/vendor.js:84825:4066)	    at e.value (http://localhost:4200/assets/vendor.js:84825:6484)	    at Object.create (http://localhost:4200/assets/vendor.js:124663:18)	    at instantiate (http://localhost:4200/assets/vendor.js:21220:23)	    at lookup (http://localhost:4200/assets/vendor.js:21045:17)	    at Container.lookup (http://localhost:4200/assets/vendor.js:20964:14)	    at Class.lookup (http://localhost:4200/assets/vendor.js:52226:33)
2022-05-25 11:25:52 ERROR    Failure: http://localhost:4200/ -> net::ERR_ABORTED
2022-05-25 11:25:52 ERROR    Failure: http://localhost:4200/ -> net::ERR_ABORTED
2022-05-25 11:25:52 ERROR    Failure: http://localhost:4200/ -> net::ERR_ABORTED
2022-05-25 11:25:52 ERROR    Failure: http://localhost:4200/ -> net::ERR_ABORTED
2022-05-25 11:25:52 ERROR    Failure: http://localhost:4200/ -> net::ERR_ABORTED
2022-05-25 11:25:52 ERROR    Failure: http://localhost:4200/ -> net::ERR_ABORTED
2022-05-25 11:25:52 ERROR    Failure: http://localhost:4200/ -> net::ERR_ABORTED
2022-05-25 11:25:52 ERROR    Failure: http://localhost:4200/-N2tePkqUxaFE11qaoVB -> net::ERR_CONNECTION_REFUSED
2022-05-25 11:25:52 ERROR    Failure: http://localhost:4200/-N2tePkqUxaFE11qaoVB -> Failed to load resource: net::ERR_CONNECTION_REFUSED
2022-05-25 11:25:53 ERROR    Failure: http://localhost:4200/-N2tePkqUxaFE11qaoVB -> JSHandle@error
2022-05-25 11:25:53 ERROR    Failure: http://localhost:4200/-N2tePkqUxaFE11qaoVB -> Error: FIREBASE FATAL ERROR: Cannot parse Firebase url. Please use https://<YOUR FIREBASE>.firebaseio.com 	    at Vb (http://localhost:4200/assets/vendor.js:85597:278)	    at Wb (http://localhost:4200/assets/vendor.js:85599:21)	    at firebase.INTERNAL.registerService.Reference (http://localhost:4200/assets/vendor.js:85805:235)	    at Object.a.(anonymous function) [as database] (http://localhost:4200/assets/vendor.js:84825:4066)	    at e.value (http://localhost:4200/assets/vendor.js:84825:6484)	    at Object.create (http://localhost:4200/assets/vendor.js:124663:18)	    at instantiate (http://localhost:4200/assets/vendor.js:21220:23)	    at lookup (http://localhost:4200/assets/vendor.js:21045:17)	    at Container.lookup (http://localhost:4200/assets/vendor.js:20964:14)	    at Class.lookup (http://localhost:4200/assets/vendor.js:52226:33)
2022-05-25 11:25:55 ERROR    Failure: http://localhost:4200/ -> net::ERR_ABORTED
2022-05-25 11:25:55 ERROR    Failure: http://localhost:4200/ -> net::ERR_ABORTED
2022-05-25 11:25:55 ERROR    Failure: http://localhost:4200/ -> net::ERR_ABORTED
2022-05-25 11:25:55 ERROR    Failure: http://localhost:4200/ -> net::ERR_ABORTED
2022-05-25 11:25:55 ERROR    Failure: http://localhost:4200/ -> net::ERR_ABORTED
2022-05-25 11:25:55 ERROR    Failure: http://localhost:4200/ -> net::ERR_ABORTED
2022-05-25 11:25:55 ERROR    Failure: http://localhost:4200/ -> net::ERR_ABORTED
2022-05-25 11:25:55 ERROR    Failure: http://localhost:4200/-N2tePkqUxaFE11qaoVB -> net::ERR_CONNECTION_REFUSED
2022-05-25 11:25:55 ERROR    Failure: http://localhost:4200/-N2tePkqUxaFE11qaoVB -> Failed to load resource: net::ERR_CONNECTION_REFUSED
2022-05-25 11:25:56 ERROR    Failure: http://localhost:4200/-N2tePkqUxaFE11qaoVB -> JSHandle@error
2022-05-25 11:25:56 ERROR    Failure: http://localhost:4200/-N2tePkqUxaFE11qaoVB -> Error: FIREBASE FATAL ERROR: Cannot parse Firebase url. Please use https://<YOUR FIREBASE>.firebaseio.com 	    at Vb (http://localhost:4200/assets/vendor.js:85597:278)	    at Wb (http://localhost:4200/assets/vendor.js:85599:21)	    at firebase.INTERNAL.registerService.Reference (http://localhost:4200/assets/vendor.js:85805:235)	    at Object.a.(anonymous function) [as database] (http://localhost:4200/assets/vendor.js:84825:4066)	    at e.value (http://localhost:4200/assets/vendor.js:84825:6484)	    at Object.create (http://localhost:4200/assets/vendor.js:124663:18)	    at instantiate (http://localhost:4200/assets/vendor.js:21220:23)	    at lookup (http://localhost:4200/assets/vendor.js:21045:17)	    at Container.lookup (http://localhost:4200/assets/vendor.js:20964:14)	    at Class.lookup (http://localhost:4200/assets/vendor.js:52226:33)
2022-05-25 11:26:00 ERROR    Failure: http://localhost:4200/ -> net::ERR_ABORTED
2022-05-25 11:26:00 ERROR    Failure: http://localhost:4200/ -> net::ERR_ABORTED
2022-05-25 11:26:00 ERROR    Failure: http://localhost:4200/ -> net::ERR_ABORTED
2022-05-25 11:26:00 ERROR    Failure: http://localhost:4200/ -> net::ERR_ABORTED
2022-05-25 11:26:00 ERROR    Failure: http://localhost:4200/ -> net::ERR_ABORTED
2022-05-25 11:26:00 ERROR    Failure: http://localhost:4200/ -> net::ERR_ABORTED
2022-05-25 11:26:00 ERROR    Failure: http://localhost:4200/ -> net::ERR_ABORTED
2022-05-25 11:26:00 ERROR    Failure: http://localhost:4200/-N2tePkqUxaFE11qaoVB -> net::ERR_CONNECTION_REFUSED
2022-05-25 11:26:00 ERROR    Failure: http://localhost:4200/-N2tePkqUxaFE11qaoVB -> Failed to load resource: net::ERR_CONNECTION_REFUSED
2022-05-25 11:26:00 ERROR    Failure: http://localhost:4200/-N2tePkqUxaFE11qaoVB -> JSHandle@error
2022-05-25 11:26:00 ERROR    Failure: http://localhost:4200/-N2tePkqUxaFE11qaoVB -> Error: FIREBASE FATAL ERROR: Cannot parse Firebase url. Please use https://<YOUR FIREBASE>.firebaseio.com 	    at Vb (http://localhost:4200/assets/vendor.js:85597:278)	    at Wb (http://localhost:4200/assets/vendor.js:85599:21)	    at firebase.INTERNAL.registerService.Reference (http://localhost:4200/assets/vendor.js:85805:235)	    at Object.a.(anonymous function) [as database] (http://localhost:4200/assets/vendor.js:84825:4066)	    at e.value (http://localhost:4200/assets/vendor.js:84825:6484)	    at Object.create (http://localhost:4200/assets/vendor.js:124663:18)	    at instantiate (http://localhost:4200/assets/vendor.js:21220:23)	    at lookup (http://localhost:4200/assets/vendor.js:21045:17)	    at Container.lookup (http://localhost:4200/assets/vendor.js:20964:14)	    at Class.lookup (http://localhost:4200/assets/vendor.js:52226:33)
2022-05-25 11:26:07 ERROR    Failure: http://localhost:4200/ -> net::ERR_ABORTED
2022-05-25 11:26:07 ERROR    Failure: http://localhost:4200/ -> net::ERR_ABORTED
2022-05-25 11:26:07 ERROR    Failure: http://localhost:4200/ -> net::ERR_ABORTED
2022-05-25 11:26:07 ERROR    Failure: http://localhost:4200/ -> net::ERR_ABORTED
2022-05-25 11:26:07 ERROR    Failure: http://localhost:4200/ -> net::ERR_ABORTED
2022-05-25 11:26:07 ERROR    Failure: http://localhost:4200/ -> net::ERR_ABORTED
2022-05-25 11:26:07 ERROR    Failure: http://localhost:4200/ -> net::ERR_ABORTED
2022-05-25 11:26:07 ERROR    Failure: http://localhost:4200/-N2tau_R-AuPGM1v4_n9 -> net::ERR_CONNECTION_REFUSED
2022-05-25 11:26:07 ERROR    Failure: http://localhost:4200/-N2tau_R-AuPGM1v4_n9 -> Failed to load resource: net::ERR_CONNECTION_REFUSED
2022-05-25 11:26:07 ERROR    Failure: http://localhost:4200/-N2tau_R-AuPGM1v4_n9 -> JSHandle@error
2022-05-25 11:26:07 ERROR    Failure: http://localhost:4200/-N2tau_R-AuPGM1v4_n9 -> Error: FIREBASE FATAL ERROR: Cannot parse Firebase url. Please use https://<YOUR FIREBASE>.firebaseio.com 	    at Vb (http://localhost:4200/assets/vendor.js:85597:278)	    at Wb (http://localhost:4200/assets/vendor.js:85599:21)	    at firebase.INTERNAL.registerService.Reference (http://localhost:4200/assets/vendor.js:85805:235)	    at Object.a.(anonymous function) [as database] (http://localhost:4200/assets/vendor.js:84825:4066)	    at e.value (http://localhost:4200/assets/vendor.js:84825:6484)	    at Object.create (http://localhost:4200/assets/vendor.js:124663:18)	    at instantiate (http://localhost:4200/assets/vendor.js:21220:23)	    at lookup (http://localhost:4200/assets/vendor.js:21045:17)	    at Container.lookup (http://localhost:4200/assets/vendor.js:20964:14)	    at Class.lookup (http://localhost:4200/assets/vendor.js:52226:33)
2022-05-25 11:26:14 ERROR    Failure: http://localhost:4200/ -> net::ERR_ABORTED
2022-05-25 11:26:14 ERROR    Failure: http://localhost:4200/ -> net::ERR_ABORTED
2022-05-25 11:26:14 ERROR    Failure: http://localhost:4200/ -> net::ERR_ABORTED
2022-05-25 11:26:14 ERROR    Failure: http://localhost:4200/ -> net::ERR_ABORTED
2022-05-25 11:26:14 ERROR    Failure: http://localhost:4200/ -> net::ERR_ABORTED
2022-05-25 11:26:14 ERROR    Failure: http://localhost:4200/ -> net::ERR_ABORTED
2022-05-25 11:26:14 ERROR    Failure: http://localhost:4200/ -> net::ERR_ABORTED
2022-05-25 11:26:14 ERROR    Failure: http://localhost:4200/-N2tcsy7wdBNCULOnCV- -> net::ERR_CONNECTION_REFUSED
2022-05-25 11:26:14 ERROR    Failure: http://localhost:4200/-N2tcsy7wdBNCULOnCV- -> Failed to load resource: net::ERR_CONNECTION_REFUSED
2022-05-25 11:26:15 ERROR    Failure: http://localhost:4200/-N2tcsy7wdBNCULOnCV- -> JSHandle@error
2022-05-25 11:26:15 ERROR    Failure: http://localhost:4200/-N2tcsy7wdBNCULOnCV- -> Error: FIREBASE FATAL ERROR: Cannot parse Firebase url. Please use https://<YOUR FIREBASE>.firebaseio.com 	    at Vb (http://localhost:4200/assets/vendor.js:85597:278)	    at Wb (http://localhost:4200/assets/vendor.js:85599:21)	    at firebase.INTERNAL.registerService.Reference (http://localhost:4200/assets/vendor.js:85805:235)	    at Object.a.(anonymous function) [as database] (http://localhost:4200/assets/vendor.js:84825:4066)	    at e.value (http://localhost:4200/assets/vendor.js:84825:6484)	    at Object.create (http://localhost:4200/assets/vendor.js:124663:18)	    at instantiate (http://localhost:4200/assets/vendor.js:21220:23)	    at lookup (http://localhost:4200/assets/vendor.js:21045:17)	    at Container.lookup (http://localhost:4200/assets/vendor.js:20964:14)	    at Class.lookup (http://localhost:4200/assets/vendor.js:52226:33)
2022-05-25 11:26:19 ERROR    Failure: http://localhost:4200/ -> net::ERR_ABORTED
2022-05-25 11:26:19 ERROR    Failure: http://localhost:4200/ -> net::ERR_ABORTED
2022-05-25 11:26:19 ERROR    Failure: http://localhost:4200/ -> net::ERR_ABORTED
2022-05-25 11:26:19 ERROR    Failure: http://localhost:4200/ -> net::ERR_ABORTED
2022-05-25 11:26:19 ERROR    Failure: http://localhost:4200/ -> net::ERR_ABORTED
2022-05-25 11:26:19 ERROR    Failure: http://localhost:4200/ -> net::ERR_ABORTED
2022-05-25 11:26:19 ERROR    Failure: http://localhost:4200/ -> net::ERR_ABORTED
2022-05-25 11:26:19 ERROR    Failure: http://localhost:4200/-N2tePkqUxaFE11qaoVB -> net::ERR_CONNECTION_REFUSED
2022-05-25 11:26:19 ERROR    Failure: http://localhost:4200/-N2tePkqUxaFE11qaoVB -> Failed to load resource: net::ERR_CONNECTION_REFUSED
2022-05-25 11:26:20 ERROR    Failure: http://localhost:4200/-N2tePkqUxaFE11qaoVB -> JSHandle@error
2022-05-25 11:26:20 ERROR    Failure: http://localhost:4200/-N2tePkqUxaFE11qaoVB -> Error: FIREBASE FATAL ERROR: Cannot parse Firebase url. Please use https://<YOUR FIREBASE>.firebaseio.com 	    at Vb (http://localhost:4200/assets/vendor.js:85597:278)	    at Wb (http://localhost:4200/assets/vendor.js:85599:21)	    at firebase.INTERNAL.registerService.Reference (http://localhost:4200/assets/vendor.js:85805:235)	    at Object.a.(anonymous function) [as database] (http://localhost:4200/assets/vendor.js:84825:4066)	    at e.value (http://localhost:4200/assets/vendor.js:84825:6484)	    at Object.create (http://localhost:4200/assets/vendor.js:124663:18)	    at instantiate (http://localhost:4200/assets/vendor.js:21220:23)	    at lookup (http://localhost:4200/assets/vendor.js:21045:17)	    at Container.lookup (http://localhost:4200/assets/vendor.js:20964:14)	    at Class.lookup (http://localhost:4200/assets/vendor.js:52226:33)
2022-05-25 11:26:26 ERROR    Failure: http://localhost:4200/ -> net::ERR_ABORTED
2022-05-25 11:26:26 ERROR    Failure: http://localhost:4200/ -> net::ERR_ABORTED
2022-05-25 11:26:26 ERROR    Failure: http://localhost:4200/ -> net::ERR_ABORTED
2022-05-25 11:26:26 ERROR    Failure: http://localhost:4200/ -> net::ERR_ABORTED
2022-05-25 11:26:26 ERROR    Failure: http://localhost:4200/ -> net::ERR_ABORTED
2022-05-25 11:26:26 ERROR    Failure: http://localhost:4200/ -> net::ERR_ABORTED
2022-05-25 11:26:26 ERROR    Failure: http://localhost:4200/ -> net::ERR_ABORTED
2022-05-25 11:26:26 ERROR    Failure: http://localhost:4200/-N2tau_R-AuPGM1v4_n9 -> net::ERR_CONNECTION_REFUSED
2022-05-25 11:26:26 ERROR    Failure: http://localhost:4200/-N2tau_R-AuPGM1v4_n9 -> Failed to load resource: net::ERR_CONNECTION_REFUSED
2022-05-25 11:26:27 ERROR    Failure: http://localhost:4200/-N2tau_R-AuPGM1v4_n9 -> JSHandle@error
2022-05-25 11:26:27 ERROR    Failure: http://localhost:4200/-N2tau_R-AuPGM1v4_n9 -> Error: FIREBASE FATAL ERROR: Cannot parse Firebase url. Please use https://<YOUR FIREBASE>.firebaseio.com 	    at Vb (http://localhost:4200/assets/vendor.js:85597:278)	    at Wb (http://localhost:4200/assets/vendor.js:85599:21)	    at firebase.INTERNAL.registerService.Reference (http://localhost:4200/assets/vendor.js:85805:235)	    at Object.a.(anonymous function) [as database] (http://localhost:4200/assets/vendor.js:84825:4066)	    at e.value (http://localhost:4200/assets/vendor.js:84825:6484)	    at Object.create (http://localhost:4200/assets/vendor.js:124663:18)	    at instantiate (http://localhost:4200/assets/vendor.js:21220:23)	    at lookup (http://localhost:4200/assets/vendor.js:21045:17)	    at Container.lookup (http://localhost:4200/assets/vendor.js:20964:14)	    at Class.lookup (http://localhost:4200/assets/vendor.js:52226:33)
2022-05-25 11:26:29 ERROR    Failure: http://localhost:4200/ -> net::ERR_ABORTED
2022-05-25 11:26:29 ERROR    Failure: http://localhost:4200/ -> net::ERR_ABORTED
2022-05-25 11:26:29 ERROR    Failure: http://localhost:4200/ -> net::ERR_ABORTED
2022-05-25 11:26:29 ERROR    Failure: http://localhost:4200/ -> net::ERR_ABORTED
2022-05-25 11:26:29 ERROR    Failure: http://localhost:4200/ -> net::ERR_ABORTED
2022-05-25 11:26:29 ERROR    Failure: http://localhost:4200/ -> net::ERR_ABORTED
2022-05-25 11:26:29 ERROR    Failure: http://localhost:4200/ -> net::ERR_ABORTED
2022-05-25 11:26:29 ERROR    Failure: http://localhost:4200/-N2tau_R-AuPGM1v4_n9 -> net::ERR_CONNECTION_REFUSED
2022-05-25 11:26:29 ERROR    Failure: http://localhost:4200/-N2tau_R-AuPGM1v4_n9 -> Failed to load resource: net::ERR_CONNECTION_REFUSED
2022-05-25 11:26:30 ERROR    Failure: http://localhost:4200/-N2tau_R-AuPGM1v4_n9 -> JSHandle@error
2022-05-25 11:26:30 ERROR    Failure: http://localhost:4200/-N2tau_R-AuPGM1v4_n9 -> Error: FIREBASE FATAL ERROR: Cannot parse Firebase url. Please use https://<YOUR FIREBASE>.firebaseio.com 	    at Vb (http://localhost:4200/assets/vendor.js:85597:278)	    at Wb (http://localhost:4200/assets/vendor.js:85599:21)	    at firebase.INTERNAL.registerService.Reference (http://localhost:4200/assets/vendor.js:85805:235)	    at Object.a.(anonymous function) [as database] (http://localhost:4200/assets/vendor.js:84825:4066)	    at e.value (http://localhost:4200/assets/vendor.js:84825:6484)	    at Object.create (http://localhost:4200/assets/vendor.js:124663:18)	    at instantiate (http://localhost:4200/assets/vendor.js:21220:23)	    at lookup (http://localhost:4200/assets/vendor.js:21045:17)	    at Container.lookup (http://localhost:4200/assets/vendor.js:20964:14)	    at Class.lookup (http://localhost:4200/assets/vendor.js:52226:33)
2022-05-25 11:26:32 ERROR    Failure: http://localhost:4200/ -> net::ERR_ABORTED
2022-05-25 11:26:32 ERROR    Failure: http://localhost:4200/ -> net::ERR_ABORTED
2022-05-25 11:26:32 ERROR    Failure: http://localhost:4200/ -> net::ERR_ABORTED
2022-05-25 11:26:32 ERROR    Failure: http://localhost:4200/ -> net::ERR_ABORTED
2022-05-25 11:26:32 ERROR    Failure: http://localhost:4200/ -> net::ERR_ABORTED
2022-05-25 11:26:32 ERROR    Failure: http://localhost:4200/ -> net::ERR_ABORTED
2022-05-25 11:26:32 ERROR    Failure: http://localhost:4200/ -> net::ERR_ABORTED
2022-05-25 11:26:32 ERROR    Failure: http://localhost:4200/-N2tau_R-AuPGM1v4_n9 -> net::ERR_CONNECTION_REFUSED
2022-05-25 11:26:32 ERROR    Failure: http://localhost:4200/-N2tau_R-AuPGM1v4_n9 -> Failed to load resource: net::ERR_CONNECTION_REFUSED
2022-05-25 11:26:33 ERROR    Failure: http://localhost:4200/-N2tau_R-AuPGM1v4_n9 -> JSHandle@error
2022-05-25 11:26:33 ERROR    Failure: http://localhost:4200/-N2tau_R-AuPGM1v4_n9 -> Error: FIREBASE FATAL ERROR: Cannot parse Firebase url. Please use https://<YOUR FIREBASE>.firebaseio.com 	    at Vb (http://localhost:4200/assets/vendor.js:85597:278)	    at Wb (http://localhost:4200/assets/vendor.js:85599:21)	    at firebase.INTERNAL.registerService.Reference (http://localhost:4200/assets/vendor.js:85805:235)	    at Object.a.(anonymous function) [as database] (http://localhost:4200/assets/vendor.js:84825:4066)	    at e.value (http://localhost:4200/assets/vendor.js:84825:6484)	    at Object.create (http://localhost:4200/assets/vendor.js:124663:18)	    at instantiate (http://localhost:4200/assets/vendor.js:21220:23)	    at lookup (http://localhost:4200/assets/vendor.js:21045:17)	    at Container.lookup (http://localhost:4200/assets/vendor.js:20964:14)	    at Class.lookup (http://localhost:4200/assets/vendor.js:52226:33)
2022-05-25 11:26:35 ERROR    Failure: http://localhost:4200/ -> net::ERR_ABORTED
2022-05-25 11:26:35 ERROR    Failure: http://localhost:4200/ -> net::ERR_ABORTED
2022-05-25 11:26:35 ERROR    Failure: http://localhost:4200/ -> net::ERR_ABORTED
2022-05-25 11:26:35 ERROR    Failure: http://localhost:4200/ -> net::ERR_ABORTED
2022-05-25 11:26:35 ERROR    Failure: http://localhost:4200/ -> net::ERR_ABORTED
2022-05-25 11:26:35 ERROR    Failure: http://localhost:4200/ -> net::ERR_ABORTED
2022-05-25 11:26:35 ERROR    Failure: http://localhost:4200/ -> net::ERR_ABORTED
2022-05-25 11:26:35 ERROR    Failure: http://localhost:4200/-N2tau_R-AuPGM1v4_n9 -> net::ERR_CONNECTION_REFUSED
2022-05-25 11:26:35 ERROR    Failure: http://localhost:4200/-N2tau_R-AuPGM1v4_n9 -> Failed to load resource: net::ERR_CONNECTION_REFUSED
2022-05-25 11:26:36 ERROR    Failure: http://localhost:4200/-N2tau_R-AuPGM1v4_n9 -> JSHandle@error
2022-05-25 11:26:36 ERROR    Failure: http://localhost:4200/-N2tau_R-AuPGM1v4_n9 -> Error: FIREBASE FATAL ERROR: Cannot parse Firebase url. Please use https://<YOUR FIREBASE>.firebaseio.com 	    at Vb (http://localhost:4200/assets/vendor.js:85597:278)	    at Wb (http://localhost:4200/assets/vendor.js:85599:21)	    at firebase.INTERNAL.registerService.Reference (http://localhost:4200/assets/vendor.js:85805:235)	    at Object.a.(anonymous function) [as database] (http://localhost:4200/assets/vendor.js:84825:4066)	    at e.value (http://localhost:4200/assets/vendor.js:84825:6484)	    at Object.create (http://localhost:4200/assets/vendor.js:124663:18)	    at instantiate (http://localhost:4200/assets/vendor.js:21220:23)	    at lookup (http://localhost:4200/assets/vendor.js:21045:17)	    at Container.lookup (http://localhost:4200/assets/vendor.js:20964:14)	    at Class.lookup (http://localhost:4200/assets/vendor.js:52226:33)
2022-05-25 11:26:43 ERROR    Failure: http://localhost:4200/ -> net::ERR_ABORTED
2022-05-25 11:26:43 ERROR    Failure: http://localhost:4200/ -> net::ERR_ABORTED
2022-05-25 11:26:43 ERROR    Failure: http://localhost:4200/ -> net::ERR_ABORTED
2022-05-25 11:26:43 ERROR    Failure: http://localhost:4200/ -> net::ERR_ABORTED
2022-05-25 11:26:43 ERROR    Failure: http://localhost:4200/ -> net::ERR_ABORTED
2022-05-25 11:26:43 ERROR    Failure: http://localhost:4200/ -> net::ERR_ABORTED
2022-05-25 11:26:43 ERROR    Failure: http://localhost:4200/ -> net::ERR_ABORTED
2022-05-25 11:26:43 ERROR    Failure: http://localhost:4200/-N2tcsy7wdBNCULOnCV- -> net::ERR_CONNECTION_REFUSED
2022-05-25 11:26:43 ERROR    Failure: http://localhost:4200/-N2tcsy7wdBNCULOnCV- -> Failed to load resource: net::ERR_CONNECTION_REFUSED
2022-05-25 11:26:43 ERROR    Failure: http://localhost:4200/-N2tcsy7wdBNCULOnCV- -> JSHandle@error
2022-05-25 11:26:43 ERROR    Failure: http://localhost:4200/-N2tcsy7wdBNCULOnCV- -> Error: FIREBASE FATAL ERROR: Cannot parse Firebase url. Please use https://<YOUR FIREBASE>.firebaseio.com 	    at Vb (http://localhost:4200/assets/vendor.js:85597:278)	    at Wb (http://localhost:4200/assets/vendor.js:85599:21)	    at firebase.INTERNAL.registerService.Reference (http://localhost:4200/assets/vendor.js:85805:235)	    at Object.a.(anonymous function) [as database] (http://localhost:4200/assets/vendor.js:84825:4066)	    at e.value (http://localhost:4200/assets/vendor.js:84825:6484)	    at Object.create (http://localhost:4200/assets/vendor.js:124663:18)	    at instantiate (http://localhost:4200/assets/vendor.js:21220:23)	    at lookup (http://localhost:4200/assets/vendor.js:21045:17)	    at Container.lookup (http://localhost:4200/assets/vendor.js:20964:14)	    at Class.lookup (http://localhost:4200/assets/vendor.js:52226:33)
2022-05-25 11:26:48 ERROR    Failure: http://localhost:4200/ -> net::ERR_ABORTED
2022-05-25 11:26:48 ERROR    Failure: http://localhost:4200/ -> net::ERR_ABORTED
2022-05-25 11:26:48 ERROR    Failure: http://localhost:4200/ -> net::ERR_ABORTED
2022-05-25 11:26:48 ERROR    Failure: http://localhost:4200/ -> net::ERR_ABORTED
2022-05-25 11:26:48 ERROR    Failure: http://localhost:4200/ -> net::ERR_ABORTED
2022-05-25 11:26:48 ERROR    Failure: http://localhost:4200/ -> net::ERR_ABORTED
2022-05-25 11:26:48 ERROR    Failure: http://localhost:4200/ -> net::ERR_ABORTED
2022-05-25 11:26:48 ERROR    Failure: http://localhost:4200/-N2tePkqUxaFE11qaoVB -> net::ERR_CONNECTION_REFUSED
2022-05-25 11:26:48 ERROR    Failure: http://localhost:4200/-N2tePkqUxaFE11qaoVB -> Failed to load resource: net::ERR_CONNECTION_REFUSED
2022-05-25 11:26:49 ERROR    Failure: http://localhost:4200/-N2tePkqUxaFE11qaoVB -> JSHandle@error
2022-05-25 11:26:49 ERROR    Failure: http://localhost:4200/-N2tePkqUxaFE11qaoVB -> Error: FIREBASE FATAL ERROR: Cannot parse Firebase url. Please use https://<YOUR FIREBASE>.firebaseio.com 	    at Vb (http://localhost:4200/assets/vendor.js:85597:278)	    at Wb (http://localhost:4200/assets/vendor.js:85599:21)	    at firebase.INTERNAL.registerService.Reference (http://localhost:4200/assets/vendor.js:85805:235)	    at Object.a.(anonymous function) [as database] (http://localhost:4200/assets/vendor.js:84825:4066)	    at e.value (http://localhost:4200/assets/vendor.js:84825:6484)	    at Object.create (http://localhost:4200/assets/vendor.js:124663:18)	    at instantiate (http://localhost:4200/assets/vendor.js:21220:23)	    at lookup (http://localhost:4200/assets/vendor.js:21045:17)	    at Container.lookup (http://localhost:4200/assets/vendor.js:20964:14)	    at Class.lookup (http://localhost:4200/assets/vendor.js:52226:33)
2022-05-25 11:26:55 ERROR    Failure: http://localhost:4200/ -> net::ERR_ABORTED
2022-05-25 11:26:55 ERROR    Failure: http://localhost:4200/ -> net::ERR_ABORTED
2022-05-25 11:26:55 ERROR    Failure: http://localhost:4200/ -> net::ERR_ABORTED
2022-05-25 11:26:55 ERROR    Failure: http://localhost:4200/ -> net::ERR_ABORTED
2022-05-25 11:26:55 ERROR    Failure: http://localhost:4200/ -> net::ERR_ABORTED
2022-05-25 11:26:55 ERROR    Failure: http://localhost:4200/ -> net::ERR_ABORTED
2022-05-25 11:26:55 ERROR    Failure: http://localhost:4200/ -> net::ERR_ABORTED
2022-05-25 11:26:55 ERROR    Failure: http://localhost:4200/-N2tau_R-AuPGM1v4_n9 -> net::ERR_CONNECTION_REFUSED
2022-05-25 11:26:55 ERROR    Failure: http://localhost:4200/-N2tau_R-AuPGM1v4_n9 -> Failed to load resource: net::ERR_CONNECTION_REFUSED
2022-05-25 11:26:55 ERROR    Failure: http://localhost:4200/-N2tau_R-AuPGM1v4_n9 -> JSHandle@error
2022-05-25 11:26:55 ERROR    Failure: http://localhost:4200/-N2tau_R-AuPGM1v4_n9 -> Error: FIREBASE FATAL ERROR: Cannot parse Firebase url. Please use https://<YOUR FIREBASE>.firebaseio.com 	    at Vb (http://localhost:4200/assets/vendor.js:85597:278)	    at Wb (http://localhost:4200/assets/vendor.js:85599:21)	    at firebase.INTERNAL.registerService.Reference (http://localhost:4200/assets/vendor.js:85805:235)	    at Object.a.(anonymous function) [as database] (http://localhost:4200/assets/vendor.js:84825:4066)	    at e.value (http://localhost:4200/assets/vendor.js:84825:6484)	    at Object.create (http://localhost:4200/assets/vendor.js:124663:18)	    at instantiate (http://localhost:4200/assets/vendor.js:21220:23)	    at lookup (http://localhost:4200/assets/vendor.js:21045:17)	    at Container.lookup (http://localhost:4200/assets/vendor.js:20964:14)	    at Class.lookup (http://localhost:4200/assets/vendor.js:52226:33)
2022-05-25 11:27:00 ERROR    Failure: http://localhost:4200/ -> net::ERR_ABORTED
2022-05-25 11:27:00 ERROR    Failure: http://localhost:4200/ -> net::ERR_ABORTED
2022-05-25 11:27:00 ERROR    Failure: http://localhost:4200/ -> net::ERR_ABORTED
2022-05-25 11:27:00 ERROR    Failure: http://localhost:4200/ -> net::ERR_ABORTED
2022-05-25 11:27:00 ERROR    Failure: http://localhost:4200/ -> net::ERR_ABORTED
2022-05-25 11:27:00 ERROR    Failure: http://localhost:4200/ -> net::ERR_ABORTED
2022-05-25 11:27:00 ERROR    Failure: http://localhost:4200/ -> net::ERR_ABORTED
2022-05-25 11:27:00 ERROR    Failure: http://localhost:4200/-N2tcsy7wdBNCULOnCV- -> net::ERR_CONNECTION_REFUSED
2022-05-25 11:27:00 ERROR    Failure: http://localhost:4200/-N2tcsy7wdBNCULOnCV- -> Failed to load resource: net::ERR_CONNECTION_REFUSED
2022-05-25 11:27:00 ERROR    Failure: http://localhost:4200/-N2tcsy7wdBNCULOnCV- -> JSHandle@error
2022-05-25 11:27:00 ERROR    Failure: http://localhost:4200/-N2tcsy7wdBNCULOnCV- -> Error: FIREBASE FATAL ERROR: Cannot parse Firebase url. Please use https://<YOUR FIREBASE>.firebaseio.com 	    at Vb (http://localhost:4200/assets/vendor.js:85597:278)	    at Wb (http://localhost:4200/assets/vendor.js:85599:21)	    at firebase.INTERNAL.registerService.Reference (http://localhost:4200/assets/vendor.js:85805:235)	    at Object.a.(anonymous function) [as database] (http://localhost:4200/assets/vendor.js:84825:4066)	    at e.value (http://localhost:4200/assets/vendor.js:84825:6484)	    at Object.create (http://localhost:4200/assets/vendor.js:124663:18)	    at instantiate (http://localhost:4200/assets/vendor.js:21220:23)	    at lookup (http://localhost:4200/assets/vendor.js:21045:17)	    at Container.lookup (http://localhost:4200/assets/vendor.js:20964:14)	    at Class.lookup (http://localhost:4200/assets/vendor.js:52226:33)
2022-05-25 11:27:05 ERROR    Failure: http://localhost:4200/ -> net::ERR_ABORTED
2022-05-25 11:27:05 ERROR    Failure: http://localhost:4200/ -> net::ERR_ABORTED
2022-05-25 11:27:05 ERROR    Failure: http://localhost:4200/ -> net::ERR_ABORTED
2022-05-25 11:27:05 ERROR    Failure: http://localhost:4200/ -> net::ERR_ABORTED
2022-05-25 11:27:05 ERROR    Failure: http://localhost:4200/ -> net::ERR_ABORTED
2022-05-25 11:27:05 ERROR    Failure: http://localhost:4200/ -> net::ERR_ABORTED
2022-05-25 11:27:05 ERROR    Failure: http://localhost:4200/ -> net::ERR_ABORTED
2022-05-25 11:27:05 ERROR    Failure: http://localhost:4200/-N2tePkqUxaFE11qaoVB -> net::ERR_CONNECTION_REFUSED
2022-05-25 11:27:05 ERROR    Failure: http://localhost:4200/-N2tePkqUxaFE11qaoVB -> Failed to load resource: net::ERR_CONNECTION_REFUSED
2022-05-25 11:27:06 ERROR    Failure: http://localhost:4200/-N2tePkqUxaFE11qaoVB -> JSHandle@error
2022-05-25 11:27:06 ERROR    Failure: http://localhost:4200/-N2tePkqUxaFE11qaoVB -> Error: FIREBASE FATAL ERROR: Cannot parse Firebase url. Please use https://<YOUR FIREBASE>.firebaseio.com 	    at Vb (http://localhost:4200/assets/vendor.js:85597:278)	    at Wb (http://localhost:4200/assets/vendor.js:85599:21)	    at firebase.INTERNAL.registerService.Reference (http://localhost:4200/assets/vendor.js:85805:235)	    at Object.a.(anonymous function) [as database] (http://localhost:4200/assets/vendor.js:84825:4066)	    at e.value (http://localhost:4200/assets/vendor.js:84825:6484)	    at Object.create (http://localhost:4200/assets/vendor.js:124663:18)	    at instantiate (http://localhost:4200/assets/vendor.js:21220:23)	    at lookup (http://localhost:4200/assets/vendor.js:21045:17)	    at Container.lookup (http://localhost:4200/assets/vendor.js:20964:14)	    at Class.lookup (http://localhost:4200/assets/vendor.js:52226:33)
2022-05-25 11:27:10 ERROR    Failure: http://localhost:4200/ -> net::ERR_ABORTED
2022-05-25 11:27:10 ERROR    Failure: http://localhost:4200/ -> net::ERR_ABORTED
2022-05-25 11:27:10 ERROR    Failure: http://localhost:4200/ -> net::ERR_ABORTED
2022-05-25 11:27:10 ERROR    Failure: http://localhost:4200/ -> net::ERR_ABORTED
2022-05-25 11:27:10 ERROR    Failure: http://localhost:4200/ -> net::ERR_ABORTED
2022-05-25 11:27:10 ERROR    Failure: http://localhost:4200/ -> net::ERR_ABORTED
2022-05-25 11:27:10 ERROR    Failure: http://localhost:4200/ -> net::ERR_ABORTED
2022-05-25 11:27:10 ERROR    Failure: http://localhost:4200/-N2tePkqUxaFE11qaoVB -> net::ERR_CONNECTION_REFUSED
2022-05-25 11:27:10 ERROR    Failure: http://localhost:4200/-N2tePkqUxaFE11qaoVB -> Failed to load resource: net::ERR_CONNECTION_REFUSED
2022-05-25 11:27:11 ERROR    Failure: http://localhost:4200/-N2tePkqUxaFE11qaoVB -> JSHandle@error
2022-05-25 11:27:11 ERROR    Failure: http://localhost:4200/-N2tePkqUxaFE11qaoVB -> Error: FIREBASE FATAL ERROR: Cannot parse Firebase url. Please use https://<YOUR FIREBASE>.firebaseio.com 	    at Vb (http://localhost:4200/assets/vendor.js:85597:278)	    at Wb (http://localhost:4200/assets/vendor.js:85599:21)	    at firebase.INTERNAL.registerService.Reference (http://localhost:4200/assets/vendor.js:85805:235)	    at Object.a.(anonymous function) [as database] (http://localhost:4200/assets/vendor.js:84825:4066)	    at e.value (http://localhost:4200/assets/vendor.js:84825:6484)	    at Object.create (http://localhost:4200/assets/vendor.js:124663:18)	    at instantiate (http://localhost:4200/assets/vendor.js:21220:23)	    at lookup (http://localhost:4200/assets/vendor.js:21045:17)	    at Container.lookup (http://localhost:4200/assets/vendor.js:20964:14)	    at Class.lookup (http://localhost:4200/assets/vendor.js:52226:33)
2022-05-25 11:27:16 ERROR    Failure: http://localhost:4200/ -> net::ERR_ABORTED
2022-05-25 11:27:16 ERROR    Failure: http://localhost:4200/ -> net::ERR_ABORTED
2022-05-25 11:27:16 ERROR    Failure: http://localhost:4200/ -> net::ERR_ABORTED
2022-05-25 11:27:16 ERROR    Failure: http://localhost:4200/ -> net::ERR_ABORTED
2022-05-25 11:27:16 ERROR    Failure: http://localhost:4200/ -> net::ERR_ABORTED
2022-05-25 11:27:16 ERROR    Failure: http://localhost:4200/ -> net::ERR_ABORTED
2022-05-25 11:27:16 ERROR    Failure: http://localhost:4200/ -> net::ERR_ABORTED
2022-05-25 11:27:16 ERROR    Failure: http://localhost:4200/-N2tau_R-AuPGM1v4_n9 -> net::ERR_CONNECTION_REFUSED
2022-05-25 11:27:16 ERROR    Failure: http://localhost:4200/-N2tau_R-AuPGM1v4_n9 -> Failed to load resource: net::ERR_CONNECTION_REFUSED
2022-05-25 11:27:17 ERROR    Failure: http://localhost:4200/-N2tau_R-AuPGM1v4_n9 -> JSHandle@error
2022-05-25 11:27:17 ERROR    Failure: http://localhost:4200/-N2tau_R-AuPGM1v4_n9 -> Error: FIREBASE FATAL ERROR: Cannot parse Firebase url. Please use https://<YOUR FIREBASE>.firebaseio.com 	    at Vb (http://localhost:4200/assets/vendor.js:85597:278)	    at Wb (http://localhost:4200/assets/vendor.js:85599:21)	    at firebase.INTERNAL.registerService.Reference (http://localhost:4200/assets/vendor.js:85805:235)	    at Object.a.(anonymous function) [as database] (http://localhost:4200/assets/vendor.js:84825:4066)	    at e.value (http://localhost:4200/assets/vendor.js:84825:6484)	    at Object.create (http://localhost:4200/assets/vendor.js:124663:18)	    at instantiate (http://localhost:4200/assets/vendor.js:21220:23)	    at lookup (http://localhost:4200/assets/vendor.js:21045:17)	    at Container.lookup (http://localhost:4200/assets/vendor.js:20964:14)	    at Class.lookup (http://localhost:4200/assets/vendor.js:52226:33)
2022-05-25 11:27:22 ERROR    Failure: http://localhost:4200/ -> net::ERR_ABORTED
2022-05-25 11:27:22 ERROR    Failure: http://localhost:4200/ -> net::ERR_ABORTED
2022-05-25 11:27:22 ERROR    Failure: http://localhost:4200/ -> net::ERR_ABORTED
2022-05-25 11:27:22 ERROR    Failure: http://localhost:4200/ -> net::ERR_ABORTED
2022-05-25 11:27:22 ERROR    Failure: http://localhost:4200/ -> net::ERR_ABORTED
2022-05-25 11:27:22 ERROR    Failure: http://localhost:4200/ -> net::ERR_ABORTED
2022-05-25 11:27:22 ERROR    Failure: http://localhost:4200/ -> net::ERR_ABORTED
2022-05-25 11:27:22 ERROR    Failure: http://localhost:4200/-N2tcsy7wdBNCULOnCV- -> net::ERR_CONNECTION_REFUSED
2022-05-25 11:27:22 ERROR    Failure: http://localhost:4200/-N2tcsy7wdBNCULOnCV- -> Failed to load resource: net::ERR_CONNECTION_REFUSED
2022-05-25 11:27:22 ERROR    Failure: http://localhost:4200/-N2tcsy7wdBNCULOnCV- -> JSHandle@error
2022-05-25 11:27:22 ERROR    Failure: http://localhost:4200/-N2tcsy7wdBNCULOnCV- -> Error: FIREBASE FATAL ERROR: Cannot parse Firebase url. Please use https://<YOUR FIREBASE>.firebaseio.com 	    at Vb (http://localhost:4200/assets/vendor.js:85597:278)	    at Wb (http://localhost:4200/assets/vendor.js:85599:21)	    at firebase.INTERNAL.registerService.Reference (http://localhost:4200/assets/vendor.js:85805:235)	    at Object.a.(anonymous function) [as database] (http://localhost:4200/assets/vendor.js:84825:4066)	    at e.value (http://localhost:4200/assets/vendor.js:84825:6484)	    at Object.create (http://localhost:4200/assets/vendor.js:124663:18)	    at instantiate (http://localhost:4200/assets/vendor.js:21220:23)	    at lookup (http://localhost:4200/assets/vendor.js:21045:17)	    at Container.lookup (http://localhost:4200/assets/vendor.js:20964:14)	    at Class.lookup (http://localhost:4200/assets/vendor.js:52226:33)
2022-05-25 11:27:28 ERROR    Failure: http://localhost:4200/ -> net::ERR_ABORTED
2022-05-25 11:27:28 ERROR    Failure: http://localhost:4200/ -> net::ERR_ABORTED
2022-05-25 11:27:28 ERROR    Failure: http://localhost:4200/ -> net::ERR_ABORTED
2022-05-25 11:27:28 ERROR    Failure: http://localhost:4200/ -> net::ERR_ABORTED
2022-05-25 11:27:28 ERROR    Failure: http://localhost:4200/ -> net::ERR_ABORTED
2022-05-25 11:27:28 ERROR    Failure: http://localhost:4200/ -> net::ERR_ABORTED
2022-05-25 11:27:28 ERROR    Failure: http://localhost:4200/ -> net::ERR_ABORTED
2022-05-25 11:27:28 ERROR    Failure: http://localhost:4200/-N2tePkqUxaFE11qaoVB -> net::ERR_CONNECTION_REFUSED
2022-05-25 11:27:28 ERROR    Failure: http://localhost:4200/-N2tePkqUxaFE11qaoVB -> Failed to load resource: net::ERR_CONNECTION_REFUSED
2022-05-25 11:27:29 ERROR    Failure: http://localhost:4200/-N2tePkqUxaFE11qaoVB -> JSHandle@error
2022-05-25 11:27:29 ERROR    Failure: http://localhost:4200/-N2tePkqUxaFE11qaoVB -> Error: FIREBASE FATAL ERROR: Cannot parse Firebase url. Please use https://<YOUR FIREBASE>.firebaseio.com 	    at Vb (http://localhost:4200/assets/vendor.js:85597:278)	    at Wb (http://localhost:4200/assets/vendor.js:85599:21)	    at firebase.INTERNAL.registerService.Reference (http://localhost:4200/assets/vendor.js:85805:235)	    at Object.a.(anonymous function) [as database] (http://localhost:4200/assets/vendor.js:84825:4066)	    at e.value (http://localhost:4200/assets/vendor.js:84825:6484)	    at Object.create (http://localhost:4200/assets/vendor.js:124663:18)	    at instantiate (http://localhost:4200/assets/vendor.js:21220:23)	    at lookup (http://localhost:4200/assets/vendor.js:21045:17)	    at Container.lookup (http://localhost:4200/assets/vendor.js:20964:14)	    at Class.lookup (http://localhost:4200/assets/vendor.js:52226:33)
2022-05-25 11:27:34 ERROR    Failure: http://localhost:4200/ -> net::ERR_ABORTED
2022-05-25 11:27:34 ERROR    Failure: http://localhost:4200/ -> net::ERR_ABORTED
2022-05-25 11:27:34 ERROR    Failure: http://localhost:4200/ -> net::ERR_ABORTED
2022-05-25 11:27:34 ERROR    Failure: http://localhost:4200/ -> net::ERR_ABORTED
2022-05-25 11:27:34 ERROR    Failure: http://localhost:4200/ -> net::ERR_ABORTED
2022-05-25 11:27:34 ERROR    Failure: http://localhost:4200/ -> net::ERR_ABORTED
2022-05-25 11:27:34 ERROR    Failure: http://localhost:4200/ -> net::ERR_ABORTED
2022-05-25 11:27:34 ERROR    Failure: http://localhost:4200/-N2tePkqUxaFE11qaoVB -> net::ERR_CONNECTION_REFUSED
2022-05-25 11:27:34 ERROR    Failure: http://localhost:4200/-N2tePkqUxaFE11qaoVB -> Failed to load resource: net::ERR_CONNECTION_REFUSED
2022-05-25 11:27:35 ERROR    Failure: http://localhost:4200/-N2tePkqUxaFE11qaoVB -> JSHandle@error
2022-05-25 11:27:35 ERROR    Failure: http://localhost:4200/-N2tePkqUxaFE11qaoVB -> Error: FIREBASE FATAL ERROR: Cannot parse Firebase url. Please use https://<YOUR FIREBASE>.firebaseio.com 	    at Vb (http://localhost:4200/assets/vendor.js:85597:278)	    at Wb (http://localhost:4200/assets/vendor.js:85599:21)	    at firebase.INTERNAL.registerService.Reference (http://localhost:4200/assets/vendor.js:85805:235)	    at Object.a.(anonymous function) [as database] (http://localhost:4200/assets/vendor.js:84825:4066)	    at e.value (http://localhost:4200/assets/vendor.js:84825:6484)	    at Object.create (http://localhost:4200/assets/vendor.js:124663:18)	    at instantiate (http://localhost:4200/assets/vendor.js:21220:23)	    at lookup (http://localhost:4200/assets/vendor.js:21045:17)	    at Container.lookup (http://localhost:4200/assets/vendor.js:20964:14)	    at Class.lookup (http://localhost:4200/assets/vendor.js:52226:33)
2022-05-25 11:27:40 ERROR    Failure: http://localhost:4200/ -> net::ERR_ABORTED
2022-05-25 11:27:40 ERROR    Failure: http://localhost:4200/ -> net::ERR_ABORTED
2022-05-25 11:27:40 ERROR    Failure: http://localhost:4200/ -> net::ERR_ABORTED
2022-05-25 11:27:40 ERROR    Failure: http://localhost:4200/ -> net::ERR_ABORTED
2022-05-25 11:27:40 ERROR    Failure: http://localhost:4200/ -> net::ERR_ABORTED
2022-05-25 11:27:40 ERROR    Failure: http://localhost:4200/ -> net::ERR_ABORTED
2022-05-25 11:27:40 ERROR    Failure: http://localhost:4200/ -> net::ERR_ABORTED
2022-05-25 11:27:40 ERROR    Failure: http://localhost:4200/-N2tePkqUxaFE11qaoVB -> net::ERR_CONNECTION_REFUSED
2022-05-25 11:27:40 ERROR    Failure: http://localhost:4200/-N2tePkqUxaFE11qaoVB -> Failed to load resource: net::ERR_CONNECTION_REFUSED
2022-05-25 11:27:40 ERROR    Failure: http://localhost:4200/-N2tePkqUxaFE11qaoVB -> JSHandle@error
2022-05-25 11:27:40 ERROR    Failure: http://localhost:4200/-N2tePkqUxaFE11qaoVB -> Error: FIREBASE FATAL ERROR: Cannot parse Firebase url. Please use https://<YOUR FIREBASE>.firebaseio.com 	    at Vb (http://localhost:4200/assets/vendor.js:85597:278)	    at Wb (http://localhost:4200/assets/vendor.js:85599:21)	    at firebase.INTERNAL.registerService.Reference (http://localhost:4200/assets/vendor.js:85805:235)	    at Object.a.(anonymous function) [as database] (http://localhost:4200/assets/vendor.js:84825:4066)	    at e.value (http://localhost:4200/assets/vendor.js:84825:6484)	    at Object.create (http://localhost:4200/assets/vendor.js:124663:18)	    at instantiate (http://localhost:4200/assets/vendor.js:21220:23)	    at lookup (http://localhost:4200/assets/vendor.js:21045:17)	    at Container.lookup (http://localhost:4200/assets/vendor.js:20964:14)	    at Class.lookup (http://localhost:4200/assets/vendor.js:52226:33)
2022-05-25 11:27:46 ERROR    Failure: http://localhost:4200/ -> net::ERR_ABORTED
2022-05-25 11:27:46 ERROR    Failure: http://localhost:4200/ -> net::ERR_ABORTED
2022-05-25 11:27:46 ERROR    Failure: http://localhost:4200/ -> net::ERR_ABORTED
2022-05-25 11:27:46 ERROR    Failure: http://localhost:4200/ -> net::ERR_ABORTED
2022-05-25 11:27:46 ERROR    Failure: http://localhost:4200/ -> net::ERR_ABORTED
2022-05-25 11:27:46 ERROR    Failure: http://localhost:4200/ -> net::ERR_ABORTED
2022-05-25 11:27:46 ERROR    Failure: http://localhost:4200/ -> net::ERR_ABORTED
2022-05-25 11:27:46 ERROR    Failure: http://localhost:4200/-N2tau_R-AuPGM1v4_n9 -> net::ERR_CONNECTION_REFUSED
2022-05-25 11:27:46 ERROR    Failure: http://localhost:4200/-N2tau_R-AuPGM1v4_n9 -> Failed to load resource: net::ERR_CONNECTION_REFUSED
2022-05-25 11:27:46 ERROR    Failure: http://localhost:4200/-N2tau_R-AuPGM1v4_n9 -> JSHandle@error
2022-05-25 11:27:46 ERROR    Failure: http://localhost:4200/-N2tau_R-AuPGM1v4_n9 -> Error: FIREBASE FATAL ERROR: Cannot parse Firebase url. Please use https://<YOUR FIREBASE>.firebaseio.com 	    at Vb (http://localhost:4200/assets/vendor.js:85597:278)	    at Wb (http://localhost:4200/assets/vendor.js:85599:21)	    at firebase.INTERNAL.registerService.Reference (http://localhost:4200/assets/vendor.js:85805:235)	    at Object.a.(anonymous function) [as database] (http://localhost:4200/assets/vendor.js:84825:4066)	    at e.value (http://localhost:4200/assets/vendor.js:84825:6484)	    at Object.create (http://localhost:4200/assets/vendor.js:124663:18)	    at instantiate (http://localhost:4200/assets/vendor.js:21220:23)	    at lookup (http://localhost:4200/assets/vendor.js:21045:17)	    at Container.lookup (http://localhost:4200/assets/vendor.js:20964:14)	    at Class.lookup (http://localhost:4200/assets/vendor.js:52226:33)
2022-05-25 11:27:52 ERROR    Failure: http://localhost:4200/ -> net::ERR_ABORTED
2022-05-25 11:27:52 ERROR    Failure: http://localhost:4200/ -> net::ERR_ABORTED
2022-05-25 11:27:52 ERROR    Failure: http://localhost:4200/ -> net::ERR_ABORTED
2022-05-25 11:27:52 ERROR    Failure: http://localhost:4200/ -> net::ERR_ABORTED
2022-05-25 11:27:52 ERROR    Failure: http://localhost:4200/ -> net::ERR_ABORTED
2022-05-25 11:27:52 ERROR    Failure: http://localhost:4200/ -> net::ERR_ABORTED
2022-05-25 11:27:52 ERROR    Failure: http://localhost:4200/ -> net::ERR_ABORTED
2022-05-25 11:27:52 ERROR    Failure: http://localhost:4200/-N2tcsy7wdBNCULOnCV- -> net::ERR_CONNECTION_REFUSED
2022-05-25 11:27:52 ERROR    Failure: http://localhost:4200/-N2tcsy7wdBNCULOnCV- -> Failed to load resource: net::ERR_CONNECTION_REFUSED
2022-05-25 11:27:53 ERROR    Failure: http://localhost:4200/-N2tcsy7wdBNCULOnCV- -> JSHandle@error
2022-05-25 11:27:53 ERROR    Failure: http://localhost:4200/-N2tcsy7wdBNCULOnCV- -> Error: FIREBASE FATAL ERROR: Cannot parse Firebase url. Please use https://<YOUR FIREBASE>.firebaseio.com 	    at Vb (http://localhost:4200/assets/vendor.js:85597:278)	    at Wb (http://localhost:4200/assets/vendor.js:85599:21)	    at firebase.INTERNAL.registerService.Reference (http://localhost:4200/assets/vendor.js:85805:235)	    at Object.a.(anonymous function) [as database] (http://localhost:4200/assets/vendor.js:84825:4066)	    at e.value (http://localhost:4200/assets/vendor.js:84825:6484)	    at Object.create (http://localhost:4200/assets/vendor.js:124663:18)	    at instantiate (http://localhost:4200/assets/vendor.js:21220:23)	    at lookup (http://localhost:4200/assets/vendor.js:21045:17)	    at Container.lookup (http://localhost:4200/assets/vendor.js:20964:14)	    at Class.lookup (http://localhost:4200/assets/vendor.js:52226:33)
2022-05-25 11:27:56 ERROR    Failure: http://localhost:4200/ -> net::ERR_ABORTED
2022-05-25 11:27:56 ERROR    Failure: http://localhost:4200/ -> net::ERR_ABORTED
2022-05-25 11:27:56 ERROR    Failure: http://localhost:4200/ -> net::ERR_ABORTED
2022-05-25 11:27:56 ERROR    Failure: http://localhost:4200/ -> net::ERR_ABORTED
2022-05-25 11:27:56 ERROR    Failure: http://localhost:4200/ -> net::ERR_ABORTED
2022-05-25 11:27:56 ERROR    Failure: http://localhost:4200/ -> net::ERR_ABORTED
2022-05-25 11:27:56 ERROR    Failure: http://localhost:4200/ -> net::ERR_ABORTED
2022-05-25 11:27:56 ERROR    Failure: http://localhost:4200/-N2tePkqUxaFE11qaoVB -> net::ERR_CONNECTION_REFUSED
2022-05-25 11:27:56 ERROR    Failure: http://localhost:4200/-N2tePkqUxaFE11qaoVB -> Failed to load resource: net::ERR_CONNECTION_REFUSED
2022-05-25 11:27:57 ERROR    Failure: http://localhost:4200/-N2tePkqUxaFE11qaoVB -> JSHandle@error
2022-05-25 11:27:57 ERROR    Failure: http://localhost:4200/-N2tePkqUxaFE11qaoVB -> Error: FIREBASE FATAL ERROR: Cannot parse Firebase url. Please use https://<YOUR FIREBASE>.firebaseio.com 	    at Vb (http://localhost:4200/assets/vendor.js:85597:278)	    at Wb (http://localhost:4200/assets/vendor.js:85599:21)	    at firebase.INTERNAL.registerService.Reference (http://localhost:4200/assets/vendor.js:85805:235)	    at Object.a.(anonymous function) [as database] (http://localhost:4200/assets/vendor.js:84825:4066)	    at e.value (http://localhost:4200/assets/vendor.js:84825:6484)	    at Object.create (http://localhost:4200/assets/vendor.js:124663:18)	    at instantiate (http://localhost:4200/assets/vendor.js:21220:23)	    at lookup (http://localhost:4200/assets/vendor.js:21045:17)	    at Container.lookup (http://localhost:4200/assets/vendor.js:20964:14)	    at Class.lookup (http://localhost:4200/assets/vendor.js:52226:33)
2022-05-25 11:28:02 ERROR    Failure: http://localhost:4200/ -> net::ERR_ABORTED
2022-05-25 11:28:02 ERROR    Failure: http://localhost:4200/ -> net::ERR_ABORTED
2022-05-25 11:28:02 ERROR    Failure: http://localhost:4200/ -> net::ERR_ABORTED
2022-05-25 11:28:02 ERROR    Failure: http://localhost:4200/ -> net::ERR_ABORTED
2022-05-25 11:28:02 ERROR    Failure: http://localhost:4200/ -> net::ERR_ABORTED
2022-05-25 11:28:02 ERROR    Failure: http://localhost:4200/ -> net::ERR_ABORTED
2022-05-25 11:28:02 ERROR    Failure: http://localhost:4200/-N2tau_R-AuPGM1v4_n9 -> net::ERR_CONNECTION_REFUSED
2022-05-25 11:28:02 ERROR    Failure: http://localhost:4200/-N2tau_R-AuPGM1v4_n9 -> Failed to load resource: net::ERR_CONNECTION_REFUSED
2022-05-25 11:28:03 ERROR    Failure: http://localhost:4200/-N2tau_R-AuPGM1v4_n9 -> JSHandle@error
2022-05-25 11:28:03 ERROR    Failure: http://localhost:4200/-N2tau_R-AuPGM1v4_n9 -> Error: FIREBASE FATAL ERROR: Cannot parse Firebase url. Please use https://<YOUR FIREBASE>.firebaseio.com 	    at Vb (http://localhost:4200/assets/vendor.js:85597:278)	    at Wb (http://localhost:4200/assets/vendor.js:85599:21)	    at firebase.INTERNAL.registerService.Reference (http://localhost:4200/assets/vendor.js:85805:235)	    at Object.a.(anonymous function) [as database] (http://localhost:4200/assets/vendor.js:84825:4066)	    at e.value (http://localhost:4200/assets/vendor.js:84825:6484)	    at Object.create (http://localhost:4200/assets/vendor.js:124663:18)	    at instantiate (http://localhost:4200/assets/vendor.js:21220:23)	    at lookup (http://localhost:4200/assets/vendor.js:21045:17)	    at Container.lookup (http://localhost:4200/assets/vendor.js:20964:14)	    at Class.lookup (http://localhost:4200/assets/vendor.js:52226:33)
2022-05-25 11:28:08 ERROR    Failure: http://localhost:4200/ -> net::ERR_ABORTED
2022-05-25 11:28:08 ERROR    Failure: http://localhost:4200/ -> net::ERR_ABORTED
2022-05-25 11:28:08 ERROR    Failure: http://localhost:4200/ -> net::ERR_ABORTED
2022-05-25 11:28:08 ERROR    Failure: http://localhost:4200/ -> net::ERR_ABORTED
2022-05-25 11:28:08 ERROR    Failure: http://localhost:4200/ -> net::ERR_ABORTED
2022-05-25 11:28:08 ERROR    Failure: http://localhost:4200/ -> net::ERR_ABORTED
2022-05-25 11:28:08 ERROR    Failure: http://localhost:4200/ -> net::ERR_ABORTED
2022-05-25 11:28:08 ERROR    Failure: http://localhost:4200/-N2tcsy7wdBNCULOnCV- -> net::ERR_CONNECTION_REFUSED
2022-05-25 11:28:08 ERROR    Failure: http://localhost:4200/-N2tcsy7wdBNCULOnCV- -> Failed to load resource: net::ERR_CONNECTION_REFUSED
2022-05-25 11:28:08 ERROR    Failure: http://localhost:4200/-N2tcsy7wdBNCULOnCV- -> JSHandle@error
2022-05-25 11:28:08 ERROR    Failure: http://localhost:4200/-N2tcsy7wdBNCULOnCV- -> Error: FIREBASE FATAL ERROR: Cannot parse Firebase url. Please use https://<YOUR FIREBASE>.firebaseio.com 	    at Vb (http://localhost:4200/assets/vendor.js:85597:278)	    at Wb (http://localhost:4200/assets/vendor.js:85599:21)	    at firebase.INTERNAL.registerService.Reference (http://localhost:4200/assets/vendor.js:85805:235)	    at Object.a.(anonymous function) [as database] (http://localhost:4200/assets/vendor.js:84825:4066)	    at e.value (http://localhost:4200/assets/vendor.js:84825:6484)	    at Object.create (http://localhost:4200/assets/vendor.js:124663:18)	    at instantiate (http://localhost:4200/assets/vendor.js:21220:23)	    at lookup (http://localhost:4200/assets/vendor.js:21045:17)	    at Container.lookup (http://localhost:4200/assets/vendor.js:20964:14)	    at Class.lookup (http://localhost:4200/assets/vendor.js:52226:33)
2022-05-25 11:28:13 ERROR    Failure: http://localhost:4200/ -> net::ERR_ABORTED
2022-05-25 11:28:13 ERROR    Failure: http://localhost:4200/ -> net::ERR_ABORTED
2022-05-25 11:28:13 ERROR    Failure: http://localhost:4200/ -> net::ERR_ABORTED
2022-05-25 11:28:13 ERROR    Failure: http://localhost:4200/ -> net::ERR_ABORTED
2022-05-25 11:28:13 ERROR    Failure: http://localhost:4200/ -> net::ERR_ABORTED
2022-05-25 11:28:13 ERROR    Failure: http://localhost:4200/ -> net::ERR_ABORTED
2022-05-25 11:28:13 ERROR    Failure: http://localhost:4200/ -> net::ERR_ABORTED
2022-05-25 11:28:13 ERROR    Failure: http://localhost:4200/-N2tePkqUxaFE11qaoVB -> net::ERR_CONNECTION_REFUSED
2022-05-25 11:28:13 ERROR    Failure: http://localhost:4200/-N2tePkqUxaFE11qaoVB -> Failed to load resource: net::ERR_CONNECTION_REFUSED
2022-05-25 11:28:14 ERROR    Failure: http://localhost:4200/-N2tePkqUxaFE11qaoVB -> JSHandle@error
2022-05-25 11:28:14 ERROR    Failure: http://localhost:4200/-N2tePkqUxaFE11qaoVB -> Error: FIREBASE FATAL ERROR: Cannot parse Firebase url. Please use https://<YOUR FIREBASE>.firebaseio.com 	    at Vb (http://localhost:4200/assets/vendor.js:85597:278)	    at Wb (http://localhost:4200/assets/vendor.js:85599:21)	    at firebase.INTERNAL.registerService.Reference (http://localhost:4200/assets/vendor.js:85805:235)	    at Object.a.(anonymous function) [as database] (http://localhost:4200/assets/vendor.js:84825:4066)	    at e.value (http://localhost:4200/assets/vendor.js:84825:6484)	    at Object.create (http://localhost:4200/assets/vendor.js:124663:18)	    at instantiate (http://localhost:4200/assets/vendor.js:21220:23)	    at lookup (http://localhost:4200/assets/vendor.js:21045:17)	    at Container.lookup (http://localhost:4200/assets/vendor.js:20964:14)	    at Class.lookup (http://localhost:4200/assets/vendor.js:52226:33)
2022-05-25 11:28:19 ERROR    Failure: http://localhost:4200/ -> net::ERR_ABORTED
2022-05-25 11:28:19 ERROR    Failure: http://localhost:4200/ -> net::ERR_ABORTED
2022-05-25 11:28:19 ERROR    Failure: http://localhost:4200/ -> net::ERR_ABORTED
2022-05-25 11:28:19 ERROR    Failure: http://localhost:4200/ -> net::ERR_ABORTED
2022-05-25 11:28:19 ERROR    Failure: http://localhost:4200/ -> net::ERR_ABORTED
2022-05-25 11:28:19 ERROR    Failure: http://localhost:4200/ -> net::ERR_ABORTED
2022-05-25 11:28:19 ERROR    Failure: http://localhost:4200/-N2tau_R-AuPGM1v4_n9 -> net::ERR_CONNECTION_REFUSED
2022-05-25 11:28:19 ERROR    Failure: http://localhost:4200/-N2tau_R-AuPGM1v4_n9 -> Failed to load resource: net::ERR_CONNECTION_REFUSED
2022-05-25 11:28:19 ERROR    Failure: http://localhost:4200/-N2tau_R-AuPGM1v4_n9 -> JSHandle@error
2022-05-25 11:28:19 ERROR    Failure: http://localhost:4200/-N2tau_R-AuPGM1v4_n9 -> Error: FIREBASE FATAL ERROR: Cannot parse Firebase url. Please use https://<YOUR FIREBASE>.firebaseio.com 	    at Vb (http://localhost:4200/assets/vendor.js:85597:278)	    at Wb (http://localhost:4200/assets/vendor.js:85599:21)	    at firebase.INTERNAL.registerService.Reference (http://localhost:4200/assets/vendor.js:85805:235)	    at Object.a.(anonymous function) [as database] (http://localhost:4200/assets/vendor.js:84825:4066)	    at e.value (http://localhost:4200/assets/vendor.js:84825:6484)	    at Object.create (http://localhost:4200/assets/vendor.js:124663:18)	    at instantiate (http://localhost:4200/assets/vendor.js:21220:23)	    at lookup (http://localhost:4200/assets/vendor.js:21045:17)	    at Container.lookup (http://localhost:4200/assets/vendor.js:20964:14)	    at Class.lookup (http://localhost:4200/assets/vendor.js:52226:33)
2022-05-25 11:28:24 ERROR    Failure: http://localhost:4200/ -> net::ERR_ABORTED
2022-05-25 11:28:24 ERROR    Failure: http://localhost:4200/ -> net::ERR_ABORTED
2022-05-25 11:28:24 ERROR    Failure: http://localhost:4200/ -> net::ERR_ABORTED
2022-05-25 11:28:24 ERROR    Failure: http://localhost:4200/ -> net::ERR_ABORTED
2022-05-25 11:28:24 ERROR    Failure: http://localhost:4200/ -> net::ERR_ABORTED
2022-05-25 11:28:24 ERROR    Failure: http://localhost:4200/ -> net::ERR_ABORTED
2022-05-25 11:28:24 ERROR    Failure: http://localhost:4200/ -> net::ERR_ABORTED
2022-05-25 11:28:24 ERROR    Failure: http://localhost:4200/-N2tcsy7wdBNCULOnCV- -> net::ERR_CONNECTION_REFUSED
2022-05-25 11:28:24 ERROR    Failure: http://localhost:4200/-N2tcsy7wdBNCULOnCV- -> Failed to load resource: net::ERR_CONNECTION_REFUSED
2022-05-25 11:28:25 ERROR    Failure: http://localhost:4200/-N2tcsy7wdBNCULOnCV- -> JSHandle@error
2022-05-25 11:28:25 ERROR    Failure: http://localhost:4200/-N2tcsy7wdBNCULOnCV- -> Error: FIREBASE FATAL ERROR: Cannot parse Firebase url. Please use https://<YOUR FIREBASE>.firebaseio.com 	    at Vb (http://localhost:4200/assets/vendor.js:85597:278)	    at Wb (http://localhost:4200/assets/vendor.js:85599:21)	    at firebase.INTERNAL.registerService.Reference (http://localhost:4200/assets/vendor.js:85805:235)	    at Object.a.(anonymous function) [as database] (http://localhost:4200/assets/vendor.js:84825:4066)	    at e.value (http://localhost:4200/assets/vendor.js:84825:6484)	    at Object.create (http://localhost:4200/assets/vendor.js:124663:18)	    at instantiate (http://localhost:4200/assets/vendor.js:21220:23)	    at lookup (http://localhost:4200/assets/vendor.js:21045:17)	    at Container.lookup (http://localhost:4200/assets/vendor.js:20964:14)	    at Class.lookup (http://localhost:4200/assets/vendor.js:52226:33)
2022-05-25 11:28:29 ERROR    Failure: http://localhost:4200/ -> net::ERR_ABORTED
2022-05-25 11:28:29 ERROR    Failure: http://localhost:4200/ -> net::ERR_ABORTED
2022-05-25 11:28:29 ERROR    Failure: http://localhost:4200/ -> net::ERR_ABORTED
2022-05-25 11:28:29 ERROR    Failure: http://localhost:4200/ -> net::ERR_ABORTED
2022-05-25 11:28:29 ERROR    Failure: http://localhost:4200/ -> net::ERR_ABORTED
2022-05-25 11:28:29 ERROR    Failure: http://localhost:4200/ -> net::ERR_ABORTED
2022-05-25 11:28:29 ERROR    Failure: http://localhost:4200/ -> net::ERR_ABORTED
2022-05-25 11:28:29 ERROR    Failure: http://localhost:4200/-N2tcsy7wdBNCULOnCV- -> net::ERR_CONNECTION_REFUSED
2022-05-25 11:28:29 ERROR    Failure: http://localhost:4200/-N2tcsy7wdBNCULOnCV- -> Failed to load resource: net::ERR_CONNECTION_REFUSED
2022-05-25 11:28:29 ERROR    Failure: http://localhost:4200/-N2tcsy7wdBNCULOnCV- -> JSHandle@error
2022-05-25 11:28:29 ERROR    Failure: http://localhost:4200/-N2tcsy7wdBNCULOnCV- -> Error: FIREBASE FATAL ERROR: Cannot parse Firebase url. Please use https://<YOUR FIREBASE>.firebaseio.com 	    at Vb (http://localhost:4200/assets/vendor.js:85597:278)	    at Wb (http://localhost:4200/assets/vendor.js:85599:21)	    at firebase.INTERNAL.registerService.Reference (http://localhost:4200/assets/vendor.js:85805:235)	    at Object.a.(anonymous function) [as database] (http://localhost:4200/assets/vendor.js:84825:4066)	    at e.value (http://localhost:4200/assets/vendor.js:84825:6484)	    at Object.create (http://localhost:4200/assets/vendor.js:124663:18)	    at instantiate (http://localhost:4200/assets/vendor.js:21220:23)	    at lookup (http://localhost:4200/assets/vendor.js:21045:17)	    at Container.lookup (http://localhost:4200/assets/vendor.js:20964:14)	    at Class.lookup (http://localhost:4200/assets/vendor.js:52226:33)
2022-05-25 11:28:31 ERROR    Failure: http://localhost:4200/ -> net::ERR_ABORTED
2022-05-25 11:28:31 ERROR    Failure: http://localhost:4200/ -> net::ERR_ABORTED
2022-05-25 11:28:31 ERROR    Failure: http://localhost:4200/ -> net::ERR_ABORTED
2022-05-25 11:28:31 ERROR    Failure: http://localhost:4200/ -> net::ERR_ABORTED
2022-05-25 11:28:31 ERROR    Failure: http://localhost:4200/ -> net::ERR_ABORTED
2022-05-25 11:28:31 ERROR    Failure: http://localhost:4200/ -> net::ERR_ABORTED
2022-05-25 11:28:31 ERROR    Failure: http://localhost:4200/ -> net::ERR_ABORTED
2022-05-25 11:28:31 ERROR    Failure: http://localhost:4200/-N2tcsy7wdBNCULOnCV- -> net::ERR_CONNECTION_REFUSED
2022-05-25 11:28:31 ERROR    Failure: http://localhost:4200/-N2tcsy7wdBNCULOnCV- -> Failed to load resource: net::ERR_CONNECTION_REFUSED
2022-05-25 11:28:32 ERROR    Failure: http://localhost:4200/-N2tcsy7wdBNCULOnCV- -> JSHandle@error
2022-05-25 11:28:32 ERROR    Failure: http://localhost:4200/-N2tcsy7wdBNCULOnCV- -> Error: FIREBASE FATAL ERROR: Cannot parse Firebase url. Please use https://<YOUR FIREBASE>.firebaseio.com 	    at Vb (http://localhost:4200/assets/vendor.js:85597:278)	    at Wb (http://localhost:4200/assets/vendor.js:85599:21)	    at firebase.INTERNAL.registerService.Reference (http://localhost:4200/assets/vendor.js:85805:235)	    at Object.a.(anonymous function) [as database] (http://localhost:4200/assets/vendor.js:84825:4066)	    at e.value (http://localhost:4200/assets/vendor.js:84825:6484)	    at Object.create (http://localhost:4200/assets/vendor.js:124663:18)	    at instantiate (http://localhost:4200/assets/vendor.js:21220:23)	    at lookup (http://localhost:4200/assets/vendor.js:21045:17)	    at Container.lookup (http://localhost:4200/assets/vendor.js:20964:14)	    at Class.lookup (http://localhost:4200/assets/vendor.js:52226:33)
2022-05-25 11:28:37 ERROR    Failure: http://localhost:4200/ -> net::ERR_ABORTED
2022-05-25 11:28:37 ERROR    Failure: http://localhost:4200/ -> net::ERR_ABORTED
2022-05-25 11:28:37 ERROR    Failure: http://localhost:4200/ -> net::ERR_ABORTED
2022-05-25 11:28:37 ERROR    Failure: http://localhost:4200/ -> net::ERR_ABORTED
2022-05-25 11:28:37 ERROR    Failure: http://localhost:4200/ -> net::ERR_ABORTED
2022-05-25 11:28:37 ERROR    Failure: http://localhost:4200/ -> net::ERR_ABORTED
2022-05-25 11:28:37 ERROR    Failure: http://localhost:4200/ -> net::ERR_ABORTED
2022-05-25 11:28:37 ERROR    Failure: http://localhost:4200/-N2tePkqUxaFE11qaoVB -> net::ERR_CONNECTION_REFUSED
2022-05-25 11:28:37 ERROR    Failure: http://localhost:4200/-N2tePkqUxaFE11qaoVB -> Failed to load resource: net::ERR_CONNECTION_REFUSED
2022-05-25 11:28:38 ERROR    Failure: http://localhost:4200/-N2tePkqUxaFE11qaoVB -> JSHandle@error
2022-05-25 11:28:38 ERROR    Failure: http://localhost:4200/-N2tePkqUxaFE11qaoVB -> Error: FIREBASE FATAL ERROR: Cannot parse Firebase url. Please use https://<YOUR FIREBASE>.firebaseio.com 	    at Vb (http://localhost:4200/assets/vendor.js:85597:278)	    at Wb (http://localhost:4200/assets/vendor.js:85599:21)	    at firebase.INTERNAL.registerService.Reference (http://localhost:4200/assets/vendor.js:85805:235)	    at Object.a.(anonymous function) [as database] (http://localhost:4200/assets/vendor.js:84825:4066)	    at e.value (http://localhost:4200/assets/vendor.js:84825:6484)	    at Object.create (http://localhost:4200/assets/vendor.js:124663:18)	    at instantiate (http://localhost:4200/assets/vendor.js:21220:23)	    at lookup (http://localhost:4200/assets/vendor.js:21045:17)	    at Container.lookup (http://localhost:4200/assets/vendor.js:20964:14)	    at Class.lookup (http://localhost:4200/assets/vendor.js:52226:33)
2022-05-25 11:28:43 ERROR    Failure: http://localhost:4200/ -> net::ERR_ABORTED
2022-05-25 11:28:43 ERROR    Failure: http://localhost:4200/ -> net::ERR_ABORTED
2022-05-25 11:28:43 ERROR    Failure: http://localhost:4200/ -> net::ERR_ABORTED
2022-05-25 11:28:43 ERROR    Failure: http://localhost:4200/ -> net::ERR_ABORTED
2022-05-25 11:28:43 ERROR    Failure: http://localhost:4200/ -> net::ERR_ABORTED
2022-05-25 11:28:43 ERROR    Failure: http://localhost:4200/ -> net::ERR_ABORTED
2022-05-25 11:28:43 ERROR    Failure: http://localhost:4200/ -> net::ERR_ABORTED
2022-05-25 11:28:43 ERROR    Failure: http://localhost:4200/-N2tau_R-AuPGM1v4_n9 -> net::ERR_CONNECTION_REFUSED
2022-05-25 11:28:43 ERROR    Failure: http://localhost:4200/-N2tau_R-AuPGM1v4_n9 -> Failed to load resource: net::ERR_CONNECTION_REFUSED
2022-05-25 11:28:44 ERROR    Failure: http://localhost:4200/-N2tau_R-AuPGM1v4_n9 -> JSHandle@error
2022-05-25 11:28:44 ERROR    Failure: http://localhost:4200/-N2tau_R-AuPGM1v4_n9 -> Error: FIREBASE FATAL ERROR: Cannot parse Firebase url. Please use https://<YOUR FIREBASE>.firebaseio.com 	    at Vb (http://localhost:4200/assets/vendor.js:85597:278)	    at Wb (http://localhost:4200/assets/vendor.js:85599:21)	    at firebase.INTERNAL.registerService.Reference (http://localhost:4200/assets/vendor.js:85805:235)	    at Object.a.(anonymous function) [as database] (http://localhost:4200/assets/vendor.js:84825:4066)	    at e.value (http://localhost:4200/assets/vendor.js:84825:6484)	    at Object.create (http://localhost:4200/assets/vendor.js:124663:18)	    at instantiate (http://localhost:4200/assets/vendor.js:21220:23)	    at lookup (http://localhost:4200/assets/vendor.js:21045:17)	    at Container.lookup (http://localhost:4200/assets/vendor.js:20964:14)	    at Class.lookup (http://localhost:4200/assets/vendor.js:52226:33)
2022-05-25 11:28:48 ERROR    Failure: http://localhost:4200/ -> net::ERR_ABORTED
2022-05-25 11:28:48 ERROR    Failure: http://localhost:4200/ -> net::ERR_ABORTED
2022-05-25 11:28:48 ERROR    Failure: http://localhost:4200/ -> net::ERR_ABORTED
2022-05-25 11:28:48 ERROR    Failure: http://localhost:4200/ -> net::ERR_ABORTED
2022-05-25 11:28:48 ERROR    Failure: http://localhost:4200/ -> net::ERR_ABORTED
2022-05-25 11:28:48 ERROR    Failure: http://localhost:4200/ -> net::ERR_ABORTED
2022-05-25 11:28:48 ERROR    Failure: http://localhost:4200/ -> net::ERR_ABORTED
2022-05-25 11:28:48 ERROR    Failure: http://localhost:4200/-N2tau_R-AuPGM1v4_n9 -> net::ERR_CONNECTION_REFUSED
2022-05-25 11:28:48 ERROR    Failure: http://localhost:4200/-N2tau_R-AuPGM1v4_n9 -> Failed to load resource: net::ERR_CONNECTION_REFUSED
2022-05-25 11:28:49 ERROR    Failure: http://localhost:4200/-N2tau_R-AuPGM1v4_n9 -> JSHandle@error
2022-05-25 11:28:49 ERROR    Failure: http://localhost:4200/-N2tau_R-AuPGM1v4_n9 -> Error: FIREBASE FATAL ERROR: Cannot parse Firebase url. Please use https://<YOUR FIREBASE>.firebaseio.com 	    at Vb (http://localhost:4200/assets/vendor.js:85597:278)	    at Wb (http://localhost:4200/assets/vendor.js:85599:21)	    at firebase.INTERNAL.registerService.Reference (http://localhost:4200/assets/vendor.js:85805:235)	    at Object.a.(anonymous function) [as database] (http://localhost:4200/assets/vendor.js:84825:4066)	    at e.value (http://localhost:4200/assets/vendor.js:84825:6484)	    at Object.create (http://localhost:4200/assets/vendor.js:124663:18)	    at instantiate (http://localhost:4200/assets/vendor.js:21220:23)	    at lookup (http://localhost:4200/assets/vendor.js:21045:17)	    at Container.lookup (http://localhost:4200/assets/vendor.js:20964:14)	    at Class.lookup (http://localhost:4200/assets/vendor.js:52226:33)
2022-05-25 11:28:53 ERROR    Failure: http://localhost:4200/ -> net::ERR_ABORTED
2022-05-25 11:28:53 ERROR    Failure: http://localhost:4200/ -> net::ERR_ABORTED
2022-05-25 11:28:53 ERROR    Failure: http://localhost:4200/ -> net::ERR_ABORTED
2022-05-25 11:28:53 ERROR    Failure: http://localhost:4200/ -> net::ERR_ABORTED
2022-05-25 11:28:53 ERROR    Failure: http://localhost:4200/ -> net::ERR_ABORTED
2022-05-25 11:28:53 ERROR    Failure: http://localhost:4200/ -> net::ERR_ABORTED
2022-05-25 11:28:53 ERROR    Failure: http://localhost:4200/ -> net::ERR_ABORTED
2022-05-25 11:28:53 ERROR    Failure: http://localhost:4200/-N2tcsy7wdBNCULOnCV- -> net::ERR_CONNECTION_REFUSED
2022-05-25 11:28:53 ERROR    Failure: http://localhost:4200/-N2tcsy7wdBNCULOnCV- -> Failed to load resource: net::ERR_CONNECTION_REFUSED
2022-05-25 11:28:54 ERROR    Failure: http://localhost:4200/-N2tcsy7wdBNCULOnCV- -> JSHandle@error
2022-05-25 11:28:54 ERROR    Failure: http://localhost:4200/-N2tcsy7wdBNCULOnCV- -> Error: FIREBASE FATAL ERROR: Cannot parse Firebase url. Please use https://<YOUR FIREBASE>.firebaseio.com 	    at Vb (http://localhost:4200/assets/vendor.js:85597:278)	    at Wb (http://localhost:4200/assets/vendor.js:85599:21)	    at firebase.INTERNAL.registerService.Reference (http://localhost:4200/assets/vendor.js:85805:235)	    at Object.a.(anonymous function) [as database] (http://localhost:4200/assets/vendor.js:84825:4066)	    at e.value (http://localhost:4200/assets/vendor.js:84825:6484)	    at Object.create (http://localhost:4200/assets/vendor.js:124663:18)	    at instantiate (http://localhost:4200/assets/vendor.js:21220:23)	    at lookup (http://localhost:4200/assets/vendor.js:21045:17)	    at Container.lookup (http://localhost:4200/assets/vendor.js:20964:14)	    at Class.lookup (http://localhost:4200/assets/vendor.js:52226:33)
2022-05-25 11:28:58 ERROR    Failure: http://localhost:4200/ -> net::ERR_ABORTED
2022-05-25 11:28:58 ERROR    Failure: http://localhost:4200/ -> net::ERR_ABORTED
2022-05-25 11:28:58 ERROR    Failure: http://localhost:4200/ -> net::ERR_ABORTED
2022-05-25 11:28:58 ERROR    Failure: http://localhost:4200/ -> net::ERR_ABORTED
2022-05-25 11:28:58 ERROR    Failure: http://localhost:4200/ -> net::ERR_ABORTED
2022-05-25 11:28:58 ERROR    Failure: http://localhost:4200/ -> net::ERR_ABORTED
2022-05-25 11:28:58 ERROR    Failure: http://localhost:4200/ -> net::ERR_ABORTED
2022-05-25 11:28:58 ERROR    Failure: http://localhost:4200/-N2tePkqUxaFE11qaoVB -> net::ERR_CONNECTION_REFUSED
2022-05-25 11:28:58 ERROR    Failure: http://localhost:4200/-N2tePkqUxaFE11qaoVB -> Failed to load resource: net::ERR_CONNECTION_REFUSED
2022-05-25 11:28:58 ERROR    Failure: http://localhost:4200/-N2tePkqUxaFE11qaoVB -> JSHandle@error
2022-05-25 11:28:58 ERROR    Failure: http://localhost:4200/-N2tePkqUxaFE11qaoVB -> Error: FIREBASE FATAL ERROR: Cannot parse Firebase url. Please use https://<YOUR FIREBASE>.firebaseio.com 	    at Vb (http://localhost:4200/assets/vendor.js:85597:278)	    at Wb (http://localhost:4200/assets/vendor.js:85599:21)	    at firebase.INTERNAL.registerService.Reference (http://localhost:4200/assets/vendor.js:85805:235)	    at Object.a.(anonymous function) [as database] (http://localhost:4200/assets/vendor.js:84825:4066)	    at e.value (http://localhost:4200/assets/vendor.js:84825:6484)	    at Object.create (http://localhost:4200/assets/vendor.js:124663:18)	    at instantiate (http://localhost:4200/assets/vendor.js:21220:23)	    at lookup (http://localhost:4200/assets/vendor.js:21045:17)	    at Container.lookup (http://localhost:4200/assets/vendor.js:20964:14)	    at Class.lookup (http://localhost:4200/assets/vendor.js:52226:33)
2022-05-25 11:29:03 ERROR    Failure: http://localhost:4200/ -> net::ERR_ABORTED
2022-05-25 11:29:03 ERROR    Failure: http://localhost:4200/ -> net::ERR_ABORTED
2022-05-25 11:29:03 ERROR    Failure: http://localhost:4200/ -> net::ERR_ABORTED
2022-05-25 11:29:03 ERROR    Failure: http://localhost:4200/ -> net::ERR_ABORTED
2022-05-25 11:29:03 ERROR    Failure: http://localhost:4200/ -> net::ERR_ABORTED
2022-05-25 11:29:03 ERROR    Failure: http://localhost:4200/ -> net::ERR_ABORTED
2022-05-25 11:29:03 ERROR    Failure: http://localhost:4200/ -> net::ERR_ABORTED
2022-05-25 11:29:03 ERROR    Failure: http://localhost:4200/-N2tau_R-AuPGM1v4_n9 -> net::ERR_CONNECTION_REFUSED
2022-05-25 11:29:03 ERROR    Failure: http://localhost:4200/-N2tau_R-AuPGM1v4_n9 -> Failed to load resource: net::ERR_CONNECTION_REFUSED
2022-05-25 11:29:03 ERROR    Failure: http://localhost:4200/-N2tau_R-AuPGM1v4_n9 -> JSHandle@error
2022-05-25 11:29:03 ERROR    Failure: http://localhost:4200/-N2tau_R-AuPGM1v4_n9 -> Error: FIREBASE FATAL ERROR: Cannot parse Firebase url. Please use https://<YOUR FIREBASE>.firebaseio.com 	    at Vb (http://localhost:4200/assets/vendor.js:85597:278)	    at Wb (http://localhost:4200/assets/vendor.js:85599:21)	    at firebase.INTERNAL.registerService.Reference (http://localhost:4200/assets/vendor.js:85805:235)	    at Object.a.(anonymous function) [as database] (http://localhost:4200/assets/vendor.js:84825:4066)	    at e.value (http://localhost:4200/assets/vendor.js:84825:6484)	    at Object.create (http://localhost:4200/assets/vendor.js:124663:18)	    at instantiate (http://localhost:4200/assets/vendor.js:21220:23)	    at lookup (http://localhost:4200/assets/vendor.js:21045:17)	    at Container.lookup (http://localhost:4200/assets/vendor.js:20964:14)	    at Class.lookup (http://localhost:4200/assets/vendor.js:52226:33)
2022-05-25 11:29:07 ERROR    Failure: http://localhost:4200/ -> net::ERR_ABORTED
2022-05-25 11:29:07 ERROR    Failure: http://localhost:4200/ -> net::ERR_ABORTED
2022-05-25 11:29:07 ERROR    Failure: http://localhost:4200/ -> net::ERR_ABORTED
2022-05-25 11:29:07 ERROR    Failure: http://localhost:4200/ -> net::ERR_ABORTED
2022-05-25 11:29:07 ERROR    Failure: http://localhost:4200/ -> net::ERR_ABORTED
2022-05-25 11:29:07 ERROR    Failure: http://localhost:4200/ -> net::ERR_ABORTED
2022-05-25 11:29:07 ERROR    Failure: http://localhost:4200/ -> net::ERR_ABORTED
2022-05-25 11:29:07 ERROR    Failure: http://localhost:4200/-N2tcsy7wdBNCULOnCV- -> net::ERR_CONNECTION_REFUSED
2022-05-25 11:29:07 ERROR    Failure: http://localhost:4200/-N2tcsy7wdBNCULOnCV- -> Failed to load resource: net::ERR_CONNECTION_REFUSED
2022-05-25 11:29:07 ERROR    Failure: http://localhost:4200/-N2tcsy7wdBNCULOnCV- -> JSHandle@error
2022-05-25 11:29:07 ERROR    Failure: http://localhost:4200/-N2tcsy7wdBNCULOnCV- -> Error: FIREBASE FATAL ERROR: Cannot parse Firebase url. Please use https://<YOUR FIREBASE>.firebaseio.com 	    at Vb (http://localhost:4200/assets/vendor.js:85597:278)	    at Wb (http://localhost:4200/assets/vendor.js:85599:21)	    at firebase.INTERNAL.registerService.Reference (http://localhost:4200/assets/vendor.js:85805:235)	    at Object.a.(anonymous function) [as database] (http://localhost:4200/assets/vendor.js:84825:4066)	    at e.value (http://localhost:4200/assets/vendor.js:84825:6484)	    at Object.create (http://localhost:4200/assets/vendor.js:124663:18)	    at instantiate (http://localhost:4200/assets/vendor.js:21220:23)	    at lookup (http://localhost:4200/assets/vendor.js:21045:17)	    at Container.lookup (http://localhost:4200/assets/vendor.js:20964:14)	    at Class.lookup (http://localhost:4200/assets/vendor.js:52226:33)
2022-05-25 11:29:10 ERROR    Failure: http://localhost:4200/ -> net::ERR_ABORTED
2022-05-25 11:29:10 ERROR    Failure: http://localhost:4200/ -> net::ERR_ABORTED
2022-05-25 11:29:10 ERROR    Failure: http://localhost:4200/ -> net::ERR_ABORTED
2022-05-25 11:29:10 ERROR    Failure: http://localhost:4200/ -> net::ERR_ABORTED
2022-05-25 11:29:10 ERROR    Failure: http://localhost:4200/ -> net::ERR_ABORTED
2022-05-25 11:29:10 ERROR    Failure: http://localhost:4200/ -> net::ERR_ABORTED
2022-05-25 11:29:10 ERROR    Failure: http://localhost:4200/ -> net::ERR_ABORTED
2022-05-25 11:29:10 ERROR    Failure: http://localhost:4200/-N2tcsy7wdBNCULOnCV- -> net::ERR_CONNECTION_REFUSED
2022-05-25 11:29:10 ERROR    Failure: http://localhost:4200/-N2tcsy7wdBNCULOnCV- -> Failed to load resource: net::ERR_CONNECTION_REFUSED
2022-05-25 11:29:11 ERROR    Failure: http://localhost:4200/-N2tcsy7wdBNCULOnCV- -> JSHandle@error
2022-05-25 11:29:11 ERROR    Failure: http://localhost:4200/-N2tcsy7wdBNCULOnCV- -> Error: FIREBASE FATAL ERROR: Cannot parse Firebase url. Please use https://<YOUR FIREBASE>.firebaseio.com 	    at Vb (http://localhost:4200/assets/vendor.js:85597:278)	    at Wb (http://localhost:4200/assets/vendor.js:85599:21)	    at firebase.INTERNAL.registerService.Reference (http://localhost:4200/assets/vendor.js:85805:235)	    at Object.a.(anonymous function) [as database] (http://localhost:4200/assets/vendor.js:84825:4066)	    at e.value (http://localhost:4200/assets/vendor.js:84825:6484)	    at Object.create (http://localhost:4200/assets/vendor.js:124663:18)	    at instantiate (http://localhost:4200/assets/vendor.js:21220:23)	    at lookup (http://localhost:4200/assets/vendor.js:21045:17)	    at Container.lookup (http://localhost:4200/assets/vendor.js:20964:14)	    at Class.lookup (http://localhost:4200/assets/vendor.js:52226:33)
2022-05-25 11:29:14 ERROR    Failure: http://localhost:4200/ -> net::ERR_ABORTED
2022-05-25 11:29:14 ERROR    Failure: http://localhost:4200/ -> net::ERR_ABORTED
2022-05-25 11:29:14 ERROR    Failure: http://localhost:4200/ -> net::ERR_ABORTED
2022-05-25 11:29:14 ERROR    Failure: http://localhost:4200/ -> net::ERR_ABORTED
2022-05-25 11:29:14 ERROR    Failure: http://localhost:4200/ -> net::ERR_ABORTED
2022-05-25 11:29:14 ERROR    Failure: http://localhost:4200/ -> net::ERR_ABORTED
2022-05-25 11:29:14 ERROR    Failure: http://localhost:4200/ -> net::ERR_ABORTED
2022-05-25 11:29:14 ERROR    Failure: http://localhost:4200/-N2tePkqUxaFE11qaoVB -> net::ERR_CONNECTION_REFUSED
2022-05-25 11:29:14 ERROR    Failure: http://localhost:4200/-N2tePkqUxaFE11qaoVB -> Failed to load resource: net::ERR_CONNECTION_REFUSED
2022-05-25 11:29:14 ERROR    Failure: http://localhost:4200/-N2tePkqUxaFE11qaoVB -> JSHandle@error
2022-05-25 11:29:14 ERROR    Failure: http://localhost:4200/-N2tePkqUxaFE11qaoVB -> Error: FIREBASE FATAL ERROR: Cannot parse Firebase url. Please use https://<YOUR FIREBASE>.firebaseio.com 	    at Vb (http://localhost:4200/assets/vendor.js:85597:278)	    at Wb (http://localhost:4200/assets/vendor.js:85599:21)	    at firebase.INTERNAL.registerService.Reference (http://localhost:4200/assets/vendor.js:85805:235)	    at Object.a.(anonymous function) [as database] (http://localhost:4200/assets/vendor.js:84825:4066)	    at e.value (http://localhost:4200/assets/vendor.js:84825:6484)	    at Object.create (http://localhost:4200/assets/vendor.js:124663:18)	    at instantiate (http://localhost:4200/assets/vendor.js:21220:23)	    at lookup (http://localhost:4200/assets/vendor.js:21045:17)	    at Container.lookup (http://localhost:4200/assets/vendor.js:20964:14)	    at Class.lookup (http://localhost:4200/assets/vendor.js:52226:33)
2022-05-25 11:29:17 ERROR    Failure: http://localhost:4200/ -> net::ERR_ABORTED
2022-05-25 11:29:17 ERROR    Failure: http://localhost:4200/ -> net::ERR_ABORTED
2022-05-25 11:29:17 ERROR    Failure: http://localhost:4200/ -> net::ERR_ABORTED
2022-05-25 11:29:17 ERROR    Failure: http://localhost:4200/ -> net::ERR_ABORTED
2022-05-25 11:29:17 ERROR    Failure: http://localhost:4200/ -> net::ERR_ABORTED
2022-05-25 11:29:17 ERROR    Failure: http://localhost:4200/ -> net::ERR_ABORTED
2022-05-25 11:29:17 ERROR    Failure: http://localhost:4200/ -> net::ERR_ABORTED
2022-05-25 11:29:17 ERROR    Failure: http://localhost:4200/-N2tePkqUxaFE11qaoVB -> net::ERR_CONNECTION_REFUSED
2022-05-25 11:29:17 ERROR    Failure: http://localhost:4200/-N2tePkqUxaFE11qaoVB -> Failed to load resource: net::ERR_CONNECTION_REFUSED
2022-05-25 11:29:18 ERROR    Failure: http://localhost:4200/-N2tePkqUxaFE11qaoVB -> JSHandle@error
2022-05-25 11:29:18 ERROR    Failure: http://localhost:4200/-N2tePkqUxaFE11qaoVB -> Error: FIREBASE FATAL ERROR: Cannot parse Firebase url. Please use https://<YOUR FIREBASE>.firebaseio.com 	    at Vb (http://localhost:4200/assets/vendor.js:85597:278)	    at Wb (http://localhost:4200/assets/vendor.js:85599:21)	    at firebase.INTERNAL.registerService.Reference (http://localhost:4200/assets/vendor.js:85805:235)	    at Object.a.(anonymous function) [as database] (http://localhost:4200/assets/vendor.js:84825:4066)	    at e.value (http://localhost:4200/assets/vendor.js:84825:6484)	    at Object.create (http://localhost:4200/assets/vendor.js:124663:18)	    at instantiate (http://localhost:4200/assets/vendor.js:21220:23)	    at lookup (http://localhost:4200/assets/vendor.js:21045:17)	    at Container.lookup (http://localhost:4200/assets/vendor.js:20964:14)	    at Class.lookup (http://localhost:4200/assets/vendor.js:52226:33)
2022-05-25 11:29:22 ERROR    Failure: http://localhost:4200/ -> net::ERR_ABORTED
2022-05-25 11:29:22 ERROR    Failure: http://localhost:4200/ -> net::ERR_ABORTED
2022-05-25 11:29:22 ERROR    Failure: http://localhost:4200/ -> net::ERR_ABORTED
2022-05-25 11:29:22 ERROR    Failure: http://localhost:4200/ -> net::ERR_ABORTED
2022-05-25 11:29:22 ERROR    Failure: http://localhost:4200/ -> net::ERR_ABORTED
2022-05-25 11:29:22 ERROR    Failure: http://localhost:4200/ -> net::ERR_ABORTED
2022-05-25 11:29:22 ERROR    Failure: http://localhost:4200/ -> net::ERR_ABORTED
2022-05-25 11:29:22 ERROR    Failure: http://localhost:4200/-N2tePkqUxaFE11qaoVB -> net::ERR_CONNECTION_REFUSED
2022-05-25 11:29:22 ERROR    Failure: http://localhost:4200/-N2tePkqUxaFE11qaoVB -> Failed to load resource: net::ERR_CONNECTION_REFUSED
2022-05-25 11:29:23 ERROR    Failure: http://localhost:4200/-N2tePkqUxaFE11qaoVB -> JSHandle@error
2022-05-25 11:29:23 ERROR    Failure: http://localhost:4200/-N2tePkqUxaFE11qaoVB -> Error: FIREBASE FATAL ERROR: Cannot parse Firebase url. Please use https://<YOUR FIREBASE>.firebaseio.com 	    at Vb (http://localhost:4200/assets/vendor.js:85597:278)	    at Wb (http://localhost:4200/assets/vendor.js:85599:21)	    at firebase.INTERNAL.registerService.Reference (http://localhost:4200/assets/vendor.js:85805:235)	    at Object.a.(anonymous function) [as database] (http://localhost:4200/assets/vendor.js:84825:4066)	    at e.value (http://localhost:4200/assets/vendor.js:84825:6484)	    at Object.create (http://localhost:4200/assets/vendor.js:124663:18)	    at instantiate (http://localhost:4200/assets/vendor.js:21220:23)	    at lookup (http://localhost:4200/assets/vendor.js:21045:17)	    at Container.lookup (http://localhost:4200/assets/vendor.js:20964:14)	    at Class.lookup (http://localhost:4200/assets/vendor.js:52226:33)
2022-05-25 11:29:27 ERROR    Failure: http://localhost:4200/ -> net::ERR_ABORTED
2022-05-25 11:29:27 ERROR    Failure: http://localhost:4200/ -> net::ERR_ABORTED
2022-05-25 11:29:27 ERROR    Failure: http://localhost:4200/ -> net::ERR_ABORTED
2022-05-25 11:29:27 ERROR    Failure: http://localhost:4200/ -> net::ERR_ABORTED
2022-05-25 11:29:27 ERROR    Failure: http://localhost:4200/ -> net::ERR_ABORTED
2022-05-25 11:29:27 ERROR    Failure: http://localhost:4200/ -> net::ERR_ABORTED
2022-05-25 11:29:27 ERROR    Failure: http://localhost:4200/ -> net::ERR_ABORTED
2022-05-25 11:29:27 ERROR    Failure: http://localhost:4200/-N2tau_R-AuPGM1v4_n9 -> net::ERR_CONNECTION_REFUSED
2022-05-25 11:29:27 ERROR    Failure: http://localhost:4200/-N2tau_R-AuPGM1v4_n9 -> Failed to load resource: net::ERR_CONNECTION_REFUSED
2022-05-25 11:29:28 ERROR    Failure: http://localhost:4200/-N2tau_R-AuPGM1v4_n9 -> JSHandle@error
2022-05-25 11:29:28 ERROR    Failure: http://localhost:4200/-N2tau_R-AuPGM1v4_n9 -> Error: FIREBASE FATAL ERROR: Cannot parse Firebase url. Please use https://<YOUR FIREBASE>.firebaseio.com 	    at Vb (http://localhost:4200/assets/vendor.js:85597:278)	    at Wb (http://localhost:4200/assets/vendor.js:85599:21)	    at firebase.INTERNAL.registerService.Reference (http://localhost:4200/assets/vendor.js:85805:235)	    at Object.a.(anonymous function) [as database] (http://localhost:4200/assets/vendor.js:84825:4066)	    at e.value (http://localhost:4200/assets/vendor.js:84825:6484)	    at Object.create (http://localhost:4200/assets/vendor.js:124663:18)	    at instantiate (http://localhost:4200/assets/vendor.js:21220:23)	    at lookup (http://localhost:4200/assets/vendor.js:21045:17)	    at Container.lookup (http://localhost:4200/assets/vendor.js:20964:14)	    at Class.lookup (http://localhost:4200/assets/vendor.js:52226:33)
2022-05-25 11:29:30 ERROR    Failure: http://localhost:4200/ -> net::ERR_ABORTED
2022-05-25 11:29:30 ERROR    Failure: http://localhost:4200/ -> net::ERR_ABORTED
2022-05-25 11:29:30 ERROR    Failure: http://localhost:4200/ -> net::ERR_ABORTED
2022-05-25 11:29:30 ERROR    Failure: http://localhost:4200/ -> net::ERR_ABORTED
2022-05-25 11:29:30 ERROR    Failure: http://localhost:4200/ -> net::ERR_ABORTED
2022-05-25 11:29:30 ERROR    Failure: http://localhost:4200/ -> net::ERR_ABORTED
2022-05-25 11:29:30 ERROR    Failure: http://localhost:4200/ -> net::ERR_ABORTED
2022-05-25 11:29:30 ERROR    Failure: http://localhost:4200/-N2tcsy7wdBNCULOnCV- -> net::ERR_CONNECTION_REFUSED
2022-05-25 11:29:30 ERROR    Failure: http://localhost:4200/-N2tcsy7wdBNCULOnCV- -> Failed to load resource: net::ERR_CONNECTION_REFUSED
2022-05-25 11:29:31 ERROR    Failure: http://localhost:4200/-N2tcsy7wdBNCULOnCV- -> JSHandle@error
2022-05-25 11:29:31 ERROR    Failure: http://localhost:4200/-N2tcsy7wdBNCULOnCV- -> Error: FIREBASE FATAL ERROR: Cannot parse Firebase url. Please use https://<YOUR FIREBASE>.firebaseio.com 	    at Vb (http://localhost:4200/assets/vendor.js:85597:278)	    at Wb (http://localhost:4200/assets/vendor.js:85599:21)	    at firebase.INTERNAL.registerService.Reference (http://localhost:4200/assets/vendor.js:85805:235)	    at Object.a.(anonymous function) [as database] (http://localhost:4200/assets/vendor.js:84825:4066)	    at e.value (http://localhost:4200/assets/vendor.js:84825:6484)	    at Object.create (http://localhost:4200/assets/vendor.js:124663:18)	    at instantiate (http://localhost:4200/assets/vendor.js:21220:23)	    at lookup (http://localhost:4200/assets/vendor.js:21045:17)	    at Container.lookup (http://localhost:4200/assets/vendor.js:20964:14)	    at Class.lookup (http://localhost:4200/assets/vendor.js:52226:33)
2022-05-25 11:29:35 ERROR    Failure: http://localhost:4200/ -> net::ERR_ABORTED
2022-05-25 11:29:35 ERROR    Failure: http://localhost:4200/ -> net::ERR_ABORTED
2022-05-25 11:29:35 ERROR    Failure: http://localhost:4200/ -> net::ERR_ABORTED
2022-05-25 11:29:35 ERROR    Failure: http://localhost:4200/ -> net::ERR_ABORTED
2022-05-25 11:29:35 ERROR    Failure: http://localhost:4200/ -> net::ERR_ABORTED
2022-05-25 11:29:35 ERROR    Failure: http://localhost:4200/ -> net::ERR_ABORTED
2022-05-25 11:29:35 ERROR    Failure: http://localhost:4200/-N2tePkqUxaFE11qaoVB -> net::ERR_CONNECTION_REFUSED
2022-05-25 11:29:35 ERROR    Failure: http://localhost:4200/-N2tePkqUxaFE11qaoVB -> Failed to load resource: net::ERR_CONNECTION_REFUSED
2022-05-25 11:29:35 ERROR    Failure: http://localhost:4200/-N2tePkqUxaFE11qaoVB -> JSHandle@error
2022-05-25 11:29:35 ERROR    Failure: http://localhost:4200/-N2tePkqUxaFE11qaoVB -> Error: FIREBASE FATAL ERROR: Cannot parse Firebase url. Please use https://<YOUR FIREBASE>.firebaseio.com 	    at Vb (http://localhost:4200/assets/vendor.js:85597:278)	    at Wb (http://localhost:4200/assets/vendor.js:85599:21)	    at firebase.INTERNAL.registerService.Reference (http://localhost:4200/assets/vendor.js:85805:235)	    at Object.a.(anonymous function) [as database] (http://localhost:4200/assets/vendor.js:84825:4066)	    at e.value (http://localhost:4200/assets/vendor.js:84825:6484)	    at Object.create (http://localhost:4200/assets/vendor.js:124663:18)	    at instantiate (http://localhost:4200/assets/vendor.js:21220:23)	    at lookup (http://localhost:4200/assets/vendor.js:21045:17)	    at Container.lookup (http://localhost:4200/assets/vendor.js:20964:14)	    at Class.lookup (http://localhost:4200/assets/vendor.js:52226:33)
2022-05-25 11:29:38 ERROR    Failure: http://localhost:4200/ -> net::ERR_ABORTED
2022-05-25 11:29:38 ERROR    Failure: http://localhost:4200/ -> net::ERR_ABORTED
2022-05-25 11:29:38 ERROR    Failure: http://localhost:4200/ -> net::ERR_ABORTED
2022-05-25 11:29:38 ERROR    Failure: http://localhost:4200/ -> net::ERR_ABORTED
2022-05-25 11:29:38 ERROR    Failure: http://localhost:4200/ -> net::ERR_ABORTED
2022-05-25 11:29:38 ERROR    Failure: http://localhost:4200/ -> net::ERR_ABORTED
2022-05-25 11:29:38 ERROR    Failure: http://localhost:4200/ -> net::ERR_ABORTED
2022-05-25 11:29:38 ERROR    Failure: http://localhost:4200/-N2tau_R-AuPGM1v4_n9 -> net::ERR_CONNECTION_REFUSED
2022-05-25 11:29:38 ERROR    Failure: http://localhost:4200/-N2tau_R-AuPGM1v4_n9 -> Failed to load resource: net::ERR_CONNECTION_REFUSED
2022-05-25 11:29:39 ERROR    Failure: http://localhost:4200/-N2tau_R-AuPGM1v4_n9 -> JSHandle@error
2022-05-25 11:29:39 ERROR    Failure: http://localhost:4200/-N2tau_R-AuPGM1v4_n9 -> Error: FIREBASE FATAL ERROR: Cannot parse Firebase url. Please use https://<YOUR FIREBASE>.firebaseio.com 	    at Vb (http://localhost:4200/assets/vendor.js:85597:278)	    at Wb (http://localhost:4200/assets/vendor.js:85599:21)	    at firebase.INTERNAL.registerService.Reference (http://localhost:4200/assets/vendor.js:85805:235)	    at Object.a.(anonymous function) [as database] (http://localhost:4200/assets/vendor.js:84825:4066)	    at e.value (http://localhost:4200/assets/vendor.js:84825:6484)	    at Object.create (http://localhost:4200/assets/vendor.js:124663:18)	    at instantiate (http://localhost:4200/assets/vendor.js:21220:23)	    at lookup (http://localhost:4200/assets/vendor.js:21045:17)	    at Container.lookup (http://localhost:4200/assets/vendor.js:20964:14)	    at Class.lookup (http://localhost:4200/assets/vendor.js:52226:33)
2022-05-25 11:29:43 ERROR    Failure: http://localhost:4200/ -> net::ERR_ABORTED
2022-05-25 11:29:43 ERROR    Failure: http://localhost:4200/ -> net::ERR_ABORTED
2022-05-25 11:29:43 ERROR    Failure: http://localhost:4200/ -> net::ERR_ABORTED
2022-05-25 11:29:43 ERROR    Failure: http://localhost:4200/ -> net::ERR_ABORTED
2022-05-25 11:29:43 ERROR    Failure: http://localhost:4200/ -> net::ERR_ABORTED
2022-05-25 11:29:43 ERROR    Failure: http://localhost:4200/ -> net::ERR_ABORTED
2022-05-25 11:29:43 ERROR    Failure: http://localhost:4200/ -> net::ERR_ABORTED
2022-05-25 11:29:43 ERROR    Failure: http://localhost:4200/-N2tau_R-AuPGM1v4_n9 -> net::ERR_CONNECTION_REFUSED
2022-05-25 11:29:43 ERROR    Failure: http://localhost:4200/-N2tau_R-AuPGM1v4_n9 -> Failed to load resource: net::ERR_CONNECTION_REFUSED
2022-05-25 11:29:43 ERROR    Failure: http://localhost:4200/-N2tau_R-AuPGM1v4_n9 -> JSHandle@error
2022-05-25 11:29:43 ERROR    Failure: http://localhost:4200/-N2tau_R-AuPGM1v4_n9 -> Error: FIREBASE FATAL ERROR: Cannot parse Firebase url. Please use https://<YOUR FIREBASE>.firebaseio.com 	    at Vb (http://localhost:4200/assets/vendor.js:85597:278)	    at Wb (http://localhost:4200/assets/vendor.js:85599:21)	    at firebase.INTERNAL.registerService.Reference (http://localhost:4200/assets/vendor.js:85805:235)	    at Object.a.(anonymous function) [as database] (http://localhost:4200/assets/vendor.js:84825:4066)	    at e.value (http://localhost:4200/assets/vendor.js:84825:6484)	    at Object.create (http://localhost:4200/assets/vendor.js:124663:18)	    at instantiate (http://localhost:4200/assets/vendor.js:21220:23)	    at lookup (http://localhost:4200/assets/vendor.js:21045:17)	    at Container.lookup (http://localhost:4200/assets/vendor.js:20964:14)	    at Class.lookup (http://localhost:4200/assets/vendor.js:52226:33)
2022-05-25 11:29:48 ERROR    Failure: http://localhost:4200/ -> net::ERR_ABORTED
2022-05-25 11:29:48 ERROR    Failure: http://localhost:4200/ -> net::ERR_ABORTED
2022-05-25 11:29:48 ERROR    Failure: http://localhost:4200/ -> net::ERR_ABORTED
2022-05-25 11:29:48 ERROR    Failure: http://localhost:4200/ -> net::ERR_ABORTED
2022-05-25 11:29:48 ERROR    Failure: http://localhost:4200/ -> net::ERR_ABORTED
2022-05-25 11:29:48 ERROR    Failure: http://localhost:4200/ -> net::ERR_ABORTED
2022-05-25 11:29:48 ERROR    Failure: http://localhost:4200/ -> net::ERR_ABORTED
2022-05-25 11:29:48 ERROR    Failure: http://localhost:4200/-N2tcsy7wdBNCULOnCV- -> net::ERR_CONNECTION_REFUSED
2022-05-25 11:29:48 ERROR    Failure: http://localhost:4200/-N2tcsy7wdBNCULOnCV- -> Failed to load resource: net::ERR_CONNECTION_REFUSED
2022-05-25 11:29:49 ERROR    Failure: http://localhost:4200/-N2tcsy7wdBNCULOnCV- -> JSHandle@error
2022-05-25 11:29:49 ERROR    Failure: http://localhost:4200/-N2tcsy7wdBNCULOnCV- -> Error: FIREBASE FATAL ERROR: Cannot parse Firebase url. Please use https://<YOUR FIREBASE>.firebaseio.com 	    at Vb (http://localhost:4200/assets/vendor.js:85597:278)	    at Wb (http://localhost:4200/assets/vendor.js:85599:21)	    at firebase.INTERNAL.registerService.Reference (http://localhost:4200/assets/vendor.js:85805:235)	    at Object.a.(anonymous function) [as database] (http://localhost:4200/assets/vendor.js:84825:4066)	    at e.value (http://localhost:4200/assets/vendor.js:84825:6484)	    at Object.create (http://localhost:4200/assets/vendor.js:124663:18)	    at instantiate (http://localhost:4200/assets/vendor.js:21220:23)	    at lookup (http://localhost:4200/assets/vendor.js:21045:17)	    at Container.lookup (http://localhost:4200/assets/vendor.js:20964:14)	    at Class.lookup (http://localhost:4200/assets/vendor.js:52226:33)
2022-05-25 11:29:51 ERROR    Failure: http://localhost:4200/ -> net::ERR_ABORTED
2022-05-25 11:29:51 ERROR    Failure: http://localhost:4200/ -> net::ERR_ABORTED
2022-05-25 11:29:51 ERROR    Failure: http://localhost:4200/ -> net::ERR_ABORTED
2022-05-25 11:29:51 ERROR    Failure: http://localhost:4200/ -> net::ERR_ABORTED
2022-05-25 11:29:51 ERROR    Failure: http://localhost:4200/ -> net::ERR_ABORTED
2022-05-25 11:29:51 ERROR    Failure: http://localhost:4200/ -> net::ERR_ABORTED
2022-05-25 11:29:51 ERROR    Failure: http://localhost:4200/ -> net::ERR_ABORTED
2022-05-25 11:29:51 ERROR    Failure: http://localhost:4200/-N2tePkqUxaFE11qaoVB -> net::ERR_CONNECTION_REFUSED
2022-05-25 11:29:51 ERROR    Failure: http://localhost:4200/-N2tePkqUxaFE11qaoVB -> Failed to load resource: net::ERR_CONNECTION_REFUSED
2022-05-25 11:29:52 ERROR    Failure: http://localhost:4200/-N2tePkqUxaFE11qaoVB -> JSHandle@error
2022-05-25 11:29:52 ERROR    Failure: http://localhost:4200/-N2tePkqUxaFE11qaoVB -> Error: FIREBASE FATAL ERROR: Cannot parse Firebase url. Please use https://<YOUR FIREBASE>.firebaseio.com 	    at Vb (http://localhost:4200/assets/vendor.js:85597:278)	    at Wb (http://localhost:4200/assets/vendor.js:85599:21)	    at firebase.INTERNAL.registerService.Reference (http://localhost:4200/assets/vendor.js:85805:235)	    at Object.a.(anonymous function) [as database] (http://localhost:4200/assets/vendor.js:84825:4066)	    at e.value (http://localhost:4200/assets/vendor.js:84825:6484)	    at Object.create (http://localhost:4200/assets/vendor.js:124663:18)	    at instantiate (http://localhost:4200/assets/vendor.js:21220:23)	    at lookup (http://localhost:4200/assets/vendor.js:21045:17)	    at Container.lookup (http://localhost:4200/assets/vendor.js:20964:14)	    at Class.lookup (http://localhost:4200/assets/vendor.js:52226:33)
2022-05-25 11:29:55 ERROR    Failure: http://localhost:4200/ -> net::ERR_ABORTED
2022-05-25 11:29:55 ERROR    Failure: http://localhost:4200/ -> net::ERR_ABORTED
2022-05-25 11:29:55 ERROR    Failure: http://localhost:4200/ -> net::ERR_ABORTED
2022-05-25 11:29:55 ERROR    Failure: http://localhost:4200/ -> net::ERR_ABORTED
2022-05-25 11:29:55 ERROR    Failure: http://localhost:4200/ -> net::ERR_ABORTED
2022-05-25 11:29:55 ERROR    Failure: http://localhost:4200/ -> net::ERR_ABORTED
2022-05-25 11:29:55 ERROR    Failure: http://localhost:4200/ -> net::ERR_ABORTED
2022-05-25 11:29:55 ERROR    Failure: http://localhost:4200/-N2tePkqUxaFE11qaoVB -> net::ERR_CONNECTION_REFUSED
2022-05-25 11:29:55 ERROR    Failure: http://localhost:4200/-N2tePkqUxaFE11qaoVB -> Failed to load resource: net::ERR_CONNECTION_REFUSED
2022-05-25 11:29:55 ERROR    Failure: http://localhost:4200/-N2tePkqUxaFE11qaoVB -> JSHandle@error
2022-05-25 11:29:55 ERROR    Failure: http://localhost:4200/-N2tePkqUxaFE11qaoVB -> Error: FIREBASE FATAL ERROR: Cannot parse Firebase url. Please use https://<YOUR FIREBASE>.firebaseio.com 	    at Vb (http://localhost:4200/assets/vendor.js:85597:278)	    at Wb (http://localhost:4200/assets/vendor.js:85599:21)	    at firebase.INTERNAL.registerService.Reference (http://localhost:4200/assets/vendor.js:85805:235)	    at Object.a.(anonymous function) [as database] (http://localhost:4200/assets/vendor.js:84825:4066)	    at e.value (http://localhost:4200/assets/vendor.js:84825:6484)	    at Object.create (http://localhost:4200/assets/vendor.js:124663:18)	    at instantiate (http://localhost:4200/assets/vendor.js:21220:23)	    at lookup (http://localhost:4200/assets/vendor.js:21045:17)	    at Container.lookup (http://localhost:4200/assets/vendor.js:20964:14)	    at Class.lookup (http://localhost:4200/assets/vendor.js:52226:33)
2022-05-25 11:30:00 ERROR    Failure: http://localhost:4200/ -> net::ERR_ABORTED
2022-05-25 11:30:00 ERROR    Failure: http://localhost:4200/ -> net::ERR_ABORTED
2022-05-25 11:30:00 ERROR    Failure: http://localhost:4200/ -> net::ERR_ABORTED
2022-05-25 11:30:00 ERROR    Failure: http://localhost:4200/ -> net::ERR_ABORTED
2022-05-25 11:30:00 ERROR    Failure: http://localhost:4200/ -> net::ERR_ABORTED
2022-05-25 11:30:00 ERROR    Failure: http://localhost:4200/ -> net::ERR_ABORTED
2022-05-25 11:30:00 ERROR    Failure: http://localhost:4200/ -> net::ERR_ABORTED
2022-05-25 11:30:00 ERROR    Failure: http://localhost:4200/-N2tcsy7wdBNCULOnCV- -> net::ERR_CONNECTION_REFUSED
2022-05-25 11:30:00 ERROR    Failure: http://localhost:4200/-N2tcsy7wdBNCULOnCV- -> Failed to load resource: net::ERR_CONNECTION_REFUSED
2022-05-25 11:30:01 ERROR    Failure: http://localhost:4200/-N2tcsy7wdBNCULOnCV- -> JSHandle@error
2022-05-25 11:30:01 ERROR    Failure: http://localhost:4200/-N2tcsy7wdBNCULOnCV- -> Error: FIREBASE FATAL ERROR: Cannot parse Firebase url. Please use https://<YOUR FIREBASE>.firebaseio.com 	    at Vb (http://localhost:4200/assets/vendor.js:85597:278)	    at Wb (http://localhost:4200/assets/vendor.js:85599:21)	    at firebase.INTERNAL.registerService.Reference (http://localhost:4200/assets/vendor.js:85805:235)	    at Object.a.(anonymous function) [as database] (http://localhost:4200/assets/vendor.js:84825:4066)	    at e.value (http://localhost:4200/assets/vendor.js:84825:6484)	    at Object.create (http://localhost:4200/assets/vendor.js:124663:18)	    at instantiate (http://localhost:4200/assets/vendor.js:21220:23)	    at lookup (http://localhost:4200/assets/vendor.js:21045:17)	    at Container.lookup (http://localhost:4200/assets/vendor.js:20964:14)	    at Class.lookup (http://localhost:4200/assets/vendor.js:52226:33)
2022-05-25 11:30:04 ERROR    Failure: http://localhost:4200/ -> net::ERR_ABORTED
2022-05-25 11:30:04 ERROR    Failure: http://localhost:4200/ -> net::ERR_ABORTED
2022-05-25 11:30:04 ERROR    Failure: http://localhost:4200/ -> net::ERR_ABORTED
2022-05-25 11:30:04 ERROR    Failure: http://localhost:4200/ -> net::ERR_ABORTED
2022-05-25 11:30:04 ERROR    Failure: http://localhost:4200/ -> net::ERR_ABORTED
2022-05-25 11:30:04 ERROR    Failure: http://localhost:4200/ -> net::ERR_ABORTED
2022-05-25 11:30:04 ERROR    Failure: http://localhost:4200/-N2tcsy7wdBNCULOnCV- -> net::ERR_CONNECTION_REFUSED
2022-05-25 11:30:04 ERROR    Failure: http://localhost:4200/-N2tcsy7wdBNCULOnCV- -> Failed to load resource: net::ERR_CONNECTION_REFUSED
2022-05-25 11:30:04 ERROR    Failure: http://localhost:4200/-N2tcsy7wdBNCULOnCV- -> JSHandle@error
2022-05-25 11:30:04 ERROR    Failure: http://localhost:4200/-N2tcsy7wdBNCULOnCV- -> Error: FIREBASE FATAL ERROR: Cannot parse Firebase url. Please use https://<YOUR FIREBASE>.firebaseio.com 	    at Vb (http://localhost:4200/assets/vendor.js:85597:278)	    at Wb (http://localhost:4200/assets/vendor.js:85599:21)	    at firebase.INTERNAL.registerService.Reference (http://localhost:4200/assets/vendor.js:85805:235)	    at Object.a.(anonymous function) [as database] (http://localhost:4200/assets/vendor.js:84825:4066)	    at e.value (http://localhost:4200/assets/vendor.js:84825:6484)	    at Object.create (http://localhost:4200/assets/vendor.js:124663:18)	    at instantiate (http://localhost:4200/assets/vendor.js:21220:23)	    at lookup (http://localhost:4200/assets/vendor.js:21045:17)	    at Container.lookup (http://localhost:4200/assets/vendor.js:20964:14)	    at Class.lookup (http://localhost:4200/assets/vendor.js:52226:33)
2022-05-25 11:30:07 ERROR    Failure: http://localhost:4200/ -> net::ERR_ABORTED
2022-05-25 11:30:07 ERROR    Failure: http://localhost:4200/ -> net::ERR_ABORTED
2022-05-25 11:30:07 ERROR    Failure: http://localhost:4200/ -> net::ERR_ABORTED
2022-05-25 11:30:07 ERROR    Failure: http://localhost:4200/ -> net::ERR_ABORTED
2022-05-25 11:30:07 ERROR    Failure: http://localhost:4200/ -> net::ERR_ABORTED
2022-05-25 11:30:07 ERROR    Failure: http://localhost:4200/ -> net::ERR_ABORTED
2022-05-25 11:30:07 ERROR    Failure: http://localhost:4200/ -> net::ERR_ABORTED
2022-05-25 11:30:07 ERROR    Failure: http://localhost:4200/-N2tcsy7wdBNCULOnCV- -> net::ERR_CONNECTION_REFUSED
2022-05-25 11:30:07 ERROR    Failure: http://localhost:4200/-N2tcsy7wdBNCULOnCV- -> Failed to load resource: net::ERR_CONNECTION_REFUSED
2022-05-25 11:30:07 ERROR    Failure: http://localhost:4200/-N2tcsy7wdBNCULOnCV- -> JSHandle@error
2022-05-25 11:30:07 ERROR    Failure: http://localhost:4200/-N2tcsy7wdBNCULOnCV- -> Error: FIREBASE FATAL ERROR: Cannot parse Firebase url. Please use https://<YOUR FIREBASE>.firebaseio.com 	    at Vb (http://localhost:4200/assets/vendor.js:85597:278)	    at Wb (http://localhost:4200/assets/vendor.js:85599:21)	    at firebase.INTERNAL.registerService.Reference (http://localhost:4200/assets/vendor.js:85805:235)	    at Object.a.(anonymous function) [as database] (http://localhost:4200/assets/vendor.js:84825:4066)	    at e.value (http://localhost:4200/assets/vendor.js:84825:6484)	    at Object.create (http://localhost:4200/assets/vendor.js:124663:18)	    at instantiate (http://localhost:4200/assets/vendor.js:21220:23)	    at lookup (http://localhost:4200/assets/vendor.js:21045:17)	    at Container.lookup (http://localhost:4200/assets/vendor.js:20964:14)	    at Class.lookup (http://localhost:4200/assets/vendor.js:52226:33)
2022-05-25 11:30:11 ERROR    Failure: http://localhost:4200/ -> net::ERR_ABORTED
2022-05-25 11:30:11 ERROR    Failure: http://localhost:4200/ -> net::ERR_ABORTED
2022-05-25 11:30:11 ERROR    Failure: http://localhost:4200/ -> net::ERR_ABORTED
2022-05-25 11:30:11 ERROR    Failure: http://localhost:4200/ -> net::ERR_ABORTED
2022-05-25 11:30:11 ERROR    Failure: http://localhost:4200/ -> net::ERR_ABORTED
2022-05-25 11:30:11 ERROR    Failure: http://localhost:4200/ -> net::ERR_ABORTED
2022-05-25 11:30:11 ERROR    Failure: http://localhost:4200/ -> net::ERR_ABORTED
2022-05-25 11:30:11 ERROR    Failure: http://localhost:4200/-N2tany8jv7w0c9Gf-ll -> net::ERR_CONNECTION_REFUSED
2022-05-25 11:30:11 ERROR    Failure: http://localhost:4200/-N2tany8jv7w0c9Gf-ll -> Failed to load resource: net::ERR_CONNECTION_REFUSED
2022-05-25 11:30:11 ERROR    Failure: http://localhost:4200/-N2tany8jv7w0c9Gf-ll -> JSHandle@error
2022-05-25 11:30:11 ERROR    Failure: http://localhost:4200/-N2tany8jv7w0c9Gf-ll -> Error: FIREBASE FATAL ERROR: Cannot parse Firebase url. Please use https://<YOUR FIREBASE>.firebaseio.com 	    at Vb (http://localhost:4200/assets/vendor.js:85597:278)	    at Wb (http://localhost:4200/assets/vendor.js:85599:21)	    at firebase.INTERNAL.registerService.Reference (http://localhost:4200/assets/vendor.js:85805:235)	    at Object.a.(anonymous function) [as database] (http://localhost:4200/assets/vendor.js:84825:4066)	    at e.value (http://localhost:4200/assets/vendor.js:84825:6484)	    at Object.create (http://localhost:4200/assets/vendor.js:124663:18)	    at instantiate (http://localhost:4200/assets/vendor.js:21220:23)	    at lookup (http://localhost:4200/assets/vendor.js:21045:17)	    at Container.lookup (http://localhost:4200/assets/vendor.js:20964:14)	    at Class.lookup (http://localhost:4200/assets/vendor.js:52226:33)
2022-05-25 11:30:17 ERROR    Failure: http://localhost:4200/ -> net::ERR_ABORTED
2022-05-25 11:30:17 ERROR    Failure: http://localhost:4200/ -> net::ERR_ABORTED
2022-05-25 11:30:17 ERROR    Failure: http://localhost:4200/ -> net::ERR_ABORTED
2022-05-25 11:30:17 ERROR    Failure: http://localhost:4200/ -> net::ERR_ABORTED
2022-05-25 11:30:17 ERROR    Failure: http://localhost:4200/ -> net::ERR_ABORTED
2022-05-25 11:30:17 ERROR    Failure: http://localhost:4200/ -> net::ERR_ABORTED
2022-05-25 11:30:17 ERROR    Failure: http://localhost:4200/ -> net::ERR_ABORTED
2022-05-25 11:30:17 ERROR    Failure: http://localhost:4200/-N2tePkqUxaFE11qaoVB -> net::ERR_CONNECTION_REFUSED
2022-05-25 11:30:17 ERROR    Failure: http://localhost:4200/-N2tePkqUxaFE11qaoVB -> Failed to load resource: net::ERR_CONNECTION_REFUSED
2022-05-25 11:30:17 ERROR    Failure: http://localhost:4200/-N2tePkqUxaFE11qaoVB -> JSHandle@error
2022-05-25 11:30:17 ERROR    Failure: http://localhost:4200/-N2tePkqUxaFE11qaoVB -> Error: FIREBASE FATAL ERROR: Cannot parse Firebase url. Please use https://<YOUR FIREBASE>.firebaseio.com 	    at Vb (http://localhost:4200/assets/vendor.js:85597:278)	    at Wb (http://localhost:4200/assets/vendor.js:85599:21)	    at firebase.INTERNAL.registerService.Reference (http://localhost:4200/assets/vendor.js:85805:235)	    at Object.a.(anonymous function) [as database] (http://localhost:4200/assets/vendor.js:84825:4066)	    at e.value (http://localhost:4200/assets/vendor.js:84825:6484)	    at Object.create (http://localhost:4200/assets/vendor.js:124663:18)	    at instantiate (http://localhost:4200/assets/vendor.js:21220:23)	    at lookup (http://localhost:4200/assets/vendor.js:21045:17)	    at Container.lookup (http://localhost:4200/assets/vendor.js:20964:14)	    at Class.lookup (http://localhost:4200/assets/vendor.js:52226:33)
2022-05-25 11:30:19 ERROR    Failure: http://localhost:4200/ -> net::ERR_ABORTED
2022-05-25 11:30:19 ERROR    Failure: http://localhost:4200/ -> net::ERR_ABORTED
2022-05-25 11:30:19 ERROR    Failure: http://localhost:4200/ -> net::ERR_ABORTED
2022-05-25 11:30:19 ERROR    Failure: http://localhost:4200/ -> net::ERR_ABORTED
2022-05-25 11:30:19 ERROR    Failure: http://localhost:4200/ -> net::ERR_ABORTED
2022-05-25 11:30:19 ERROR    Failure: http://localhost:4200/ -> net::ERR_ABORTED
2022-05-25 11:30:19 ERROR    Failure: http://localhost:4200/ -> net::ERR_ABORTED
2022-05-25 11:30:19 ERROR    Failure: http://localhost:4200/-N2tePkqUxaFE11qaoVB -> net::ERR_CONNECTION_REFUSED
2022-05-25 11:30:19 ERROR    Failure: http://localhost:4200/-N2tePkqUxaFE11qaoVB -> Failed to load resource: net::ERR_CONNECTION_REFUSED
2022-05-25 11:30:22 ERROR    Failure: http://localhost:4200/-N2tePkqUxaFE11qaoVB#about -> JSHandle@error
2022-05-25 11:30:22 ERROR    Failure: http://localhost:4200/-N2tePkqUxaFE11qaoVB#about -> Error: FIREBASE FATAL ERROR: Cannot parse Firebase url. Please use https://<YOUR FIREBASE>.firebaseio.com 	    at Vb (http://localhost:4200/assets/vendor.js:85597:278)	    at Wb (http://localhost:4200/assets/vendor.js:85599:21)	    at firebase.INTERNAL.registerService.Reference (http://localhost:4200/assets/vendor.js:85805:235)	    at Object.a.(anonymous function) [as database] (http://localhost:4200/assets/vendor.js:84825:4066)	    at e.value (http://localhost:4200/assets/vendor.js:84825:6484)	    at Object.create (http://localhost:4200/assets/vendor.js:124663:18)	    at instantiate (http://localhost:4200/assets/vendor.js:21220:23)	    at lookup (http://localhost:4200/assets/vendor.js:21045:17)	    at Container.lookup (http://localhost:4200/assets/vendor.js:20964:14)	    at Class.lookup (http://localhost:4200/assets/vendor.js:52226:33)
2022-05-25 11:30:23 ERROR    Failure: http://localhost:4200/ -> net::ERR_ABORTED
2022-05-25 11:30:23 ERROR    Failure: http://localhost:4200/ -> net::ERR_ABORTED
2022-05-25 11:30:23 ERROR    Failure: http://localhost:4200/ -> net::ERR_ABORTED
2022-05-25 11:30:23 ERROR    Failure: http://localhost:4200/ -> net::ERR_ABORTED
2022-05-25 11:30:23 ERROR    Failure: http://localhost:4200/ -> net::ERR_ABORTED
2022-05-25 11:30:23 ERROR    Failure: http://localhost:4200/ -> net::ERR_ABORTED
2022-05-25 11:30:23 ERROR    Failure: http://localhost:4200/ -> net::ERR_ABORTED
2022-05-25 11:30:23 ERROR    Failure: http://localhost:4200/-N2tePkqUxaFE11qaoVB -> net::ERR_CONNECTION_REFUSED
2022-05-25 11:30:23 ERROR    Failure: http://localhost:4200/-N2tePkqUxaFE11qaoVB -> Failed to load resource: net::ERR_CONNECTION_REFUSED
2022-05-25 11:30:24 ERROR    Failure: http://localhost:4200/-N2tePkqUxaFE11qaoVB -> JSHandle@error
2022-05-25 11:30:24 ERROR    Failure: http://localhost:4200/-N2tePkqUxaFE11qaoVB -> Error: FIREBASE FATAL ERROR: Cannot parse Firebase url. Please use https://<YOUR FIREBASE>.firebaseio.com 	    at Vb (http://localhost:4200/assets/vendor.js:85597:278)	    at Wb (http://localhost:4200/assets/vendor.js:85599:21)	    at firebase.INTERNAL.registerService.Reference (http://localhost:4200/assets/vendor.js:85805:235)	    at Object.a.(anonymous function) [as database] (http://localhost:4200/assets/vendor.js:84825:4066)	    at e.value (http://localhost:4200/assets/vendor.js:84825:6484)	    at Object.create (http://localhost:4200/assets/vendor.js:124663:18)	    at instantiate (http://localhost:4200/assets/vendor.js:21220:23)	    at lookup (http://localhost:4200/assets/vendor.js:21045:17)	    at Container.lookup (http://localhost:4200/assets/vendor.js:20964:14)	    at Class.lookup (http://localhost:4200/assets/vendor.js:52226:33)
2022-05-25 11:30:26 ERROR    Failure: http://localhost:4200/ -> net::ERR_ABORTED
2022-05-25 11:30:26 ERROR    Failure: http://localhost:4200/ -> net::ERR_ABORTED
2022-05-25 11:30:26 ERROR    Failure: http://localhost:4200/ -> net::ERR_ABORTED
2022-05-25 11:30:26 ERROR    Failure: http://localhost:4200/ -> net::ERR_ABORTED
2022-05-25 11:30:26 ERROR    Failure: http://localhost:4200/ -> net::ERR_ABORTED
2022-05-25 11:30:26 ERROR    Failure: http://localhost:4200/ -> net::ERR_ABORTED
2022-05-25 11:30:26 ERROR    Failure: http://localhost:4200/ -> net::ERR_ABORTED
2022-05-25 11:30:26 ERROR    Failure: http://localhost:4200/-N2tePkqUxaFE11qaoVB -> net::ERR_CONNECTION_REFUSED
2022-05-25 11:30:26 ERROR    Failure: http://localhost:4200/-N2tePkqUxaFE11qaoVB -> Failed to load resource: net::ERR_CONNECTION_REFUSED
2022-05-25 11:30:27 ERROR    Failure: http://localhost:4200/-N2tePkqUxaFE11qaoVB -> JSHandle@error
2022-05-25 11:30:27 ERROR    Failure: http://localhost:4200/-N2tePkqUxaFE11qaoVB -> Error: FIREBASE FATAL ERROR: Cannot parse Firebase url. Please use https://<YOUR FIREBASE>.firebaseio.com 	    at Vb (http://localhost:4200/assets/vendor.js:85597:278)	    at Wb (http://localhost:4200/assets/vendor.js:85599:21)	    at firebase.INTERNAL.registerService.Reference (http://localhost:4200/assets/vendor.js:85805:235)	    at Object.a.(anonymous function) [as database] (http://localhost:4200/assets/vendor.js:84825:4066)	    at e.value (http://localhost:4200/assets/vendor.js:84825:6484)	    at Object.create (http://localhost:4200/assets/vendor.js:124663:18)	    at instantiate (http://localhost:4200/assets/vendor.js:21220:23)	    at lookup (http://localhost:4200/assets/vendor.js:21045:17)	    at Container.lookup (http://localhost:4200/assets/vendor.js:20964:14)	    at Class.lookup (http://localhost:4200/assets/vendor.js:52226:33)
2022-05-25 11:30:30 ERROR    Failure: http://localhost:4200/ -> net::ERR_ABORTED
2022-05-25 11:30:30 ERROR    Failure: http://localhost:4200/ -> net::ERR_ABORTED
2022-05-25 11:30:30 ERROR    Failure: http://localhost:4200/ -> net::ERR_ABORTED
2022-05-25 11:30:30 ERROR    Failure: http://localhost:4200/ -> net::ERR_ABORTED
2022-05-25 11:30:30 ERROR    Failure: http://localhost:4200/ -> net::ERR_ABORTED
2022-05-25 11:30:30 ERROR    Failure: http://localhost:4200/ -> net::ERR_ABORTED
2022-05-25 11:30:30 ERROR    Failure: http://localhost:4200/ -> net::ERR_ABORTED
2022-05-25 11:30:30 ERROR    Failure: http://localhost:4200/-N2tcsy7wdBNCULOnCV- -> net::ERR_CONNECTION_REFUSED
2022-05-25 11:30:30 ERROR    Failure: http://localhost:4200/-N2tcsy7wdBNCULOnCV- -> Failed to load resource: net::ERR_CONNECTION_REFUSED
2022-05-25 11:30:31 ERROR    Failure: http://localhost:4200/-N2tcsy7wdBNCULOnCV- -> JSHandle@error
2022-05-25 11:30:31 ERROR    Failure: http://localhost:4200/-N2tcsy7wdBNCULOnCV- -> Error: FIREBASE FATAL ERROR: Cannot parse Firebase url. Please use https://<YOUR FIREBASE>.firebaseio.com 	    at Vb (http://localhost:4200/assets/vendor.js:85597:278)	    at Wb (http://localhost:4200/assets/vendor.js:85599:21)	    at firebase.INTERNAL.registerService.Reference (http://localhost:4200/assets/vendor.js:85805:235)	    at Object.a.(anonymous function) [as database] (http://localhost:4200/assets/vendor.js:84825:4066)	    at e.value (http://localhost:4200/assets/vendor.js:84825:6484)	    at Object.create (http://localhost:4200/assets/vendor.js:124663:18)	    at instantiate (http://localhost:4200/assets/vendor.js:21220:23)	    at lookup (http://localhost:4200/assets/vendor.js:21045:17)	    at Container.lookup (http://localhost:4200/assets/vendor.js:20964:14)	    at Class.lookup (http://localhost:4200/assets/vendor.js:52226:33)
2022-05-25 11:30:34 ERROR    Failure: http://localhost:4200/ -> net::ERR_ABORTED
2022-05-25 11:30:34 ERROR    Failure: http://localhost:4200/ -> net::ERR_ABORTED
2022-05-25 11:30:34 ERROR    Failure: http://localhost:4200/ -> net::ERR_ABORTED
2022-05-25 11:30:34 ERROR    Failure: http://localhost:4200/ -> net::ERR_ABORTED
2022-05-25 11:30:34 ERROR    Failure: http://localhost:4200/ -> net::ERR_ABORTED
2022-05-25 11:30:34 ERROR    Failure: http://localhost:4200/ -> net::ERR_ABORTED
2022-05-25 11:30:34 ERROR    Failure: http://localhost:4200/ -> net::ERR_ABORTED
2022-05-25 11:30:34 ERROR    Failure: http://localhost:4200/-N2tany8jv7w0c9Gf-ll -> net::ERR_CONNECTION_REFUSED
2022-05-25 11:30:34 ERROR    Failure: http://localhost:4200/-N2tany8jv7w0c9Gf-ll -> Failed to load resource: net::ERR_CONNECTION_REFUSED
2022-05-25 11:30:35 ERROR    Failure: http://localhost:4200/-N2tany8jv7w0c9Gf-ll -> JSHandle@error
2022-05-25 11:30:35 ERROR    Failure: http://localhost:4200/-N2tany8jv7w0c9Gf-ll -> Error: FIREBASE FATAL ERROR: Cannot parse Firebase url. Please use https://<YOUR FIREBASE>.firebaseio.com 	    at Vb (http://localhost:4200/assets/vendor.js:85597:278)	    at Wb (http://localhost:4200/assets/vendor.js:85599:21)	    at firebase.INTERNAL.registerService.Reference (http://localhost:4200/assets/vendor.js:85805:235)	    at Object.a.(anonymous function) [as database] (http://localhost:4200/assets/vendor.js:84825:4066)	    at e.value (http://localhost:4200/assets/vendor.js:84825:6484)	    at Object.create (http://localhost:4200/assets/vendor.js:124663:18)	    at instantiate (http://localhost:4200/assets/vendor.js:21220:23)	    at lookup (http://localhost:4200/assets/vendor.js:21045:17)	    at Container.lookup (http://localhost:4200/assets/vendor.js:20964:14)	    at Class.lookup (http://localhost:4200/assets/vendor.js:52226:33)
2022-05-25 11:30:39 ERROR    Failure: http://localhost:4200/ -> net::ERR_ABORTED
2022-05-25 11:30:39 ERROR    Failure: http://localhost:4200/ -> net::ERR_ABORTED
2022-05-25 11:30:39 ERROR    Failure: http://localhost:4200/ -> net::ERR_ABORTED
2022-05-25 11:30:39 ERROR    Failure: http://localhost:4200/ -> net::ERR_ABORTED
2022-05-25 11:30:39 ERROR    Failure: http://localhost:4200/ -> net::ERR_ABORTED
2022-05-25 11:30:39 ERROR    Failure: http://localhost:4200/ -> net::ERR_ABORTED
2022-05-25 11:30:39 ERROR    Failure: http://localhost:4200/ -> net::ERR_ABORTED
2022-05-25 11:30:39 ERROR    Failure: http://localhost:4200/-N2tany8jv7w0c9Gf-ll -> net::ERR_CONNECTION_REFUSED
2022-05-25 11:30:39 ERROR    Failure: http://localhost:4200/-N2tany8jv7w0c9Gf-ll -> Failed to load resource: net::ERR_CONNECTION_REFUSED
2022-05-25 11:30:40 ERROR    Failure: http://localhost:4200/-N2tany8jv7w0c9Gf-ll -> JSHandle@error
2022-05-25 11:30:40 ERROR    Failure: http://localhost:4200/-N2tany8jv7w0c9Gf-ll -> Error: FIREBASE FATAL ERROR: Cannot parse Firebase url. Please use https://<YOUR FIREBASE>.firebaseio.com 	    at Vb (http://localhost:4200/assets/vendor.js:85597:278)	    at Wb (http://localhost:4200/assets/vendor.js:85599:21)	    at firebase.INTERNAL.registerService.Reference (http://localhost:4200/assets/vendor.js:85805:235)	    at Object.a.(anonymous function) [as database] (http://localhost:4200/assets/vendor.js:84825:4066)	    at e.value (http://localhost:4200/assets/vendor.js:84825:6484)	    at Object.create (http://localhost:4200/assets/vendor.js:124663:18)	    at instantiate (http://localhost:4200/assets/vendor.js:21220:23)	    at lookup (http://localhost:4200/assets/vendor.js:21045:17)	    at Container.lookup (http://localhost:4200/assets/vendor.js:20964:14)	    at Class.lookup (http://localhost:4200/assets/vendor.js:52226:33)
2022-05-25 11:30:43 ERROR    Failure: http://localhost:4200/ -> net::ERR_ABORTED
2022-05-25 11:30:43 ERROR    Failure: http://localhost:4200/ -> net::ERR_ABORTED
2022-05-25 11:30:43 ERROR    Failure: http://localhost:4200/ -> net::ERR_ABORTED
2022-05-25 11:30:43 ERROR    Failure: http://localhost:4200/ -> net::ERR_ABORTED
2022-05-25 11:30:43 ERROR    Failure: http://localhost:4200/ -> net::ERR_ABORTED
2022-05-25 11:30:43 ERROR    Failure: http://localhost:4200/ -> net::ERR_ABORTED
2022-05-25 11:30:43 ERROR    Failure: http://localhost:4200/ -> net::ERR_ABORTED
2022-05-25 11:30:43 ERROR    Failure: http://localhost:4200/-N2tePkqUxaFE11qaoVB -> net::ERR_CONNECTION_REFUSED
2022-05-25 11:30:43 ERROR    Failure: http://localhost:4200/-N2tePkqUxaFE11qaoVB -> Failed to load resource: net::ERR_CONNECTION_REFUSED
2022-05-25 11:30:43 ERROR    Failure: http://localhost:4200/-N2tePkqUxaFE11qaoVB -> JSHandle@error
2022-05-25 11:30:43 ERROR    Failure: http://localhost:4200/-N2tePkqUxaFE11qaoVB -> Error: FIREBASE FATAL ERROR: Cannot parse Firebase url. Please use https://<YOUR FIREBASE>.firebaseio.com 	    at Vb (http://localhost:4200/assets/vendor.js:85597:278)	    at Wb (http://localhost:4200/assets/vendor.js:85599:21)	    at firebase.INTERNAL.registerService.Reference (http://localhost:4200/assets/vendor.js:85805:235)	    at Object.a.(anonymous function) [as database] (http://localhost:4200/assets/vendor.js:84825:4066)	    at e.value (http://localhost:4200/assets/vendor.js:84825:6484)	    at Object.create (http://localhost:4200/assets/vendor.js:124663:18)	    at instantiate (http://localhost:4200/assets/vendor.js:21220:23)	    at lookup (http://localhost:4200/assets/vendor.js:21045:17)	    at Container.lookup (http://localhost:4200/assets/vendor.js:20964:14)	    at Class.lookup (http://localhost:4200/assets/vendor.js:52226:33)
2022-05-25 11:30:47 ERROR    Failure: http://localhost:4200/ -> net::ERR_ABORTED
2022-05-25 11:30:47 ERROR    Failure: http://localhost:4200/ -> net::ERR_ABORTED
2022-05-25 11:30:47 ERROR    Failure: http://localhost:4200/ -> net::ERR_ABORTED
2022-05-25 11:30:47 ERROR    Failure: http://localhost:4200/ -> net::ERR_ABORTED
2022-05-25 11:30:47 ERROR    Failure: http://localhost:4200/ -> net::ERR_ABORTED
2022-05-25 11:30:47 ERROR    Failure: http://localhost:4200/ -> net::ERR_ABORTED
2022-05-25 11:30:47 ERROR    Failure: http://localhost:4200/ -> net::ERR_ABORTED
2022-05-25 11:30:47 ERROR    Failure: http://localhost:4200/-N2tePkqUxaFE11qaoVB -> net::ERR_CONNECTION_REFUSED
2022-05-25 11:30:47 ERROR    Failure: http://localhost:4200/-N2tePkqUxaFE11qaoVB -> Failed to load resource: net::ERR_CONNECTION_REFUSED
2022-05-25 11:30:47 ERROR    Failure: http://localhost:4200/-N2tePkqUxaFE11qaoVB -> JSHandle@error
2022-05-25 11:30:47 ERROR    Failure: http://localhost:4200/-N2tePkqUxaFE11qaoVB -> Error: FIREBASE FATAL ERROR: Cannot parse Firebase url. Please use https://<YOUR FIREBASE>.firebaseio.com 	    at Vb (http://localhost:4200/assets/vendor.js:85597:278)	    at Wb (http://localhost:4200/assets/vendor.js:85599:21)	    at firebase.INTERNAL.registerService.Reference (http://localhost:4200/assets/vendor.js:85805:235)	    at Object.a.(anonymous function) [as database] (http://localhost:4200/assets/vendor.js:84825:4066)	    at e.value (http://localhost:4200/assets/vendor.js:84825:6484)	    at Object.create (http://localhost:4200/assets/vendor.js:124663:18)	    at instantiate (http://localhost:4200/assets/vendor.js:21220:23)	    at lookup (http://localhost:4200/assets/vendor.js:21045:17)	    at Container.lookup (http://localhost:4200/assets/vendor.js:20964:14)	    at Class.lookup (http://localhost:4200/assets/vendor.js:52226:33)
2022-05-25 11:30:50 ERROR    Failure: http://localhost:4200/ -> net::ERR_ABORTED
2022-05-25 11:30:50 ERROR    Failure: http://localhost:4200/ -> net::ERR_ABORTED
2022-05-25 11:30:50 ERROR    Failure: http://localhost:4200/ -> net::ERR_ABORTED
2022-05-25 11:30:50 ERROR    Failure: http://localhost:4200/ -> net::ERR_ABORTED
2022-05-25 11:30:50 ERROR    Failure: http://localhost:4200/ -> net::ERR_ABORTED
2022-05-25 11:30:50 ERROR    Failure: http://localhost:4200/ -> net::ERR_ABORTED
2022-05-25 11:30:50 ERROR    Failure: http://localhost:4200/ -> net::ERR_ABORTED
2022-05-25 11:30:50 ERROR    Failure: http://localhost:4200/-N2tePkqUxaFE11qaoVB -> net::ERR_CONNECTION_REFUSED
2022-05-25 11:30:50 ERROR    Failure: http://localhost:4200/-N2tePkqUxaFE11qaoVB -> Failed to load resource: net::ERR_CONNECTION_REFUSED
2022-05-25 11:30:51 ERROR    Failure: http://localhost:4200/-N2tePkqUxaFE11qaoVB -> JSHandle@error
2022-05-25 11:30:51 ERROR    Failure: http://localhost:4200/-N2tePkqUxaFE11qaoVB -> Error: FIREBASE FATAL ERROR: Cannot parse Firebase url. Please use https://<YOUR FIREBASE>.firebaseio.com 	    at Vb (http://localhost:4200/assets/vendor.js:85597:278)	    at Wb (http://localhost:4200/assets/vendor.js:85599:21)	    at firebase.INTERNAL.registerService.Reference (http://localhost:4200/assets/vendor.js:85805:235)	    at Object.a.(anonymous function) [as database] (http://localhost:4200/assets/vendor.js:84825:4066)	    at e.value (http://localhost:4200/assets/vendor.js:84825:6484)	    at Object.create (http://localhost:4200/assets/vendor.js:124663:18)	    at instantiate (http://localhost:4200/assets/vendor.js:21220:23)	    at lookup (http://localhost:4200/assets/vendor.js:21045:17)	    at Container.lookup (http://localhost:4200/assets/vendor.js:20964:14)	    at Class.lookup (http://localhost:4200/assets/vendor.js:52226:33)
2022-05-25 11:30:56 ERROR    Failure: http://localhost:4200/ -> net::ERR_ABORTED
2022-05-25 11:30:56 ERROR    Failure: http://localhost:4200/ -> net::ERR_ABORTED
2022-05-25 11:30:56 ERROR    Failure: http://localhost:4200/ -> net::ERR_ABORTED
2022-05-25 11:30:56 ERROR    Failure: http://localhost:4200/ -> net::ERR_ABORTED
2022-05-25 11:30:56 ERROR    Failure: http://localhost:4200/ -> net::ERR_ABORTED
2022-05-25 11:30:56 ERROR    Failure: http://localhost:4200/ -> net::ERR_ABORTED
2022-05-25 11:30:56 ERROR    Failure: http://localhost:4200/ -> net::ERR_ABORTED
2022-05-25 11:30:56 ERROR    Failure: http://localhost:4200/-N2tcsy7wdBNCULOnCV- -> net::ERR_CONNECTION_REFUSED
2022-05-25 11:30:56 ERROR    Failure: http://localhost:4200/-N2tcsy7wdBNCULOnCV- -> Failed to load resource: net::ERR_CONNECTION_REFUSED
2022-05-25 11:30:56 ERROR    Failure: http://localhost:4200/-N2tcsy7wdBNCULOnCV- -> JSHandle@error
2022-05-25 11:30:56 ERROR    Failure: http://localhost:4200/-N2tcsy7wdBNCULOnCV- -> Error: FIREBASE FATAL ERROR: Cannot parse Firebase url. Please use https://<YOUR FIREBASE>.firebaseio.com 	    at Vb (http://localhost:4200/assets/vendor.js:85597:278)	    at Wb (http://localhost:4200/assets/vendor.js:85599:21)	    at firebase.INTERNAL.registerService.Reference (http://localhost:4200/assets/vendor.js:85805:235)	    at Object.a.(anonymous function) [as database] (http://localhost:4200/assets/vendor.js:84825:4066)	    at e.value (http://localhost:4200/assets/vendor.js:84825:6484)	    at Object.create (http://localhost:4200/assets/vendor.js:124663:18)	    at instantiate (http://localhost:4200/assets/vendor.js:21220:23)	    at lookup (http://localhost:4200/assets/vendor.js:21045:17)	    at Container.lookup (http://localhost:4200/assets/vendor.js:20964:14)	    at Class.lookup (http://localhost:4200/assets/vendor.js:52226:33)
2022-05-25 11:31:01 ERROR    Failure: http://localhost:4200/ -> net::ERR_ABORTED
2022-05-25 11:31:01 ERROR    Failure: http://localhost:4200/ -> net::ERR_ABORTED
2022-05-25 11:31:01 ERROR    Failure: http://localhost:4200/ -> net::ERR_ABORTED
2022-05-25 11:31:01 ERROR    Failure: http://localhost:4200/ -> net::ERR_ABORTED
2022-05-25 11:31:01 ERROR    Failure: http://localhost:4200/ -> net::ERR_ABORTED
2022-05-25 11:31:01 ERROR    Failure: http://localhost:4200/ -> net::ERR_ABORTED
2022-05-25 11:31:01 ERROR    Failure: http://localhost:4200/ -> net::ERR_ABORTED
2022-05-25 11:31:01 ERROR    Failure: http://localhost:4200/-N2tcsy7wdBNCULOnCV- -> net::ERR_CONNECTION_REFUSED
2022-05-25 11:31:01 ERROR    Failure: http://localhost:4200/-N2tcsy7wdBNCULOnCV- -> Failed to load resource: net::ERR_CONNECTION_REFUSED
2022-05-25 11:31:01 ERROR    Failure: http://localhost:4200/-N2tcsy7wdBNCULOnCV- -> JSHandle@error
2022-05-25 11:31:01 ERROR    Failure: http://localhost:4200/-N2tcsy7wdBNCULOnCV- -> Error: FIREBASE FATAL ERROR: Cannot parse Firebase url. Please use https://<YOUR FIREBASE>.firebaseio.com 	    at Vb (http://localhost:4200/assets/vendor.js:85597:278)	    at Wb (http://localhost:4200/assets/vendor.js:85599:21)	    at firebase.INTERNAL.registerService.Reference (http://localhost:4200/assets/vendor.js:85805:235)	    at Object.a.(anonymous function) [as database] (http://localhost:4200/assets/vendor.js:84825:4066)	    at e.value (http://localhost:4200/assets/vendor.js:84825:6484)	    at Object.create (http://localhost:4200/assets/vendor.js:124663:18)	    at instantiate (http://localhost:4200/assets/vendor.js:21220:23)	    at lookup (http://localhost:4200/assets/vendor.js:21045:17)	    at Container.lookup (http://localhost:4200/assets/vendor.js:20964:14)	    at Class.lookup (http://localhost:4200/assets/vendor.js:52226:33)
2022-05-25 11:31:06 ERROR    Failure: http://localhost:4200/ -> net::ERR_ABORTED
2022-05-25 11:31:06 ERROR    Failure: http://localhost:4200/ -> net::ERR_ABORTED
2022-05-25 11:31:06 ERROR    Failure: http://localhost:4200/ -> net::ERR_ABORTED
2022-05-25 11:31:06 ERROR    Failure: http://localhost:4200/ -> net::ERR_ABORTED
2022-05-25 11:31:06 ERROR    Failure: http://localhost:4200/ -> net::ERR_ABORTED
2022-05-25 11:31:06 ERROR    Failure: http://localhost:4200/ -> net::ERR_ABORTED
2022-05-25 11:31:06 ERROR    Failure: http://localhost:4200/ -> net::ERR_ABORTED
2022-05-25 11:31:06 ERROR    Failure: http://localhost:4200/-N2tany8jv7w0c9Gf-ll -> net::ERR_CONNECTION_REFUSED
2022-05-25 11:31:06 ERROR    Failure: http://localhost:4200/-N2tany8jv7w0c9Gf-ll -> Failed to load resource: net::ERR_CONNECTION_REFUSED
2022-05-25 11:31:06 ERROR    Failure: http://localhost:4200/-N2tany8jv7w0c9Gf-ll -> JSHandle@error
2022-05-25 11:31:06 ERROR    Failure: http://localhost:4200/-N2tany8jv7w0c9Gf-ll -> Error: FIREBASE FATAL ERROR: Cannot parse Firebase url. Please use https://<YOUR FIREBASE>.firebaseio.com 	    at Vb (http://localhost:4200/assets/vendor.js:85597:278)	    at Wb (http://localhost:4200/assets/vendor.js:85599:21)	    at firebase.INTERNAL.registerService.Reference (http://localhost:4200/assets/vendor.js:85805:235)	    at Object.a.(anonymous function) [as database] (http://localhost:4200/assets/vendor.js:84825:4066)	    at e.value (http://localhost:4200/assets/vendor.js:84825:6484)	    at Object.create (http://localhost:4200/assets/vendor.js:124663:18)	    at instantiate (http://localhost:4200/assets/vendor.js:21220:23)	    at lookup (http://localhost:4200/assets/vendor.js:21045:17)	    at Container.lookup (http://localhost:4200/assets/vendor.js:20964:14)	    at Class.lookup (http://localhost:4200/assets/vendor.js:52226:33)
2022-05-25 11:31:10 ERROR    Failure: http://localhost:4200/ -> net::ERR_ABORTED
2022-05-25 11:31:10 ERROR    Failure: http://localhost:4200/ -> net::ERR_ABORTED
2022-05-25 11:31:10 ERROR    Failure: http://localhost:4200/ -> net::ERR_ABORTED
2022-05-25 11:31:10 ERROR    Failure: http://localhost:4200/ -> net::ERR_ABORTED
2022-05-25 11:31:10 ERROR    Failure: http://localhost:4200/ -> net::ERR_ABORTED
2022-05-25 11:31:10 ERROR    Failure: http://localhost:4200/ -> net::ERR_ABORTED
2022-05-25 11:31:10 ERROR    Failure: http://localhost:4200/ -> net::ERR_ABORTED
2022-05-25 11:31:10 ERROR    Failure: http://localhost:4200/-N2tany8jv7w0c9Gf-ll -> net::ERR_CONNECTION_REFUSED
2022-05-25 11:31:10 ERROR    Failure: http://localhost:4200/-N2tany8jv7w0c9Gf-ll -> Failed to load resource: net::ERR_CONNECTION_REFUSED
2022-05-25 11:31:11 ERROR    Failure: http://localhost:4200/-N2tany8jv7w0c9Gf-ll -> JSHandle@error
2022-05-25 11:31:11 ERROR    Failure: http://localhost:4200/-N2tany8jv7w0c9Gf-ll -> Error: FIREBASE FATAL ERROR: Cannot parse Firebase url. Please use https://<YOUR FIREBASE>.firebaseio.com 	    at Vb (http://localhost:4200/assets/vendor.js:85597:278)	    at Wb (http://localhost:4200/assets/vendor.js:85599:21)	    at firebase.INTERNAL.registerService.Reference (http://localhost:4200/assets/vendor.js:85805:235)	    at Object.a.(anonymous function) [as database] (http://localhost:4200/assets/vendor.js:84825:4066)	    at e.value (http://localhost:4200/assets/vendor.js:84825:6484)	    at Object.create (http://localhost:4200/assets/vendor.js:124663:18)	    at instantiate (http://localhost:4200/assets/vendor.js:21220:23)	    at lookup (http://localhost:4200/assets/vendor.js:21045:17)	    at Container.lookup (http://localhost:4200/assets/vendor.js:20964:14)	    at Class.lookup (http://localhost:4200/assets/vendor.js:52226:33)
2022-05-25 11:31:16 ERROR    Failure: http://localhost:4200/ -> net::ERR_ABORTED
2022-05-25 11:31:16 ERROR    Failure: http://localhost:4200/ -> net::ERR_ABORTED
2022-05-25 11:31:16 ERROR    Failure: http://localhost:4200/ -> net::ERR_ABORTED
2022-05-25 11:31:16 ERROR    Failure: http://localhost:4200/ -> net::ERR_ABORTED
2022-05-25 11:31:16 ERROR    Failure: http://localhost:4200/ -> net::ERR_ABORTED
2022-05-25 11:31:16 ERROR    Failure: http://localhost:4200/ -> net::ERR_ABORTED
2022-05-25 11:31:16 ERROR    Failure: http://localhost:4200/ -> net::ERR_ABORTED
2022-05-25 11:31:16 ERROR    Failure: http://localhost:4200/-N2tePkqUxaFE11qaoVB -> net::ERR_CONNECTION_REFUSED
2022-05-25 11:31:16 ERROR    Failure: http://localhost:4200/-N2tePkqUxaFE11qaoVB -> Failed to load resource: net::ERR_CONNECTION_REFUSED
2022-05-25 11:31:16 ERROR    Failure: http://localhost:4200/-N2tePkqUxaFE11qaoVB -> JSHandle@error
2022-05-25 11:31:16 ERROR    Failure: http://localhost:4200/-N2tePkqUxaFE11qaoVB -> Error: FIREBASE FATAL ERROR: Cannot parse Firebase url. Please use https://<YOUR FIREBASE>.firebaseio.com 	    at Vb (http://localhost:4200/assets/vendor.js:85597:278)	    at Wb (http://localhost:4200/assets/vendor.js:85599:21)	    at firebase.INTERNAL.registerService.Reference (http://localhost:4200/assets/vendor.js:85805:235)	    at Object.a.(anonymous function) [as database] (http://localhost:4200/assets/vendor.js:84825:4066)	    at e.value (http://localhost:4200/assets/vendor.js:84825:6484)	    at Object.create (http://localhost:4200/assets/vendor.js:124663:18)	    at instantiate (http://localhost:4200/assets/vendor.js:21220:23)	    at lookup (http://localhost:4200/assets/vendor.js:21045:17)	    at Container.lookup (http://localhost:4200/assets/vendor.js:20964:14)	    at Class.lookup (http://localhost:4200/assets/vendor.js:52226:33)
2022-05-25 11:31:21 ERROR    Failure: http://localhost:4200/ -> net::ERR_ABORTED
2022-05-25 11:31:21 ERROR    Failure: http://localhost:4200/ -> net::ERR_ABORTED
2022-05-25 11:31:21 ERROR    Failure: http://localhost:4200/ -> net::ERR_ABORTED
2022-05-25 11:31:21 ERROR    Failure: http://localhost:4200/ -> net::ERR_ABORTED
2022-05-25 11:31:21 ERROR    Failure: http://localhost:4200/ -> net::ERR_ABORTED
2022-05-25 11:31:21 ERROR    Failure: http://localhost:4200/ -> net::ERR_ABORTED
2022-05-25 11:31:21 ERROR    Failure: http://localhost:4200/ -> net::ERR_ABORTED
2022-05-25 11:31:21 ERROR    Failure: http://localhost:4200/-N2tePkqUxaFE11qaoVB -> net::ERR_CONNECTION_REFUSED
2022-05-25 11:31:21 ERROR    Failure: http://localhost:4200/-N2tePkqUxaFE11qaoVB -> Failed to load resource: net::ERR_CONNECTION_REFUSED
2022-05-25 11:31:22 ERROR    Failure: http://localhost:4200/-N2tePkqUxaFE11qaoVB -> JSHandle@error
2022-05-25 11:31:22 ERROR    Failure: http://localhost:4200/-N2tePkqUxaFE11qaoVB -> Error: FIREBASE FATAL ERROR: Cannot parse Firebase url. Please use https://<YOUR FIREBASE>.firebaseio.com 	    at Vb (http://localhost:4200/assets/vendor.js:85597:278)	    at Wb (http://localhost:4200/assets/vendor.js:85599:21)	    at firebase.INTERNAL.registerService.Reference (http://localhost:4200/assets/vendor.js:85805:235)	    at Object.a.(anonymous function) [as database] (http://localhost:4200/assets/vendor.js:84825:4066)	    at e.value (http://localhost:4200/assets/vendor.js:84825:6484)	    at Object.create (http://localhost:4200/assets/vendor.js:124663:18)	    at instantiate (http://localhost:4200/assets/vendor.js:21220:23)	    at lookup (http://localhost:4200/assets/vendor.js:21045:17)	    at Container.lookup (http://localhost:4200/assets/vendor.js:20964:14)	    at Class.lookup (http://localhost:4200/assets/vendor.js:52226:33)
2022-05-25 11:31:27 ERROR    Failure: http://localhost:4200/ -> net::ERR_ABORTED
2022-05-25 11:31:27 ERROR    Failure: http://localhost:4200/ -> net::ERR_ABORTED
2022-05-25 11:31:27 ERROR    Failure: http://localhost:4200/ -> net::ERR_ABORTED
2022-05-25 11:31:27 ERROR    Failure: http://localhost:4200/ -> net::ERR_ABORTED
2022-05-25 11:31:27 ERROR    Failure: http://localhost:4200/ -> net::ERR_ABORTED
2022-05-25 11:31:27 ERROR    Failure: http://localhost:4200/ -> net::ERR_ABORTED
2022-05-25 11:31:27 ERROR    Failure: http://localhost:4200/ -> net::ERR_ABORTED
2022-05-25 11:31:27 ERROR    Failure: http://localhost:4200/-N2tcsy7wdBNCULOnCV- -> net::ERR_CONNECTION_REFUSED
2022-05-25 11:31:27 ERROR    Failure: http://localhost:4200/-N2tcsy7wdBNCULOnCV- -> Failed to load resource: net::ERR_CONNECTION_REFUSED
2022-05-25 11:31:27 ERROR    Failure: http://localhost:4200/-N2tcsy7wdBNCULOnCV- -> JSHandle@error
2022-05-25 11:31:27 ERROR    Failure: http://localhost:4200/-N2tcsy7wdBNCULOnCV- -> Error: FIREBASE FATAL ERROR: Cannot parse Firebase url. Please use https://<YOUR FIREBASE>.firebaseio.com 	    at Vb (http://localhost:4200/assets/vendor.js:85597:278)	    at Wb (http://localhost:4200/assets/vendor.js:85599:21)	    at firebase.INTERNAL.registerService.Reference (http://localhost:4200/assets/vendor.js:85805:235)	    at Object.a.(anonymous function) [as database] (http://localhost:4200/assets/vendor.js:84825:4066)	    at e.value (http://localhost:4200/assets/vendor.js:84825:6484)	    at Object.create (http://localhost:4200/assets/vendor.js:124663:18)	    at instantiate (http://localhost:4200/assets/vendor.js:21220:23)	    at lookup (http://localhost:4200/assets/vendor.js:21045:17)	    at Container.lookup (http://localhost:4200/assets/vendor.js:20964:14)	    at Class.lookup (http://localhost:4200/assets/vendor.js:52226:33)
2022-05-25 11:31:33 ERROR    Failure: http://localhost:4200/ -> net::ERR_ABORTED
2022-05-25 11:31:33 ERROR    Failure: http://localhost:4200/ -> net::ERR_ABORTED
2022-05-25 11:31:33 ERROR    Failure: http://localhost:4200/ -> net::ERR_ABORTED
2022-05-25 11:31:33 ERROR    Failure: http://localhost:4200/ -> net::ERR_ABORTED
2022-05-25 11:31:33 ERROR    Failure: http://localhost:4200/ -> net::ERR_ABORTED
2022-05-25 11:31:33 ERROR    Failure: http://localhost:4200/ -> net::ERR_ABORTED
2022-05-25 11:31:33 ERROR    Failure: http://localhost:4200/ -> net::ERR_ABORTED
2022-05-25 11:31:33 ERROR    Failure: http://localhost:4200/-N2tany8jv7w0c9Gf-ll -> net::ERR_CONNECTION_REFUSED
2022-05-25 11:31:33 ERROR    Failure: http://localhost:4200/-N2tany8jv7w0c9Gf-ll -> Failed to load resource: net::ERR_CONNECTION_REFUSED
2022-05-25 11:31:33 ERROR    Failure: http://localhost:4200/-N2tany8jv7w0c9Gf-ll -> JSHandle@error
2022-05-25 11:31:33 ERROR    Failure: http://localhost:4200/-N2tany8jv7w0c9Gf-ll -> Error: FIREBASE FATAL ERROR: Cannot parse Firebase url. Please use https://<YOUR FIREBASE>.firebaseio.com 	    at Vb (http://localhost:4200/assets/vendor.js:85597:278)	    at Wb (http://localhost:4200/assets/vendor.js:85599:21)	    at firebase.INTERNAL.registerService.Reference (http://localhost:4200/assets/vendor.js:85805:235)	    at Object.a.(anonymous function) [as database] (http://localhost:4200/assets/vendor.js:84825:4066)	    at e.value (http://localhost:4200/assets/vendor.js:84825:6484)	    at Object.create (http://localhost:4200/assets/vendor.js:124663:18)	    at instantiate (http://localhost:4200/assets/vendor.js:21220:23)	    at lookup (http://localhost:4200/assets/vendor.js:21045:17)	    at Container.lookup (http://localhost:4200/assets/vendor.js:20964:14)	    at Class.lookup (http://localhost:4200/assets/vendor.js:52226:33)
2022-05-25 11:31:38 ERROR    Failure: http://localhost:4200/ -> net::ERR_ABORTED
2022-05-25 11:31:38 ERROR    Failure: http://localhost:4200/ -> net::ERR_ABORTED
2022-05-25 11:31:38 ERROR    Failure: http://localhost:4200/ -> net::ERR_ABORTED
2022-05-25 11:31:38 ERROR    Failure: http://localhost:4200/ -> net::ERR_ABORTED
2022-05-25 11:31:38 ERROR    Failure: http://localhost:4200/ -> net::ERR_ABORTED
2022-05-25 11:31:38 ERROR    Failure: http://localhost:4200/ -> net::ERR_ABORTED
2022-05-25 11:31:38 ERROR    Failure: http://localhost:4200/ -> net::ERR_ABORTED
2022-05-25 11:31:38 ERROR    Failure: http://localhost:4200/-N2tePkqUxaFE11qaoVB -> net::ERR_CONNECTION_REFUSED
2022-05-25 11:31:38 ERROR    Failure: http://localhost:4200/-N2tePkqUxaFE11qaoVB -> Failed to load resource: net::ERR_CONNECTION_REFUSED
2022-05-25 11:31:39 ERROR    Failure: http://localhost:4200/-N2tePkqUxaFE11qaoVB -> JSHandle@error
2022-05-25 11:31:39 ERROR    Failure: http://localhost:4200/-N2tePkqUxaFE11qaoVB -> Error: FIREBASE FATAL ERROR: Cannot parse Firebase url. Please use https://<YOUR FIREBASE>.firebaseio.com 	    at Vb (http://localhost:4200/assets/vendor.js:85597:278)	    at Wb (http://localhost:4200/assets/vendor.js:85599:21)	    at firebase.INTERNAL.registerService.Reference (http://localhost:4200/assets/vendor.js:85805:235)	    at Object.a.(anonymous function) [as database] (http://localhost:4200/assets/vendor.js:84825:4066)	    at e.value (http://localhost:4200/assets/vendor.js:84825:6484)	    at Object.create (http://localhost:4200/assets/vendor.js:124663:18)	    at instantiate (http://localhost:4200/assets/vendor.js:21220:23)	    at lookup (http://localhost:4200/assets/vendor.js:21045:17)	    at Container.lookup (http://localhost:4200/assets/vendor.js:20964:14)	    at Class.lookup (http://localhost:4200/assets/vendor.js:52226:33)
2022-05-25 11:31:42 ERROR    Failure: http://localhost:4200/ -> net::ERR_ABORTED
2022-05-25 11:31:42 ERROR    Failure: http://localhost:4200/ -> net::ERR_ABORTED
2022-05-25 11:31:42 ERROR    Failure: http://localhost:4200/ -> net::ERR_ABORTED
2022-05-25 11:31:42 ERROR    Failure: http://localhost:4200/ -> net::ERR_ABORTED
2022-05-25 11:31:42 ERROR    Failure: http://localhost:4200/ -> net::ERR_ABORTED
2022-05-25 11:31:42 ERROR    Failure: http://localhost:4200/ -> net::ERR_ABORTED
2022-05-25 11:31:42 ERROR    Failure: http://localhost:4200/ -> net::ERR_ABORTED
2022-05-25 11:31:42 ERROR    Failure: http://localhost:4200/-N2tcsy7wdBNCULOnCV- -> net::ERR_CONNECTION_REFUSED
2022-05-25 11:31:42 ERROR    Failure: http://localhost:4200/-N2tcsy7wdBNCULOnCV- -> Failed to load resource: net::ERR_CONNECTION_REFUSED
2022-05-25 11:31:43 ERROR    Failure: http://localhost:4200/-N2tcsy7wdBNCULOnCV- -> JSHandle@error
2022-05-25 11:31:43 ERROR    Failure: http://localhost:4200/-N2tcsy7wdBNCULOnCV- -> Error: FIREBASE FATAL ERROR: Cannot parse Firebase url. Please use https://<YOUR FIREBASE>.firebaseio.com 	    at Vb (http://localhost:4200/assets/vendor.js:85597:278)	    at Wb (http://localhost:4200/assets/vendor.js:85599:21)	    at firebase.INTERNAL.registerService.Reference (http://localhost:4200/assets/vendor.js:85805:235)	    at Object.a.(anonymous function) [as database] (http://localhost:4200/assets/vendor.js:84825:4066)	    at e.value (http://localhost:4200/assets/vendor.js:84825:6484)	    at Object.create (http://localhost:4200/assets/vendor.js:124663:18)	    at instantiate (http://localhost:4200/assets/vendor.js:21220:23)	    at lookup (http://localhost:4200/assets/vendor.js:21045:17)	    at Container.lookup (http://localhost:4200/assets/vendor.js:20964:14)	    at Class.lookup (http://localhost:4200/assets/vendor.js:52226:33)
2022-05-25 11:31:48 ERROR    Failure: http://localhost:4200/ -> net::ERR_ABORTED
2022-05-25 11:31:48 ERROR    Failure: http://localhost:4200/ -> net::ERR_ABORTED
2022-05-25 11:31:48 ERROR    Failure: http://localhost:4200/ -> net::ERR_ABORTED
2022-05-25 11:31:48 ERROR    Failure: http://localhost:4200/ -> net::ERR_ABORTED
2022-05-25 11:31:48 ERROR    Failure: http://localhost:4200/ -> net::ERR_ABORTED
2022-05-25 11:31:48 ERROR    Failure: http://localhost:4200/ -> net::ERR_ABORTED
2022-05-25 11:31:48 ERROR    Failure: http://localhost:4200/ -> net::ERR_ABORTED
2022-05-25 11:31:48 ERROR    Failure: http://localhost:4200/-N2tany8jv7w0c9Gf-ll -> net::ERR_CONNECTION_REFUSED
2022-05-25 11:31:48 ERROR    Failure: http://localhost:4200/-N2tany8jv7w0c9Gf-ll -> Failed to load resource: net::ERR_CONNECTION_REFUSED
2022-05-25 11:31:49 ERROR    Failure: http://localhost:4200/-N2tany8jv7w0c9Gf-ll -> JSHandle@error
2022-05-25 11:31:49 ERROR    Failure: http://localhost:4200/-N2tany8jv7w0c9Gf-ll -> Error: FIREBASE FATAL ERROR: Cannot parse Firebase url. Please use https://<YOUR FIREBASE>.firebaseio.com 	    at Vb (http://localhost:4200/assets/vendor.js:85597:278)	    at Wb (http://localhost:4200/assets/vendor.js:85599:21)	    at firebase.INTERNAL.registerService.Reference (http://localhost:4200/assets/vendor.js:85805:235)	    at Object.a.(anonymous function) [as database] (http://localhost:4200/assets/vendor.js:84825:4066)	    at e.value (http://localhost:4200/assets/vendor.js:84825:6484)	    at Object.create (http://localhost:4200/assets/vendor.js:124663:18)	    at instantiate (http://localhost:4200/assets/vendor.js:21220:23)	    at lookup (http://localhost:4200/assets/vendor.js:21045:17)	    at Container.lookup (http://localhost:4200/assets/vendor.js:20964:14)	    at Class.lookup (http://localhost:4200/assets/vendor.js:52226:33)
2022-05-25 11:31:52 ERROR    Failure: http://localhost:4200/ -> net::ERR_ABORTED
2022-05-25 11:31:52 ERROR    Failure: http://localhost:4200/ -> net::ERR_ABORTED
2022-05-25 11:31:52 ERROR    Failure: http://localhost:4200/ -> net::ERR_ABORTED
2022-05-25 11:31:52 ERROR    Failure: http://localhost:4200/ -> net::ERR_ABORTED
2022-05-25 11:31:52 ERROR    Failure: http://localhost:4200/ -> net::ERR_ABORTED
2022-05-25 11:31:52 ERROR    Failure: http://localhost:4200/ -> net::ERR_ABORTED
2022-05-25 11:31:52 ERROR    Failure: http://localhost:4200/ -> net::ERR_ABORTED
2022-05-25 11:31:52 ERROR    Failure: http://localhost:4200/-N2tany8jv7w0c9Gf-ll -> net::ERR_CONNECTION_REFUSED
2022-05-25 11:31:52 ERROR    Failure: http://localhost:4200/-N2tany8jv7w0c9Gf-ll -> Failed to load resource: net::ERR_CONNECTION_REFUSED
2022-05-25 11:31:53 ERROR    Failure: http://localhost:4200/-N2tany8jv7w0c9Gf-ll -> JSHandle@error
2022-05-25 11:31:53 ERROR    Failure: http://localhost:4200/-N2tany8jv7w0c9Gf-ll -> Error: FIREBASE FATAL ERROR: Cannot parse Firebase url. Please use https://<YOUR FIREBASE>.firebaseio.com 	    at Vb (http://localhost:4200/assets/vendor.js:85597:278)	    at Wb (http://localhost:4200/assets/vendor.js:85599:21)	    at firebase.INTERNAL.registerService.Reference (http://localhost:4200/assets/vendor.js:85805:235)	    at Object.a.(anonymous function) [as database] (http://localhost:4200/assets/vendor.js:84825:4066)	    at e.value (http://localhost:4200/assets/vendor.js:84825:6484)	    at Object.create (http://localhost:4200/assets/vendor.js:124663:18)	    at instantiate (http://localhost:4200/assets/vendor.js:21220:23)	    at lookup (http://localhost:4200/assets/vendor.js:21045:17)	    at Container.lookup (http://localhost:4200/assets/vendor.js:20964:14)	    at Class.lookup (http://localhost:4200/assets/vendor.js:52226:33)
2022-05-25 11:31:55 ERROR    Failure: http://localhost:4200/ -> net::ERR_ABORTED
2022-05-25 11:31:55 ERROR    Failure: http://localhost:4200/ -> net::ERR_ABORTED
2022-05-25 11:31:55 ERROR    Failure: http://localhost:4200/ -> net::ERR_ABORTED
2022-05-25 11:31:55 ERROR    Failure: http://localhost:4200/ -> net::ERR_ABORTED
2022-05-25 11:31:55 ERROR    Failure: http://localhost:4200/ -> net::ERR_ABORTED
2022-05-25 11:31:55 ERROR    Failure: http://localhost:4200/ -> net::ERR_ABORTED
2022-05-25 11:31:55 ERROR    Failure: http://localhost:4200/ -> net::ERR_ABORTED
2022-05-25 11:31:55 ERROR    Failure: http://localhost:4200/-N2tany8jv7w0c9Gf-ll -> net::ERR_CONNECTION_REFUSED
2022-05-25 11:31:55 ERROR    Failure: http://localhost:4200/-N2tany8jv7w0c9Gf-ll -> Failed to load resource: net::ERR_CONNECTION_REFUSED
2022-05-25 11:31:56 ERROR    Failure: http://localhost:4200/-N2tany8jv7w0c9Gf-ll -> JSHandle@error
2022-05-25 11:31:56 ERROR    Failure: http://localhost:4200/-N2tany8jv7w0c9Gf-ll -> Error: FIREBASE FATAL ERROR: Cannot parse Firebase url. Please use https://<YOUR FIREBASE>.firebaseio.com 	    at Vb (http://localhost:4200/assets/vendor.js:85597:278)	    at Wb (http://localhost:4200/assets/vendor.js:85599:21)	    at firebase.INTERNAL.registerService.Reference (http://localhost:4200/assets/vendor.js:85805:235)	    at Object.a.(anonymous function) [as database] (http://localhost:4200/assets/vendor.js:84825:4066)	    at e.value (http://localhost:4200/assets/vendor.js:84825:6484)	    at Object.create (http://localhost:4200/assets/vendor.js:124663:18)	    at instantiate (http://localhost:4200/assets/vendor.js:21220:23)	    at lookup (http://localhost:4200/assets/vendor.js:21045:17)	    at Container.lookup (http://localhost:4200/assets/vendor.js:20964:14)	    at Class.lookup (http://localhost:4200/assets/vendor.js:52226:33)
2022-05-25 11:31:58 ERROR    Failure: http://localhost:4200/ -> net::ERR_ABORTED
2022-05-25 11:31:58 ERROR    Failure: http://localhost:4200/ -> net::ERR_ABORTED
2022-05-25 11:31:58 ERROR    Failure: http://localhost:4200/ -> net::ERR_ABORTED
2022-05-25 11:31:58 ERROR    Failure: http://localhost:4200/ -> net::ERR_ABORTED
2022-05-25 11:31:58 ERROR    Failure: http://localhost:4200/ -> net::ERR_ABORTED
2022-05-25 11:31:58 ERROR    Failure: http://localhost:4200/ -> net::ERR_ABORTED
2022-05-25 11:31:58 ERROR    Failure: http://localhost:4200/ -> net::ERR_ABORTED
2022-05-25 11:31:58 ERROR    Failure: http://localhost:4200/-N2tany8jv7w0c9Gf-ll -> net::ERR_CONNECTION_REFUSED
2022-05-25 11:31:58 ERROR    Failure: http://localhost:4200/-N2tany8jv7w0c9Gf-ll -> Failed to load resource: net::ERR_CONNECTION_REFUSED
2022-05-25 11:31:59 ERROR    Failure: http://localhost:4200/-N2tany8jv7w0c9Gf-ll -> JSHandle@error
2022-05-25 11:31:59 ERROR    Failure: http://localhost:4200/-N2tany8jv7w0c9Gf-ll -> Error: FIREBASE FATAL ERROR: Cannot parse Firebase url. Please use https://<YOUR FIREBASE>.firebaseio.com 	    at Vb (http://localhost:4200/assets/vendor.js:85597:278)	    at Wb (http://localhost:4200/assets/vendor.js:85599:21)	    at firebase.INTERNAL.registerService.Reference (http://localhost:4200/assets/vendor.js:85805:235)	    at Object.a.(anonymous function) [as database] (http://localhost:4200/assets/vendor.js:84825:4066)	    at e.value (http://localhost:4200/assets/vendor.js:84825:6484)	    at Object.create (http://localhost:4200/assets/vendor.js:124663:18)	    at instantiate (http://localhost:4200/assets/vendor.js:21220:23)	    at lookup (http://localhost:4200/assets/vendor.js:21045:17)	    at Container.lookup (http://localhost:4200/assets/vendor.js:20964:14)	    at Class.lookup (http://localhost:4200/assets/vendor.js:52226:33)
2022-05-25 11:32:04 ERROR    Failure: http://localhost:4200/ -> net::ERR_ABORTED
2022-05-25 11:32:04 ERROR    Failure: http://localhost:4200/ -> net::ERR_ABORTED
2022-05-25 11:32:04 ERROR    Failure: http://localhost:4200/ -> net::ERR_ABORTED
2022-05-25 11:32:04 ERROR    Failure: http://localhost:4200/ -> net::ERR_ABORTED
2022-05-25 11:32:04 ERROR    Failure: http://localhost:4200/ -> net::ERR_ABORTED
2022-05-25 11:32:04 ERROR    Failure: http://localhost:4200/ -> net::ERR_ABORTED
2022-05-25 11:32:04 ERROR    Failure: http://localhost:4200/ -> net::ERR_ABORTED
2022-05-25 11:32:04 ERROR    Failure: http://localhost:4200/-N2tePkqUxaFE11qaoVB -> net::ERR_CONNECTION_REFUSED
2022-05-25 11:32:04 ERROR    Failure: http://localhost:4200/-N2tePkqUxaFE11qaoVB -> Failed to load resource: net::ERR_CONNECTION_REFUSED
2022-05-25 11:32:05 ERROR    Failure: http://localhost:4200/-N2tePkqUxaFE11qaoVB -> JSHandle@error
2022-05-25 11:32:05 ERROR    Failure: http://localhost:4200/-N2tePkqUxaFE11qaoVB -> Error: FIREBASE FATAL ERROR: Cannot parse Firebase url. Please use https://<YOUR FIREBASE>.firebaseio.com 	    at Vb (http://localhost:4200/assets/vendor.js:85597:278)	    at Wb (http://localhost:4200/assets/vendor.js:85599:21)	    at firebase.INTERNAL.registerService.Reference (http://localhost:4200/assets/vendor.js:85805:235)	    at Object.a.(anonymous function) [as database] (http://localhost:4200/assets/vendor.js:84825:4066)	    at e.value (http://localhost:4200/assets/vendor.js:84825:6484)	    at Object.create (http://localhost:4200/assets/vendor.js:124663:18)	    at instantiate (http://localhost:4200/assets/vendor.js:21220:23)	    at lookup (http://localhost:4200/assets/vendor.js:21045:17)	    at Container.lookup (http://localhost:4200/assets/vendor.js:20964:14)	    at Class.lookup (http://localhost:4200/assets/vendor.js:52226:33)
2022-05-25 11:32:12 ERROR    Failure: http://localhost:4200/ -> net::ERR_ABORTED
2022-05-25 11:32:12 ERROR    Failure: http://localhost:4200/ -> net::ERR_ABORTED
2022-05-25 11:32:12 ERROR    Failure: http://localhost:4200/ -> net::ERR_ABORTED
2022-05-25 11:32:12 ERROR    Failure: http://localhost:4200/ -> net::ERR_ABORTED
2022-05-25 11:32:12 ERROR    Failure: http://localhost:4200/ -> net::ERR_ABORTED
2022-05-25 11:32:12 ERROR    Failure: http://localhost:4200/ -> net::ERR_ABORTED
2022-05-25 11:32:12 ERROR    Failure: http://localhost:4200/ -> net::ERR_ABORTED
2022-05-25 11:32:12 ERROR    Failure: http://localhost:4200/-N2tcsy7wdBNCULOnCV- -> net::ERR_CONNECTION_REFUSED
2022-05-25 11:32:12 ERROR    Failure: http://localhost:4200/-N2tcsy7wdBNCULOnCV- -> Failed to load resource: net::ERR_CONNECTION_REFUSED
2022-05-25 11:32:12 ERROR    Failure: http://localhost:4200/-N2tcsy7wdBNCULOnCV- -> JSHandle@error
2022-05-25 11:32:12 ERROR    Failure: http://localhost:4200/-N2tcsy7wdBNCULOnCV- -> Error: FIREBASE FATAL ERROR: Cannot parse Firebase url. Please use https://<YOUR FIREBASE>.firebaseio.com 	    at Vb (http://localhost:4200/assets/vendor.js:85597:278)	    at Wb (http://localhost:4200/assets/vendor.js:85599:21)	    at firebase.INTERNAL.registerService.Reference (http://localhost:4200/assets/vendor.js:85805:235)	    at Object.a.(anonymous function) [as database] (http://localhost:4200/assets/vendor.js:84825:4066)	    at e.value (http://localhost:4200/assets/vendor.js:84825:6484)	    at Object.create (http://localhost:4200/assets/vendor.js:124663:18)	    at instantiate (http://localhost:4200/assets/vendor.js:21220:23)	    at lookup (http://localhost:4200/assets/vendor.js:21045:17)	    at Container.lookup (http://localhost:4200/assets/vendor.js:20964:14)	    at Class.lookup (http://localhost:4200/assets/vendor.js:52226:33)
2022-05-25 11:32:19 ERROR    Failure: http://localhost:4200/ -> net::ERR_ABORTED
2022-05-25 11:32:19 ERROR    Failure: http://localhost:4200/ -> net::ERR_ABORTED
2022-05-25 11:32:19 ERROR    Failure: http://localhost:4200/ -> net::ERR_ABORTED
2022-05-25 11:32:19 ERROR    Failure: http://localhost:4200/ -> net::ERR_ABORTED
2022-05-25 11:32:19 ERROR    Failure: http://localhost:4200/ -> net::ERR_ABORTED
2022-05-25 11:32:19 ERROR    Failure: http://localhost:4200/ -> net::ERR_ABORTED
2022-05-25 11:32:19 ERROR    Failure: http://localhost:4200/ -> net::ERR_ABORTED
2022-05-25 11:32:19 ERROR    Failure: http://localhost:4200/-N2tany8jv7w0c9Gf-ll -> net::ERR_CONNECTION_REFUSED
2022-05-25 11:32:19 ERROR    Failure: http://localhost:4200/-N2tany8jv7w0c9Gf-ll -> Failed to load resource: net::ERR_CONNECTION_REFUSED
2022-05-25 11:32:19 ERROR    Failure: http://localhost:4200/-N2tany8jv7w0c9Gf-ll -> JSHandle@error
2022-05-25 11:32:19 ERROR    Failure: http://localhost:4200/-N2tany8jv7w0c9Gf-ll -> Error: FIREBASE FATAL ERROR: Cannot parse Firebase url. Please use https://<YOUR FIREBASE>.firebaseio.com 	    at Vb (http://localhost:4200/assets/vendor.js:85597:278)	    at Wb (http://localhost:4200/assets/vendor.js:85599:21)	    at firebase.INTERNAL.registerService.Reference (http://localhost:4200/assets/vendor.js:85805:235)	    at Object.a.(anonymous function) [as database] (http://localhost:4200/assets/vendor.js:84825:4066)	    at e.value (http://localhost:4200/assets/vendor.js:84825:6484)	    at Object.create (http://localhost:4200/assets/vendor.js:124663:18)	    at instantiate (http://localhost:4200/assets/vendor.js:21220:23)	    at lookup (http://localhost:4200/assets/vendor.js:21045:17)	    at Container.lookup (http://localhost:4200/assets/vendor.js:20964:14)	    at Class.lookup (http://localhost:4200/assets/vendor.js:52226:33)
2022-05-25 11:32:24 ERROR    Failure: http://localhost:4200/ -> net::ERR_ABORTED
2022-05-25 11:32:24 ERROR    Failure: http://localhost:4200/ -> net::ERR_ABORTED
2022-05-25 11:32:24 ERROR    Failure: http://localhost:4200/ -> net::ERR_ABORTED
2022-05-25 11:32:24 ERROR    Failure: http://localhost:4200/ -> net::ERR_ABORTED
2022-05-25 11:32:24 ERROR    Failure: http://localhost:4200/ -> net::ERR_ABORTED
2022-05-25 11:32:24 ERROR    Failure: http://localhost:4200/ -> net::ERR_ABORTED
2022-05-25 11:32:24 ERROR    Failure: http://localhost:4200/ -> net::ERR_ABORTED
2022-05-25 11:32:24 ERROR    Failure: http://localhost:4200/-N2tePkqUxaFE11qaoVB -> net::ERR_CONNECTION_REFUSED
2022-05-25 11:32:24 ERROR    Failure: http://localhost:4200/-N2tePkqUxaFE11qaoVB -> Failed to load resource: net::ERR_CONNECTION_REFUSED
2022-05-25 11:32:25 ERROR    Failure: http://localhost:4200/-N2tePkqUxaFE11qaoVB -> JSHandle@error
2022-05-25 11:32:25 ERROR    Failure: http://localhost:4200/-N2tePkqUxaFE11qaoVB -> Error: FIREBASE FATAL ERROR: Cannot parse Firebase url. Please use https://<YOUR FIREBASE>.firebaseio.com 	    at Vb (http://localhost:4200/assets/vendor.js:85597:278)	    at Wb (http://localhost:4200/assets/vendor.js:85599:21)	    at firebase.INTERNAL.registerService.Reference (http://localhost:4200/assets/vendor.js:85805:235)	    at Object.a.(anonymous function) [as database] (http://localhost:4200/assets/vendor.js:84825:4066)	    at e.value (http://localhost:4200/assets/vendor.js:84825:6484)	    at Object.create (http://localhost:4200/assets/vendor.js:124663:18)	    at instantiate (http://localhost:4200/assets/vendor.js:21220:23)	    at lookup (http://localhost:4200/assets/vendor.js:21045:17)	    at Container.lookup (http://localhost:4200/assets/vendor.js:20964:14)	    at Class.lookup (http://localhost:4200/assets/vendor.js:52226:33)
2022-05-25 11:32:31 ERROR    Failure: http://localhost:4200/ -> net::ERR_ABORTED
2022-05-25 11:32:31 ERROR    Failure: http://localhost:4200/ -> net::ERR_ABORTED
2022-05-25 11:32:31 ERROR    Failure: http://localhost:4200/ -> net::ERR_ABORTED
2022-05-25 11:32:31 ERROR    Failure: http://localhost:4200/ -> net::ERR_ABORTED
2022-05-25 11:32:31 ERROR    Failure: http://localhost:4200/ -> net::ERR_ABORTED
2022-05-25 11:32:31 ERROR    Failure: http://localhost:4200/ -> net::ERR_ABORTED
2022-05-25 11:32:31 ERROR    Failure: http://localhost:4200/ -> net::ERR_ABORTED
2022-05-25 11:32:31 ERROR    Failure: http://localhost:4200/-N2tePkqUxaFE11qaoVB -> net::ERR_CONNECTION_REFUSED
2022-05-25 11:32:31 ERROR    Failure: http://localhost:4200/-N2tePkqUxaFE11qaoVB -> Failed to load resource: net::ERR_CONNECTION_REFUSED
2022-05-25 11:32:32 ERROR    Failure: http://localhost:4200/-N2tePkqUxaFE11qaoVB -> JSHandle@error
2022-05-25 11:32:32 ERROR    Failure: http://localhost:4200/-N2tePkqUxaFE11qaoVB -> Error: FIREBASE FATAL ERROR: Cannot parse Firebase url. Please use https://<YOUR FIREBASE>.firebaseio.com 	    at Vb (http://localhost:4200/assets/vendor.js:85597:278)	    at Wb (http://localhost:4200/assets/vendor.js:85599:21)	    at firebase.INTERNAL.registerService.Reference (http://localhost:4200/assets/vendor.js:85805:235)	    at Object.a.(anonymous function) [as database] (http://localhost:4200/assets/vendor.js:84825:4066)	    at e.value (http://localhost:4200/assets/vendor.js:84825:6484)	    at Object.create (http://localhost:4200/assets/vendor.js:124663:18)	    at instantiate (http://localhost:4200/assets/vendor.js:21220:23)	    at lookup (http://localhost:4200/assets/vendor.js:21045:17)	    at Container.lookup (http://localhost:4200/assets/vendor.js:20964:14)	    at Class.lookup (http://localhost:4200/assets/vendor.js:52226:33)
2022-05-25 11:32:36 ERROR    Failure: http://localhost:4200/ -> net::ERR_ABORTED
2022-05-25 11:32:36 ERROR    Failure: http://localhost:4200/ -> net::ERR_ABORTED
2022-05-25 11:32:36 ERROR    Failure: http://localhost:4200/ -> net::ERR_ABORTED
2022-05-25 11:32:36 ERROR    Failure: http://localhost:4200/ -> net::ERR_ABORTED
2022-05-25 11:32:36 ERROR    Failure: http://localhost:4200/ -> net::ERR_ABORTED
2022-05-25 11:32:36 ERROR    Failure: http://localhost:4200/ -> net::ERR_ABORTED
2022-05-25 11:32:36 ERROR    Failure: http://localhost:4200/ -> net::ERR_ABORTED
2022-05-25 11:32:36 ERROR    Failure: http://localhost:4200/-N2tcsy7wdBNCULOnCV- -> net::ERR_CONNECTION_REFUSED
2022-05-25 11:32:36 ERROR    Failure: http://localhost:4200/-N2tcsy7wdBNCULOnCV- -> Failed to load resource: net::ERR_CONNECTION_REFUSED
2022-05-25 11:32:37 ERROR    Failure: http://localhost:4200/-N2tcsy7wdBNCULOnCV- -> JSHandle@error
2022-05-25 11:32:37 ERROR    Failure: http://localhost:4200/-N2tcsy7wdBNCULOnCV- -> Error: FIREBASE FATAL ERROR: Cannot parse Firebase url. Please use https://<YOUR FIREBASE>.firebaseio.com 	    at Vb (http://localhost:4200/assets/vendor.js:85597:278)	    at Wb (http://localhost:4200/assets/vendor.js:85599:21)	    at firebase.INTERNAL.registerService.Reference (http://localhost:4200/assets/vendor.js:85805:235)	    at Object.a.(anonymous function) [as database] (http://localhost:4200/assets/vendor.js:84825:4066)	    at e.value (http://localhost:4200/assets/vendor.js:84825:6484)	    at Object.create (http://localhost:4200/assets/vendor.js:124663:18)	    at instantiate (http://localhost:4200/assets/vendor.js:21220:23)	    at lookup (http://localhost:4200/assets/vendor.js:21045:17)	    at Container.lookup (http://localhost:4200/assets/vendor.js:20964:14)	    at Class.lookup (http://localhost:4200/assets/vendor.js:52226:33)
2022-05-25 11:32:42 ERROR    Failure: http://localhost:4200/ -> net::ERR_ABORTED
2022-05-25 11:32:42 ERROR    Failure: http://localhost:4200/ -> net::ERR_ABORTED
2022-05-25 11:32:42 ERROR    Failure: http://localhost:4200/ -> net::ERR_ABORTED
2022-05-25 11:32:42 ERROR    Failure: http://localhost:4200/ -> net::ERR_ABORTED
2022-05-25 11:32:42 ERROR    Failure: http://localhost:4200/ -> net::ERR_ABORTED
2022-05-25 11:32:42 ERROR    Failure: http://localhost:4200/ -> net::ERR_ABORTED
2022-05-25 11:32:42 ERROR    Failure: http://localhost:4200/-N2tany8jv7w0c9Gf-ll -> net::ERR_CONNECTION_REFUSED
2022-05-25 11:32:42 ERROR    Failure: http://localhost:4200/-N2tany8jv7w0c9Gf-ll -> Failed to load resource: net::ERR_CONNECTION_REFUSED
2022-05-25 11:32:43 ERROR    Failure: http://localhost:4200/-N2tany8jv7w0c9Gf-ll -> JSHandle@error
2022-05-25 11:32:43 ERROR    Failure: http://localhost:4200/-N2tany8jv7w0c9Gf-ll -> Error: FIREBASE FATAL ERROR: Cannot parse Firebase url. Please use https://<YOUR FIREBASE>.firebaseio.com 	    at Vb (http://localhost:4200/assets/vendor.js:85597:278)	    at Wb (http://localhost:4200/assets/vendor.js:85599:21)	    at firebase.INTERNAL.registerService.Reference (http://localhost:4200/assets/vendor.js:85805:235)	    at Object.a.(anonymous function) [as database] (http://localhost:4200/assets/vendor.js:84825:4066)	    at e.value (http://localhost:4200/assets/vendor.js:84825:6484)	    at Object.create (http://localhost:4200/assets/vendor.js:124663:18)	    at instantiate (http://localhost:4200/assets/vendor.js:21220:23)	    at lookup (http://localhost:4200/assets/vendor.js:21045:17)	    at Container.lookup (http://localhost:4200/assets/vendor.js:20964:14)	    at Class.lookup (http://localhost:4200/assets/vendor.js:52226:33)
2022-05-25 11:32:48 ERROR    Failure: http://localhost:4200/ -> net::ERR_ABORTED
2022-05-25 11:32:48 ERROR    Failure: http://localhost:4200/ -> net::ERR_ABORTED
2022-05-25 11:32:48 ERROR    Failure: http://localhost:4200/ -> net::ERR_ABORTED
2022-05-25 11:32:48 ERROR    Failure: http://localhost:4200/ -> net::ERR_ABORTED
2022-05-25 11:32:48 ERROR    Failure: http://localhost:4200/ -> net::ERR_ABORTED
2022-05-25 11:32:48 ERROR    Failure: http://localhost:4200/ -> net::ERR_ABORTED
2022-05-25 11:32:48 ERROR    Failure: http://localhost:4200/ -> net::ERR_ABORTED
2022-05-25 11:32:48 ERROR    Failure: http://localhost:4200/-N2tePkqUxaFE11qaoVB -> net::ERR_CONNECTION_REFUSED
2022-05-25 11:32:48 ERROR    Failure: http://localhost:4200/-N2tePkqUxaFE11qaoVB -> Failed to load resource: net::ERR_CONNECTION_REFUSED
2022-05-25 11:32:49 ERROR    Failure: http://localhost:4200/-N2tePkqUxaFE11qaoVB -> JSHandle@error
2022-05-25 11:32:49 ERROR    Failure: http://localhost:4200/-N2tePkqUxaFE11qaoVB -> Error: FIREBASE FATAL ERROR: Cannot parse Firebase url. Please use https://<YOUR FIREBASE>.firebaseio.com 	    at Vb (http://localhost:4200/assets/vendor.js:85597:278)	    at Wb (http://localhost:4200/assets/vendor.js:85599:21)	    at firebase.INTERNAL.registerService.Reference (http://localhost:4200/assets/vendor.js:85805:235)	    at Object.a.(anonymous function) [as database] (http://localhost:4200/assets/vendor.js:84825:4066)	    at e.value (http://localhost:4200/assets/vendor.js:84825:6484)	    at Object.create (http://localhost:4200/assets/vendor.js:124663:18)	    at instantiate (http://localhost:4200/assets/vendor.js:21220:23)	    at lookup (http://localhost:4200/assets/vendor.js:21045:17)	    at Container.lookup (http://localhost:4200/assets/vendor.js:20964:14)	    at Class.lookup (http://localhost:4200/assets/vendor.js:52226:33)
2022-05-25 11:32:55 ERROR    Failure: http://localhost:4200/ -> net::ERR_ABORTED
2022-05-25 11:32:55 ERROR    Failure: http://localhost:4200/ -> net::ERR_ABORTED
2022-05-25 11:32:55 ERROR    Failure: http://localhost:4200/ -> net::ERR_ABORTED
2022-05-25 11:32:55 ERROR    Failure: http://localhost:4200/ -> net::ERR_ABORTED
2022-05-25 11:32:55 ERROR    Failure: http://localhost:4200/ -> net::ERR_ABORTED
2022-05-25 11:32:55 ERROR    Failure: http://localhost:4200/ -> net::ERR_ABORTED
2022-05-25 11:32:55 ERROR    Failure: http://localhost:4200/ -> net::ERR_ABORTED
2022-05-25 11:32:55 ERROR    Failure: http://localhost:4200/-N2tcsy7wdBNCULOnCV- -> net::ERR_CONNECTION_REFUSED
2022-05-25 11:32:55 ERROR    Failure: http://localhost:4200/-N2tcsy7wdBNCULOnCV- -> Failed to load resource: net::ERR_CONNECTION_REFUSED
2022-05-25 11:32:55 ERROR    Failure: http://localhost:4200/-N2tcsy7wdBNCULOnCV- -> JSHandle@error
2022-05-25 11:32:55 ERROR    Failure: http://localhost:4200/-N2tcsy7wdBNCULOnCV- -> Error: FIREBASE FATAL ERROR: Cannot parse Firebase url. Please use https://<YOUR FIREBASE>.firebaseio.com 	    at Vb (http://localhost:4200/assets/vendor.js:85597:278)	    at Wb (http://localhost:4200/assets/vendor.js:85599:21)	    at firebase.INTERNAL.registerService.Reference (http://localhost:4200/assets/vendor.js:85805:235)	    at Object.a.(anonymous function) [as database] (http://localhost:4200/assets/vendor.js:84825:4066)	    at e.value (http://localhost:4200/assets/vendor.js:84825:6484)	    at Object.create (http://localhost:4200/assets/vendor.js:124663:18)	    at instantiate (http://localhost:4200/assets/vendor.js:21220:23)	    at lookup (http://localhost:4200/assets/vendor.js:21045:17)	    at Container.lookup (http://localhost:4200/assets/vendor.js:20964:14)	    at Class.lookup (http://localhost:4200/assets/vendor.js:52226:33)
2022-05-25 11:33:02 ERROR    Failure: http://localhost:4200/ -> net::ERR_ABORTED
2022-05-25 11:33:02 ERROR    Failure: http://localhost:4200/ -> net::ERR_ABORTED
2022-05-25 11:33:02 ERROR    Failure: http://localhost:4200/ -> net::ERR_ABORTED
2022-05-25 11:33:02 ERROR    Failure: http://localhost:4200/ -> net::ERR_ABORTED
2022-05-25 11:33:02 ERROR    Failure: http://localhost:4200/ -> net::ERR_ABORTED
2022-05-25 11:33:02 ERROR    Failure: http://localhost:4200/ -> net::ERR_ABORTED
2022-05-25 11:33:02 ERROR    Failure: http://localhost:4200/ -> net::ERR_ABORTED
2022-05-25 11:33:02 ERROR    Failure: http://localhost:4200/-N2tany8jv7w0c9Gf-ll -> net::ERR_CONNECTION_REFUSED
2022-05-25 11:33:02 ERROR    Failure: http://localhost:4200/-N2tany8jv7w0c9Gf-ll -> Failed to load resource: net::ERR_CONNECTION_REFUSED
2022-05-25 11:33:02 ERROR    Failure: http://localhost:4200/-N2tany8jv7w0c9Gf-ll -> JSHandle@error
2022-05-25 11:33:02 ERROR    Failure: http://localhost:4200/-N2tany8jv7w0c9Gf-ll -> Error: FIREBASE FATAL ERROR: Cannot parse Firebase url. Please use https://<YOUR FIREBASE>.firebaseio.com 	    at Vb (http://localhost:4200/assets/vendor.js:85597:278)	    at Wb (http://localhost:4200/assets/vendor.js:85599:21)	    at firebase.INTERNAL.registerService.Reference (http://localhost:4200/assets/vendor.js:85805:235)	    at Object.a.(anonymous function) [as database] (http://localhost:4200/assets/vendor.js:84825:4066)	    at e.value (http://localhost:4200/assets/vendor.js:84825:6484)	    at Object.create (http://localhost:4200/assets/vendor.js:124663:18)	    at instantiate (http://localhost:4200/assets/vendor.js:21220:23)	    at lookup (http://localhost:4200/assets/vendor.js:21045:17)	    at Container.lookup (http://localhost:4200/assets/vendor.js:20964:14)	    at Class.lookup (http://localhost:4200/assets/vendor.js:52226:33)
2022-05-25 11:33:06 ERROR    Failure: http://localhost:4200/ -> net::ERR_ABORTED
2022-05-25 11:33:06 ERROR    Failure: http://localhost:4200/ -> net::ERR_ABORTED
2022-05-25 11:33:06 ERROR    Failure: http://localhost:4200/ -> net::ERR_ABORTED
2022-05-25 11:33:06 ERROR    Failure: http://localhost:4200/ -> net::ERR_ABORTED
2022-05-25 11:33:06 ERROR    Failure: http://localhost:4200/ -> net::ERR_ABORTED
2022-05-25 11:33:06 ERROR    Failure: http://localhost:4200/ -> net::ERR_ABORTED
2022-05-25 11:33:06 ERROR    Failure: http://localhost:4200/-N2tePkqUxaFE11qaoVB -> net::ERR_CONNECTION_REFUSED
2022-05-25 11:33:06 ERROR    Failure: http://localhost:4200/-N2tePkqUxaFE11qaoVB -> Failed to load resource: net::ERR_CONNECTION_REFUSED
2022-05-25 11:33:06 ERROR    Failure: http://localhost:4200/-N2tePkqUxaFE11qaoVB -> JSHandle@error
2022-05-25 11:33:06 ERROR    Failure: http://localhost:4200/-N2tePkqUxaFE11qaoVB -> Error: FIREBASE FATAL ERROR: Cannot parse Firebase url. Please use https://<YOUR FIREBASE>.firebaseio.com 	    at Vb (http://localhost:4200/assets/vendor.js:85597:278)	    at Wb (http://localhost:4200/assets/vendor.js:85599:21)	    at firebase.INTERNAL.registerService.Reference (http://localhost:4200/assets/vendor.js:85805:235)	    at Object.a.(anonymous function) [as database] (http://localhost:4200/assets/vendor.js:84825:4066)	    at e.value (http://localhost:4200/assets/vendor.js:84825:6484)	    at Object.create (http://localhost:4200/assets/vendor.js:124663:18)	    at instantiate (http://localhost:4200/assets/vendor.js:21220:23)	    at lookup (http://localhost:4200/assets/vendor.js:21045:17)	    at Container.lookup (http://localhost:4200/assets/vendor.js:20964:14)	    at Class.lookup (http://localhost:4200/assets/vendor.js:52226:33)
2022-05-25 11:33:11 ERROR    Failure: http://localhost:4200/ -> net::ERR_ABORTED
2022-05-25 11:33:11 ERROR    Failure: http://localhost:4200/ -> net::ERR_ABORTED
2022-05-25 11:33:11 ERROR    Failure: http://localhost:4200/ -> net::ERR_ABORTED
2022-05-25 11:33:11 ERROR    Failure: http://localhost:4200/ -> net::ERR_ABORTED
2022-05-25 11:33:11 ERROR    Failure: http://localhost:4200/ -> net::ERR_ABORTED
2022-05-25 11:33:11 ERROR    Failure: http://localhost:4200/ -> net::ERR_ABORTED
2022-05-25 11:33:11 ERROR    Failure: http://localhost:4200/ -> net::ERR_ABORTED
2022-05-25 11:33:11 ERROR    Failure: http://localhost:4200/-N2tcsy7wdBNCULOnCV- -> net::ERR_CONNECTION_REFUSED
2022-05-25 11:33:11 ERROR    Failure: http://localhost:4200/-N2tcsy7wdBNCULOnCV- -> Failed to load resource: net::ERR_CONNECTION_REFUSED
2022-05-25 11:33:12 ERROR    Failure: http://localhost:4200/-N2tcsy7wdBNCULOnCV- -> JSHandle@error
2022-05-25 11:33:12 ERROR    Failure: http://localhost:4200/-N2tcsy7wdBNCULOnCV- -> Error: FIREBASE FATAL ERROR: Cannot parse Firebase url. Please use https://<YOUR FIREBASE>.firebaseio.com 	    at Vb (http://localhost:4200/assets/vendor.js:85597:278)	    at Wb (http://localhost:4200/assets/vendor.js:85599:21)	    at firebase.INTERNAL.registerService.Reference (http://localhost:4200/assets/vendor.js:85805:235)	    at Object.a.(anonymous function) [as database] (http://localhost:4200/assets/vendor.js:84825:4066)	    at e.value (http://localhost:4200/assets/vendor.js:84825:6484)	    at Object.create (http://localhost:4200/assets/vendor.js:124663:18)	    at instantiate (http://localhost:4200/assets/vendor.js:21220:23)	    at lookup (http://localhost:4200/assets/vendor.js:21045:17)	    at Container.lookup (http://localhost:4200/assets/vendor.js:20964:14)	    at Class.lookup (http://localhost:4200/assets/vendor.js:52226:33)
2022-05-25 11:33:17 ERROR    Failure: http://localhost:4200/ -> net::ERR_ABORTED
2022-05-25 11:33:17 ERROR    Failure: http://localhost:4200/ -> net::ERR_ABORTED
2022-05-25 11:33:17 ERROR    Failure: http://localhost:4200/ -> net::ERR_ABORTED
2022-05-25 11:33:17 ERROR    Failure: http://localhost:4200/ -> net::ERR_ABORTED
2022-05-25 11:33:17 ERROR    Failure: http://localhost:4200/ -> net::ERR_ABORTED
2022-05-25 11:33:17 ERROR    Failure: http://localhost:4200/ -> net::ERR_ABORTED
2022-05-25 11:33:17 ERROR    Failure: http://localhost:4200/ -> net::ERR_ABORTED
2022-05-25 11:33:17 ERROR    Failure: http://localhost:4200/-N2tany8jv7w0c9Gf-ll -> net::ERR_CONNECTION_REFUSED
2022-05-25 11:33:17 ERROR    Failure: http://localhost:4200/-N2tany8jv7w0c9Gf-ll -> Failed to load resource: net::ERR_CONNECTION_REFUSED
2022-05-25 11:33:18 ERROR    Failure: http://localhost:4200/-N2tany8jv7w0c9Gf-ll -> JSHandle@error
2022-05-25 11:33:18 ERROR    Failure: http://localhost:4200/-N2tany8jv7w0c9Gf-ll -> Error: FIREBASE FATAL ERROR: Cannot parse Firebase url. Please use https://<YOUR FIREBASE>.firebaseio.com 	    at Vb (http://localhost:4200/assets/vendor.js:85597:278)	    at Wb (http://localhost:4200/assets/vendor.js:85599:21)	    at firebase.INTERNAL.registerService.Reference (http://localhost:4200/assets/vendor.js:85805:235)	    at Object.a.(anonymous function) [as database] (http://localhost:4200/assets/vendor.js:84825:4066)	    at e.value (http://localhost:4200/assets/vendor.js:84825:6484)	    at Object.create (http://localhost:4200/assets/vendor.js:124663:18)	    at instantiate (http://localhost:4200/assets/vendor.js:21220:23)	    at lookup (http://localhost:4200/assets/vendor.js:21045:17)	    at Container.lookup (http://localhost:4200/assets/vendor.js:20964:14)	    at Class.lookup (http://localhost:4200/assets/vendor.js:52226:33)
2022-05-25 11:33:25 ERROR    Failure: http://localhost:4200/ -> net::ERR_ABORTED
2022-05-25 11:33:25 ERROR    Failure: http://localhost:4200/ -> net::ERR_ABORTED
2022-05-25 11:33:25 ERROR    Failure: http://localhost:4200/ -> net::ERR_ABORTED
2022-05-25 11:33:25 ERROR    Failure: http://localhost:4200/ -> net::ERR_ABORTED
2022-05-25 11:33:25 ERROR    Failure: http://localhost:4200/ -> net::ERR_ABORTED
2022-05-25 11:33:25 ERROR    Failure: http://localhost:4200/ -> net::ERR_ABORTED
2022-05-25 11:33:25 ERROR    Failure: http://localhost:4200/ -> net::ERR_ABORTED
2022-05-25 11:33:25 ERROR    Failure: http://localhost:4200/-N2tau_R-AuPGM1v4_n9 -> net::ERR_CONNECTION_REFUSED
2022-05-25 11:33:25 ERROR    Failure: http://localhost:4200/-N2tau_R-AuPGM1v4_n9 -> Failed to load resource: net::ERR_CONNECTION_REFUSED
2022-05-25 11:33:25 ERROR    Failure: http://localhost:4200/-N2tau_R-AuPGM1v4_n9 -> JSHandle@error
2022-05-25 11:33:25 ERROR    Failure: http://localhost:4200/-N2tau_R-AuPGM1v4_n9 -> Error: FIREBASE FATAL ERROR: Cannot parse Firebase url. Please use https://<YOUR FIREBASE>.firebaseio.com 	    at Vb (http://localhost:4200/assets/vendor.js:85597:278)	    at Wb (http://localhost:4200/assets/vendor.js:85599:21)	    at firebase.INTERNAL.registerService.Reference (http://localhost:4200/assets/vendor.js:85805:235)	    at Object.a.(anonymous function) [as database] (http://localhost:4200/assets/vendor.js:84825:4066)	    at e.value (http://localhost:4200/assets/vendor.js:84825:6484)	    at Object.create (http://localhost:4200/assets/vendor.js:124663:18)	    at instantiate (http://localhost:4200/assets/vendor.js:21220:23)	    at lookup (http://localhost:4200/assets/vendor.js:21045:17)	    at Container.lookup (http://localhost:4200/assets/vendor.js:20964:14)	    at Class.lookup (http://localhost:4200/assets/vendor.js:52226:33)
2022-05-25 11:33:32 ERROR    Failure: http://localhost:4200/ -> net::ERR_ABORTED
2022-05-25 11:33:32 ERROR    Failure: http://localhost:4200/ -> net::ERR_ABORTED
2022-05-25 11:33:32 ERROR    Failure: http://localhost:4200/ -> net::ERR_ABORTED
2022-05-25 11:33:32 ERROR    Failure: http://localhost:4200/ -> net::ERR_ABORTED
2022-05-25 11:33:32 ERROR    Failure: http://localhost:4200/ -> net::ERR_ABORTED
2022-05-25 11:33:32 ERROR    Failure: http://localhost:4200/ -> net::ERR_ABORTED
2022-05-25 11:33:32 ERROR    Failure: http://localhost:4200/ -> net::ERR_ABORTED
2022-05-25 11:33:32 ERROR    Failure: http://localhost:4200/-N2tePkqUxaFE11qaoVB -> net::ERR_CONNECTION_REFUSED
2022-05-25 11:33:32 ERROR    Failure: http://localhost:4200/-N2tePkqUxaFE11qaoVB -> Failed to load resource: net::ERR_CONNECTION_REFUSED
2022-05-25 11:33:32 ERROR    Failure: http://localhost:4200/-N2tePkqUxaFE11qaoVB -> JSHandle@error
2022-05-25 11:33:32 ERROR    Failure: http://localhost:4200/-N2tePkqUxaFE11qaoVB -> Error: FIREBASE FATAL ERROR: Cannot parse Firebase url. Please use https://<YOUR FIREBASE>.firebaseio.com 	    at Vb (http://localhost:4200/assets/vendor.js:85597:278)	    at Wb (http://localhost:4200/assets/vendor.js:85599:21)	    at firebase.INTERNAL.registerService.Reference (http://localhost:4200/assets/vendor.js:85805:235)	    at Object.a.(anonymous function) [as database] (http://localhost:4200/assets/vendor.js:84825:4066)	    at e.value (http://localhost:4200/assets/vendor.js:84825:6484)	    at Object.create (http://localhost:4200/assets/vendor.js:124663:18)	    at instantiate (http://localhost:4200/assets/vendor.js:21220:23)	    at lookup (http://localhost:4200/assets/vendor.js:21045:17)	    at Container.lookup (http://localhost:4200/assets/vendor.js:20964:14)	    at Class.lookup (http://localhost:4200/assets/vendor.js:52226:33)
2022-05-25 11:33:38 ERROR    Failure: http://localhost:4200/ -> net::ERR_ABORTED
2022-05-25 11:33:38 ERROR    Failure: http://localhost:4200/ -> net::ERR_ABORTED
2022-05-25 11:33:38 ERROR    Failure: http://localhost:4200/ -> net::ERR_ABORTED
2022-05-25 11:33:38 ERROR    Failure: http://localhost:4200/ -> net::ERR_ABORTED
2022-05-25 11:33:38 ERROR    Failure: http://localhost:4200/ -> net::ERR_ABORTED
2022-05-25 11:33:38 ERROR    Failure: http://localhost:4200/ -> net::ERR_ABORTED
2022-05-25 11:33:38 ERROR    Failure: http://localhost:4200/ -> net::ERR_ABORTED
2022-05-25 11:33:38 ERROR    Failure: http://localhost:4200/-N2tcsy7wdBNCULOnCV- -> net::ERR_CONNECTION_REFUSED
2022-05-25 11:33:38 ERROR    Failure: http://localhost:4200/-N2tcsy7wdBNCULOnCV- -> Failed to load resource: net::ERR_CONNECTION_REFUSED
2022-05-25 11:33:39 ERROR    Failure: http://localhost:4200/-N2tcsy7wdBNCULOnCV- -> JSHandle@error
2022-05-25 11:33:39 ERROR    Failure: http://localhost:4200/-N2tcsy7wdBNCULOnCV- -> Error: FIREBASE FATAL ERROR: Cannot parse Firebase url. Please use https://<YOUR FIREBASE>.firebaseio.com 	    at Vb (http://localhost:4200/assets/vendor.js:85597:278)	    at Wb (http://localhost:4200/assets/vendor.js:85599:21)	    at firebase.INTERNAL.registerService.Reference (http://localhost:4200/assets/vendor.js:85805:235)	    at Object.a.(anonymous function) [as database] (http://localhost:4200/assets/vendor.js:84825:4066)	    at e.value (http://localhost:4200/assets/vendor.js:84825:6484)	    at Object.create (http://localhost:4200/assets/vendor.js:124663:18)	    at instantiate (http://localhost:4200/assets/vendor.js:21220:23)	    at lookup (http://localhost:4200/assets/vendor.js:21045:17)	    at Container.lookup (http://localhost:4200/assets/vendor.js:20964:14)	    at Class.lookup (http://localhost:4200/assets/vendor.js:52226:33)
2022-05-25 11:33:44 ERROR    Failure: http://localhost:4200/ -> net::ERR_ABORTED
2022-05-25 11:33:44 ERROR    Failure: http://localhost:4200/ -> net::ERR_ABORTED
2022-05-25 11:33:44 ERROR    Failure: http://localhost:4200/ -> net::ERR_ABORTED
2022-05-25 11:33:44 ERROR    Failure: http://localhost:4200/ -> net::ERR_ABORTED
2022-05-25 11:33:44 ERROR    Failure: http://localhost:4200/ -> net::ERR_ABORTED
2022-05-25 11:33:44 ERROR    Failure: http://localhost:4200/ -> net::ERR_ABORTED
2022-05-25 11:33:44 ERROR    Failure: http://localhost:4200/ -> net::ERR_ABORTED
2022-05-25 11:33:44 ERROR    Failure: http://localhost:4200/-N2tany8jv7w0c9Gf-ll -> net::ERR_CONNECTION_REFUSED
2022-05-25 11:33:44 ERROR    Failure: http://localhost:4200/-N2tany8jv7w0c9Gf-ll -> Failed to load resource: net::ERR_CONNECTION_REFUSED
2022-05-25 11:33:45 ERROR    Failure: http://localhost:4200/-N2tany8jv7w0c9Gf-ll -> JSHandle@error
2022-05-25 11:33:45 ERROR    Failure: http://localhost:4200/-N2tany8jv7w0c9Gf-ll -> Error: FIREBASE FATAL ERROR: Cannot parse Firebase url. Please use https://<YOUR FIREBASE>.firebaseio.com 	    at Vb (http://localhost:4200/assets/vendor.js:85597:278)	    at Wb (http://localhost:4200/assets/vendor.js:85599:21)	    at firebase.INTERNAL.registerService.Reference (http://localhost:4200/assets/vendor.js:85805:235)	    at Object.a.(anonymous function) [as database] (http://localhost:4200/assets/vendor.js:84825:4066)	    at e.value (http://localhost:4200/assets/vendor.js:84825:6484)	    at Object.create (http://localhost:4200/assets/vendor.js:124663:18)	    at instantiate (http://localhost:4200/assets/vendor.js:21220:23)	    at lookup (http://localhost:4200/assets/vendor.js:21045:17)	    at Container.lookup (http://localhost:4200/assets/vendor.js:20964:14)	    at Class.lookup (http://localhost:4200/assets/vendor.js:52226:33)
2022-05-25 11:33:50 ERROR    Failure: http://localhost:4200/ -> net::ERR_ABORTED
2022-05-25 11:33:50 ERROR    Failure: http://localhost:4200/ -> net::ERR_ABORTED
2022-05-25 11:33:50 ERROR    Failure: http://localhost:4200/ -> net::ERR_ABORTED
2022-05-25 11:33:50 ERROR    Failure: http://localhost:4200/ -> net::ERR_ABORTED
2022-05-25 11:33:50 ERROR    Failure: http://localhost:4200/ -> net::ERR_ABORTED
2022-05-25 11:33:50 ERROR    Failure: http://localhost:4200/ -> net::ERR_ABORTED
2022-05-25 11:33:50 ERROR    Failure: http://localhost:4200/ -> net::ERR_ABORTED
2022-05-25 11:33:50 ERROR    Failure: http://localhost:4200/-N2tau_R-AuPGM1v4_n9 -> net::ERR_CONNECTION_REFUSED
2022-05-25 11:33:50 ERROR    Failure: http://localhost:4200/-N2tau_R-AuPGM1v4_n9 -> Failed to load resource: net::ERR_CONNECTION_REFUSED
2022-05-25 11:33:51 ERROR    Failure: http://localhost:4200/-N2tau_R-AuPGM1v4_n9 -> JSHandle@error
2022-05-25 11:33:51 ERROR    Failure: http://localhost:4200/-N2tau_R-AuPGM1v4_n9 -> Error: FIREBASE FATAL ERROR: Cannot parse Firebase url. Please use https://<YOUR FIREBASE>.firebaseio.com 	    at Vb (http://localhost:4200/assets/vendor.js:85597:278)	    at Wb (http://localhost:4200/assets/vendor.js:85599:21)	    at firebase.INTERNAL.registerService.Reference (http://localhost:4200/assets/vendor.js:85805:235)	    at Object.a.(anonymous function) [as database] (http://localhost:4200/assets/vendor.js:84825:4066)	    at e.value (http://localhost:4200/assets/vendor.js:84825:6484)	    at Object.create (http://localhost:4200/assets/vendor.js:124663:18)	    at instantiate (http://localhost:4200/assets/vendor.js:21220:23)	    at lookup (http://localhost:4200/assets/vendor.js:21045:17)	    at Container.lookup (http://localhost:4200/assets/vendor.js:20964:14)	    at Class.lookup (http://localhost:4200/assets/vendor.js:52226:33)
2022-05-25 11:33:56 ERROR    Failure: http://localhost:4200/ -> net::ERR_ABORTED
2022-05-25 11:33:56 ERROR    Failure: http://localhost:4200/ -> net::ERR_ABORTED
2022-05-25 11:33:56 ERROR    Failure: http://localhost:4200/ -> net::ERR_ABORTED
2022-05-25 11:33:56 ERROR    Failure: http://localhost:4200/ -> net::ERR_ABORTED
2022-05-25 11:33:56 ERROR    Failure: http://localhost:4200/ -> net::ERR_ABORTED
2022-05-25 11:33:56 ERROR    Failure: http://localhost:4200/ -> net::ERR_ABORTED
2022-05-25 11:33:56 ERROR    Failure: http://localhost:4200/ -> net::ERR_ABORTED
2022-05-25 11:33:56 ERROR    Failure: http://localhost:4200/-N2tePkqUxaFE11qaoVB -> net::ERR_CONNECTION_REFUSED
2022-05-25 11:33:56 ERROR    Failure: http://localhost:4200/-N2tePkqUxaFE11qaoVB -> Failed to load resource: net::ERR_CONNECTION_REFUSED
2022-05-25 11:33:56 ERROR    Failure: http://localhost:4200/-N2tePkqUxaFE11qaoVB -> JSHandle@error
2022-05-25 11:33:56 ERROR    Failure: http://localhost:4200/-N2tePkqUxaFE11qaoVB -> Error: FIREBASE FATAL ERROR: Cannot parse Firebase url. Please use https://<YOUR FIREBASE>.firebaseio.com 	    at Vb (http://localhost:4200/assets/vendor.js:85597:278)	    at Wb (http://localhost:4200/assets/vendor.js:85599:21)	    at firebase.INTERNAL.registerService.Reference (http://localhost:4200/assets/vendor.js:85805:235)	    at Object.a.(anonymous function) [as database] (http://localhost:4200/assets/vendor.js:84825:4066)	    at e.value (http://localhost:4200/assets/vendor.js:84825:6484)	    at Object.create (http://localhost:4200/assets/vendor.js:124663:18)	    at instantiate (http://localhost:4200/assets/vendor.js:21220:23)	    at lookup (http://localhost:4200/assets/vendor.js:21045:17)	    at Container.lookup (http://localhost:4200/assets/vendor.js:20964:14)	    at Class.lookup (http://localhost:4200/assets/vendor.js:52226:33)
2022-05-25 11:34:01 ERROR    Failure: http://localhost:4200/ -> net::ERR_ABORTED
2022-05-25 11:34:01 ERROR    Failure: http://localhost:4200/ -> net::ERR_ABORTED
2022-05-25 11:34:01 ERROR    Failure: http://localhost:4200/ -> net::ERR_ABORTED
2022-05-25 11:34:01 ERROR    Failure: http://localhost:4200/ -> net::ERR_ABORTED
2022-05-25 11:34:01 ERROR    Failure: http://localhost:4200/ -> net::ERR_ABORTED
2022-05-25 11:34:01 ERROR    Failure: http://localhost:4200/ -> net::ERR_ABORTED
2022-05-25 11:34:01 ERROR    Failure: http://localhost:4200/ -> net::ERR_ABORTED
2022-05-25 11:34:01 ERROR    Failure: http://localhost:4200/-N2tePkqUxaFE11qaoVB -> net::ERR_CONNECTION_REFUSED
2022-05-25 11:34:01 ERROR    Failure: http://localhost:4200/-N2tePkqUxaFE11qaoVB -> Failed to load resource: net::ERR_CONNECTION_REFUSED
2022-05-25 11:34:02 ERROR    Failure: http://localhost:4200/-N2tePkqUxaFE11qaoVB -> JSHandle@error
2022-05-25 11:34:02 ERROR    Failure: http://localhost:4200/-N2tePkqUxaFE11qaoVB -> Error: FIREBASE FATAL ERROR: Cannot parse Firebase url. Please use https://<YOUR FIREBASE>.firebaseio.com 	    at Vb (http://localhost:4200/assets/vendor.js:85597:278)	    at Wb (http://localhost:4200/assets/vendor.js:85599:21)	    at firebase.INTERNAL.registerService.Reference (http://localhost:4200/assets/vendor.js:85805:235)	    at Object.a.(anonymous function) [as database] (http://localhost:4200/assets/vendor.js:84825:4066)	    at e.value (http://localhost:4200/assets/vendor.js:84825:6484)	    at Object.create (http://localhost:4200/assets/vendor.js:124663:18)	    at instantiate (http://localhost:4200/assets/vendor.js:21220:23)	    at lookup (http://localhost:4200/assets/vendor.js:21045:17)	    at Container.lookup (http://localhost:4200/assets/vendor.js:20964:14)	    at Class.lookup (http://localhost:4200/assets/vendor.js:52226:33)
2022-05-25 11:34:08 ERROR    Failure: http://localhost:4200/ -> net::ERR_ABORTED
2022-05-25 11:34:08 ERROR    Failure: http://localhost:4200/ -> net::ERR_ABORTED
2022-05-25 11:34:08 ERROR    Failure: http://localhost:4200/ -> net::ERR_ABORTED
2022-05-25 11:34:08 ERROR    Failure: http://localhost:4200/ -> net::ERR_ABORTED
2022-05-25 11:34:08 ERROR    Failure: http://localhost:4200/ -> net::ERR_ABORTED
2022-05-25 11:34:08 ERROR    Failure: http://localhost:4200/ -> net::ERR_ABORTED
2022-05-25 11:34:08 ERROR    Failure: http://localhost:4200/ -> net::ERR_ABORTED
2022-05-25 11:34:08 ERROR    Failure: http://localhost:4200/-N2tcsy7wdBNCULOnCV- -> net::ERR_CONNECTION_REFUSED
2022-05-25 11:34:08 ERROR    Failure: http://localhost:4200/-N2tcsy7wdBNCULOnCV- -> Failed to load resource: net::ERR_CONNECTION_REFUSED
2022-05-25 11:34:09 ERROR    Failure: http://localhost:4200/-N2tcsy7wdBNCULOnCV- -> JSHandle@error
2022-05-25 11:34:09 ERROR    Failure: http://localhost:4200/-N2tcsy7wdBNCULOnCV- -> Error: FIREBASE FATAL ERROR: Cannot parse Firebase url. Please use https://<YOUR FIREBASE>.firebaseio.com 	    at Vb (http://localhost:4200/assets/vendor.js:85597:278)	    at Wb (http://localhost:4200/assets/vendor.js:85599:21)	    at firebase.INTERNAL.registerService.Reference (http://localhost:4200/assets/vendor.js:85805:235)	    at Object.a.(anonymous function) [as database] (http://localhost:4200/assets/vendor.js:84825:4066)	    at e.value (http://localhost:4200/assets/vendor.js:84825:6484)	    at Object.create (http://localhost:4200/assets/vendor.js:124663:18)	    at instantiate (http://localhost:4200/assets/vendor.js:21220:23)	    at lookup (http://localhost:4200/assets/vendor.js:21045:17)	    at Container.lookup (http://localhost:4200/assets/vendor.js:20964:14)	    at Class.lookup (http://localhost:4200/assets/vendor.js:52226:33)
2022-05-25 11:34:15 ERROR    Failure: http://localhost:4200/ -> net::ERR_ABORTED
2022-05-25 11:34:15 ERROR    Failure: http://localhost:4200/ -> net::ERR_ABORTED
2022-05-25 11:34:15 ERROR    Failure: http://localhost:4200/ -> net::ERR_ABORTED
2022-05-25 11:34:15 ERROR    Failure: http://localhost:4200/ -> net::ERR_ABORTED
2022-05-25 11:34:15 ERROR    Failure: http://localhost:4200/ -> net::ERR_ABORTED
2022-05-25 11:34:15 ERROR    Failure: http://localhost:4200/ -> net::ERR_ABORTED
2022-05-25 11:34:15 ERROR    Failure: http://localhost:4200/ -> net::ERR_ABORTED
2022-05-25 11:34:15 ERROR    Failure: http://localhost:4200/-N2tany8jv7w0c9Gf-ll -> net::ERR_CONNECTION_REFUSED
2022-05-25 11:34:15 ERROR    Failure: http://localhost:4200/-N2tany8jv7w0c9Gf-ll -> Failed to load resource: net::ERR_CONNECTION_REFUSED
2022-05-25 11:34:16 ERROR    Failure: http://localhost:4200/-N2tany8jv7w0c9Gf-ll -> JSHandle@error
2022-05-25 11:34:16 ERROR    Failure: http://localhost:4200/-N2tany8jv7w0c9Gf-ll -> Error: FIREBASE FATAL ERROR: Cannot parse Firebase url. Please use https://<YOUR FIREBASE>.firebaseio.com 	    at Vb (http://localhost:4200/assets/vendor.js:85597:278)	    at Wb (http://localhost:4200/assets/vendor.js:85599:21)	    at firebase.INTERNAL.registerService.Reference (http://localhost:4200/assets/vendor.js:85805:235)	    at Object.a.(anonymous function) [as database] (http://localhost:4200/assets/vendor.js:84825:4066)	    at e.value (http://localhost:4200/assets/vendor.js:84825:6484)	    at Object.create (http://localhost:4200/assets/vendor.js:124663:18)	    at instantiate (http://localhost:4200/assets/vendor.js:21220:23)	    at lookup (http://localhost:4200/assets/vendor.js:21045:17)	    at Container.lookup (http://localhost:4200/assets/vendor.js:20964:14)	    at Class.lookup (http://localhost:4200/assets/vendor.js:52226:33)
2022-05-25 11:34:21 ERROR    Failure: http://localhost:4200/ -> net::ERR_ABORTED
2022-05-25 11:34:21 ERROR    Failure: http://localhost:4200/ -> net::ERR_ABORTED
2022-05-25 11:34:21 ERROR    Failure: http://localhost:4200/ -> net::ERR_ABORTED
2022-05-25 11:34:21 ERROR    Failure: http://localhost:4200/ -> net::ERR_ABORTED
2022-05-25 11:34:21 ERROR    Failure: http://localhost:4200/ -> net::ERR_ABORTED
2022-05-25 11:34:21 ERROR    Failure: http://localhost:4200/ -> net::ERR_ABORTED
2022-05-25 11:34:21 ERROR    Failure: http://localhost:4200/ -> net::ERR_ABORTED
2022-05-25 11:34:21 ERROR    Failure: http://localhost:4200/-N2tany8jv7w0c9Gf-ll -> net::ERR_CONNECTION_REFUSED
2022-05-25 11:34:21 ERROR    Failure: http://localhost:4200/-N2tany8jv7w0c9Gf-ll -> Failed to load resource: net::ERR_CONNECTION_REFUSED
2022-05-25 11:34:21 ERROR    Failure: http://localhost:4200/-N2tany8jv7w0c9Gf-ll -> JSHandle@error
2022-05-25 11:34:21 ERROR    Failure: http://localhost:4200/-N2tany8jv7w0c9Gf-ll -> Error: FIREBASE FATAL ERROR: Cannot parse Firebase url. Please use https://<YOUR FIREBASE>.firebaseio.com 	    at Vb (http://localhost:4200/assets/vendor.js:85597:278)	    at Wb (http://localhost:4200/assets/vendor.js:85599:21)	    at firebase.INTERNAL.registerService.Reference (http://localhost:4200/assets/vendor.js:85805:235)	    at Object.a.(anonymous function) [as database] (http://localhost:4200/assets/vendor.js:84825:4066)	    at e.value (http://localhost:4200/assets/vendor.js:84825:6484)	    at Object.create (http://localhost:4200/assets/vendor.js:124663:18)	    at instantiate (http://localhost:4200/assets/vendor.js:21220:23)	    at lookup (http://localhost:4200/assets/vendor.js:21045:17)	    at Container.lookup (http://localhost:4200/assets/vendor.js:20964:14)	    at Class.lookup (http://localhost:4200/assets/vendor.js:52226:33)
2022-05-25 11:34:24 ERROR    Failure: http://localhost:4200/ -> net::ERR_ABORTED
2022-05-25 11:34:24 ERROR    Failure: http://localhost:4200/ -> net::ERR_ABORTED
2022-05-25 11:34:24 ERROR    Failure: http://localhost:4200/ -> net::ERR_ABORTED
2022-05-25 11:34:24 ERROR    Failure: http://localhost:4200/ -> net::ERR_ABORTED
2022-05-25 11:34:24 ERROR    Failure: http://localhost:4200/ -> net::ERR_ABORTED
2022-05-25 11:34:24 ERROR    Failure: http://localhost:4200/ -> net::ERR_ABORTED
2022-05-25 11:34:24 ERROR    Failure: http://localhost:4200/ -> net::ERR_ABORTED
2022-05-25 11:34:24 ERROR    Failure: http://localhost:4200/-N2tany8jv7w0c9Gf-ll -> net::ERR_CONNECTION_REFUSED
2022-05-25 11:34:24 ERROR    Failure: http://localhost:4200/-N2tany8jv7w0c9Gf-ll -> Failed to load resource: net::ERR_CONNECTION_REFUSED
2022-05-25 11:34:25 ERROR    Failure: http://localhost:4200/-N2tany8jv7w0c9Gf-ll -> JSHandle@error
2022-05-25 11:34:25 ERROR    Failure: http://localhost:4200/-N2tany8jv7w0c9Gf-ll -> Error: FIREBASE FATAL ERROR: Cannot parse Firebase url. Please use https://<YOUR FIREBASE>.firebaseio.com 	    at Vb (http://localhost:4200/assets/vendor.js:85597:278)	    at Wb (http://localhost:4200/assets/vendor.js:85599:21)	    at firebase.INTERNAL.registerService.Reference (http://localhost:4200/assets/vendor.js:85805:235)	    at Object.a.(anonymous function) [as database] (http://localhost:4200/assets/vendor.js:84825:4066)	    at e.value (http://localhost:4200/assets/vendor.js:84825:6484)	    at Object.create (http://localhost:4200/assets/vendor.js:124663:18)	    at instantiate (http://localhost:4200/assets/vendor.js:21220:23)	    at lookup (http://localhost:4200/assets/vendor.js:21045:17)	    at Container.lookup (http://localhost:4200/assets/vendor.js:20964:14)	    at Class.lookup (http://localhost:4200/assets/vendor.js:52226:33)
2022-05-25 11:34:27 ERROR    Failure: http://localhost:4200/ -> net::ERR_ABORTED
2022-05-25 11:34:27 ERROR    Failure: http://localhost:4200/ -> net::ERR_ABORTED
2022-05-25 11:34:27 ERROR    Failure: http://localhost:4200/ -> net::ERR_ABORTED
2022-05-25 11:34:27 ERROR    Failure: http://localhost:4200/ -> net::ERR_ABORTED
2022-05-25 11:34:27 ERROR    Failure: http://localhost:4200/ -> net::ERR_ABORTED
2022-05-25 11:34:27 ERROR    Failure: http://localhost:4200/ -> net::ERR_ABORTED
2022-05-25 11:34:27 ERROR    Failure: http://localhost:4200/ -> net::ERR_ABORTED
2022-05-25 11:34:27 ERROR    Failure: http://localhost:4200/-N2tany8jv7w0c9Gf-ll -> net::ERR_CONNECTION_REFUSED
2022-05-25 11:34:27 ERROR    Failure: http://localhost:4200/-N2tany8jv7w0c9Gf-ll -> Failed to load resource: net::ERR_CONNECTION_REFUSED
2022-05-25 11:34:28 ERROR    Failure: http://localhost:4200/-N2tany8jv7w0c9Gf-ll -> JSHandle@error
2022-05-25 11:34:28 ERROR    Failure: http://localhost:4200/-N2tany8jv7w0c9Gf-ll -> Error: FIREBASE FATAL ERROR: Cannot parse Firebase url. Please use https://<YOUR FIREBASE>.firebaseio.com 	    at Vb (http://localhost:4200/assets/vendor.js:85597:278)	    at Wb (http://localhost:4200/assets/vendor.js:85599:21)	    at firebase.INTERNAL.registerService.Reference (http://localhost:4200/assets/vendor.js:85805:235)	    at Object.a.(anonymous function) [as database] (http://localhost:4200/assets/vendor.js:84825:4066)	    at e.value (http://localhost:4200/assets/vendor.js:84825:6484)	    at Object.create (http://localhost:4200/assets/vendor.js:124663:18)	    at instantiate (http://localhost:4200/assets/vendor.js:21220:23)	    at lookup (http://localhost:4200/assets/vendor.js:21045:17)	    at Container.lookup (http://localhost:4200/assets/vendor.js:20964:14)	    at Class.lookup (http://localhost:4200/assets/vendor.js:52226:33)
2022-05-25 11:34:33 ERROR    Failure: http://localhost:4200/ -> net::ERR_ABORTED
2022-05-25 11:34:33 ERROR    Failure: http://localhost:4200/ -> net::ERR_ABORTED
2022-05-25 11:34:33 ERROR    Failure: http://localhost:4200/ -> net::ERR_ABORTED
2022-05-25 11:34:33 ERROR    Failure: http://localhost:4200/ -> net::ERR_ABORTED
2022-05-25 11:34:33 ERROR    Failure: http://localhost:4200/ -> net::ERR_ABORTED
2022-05-25 11:34:33 ERROR    Failure: http://localhost:4200/ -> net::ERR_ABORTED
2022-05-25 11:34:33 ERROR    Failure: http://localhost:4200/ -> net::ERR_ABORTED
2022-05-25 11:34:33 ERROR    Failure: http://localhost:4200/-N2tau_R-AuPGM1v4_n9 -> net::ERR_CONNECTION_REFUSED
2022-05-25 11:34:33 ERROR    Failure: http://localhost:4200/-N2tau_R-AuPGM1v4_n9 -> Failed to load resource: net::ERR_CONNECTION_REFUSED
2022-05-25 11:34:34 ERROR    Failure: http://localhost:4200/-N2tau_R-AuPGM1v4_n9 -> JSHandle@error
2022-05-25 11:34:34 ERROR    Failure: http://localhost:4200/-N2tau_R-AuPGM1v4_n9 -> Error: FIREBASE FATAL ERROR: Cannot parse Firebase url. Please use https://<YOUR FIREBASE>.firebaseio.com 	    at Vb (http://localhost:4200/assets/vendor.js:85597:278)	    at Wb (http://localhost:4200/assets/vendor.js:85599:21)	    at firebase.INTERNAL.registerService.Reference (http://localhost:4200/assets/vendor.js:85805:235)	    at Object.a.(anonymous function) [as database] (http://localhost:4200/assets/vendor.js:84825:4066)	    at e.value (http://localhost:4200/assets/vendor.js:84825:6484)	    at Object.create (http://localhost:4200/assets/vendor.js:124663:18)	    at instantiate (http://localhost:4200/assets/vendor.js:21220:23)	    at lookup (http://localhost:4200/assets/vendor.js:21045:17)	    at Container.lookup (http://localhost:4200/assets/vendor.js:20964:14)	    at Class.lookup (http://localhost:4200/assets/vendor.js:52226:33)
2022-05-25 11:34:38 ERROR    Failure: http://localhost:4200/ -> net::ERR_ABORTED
2022-05-25 11:34:38 ERROR    Failure: http://localhost:4200/ -> net::ERR_ABORTED
2022-05-25 11:34:38 ERROR    Failure: http://localhost:4200/ -> net::ERR_ABORTED
2022-05-25 11:34:38 ERROR    Failure: http://localhost:4200/ -> net::ERR_ABORTED
2022-05-25 11:34:38 ERROR    Failure: http://localhost:4200/ -> net::ERR_ABORTED
2022-05-25 11:34:38 ERROR    Failure: http://localhost:4200/ -> net::ERR_ABORTED
2022-05-25 11:34:38 ERROR    Failure: http://localhost:4200/ -> net::ERR_ABORTED
2022-05-25 11:34:38 ERROR    Failure: http://localhost:4200/-N2tePkqUxaFE11qaoVB -> net::ERR_CONNECTION_REFUSED
2022-05-25 11:34:38 ERROR    Failure: http://localhost:4200/-N2tePkqUxaFE11qaoVB -> Failed to load resource: net::ERR_CONNECTION_REFUSED
2022-05-25 11:34:38 ERROR    Failure: http://localhost:4200/-N2tePkqUxaFE11qaoVB -> JSHandle@error
2022-05-25 11:34:38 ERROR    Failure: http://localhost:4200/-N2tePkqUxaFE11qaoVB -> Error: FIREBASE FATAL ERROR: Cannot parse Firebase url. Please use https://<YOUR FIREBASE>.firebaseio.com 	    at Vb (http://localhost:4200/assets/vendor.js:85597:278)	    at Wb (http://localhost:4200/assets/vendor.js:85599:21)	    at firebase.INTERNAL.registerService.Reference (http://localhost:4200/assets/vendor.js:85805:235)	    at Object.a.(anonymous function) [as database] (http://localhost:4200/assets/vendor.js:84825:4066)	    at e.value (http://localhost:4200/assets/vendor.js:84825:6484)	    at Object.create (http://localhost:4200/assets/vendor.js:124663:18)	    at instantiate (http://localhost:4200/assets/vendor.js:21220:23)	    at lookup (http://localhost:4200/assets/vendor.js:21045:17)	    at Container.lookup (http://localhost:4200/assets/vendor.js:20964:14)	    at Class.lookup (http://localhost:4200/assets/vendor.js:52226:33)
2022-05-25 11:34:43 ERROR    Failure: http://localhost:4200/ -> net::ERR_ABORTED
2022-05-25 11:34:43 ERROR    Failure: http://localhost:4200/ -> net::ERR_ABORTED
2022-05-25 11:34:43 ERROR    Failure: http://localhost:4200/ -> net::ERR_ABORTED
2022-05-25 11:34:43 ERROR    Failure: http://localhost:4200/ -> net::ERR_ABORTED
2022-05-25 11:34:43 ERROR    Failure: http://localhost:4200/ -> net::ERR_ABORTED
2022-05-25 11:34:43 ERROR    Failure: http://localhost:4200/ -> net::ERR_ABORTED
2022-05-25 11:34:43 ERROR    Failure: http://localhost:4200/ -> net::ERR_ABORTED
2022-05-25 11:34:43 ERROR    Failure: http://localhost:4200/-N2tePkqUxaFE11qaoVB -> net::ERR_CONNECTION_REFUSED
2022-05-25 11:34:43 ERROR    Failure: http://localhost:4200/-N2tePkqUxaFE11qaoVB -> Failed to load resource: net::ERR_CONNECTION_REFUSED
2022-05-25 11:34:44 ERROR    Failure: http://localhost:4200/-N2tePkqUxaFE11qaoVB -> JSHandle@error
2022-05-25 11:34:44 ERROR    Failure: http://localhost:4200/-N2tePkqUxaFE11qaoVB -> Error: FIREBASE FATAL ERROR: Cannot parse Firebase url. Please use https://<YOUR FIREBASE>.firebaseio.com 	    at Vb (http://localhost:4200/assets/vendor.js:85597:278)	    at Wb (http://localhost:4200/assets/vendor.js:85599:21)	    at firebase.INTERNAL.registerService.Reference (http://localhost:4200/assets/vendor.js:85805:235)	    at Object.a.(anonymous function) [as database] (http://localhost:4200/assets/vendor.js:84825:4066)	    at e.value (http://localhost:4200/assets/vendor.js:84825:6484)	    at Object.create (http://localhost:4200/assets/vendor.js:124663:18)	    at instantiate (http://localhost:4200/assets/vendor.js:21220:23)	    at lookup (http://localhost:4200/assets/vendor.js:21045:17)	    at Container.lookup (http://localhost:4200/assets/vendor.js:20964:14)	    at Class.lookup (http://localhost:4200/assets/vendor.js:52226:33)
2022-05-25 11:34:48 ERROR    Failure: http://localhost:4200/ -> net::ERR_ABORTED
2022-05-25 11:34:48 ERROR    Failure: http://localhost:4200/ -> net::ERR_ABORTED
2022-05-25 11:34:48 ERROR    Failure: http://localhost:4200/ -> net::ERR_ABORTED
2022-05-25 11:34:48 ERROR    Failure: http://localhost:4200/ -> net::ERR_ABORTED
2022-05-25 11:34:48 ERROR    Failure: http://localhost:4200/ -> net::ERR_ABORTED
2022-05-25 11:34:48 ERROR    Failure: http://localhost:4200/ -> net::ERR_ABORTED
2022-05-25 11:34:48 ERROR    Failure: http://localhost:4200/ -> net::ERR_ABORTED
2022-05-25 11:34:48 ERROR    Failure: http://localhost:4200/-N2tePkqUxaFE11qaoVB -> net::ERR_CONNECTION_REFUSED
2022-05-25 11:34:48 ERROR    Failure: http://localhost:4200/-N2tePkqUxaFE11qaoVB -> Failed to load resource: net::ERR_CONNECTION_REFUSED
2022-05-25 11:34:49 ERROR    Failure: http://localhost:4200/-N2tePkqUxaFE11qaoVB -> JSHandle@error
2022-05-25 11:34:49 ERROR    Failure: http://localhost:4200/-N2tePkqUxaFE11qaoVB -> Error: FIREBASE FATAL ERROR: Cannot parse Firebase url. Please use https://<YOUR FIREBASE>.firebaseio.com 	    at Vb (http://localhost:4200/assets/vendor.js:85597:278)	    at Wb (http://localhost:4200/assets/vendor.js:85599:21)	    at firebase.INTERNAL.registerService.Reference (http://localhost:4200/assets/vendor.js:85805:235)	    at Object.a.(anonymous function) [as database] (http://localhost:4200/assets/vendor.js:84825:4066)	    at e.value (http://localhost:4200/assets/vendor.js:84825:6484)	    at Object.create (http://localhost:4200/assets/vendor.js:124663:18)	    at instantiate (http://localhost:4200/assets/vendor.js:21220:23)	    at lookup (http://localhost:4200/assets/vendor.js:21045:17)	    at Container.lookup (http://localhost:4200/assets/vendor.js:20964:14)	    at Class.lookup (http://localhost:4200/assets/vendor.js:52226:33)
2022-05-25 11:34:50 ERROR    Failure: http://localhost:4200/-N2tePkqUxaFE11qaoVB -> status code(400) -> 
2022-05-25 11:34:50 ERROR    Failure: http://localhost:4200/-N2tePkqUxaFE11qaoVB -> Access to XMLHttpRequest at 'https://geoip.nekudo.com/api' from origin 'http://localhost:4200' has been blocked by CORS policy: No 'Access-Control-Allow-Origin' header is present on the requested resource.
2022-05-25 11:34:50 ERROR    Failure: http://localhost:4200/-N2tePkqUxaFE11qaoVB -> JSHandle@object
2022-05-25 11:34:50 ERROR    Failure: http://localhost:4200/new -> net::ERR_ABORTED
2022-05-25 11:34:54 ERROR    Failure: http://localhost:4200/ -> net::ERR_ABORTED
2022-05-25 11:34:54 ERROR    Failure: http://localhost:4200/ -> net::ERR_ABORTED
2022-05-25 11:34:54 ERROR    Failure: http://localhost:4200/ -> net::ERR_ABORTED
2022-05-25 11:34:54 ERROR    Failure: http://localhost:4200/ -> net::ERR_ABORTED
2022-05-25 11:34:54 ERROR    Failure: http://localhost:4200/ -> net::ERR_ABORTED
2022-05-25 11:34:54 ERROR    Failure: http://localhost:4200/ -> net::ERR_ABORTED
2022-05-25 11:34:54 ERROR    Failure: http://localhost:4200/ -> net::ERR_ABORTED
2022-05-25 11:34:54 ERROR    Failure: http://localhost:4200/-N2tePkqUxaFE11qaoVB -> net::ERR_CONNECTION_REFUSED
2022-05-25 11:34:54 ERROR    Failure: http://localhost:4200/-N2tePkqUxaFE11qaoVB -> Failed to load resource: net::ERR_CONNECTION_REFUSED
2022-05-25 11:34:55 ERROR    Failure: http://localhost:4200/-N2tePkqUxaFE11qaoVB -> JSHandle@error
2022-05-25 11:34:55 ERROR    Failure: http://localhost:4200/-N2tePkqUxaFE11qaoVB -> Error: FIREBASE FATAL ERROR: Cannot parse Firebase url. Please use https://<YOUR FIREBASE>.firebaseio.com 	    at Vb (http://localhost:4200/assets/vendor.js:85597:278)	    at Wb (http://localhost:4200/assets/vendor.js:85599:21)	    at firebase.INTERNAL.registerService.Reference (http://localhost:4200/assets/vendor.js:85805:235)	    at Object.a.(anonymous function) [as database] (http://localhost:4200/assets/vendor.js:84825:4066)	    at e.value (http://localhost:4200/assets/vendor.js:84825:6484)	    at Object.create (http://localhost:4200/assets/vendor.js:124663:18)	    at instantiate (http://localhost:4200/assets/vendor.js:21220:23)	    at lookup (http://localhost:4200/assets/vendor.js:21045:17)	    at Container.lookup (http://localhost:4200/assets/vendor.js:20964:14)	    at Class.lookup (http://localhost:4200/assets/vendor.js:52226:33)
2022-05-25 11:34:56 ERROR    Failure: http://localhost:4200/-N2tePkqUxaFE11qaoVB -> status code(400) -> 
2022-05-25 11:34:56 ERROR    Failure: http://localhost:4200/-N2tePkqUxaFE11qaoVB -> Access to XMLHttpRequest at 'https://geoip.nekudo.com/api' from origin 'http://localhost:4200' has been blocked by CORS policy: No 'Access-Control-Allow-Origin' header is present on the requested resource.
2022-05-25 11:34:56 ERROR    Failure: http://localhost:4200/-N2tePkqUxaFE11qaoVB -> JSHandle@object
2022-05-25 11:34:56 ERROR    Failure: http://localhost:4200/new -> net::ERR_ABORTED
2022-05-25 11:34:59 ERROR    Failure: http://localhost:4200/ -> net::ERR_ABORTED
2022-05-25 11:34:59 ERROR    Failure: http://localhost:4200/ -> net::ERR_ABORTED
2022-05-25 11:34:59 ERROR    Failure: http://localhost:4200/ -> net::ERR_ABORTED
2022-05-25 11:34:59 ERROR    Failure: http://localhost:4200/ -> net::ERR_ABORTED
2022-05-25 11:34:59 ERROR    Failure: http://localhost:4200/ -> net::ERR_ABORTED
2022-05-25 11:34:59 ERROR    Failure: http://localhost:4200/ -> net::ERR_ABORTED
2022-05-25 11:34:59 ERROR    Failure: http://localhost:4200/ -> net::ERR_ABORTED
2022-05-25 11:34:59 ERROR    Failure: http://localhost:4200/-N2tePkqUxaFE11qaoVB -> net::ERR_CONNECTION_REFUSED
2022-05-25 11:34:59 ERROR    Failure: http://localhost:4200/-N2tePkqUxaFE11qaoVB -> Failed to load resource: net::ERR_CONNECTION_REFUSED
2022-05-25 11:34:59 ERROR    Failure: http://localhost:4200/-N2tePkqUxaFE11qaoVB -> JSHandle@error
2022-05-25 11:34:59 ERROR    Failure: http://localhost:4200/-N2tePkqUxaFE11qaoVB -> Error: FIREBASE FATAL ERROR: Cannot parse Firebase url. Please use https://<YOUR FIREBASE>.firebaseio.com 	    at Vb (http://localhost:4200/assets/vendor.js:85597:278)	    at Wb (http://localhost:4200/assets/vendor.js:85599:21)	    at firebase.INTERNAL.registerService.Reference (http://localhost:4200/assets/vendor.js:85805:235)	    at Object.a.(anonymous function) [as database] (http://localhost:4200/assets/vendor.js:84825:4066)	    at e.value (http://localhost:4200/assets/vendor.js:84825:6484)	    at Object.create (http://localhost:4200/assets/vendor.js:124663:18)	    at instantiate (http://localhost:4200/assets/vendor.js:21220:23)	    at lookup (http://localhost:4200/assets/vendor.js:21045:17)	    at Container.lookup (http://localhost:4200/assets/vendor.js:20964:14)	    at Class.lookup (http://localhost:4200/assets/vendor.js:52226:33)
2022-05-25 11:35:00 ERROR    Failure: http://localhost:4200/-N2tePkqUxaFE11qaoVB -> status code(400) -> 
2022-05-25 11:35:00 ERROR    Failure: http://localhost:4200/-N2tePkqUxaFE11qaoVB -> Access to XMLHttpRequest at 'https://geoip.nekudo.com/api' from origin 'http://localhost:4200' has been blocked by CORS policy: No 'Access-Control-Allow-Origin' header is present on the requested resource.
2022-05-25 11:35:00 ERROR    Failure: http://localhost:4200/-N2tePkqUxaFE11qaoVB -> JSHandle@object
2022-05-25 11:35:01 ERROR    Failure: http://localhost:4200/new -> net::ERR_ABORTED
2022-05-25 11:35:01 ERROR    Failure: http://localhost:4200/new -> JSHandle@error
2022-05-25 11:35:01 ERROR    Failure: http://localhost:4200/new -> Error: FIREBASE FATAL ERROR: Cannot parse Firebase url. Please use https://<YOUR FIREBASE>.firebaseio.com 	    at Vb (http://localhost:4200/assets/vendor.js:85597:278)	    at Wb (http://localhost:4200/assets/vendor.js:85599:21)	    at firebase.INTERNAL.registerService.Reference (http://localhost:4200/assets/vendor.js:85805:235)	    at Object.a.(anonymous function) [as database] (http://localhost:4200/assets/vendor.js:84825:4066)	    at e.value (http://localhost:4200/assets/vendor.js:84825:6484)	    at Object.create (http://localhost:4200/assets/vendor.js:124663:18)	    at instantiate (http://localhost:4200/assets/vendor.js:21220:23)	    at lookup (http://localhost:4200/assets/vendor.js:21045:17)	    at Container.lookup (http://localhost:4200/assets/vendor.js:20964:14)	    at Class.lookup (http://localhost:4200/assets/vendor.js:52226:33)
2022-05-25 11:35:01 ERROR    Failure: http://localhost:4200/new -> JSHandle@error
2022-05-25 11:35:01 ERROR    Failure: http://localhost:4200/new -> Error: FIREBASE FATAL ERROR: Cannot parse Firebase url. Please use https://<YOUR FIREBASE>.firebaseio.com 	    at Vb (http://localhost:4200/assets/vendor.js:85597:278)	    at Wb (http://localhost:4200/assets/vendor.js:85599:21)	    at firebase.INTERNAL.registerService.Reference (http://localhost:4200/assets/vendor.js:85805:235)	    at Object.a.(anonymous function) [as database] (http://localhost:4200/assets/vendor.js:84825:4066)	    at e.value (http://localhost:4200/assets/vendor.js:84825:6484)	    at Object.create (http://localhost:4200/assets/vendor.js:124663:18)	    at instantiate (http://localhost:4200/assets/vendor.js:21220:23)	    at lookup (http://localhost:4200/assets/vendor.js:21045:17)	    at Container.lookup (http://localhost:4200/assets/vendor.js:20964:14)	    at Class.lookup (http://localhost:4200/assets/vendor.js:52226:33)
2022-05-25 11:35:03 WARNING  Finished
2022-05-25 11:35:05 WARNING  (Failure Count, Coverage Percentage) : (39, 64.74444419199378)
2022-05-25 11:35:05 ERROR    http://localhost:4200/ -> net::ERR_CONNECTION_REFUSED
2022-05-25 11:35:05 ERROR    http://localhost:4200/ -> Failed to load resource: net::ERR_CONNECTION_REFUSED
2022-05-25 11:35:05 ERROR    http://localhost:4200/ -> status code(400) -> 
2022-05-25 11:35:05 ERROR    http://localhost:4200/ -> Access to XMLHttpRequest at 'https://geoip.nekudo.com/api' from origin 'http://localhost:4200' has been blocked by CORS policy: No 'Access-Control-Allow-Origin' header is present on the requested resource.
2022-05-25 11:35:05 ERROR    http://localhost:4200/ -> JSHandle@object
2022-05-25 11:35:05 ERROR    http://localhost:4200/new -> net::ERR_ABORTED
2022-05-25 11:35:05 ERROR    http://localhost:4200/new -> JSHandle@error
2022-05-25 11:35:05 ERROR    http://localhost:4200/new -> Error: FIREBASE FATAL ERROR: Cannot parse Firebase url. Please use https://<YOUR FIREBASE>.firebaseio.com 	    at Vb (http://localhost:4200/assets/vendor.js:85597:278)	    at Wb (http://localhost:4200/assets/vendor.js:85599:21)	    at firebase.INTERNAL.registerService.Reference (http://localhost:4200/assets/vendor.js:85805:235)	    at Object.a.(anonymous function) [as database] (http://localhost:4200/assets/vendor.js:84825:4066)	    at e.value (http://localhost:4200/assets/vendor.js:84825:6484)	    at Object.create (http://localhost:4200/assets/vendor.js:124663:18)	    at instantiate (http://localhost:4200/assets/vendor.js:21220:23)	    at lookup (http://localhost:4200/assets/vendor.js:21045:17)	    at Container.lookup (http://localhost:4200/assets/vendor.js:20964:14)	    at Class.lookup (http://localhost:4200/assets/vendor.js:52226:33)
2022-05-25 11:35:05 ERROR    http://localhost:4200/ -> JSHandle@error
2022-05-25 11:35:05 ERROR    http://localhost:4200/ -> Error: FIREBASE FATAL ERROR: Cannot parse Firebase url. Please use https://<YOUR FIREBASE>.firebaseio.com 	    at Vb (http://localhost:4200/assets/vendor.js:85597:278)	    at Wb (http://localhost:4200/assets/vendor.js:85599:21)	    at firebase.INTERNAL.registerService.Reference (http://localhost:4200/assets/vendor.js:85805:235)	    at Object.a.(anonymous function) [as database] (http://localhost:4200/assets/vendor.js:84825:4066)	    at e.value (http://localhost:4200/assets/vendor.js:84825:6484)	    at Object.create (http://localhost:4200/assets/vendor.js:124663:18)	    at instantiate (http://localhost:4200/assets/vendor.js:21220:23)	    at lookup (http://localhost:4200/assets/vendor.js:21045:17)	    at Container.lookup (http://localhost:4200/assets/vendor.js:20964:14)	    at Class.lookup (http://localhost:4200/assets/vendor.js:52226:33)
2022-05-25 11:35:05 ERROR    http://localhost:4200/ -> net::ERR_ABORTED
2022-05-25 11:35:05 ERROR    http://localhost:4200/-N2tau_R-AuPGM1v4_n9 -> net::ERR_CONNECTION_REFUSED
2022-05-25 11:35:05 ERROR    http://localhost:4200/-N2tau_R-AuPGM1v4_n9 -> Failed to load resource: net::ERR_CONNECTION_REFUSED
2022-05-25 11:35:05 ERROR    http://localhost:4200/-N2tau_R-AuPGM1v4_n9 -> JSHandle@error
2022-05-25 11:35:05 ERROR    http://localhost:4200/-N2tau_R-AuPGM1v4_n9 -> Error: FIREBASE FATAL ERROR: Cannot parse Firebase url. Please use https://<YOUR FIREBASE>.firebaseio.com 	    at Vb (http://localhost:4200/assets/vendor.js:85597:278)	    at Wb (http://localhost:4200/assets/vendor.js:85599:21)	    at firebase.INTERNAL.registerService.Reference (http://localhost:4200/assets/vendor.js:85805:235)	    at Object.a.(anonymous function) [as database] (http://localhost:4200/assets/vendor.js:84825:4066)	    at e.value (http://localhost:4200/assets/vendor.js:84825:6484)	    at Object.create (http://localhost:4200/assets/vendor.js:124663:18)	    at instantiate (http://localhost:4200/assets/vendor.js:21220:23)	    at lookup (http://localhost:4200/assets/vendor.js:21045:17)	    at Container.lookup (http://localhost:4200/assets/vendor.js:20964:14)	    at Class.lookup (http://localhost:4200/assets/vendor.js:52226:33)
2022-05-25 11:35:05 ERROR    http://localhost:4200/-N2tau_R-AuPGM1v4_n9 -> status code(400) -> 
2022-05-25 11:35:05 ERROR    http://localhost:4200/-N2tau_R-AuPGM1v4_n9 -> Access to XMLHttpRequest at 'https://geoip.nekudo.com/api' from origin 'http://localhost:4200' has been blocked by CORS policy: No 'Access-Control-Allow-Origin' header is present on the requested resource.
2022-05-25 11:35:05 ERROR    http://localhost:4200/-N2tau_R-AuPGM1v4_n9 -> JSHandle@object
~2022-05-25 11:35:05 ERROR    http://localhost:4200/-N2tany8jv7w0c9Gf-ll -> net::ERR_CONNECTION_REFUSED
~2022-05-25 11:35:05 ERROR    http://localhost:4200/-N2tany8jv7w0c9Gf-ll -> Failed to load resource: net::ERR_CONNECTION_REFUSED
~2022-05-25 11:35:05 ERROR    http://localhost:4200/-N2tany8jv7w0c9Gf-ll -> JSHandle@error
~2022-05-25 11:35:05 ERROR    http://localhost:4200/-N2tany8jv7w0c9Gf-ll -> Error: FIREBASE FATAL ERROR: Cannot parse Firebase url. Please use https://<YOUR FIREBASE>.firebaseio.com 	    at Vb (http://localhost:4200/assets/vendor.js:85597:278)	    at Wb (http://localhost:4200/assets/vendor.js:85599:21)	    at firebase.INTERNAL.registerService.Reference (http://localhost:4200/assets/vendor.js:85805:235)	    at Object.a.(anonymous function) [as database] (http://localhost:4200/assets/vendor.js:84825:4066)	    at e.value (http://localhost:4200/assets/vendor.js:84825:6484)	    at Object.create (http://localhost:4200/assets/vendor.js:124663:18)	    at instantiate (http://localhost:4200/assets/vendor.js:21220:23)	    at lookup (http://localhost:4200/assets/vendor.js:21045:17)	    at Container.lookup (http://localhost:4200/assets/vendor.js:20964:14)	    at Class.lookup (http://localhost:4200/assets/vendor.js:52226:33)
~2022-05-25 11:35:05 ERROR    http://localhost:4200/-N2tcKYNCqQgbXsVobHt -> net::ERR_CONNECTION_REFUSED
~2022-05-25 11:35:05 ERROR    http://localhost:4200/-N2tcKYNCqQgbXsVobHt -> Failed to load resource: net::ERR_CONNECTION_REFUSED
~2022-05-25 11:35:05 ERROR    http://localhost:4200/-N2tcKYNCqQgbXsVobHt -> JSHandle@error
~2022-05-25 11:35:05 ERROR    http://localhost:4200/-N2tcKYNCqQgbXsVobHt -> Error: FIREBASE FATAL ERROR: Cannot parse Firebase url. Please use https://<YOUR FIREBASE>.firebaseio.com 	    at Vb (http://localhost:4200/assets/vendor.js:85597:278)	    at Wb (http://localhost:4200/assets/vendor.js:85599:21)	    at firebase.INTERNAL.registerService.Reference (http://localhost:4200/assets/vendor.js:85805:235)	    at Object.a.(anonymous function) [as database] (http://localhost:4200/assets/vendor.js:84825:4066)	    at e.value (http://localhost:4200/assets/vendor.js:84825:6484)	    at Object.create (http://localhost:4200/assets/vendor.js:124663:18)	    at instantiate (http://localhost:4200/assets/vendor.js:21220:23)	    at lookup (http://localhost:4200/assets/vendor.js:21045:17)	    at Container.lookup (http://localhost:4200/assets/vendor.js:20964:14)	    at Class.lookup (http://localhost:4200/assets/vendor.js:52226:33)
~2022-05-25 11:35:05 ERROR    http://localhost:4200/-N2tcsy7wdBNCULOnCV- -> net::ERR_CONNECTION_REFUSED
~2022-05-25 11:35:05 ERROR    http://localhost:4200/-N2tcsy7wdBNCULOnCV- -> Failed to load resource: net::ERR_CONNECTION_REFUSED
~2022-05-25 11:35:05 ERROR    http://localhost:4200/-N2tcsy7wdBNCULOnCV- -> JSHandle@error
~2022-05-25 11:35:05 ERROR    http://localhost:4200/-N2tcsy7wdBNCULOnCV- -> Error: FIREBASE FATAL ERROR: Cannot parse Firebase url. Please use https://<YOUR FIREBASE>.firebaseio.com 	    at Vb (http://localhost:4200/assets/vendor.js:85597:278)	    at Wb (http://localhost:4200/assets/vendor.js:85599:21)	    at firebase.INTERNAL.registerService.Reference (http://localhost:4200/assets/vendor.js:85805:235)	    at Object.a.(anonymous function) [as database] (http://localhost:4200/assets/vendor.js:84825:4066)	    at e.value (http://localhost:4200/assets/vendor.js:84825:6484)	    at Object.create (http://localhost:4200/assets/vendor.js:124663:18)	    at instantiate (http://localhost:4200/assets/vendor.js:21220:23)	    at lookup (http://localhost:4200/assets/vendor.js:21045:17)	    at Container.lookup (http://localhost:4200/assets/vendor.js:20964:14)	    at Class.lookup (http://localhost:4200/assets/vendor.js:52226:33)
~2022-05-25 11:35:05 ERROR    http://localhost:4200/-N2tePkqUxaFE11qaoVB -> net::ERR_CONNECTION_REFUSED
~2022-05-25 11:35:05 ERROR    http://localhost:4200/-N2tePkqUxaFE11qaoVB -> Failed to load resource: net::ERR_CONNECTION_REFUSED
~2022-05-25 11:35:05 ERROR    http://localhost:4200/-N2tePkqUxaFE11qaoVB -> JSHandle@error
~2022-05-25 11:35:05 ERROR    http://localhost:4200/-N2tePkqUxaFE11qaoVB -> Error: FIREBASE FATAL ERROR: Cannot parse Firebase url. Please use https://<YOUR FIREBASE>.firebaseio.com 	    at Vb (http://localhost:4200/assets/vendor.js:85597:278)	    at Wb (http://localhost:4200/assets/vendor.js:85599:21)	    at firebase.INTERNAL.registerService.Reference (http://localhost:4200/assets/vendor.js:85805:235)	    at Object.a.(anonymous function) [as database] (http://localhost:4200/assets/vendor.js:84825:4066)	    at e.value (http://localhost:4200/assets/vendor.js:84825:6484)	    at Object.create (http://localhost:4200/assets/vendor.js:124663:18)	    at instantiate (http://localhost:4200/assets/vendor.js:21220:23)	    at lookup (http://localhost:4200/assets/vendor.js:21045:17)	    at Container.lookup (http://localhost:4200/assets/vendor.js:20964:14)	    at Class.lookup (http://localhost:4200/assets/vendor.js:52226:33)
~2022-05-25 11:35:05 ERROR    http://localhost:4200/-N2tePkqUxaFE11qaoVB#about -> JSHandle@error
~2022-05-25 11:35:05 ERROR    http://localhost:4200/-N2tePkqUxaFE11qaoVB#about -> Error: FIREBASE FATAL ERROR: Cannot parse Firebase url. Please use https://<YOUR FIREBASE>.firebaseio.com 	    at Vb (http://localhost:4200/assets/vendor.js:85597:278)	    at Wb (http://localhost:4200/assets/vendor.js:85599:21)	    at firebase.INTERNAL.registerService.Reference (http://localhost:4200/assets/vendor.js:85805:235)	    at Object.a.(anonymous function) [as database] (http://localhost:4200/assets/vendor.js:84825:4066)	    at e.value (http://localhost:4200/assets/vendor.js:84825:6484)	    at Object.create (http://localhost:4200/assets/vendor.js:124663:18)	    at instantiate (http://localhost:4200/assets/vendor.js:21220:23)	    at lookup (http://localhost:4200/assets/vendor.js:21045:17)	    at Container.lookup (http://localhost:4200/assets/vendor.js:20964:14)	    at Class.lookup (http://localhost:4200/assets/vendor.js:52226:33)
~2022-05-25 11:35:05 ERROR    http://localhost:4200/-N2tePkqUxaFE11qaoVB -> status code(400) -> 
~2022-05-25 11:35:05 ERROR    http://localhost:4200/-N2tePkqUxaFE11qaoVB -> Access to XMLHttpRequest at 'https://geoip.nekudo.com/api' from origin 'http://localhost:4200' has been blocked by CORS policy: No 'Access-Control-Allow-Origin' header is present on the requested resource.
~2022-05-25 11:35:05 ERROR    http://localhost:4200/-N2tePkqUxaFE11qaoVB -> JSHandle@object
